osmid,y,x,street_count,highway,ref,geometry,lat_index,lon_index,grid_index,lat_center,lon_center,distance_to_center
520380951,51.2955467,-0.1076669,1,,,POINT (-0.1076669 51.2955467),0,48,48,51.294380590500005,-0.10998637300000003,0.20693761163402014
773980108,51.292481,0.0560804,3,,,POINT (0.0560804 51.292481),0,68,68,51.294380590500005,0.05489726699999992,0.2266801701034789
199068716,51.2936737,0.069958,3,,,POINT (0.069958 51.2936737),0,70,70,51.294380590500005,0.071385631,0.1266189718667556
199823842,51.2938005,0.0799841,3,,,POINT (0.0799841 51.2938005),0,71,71,51.294380590500005,0.079629813,0.06904718523567209
412449199,51.2958547,0.0873334,1,,,POINT (0.0873334 51.2958547),0,72,72,51.294380590500005,0.08787399499999998,0.16816809799600957
206349892,51.2990637,-0.1268317,1,turning_circle,,POINT (-0.1268317 51.2990637),1,46,146,51.2983123715,-0.126474737,0.08715231548268332
1710819318,51.2986858,-0.1174869,1,,,POINT (-0.1174869 51.2986858),1,47,147,51.2983123715,-0.11823055500000001,0.06631314096711109
130216147,51.2977695,-0.1115329,4,,,POINT (-0.1115329 51.2977695),1,48,148,51.2983123715,-0.10998637300000003,0.12331064002832305
1118016748,51.2989868,-0.1016144,1,,,POINT (-0.1016144 51.2989868),1,49,149,51.2983123715,-0.10174219100000004,0.07551750445802094
102961695,51.2994526,-0.0944001,3,,,POINT (-0.0944001 51.2994526),1,50,150,51.2983123715,-0.09349800900000005,0.1414520794726784
199870043,51.3001648,0.0764774,1,,,POINT (0.0764774 51.3001648),1,71,171,51.2983123715,0.079629813,0.3007725587389475
199060213,51.2992485,0.0875695,3,,,POINT (0.0875695 51.2992485),1,72,172,51.2983123715,0.08787399499999998,0.1062237097624299
1684855761,51.3026385,-0.149626,3,,,POINT (-0.149626 51.3026385),2,43,243,51.3022441525,-0.15120728300000003,0.1183536755311997
206347505,51.3030348,-0.132001,1,turning_circle,,POINT (-0.132001 51.3030348),2,45,245,51.3022441525,-0.13471891900000005,0.20840112741882733
1920522915,51.3019183,-0.1236048,1,,,POINT (-0.1236048 51.3019183),2,46,246,51.3022441525,-0.126474737,0.20278322397928955
102989184,51.3020523,-0.1182304,3,,,POINT (-0.1182304 51.3020523),2,47,247,51.3022441525,-0.11823055500000001,0.021333027385813993
206348906,51.3027487,-0.1104255,3,,,POINT (-0.1104255 51.3027487),2,48,248,51.3022441525,-0.10998637300000003,0.06387117171807051
130217107,51.3019288,-0.1039757,3,,,POINT (-0.1039757 51.3019288),2,49,249,51.3022441525,-0.10174219100000004,0.1591851807277183
94960510,51.3023252,0.0175048,1,,,POINT (0.0175048 51.3023252),2,63,263,51.3022441525,0.013676356999999978,0.26630723258017525
94960632,51.3027635,0.0197558,1,,,POINT (0.0197558 51.3027635),2,64,264,51.3022441525,0.021920538999999968,0.16119235829070372
1589700208,51.3039275,0.0448942,1,,,POINT (0.0448942 51.3039275),2,67,267,51.3022441525,0.046653084999999934,0.22357929694183654
199060217,51.300457,0.0860255,3,,,POINT (0.0860255 51.300457),2,72,272,51.3022441525,0.08787399499999998,0.23665488085348058
2171154529,51.3062389,-0.1504935,1,,,POINT (-0.1504935 51.3062389),3,43,343,51.30617593350001,-0.15120728300000003,0.050109758513550276
206346721,51.3060091,-0.1442687,3,,,POINT (-0.1442687 51.3060091),3,44,344,51.30617593350001,-0.14296310100000004,0.09263469394679766
206350225,51.3057915,-0.1244087,3,,,POINT (-0.1244087 51.3057915),3,46,346,51.30617593350001,-0.126474737,0.14984667831631246
8295652572,51.3064686,-0.1185215,1,,,POINT (-0.1185215 51.3064686),3,47,347,51.30617593350001,-0.11823055500000001,0.03831569014954386
206348499,51.3061272,-0.1103867,3,,,POINT (-0.1103867 51.3061272),3,48,348,51.30617593350001,-0.10998637300000003,0.028351220152957386
102961650,51.3076605,-0.0997752,3,mini_roundabout,,POINT (-0.0997752 51.3076605),3,49,349,51.30617593350001,-0.10174219100000004,0.2143498066957668
94959958,51.3065306,0.0212355,3,,,POINT (0.0212355 51.3065306),3,64,364,51.30617593350001,0.021920538999999968,0.06182995882899305
206291075,51.3063799,0.0301,1,,,POINT (0.0301 51.3063799),3,65,365,51.30617593350001,0.030164720999999957,0.023121970764630323
206289774,51.3055241,0.0411734,3,,,POINT (0.0411734 51.3055241),3,66,366,51.30617593350001,0.038408902999999946,0.2053880020228465
206290007,51.3061725,0.0470014,1,,,POINT (0.0470014 51.3061725),3,67,367,51.30617593350001,0.046653084999999934,0.024215938762980952
199068743,51.3046513,0.0656724,3,,,POINT (0.0656724 51.3046513),3,69,369,51.30617593350001,0.0631414489999999,0.24432771022220373
4151329222,51.3116002,-0.1505488,3,,,POINT (-0.1505488 51.3116002),4,43,443,51.310107714500006,-0.15120728300000003,0.17215256217169664
7631973051,51.3106163,-0.1441824,1,,,POINT (-0.1441824 51.3106163),4,44,444,51.310107714500006,-0.14296310100000004,0.10188672623509756
206347512,51.3096837,-0.1332934,3,,,POINT (-0.1332934 51.3096837),4,45,445,51.310107714500006,-0.13471891900000005,0.10973159540102698
206350468,51.310897,-0.1265618,1,,,POINT (-0.1265618 51.310897),4,46,446,51.310107714500006,-0.126474737,0.08797293057576003
293922593,51.3097708,-0.1170472,3,,,POINT (-0.1170472 51.3097708),4,47,447,51.310107714500006,-0.11823055500000001,0.09038326171118784
683397896,51.3086562,-0.112327,1,,,POINT (-0.112327 51.3086562),4,48,448,51.310107714500006,-0.10998637300000003,0.22917308380144033
260447211,51.3108943,-0.102725,3,,,POINT (-0.102725 51.3108943),4,49,449,51.310107714500006,-0.10174219100000004,0.11098050289949637
520316070,51.3095473,-0.0961691,1,,,POINT (-0.0961691 51.3095473),4,50,450,51.310107714500006,-0.09349800900000005,0.19584319829578853
5294256942,51.3104877,-0.0831399,3,,,POINT (-0.0831399 51.3104877),4,51,451,51.310107714500006,-0.085253827,0.1528896643783595
1913769223,51.3088706,0.0213969,1,,,POINT (0.0213969 51.3088706),4,64,464,51.310107714500006,0.021920538999999968,0.14229473919958455
206287555,51.3104882,0.029359,1,,,POINT (0.029359 51.3104882),4,65,465,51.310107714500006,0.030164720999999957,0.07018863963396926
94942794,51.3105191,0.0384355,3,,,POINT (0.0384355 51.3105191),4,66,466,51.310107714500006,0.038408902999999946,0.04578132236645544
94943491,51.3118769,0.0428181,1,,,POINT (0.0428181 51.3118769),4,67,467,51.310107714500006,0.046653084999999934,0.3312916659624058
10848265494,51.3108447,0.0627765,3,,,POINT (0.0627765 51.3108447),4,69,469,51.310107714500006,0.0631414489999999,0.0857853359455309
206352692,51.3146934,-0.1579738,1,,,POINT (-0.1579738 51.3146934),5,42,542,51.314039495500005,-0.15945146500000001,0.12583446622451214
4151329194,51.313502,-0.1513478,3,,,POINT (-0.1513478 51.313502),5,43,543,51.314039495500005,-0.15120728300000003,0.06055946366220236
4151450234,51.3146898,-0.1427378,3,,,POINT (-0.1427378 51.3146898),5,44,544,51.314039495500005,-0.14296310100000004,0.0739866058179423
128560226,51.3137642,-0.1349142,3,,,POINT (-0.1349142 51.3137642),5,45,545,51.314039495500005,-0.13471891900000005,0.03348546316936327
206350644,51.3139868,-0.1266853,1,,,POINT (-0.1266853 51.3139868),5,46,546,51.314039495500005,-0.126474737,0.01576410679840669
260447075,51.314736,-0.1095788,3,,,POINT (-0.1095788 51.314736),5,48,548,51.314039495500005,-0.10998637300000003,0.0824656520495582
1510823775,51.3155049,-0.1025448,1,,,POINT (-0.1025448 51.3155049),5,49,549,51.314039495500005,-0.10174219100000004,0.1722293113787049
683098927,51.3134014,-0.0948787,1,,,POINT (-0.0948787 51.3134014),5,50,550,51.314039495500005,-0.09349800900000005,0.11934433641959094
260446066,51.3150113,-0.0867493,4,,,POINT (-0.0867493 51.3150113),5,51,551,51.314039495500005,-0.085253827,0.14993341683929487
94957959,51.3136596,0.0228007,3,,,POINT (0.0228007 51.3136596),5,64,564,51.314039495500005,0.021920538999999968,0.07434140329791528
2364261208,51.3141646,0.0292087,1,,,POINT (0.0292087 51.3141646),5,65,565,51.314039495500005,0.030164720999999957,0.06788637663608847
7712558581,51.3127656,0.0388849,1,,,POINT (0.0388849 51.3127656),5,66,566,51.314039495500005,0.038408902999999946,0.14546285095552125
199842111,51.3149847,0.0427742,1,,,POINT (0.0427742 51.3149847),5,67,567,51.314039495500005,0.046653084999999934,0.2893526785495657
199068758,51.3157417,0.058677,3,,,POINT (0.058677 51.3157417),5,68,568,51.314039495500005,0.05489726699999992,0.3237821540339285
199060396,51.3159079,0.0748399,3,,,POINT (0.0748399 51.3159079),5,70,570,51.314039495500005,0.071385631,0.3174890643811041
25307725,51.3182998,-0.1602205,3,,,POINT (-0.1602205 51.3182998),6,42,642,51.3179712765,-0.15945146500000001,0.06473663729251639
206352812,51.318454,-0.1509533,3,,,POINT (-0.1509533 51.318454),6,43,643,51.3179712765,-0.15120728300000003,0.05650406353311964
4151439897,51.3177026,-0.1412348,1,,,POINT (-0.1412348 51.3177026),6,44,644,51.3179712765,-0.14296310100000004,0.12377110262493075
206339461,51.3176192,-0.1335055,1,,,POINT (-0.1335055 51.3176192),6,45,645,51.3179712765,-0.13471891900000005,0.09297311952154269
206339693,51.3184021,-0.1263797,3,,,POINT (-0.1263797 51.3184021),6,46,646,51.3179712765,-0.126474737,0.04835854036972598
260450619,51.3182334,-0.1160445,3,,,POINT (-0.1160445 51.3182334),6,47,647,51.3179712765,-0.11823055500000001,0.15469361054238873
260447428,51.317268,-0.1107805,1,,,POINT (-0.1107805 51.317268),6,48,648,51.3179712765,-0.10998637300000003,0.09571440431272818
260447934,51.3181463,-0.0994073,1,,,POINT (-0.0994073 51.3181463),6,49,649,51.3179712765,-0.10174219100000004,0.16342957018992513
10276905362,51.3195648,-0.0938739,1,,,POINT (-0.0938739 51.3195648),6,50,650,51.3179712765,-0.09349800900000005,0.17910696125256856
260446086,51.3174727,-0.0853787,1,,,POINT (-0.0853787 51.3174727),6,51,651,51.3179712765,-0.085253827,0.056114304621256834
96175454,51.3195624,-0.0681161,3,,,POINT (-0.0681161 51.3195624),6,53,653,51.3179712765,-0.06876546300000003,0.1825894807101752
1717960730,51.318725,-0.0641011,3,,,POINT (-0.0641011 51.318725),6,54,654,51.3179712765,-0.06052128100000003,0.2625208897888659
94949261,51.3174953,0.025058,3,,,POINT (0.025058 51.3174953),6,64,664,51.3179712765,0.021920538999999968,0.2243754700852365
7327841979,51.3170401,0.0299935,1,,,POINT (0.0299935 51.3170401),6,65,665,51.3179712765,0.030164720999999957,0.10422361844891216
94945898,51.317062,0.0363523,3,,,POINT (0.0363523 51.317062),6,66,666,51.3179712765,0.038408902999999946,0.17507459449314416
199068761,51.3164332,0.061303,3,,,POINT (0.061303 51.3164332),6,69,669,51.3179712765,0.0631414489999999,0.21348226560633138
12630879,51.31862,0.072823,3,,,POINT (0.072823 51.31862),6,70,670,51.3179712765,0.071385631,0.1232142151776005
206343153,51.3222603,-0.1563265,3,,,POINT (-0.1563265 51.3222603),7,42,742,51.3219030575,-0.15945146500000001,0.22075831065475574
206342901,51.3216833,-0.1523515,3,,,POINT (-0.1523515 51.3216833),7,43,743,51.3219030575,-0.15120728300000003,0.08318269178748973
3729873670,51.3211958,-0.1433302,3,,,POINT (-0.1433302 51.3211958),7,44,744,51.3219030575,-0.14296310100000004,0.08267743780728093
2245388186,51.3217471,-0.1344412,3,,,POINT (-0.1344412 51.3217471),7,45,745,51.3219030575,-0.13471891900000005,0.025945742723159963
130899227,51.3217157,-0.127964,3,,,POINT (-0.127964 51.3217157),7,46,746,51.3219030575,-0.126474737,0.10556614236956119
260450412,51.3228093,-0.1185374,3,,,POINT (-0.1185374 51.3228093),7,47,747,51.3219030575,-0.11823055500000001,0.10300078141713562
130877593,51.3213573,-0.1103961,3,,,POINT (-0.1103961 51.3213573),7,48,748,51.3219030575,-0.10998637300000003,0.06703283395925644
260446990,51.3221569,-0.1035253,3,,,POINT (-0.1035253 51.3221569),7,49,749,51.3219030575,-0.10174219100000004,0.1270832573118055
260446203,51.3215375,-0.0934508,1,,,POINT (-0.0934508 51.3215375),7,50,750,51.3219030575,-0.09349800900000005,0.04078030834436048
96174805,51.3220099,-0.0682517,3,,,POINT (-0.0682517 51.3220099),7,53,753,51.3219030575,-0.06876546300000003,0.037626481319591454
96743502,51.3211897,-0.0624191,1,,,POINT (-0.0624191 51.3211897),7,54,754,51.3219030575,-0.06052128100000003,0.15389838131930011
94952325,51.320038,0.0237792,3,,,POINT (0.0237792 51.320038),7,64,764,51.3219030575,0.021920538999999968,0.244318177502393
412449236,51.3210084,0.0312666,3,,,POINT (0.0312666 51.3210084),7,65,765,51.3219030575,0.030164720999999957,0.12553750157048943
6508605726,51.3222511,0.0538401,1,,,POINT (0.0538401 51.3222511),7,68,768,51.3219030575,0.05489726699999992,0.08303333424426175
199840089,51.320863,0.0703357,3,,,POINT (0.0703357 51.320863),7,70,770,51.3219030575,0.071385631,0.1367408295605837
61325803,51.3260627,-0.1603548,3,,,POINT (-0.1603548 51.3260627),8,42,842,51.32583483850001,-0.15945146500000001,0.0676887014578246
521937254,51.3265352,-0.1533109,3,,,POINT (-0.1533109 51.3265352),8,43,843,51.32583483850001,-0.15120728300000003,0.16561963690484907
206342767,51.3258849,-0.143918,1,,,POINT (-0.143918 51.3258849),8,44,844,51.32583483850001,-0.14296310100000004,0.0665839087551822
206343454,51.325766,-0.1342902,3,,,POINT (-0.1342902 51.325766),8,45,845,51.32583483850001,-0.13471891900000005,0.03075712847919373
206342256,51.3267432,-0.128021,1,,,POINT (-0.128021 51.3267432),8,46,846,51.32583483850001,-0.126474737,0.14746360008796552
260450130,51.3266592,-0.1188954,3,,,POINT (-0.1188954 51.3266592),8,47,847,51.32583483850001,-0.11823055500000001,0.10264755434666449
2202279348,51.32594,-0.1101446,1,,,POINT (-0.1101446 51.32594),8,48,848,51.32583483850001,-0.10998637300000003,0.01605028616408863
2202279325,51.3258093,-0.1016303,3,,,POINT (-0.1016303 51.3258093),8,49,849,51.32583483850001,-0.10174219100000004,0.00827709700842819
121863421,51.3263284,-0.0936756,3,,,POINT (-0.0936756 51.3263284),8,50,850,51.32583483850001,-0.09349800900000005,0.056251695009148776
121857671,51.3253943,-0.0892765,1,,,POINT (-0.0892765 51.3253943),8,51,851,51.32583483850001,-0.085253827,0.2837754226496916
1671408744,51.3277221,-0.0782403,1,turning_circle,,POINT (-0.0782403 51.3277221),8,52,852,51.32583483850001,-0.07700964500000002,0.22660671783704725
96173928,51.3258074,-0.069213,3,,,POINT (-0.069213 51.3258074),8,53,853,51.32583483850001,-0.06876546300000003,0.031246286486146295
94951793,51.3257395,0.0231722,3,,,POINT (0.0231722 51.3257395),8,64,864,51.32583483850001,0.021920538999999968,0.08761506680267392
12630876,51.3256948,0.0725169,3,,,POINT (0.0725169 51.3256948),8,70,870,51.32583483850001,0.071385631,0.08013347432356138
199063790,51.3275435,0.0828043,1,,,POINT (0.0828043 51.3275435),8,71,871,51.32583483850001,0.079629813,0.2911199659630072
1679013463,51.3307659,-0.2147598,3,,,POINT (-0.2147598 51.3307659),9,35,935,51.329766619500006,-0.217160739,0.20043174472363268
61325824,51.3283337,-0.1557359,1,,,POINT (-0.1557359 51.3283337),9,42,942,51.329766619500006,-0.15945146500000001,0.30336779670218095
2698034748,51.3283983,-0.1500303,1,,,POINT (-0.1500303 51.3283983),9,43,943,51.329766619500006,-0.15120728300000003,0.17273411206314235
2698035130,51.3314659,-0.1398351,1,,,POINT (-0.1398351 51.3314659),9,44,944,51.329766619500006,-0.14296310100000004,0.2879808687074412
104064649,51.3297008,-0.1353944,3,,,POINT (-0.1353944 51.3297008),9,45,945,51.329766619500006,-0.13471891900000005,0.047498827759422525
6057643909,51.3291852,-0.1267868,3,,,POINT (-0.1267868 51.3291852),9,46,946,51.329766619500006,-0.126474737,0.06818975273678195
1724707522,51.330291,-0.1182423,3,,,POINT (-0.1182423 51.330291),9,47,947,51.329766619500006,-0.11823055500000001,0.058314161044098915
260448855,51.3296315,-0.1096592,3,,,POINT (-0.1096592 51.3296315),9,48,948,51.329766619500006,-0.10998637300000003,0.027248193619996176
1927353753,51.3294586,-0.1009872,1,,,POINT (-0.1009872 51.3294586),9,49,949,51.329766619500006,-0.10174219100000004,0.06264747963341352
252338967,51.3301343,-0.0939079,3,,,POINT (-0.0939079 51.3301343),9,50,950,51.329766619500006,-0.09349800900000005,0.04982517663676044
1997181514,51.3310198,-0.0858421,3,,,POINT (-0.0858421 51.3310198),9,51,951,51.329766619500006,-0.085253827,0.1452177181417788
1545380194,51.329869,-0.0774192,3,,,POINT (-0.0774192 51.329869),9,52,952,51.329766619500006,-0.07700964500000002,0.03064808833290352
96738049,51.3302854,-0.0680407,1,,,POINT (-0.0680407 51.3302854),9,53,953,51.329766619500006,-0.06876546300000003,0.07657222086389731
90357618,51.3305921,-0.0586998,1,,,POINT (-0.0586998 51.3305921),9,54,954,51.329766619500006,-0.06052128100000003,0.15633596299892494
2007317614,51.3303725,-0.0519327,1,,,POINT (-0.0519327 51.3303725),9,55,955,51.329766619500006,-0.05227709900000004,0.0714939898241633
94949624,51.3284928,0.0157792,3,,,POINT (0.0157792 51.3284928),9,63,963,51.329766619500006,0.013676356999999978,0.20349241465032475
986433940,51.3301354,0.0212326,3,,,POINT (0.0212326 51.3301354),9,64,964,51.329766619500006,0.021920538999999968,0.06297682900640351
986433935,51.3311349,0.0271616,3,,,POINT (0.0271616 51.3311349),9,65,965,51.329766619500006,0.030164720999999957,0.25823077491371305
5754477208,51.328063,0.0714705,1,,,POINT (0.0714705 51.328063),9,70,970,51.329766619500006,0.071385631,0.1895255993652031
1679013446,51.3356593,-0.2270857,3,,,POINT (-0.2270857 51.3356593),10,34,1034,51.333698400500005,-0.22540492100000004,0.24733906421212098
249511548,51.3340181,-0.219327,3,,,POINT (-0.219327 51.3340181),10,35,1035,51.333698400500005,-0.217160739,0.15463717538268892
531116,51.3347761,-0.1675216,3,mini_roundabout,,POINT (-0.1675216 51.3347761),10,41,1041,51.333698400500005,-0.167695647,0.12044318541254065
360391523,51.3340964,-0.1421258,3,,,POINT (-0.1421258 51.3340964),10,44,1044,51.333698400500005,-0.14296310100000004,0.07309053164442914
167229429,51.3338345,-0.1337095,3,,,POINT (-0.1337095 51.3338345),10,45,1045,51.333698400500005,-0.13471891900000005,0.07174136847326494
206343776,51.3338008,-0.126991,3,,,POINT (-0.126991 51.3338008),10,46,1046,51.333698400500005,-0.126474737,0.03763018036827342
130889098,51.3332564,-0.1175338,3,,,POINT (-0.1175338 51.3332564),10,47,1047,51.333698400500005,-0.11823055500000001,0.0689830499455024
21377886,51.3331008,-0.1091088,3,,,POINT (-0.1091088 51.3331008),10,48,1048,51.333698400500005,-0.10998637300000003,0.09018146232942285
1796418666,51.3333067,-0.1011575,3,,,POINT (-0.1011575 51.3333067),10,49,1049,51.333698400500005,-0.10174219100000004,0.05955714799163384
128609648,51.3322842,-0.094169,1,turning_circle,,POINT (-0.094169 51.3322842),10,50,1050,51.333698400500005,-0.09349800900000005,0.16401599766214847
121725309,51.3339046,-0.0861082,3,,,POINT (-0.0861082 51.3339046),10,51,1051,51.333698400500005,-0.085253827,0.06363007204217697
96735120,51.3332082,-0.0764252,3,,,POINT (-0.0764252 51.3332082),10,52,1052,51.333698400500005,-0.07700964500000002,0.06796854432596824
96737221,51.3330205,-0.0711564,1,,,POINT (-0.0711564 51.3330205),10,53,1053,51.333698400500005,-0.06876546300000003,0.18240966121135146
5333087459,51.3323455,-0.0585061,1,,,POINT (-0.0585061 51.3323455),10,54,1054,51.333698400500005,-0.06052128100000003,0.20550309420171523
87332006,51.3336967,-0.0526042,3,,,POINT (-0.0526042 51.3336967),10,55,1055,51.333698400500005,-0.05227709900000004,0.02272539630678936
25095532,51.3344136,-0.0106156,3,,,POINT (-0.0106156 51.3344136),10,60,1060,51.333698400500005,-0.011056189000000044,0.08521364510330683
30160120,51.3343285,-0.0031256,3,,,POINT (-0.0031256 51.3343285),10,61,1061,51.333698400500005,-0.002812007,0.07337285796479363
20473954,51.3321743,0.003327,4,,,POINT (0.003327 51.3321743),10,62,1062,51.333698400500005,0.005432174999999989,0.22385551723191224
986433937,51.3322805,0.0232818,3,,,POINT (0.0232818 51.3322805),10,64,1064,51.333698400500005,0.021920538999999968,0.18385210517123804
454200840,51.3352225,0.0292741,3,,,POINT (0.0292741 51.3352225),10,65,1065,51.333698400500005,0.030164720999999957,0.18041356836649547
199858462,51.3332622,0.0408852,1,,,POINT (0.0408852 51.3332622),10,66,1066,51.333698400500005,0.038408902999999946,0.17874270755538213
199860988,51.3355791,0.0545475,3,,,POINT (0.0545475 51.3355791),10,68,1068,51.333698400500005,0.05489726699999992,0.21053118466124313
453666309,51.3341203,0.0723862,1,,,POINT (0.0723862 51.3341203),10,70,1070,51.333698400500005,0.071385631,0.08386150142817769
199063784,51.3355888,0.080498,3,,,POINT (0.080498 51.3355888),10,71,1071,51.333698400500005,0.079629813,0.2186847557201114
199798764,51.334141,0.1056121,3,,,POINT (0.1056121 51.334141),10,74,1074,51.333698400500005,0.10436235899999996,0.09980105903073964
81192598,51.3324263,0.1154779,3,,,POINT (0.1154779 51.3324263),10,75,1075,51.333698400500005,0.11260654099999995,0.24454506082692776
1679013440,51.3366225,-0.2269033,3,,,POINT (-0.2269033 51.3366225),11,34,1134,51.3376301815,-0.22540492100000004,0.1529361311608311
249511538,51.3370459,-0.2207802,3,,,POINT (-0.2207802 51.3370459),11,35,1135,51.3376301815,-0.217160739,0.2596921955731368
30993201,51.337111,-0.2112895,3,,,POINT (-0.2112895 51.337111),11,36,1136,51.3376301815,-0.208916557,0.17465845943158992
26668539,51.337414,-0.1578651,3,,,POINT (-0.1578651 51.337414),11,42,1142,51.3376301815,-0.15945146500000001,0.11279127193713012
360391923,51.3377483,-0.144695,3,,,POINT (-0.144695 51.3377483),11,44,1144,51.3376301815,-0.14296310100000004,0.1210241357074048
251781894,51.337116,-0.1245998,3,,,POINT (-0.1245998 51.337116),11,46,1146,51.3376301815,-0.126474737,0.14224305895947956
7539352871,51.3371872,-0.1183092,3,,,POINT (-0.1183092 51.3371872),11,47,1147,51.3376301815,-0.11823055500000001,0.0495593399294682
21377925,51.3380565,-0.11097,1,,,POINT (-0.11097 51.3380565),11,48,1148,51.3376301815,-0.10998637300000003,0.08316278473505845
1518732472,51.3375565,-0.1023366,3,,,POINT (-0.1023366 51.3375565),11,49,1149,51.3376301815,-0.10174219100000004,0.04209669799752029
101529496,51.3382718,-0.0906796,3,,,POINT (-0.0906796 51.3382718),11,50,1150,51.3376301815,-0.09349800900000005,0.2083785872108909
101529506,51.3377904,-0.0850759,4,,,POINT (-0.0850759 51.3377904),11,51,1151,51.3376301815,-0.085253827,0.021683197056046034
82633472,51.3368524,-0.0760207,3,,,POINT (-0.0760207 51.3368524),11,52,1152,51.3376301815,-0.07700964500000002,0.11045057044404075
87334683,51.3383154,-0.0573849,1,,,POINT (-0.0573849 51.3383154),11,54,1154,51.3376301815,-0.06052128100000003,0.2308113341845721
87335882,51.3379115,-0.0531964,1,turning_circle,,POINT (-0.0531964 51.3379115),11,55,1155,51.3376301815,-0.05227709900000004,0.07111049442288842
1541663222,51.3391778,-0.0363872,1,,,POINT (-0.0363872 51.3391778),11,57,1157,51.3376301815,-0.03578873500000001,0.17703768238136666
11107294517,51.3383297,-0.0169487,3,,,POINT (-0.0169487 51.3383297),11,59,1159,51.3376301815,-0.01930037100000003,0.18093441915548883
454088223,51.3375468,-0.0123519,1,,,POINT (-0.0123519 51.3375468),11,60,1160,51.3376301815,-0.011056189000000044,0.09048524324841074
25095522,51.3377452,-0.0018339,3,,,POINT (-0.0018339 51.3377452),11,61,1161,51.3376301815,-0.002812007,0.06913908613562966
453435273,51.3376193,0.0306205,3,,,POINT (0.0306205 51.3376193),11,65,1165,51.3376301815,0.030164720999999957,0.031684624686979385
199074553,51.3379443,0.0530934,3,,,POINT (0.0530934 51.3379443),11,68,1168,51.3376301815,0.05489726699999992,0.13008534750457426
199074584,51.3392772,0.0608353,3,,,POINT (0.0608353 51.3392772),11,69,1169,51.3376301815,0.0631414489999999,0.2433180418700673
199063788,51.3365701,0.0780347,3,,,POINT (0.0780347 51.3365701),11,71,1171,51.3376301815,0.079629813,0.16178145926929208
81191835,51.3382775,0.1133644,3,,,POINT (0.1133644 51.3382775),11,75,1175,51.3376301815,0.11260654099999995,0.08917665458026106
732115254,51.3409581,-0.3211339,1,,,POINT (-0.3211339 51.3409581),12,22,1222,51.3415619625,-0.324335105,0.2322768918083954
1651335341,51.3413184,-0.3180908,4,traffic_signals,,POINT (-0.3180908 51.3413184),12,23,1223,51.3415619625,-0.316090923,0.14152896581329544
241005851,51.34328,-0.2160021,3,,,POINT (-0.2160021 51.34328),12,35,1235,51.3415619625,-0.217160739,0.2072967687424247
33172931,51.3412497,-0.2086174,3,,,POINT (-0.2086174 51.3412497),12,36,1236,51.3415619625,-0.208916557,0.04046500287456835
5586146444,51.3414392,-0.2014572,3,,,POINT (-0.2014572 51.3414392),12,37,1237,51.3415619625,-0.20067237500000001,0.05619776031280507
246522910,51.3420896,-0.1911146,3,,,POINT (-0.1911146 51.3420896),12,38,1238,51.3415619625,-0.19242819300000003,0.10847801961688162
257017454,51.3420615,-0.1847654,3,,,POINT (-0.1847654 51.3420615),12,39,1239,51.3415619625,-0.18418401100000004,0.06867454557724552
248499289,51.3409158,-0.1433603,1,,,POINT (-0.1433603 51.3409158),12,44,1244,51.3415619625,-0.14296310100000004,0.07696510818182062
1534477177,51.3431311,-0.1359762,3,,,POINT (-0.1359762 51.3431311),12,45,1245,51.3415619625,-0.13471891900000005,0.1951150877164456
2854779162,51.3422764,-0.1230153,3,,,POINT (-0.1230153 51.3422764),12,46,1246,51.3415619625,-0.126474737,0.25308494341970744
251672404,51.3413775,-0.1177683,3,,,POINT (-0.1177683 51.3413775),12,47,1247,51.3415619625,-0.11823055500000001,0.03810093118103186
128566620,51.3418631,-0.1089241,3,,,POINT (-0.1089241 51.3418631),12,48,1248,51.3415619625,-0.10998637300000003,0.08102861586498644
1518780949,51.3411075,-0.100957,1,,,POINT (-0.100957 51.3411075),12,49,1249,51.3415619625,-0.10174219100000004,0.07435268511863555
2133159135,51.3408309,-0.0943164,1,,,POINT (-0.0943164 51.3408309),12,50,1250,51.3415619625,-0.09349800900000005,0.09919510950644936
101525888,51.3409099,-0.0863156,4,,,POINT (-0.0863156 51.3409099),12,51,1251,51.3415619625,-0.085253827,0.1034239290216541
82633980,51.3416341,-0.0773057,3,,,POINT (-0.0773057 51.3416341),12,52,1252,51.3415619625,-0.07700964500000002,0.02207325371647521
101460572,51.3417259,-0.0687288,1,turning_circle,,POINT (-0.0687288 51.3417259),12,53,1253,51.3415619625,-0.06876546300000003,0.018406044512043824
82596777,51.3409573,-0.0602096,3,,,POINT (-0.0602096 51.3409573),12,54,1254,51.3415619625,-0.06052128100000003,0.07063506055450164
87340036,51.3418954,-0.0517458,3,,,POINT (-0.0517458 51.3418954),12,55,1255,51.3415619625,-0.05227709900000004,0.05231253836666834
87341723,51.3427127,-0.0458817,3,,,POINT (-0.0458817 51.3427127),12,56,1256,51.3415619625,-0.04403291700000005,0.18128308647648156
7116607725,51.3411169,-0.0362007,1,,,POINT (-0.0362007 51.3411169),12,57,1257,51.3415619625,-0.03578873500000001,0.0571662644430608
94157737,51.3399507,-0.0235378,3,,,POINT (-0.0235378 51.3399507),12,58,1258,51.3415619625,-0.02754455300000002,0.33099902560487765
454087573,51.3418966,-0.0197367,3,,,POINT (-0.0197367 51.3418966),12,59,1259,51.3415619625,-0.01930037100000003,0.047991023838956745
465657173,51.3412276,-0.0110913,3,,,POINT (-0.0110913 51.3412276),12,60,1260,51.3415619625,-0.011056189000000044,0.0372593180621424
11070915737,51.3413178,-0.0023267,1,,,POINT (-0.0023267 51.3413178),12,61,1261,51.3415619625,-0.002812007,0.04328350044725885
199074557,51.3415772,0.0563007,3,,,POINT (0.0563007 51.3415772),12,68,1268,51.3415619625,0.05489726699999992,0.09749834696518662
6495621190,51.3434657,0.0844535,1,,,POINT (0.0844535 51.3434657),12,72,1272,51.3415619625,0.08787399499999998,0.3182103516082671
5875425630,51.3409533,0.1126778,1,,,POINT (0.1126778 51.3409533),12,75,1275,51.3415619625,0.11260654099999995,0.06786093867354812
26635806,51.3464976,-0.2170966,3,,,POINT (-0.2170966 51.3464976),13,35,1335,51.34549374350001,-0.217160739,0.11171260470474734
33172932,51.3448316,-0.2084777,4,,,POINT (-0.2084777 51.3448316),13,36,1336,51.34549374350001,-0.208916557,0.07968704487162181
4948041641,51.3457636,-0.2004559,1,,,POINT (-0.2004559 51.3457636),13,37,1337,51.34549374350001,-0.20067237500000001,0.03356274369840996
251607291,51.3448447,-0.1916527,1,,,POINT (-0.1916527 51.3448447),13,38,1338,51.34549374350001,-0.19242819300000003,0.09005382120144532
257017096,51.3466044,-0.1845188,3,,,POINT (-0.1845188 51.3466044),13,39,1339,51.34549374350001,-0.18418401100000004,0.12566928949481607
257017670,51.3457186,-0.1758095,3,,,POINT (-0.1758095 51.3457186),13,40,1340,51.34549374350001,-0.175939829,0.026591035185897848
4986700815,51.346416,-0.1683227,3,,,POINT (-0.1683227 51.346416),13,41,1341,51.34549374350001,-0.167695647,0.11141490836336754
257066895,51.3467557,-0.161837,1,,,POINT (-0.161837 51.3467557),13,42,1342,51.34549374350001,-0.15945146500000001,0.21712216560107658
248499243,51.3453421,-0.1443268,3,,,POINT (-0.1443268 51.3453421),13,44,1344,51.34549374350001,-0.14296310100000004,0.09620495333978778
248499282,51.3457495,-0.1355885,1,,,POINT (-0.1355885 51.3457495),13,45,1345,51.34549374350001,-0.13471891900000005,0.0667570336052914
115666424,51.3456452,-0.1260365,3,,,POINT (-0.1260365 51.3456452),13,46,1346,51.34549374350001,-0.126474737,0.03478615198345367
248042596,51.345137,-0.1179386,3,,,POINT (-0.1179386 51.345137),13,47,1347,51.34549374350001,-0.11823055500000001,0.04455046485426455
2133159153,51.3457643,-0.1095454,1,,,POINT (-0.1095454 51.3457643),13,48,1348,51.34549374350001,-0.10998637300000003,0.042931689840810014
864645679,51.3454514,-0.1012436,1,,,POINT (-0.1012436 51.3454514),13,49,1349,51.34549374350001,-0.10174219100000004,0.03494821620615599
1957615894,51.3453761,-0.0936352,1,,,POINT (-0.0936352 51.3453761),13,50,1350,51.34549374350001,-0.09349800900000005,0.01618382389258152
82637127,51.3447317,-0.0860609,4,,,POINT (-0.0860609 51.3447317),13,51,1351,51.34549374350001,-0.085253827,0.10159880203831277
95111996,51.3453822,-0.0769805,1,,,POINT (-0.0769805 51.3453822),13,52,1352,51.34549374350001,-0.07700964500000002,0.012567172586064575
101459685,51.345355,-0.0686141,3,,,POINT (-0.0686141 51.345355),13,53,1353,51.34549374350001,-0.06876546300000003,0.018668996047056373
87348533,51.345,-0.059684,3,,,POINT (-0.059684 51.345),13,54,1354,51.34549374350001,-0.06052128100000003,0.07997525958955298
87343080,51.3452701,-0.0520329,3,,,POINT (-0.0520329 51.3452701),13,55,1355,51.34549374350001,-0.05227709900000004,0.030101314629424513
1271356028,51.3452791,-0.0439108,3,,,POINT (-0.0439108 51.3452791),13,56,1356,51.34549374350001,-0.04403291700000005,0.025329523182924366
1541663188,51.3455472,-0.0357776,1,,,POINT (-0.0357776 51.3455472),13,57,1357,51.34549374350001,-0.03578873500000001,0.0059941922757426516
568115968,51.3451868,-0.0196161,3,,,POINT (-0.0196161 51.3451868),13,59,1359,51.34549374350001,-0.01930037100000003,0.040568164055920494
100414208,51.344897,-0.0103882,3,,,POINT (-0.0103882 51.344897),13,60,1360,51.34549374350001,-0.011056189000000044,0.0809660380875141
453803901,51.3444507,-0.0027587,1,,,POINT (-0.0027587 51.3444507),13,61,1361,51.34549374350001,-0.002812007,0.11604022757598653
986443346,51.3438216,0.0326586,3,,,POINT (0.0326586 51.3438216),13,65,1365,51.34549374350001,0.030164720999999957,0.2541159662939491
428197063,51.3435745,0.0506489,3,,,POINT (0.0506489 51.3435745),13,67,1367,51.34549374350001,0.046653084999999934,0.35009911096559126
270392908,51.3459921,0.0512679,3,,,POINT (0.0512679 51.3459921),13,68,1368,51.34549374350001,0.05489726699999992,0.25809503684664237
6495620783,51.3440125,0.082969,3,,,POINT (0.082969 51.3440125),13,71,1371,51.34549374350001,0.079629813,0.28446135710300907
81187435,51.3448406,0.1042083,3,,,POINT (0.1042083 51.3448406),13,74,1374,51.34549374350001,0.10436235899999996,0.07341025881472957
81206216,51.3447778,0.1125052,3,,,POINT (0.1125052 51.3447778),13,75,1375,51.34549374350001,0.11260654099999995,0.07991984298887496
12630872,51.3448339,0.1221038,3,,,POINT (0.1221038 51.3448339),13,76,1376,51.34549374350001,0.12085072299999994,0.11383353557320172
246249508,51.3461546,0.1369011,3,,,POINT (0.1369011 51.3461546),13,78,1378,51.34549374350001,0.13733908699999992,0.07953153859492218
308082533,51.3495525,-0.3135075,3,,,POINT (-0.3135075 51.3495525),14,23,1423,51.349425524500006,-0.316090923,0.17997039132909673
308082545,51.3489731,-0.3096097,1,,,POINT (-0.3096097 51.3489731),14,24,1424,51.349425524500006,-0.30784674100000003,0.13236862034593996
247803740,51.3513344,-0.2220002,3,,,POINT (-0.2220002 51.3513344),14,34,1434,51.349425524500006,-0.22540492100000004,0.31774426237066233
31936489,51.3506391,-0.2164313,1,,,POINT (-0.2164313 51.3506391),14,35,1435,51.349425524500006,-0.217160739,0.14413872878500825
26635778,51.3498276,-0.2095844,3,,,POINT (-0.2095844 51.3498276),14,36,1436,51.349425524500006,-0.208916557,0.06442087527017586
247920156,51.3493214,-0.2004662,1,,,POINT (-0.2004662 51.3493214),14,37,1437,51.349425524500006,-0.20067237500000001,0.018414029148787942
1671917084,51.3493747,-0.1927308,1,,,POINT (-0.1927308 51.3493747),14,38,1438,51.349425524500006,-0.19242819300000003,0.021762354309602182
257017086,51.348661,-0.1829074,3,,,POINT (-0.1829074 51.348661),14,39,1439,51.349425524500006,-0.18418401100000004,0.12283121708661755
269236377,51.3498491,-0.1742638,1,,,POINT (-0.1742638 51.3498491),14,40,1440,51.349425524500006,-0.175939829,0.12556601184514926
4476438394,51.3494193,-0.1673646,3,,,POINT (-0.1673646 51.3494193),14,41,1441,51.349425524500006,-0.167695647,0.023001275963317032
60264290,51.3491572,-0.1585946,1,,,POINT (-0.1585946 51.3491572),14,42,1442,51.349425524500006,-0.15945146500000001,0.0665692953616435
251815650,51.3492331,-0.1512133,3,,,POINT (-0.1512133 51.3492331),14,43,1443,51.349425524500006,-0.15120728300000003,0.021400708313270872
248499218,51.3495615,-0.1432604,3,,,POINT (-0.1432604 51.3495615),14,44,1444,51.349425524500006,-0.14296310100000004,0.025591194521954328
240648803,51.3494872,-0.1337242,1,,,POINT (-0.1337242 51.3494872),14,45,1445,51.349425524500006,-0.13471891900000005,0.06942169285650013
1848537966,51.34944,-0.127572,1,,,POINT (-0.127572 51.34944),14,46,1446,51.349425524500006,-0.126474737,0.07622072202571939
251672135,51.3498448,-0.1096734,1,,,POINT (-0.1096734 51.3498448),14,48,1448,51.349425524500006,-0.10998637300000003,0.05143909085299463
21394423,51.3493609,-0.1007019,4,,,POINT (-0.1007019 51.3493609),14,49,1449,51.349425524500006,-0.10174219100000004,0.0726036302634985
1554897279,51.349791,-0.0936799,3,,,POINT (-0.0936799 51.349791),14,50,1450,51.349425524500006,-0.09349800900000005,0.04255701601622977
1764501119,51.3490105,-0.0845566,3,,,POINT (-0.0845566 51.3490105),14,51,1451,51.349425524500006,-0.085253827,0.06689076179062378
1764501081,51.3485492,-0.0784513,3,,,POINT (-0.0784513 51.3485492),14,52,1452,51.349425524500006,-0.07700964500000002,0.1397125314497886
1725186993,51.3479457,-0.0676504,3,,,POINT (-0.0676504 51.3479457),14,53,1453,51.349425524500006,-0.06876546300000003,0.1818612157434861
95150780,51.3474768,-0.0587617,1,,,POINT (-0.0587617 51.3474768),14,54,1454,51.349425524500006,-0.06052128100000003,0.24877204775343215
96758289,51.3494065,-0.0524112,3,,,POINT (-0.0524112 51.3494065),14,55,1455,51.349425524500006,-0.05227709900000004,0.009550403865802392
96751482,51.3497941,-0.0441875,3,,,POINT (-0.0441875 51.3497941),14,56,1456,51.349425524500006,-0.04403291700000005,0.04236647792139782
82607285,51.3498929,-0.0365787,3,,,POINT (-0.0365787 51.3498929),14,57,1457,51.349425524500006,-0.03578873500000001,0.07556911439435117
96784082,51.3505912,-0.0237258,3,traffic_signals,,POINT (-0.0237258 51.3505912),14,58,1458,51.349425524500006,-0.02754455300000002,0.295185143116811
454087182,51.3489498,-0.0183124,3,,,POINT (-0.0183124 51.3489498),14,59,1459,51.349425524500006,-0.01930037100000003,0.08663763045449535
30158705,51.3481869,-0.0111171,3,,,POINT (-0.0111171 51.3481869),14,60,1460,51.349425524500006,-0.011056189000000044,0.13779371013166222
20473974,51.3498916,0.0094108,3,,,POINT (0.0094108 51.3498916),14,62,1462,51.349425524500006,0.005432174999999989,0.2811280404367119
199076776,51.348962,0.0311195,3,,,POINT (0.0311195 51.348962),14,65,1465,51.349425524500006,0.030164720999999957,0.08398439687771546
243073952,51.3483692,0.0363111,3,,,POINT (0.0363111 51.3483692),14,66,1466,51.349425524500006,0.038408902999999946,0.18714293378989896
11537103513,51.3493456,0.0473339,3,,,POINT (0.0473339 51.3493456),14,67,1467,51.349425524500006,0.046653084999999934,0.048109889564454326
512474448,51.348708,0.0714752,1,,,POINT (0.0714752 51.348708),14,70,1470,51.349425524500006,0.071385631,0.0800272110917702
199837530,51.3497577,0.0879455,3,,,POINT (0.0879455 51.3497577),14,72,1472,51.349425524500006,0.08787399499999998,0.03726855978092064
26941858,51.3492258,0.0961338,1,,,POINT (0.0961338 51.3492258),14,73,1473,51.349425524500006,0.09611817699999997,0.022234839580277777
81187020,51.3501912,0.104395,3,,,POINT (0.104395 51.3501912),14,74,1474,51.349425524500006,0.10436235899999996,0.08516940374651823
81187205,51.348915,0.1129888,3,,,POINT (0.1129888 51.348915),14,75,1475,51.349425524500006,0.11260654099999995,0.0626685889751769
1258848357,51.3530243,-0.3140573,1,,,POINT (-0.3140573 51.3530243),15,23,1523,51.353357305500005,-0.316090923,0.14599511859821968
308082439,51.353319,-0.305564,1,,,POINT (-0.305564 51.353319),15,24,1524,51.353357305500005,-0.30784674100000003,0.1585775865000723
33174612,51.3545392,-0.2221938,3,,,POINT (-0.2221938 51.3545392),15,34,1534,51.353357305500005,-0.22540492100000004,0.2588330483540048
31933228,51.3531576,-0.2154341,3,,,POINT (-0.2154341 51.3531576),15,35,1535,51.353357305500005,-0.217160739,0.12194217200758621
33164398,51.3537055,-0.2103478,3,,,POINT (-0.2103478 51.3537055),15,36,1536,51.353357305500005,-0.208916557,0.10666438534925561
257016208,51.3529549,-0.2007986,1,,,POINT (-0.2007986 51.3529549),15,37,1537,51.353357305500005,-0.20067237500000001,0.045595930591278956
3442604122,51.3536025,-0.1922734,1,,,POINT (-0.1922734 51.3536025),15,38,1538,51.353357305500005,-0.19242819300000003,0.029306879241318508
257016824,51.3535417,-0.1840896,3,,,POINT (-0.1840896 51.3535417),15,39,1539,51.353357305500005,-0.18418401100000004,0.021526411332006223
257018114,51.353756,-0.176399,3,mini_roundabout,,POINT (-0.176399 51.353756),15,40,1540,51.353357305500005,-0.175939829,0.054608775205984915
257065160,51.3529479,-0.1677829,3,,,POINT (-0.1677829 51.3529479),15,41,1541,51.353357305500005,-0.167695647,0.04592527406498217
10867721,51.3544156,-0.1585285,3,,,POINT (-0.1585285 51.3544156),15,42,1542,51.353357305500005,-0.15945146500000001,0.13399904484147543
251815509,51.3530217,-0.1519188,4,mini_roundabout,,POINT (-0.1519188 51.3530217),15,43,1543,51.353357305500005,-0.15120728300000003,0.061918952724731115
11147461,51.3535728,-0.1420142,3,,,POINT (-0.1420142 51.3535728),15,44,1544,51.353357305500005,-0.14296310100000004,0.0701158838393587
1848539037,51.353351,-0.1348105,3,,,POINT (-0.1348105 51.353351),15,45,1545,51.353357305500005,-0.13471891900000005,0.006398189643987247
247806056,51.3534123,-0.1262943,3,,,POINT (-0.1262943 51.3534123),15,46,1546,51.353357305500005,-0.126474737,0.013942642961644026
21382442,51.3531678,-0.1166275,1,,,POINT (-0.1166275 51.3531678),15,47,1547,51.353357305500005,-0.11823055500000001,0.11329794407444098
251671704,51.3537257,-0.1085919,1,,,POINT (-0.1085919 51.3537257),15,48,1548,51.353357305500005,-0.10998637300000003,0.10514379754151262
128596087,51.3535293,-0.1013303,3,,,POINT (-0.1013303 51.3535293),15,49,1549,51.353357305500005,-0.10174219100000004,0.03440766053982425
251670616,51.3540045,-0.0947045,1,,,POINT (-0.0947045 51.3540045),15,50,1550,51.353357305500005,-0.09349800900000005,0.11044592117513584
1675526265,51.3534554,-0.0856751,3,,,POINT (-0.0856751 51.3534554),15,51,1551,51.353357305500005,-0.085253827,0.03122173598062259
1675526292,51.3553154,-0.0799756,1,,,POINT (-0.0799756 51.3553154),15,52,1552,51.353357305500005,-0.07700964500000002,0.2997099914307902
95102548,51.3533264,-0.0689402,3,,,POINT (-0.0689402 51.3533264),15,53,1553,51.353357305500005,-0.06876546300000003,0.012611503895520617
95103906,51.3523052,-0.0609428,3,,,POINT (-0.0609428 51.3523052),15,54,1554,51.353357305500005,-0.06052128100000003,0.12059527365866972
96756220,51.3527572,-0.0543894,3,,,POINT (-0.0543894 51.3527572),15,55,1555,51.353357305500005,-0.05227709900000004,0.16115001285244454
1456299003,51.3526561,-0.042498,3,,,POINT (-0.042498 51.3526561),15,56,1556,51.353357305500005,-0.04403291700000005,0.13206372406019026
12630803,51.3536072,-0.0368707,3,,,POINT (-0.0368707 51.3536072),15,57,1557,51.353357305500005,-0.03578873500000001,0.08010826223702873
453814609,51.3544136,-0.0271066,1,turning_circle,,POINT (-0.0271066 51.3544136),15,58,1558,51.353357305500005,-0.02754455300000002,0.12132804685021036
1838138769,51.3535864,-0.0190585,3,,,POINT (-0.0190585 51.3535864),15,59,1559,51.353357305500005,-0.01930037100000003,0.030513019833599206
454087288,51.3535054,-0.0107185,1,,,POINT (-0.0107185 51.3535054),15,60,1560,51.353357305500005,-0.011056189000000044,0.02865450184381319
20473968,51.3541692,0.006793,3,,,POINT (0.006793 51.3541692),15,62,1562,51.353357305500005,0.005432174999999989,0.13069145425890427
115705982,51.3541902,0.0328855,3,,,POINT (0.0328855 51.3541902),15,65,1565,51.353357305500005,0.030164720999999957,0.21041523304793888
199074526,51.3514167,0.0659285,3,,,POINT (0.0659285 51.3514167),15,69,1569,51.353357305500005,0.0631414489999999,0.2898674108135821
512463032,51.3529274,0.0741775,3,,,POINT (0.0741775 51.3529274),15,70,1570,51.353357305500005,0.071385631,0.19968295572362052
312763470,51.3547317,0.0795208,3,,,POINT (0.0795208 51.3547317),15,71,1571,51.353357305500005,0.079629813,0.15301306884216062
81212527,51.3533398,0.0883141,1,,,POINT (0.0883141 51.3533398),15,72,1572,51.353357305500005,0.08787399499999998,0.030624127388932765
26941899,51.3530612,0.0962364,3,,,POINT (0.0962364 51.3530612),15,73,1573,51.353357305500005,0.09611817699999997,0.03393352949998765
26941629,51.3539656,0.1032112,1,turning_circle,,POINT (0.1032112 51.3539656),15,74,1574,51.353357305500005,0.10436235899999996,0.10471567171999127
82600176,51.352119,0.1109697,3,,,POINT (0.1109697 51.352119),15,75,1575,51.353357305500005,0.11260654099999995,0.1785497116218816
27591953,51.3540708,0.1377892,3,,,POINT (0.1377892 51.3540708),15,78,1578,51.353357305500005,0.13733908699999992,0.08527221583657686
170916220,51.3547952,0.1431699,3,,,POINT (0.1431699 51.3547952),15,79,1579,51.353357305500005,0.1455832689999999,0.23162414938655196
1736085988,51.3572934,-0.3151302,1,,,POINT (-0.3151302 51.3572934),16,23,1623,51.3572890865,-0.316090923,0.06671145061287677
224753695,51.3566398,-0.3062087,3,,,POINT (-0.3062087 51.3566398),16,24,1624,51.3572890865,-0.30784674100000003,0.13472038265132655
224753684,51.3574148,-0.2991718,1,,,POINT (-0.2991718 51.3574148),16,25,1625,51.3572890865,-0.29960255900000005,0.03301585407342222
248775736,51.3589873,-0.2910659,3,,,POINT (-0.2910659 51.3589873),16,26,1626,51.3572890865,-0.291358377,0.18992163479197166
36926561,51.3572156,-0.2220664,3,,,POINT (-0.2220664 51.3572156),16,34,1634,51.3572890865,-0.22540492100000004,0.23196106222935226
266939081,51.3571223,-0.2181227,3,,,POINT (-0.2181227 51.3571223),16,35,1635,51.3572890865,-0.217160739,0.0693226366163461
7326570709,51.3572755,-0.2089292,3,,,POINT (-0.2089292 51.3572755),16,36,1636,51.3572890865,-0.208916557,0.0017473007471056937
269004962,51.3574119,-0.2015518,4,,,POINT (-0.2015518 51.3574119),16,37,1637,51.3572890865,-0.20067237500000001,0.06257294195560946
153614747,51.35674,-0.1923159,1,,,POINT (-0.1923159 51.35674),16,38,1638,51.3572890865,-0.19242819300000003,0.06155151329554491
257018748,51.3571824,-0.1830447,3,,,POINT (-0.1830447 51.3571824),16,39,1639,51.3572890865,-0.18418401100000004,0.07999495031683562
257018300,51.3566751,-0.1757373,3,,,POINT (-0.1757373 51.3566751),16,40,1640,51.3572890865,-0.175939829,0.06970553720391981
10930444,51.3564047,-0.167622,3,,,POINT (-0.167622 51.3564047),16,41,1641,51.3572890865,-0.167695647,0.0984721690818732
11002195,51.3579351,-0.158303,3,,,POINT (-0.158303 51.3579351),16,42,1642,51.3572890865,-0.15945146500000001,0.10732833333207674
128227124,51.3568271,-0.1510846,3,,,POINT (-0.1510846 51.3568271),16,43,1643,51.3572890865,-0.15120728300000003,0.052072099891512964
248228754,51.3576925,-0.143019,3,,,POINT (-0.143019 51.3576925),16,44,1644,51.3572890865,-0.14296310100000004,0.04502514850765117
21381933,51.3568505,-0.1339475,3,,,POINT (-0.1339475 51.3568505),16,45,1645,51.3572890865,-0.13471891900000005,0.07244042552069464
1848539787,51.3575531,-0.1273827,1,,,POINT (-0.1273827 51.3575531),16,46,1646,51.3572890865,-0.126474737,0.06954592577460764
2576526365,51.3577779,-0.1174277,4,,,POINT (-0.1174277 51.3577779),16,47,1647,51.3572890865,-0.11823055500000001,0.07785949654217438
21382372,51.3582195,-0.1083618,1,turning_circle,,POINT (-0.1083618 51.3582195),16,48,1648,51.3572890865,-0.10998637300000003,0.15306281110460634
291543929,51.3567069,-0.1015959,1,,,POINT (-0.1015959 51.3567069),16,49,1649,51.3572890865,-0.10174219100000004,0.0655283154886669
251670648,51.3570758,-0.0942925,3,,,POINT (-0.0942925 51.3570758),16,50,1650,51.3572890865,-0.09349800900000005,0.06004903893131927
251662512,51.3564994,-0.0856433,1,,,POINT (-0.0856433 51.3564994),16,51,1651,51.3572890865,-0.085253827,0.091879407892319
1452742012,51.3578586,-0.0774996,3,,,POINT (-0.0774996 51.3578586),16,52,1652,51.3572890865,-0.07700964500000002,0.07188689081852351
2620429680,51.3558189,-0.0668313,1,,,POINT (-0.0668313 51.3558189),16,53,1653,51.3572890865,-0.06876546300000003,0.21157163945269397
1803040684,51.3576904,-0.0617057,1,,,POINT (-0.0617057 51.3576904),16,54,1654,51.3572890865,-0.06052128100000003,0.09356855693022365
6677319318,51.3572628,-0.0520925,3,,,POINT (-0.0520925 51.3572628),16,55,1655,51.3572890865,-0.05227709900000004,0.013147043894264514
151164918,51.35746,-0.0480107,3,,,POINT (-0.0480107 51.35746),16,56,1656,51.3572890865,-0.04403291700000005,0.2768578827368274
1267090123,51.3565717,-0.0346132,3,,,POINT (-0.0346132 51.3565717),16,57,1657,51.3572890865,-0.03578873500000001,0.11413176335199922
2969439178,51.3583237,-0.0301667,1,,,POINT (-0.0301667 51.3583237),16,58,1658,51.3572890865,-0.02754455300000002,0.2153724134965189
454087299,51.3573974,-0.0198386,1,turning_circle,,POINT (-0.0198386 51.3573974),16,59,1659,51.3572890865,-0.01930037100000003,0.039265690335056516
453817444,51.3554452,-0.0110515,3,,,POINT (-0.0110515 51.3554452),16,60,1660,51.3572890865,-0.011056189000000044,0.2050310826386839
2022817705,51.3570538,0.0159277,3,,,POINT (0.0159277 51.3570538),16,63,1663,51.3572890865,0.013676356999999978,0.1585010762457093
277016250,51.3582107,0.0316957,3,,,POINT (0.0316957 51.3582107),16,65,1665,51.3572890865,0.030164720999999957,0.14765757332559162
1945112532,51.35872,0.0670287,1,,,POINT (0.0670287 51.35872),16,69,1669,51.3572890865,0.0631414489999999,0.3133211215510335
1945112533,51.3584684,0.0706658,1,,,POINT (0.0706658 51.3584684),16,70,1670,51.3572890865,0.071385631,0.14033626942871383
81242897,51.3592548,0.0795739,3,,,POINT (0.0795739 51.3592548),16,71,1671,51.3572890865,0.079629813,0.218611844645067
81240924,51.3575275,0.0863463,3,,,POINT (0.0863463 51.3575275),16,72,1672,51.3572890865,0.08787399499999998,0.10934076938935904
81211245,51.3572223,0.0964606,3,,,POINT (0.0964606 51.3572223),16,73,1673,51.3572890865,0.09611817699999997,0.024909608805198838
12630896,51.3572786,0.1046093,3,,,POINT (0.1046093 51.3572786),16,74,1674,51.3572890865,0.10436235899999996,0.0171864477209043
81166213,51.3582523,0.1095877,3,,,POINT (0.1095877 51.3582523),16,75,1675,51.3572890865,0.11260654099999995,0.23539474092961155
1561686751,51.358346,0.1223736,3,mini_roundabout,,POINT (0.1223736 51.358346),16,76,1676,51.3572890865,0.12085072299999994,0.15809267515994052
27591964,51.3573991,0.1286932,3,,,POINT (0.1286932 51.3573991),16,77,1677,51.3572890865,0.12909490499999993,0.030457728625195035
1736086224,51.3609739,-0.3151501,3,,,POINT (-0.3151501 51.3609739),17,23,1723,51.3612208675,-0.316090923,0.07086017956193597
2161919114,51.3610748,-0.3086053,1,,,POINT (-0.3086053 51.3610748),17,24,1724,51.3612208675,-0.30784674100000003,0.055115157754521985
1733879505,51.3613192,-0.2994005,3,,,POINT (-0.2994005 51.3613192),17,25,1725,51.3612208675,-0.29960255900000005,0.0177868245594218
224754136,51.3614609,-0.2925033,3,,,POINT (-0.2925033 51.3614609),17,26,1726,51.3612208675,-0.291358377,0.08385411954181364
248775740,51.3602969,-0.2870178,1,,,POINT (-0.2870178 51.3602969),17,27,1727,51.3612208675,-0.283114195,0.2898535865130646
266747518,51.3629233,-0.2267781,1,,,POINT (-0.2267781 51.3629233),17,34,1734,51.3612208675,-0.22540492100000004,0.21195473612159338
36969164,51.3609831,-0.2168977,1,,,POINT (-0.2168977 51.3609831),17,35,1735,51.3612208675,-0.217160739,0.03213312860537281
1495305590,51.3612362,-0.2093014,3,,,POINT (-0.2093014 51.3612362),17,36,1736,51.3612208675,-0.208916557,0.026774383833416047
1131391553,51.3610452,-0.2005414,3,,,POINT (-0.2005414 51.3610452),17,37,1737,51.3612208675,-0.20067237500000001,0.02154640189567795
153619433,51.3619992,-0.1929643,1,,,POINT (-0.1929643 51.3619992),17,38,1738,51.3612208675,-0.19242819300000003,0.09421150187289523
257015691,51.3613302,-0.1847793,1,,,POINT (-0.1847793 51.3613302),17,39,1739,51.3612208675,-0.18418401100000004,0.04308236266162281
1754827448,51.3616377,-0.1747661,3,,,POINT (-0.1747661 51.3616377),17,40,1740,51.3612208675,-0.175939829,0.09375168010748733
36312287,51.3612281,-0.1674598,3,,,POINT (-0.1674598 51.3612281),17,41,1741,51.3612208675,-0.167695647,0.01639483935158544
36312296,51.3609756,-0.1581323,3,,,POINT (-0.1581323 51.3609756),17,42,1742,51.3612208675,-0.15945146500000001,0.09556540592222983
33717251,51.3611498,-0.1503383,4,,,POINT (-0.1503383 51.3611498),17,43,1743,51.3612208675,-0.15120728300000003,0.060849753141192175
33717234,51.3622135,-0.1431051,3,,,POINT (-0.1431051 51.3622135),17,44,1744,51.3612208675,-0.14296310100000004,0.11081513991089122
196086822,51.3618349,-0.1356253,3,,,POINT (-0.1356253 51.3618349),17,45,1745,51.3612208675,-0.13471891900000005,0.09285496695620515
195919145,51.3615977,-0.1266712,3,,,POINT (-0.1266712 51.3615977),17,46,1746,51.3612208675,-0.126474737,0.04406621561981183
1912459775,51.3616145,-0.1178082,3,,,POINT (-0.1178082 51.3616145),17,47,1747,51.3612208675,-0.11823055500000001,0.052685189673637806
21381641,51.3607861,-0.1099273,4,,,POINT (-0.1099273 51.3607861),17,48,1748,51.3612208675,-0.10998637300000003,0.04851761561192253
21381764,51.3617638,-0.1013771,3,,,POINT (-0.1013771 51.3617638),17,49,1749,51.3612208675,-0.10174219100000004,0.06547705773900474
1554899548,51.3614168,-0.0929254,3,,,POINT (-0.0929254 51.3614168),17,50,1750,51.3612208675,-0.09349800900000005,0.04533497592773067
82632321,51.3607324,-0.0856069,3,,,POINT (-0.0856069 51.3607324),17,51,1751,51.3612208675,-0.085253827,0.0595909785255495
1673707026,51.3614282,-0.0789144,3,,,POINT (-0.0789144 51.3614282),17,52,1752,51.3612208675,-0.07700964500000002,0.13424327144565892
2620429732,51.3612826,-0.0705007,1,,,POINT (-0.0705007 51.3612826),17,53,1753,51.3612208675,-0.06876546300000003,0.12067463068594725
459809509,51.3598175,-0.0592806,1,,,POINT (-0.0592806 51.3598175),17,54,1754,51.3612208675,-0.06052128100000003,0.17824535893991864
151153284,51.3595192,-0.0555593,3,,,POINT (-0.0555593 51.3595192),17,55,1755,51.3612208675,-0.05227709900000004,0.29620474324759893
1267090146,51.3592587,-0.0327198,3,,,POINT (-0.0327198 51.3592587),17,57,1757,51.3612208675,-0.03578873500000001,0.3049731387847977
1267090109,51.3612494,-0.029064,1,,,POINT (-0.029064 51.3612494),17,58,1758,51.3612208675,-0.02754455300000002,0.10554445896712568
243074280,51.3614816,0.0010596,3,,,POINT (0.0010596 51.3614816),17,61,1761,51.3612208675,-0.002812007,0.27036790041622405
243074295,51.3608885,0.00278,3,,,POINT (0.00278 51.3608885),17,62,1762,51.3612208675,0.005432174999999989,0.18781602369511166
183132270,51.3624306,0.0115549,1,,,POINT (0.0115549 51.3624306),17,63,1763,51.3612208675,0.013676356999999978,0.19947386747102477
199076788,51.3607712,0.021056,3,,,POINT (0.021056 51.3607712),17,64,1764,51.3612208675,0.021920538999999968,0.07812305833765135
22446454,51.361835,0.0299124,3,,,POINT (0.0299124 51.361835),17,65,1765,51.3612208675,0.030164720999999957,0.07049976032102209
81261218,51.3609913,0.0381359,1,,,POINT (0.0381359 51.3609913),17,66,1766,51.3612208675,0.038408902999999946,0.031794715812502025
533912931,51.3594401,0.0430782,1,,,POINT (0.0430782 51.3594401),17,67,1767,51.3612208675,0.046653084999999934,0.3175192685211904
81256663,51.3628561,0.0551727,1,,,POINT (0.0551727 51.3628561),17,68,1768,51.3612208675,0.05489726699999992,0.1828324019385288
312768229,51.3617487,0.0628352,1,,,POINT (0.0628352 51.3617487),17,69,1769,51.3612208675,0.0631414489999999,0.06242518406101012
81245144,51.3612271,0.0713867,1,,,POINT (0.0713867 51.3612271),17,70,1770,51.3612208675,0.071385631,0.0006969855756340206
81242667,51.3607146,0.0788395,3,,,POINT (0.0788395 51.3607146),17,71,1771,51.3612208675,0.079629813,0.07861332596385653
82605155,51.361371,0.0879044,3,,,POINT (0.0879044 51.361371),17,72,1772,51.3612208675,0.08787399499999998,0.016826919907763246
81216866,51.3615019,0.0962925,3,,,POINT (0.0962925 51.3615019),17,73,1773,51.3612208675,0.09611817699999997,0.03351143601528611
81161447,51.3617433,0.1045505,1,,,POINT (0.1045505 51.3617433),17,74,1774,51.3612208675,0.10436235899999996,0.05954240316573281
82599574,51.3614252,0.1124837,3,,,POINT (0.1124837 51.3614252),17,75,1775,51.3612208675,0.11260654099999995,0.02426880853470966
1736086519,51.3651542,-0.3154511,1,turning_circle,,POINT (-0.3154511 51.3651542),18,23,1823,51.36515264850001,-0.316090923,0.04442010138432345
1734279592,51.365407,-0.3075612,3,,,POINT (-0.3075612 51.365407),18,24,1824,51.36515264850001,-0.30784674100000003,0.034538131090062076
242778947,51.3651235,-0.2987916,3,,,POINT (-0.2987916 51.3651235),18,25,1825,51.36515264850001,-0.29960255900000005,0.056394134157008086
224753447,51.3648421,-0.2917445,3,,,POINT (-0.2917445 51.3648421),18,26,1826,51.36515264850001,-0.291358377,0.04371519986269911
26464666,51.3652712,-0.2852043,1,,,POINT (-0.2852043 51.3652712),18,27,1827,51.36515264850001,-0.283114195,0.14570308607791294
22547302,51.3671093,-0.2408214,3,,,POINT (-0.2408214 51.3671093),18,32,1832,51.36515264850001,-0.241893285,0.2299435673910225
1403437051,51.3654632,-0.233906,3,traffic_signals,,POINT (-0.233906 51.3654632),18,33,1833,51.36515264850001,-0.23364910300000002,0.03886554197977666
23023560,51.3650203,-0.2269246,3,,,POINT (-0.2269246 51.3650203),18,34,1834,51.36515264850001,-0.22540492100000004,0.10652543607194165
249545738,51.3643484,-0.2161758,3,,,POINT (-0.2161758 51.3643484),18,35,1835,51.36515264850001,-0.217160739,0.11257559711571853
249550917,51.3656239,-0.2091119,3,,,POINT (-0.2091119 51.3656239),18,36,1836,51.36515264850001,-0.208916557,0.05412725065633251
27076524,51.3652821,-0.2000033,1,,,POINT (-0.2000033 51.3652821),18,37,1837,51.36515264850001,-0.20067237500000001,0.04862970802270557
9567522524,51.365251,-0.1924375,3,,,POINT (-0.1924375 51.365251),18,38,1838,51.36515264850001,-0.19242819300000003,0.010955258977424191
69140655,51.3655628,-0.1842507,3,,,POINT (-0.1842507 51.3655628),18,39,1839,51.36515264850001,-0.18418401100000004,0.045841169122494224
40174894,51.3645257,-0.175323,1,,,POINT (-0.175323 51.3645257),18,40,1840,51.36515264850001,-0.175939829,0.08181589269447621
37124477,51.3657575,-0.1670992,3,,,POINT (-0.1670992 51.3657575),18,41,1841,51.36515264850001,-0.167695647,0.07898137407929552
8253402463,51.3651648,-0.1591404,1,,,POINT (-0.1591404 51.3651648),18,42,1842,51.36515264850001,-0.15945146500000001,0.02163794037655682
33717275,51.3645884,-0.1507035,3,,,POINT (-0.1507035 51.3645884),18,43,1843,51.36515264850001,-0.15120728300000003,0.07183162847846815
33717265,51.3652881,-0.1416209,1,,,POINT (-0.1416209 51.3652881),18,44,1844,51.36515264850001,-0.14296310100000004,0.09439166905033465
27079116,51.3661273,-0.1352784,3,,,POINT (-0.1352784 51.3661273),18,45,1845,51.36515264850001,-0.13471891900000005,0.1151264218440932
194614118,51.3653139,-0.1264799,1,,,POINT (-0.1264799 51.3653139),18,46,1846,51.36515264850001,-0.126474737,0.01793393110758036
10316847944,51.3652948,-0.1183046,3,,,POINT (-0.1183046 51.3652948),18,47,1847,51.36515264850001,-0.11823055500000001,0.01662142407109342
250855514,51.3650013,-0.1090366,3,mini_roundabout,,POINT (-0.1090366 51.3650013),18,48,1848,51.36515264850001,-0.10998637300000003,0.06805193074174133
250855696,51.3646718,-0.1017566,1,,,POINT (-0.1017566 51.3646718),18,49,1849,51.36515264850001,-0.10174219100000004,0.05347727084104853
3954346057,51.3649636,-0.0942089,1,,,POINT (-0.0942089 51.3649636),18,50,1850,51.36515264850001,-0.09349800900000005,0.05364407700907495
82630649,51.3647212,-0.0850415,3,,,POINT (-0.0850415 51.3647212),18,51,1851,51.36515264850001,-0.085253827,0.050188478319099436
97909550,51.3638548,-0.0780118,3,,,POINT (-0.0780118 51.3638548),18,52,1852,51.36515264850001,-0.07700964500000002,0.16021034619169613
1811867166,51.3663658,-0.0665073,1,,,POINT (-0.0665073 51.3663658),18,53,1853,51.36515264850001,-0.06876546300000003,0.20681920298999693
151146937,51.3666482,-0.0514006,1,,,POINT (-0.0514006 51.3666482),18,55,1855,51.36515264850001,-0.05227709900000004,0.17708095234508692
2969439708,51.3664979,-0.0367244,3,,,POINT (-0.0367244 51.3664979),18,57,1857,51.36515264850001,-0.03578873500000001,0.16308038964819993
25728502,51.3658635,-0.0277438,3,,,POINT (-0.0277438 51.3658635),18,58,1858,51.36515264850001,-0.02754455300000002,0.08024431624914698
246490934,51.3662613,-0.0215248,3,,,POINT (-0.0215248 51.3662613),18,59,1859,51.36515264850001,-0.01930037100000003,0.19759930910598156
5221290200,51.3641068,-0.0020722,3,,,POINT (-0.0020722 51.3641068),18,61,1861,51.36515264850001,-0.002812007,0.12713025740147255
183132250,51.3657806,0.0059143,3,,,POINT (0.0059143 51.3657806),18,62,1862,51.36515264850001,0.005432174999999989,0.07743296571358077
1159990896,51.3656698,0.0139202,3,,,POINT (0.0139202 51.3656698),18,63,1863,51.36515264850001,0.013676356999999978,0.05994466978089623
4585369570,51.3654327,0.0223291,3,,,POINT (0.0223291 51.3654327),18,64,1864,51.36515264850001,0.021920538999999968,0.04212187017964115
1913769241,51.3653582,0.0298862,3,,,POINT (0.0298862 51.3653582),18,65,1865,51.36515264850001,0.030164720999999957,0.029938307529377702
21639771,51.365527,0.0384172,1,,,POINT (0.0384172 51.365527),18,66,1866,51.36515264850001,0.038408902999999946,0.04162997283630694
2148397862,51.3665851,0.0464626,1,,,POINT (0.0464626 51.3665851),18,67,1867,51.36515264850001,0.046653084999999934,0.15982936332521114
81257008,51.3652485,0.0548018,3,,,POINT (0.0548018 51.3652485),18,68,1868,51.36515264850001,0.05489726699999992,0.012550894062088322
26913793,51.3651475,0.0630055,3,,,POINT (0.0630055 51.3651475),18,69,1869,51.36515264850001,0.0631414489999999,0.009455618041311302
81251348,51.3644268,0.0706011,3,,,POINT (0.0706011 51.3644268),18,70,1870,51.36515264850001,0.071385631,0.09736949717272503
82606084,51.3648831,0.0801019,3,,,POINT (0.0801019 51.3648831),18,71,1871,51.36515264850001,0.079629813,0.044413199910087804
1567108855,51.3650254,0.0882406,1,,,POINT (0.0882406 51.3650254),18,72,1872,51.36515264850001,0.08787399499999998,0.029120269399171454
1566343955,51.3647114,0.0957137,1,,,POINT (0.0957137 51.3647114),18,73,1873,51.36515264850001,0.09611817699999997,0.056532081305575826
1564450332,51.3650518,0.1045721,1,,,POINT (0.1045721 51.3650518),18,74,1874,51.36515264850001,0.10436235899999996,0.018378840837625622
59838601,51.3644566,0.1115663,3,,,POINT (0.1115663 51.3644566),18,75,1875,51.36515264850001,0.11260654099999995,0.10585812499341062
59838542,51.3662303,0.1237266,3,,,POINT (0.1237266 51.3662303),18,76,1876,51.36515264850001,0.12085072299999994,0.23285502545939699
2205494604,51.3670937,0.1471892,3,,,POINT (0.1471892 51.3670937),18,79,1879,51.36515264850001,0.1455832689999999,0.242929409449292
25992073,51.3692098,-0.3144921,3,,,POINT (-0.3144921 51.3692098),19,23,1923,51.369084429500006,-0.316090923,0.11186080820253659
206894299,51.3686961,-0.3084041,1,turning_circle,,POINT (-0.3084041 51.3686961),19,24,1924,51.369084429500006,-0.30784674100000003,0.05797905572213698
224753327,51.3689326,-0.2992119,3,,,POINT (-0.2992119 51.3689326),19,25,1925,51.369084429500006,-0.29960255900000005,0.031944926649643414
224753442,51.3690729,-0.2914748,3,,,POINT (-0.2914748 51.3690729),19,26,1926,51.369084429500006,-0.291358377,0.008183033915043502
1730987646,51.3689529,-0.2865112,3,,,POINT (-0.2865112 51.3689529),19,27,1927,51.369084429500006,-0.283114195,0.2362705555335531
22544044,51.3709142,-0.2424185,2,,,POINT (-0.2424185 51.3709142),19,32,1932,51.369084429500006,-0.241893285,0.20670204281491356
22545859,51.369221,-0.2335215,2,,,POINT (-0.2335215 51.369221),19,33,1933,51.369084429500006,-0.23364910300000002,0.017580627967937117
23024296,51.3689288,-0.2258546,3,,,POINT (-0.2258546 51.3689288),19,34,1934,51.369084429500006,-0.22540492100000004,0.0356921904887782
249553986,51.3691656,-0.2170185,4,,,POINT (-0.2170185 51.3691656),19,35,1935,51.369084429500006,-0.217160739,0.013377665726432085
249550901,51.3688454,-0.2093726,1,,,POINT (-0.2093726 51.3688454),19,36,1936,51.369084429500006,-0.208916557,0.041336148138194626
249552452,51.368437,-0.2005827,3,,,POINT (-0.2005827 51.368437),19,37,1937,51.369084429500006,-0.20067237500000001,0.0722595278087386
27076484,51.3691911,-0.1924357,3,,,POINT (-0.1924357 51.3691911),19,38,1938,51.369084429500006,-0.19242819300000003,0.011872660934008952
69314190,51.3686574,-0.18404,3,,,POINT (-0.18404 51.3686574),19,39,1939,51.369084429500006,-0.18418401100000004,0.04852450298627826
37154897,51.3684528,-0.1754521,4,,,POINT (-0.1754521 51.3684528),19,40,1940,51.369084429500006,-0.175939829,0.0779690660203601
37124418,51.3691313,-0.1677169,3,,,POINT (-0.1677169 51.3691313),19,41,1941,51.369084429500006,-0.167695647,0.005416563473781236
31354915,51.3688797,-0.1591525,1,,,POINT (-0.1591525 51.3688797),19,42,1942,51.369084429500006,-0.15945146500000001,0.03080528645091047
2046796566,51.3696501,-0.152651,3,,,POINT (-0.152651 51.3696501),19,43,1943,51.369084429500006,-0.15120728300000003,0.11832417506482143
33650740,51.3688822,-0.1428853,1,,,POINT (-0.1428853 51.3688822),19,44,1944,51.369084429500006,-0.14296310100000004,0.02312639241691049
2046796529,51.3692317,-0.1348699,1,,,POINT (-0.1348699 51.3692317),19,45,1945,51.369084429500006,-0.13471891900000005,0.019442607124860956
1758997915,51.3697622,-0.1269113,1,,,POINT (-0.1269113 51.3697622),19,46,1946,51.369084429500006,-0.126474737,0.08122966428669948
194614033,51.3689544,-0.1181602,3,,,POINT (-0.1181602 51.3689544),19,47,1947,51.369084429500006,-0.11823055500000001,0.015261227563647294
250854767,51.3686648,-0.1097415,1,,,POINT (-0.1097415 51.3686648),19,48,1948,51.369084429500006,-0.10998637300000003,0.04966067335645501
150898082,51.3694936,-0.1011593,4,,,POINT (-0.1011593 51.3694936),19,49,1949,51.369084429500006,-0.10174219100000004,0.06088794942049171
244053499,51.3694264,-0.0937704,3,,,POINT (-0.0937704 51.3694264),19,50,1950,51.369084429500006,-0.09349800900000005,0.04246743431371153
251659677,51.3688315,-0.0845145,3,,,POINT (-0.0845145 51.3688315),19,51,1951,51.369084429500006,-0.085253827,0.05852431675926207
60305661,51.3690446,-0.0772114,3,,,POINT (-0.0772114 51.3690446),19,52,1952,51.369084429500006,-0.07700964500000002,0.014689219592820194
95146336,51.3704322,-0.0668264,1,,,POINT (-0.0668264 51.3704322),19,53,1953,51.369084429500006,-0.06876546300000003,0.20144077737927157
151134986,51.3689451,-0.0538724,3,,,POINT (-0.0538724 51.3689451),19,55,1955,51.369084429500006,-0.05227709900000004,0.11182300497722218
15870428,51.3694323,-0.0444596,3,mini_roundabout,,POINT (-0.0444596 51.3694323),19,56,1956,51.369084429500006,-0.04403291700000005,0.04871949106694152
21373035,51.3688647,-0.0360011,3,,,POINT (-0.0360011 51.3688647),19,57,1957,51.369084429500006,-0.03578873500000001,0.028535859521214606
25728488,51.3690361,-0.0274116,1,,,POINT (-0.0274116 51.3690361),19,58,1958,51.369084429500006,-0.02754455300000002,0.010680039076732296
250833092,51.3693574,-0.0193777,3,,,POINT (-0.0193777 51.3693574),19,59,1959,51.369084429500006,-0.01930037100000003,0.030823969511896178
250833326,51.3697646,-0.0106829,3,,,POINT (-0.0106829 51.3697646),19,60,1960,51.369084429500006,-0.011056189000000044,0.07994760317010904
243074137,51.3686771,-0.0019771,1,,,POINT (-0.0019771 51.3686771),19,61,1961,51.369084429500006,-0.002812007,0.07355727512054368
8518844394,51.3687411,0.0052585,2,,,POINT (0.0052585 51.3687411),19,62,1962,51.369084429500006,0.005432174999999989,0.04003501105795721
2125591541,51.368408,0.0136303,3,,,POINT (0.0136303 51.368408),19,63,1963,51.369084429500006,0.013676356999999978,0.07528345250426062
2311121002,51.367454,0.0232959,3,,,POINT (0.0232959 51.367454),19,64,1964,51.369084429500006,0.021920538999999968,0.20490025328310685
267221933,51.3675313,0.0291816,3,,,POINT (0.0291816 51.3675313),19,65,1965,51.369084429500006,0.030164720999999957,0.1856965195749284
21639821,51.3692887,0.0391279,3,,,POINT (0.0391279 51.3692887),19,66,1966,51.369084429500006,0.038408902999999946,0.054837301215645395
81258581,51.3697048,0.0463327,3,,,POINT (0.0463327 51.3697048),19,67,1967,51.369084429500006,0.046653084999999934,0.0724787699162713
26901646,51.3679237,0.0565135,3,,,POINT (0.0565135 51.3679237),19,68,1968,51.369084429500006,0.05489726699999992,0.17101738027328128
82617399,51.3688948,0.0638579,3,,,POINT (0.0638579 51.3688948),19,69,1969,51.369084429500006,0.0631414489999999,0.054020672422262044
81721727,51.3690446,0.0721785,1,,,POINT (0.0721785 51.3690446),19,70,1970,51.369084429500006,0.071385631,0.055218193426108474
81722677,51.3699943,0.0790095,1,turning_circle,,POINT (0.0790095 51.3699943),19,71,1971,51.369084429500006,0.079629813,0.10995560900689255
458973995,51.3692416,0.0872237,1,,,POINT (0.0872237 51.3692416),19,72,1972,51.369084429500006,0.08787399499999998,0.048407701825448235
12630900,51.3688194,0.0960501,3,,,POINT (0.0960501 51.3688194),19,73,1973,51.369084429500006,0.09611817699999997,0.029846454811996374
27079479,51.3691547,0.107923,3,,,POINT (0.107923 51.3691547),19,74,1974,51.369084429500006,0.10436235899999996,0.2472998686334105
59838950,51.3693616,0.1127735,3,,,POINT (0.1127735 51.3693616),19,75,1975,51.369084429500006,0.11260654099999995,0.032927196087331495
59838653,51.3687419,0.1213225,3,,,POINT (0.1213225 51.3687419),19,76,1976,51.369084429500006,0.12085072299999994,0.0502320032611579
11380528357,51.3699534,0.1317548,3,,,POINT (0.1317548 51.3699534),19,77,1977,51.369084429500006,0.12909490499999993,0.20839984637469977
1488975346,51.3726613,-0.304963,3,,,POINT (-0.304963 51.3726613),20,24,2024,51.373016210500005,-0.30784674100000003,0.2040235328895004
1734247706,51.3727166,-0.2991618,3,,,POINT (-0.2991618 51.3727166),20,25,2025,51.373016210500005,-0.29960255900000005,0.04523194167303996
224831568,51.3733642,-0.2920974,3,,,POINT (-0.2920974 51.3733642),20,26,2026,51.373016210500005,-0.291358377,0.06425522852651157
308060614,51.373367,-0.2870454,1,,,POINT (-0.2870454 51.373367),20,27,2027,51.373016210500005,-0.283114195,0.2756500743393125
307853359,51.3731147,-0.2740263,3,,,POINT (-0.2740263 51.3731147),20,28,2028,51.373016210500005,-0.274870013,0.05957988981708806
266716573,51.373845,-0.2425175,3,,,POINT (-0.2425175 51.373845),20,32,2032,51.373016210500005,-0.241893285,0.10183463482746462
23026348,51.3731195,-0.2341598,1,,,POINT (-0.2341598 51.3731195),20,33,2033,51.373016210500005,-0.23364910300000002,0.037263211026127604
23037978,51.3727769,-0.2259638,3,,,POINT (-0.2259638 51.3727769),20,34,2034,51.373016210500005,-0.22540492100000004,0.04704302624416919
23061650,51.3735042,-0.2182474,3,,,POINT (-0.2182474 51.3735042),20,35,2035,51.373016210500005,-0.217160739,0.09291808141325683
23067782,51.3724794,-0.2094436,3,,,POINT (-0.2094436 51.3724794),20,36,2036,51.373016210500005,-0.208916557,0.07000966135264972
27076317,51.3730555,-0.2001401,3,,,POINT (-0.2001401 51.3730555),20,37,2037,51.373016210500005,-0.20067237500000001,0.037204274422142206
33508244,51.3728823,-0.1921522,3,,,POINT (-0.1921522 51.3728823),20,38,2038,51.373016210500005,-0.19242819300000003,0.024263755150332612
27076448,51.3726635,-0.1848681,3,,,POINT (-0.1848681 51.3726635),20,39,2039,51.373016210500005,-0.18418401100000004,0.061587339570634565
59764481,51.3731757,-0.1756564,3,,,POINT (-0.1756564 51.3731757),20,40,2040,51.373016210500005,-0.175939829,0.02648703542081851
25413848,51.3727014,-0.1682589,3,,,POINT (-0.1682589 51.3727014),20,41,2041,51.373016210500005,-0.167695647,0.05247830633989347
31032631,51.3723276,-0.159687,3,,,POINT (-0.159687 51.3723276),20,42,2042,51.373016210500005,-0.15945146500000001,0.07829601089255808
1606845086,51.3726669,-0.1509775,1,,,POINT (-0.1509775 51.3726669),20,43,2043,51.373016210500005,-0.15120728300000003,0.04198892426424257
31357160,51.3724816,-0.1409953,1,,,POINT (-0.1409953 51.3724816),20,44,2044,51.373016210500005,-0.14296310100000004,0.14896719032215444
26461424,51.3729229,-0.1353171,3,,,POINT (-0.1353171 51.3729229),20,45,2045,51.373016210500005,-0.13471891900000005,0.04279841121324033
26461657,51.371466,-0.1262957,3,,,POINT (-0.1262957 51.371466),20,46,2046,51.373016210500005,-0.126474737,0.17282296250424067
1996646105,51.3732362,-0.1180595,3,,,POINT (-0.1180595 51.3732362),20,47,2047,51.373016210500005,-0.11823055500000001,0.02719106750125643
291660629,51.3732166,-0.1094363,3,,,POINT (-0.1094363 51.3732166),20,48,2048,51.373016210500005,-0.10998637300000003,0.044208403678562214
245733443,51.3735027,-0.1020135,3,traffic_signals,,POINT (-0.1020135 51.3735027),20,49,2049,51.373016210500005,-0.10174219100000004,0.05727951583270561
245731548,51.3734794,-0.0931062,1,,,POINT (-0.0931062 51.3734794),20,50,2050,51.373016210500005,-0.09349800900000005,0.05824386997250182
13808736,51.3726373,-0.085319,3,,,POINT (-0.085319 51.3726373),20,51,2051,51.373016210500005,-0.085253827,0.042375097722516755
1454334279,51.3726565,-0.0775553,1,,,POINT (-0.0775553 51.3726565),20,52,2052,51.373016210500005,-0.07700964500000002,0.05508551561627566
61080192,51.3728662,-0.0698502,4,,,POINT (-0.0698502 51.3728662),20,53,2053,51.373016210500005,-0.06876546300000003,0.07712065752511625
1811868261,51.3737503,-0.0565759,3,,,POINT (-0.0565759 51.3737503),20,54,2054,51.373016210500005,-0.06052128100000003,0.285765333164834
56441661,51.3731249,-0.0513838,3,,,POINT (-0.0513838 51.3731249),20,55,2055,51.373016210500005,-0.05227709900000004,0.063173473122451
15870411,51.3733811,-0.0448432,3,mini_roundabout,,POINT (-0.0448432 51.3733811),20,56,2056,51.373016210500005,-0.04403291700000005,0.06935153296008612
1827783323,51.3736591,-0.0350603,1,,,POINT (-0.0350603 51.3736591),20,57,2057,51.373016210500005,-0.03578873500000001,0.08756046127897066
25728440,51.3740238,-0.0254105,3,,,POINT (-0.0254105 51.3740238),20,58,2058,51.373016210500005,-0.02754455300000002,0.18572862587034403
246490169,51.3728253,-0.0203029,1,,,POINT (-0.0203029 51.3728253),20,59,2059,51.373016210500005,-0.01930037100000003,0.07275471595255029
5260192200,51.3723043,-0.0120086,3,,,POINT (-0.0120086 51.3723043),20,60,2060,51.373016210500005,-0.011056189000000044,0.1031359283392722
243074430,51.3726903,-0.0032303,1,turning_circle,,POINT (-0.0032303 51.3726903),20,61,2061,51.373016210500005,-0.002812007,0.046436492003266584
183114697,51.3737708,0.0049257,3,,,POINT (0.0049257 51.3737708),20,62,2062,51.373016210500005,0.005432174999999989,0.09097379320427872
6353680585,51.3731722,0.0137289,3,,,POINT (0.0137289 51.3731722),20,63,2063,51.373016210500005,0.013676356999999978,0.01772453758376832
2144865311,51.3724375,0.0217251,3,,,POINT (0.0217251 51.3724375),20,64,2064,51.373016210500005,0.021920538999999968,0.06576412387875093
21639867,51.3731396,0.0394211,3,,,POINT (0.0394211 51.3731396),20,66,2066,51.373016210500005,0.038408902999999946,0.07158681489254859
1932413750,51.3742123,0.0467136,1,,,POINT (0.0467136 51.3742123),20,67,2067,51.373016210500005,0.046653084999999934,0.1330653991734475
81714533,51.3717844,0.0538811,1,,,POINT (0.0538811 51.3717844),20,68,2068,51.373016210500005,0.05489726699999992,0.15406637593289432
81718337,51.3736866,0.0627583,3,,,POINT (0.0627583 51.3736866),20,69,2069,51.373016210500005,0.0631414489999999,0.07914612736773216
81723297,51.372566,0.0716871,1,,,POINT (0.0716871 51.372566),20,70,2070,51.373016210500005,0.071385631,0.05425877268948249
26901510,51.3730429,0.0797465,3,,,POINT (0.0797465 51.3730429),20,71,2071,51.373016210500005,0.079629813,0.008626190997059335
442116215,51.3727383,0.0867855,3,,,POINT (0.0867855 51.3727383),20,72,2072,51.373016210500005,0.08787399499999998,0.08163133215355768
82597894,51.3732246,0.0961172,3,,,POINT (0.0961172 51.3732246),20,73,2073,51.373016210500005,0.09611817699999997,0.023171954403757897
81155091,51.372621,0.1028389,3,,,POINT (0.1028389 51.372621),20,74,2074,51.373016210500005,0.10436235899999996,0.11451619042709921
59838985,51.3728088,0.1128425,3,,,POINT (0.1128425 51.3728088),20,75,2075,51.373016210500005,0.11260654099999995,0.028287161476199175
59838380,51.3729636,0.1217068,3,,,POINT (0.1217068 51.3729636),20,76,2076,51.373016210500005,0.12085072299999994,0.059710312242737144
6328674619,51.3737403,0.1381649,3,,,POINT (0.1381649 51.3737403),20,78,2078,51.373016210500005,0.13733908699999992,0.09883557726990665
206883643,51.3768037,-0.3063243,1,,,POINT (-0.3063243 51.3768037),21,24,2124,51.3769479915,-0.30784674100000003,0.10687967795376026
248547898,51.3771225,-0.2994101,3,,,POINT (-0.2994101 51.3771225),21,25,2125,51.3769479915,-0.29960255900000005,0.02355779364349878
224770513,51.3777763,-0.2927781,3,,,POINT (-0.2927781 51.3777763),21,26,2126,51.3769479915,-0.291358377,0.134880879158469
1678870124,51.3768702,-0.2830603,3,,,POINT (-0.2830603 51.3768702),21,27,2127,51.3769479915,-0.283114195,0.009424209138901086
378213403,51.3752655,-0.2748525,1,,,POINT (-0.2748525 51.3752655),21,28,2128,51.3769479915,-0.274870013,0.1870884678012753
22528135,51.3770826,-0.2426702,3,,,POINT (-0.2426702 51.3770826),21,32,2132,51.3769479915,-0.241893285,0.05596221535780461
23040858,51.3768995,-0.2346276,3,,,POINT (-0.2346276 51.3768995),21,33,2133,51.3769479915,-0.23364910300000002,0.06812848612648059
23039962,51.3764957,-0.2258995,1,,,POINT (-0.2258995 51.3764957),21,34,2134,51.3769479915,-0.22540492100000004,0.06089101629971428
23059282,51.3764804,-0.216875,3,,,POINT (-0.216875 51.3764804),21,35,2135,51.3769479915,-0.217160739,0.05564783398017479
252197233,51.3766831,-0.2094786,3,,,POINT (-0.2094786 51.3766831),21,36,2136,51.3769479915,-0.208916557,0.04888096559085847
27076044,51.3764041,-0.2005049,3,,,POINT (-0.2005049 51.3764041),21,37,2137,51.3769479915,-0.20067237500000001,0.061584931850068005
31912162,51.376618,-0.1928117,3,,,POINT (-0.1928117 51.376618),21,38,2138,51.3769479915,-0.19242819300000003,0.04533139216903397
31912142,51.3764197,-0.18433,3,,,POINT (-0.18433 51.3764197),21,39,2139,51.3769479915,-0.18418401100000004,0.05961083722553503
266880145,51.3768763,-0.1764898,3,,,POINT (-0.1764898 51.3768763),21,40,2140,51.3769479915,-0.175939829,0.03899549309799269
26460970,51.3767546,-0.1673867,1,turning_circle,,POINT (-0.1673867 51.3767546),21,41,2141,51.3769479915,-0.167695647,0.03036839038338647
7033635594,51.3772688,-0.1599072,3,,,POINT (-0.1599072 51.3772688),21,42,2142,51.3769479915,-0.15945146500000001,0.04767644080954053
35544346,51.3763584,-0.1531432,3,,,POINT (-0.1531432 51.3763584),21,43,2143,51.3769479915,-0.15120728300000003,0.14950809610339572
11080866,51.3769738,-0.1316767,3,mini_roundabout,,POINT (-0.1316767 51.3769738),21,45,2145,51.3769479915,-0.13471891900000005,0.21117135470280424
11080880,51.3771705,-0.1268734,3,,,POINT (-0.1268734 51.3771705),21,46,2146,51.3769479915,-0.126474737,0.037118557393893026
2639074459,51.3768304,-0.1179773,3,,,POINT (-0.1179773 51.3768304),21,47,2147,51.3769479915,-0.11823055500000001,0.02190771159146705
244660478,51.3770209,-0.1089244,3,,,POINT (-0.1089244 51.3770209),21,48,2148,51.3769479915,-0.10998637300000003,0.07415301681058654
422055065,51.3774193,-0.1029999,3,,,POINT (-0.1029999 51.3774193),21,49,2149,51.3769479915,-0.10174219100000004,0.10181689873928615
8100570253,51.3775875,-0.0939582,2,,,POINT (-0.0939582 51.3775875),21,50,2150,51.3769479915,-0.09349800900000005,0.07795403911915545
60567321,51.3772234,-0.0855672,3,,,POINT (-0.0855672 51.3772234),21,51,2151,51.3769479915,-0.085253827,0.037562024562383264
132021421,51.3773333,-0.0763293,3,,,POINT (-0.0763293 51.3773333),21,52,2152,51.3769479915,-0.07700964500000002,0.06376070650084605
3375693117,51.3766944,-0.0686453,3,,,POINT (-0.0686453 51.3766944),21,53,2153,51.3769479915,-0.06876546300000003,0.0294056309507372
13808509,51.3769859,-0.060555,3,,,POINT (-0.060555 51.3769859),21,54,2154,51.3769479915,-0.06052128100000003,0.004821346491900554
55218094,51.3778499,-0.0527452,3,,,POINT (-0.0527452 51.3778499),21,55,2155,51.3769479915,-0.05227709900000004,0.10541899612749335
150606598,51.3768203,-0.0434669,1,,,POINT (-0.0434669 51.3768203),21,56,2156,51.3769479915,-0.04403291700000005,0.04177282297815287
13808303,51.3768494,-0.0353293,3,,,POINT (-0.0353293 51.3768494),21,57,2157,51.3769479915,-0.03578873500000001,0.033719988748438234
13808281,51.3772919,-0.0270723,3,,,POINT (-0.0270723 51.3772919),21,58,2158,51.3769479915,-0.02754455300000002,0.05036604434541414
13808323,51.3767062,-0.0193964,3,,,POINT (-0.0193964 51.3767062),21,59,2159,51.3769479915,-0.01930037100000003,0.02769982323300296
145635142,51.3766789,-0.0118906,3,,,POINT (-0.0118906 51.3766789),21,60,2160,51.3769479915,-0.011056189000000044,0.06518718718728926
82626594,51.377825,-0.0014518,1,,,POINT (-0.0014518 51.377825),21,61,2161,51.3769479915,-0.002812007,0.13573012100707713
22453838,51.3773434,0.0048772,1,,,POINT (0.0048772 51.3773434),21,62,2162,51.3769479915,0.005432174999999989,0.058453868465761324
22452397,51.3777478,0.0128552,4,,,POINT (0.0128552 51.3777478),21,63,2163,51.3769479915,0.013676356999999978,0.10562980102909789
11543332270,51.3776655,0.0212619,1,,,POINT (0.0212619 51.3776655),21,64,2164,51.3769479915,0.021920538999999968,0.09195183207423548
21639894,51.3757261,0.0420886,1,,,POINT (0.0420886 51.3757261),21,66,2166,51.3769479915,0.038408902999999946,0.28929183118482243
21639909,51.3767492,0.0467813,3,,,POINT (0.0467813 51.3767492),21,67,2167,51.3769479915,0.046653084999999934,0.023828700275167793
21641152,51.3757301,0.0532348,1,,,POINT (0.0532348 51.3757301),21,68,2168,51.3769479915,0.05489726699999992,0.17791582887608104
81719727,51.3766852,0.0655712,3,,,POINT (0.0655712 51.3766852),21,69,2169,51.3769479915,0.0631414489999999,0.17115558429005337
26900023,51.3766369,0.0720804,1,,,POINT (0.0720804 51.3766369),21,70,2170,51.3769479915,0.071385631,0.05934616172689969
81709871,51.377075,0.0786696,3,,,POINT (0.0786696 51.377075),21,71,2171,51.3769479915,0.079629813,0.06812552807785738
1562080932,51.3759117,0.0880581,1,,,POINT (0.0880581 51.3759117),21,72,2172,51.3769479915,0.08787399499999998,0.11593671411025518
81705461,51.3765857,0.0968808,1,,,POINT (0.0968808 51.3765857),21,73,2173,51.3769479915,0.09611817699999997,0.06651803046786241
81704323,51.3776031,0.1050436,3,,,POINT (0.1050436 51.3776031),21,74,2174,51.3769479915,0.10436235899999996,0.08684474407475498
59839167,51.3774587,0.1133551,3,,,POINT (0.1133551 51.3774587),21,75,2175,51.3769479915,0.11260654099999995,0.07696902697776775
59837941,51.3769818,0.1205574,3,,,POINT (0.1205574 51.3769818),21,76,2176,51.3769479915,0.12085072299999994,0.020702901667673454
1652505551,51.3801716,-0.3078438,3,,,POINT (-0.3078438 51.3801716),22,24,2224,51.3808797725,-0.30784674100000003,0.07874545372068983
1736769319,51.3816776,-0.2994785,3,,,POINT (-0.2994785 51.3816776),22,25,2225,51.3808797725,-0.29960255900000005,0.08913118257097422
134908944,51.380675,-0.2910069,3,,,POINT (-0.2910069 51.380675),22,26,2226,51.3808797725,-0.291358377,0.03336878418984875
666153468,51.3814436,-0.2833689,3,,,POINT (-0.2833689 51.3814436),22,27,2227,51.3808797725,-0.283114195,0.06513907858879783
23777200,51.3808332,-0.2745191,1,turning_circle,,POINT (-0.2745191 51.3808332),22,28,2228,51.3808797725,-0.274870013,0.02489831813946547
23772002,51.3819169,-0.2695188,3,,,POINT (-0.2695188 51.3819169),22,29,2229,51.3808797725,-0.266625831,0.23153706421073053
23770527,51.380619,-0.2588162,3,,,POINT (-0.2588162 51.380619),22,30,2230,51.3808797725,-0.258381649,0.04183700044561091
23764671,51.3804848,-0.2495551,3,mini_roundabout,,POINT (-0.2495551 51.3804848),22,31,2231,51.3808797725,-0.250137467,0.05968601642154959
1885068218,51.3813703,-0.2425008,3,,,POINT (-0.2425008 51.3813703),22,32,2232,51.3808797725,-0.241893285,0.06893987616161036
23043787,51.3807084,-0.2345666,3,,,POINT (-0.2345666 51.3807084),22,33,2233,51.3808797725,-0.23364910300000002,0.06646576140849418
266777454,51.3806451,-0.2255555,1,,,POINT (-0.2255555 51.3806451),22,34,2234,51.3808797725,-0.22540492100000004,0.028109216438474794
23070926,51.380601,-0.2175243,3,,,POINT (-0.2175243 51.380601),22,35,2235,51.3808797725,-0.217160739,0.039968965413351654
23145136,51.3804875,-0.2086661,3,,,POINT (-0.2086661 51.3804875),22,36,2236,51.3808797725,-0.208916557,0.04695454687045792
310944658,51.3800963,-0.2010581,1,,,POINT (-0.2010581 51.3800963),22,37,2237,51.3808797725,-0.20067237500000001,0.09113840678491501
60626606,51.3800985,-0.191757,3,,,POINT (-0.191757 51.3800985),22,38,2238,51.3808797725,-0.19242819300000003,0.09857432093993702
7216823852,51.3803771,-0.1824071,3,,,POINT (-0.1824071 51.3803771),22,39,2239,51.3808797725,-0.18418401100000004,0.13539629766420844
26491610,51.3812871,-0.1759147,3,,,POINT (-0.1759147 51.3812871),22,40,2240,51.3808797725,-0.175939829,0.045326314535163885
26460957,51.3806636,-0.1678966,3,,,POINT (-0.1678966 51.3806636),22,41,2241,51.3808797725,-0.167695647,0.027790173342000977
1100800544,51.3805852,-0.1597784,1,,,POINT (-0.1597784 51.3805852),22,42,2242,51.3808797725,-0.15945146500000001,0.039846122427327636
21664442,51.3804178,-0.1539411,1,,,POINT (-0.1539411 51.3804178),22,43,2243,51.3808797725,-0.15120728300000003,0.19656226038356386
244415406,51.3821943,-0.1361636,3,,,POINT (-0.1361636 51.3821943),22,45,2245,51.3808797725,-0.13471891900000005,0.17725017986734454
2133191528,51.3802715,-0.1257407,3,,,POINT (-0.1257407 51.3802715),22,46,2246,51.3808797725,-0.126474737,0.08467567959664388
244653109,51.3808781,-0.1185867,3,mini_roundabout,,POINT (-0.1185867 51.3808781),22,47,2247,51.3808797725,-0.11823055500000001,0.024717605411539917
245439684,51.380531,-0.1097471,1,,,POINT (-0.1097471 51.380531),22,48,2248,51.3808797725,-0.10998637300000003,0.042187426032228394
245440657,51.3810371,-0.1017042,3,,,POINT (-0.1017042 51.3810371),22,49,2249,51.3808797725,-0.10174219100000004,0.017691593604578212
2166008758,51.3808655,-0.0934338,1,,,POINT (-0.0934338 51.3808655),22,50,2250,51.3808797725,-0.09349800900000005,0.004730353902368046
107204935,51.3805849,-0.0858153,3,crossing,,POINT (-0.0858153 51.3805849),22,51,2251,51.3808797725,-0.085253827,0.05092646890061976
31765839,51.3808958,-0.0765711,3,,,POINT (-0.0765711 51.3808958),22,52,2252,51.3808797725,-0.07700964500000002,0.03048769601574172
132026641,51.3817724,-0.0698,3,,,POINT (-0.0698 51.3817724),22,53,2253,51.3808797725,-0.06876546300000003,0.122501257652163
150609612,51.3811329,-0.059543,3,,,POINT (-0.059543 51.3811329),22,54,2254,51.3808797725,-0.06052128100000003,0.07349682649204513
10913865200,51.3809013,-0.052084,1,,,POINT (-0.052084 51.3809013),22,55,2255,51.3808797725,-0.05227709900000004,0.01361341506985976
150607129,51.3806722,-0.0434412,1,,,POINT (-0.0434412 51.3806722),22,56,2256,51.3808797725,-0.04403291700000005,0.04710783722366375
27290227,51.3800097,-0.0376085,1,,,POINT (-0.0376085 51.3800097),22,57,2257,51.3808797725,-0.03578873500000001,0.1590929685735288
13808249,51.3812819,-0.0272846,3,,,POINT (-0.0272846 51.3812819),22,58,2258,51.3808797725,-0.02754455300000002,0.048216873817926165
3121065582,51.3806878,-0.0178047,1,,,POINT (-0.0178047 51.3806878),22,59,2259,51.3808797725,-0.01930037100000003,0.10597381021380615
13808355,51.3805238,-0.0111574,3,,,POINT (-0.0111574 51.3805238),22,60,2260,51.3808797725,-0.011056189000000044,0.04020075447702948
82626539,51.3792579,0.0011084,1,,,POINT (0.0011084 51.3792579),22,61,2261,51.3808797725,-0.002812007,0.3264271929354654
2896852767,51.3810164,0.0060204,1,,,POINT (0.0060204 51.3810164),22,62,2262,51.3808797725,0.005432174999999989,0.04355872376574601
82623144,51.3804752,0.0137011,3,,,POINT (0.0137011 51.3804752),22,63,2263,51.3808797725,0.013676356999999978,0.04501917170066002
22451402,51.3794477,0.0201469,3,,,POINT (0.0201469 51.3794477),22,64,2264,51.3808797725,0.021920538999999968,0.20126952268964787
81591063,51.3822047,0.0404841,3,,,POINT (0.0404841 51.3822047),22,66,2266,51.3808797725,0.038408902999999946,0.2060248506562123
21641175,51.3806518,0.0448635,1,,,POINT (0.0448635 51.3806518),22,67,2267,51.3808797725,0.046653084999999934,0.12676026389985023
308921331,51.3820085,0.0549628,1,,,POINT (0.0549628 51.3820085),22,68,2268,51.3808797725,0.05489726699999992,0.12559114691934892
81672589,51.38261,0.0670841,1,,,POINT (0.0670841 51.38261),22,69,2269,51.3808797725,0.0631414489999999,0.33448860098797645
8239035193,51.3823497,0.0683991,1,,,POINT (0.0683991 51.3823497),22,70,2270,51.3808797725,0.071385631,0.26395917886307596
308729384,51.3804626,0.0795909,3,,,POINT (0.0795909 51.3804626),22,71,2271,51.3808797725,0.079629813,0.04646601255251229
81688190,51.381313,0.0879387,3,,,POINT (0.0879387 51.381313),22,72,2272,51.3808797725,0.08787399499999998,0.048381550169977826
81690665,51.3805462,0.0961628,1,,,POINT (0.0961628 51.3805462),22,73,2273,51.3808797725,0.09611817699999997,0.03722063067829073
1583212102,51.3808905,0.1042333,3,,,POINT (0.1042333 51.3808905),22,74,2274,51.3808797725,0.10436235899999996,0.009035934178860817
6952029469,51.38062,0.1127126,1,,,POINT (0.1127126 51.38062),22,75,2275,51.3808797725,0.11260654099999995,0.029808464249694484
59837659,51.3813048,0.1200701,3,,,POINT (0.1200701 51.3813048),22,76,2276,51.3808797725,0.12085072299999994,0.07189316266734225
59837595,51.3805007,0.1284883,3,,,POINT (0.1284883 51.3805007),22,77,2277,51.3808797725,0.12909490499999993,0.0595739367894779
1736771843,51.3853068,-0.3091263,1,turning_loop,,POINT (-0.3091263 51.3853068),23,24,2324,51.38481155350001,-0.30784674100000003,0.10448499087113927
7913188271,51.3840221,-0.3003317,3,,,POINT (-0.3003317 51.3840221),23,25,2325,51.38481155350001,-0.29960255900000005,0.10132221724380223
136787199,51.3851776,-0.2925449,1,,,POINT (-0.2925449 51.3851776),23,26,2326,51.38481155350001,-0.291358377,0.09184969841365125
22515756,51.3842499,-0.2835117,3,,,POINT (-0.2835117 51.3842499),23,27,2327,51.38481155350001,-0.283114195,0.06827385755912503
224832018,51.38528,-0.2741554,3,,,POINT (-0.2741554 51.38528),23,28,2328,51.38481155350001,-0.274870013,0.0719198862409963
23775881,51.3840728,-0.2654185,1,give_way,,POINT (-0.2654185 51.3840728),23,29,2329,51.38481155350001,-0.266625831,0.11733551459146244
23770043,51.3844687,-0.2596152,3,,,POINT (-0.2596152 51.3844687),23,30,2330,51.38481155350001,-0.258381649,0.09370842823329063
846283280,51.3848637,-0.250242,3,,,POINT (-0.250242 51.3848637),23,31,2331,51.38481155350001,-0.250137467,0.009286743638239626
23055468,51.3856406,-0.2426473,3,,,POINT (-0.2426473 51.3856406),23,32,2332,51.38481155350001,-0.241893285,0.10600037658766591
266885455,51.3837029,-0.23431,3,,,POINT (-0.23431 51.3837029),23,33,2333,51.38481155350001,-0.23364910300000002,0.1315317793334745
266894719,51.3847531,-0.2253244,3,,,POINT (-0.2253244 51.3847531),23,34,2334,51.38481155350001,-0.22540492100000004,0.0085714537848432
21545004,51.3855269,-0.2188204,3,,,POINT (-0.2188204 51.3855269),23,35,2335,51.38481155350001,-0.217160739,0.1399700068455156
27075877,51.3851696,-0.2097367,3,,,POINT (-0.2097367 51.3851696),23,36,2336,51.38481155350001,-0.208916557,0.06945686022994732
249493972,51.3846089,-0.2008435,3,,,POINT (-0.2008435 51.3846089),23,37,2337,51.38481155350001,-0.20067237500000001,0.025471662777176836
249490306,51.3858949,-0.1915911,3,,,POINT (-0.1915911 51.3858949),23,38,2338,51.38481155350001,-0.19242819300000003,0.13373724152231317
249489216,51.3845915,-0.183968,3,,,POINT (-0.183968 51.3845915),23,39,2339,51.38481155350001,-0.18418401100000004,0.028695457320620784
266919798,51.3854966,-0.1759213,1,,,POINT (-0.1759213 51.3854966),23,40,2340,51.38481155350001,-0.175939829,0.07618454685507464
1601393860,51.3848436,-0.1675801,1,,,POINT (-0.1675801 51.3848436),23,41,2341,51.38481155350001,-0.167695647,0.008774556114292075
26461258,51.3849996,-0.1600391,3,,,POINT (-0.1600391 51.3849996),23,42,2342,51.38481155350001,-0.15945146500000001,0.04582737418110575
4436111221,51.3860085,-0.1399412,3,,,POINT (-0.1399412 51.3860085),23,44,2344,51.38481155350001,-0.14296310100000004,0.24837356885993248
4436197183,51.3851831,-0.1335478,1,,,POINT (-0.1335478 51.3851831),23,45,2345,51.38481155350001,-0.13471891900000005,0.09116816466186671
244413718,51.3847936,-0.1261868,3,,,POINT (-0.1261868 51.3847936),23,46,2346,51.38481155350001,-0.126474737,0.02008095156496685
244184450,51.38556,-0.1178177,3,,,POINT (-0.1178177 51.38556),23,47,2347,51.38481155350001,-0.11823055500000001,0.08801683422486392
2406445596,51.3849636,-0.1097313,2,,,POINT (-0.1097313 51.3849636),23,48,2348,51.38481155350001,-0.10998637300000003,0.02447773172215804
130284813,51.3849234,-0.1019302,3,,,POINT (-0.1019302 51.3849234),23,49,2349,51.38481155350001,-0.10174219100000004,0.018024850547974036
3196248064,51.3847262,-0.094104,1,,,POINT (-0.094104 51.3847262),23,50,2350,51.38481155350001,-0.09349800900000005,0.043110644864797334
132005699,51.3842709,-0.0854525,4,,,POINT (-0.0854525 51.3842709),23,51,2351,51.38481155350001,-0.085253827,0.061678584651870955
135720318,51.3847093,-0.0771462,3,,,POINT (-0.0771462 51.3847093),23,52,2352,51.38481155350001,-0.07700964500000002,0.01480129866315122
132036632,51.3851665,-0.0687598,3,,,POINT (-0.0687598 51.3851665),23,53,2353,51.38481155350001,-0.06876546300000003,0.0394702064440731
135754968,51.3852472,-0.0604831,1,,,POINT (-0.0604831 51.3852472),23,54,2354,51.38481155350001,-0.06052128100000003,0.0485140869639018
150610716,51.3854666,-0.0517324,1,,,POINT (-0.0517324 51.3854666),23,55,2355,51.38481155350001,-0.05227709900000004,0.08206178633116623
150607602,51.3850223,-0.0440309,3,,,POINT (-0.0440309 51.3850223),23,56,2356,51.38481155350001,-0.04403291700000005,0.02343435962119934
150621728,51.3849898,-0.0392612,3,,,POINT (-0.0392612 51.3849898),23,57,2357,51.38481155350001,-0.03578873500000001,0.24178594554023686
13808238,51.3863172,-0.0242939,3,,,POINT (-0.0242939 51.3863172),23,58,2358,51.38481155350001,-0.02754455300000002,0.2809166990890121
13808427,51.382971,-0.019124,3,,,POINT (-0.019124 51.382971),23,59,2359,51.38481155350001,-0.01930037100000003,0.205025873959562
21596410,51.385214,-0.0041327,1,turning_circle,,POINT (-0.0041327 51.385214),23,61,2361,51.38481155350001,-0.002812007,0.10199110933818652
82624896,51.3840806,0.0071121,1,,,POINT (0.0071121 51.3840806),23,62,2362,51.38481155350001,0.005432174999999989,0.14211620055613308
82624152,51.3848433,0.0139975,3,,,POINT (0.0139975 51.3848433),23,63,2363,51.38481155350001,0.013676356999999978,0.022563646941745986
1934418940,51.3849461,0.0394982,3,,,POINT (0.0394982 51.3849461),23,66,2366,51.38481155350001,0.038408902999999946,0.07705824080261696
81594078,51.3846588,0.046243,3,,,POINT (0.046243 51.3846588),23,67,2367,51.38481155350001,0.046653084999999934,0.03314155520223828
81675303,51.3854328,0.0553552,1,,,POINT (0.0553552 51.3854328),23,68,2368,51.38481155350001,0.05489726699999992,0.07603830573241142
81672230,51.38501,0.0638975,1,turning_circle,,POINT (0.0638975 51.38501),23,69,2369,51.38481155350001,0.0631414489999999,0.05691772359580542
81667471,51.3847499,0.0716566,4,,,POINT (0.0716566 51.3847499),23,70,2370,51.38481155350001,0.071385631,0.020014704696096564
81680612,51.384219,0.0795995,3,,,POINT (0.0795995 51.384219),23,71,2371,51.38481155350001,0.079629813,0.06592251442125452
81694423,51.3849635,0.0885303,3,,,POINT (0.0885303 51.3849635),23,72,2372,51.38481155350001,0.08787399499999998,0.048577317679476456
81690099,51.3833402,0.0959797,3,,,POINT (0.0959797 51.3833402),23,73,2373,51.38481155350001,0.09611817699999997,0.1638890275655724
66568297,51.3848676,0.104286,1,,,POINT (0.104286 51.3848676),23,74,2374,51.38481155350001,0.10436235899999996,0.00818032900821984
6325826082,51.3847301,0.1133061,1,,,POINT (0.1133061 51.3847301),23,75,2375,51.38481155350001,0.11260654099999995,0.04938380779428583
59837589,51.3849844,0.1183694,1,,,POINT (0.1183694 51.3849844),23,76,2376,51.38481155350001,0.12085072299999994,0.17326108603365986
353019983,51.3867434,0.1315784,3,,,POINT (0.1315784 51.3867434),23,77,2377,51.38481155350001,0.12909490499999993,0.2753993298841329
338289104,51.3895268,-0.3131215,1,,,POINT (-0.3131215 51.3895268),24,23,2423,51.388743334500006,-0.316090923,0.22370463541195473
1652501769,51.3883797,-0.3076773,3,,,POINT (-0.3076773 51.3883797),24,24,2424,51.388743334500006,-0.30784674100000003,0.04210903698405372
244003140,51.3885223,-0.2990898,3,,,POINT (-0.2990898 51.3885223),24,25,2425,51.388743334500006,-0.29960255900000005,0.04324368417715869
224770781,51.3883882,-0.2921318,3,,,POINT (-0.2921318 51.3883882),24,26,2426,51.388743334500006,-0.291358377,0.06663027967171414
666136565,51.3891375,-0.2827899,1,,,POINT (-0.2827899 51.3891375),24,27,2427,51.388743334500006,-0.283114195,0.04926826718707107
22514875,51.3881175,-0.2753764,3,,,POINT (-0.2753764 51.3881175),24,28,2428,51.388743334500006,-0.274870013,0.07795768516354112
241725459,51.3892766,-0.2658136,3,,,POINT (-0.2658136 51.3892766),24,29,2429,51.388743334500006,-0.266625831,0.0818076723314757
241718566,51.3891964,-0.2583235,3,,,POINT (-0.2583235 51.3891964),24,30,2430,51.388743334500006,-0.258381649,0.05053990743988408
241766915,51.3887067,-0.250182,3,,,POINT (-0.250182 51.3887067),24,31,2431,51.388743334500006,-0.250137467,0.005113002263113632
241767713,51.3889338,-0.2436585,3,,,POINT (-0.2436585 51.3889338),24,32,2432,51.388743334500006,-0.241893285,0.12430430396129694
1678968495,51.3870048,-0.235779,1,,,POINT (-0.235779 51.3870048),24,33,2433,51.388743334500006,-0.23364910300000002,0.2433402845391382
21544900,51.3889699,-0.2249398,1,turning_circle,,POINT (-0.2249398 51.3889699),24,34,2434,51.388743334500006,-0.22540492100000004,0.04094285691038808
266902546,51.3887815,-0.2170798,2,,,POINT (-0.2170798 51.3887815),24,35,2435,51.388743334500006,-0.217160739,0.007039371052235477
1665305415,51.3886901,-0.2101267,3,,,POINT (-0.2101267 51.3886901),24,36,2436,51.388743334500006,-0.208916557,0.08417942704642306
249493036,51.3888423,-0.2003495,3,,,POINT (-0.2003495 51.3888423),24,37,2437,51.388743334500006,-0.20067237500000001,0.02496076336223529
249490793,51.3888701,-0.1925717,3,,,POINT (-0.1925717 51.3888701),24,38,2438,51.388743334500006,-0.19242819300000003,0.017258237630889243
27021851,51.3887927,-0.1837923,3,,,POINT (-0.1837923 51.3887927),24,39,2439,51.388743334500006,-0.18418401100000004,0.027729284781995756
26561326,51.3889822,-0.1747596,3,,,POINT (-0.1747596 51.3889822),24,40,2440,51.388743334500006,-0.175939829,0.08609454030005127
26525186,51.3884697,-0.1652944,1,,,POINT (-0.1652944 51.3884697),24,41,2441,51.388743334500006,-0.167695647,0.16937672682572164
1608688553,51.3889097,-0.1587779,4,,,POINT (-0.1587779 51.3889097),24,42,2442,51.388743334500006,-0.15945146500000001,0.050265951299941256
2375567036,51.3884435,-0.1436716,1,,,POINT (-0.1436716 51.3884435),24,44,2444,51.388743334500006,-0.14296310100000004,0.05940121617139006
244185740,51.3902591,-0.1327293,3,,,POINT (-0.1327293 51.3902591),24,45,2445,51.388743334500006,-0.13471891900000005,0.21786928963053162
1529971264,51.3887259,-0.1261587,3,,,POINT (-0.1261587 51.3887259),24,46,2446,51.388743334500006,-0.126474737,0.022015118867556693
244184190,51.3886988,-0.1184356,1,,,POINT (-0.1184356 51.3886988),24,47,2447,51.388743334500006,-0.11823055500000001,0.015065081227339405
244183948,51.3885908,-0.1115524,3,,,POINT (-0.1115524 51.3885908),24,48,2448,51.388743334500006,-0.10998637300000003,0.10998144252948366
130260207,51.3879295,-0.1017227,3,,,POINT (-0.1017227 51.3879295),24,49,2449,51.388743334500006,-0.10174219100000004,0.09050437368260543
131974868,51.3886496,-0.092858,3,,,POINT (-0.092858 51.3886496),24,50,2450,51.388743334500006,-0.09349800900000005,0.045616532925680686
131977986,51.3880015,-0.0872962,1,,,POINT (-0.0872962 51.3880015),24,51,2451,51.388743334500006,-0.085253827,0.1639782669003767
135719216,51.3883685,-0.0767042,3,,,POINT (-0.0767042 51.3883685),24,52,2452,51.388743334500006,-0.07700964500000002,0.046759090630966775
107216910,51.3887728,-0.0686508,3,,,POINT (-0.0686508 51.3887728),24,53,2453,51.388743334500006,-0.06876546300000003,0.008604588786707756
151176164,51.3887661,-0.0605524,4,,,POINT (-0.0605524 51.3887661),24,54,2454,51.388743334500006,-0.06052128100000003,0.0033272682797405246
150610949,51.38875,-0.0523075,3,,,POINT (-0.0523075 51.38875),24,55,2455,51.388743334500006,-0.05227709900000004,0.0022359208088667923
150611404,51.3884439,-0.0438611,3,,,POINT (-0.0438611 51.3884439),24,56,2456,51.388743334500006,-0.04403291700000005,0.03536577605413438
145657128,51.3884938,-0.0374692,1,,,POINT (-0.0374692 51.3884938),24,57,2457,51.388743334500006,-0.03578873500000001,0.11986243093476003
21373019,51.3894536,-0.0284378,3,,,POINT (-0.0284378 51.3894536),24,58,2458,51.388743334500006,-0.02754455300000002,0.10039519790067397
247075223,51.3878302,-0.0179765,1,,,POINT (-0.0179765 51.3878302),24,59,2459,51.388743334500006,-0.01930037100000003,0.13692491419815764
17785511,51.3889886,-0.0107833,3,,,POINT (-0.0107833 51.3889886),24,60,2460,51.388743334500006,-0.011056189000000044,0.033201378633874554
17785555,51.3892153,6.72e-05,3,,,POINT (0.0000672 51.3892153),24,61,2461,51.388743334500006,-0.002812007,0.2065630313356204
1996130165,51.3886064,0.0059805,3,,,POINT (0.0059805 51.3886064),24,62,2462,51.388743334500006,0.005432174999999989,0.04098159057119443
24909883,51.3891038,0.0132322,1,,,POINT (0.0132322 51.3891038),24,63,2463,51.388743334500006,0.013676356999999978,0.05056096400683214
247278866,51.3901762,0.0330215,1,,,POINT (0.0330215 51.3901762),24,65,2465,51.388743334500006,0.030164720999999957,0.254320846647077
34964546,51.3888441,0.0376651,3,,,POINT (0.0376651 51.3888441),24,66,2466,51.388743334500006,0.038408902999999946,0.05281414802953632
81661142,51.3889239,0.0453825,1,turning_circle,,POINT (0.0453825 51.3889239),24,67,2467,51.388743334500006,0.046653084999999934,0.09042215418977871
676792262,51.3895625,0.0546636,1,,,POINT (0.0546636 51.3895625),24,68,2468,51.388743334500006,0.05489726699999992,0.0925188582987069
34964471,51.3885855,0.0643342,3,,,POINT (0.0643342 51.3885855),24,69,2469,51.388743334500006,0.0631414489999999,0.08460466416754214
81666991,51.3891593,0.0725407,3,,,POINT (0.0725407 51.3891593),24,70,2470,51.388743334500006,0.071385631,0.0925377725739327
81679969,51.388422,0.0793985,1,,,POINT (0.0793985 51.388422),24,71,2471,51.388743334500006,0.079629813,0.039170305910705236
81683961,51.3887806,0.0869088,3,,,POINT (0.0869088 51.3887806),24,72,2472,51.388743334500006,0.08787399499999998,0.06710226053572182
8566285096,51.3878126,0.0962966,3,,,POINT (0.0962966 51.3878126),24,73,2473,51.388743334500006,0.09611817699999997,0.10423087469596905
81700472,51.3886241,0.1036323,4,,,POINT (0.1036323 51.3886241),24,74,2474,51.388743334500006,0.10436235899999996,0.05236460060480042
59837163,51.388831,0.1139349,3,,,POINT (0.1139349 51.388831),24,75,2475,51.388743334500006,0.11260654099999995,0.0926878569531768
59837060,51.388267,0.1210459,3,,,POINT (0.1210459 51.388267),24,76,2476,51.388743334500006,0.12085072299999994,0.054670057250915206
4085400499,51.3878114,0.1270627,1,,,POINT (0.1270627 51.3878114),24,77,2477,51.388743334500006,0.12909490499999993,0.17499596951656374
1753198930,51.3920363,-0.3144085,3,,,POINT (-0.3144085 51.3920363),25,23,2523,51.392675115500005,-0.316090923,0.13664654714880145
38434670,51.3928179,-0.3077281,3,,,POINT (-0.3077281 51.3928179),25,24,2524,51.392675115500005,-0.30784674100000003,0.01788399237592709
290203073,51.3925496,-0.3001429,1,,,POINT (-0.3001429 51.3925496),25,25,2525,51.392675115500005,-0.29960255900000005,0.04000429243211494
22450293,51.3925834,-0.2917559,4,,,POINT (-0.2917559 51.3925834),25,26,2526,51.392675115500005,-0.291358377,0.029406543898467568
22451061,51.3931276,-0.2836766,4,,,POINT (-0.2836766 51.3931276),25,27,2527,51.392675115500005,-0.283114195,0.06367230672446184
22513043,51.3928737,-0.2750687,3,,,POINT (-0.2750687 51.3928737),25,28,2528,51.392675115500005,-0.274870013,0.026031475237073554
227308192,51.3931591,-0.2656361,4,mini_roundabout,,POINT (-0.2656361 51.3931591),25,29,2529,51.392675115500005,-0.266625831,0.08724600548875856
1971466761,51.3930335,-0.2591535,1,,,POINT (-0.2591535 51.3930335),25,30,2530,51.392675115500005,-0.258381649,0.0667535189491947
241736337,51.392972,-0.2497391,3,,,POINT (-0.2497391 51.392972),25,31,2531,51.392675115500005,-0.250137467,0.043055339495082404
1809285899,51.3929668,-0.240851,1,,,POINT (-0.240851 51.3929668),25,32,2532,51.392675115500005,-0.241893285,0.07925719030240105
2755030412,51.3937989,-0.2350756,1,turning_circle,,POINT (-0.2350756 51.3937989),25,33,2533,51.392675115500005,-0.23364910300000002,0.15940710373743508
463526696,51.3921763,-0.2246416,1,,,POINT (-0.2246416 51.3921763),25,34,2534,51.392675115500005,-0.22540492100000004,0.0766904793823131
27019183,51.3931034,-0.2166536,3,,,POINT (-0.2166536 51.3931034),25,35,2535,51.392675115500005,-0.217160739,0.05921207594591147
249492361,51.3926499,-0.200859,3,,,POINT (-0.200859 51.3926499),25,37,2537,51.392675115500005,-0.20067237500000001,0.01324875869064647
27021933,51.3922742,-0.191927,3,,,POINT (-0.191927 51.3922742),25,38,2538,51.392675115500005,-0.19242819300000003,0.05653873859490216
27021698,51.39245,-0.1844976,1,turning_circle,,POINT (-0.1844976 51.39245),25,39,2539,51.392675115500005,-0.18418401100000004,0.033166138595289156
249486480,51.3923209,-0.176358,3,,,POINT (-0.176358 51.3923209),25,40,2540,51.392675115500005,-0.175939829,0.04891991472026542
26525198,51.3942162,-0.1677696,3,,,POINT (-0.1677696 51.3942162),25,41,2541,51.392675115500005,-0.167695647,0.17143757927529285
1686229632,51.3929474,-0.158823,3,,,POINT (-0.158823 51.3929474),25,42,2542,51.392675115500005,-0.15945146500000001,0.0530854164998704
11080848,51.3941713,-0.1459883,4,,,POINT (-0.1459883 51.3941713),25,44,2544,51.392675115500005,-0.14296310100000004,0.26783254941273205
244414276,51.3910308,-0.1346298,3,,,POINT (-0.1346298 51.3910308),25,45,2545,51.392675115500005,-0.13471891900000005,0.1829440717921887
244188908,51.3917315,-0.1232367,1,turning_circle,,POINT (-0.1232367 51.3917315),25,46,2546,51.392675115500005,-0.126474737,0.24796190053858658
244161854,51.3933221,-0.1176248,3,,,POINT (-0.1176248 51.3933221),25,47,2547,51.392675115500005,-0.11823055500000001,0.08331868009707337
130256040,51.3924482,-0.1096084,3,,,POINT (-0.1096084 51.3924482),25,48,2548,51.392675115500005,-0.10998637300000003,0.03639233766779221
130256293,51.3925592,-0.1031357,4,,,POINT (-0.1031357 51.3925592),25,49,2549,51.392675115500005,-0.10174219100000004,0.09754179587571452
130257094,51.3927832,-0.0938991,3,,,POINT (-0.0938991 51.3927832),25,50,2550,51.392675115500005,-0.09349800900000005,0.030313308831572645
145761612,51.3935388,-0.0869745,3,,,POINT (-0.0869745 51.3935388),25,51,2551,51.392675115500005,-0.085253827,0.15321858011134282
269241323,51.3928701,-0.0763987,1,,,POINT (-0.0763987 51.3928701),25,52,2552,51.392675115500005,-0.07700964500000002,0.04761231949257524
151183498,51.3930613,-0.0689293,3,,,POINT (-0.0689293 51.3930613),25,53,2553,51.392675115500005,-0.06876546300000003,0.04442088308212059
151183129,51.3921593,-0.06195,3,,,POINT (-0.06195 51.3921593),25,54,2554,51.392675115500005,-0.06052128100000003,0.11452707462041495
13808540,51.3926115,-0.0520684,3,,,POINT (-0.0520684 51.3926115),25,55,2555,51.392675115500005,-0.05227709900000004,0.01611567799281317
150626497,51.3930294,-0.044003,3,,,POINT (-0.044003 51.3930294),25,56,2556,51.392675115500005,-0.04403291700000005,0.039449287089232773
89125954,51.392664,-0.0357227,3,,,POINT (-0.0357227 51.392664),25,57,2557,51.392675115500005,-0.03578873500000001,0.004745515563612772
145650491,51.3923739,-0.02748,3,,,POINT (-0.02748 51.3923739),25,58,2558,51.392675115500005,-0.02754455300000002,0.03379177895241426
702721345,51.3926158,-0.0216646,1,,,POINT (-0.0216646 51.3926158),25,59,2559,51.392675115500005,-0.01930037100000003,0.16417078939851817
25344160,51.3926474,-0.0109213,3,,,POINT (-0.0109213 51.3926474),25,60,2560,51.392675115500005,-0.011056189000000044,0.009853401899134836
25343967,51.3932219,-0.0024006,3,,,POINT (-0.0024006 51.3932219),25,61,2561,51.392675115500005,-0.002812007,0.0671669166955268
24910266,51.3924548,0.0057789,3,,,POINT (0.0057789 51.3924548),25,62,2562,51.392675115500005,0.005432174999999989,0.034334962706222764
247274354,51.3921809,0.0131718,3,,,POINT (0.0131718 51.3921809),25,63,2563,51.392675115500005,0.013676356999999978,0.06515775939634656
2813579019,51.3933942,0.0201352,3,,,POINT (0.0201352 51.3933942),25,64,2564,51.392675115500005,0.021920538999999968,0.14743677048450538
81586076,51.3927792,0.030754,3,,,POINT (0.030754 51.3927792),25,65,2565,51.392675115500005,0.030164720999999957,0.042492629904807795
81588880,51.3924669,0.0381297,3,,,POINT (0.0381297 51.3924669),25,66,2566,51.392675115500005,0.038408902999999946,0.030188015317504334
676792161,51.3923775,0.0467646,1,,,POINT (0.0467646 51.3923775),25,67,2567,51.392675115500005,0.046653084999999934,0.0339858014628791
34964405,51.3936392,0.0545302,3,,,POINT (0.0545302 51.3936392),25,68,2568,51.392675115500005,0.05489726699999992,0.11018503765869969
81665735,51.3907358,0.0665926,3,,,POINT (0.0665926 51.3907358),25,69,2569,51.392675115500005,0.0631414489999999,0.32224430294950657
81677306,51.3933333,0.0717081,3,,,POINT (0.0717081 51.3933333),25,70,2570,51.392675115500005,0.071385631,0.07653033507817818
81678176,51.3927328,0.0797558,3,,,POINT (0.0797558 51.3927328),25,71,2571,51.392675115500005,0.079629813,0.01084224410612886
81678896,51.3923586,0.0877155,3,,,POINT (0.0877155 51.3923586),25,72,2572,51.392675115500005,0.08787399499999998,0.036872960454682385
81697783,51.3925351,0.0963051,1,,,POINT (0.0963051 51.3925351),25,73,2573,51.392675115500005,0.09611817699999997,0.020263232600458564
81697012,51.3925919,0.1051771,3,,,POINT (0.1051771 51.3925919),25,74,2574,51.392675115500005,0.10436235899999996,0.05728181872857328
59728031,51.392596,0.1112458,3,,,POINT (0.1112458 51.392596),25,75,2575,51.392675115500005,0.11260654099999995,0.09482182855752212
59836951,51.3926773,0.120815,1,,,POINT (0.120815 51.3926773),25,76,2576,51.392675115500005,0.12085072299999994,0.0024904556668319255
8021650977,51.3939159,0.1282393,3,,,POINT (0.1282393 51.3939159),25,77,2577,51.392675115500005,0.12909490499999993,0.15019822318366025
1382081350,51.3951356,-0.312802,3,,,POINT (-0.312802 51.3951356),26,23,2623,51.3966068965,-0.316090923,0.28076959207573493
38432846,51.3958108,-0.3067643,3,,,POINT (-0.3067643 51.3958108),26,24,2624,51.3966068965,-0.30784674100000003,0.11608519700557993
36141238,51.3964631,-0.300534,3,,,POINT (-0.300534 51.3964631),26,25,2625,51.3966068965,-0.29960255900000005,0.06656982970169255
22486345,51.3963788,-0.2905427,3,,,POINT (-0.2905427 51.3963788),26,26,2626,51.3966068965,-0.291358377,0.0620135705898621
22485925,51.3969842,-0.2828955,3,,,POINT (-0.2828955 51.3969842),26,27,2627,51.3966068965,-0.283114195,0.044613454834131615
7402745565,51.397496,-0.2732476,1,,,POINT (-0.2732476 51.397496),26,28,2628,51.3966068965,-0.274870013,0.1498108275039113
227308197,51.3970093,-0.267102,4,mini_roundabout,,POINT (-0.267102 51.3970093),26,29,2629,51.3966068965,-0.266625831,0.05561889102209231
227373764,51.3962274,-0.2578933,3,,,POINT (-0.2578933 51.3962274),26,30,2630,51.3966068965,-0.258381649,0.05411624615403158
240759015,51.39614,-0.2499922,3,,,POINT (-0.2499922 51.39614),26,31,2631,51.3966068965,-0.250137467,0.05288570067102521
248553275,51.3968547,-0.240758,3,,,POINT (-0.240758 51.3968547),26,32,2632,51.3966068965,-0.241893285,0.08344365973944823
36931376,51.3974703,-0.2317886,3,,,POINT (-0.2317886 51.3974703),26,33,2633,51.3966068965,-0.23364910300000002,0.16086543101283138
1724533208,51.3968046,-0.2277905,3,,,POINT (-0.2277905 51.3968046),26,34,2634,51.3966068965,-0.22540492100000004,0.16695852538210107
27018852,51.3972299,-0.2179409,1,turning_circle,,POINT (-0.2179409 51.3972299),26,35,2635,51.3966068965,-0.217160739,0.08791209004800024
27019179,51.3980297,-0.2079368,3,,,POINT (-0.2079368 51.3980297),26,36,2636,51.3966068965,-0.208916557,0.1721921086864335
2967243117,51.3963274,-0.2004044,3,,,POINT (-0.2004044 51.3963274),26,37,2637,51.3966068965,-0.20067237500000001,0.03621493401422891
27022168,51.3964616,-0.192843,3,,,POINT (-0.192843 51.3964616),26,38,2638,51.3966068965,-0.19242819300000003,0.03300322589972664
5092422240,51.3967064,-0.1845408,1,,,POINT (-0.1845408 51.3967064),26,39,2639,51.3966068965,-0.18418401100000004,0.027113327722756597
266920333,51.396783,-0.1760492,3,,,POINT (-0.1760492 51.396783),26,40,2640,51.3966068965,-0.175939829,0.021000550716794956
26525208,51.3958542,-0.1670846,1,,,POINT (-0.1670846 51.3958542),26,41,2641,51.3966068965,-0.167695647,0.09382008777717908
1674349773,51.3958414,-0.1595448,3,,,POINT (-0.1595448 51.3958414),26,42,2642,51.3966068965,-0.15945146500000001,0.08536527732332339
244162231,51.3976341,-0.1424223,3,,,POINT (-0.1424223 51.3976341),26,44,2644,51.3966068965,-0.14296310100000004,0.12022411480872032
244162697,51.3964684,-0.1338756,3,,,POINT (-0.1338756 51.3964684),26,45,2645,51.3966068965,-0.13471891900000005,0.06050020407403348
244162704,51.3958252,-0.1272241,3,,,POINT (-0.1272241 51.3958252),26,46,2646,51.3966068965,-0.126474737,0.10128224063629591
244161137,51.3959087,-0.1188865,3,,,POINT (-0.1188865 51.3959087),26,47,2647,51.3966068965,-0.11823055500000001,0.08999067477208557
1959436298,51.3959034,-0.1102581,3,,,POINT (-0.1102581 51.3959034),26,48,2648,51.3966068965,-0.10998637300000003,0.08046478050127293
130256451,51.3969865,-0.101608,4,,,POINT (-0.101608 51.3969865),26,49,2649,51.3966068965,-0.10174219100000004,0.04322446937711794
130196650,51.3964831,-0.0944613,3,,,POINT (-0.0944613 51.3964831),26,50,2650,51.3966068965,-0.09349800900000005,0.06823366979648704
149276615,51.3961933,-0.0856231,3,,,POINT (-0.0856231 51.3961933),26,51,2651,51.3966068965,-0.085253827,0.052644220191106414
149269516,51.3965625,-0.0765165,3,,,POINT (-0.0765165 51.3965625),26,52,2652,51.3966068965,-0.07700964500000002,0.03456745548301145
2845483999,51.396769,-0.0682429,1,,,POINT (-0.0682429 51.396769),26,53,2653,51.3966068965,-0.06876546300000003,0.04048772447381898
6676692361,51.3964662,-0.0630605,3,,,POINT (-0.0630605 51.3964662),26,54,2654,51.3966068965,-0.06052128100000003,0.17685798379567683
1927003414,51.3953084,-0.0514767,1,,,POINT (-0.0514767 51.3953084),26,55,2655,51.3966068965,-0.05227709900000004,0.1546964928530467
145662781,51.3963738,-0.0441382,3,,,POINT (-0.0441382 51.3963738),26,56,2656,51.3966068965,-0.04403291700000005,0.026928697150138195
15870737,51.3970978,-0.0349361,4,,,POINT (-0.0349361 51.3970978),26,57,2657,51.3966068965,-0.03578873500000001,0.08049061473121633
6065034881,51.3966813,-0.0287645,4,,,POINT (-0.0287645 51.3966813),26,58,2658,51.3966068965,-0.02754455300000002,0.08504007125112106
6817027984,51.3964148,-0.0193848,1,,,POINT (-0.0193848 51.3964148),26,59,2659,51.3966068965,-0.01930037100000003,0.02214873135924809
140059055,51.3959435,-0.0106236,4,,,POINT (-0.0106236 51.3959435),26,60,2660,51.3966068965,-0.011056189000000044,0.0796379164353948
25343958,51.3968871,-0.0018498,3,,,POINT (-0.0018498 51.3968871),26,61,2661,51.3966068965,-0.002812007,0.0736683743575052
140032613,51.3962563,0.0050937,3,,,POINT (0.0050937 51.3962563),26,62,2662,51.3966068965,0.005432174999999989,0.04551074529941318
26017358,51.3960967,0.0144949,3,,,POINT (0.0144949 51.3960967),26,63,2663,51.3966068965,0.013676356999999978,0.08027074226334156
1945672197,51.3969211,0.0215775,1,,,POINT (0.0215775 51.3969211),26,64,2664,51.3966068965,0.021920538999999968,0.04227349090950527
29373236,51.3971218,0.0294617,3,,,POINT (0.0294617 51.3971218),26,65,2665,51.3966068965,0.030164720999999957,0.07521269163128232
81607727,51.396047,0.0392053,3,,,POINT (0.0392053 51.396047),26,66,2666,51.3966068965,0.038408902999999946,0.08323959412739429
2140843663,51.3963011,0.0466772,1,,,POINT (0.0466772 51.3963011),26,67,2667,51.3966068965,0.046653084999999934,0.034044153608138644
81658984,51.3966912,0.0552115,1,,,POINT (0.0552115 51.3966912),26,68,2668,51.3966068965,0.05489726699999992,0.023730619882005623
676636310,51.3966974,0.0626456,1,,,POINT (0.0626456 51.3966974),26,69,2669,51.3966068965,0.0631414489999999,0.03584244944821571
442075753,51.3961449,0.0701439,3,,,POINT (0.0701439 51.3961449),26,70,2670,51.3966068965,0.071385631,0.10030259777951933
81677616,51.3951669,0.0769237,3,,,POINT (0.0769237 51.3951669),26,71,2671,51.3966068965,0.079629813,0.2467530737305866
59728274,51.3961727,0.0871045,3,,,POINT (0.0871045 51.3961727),26,72,2672,51.3966068965,0.08787399499999998,0.07197948557137891
59728198,51.3968341,0.0961961,3,,,POINT (0.0961961 51.3968341),26,73,2673,51.3966068965,0.09611817699999997,0.025835811764738585
59728154,51.3965421,0.1038062,3,,,POINT (0.1038062 51.3965421),26,74,2674,51.3966068965,0.10436235899999996,0.03925183110102087
12630912,51.3963396,0.1123652,4,traffic_signals,,POINT (0.1123652 51.3963396),26,75,2675,51.3966068965,0.11260654099999995,0.034113754501948534
59722654,51.396703,0.1207524,3,,,POINT (0.1207524 51.396703),26,76,2676,51.3966068965,0.12085072299999994,0.012677801152648358
26200438,51.3968426,0.1435097,3,,,POINT (0.1435097 51.3968426),26,79,2679,51.3966068965,0.1455832689999999,0.14622641333422978
1382081338,51.4008389,-0.3082781,3,,,POINT (-0.3082781 51.4008389),27,24,2724,51.4005386775,-0.30784674100000003,0.04483166977975463
10465246,51.4006667,-0.2989704,3,,,POINT (-0.2989704 51.4006667),27,25,2725,51.4005386775,-0.29960255900000005,0.04610635689009608
23830586,51.400178,-0.2913388,1,turning_circle,,POINT (-0.2913388 51.400178),27,26,2726,51.4005386775,-0.291358377,0.04012849601420734
3759045649,51.40011,-0.2843216,1,,,POINT (-0.2843216 51.40011),27,27,2727,51.4005386775,-0.283114195,0.0963733617814056
1804964895,51.4005321,-0.2752188,1,,,POINT (-0.2752188 51.4005321),27,28,2728,51.4005386775,-0.274870013,0.0242069058437203
569044665,51.4003112,-0.2672968,3,,,POINT (-0.2672968 51.4003112),27,29,2729,51.4005386775,-0.266625831,0.05297501314169129
223659391,51.4009279,-0.258257,3,,,POINT (-0.258257 51.4009279),27,30,2730,51.4005386775,-0.258381649,0.04413493278579795
240747357,51.4010067,-0.2498106,3,,,POINT (-0.2498106 51.4010067),27,31,2731,51.4005386775,-0.250137467,0.05676708765465432
1667650213,51.4011189,-0.2419671,3,motorway_junction,,POINT (-0.2419671 51.4011189),27,32,2732,51.4005386775,-0.241893285,0.06472068483299323
36931069,51.4001159,-0.2330365,3,,,POINT (-0.2330365 51.4001159),27,33,2733,51.4005386775,-0.23364910300000002,0.06337216436020007
36932406,51.4002267,-0.2257714,1,turning_circle,,POINT (-0.2257714 51.4002267),27,34,2734,51.4005386775,-0.22540492100000004,0.043008836878232946
27018745,51.3996332,-0.2168927,3,,,POINT (-0.2168927 51.3996332),27,35,2735,51.4005386775,-0.217160739,0.10238711981708527
27018936,51.400168,-0.2093487,4,,,POINT (-0.2093487 51.400168),27,36,2736,51.4005386775,-0.208916557,0.05096654974625094
27019780,51.4007372,-0.2003706,3,,,POINT (-0.2003706 51.4007372),27,37,2737,51.4005386775,-0.20067237500000001,0.0304227904116988
27019798,51.4005678,-0.1919432,3,,,POINT (-0.1919432 51.4005678),27,38,2738,51.4005386775,-0.19242819300000003,0.0338001283182749
266921490,51.3995179,-0.1824786,1,turning_circle,,POINT (-0.1824786 51.3995179),27,39,2739,51.4005386775,-0.18418401100000004,0.1639520028898068
251649997,51.4009971,-0.1748781,1,,,POINT (-0.1748781 51.4009971),27,40,2740,51.4005386775,-0.175939829,0.0895722152891098
26463940,51.4010597,-0.1685157,3,,,POINT (-0.1685157 51.4010597),27,41,2741,51.4005386775,-0.167695647,0.08119548612633933
1672430384,51.4010134,-0.1603628,3,,,POINT (-0.1603628 51.4010134),27,42,2742,51.4005386775,-0.15945146500000001,0.08236044826904036
243045864,51.4008727,-0.1510108,3,,,POINT (-0.1510108 51.4008727),27,43,2743,51.4005386775,-0.15120728300000003,0.039563656264865195
244162197,51.3997967,-0.1435968,3,,,POINT (-0.1435968 51.3997967),27,44,2744,51.4005386775,-0.14296310100000004,0.09348528350464924
454493986,51.400633,-0.1348142,3,,,POINT (-0.1348142 51.400633),27,45,2745,51.4005386775,-0.13471891900000005,0.012397220754154493
244152993,51.4002433,-0.1270059,3,,,POINT (-0.1270059 51.4002433),27,46,2746,51.4005386775,-0.126474737,0.0493610122637197
539994,51.4009053,-0.118062,4,,,POINT (-0.118062 51.4009053),27,47,2747,51.4005386775,-0.11823055500000001,0.042410322086910514
27351759,51.4010335,-0.1091791,3,,,POINT (-0.1091791 51.4010335),27,48,2748,51.4005386775,-0.10998637300000003,0.07850826426590209
129942772,51.4002059,-0.1020263,3,,,POINT (-0.1020263 51.4002059),27,49,2749,51.4005386775,-0.10174219100000004,0.04192474138487064
149266594,51.4003558,-0.0937332,1,,,POINT (-0.0937332 51.4003558),27,50,2750,51.4005386775,-0.09349800900000005,0.02607128761185939
149256745,51.400827,-0.0847553,3,,,POINT (-0.0847553 51.400827),27,51,2751,51.4005386775,-0.085253827,0.047157783922127466
149272932,51.4008147,-0.0768083,3,,,POINT (-0.0768083 51.4008147),27,52,2752,51.4005386775,-0.07700964500000002,0.03372105845283935
9152964015,51.400762,-0.0684689,1,,,POINT (-0.0684689 51.400762),27,53,2753,51.4005386775,-0.06876546300000003,0.03224733770081877
151180380,51.3999262,-0.0619431,3,,,POINT (-0.0619431 51.3999262),27,54,2754,51.4005386775,-0.06052128100000003,0.11986212272984079
145682235,51.4005844,-0.0518791,3,,,POINT (-0.0518791 51.4005844),27,55,2755,51.4005386775,-0.05227709900000004,0.028073942092806253
106141541,51.4000975,-0.0453531,3,,,POINT (-0.0453531 51.4000975),27,56,2756,51.4005386775,-0.04403291700000005,0.10389457705452819
145640007,51.4001374,-0.0343956,3,,,POINT (-0.0343956 51.4001374),27,57,2757,51.4005386775,-0.03578873500000001,0.10644738498969342
300603750,51.4005005,-0.0254267,1,,,POINT (-0.0254267 51.4005005),27,58,2758,51.4005386775,-0.02754455300000002,0.1469798682263346
140362973,51.4002254,-0.0182565,3,,,POINT (-0.0182565 51.4002254),27,59,2759,51.4005386775,-0.01930037100000003,0.08035801497268515
140378191,51.4004062,-0.0108143,1,,,POINT (-0.0108143 51.4004062),27,60,2760,51.4005386775,-0.011056189000000044,0.022328741014361893
140052587,51.4006234,-0.002657,1,,,POINT (-0.002657 51.4006234),27,61,2761,51.4005386775,-0.002812007,0.014296077799229997
140045833,51.4002496,0.0055699,1,turning_circle,,POINT (0.0055699 51.4002496),27,62,2762,51.4005386775,0.005432174999999989,0.03353381197411367
21596961,51.4011363,0.0136633,3,,,POINT (0.0136633 51.4011363),27,63,2763,51.4005386775,0.013676356999999978,0.06645876282156081
46191887,51.4007263,0.0237652,4,,,POINT (0.0237652 51.4007263),27,64,2764,51.4005386775,0.021920538999999968,0.12965599845229478
46191444,51.4006068,0.0283579,3,,,POINT (0.0283579 51.4006068),27,65,2765,51.4005386775,0.030164720999999957,0.1255703420959057
29373518,51.4008511,0.0388407,4,,,POINT (0.0388407 51.4008511),27,66,2766,51.4005386775,0.038408902999999946,0.04587059996352124
81605959,51.4007395,0.0452483,3,,,POINT (0.0452483 51.4007395),27,67,2767,51.4005386775,0.046653084999999934,0.09997743824147065
676624360,51.4002462,0.055864,3,,,POINT (0.055864 51.4002462),27,68,2768,51.4005386775,0.05489726699999992,0.074533504334701
419902657,51.4017309,0.0629878,1,,,POINT (0.0629878 51.4017309),27,69,2769,51.4005386775,0.0631414489999999,0.13299688969922513
59658209,51.4012404,0.0705917,1,,,POINT (0.0705917 51.4012404),27,70,2770,51.4005386775,0.071385631,0.09550758762847654
59682571,51.4010742,0.0881275,3,,,POINT (0.0881275 51.4010742),27,72,2772,51.4005386775,0.08787399499999998,0.06208989444196271
9490906463,51.4002202,0.0976747,1,,,POINT (0.0976747 51.4002202),27,73,2773,51.4005386775,0.09611817699999997,0.11363742603556667
59728438,51.4009701,0.1042869,3,,,POINT (0.1042869 51.4009701),27,74,2774,51.4005386775,0.10436235899999996,0.04825675027419502
59727611,51.4005722,0.1122703,1,,,POINT (0.1122703 51.4005722),27,75,2775,51.4005386775,0.11260654099999995,0.023621471497736572
59721890,51.4004181,0.1209694,4,,,POINT (0.1209694 51.4004181),27,76,2776,51.4005386775,0.12085072299999994,0.015733498223062116
613691368,51.4013634,0.131764,1,,,POINT (0.131764 51.4013634),27,77,2777,51.4005386775,0.12909490499999993,0.20662287390654788
262185474,51.4020396,0.1504009,3,,,POINT (0.1504009 51.4020396),27,80,2780,51.4005386775,0.153827451,0.2904403879646718
1721936712,51.4061163,-0.3454284,1,,,POINT (-0.3454284 51.4061163),28,19,2819,51.40447045850001,-0.349067651,0.31179351831671465
8084498,51.4050201,-0.3415205,3,,,POINT (-0.3415205 51.4050201),28,20,2820,51.40447045850001,-0.340823469,0.07792953731440541
10705061,51.4045762,-0.3077917,2,,,POINT (-0.3077917 51.4045762),28,24,2824,51.40447045850001,-0.30784674100000003,0.012362253463202376
264714460,51.404533,-0.2986968,1,,,POINT (-0.2986968 51.404533),28,25,2825,51.40447045850001,-0.29960255900000005,0.06321205596166214
262829439,51.4041553,-0.2915824,1,,,POINT (-0.2915824 51.4041553),28,26,2826,51.40447045850001,-0.291358377,0.038334843798156173
252738913,51.4047694,-0.2813909,1,,,POINT (-0.2813909 51.4047694),28,27,2827,51.40447045850001,-0.283114195,0.12407251294644524
1708262074,51.4052373,-0.2747659,3,,,POINT (-0.2747659 51.4052373),28,28,2828,51.40447045850001,-0.274870013,0.08557415983670123
1708307241,51.4047851,-0.2674921,4,,,POINT (-0.2674921 51.4047851),28,29,2829,51.40447045850001,-0.266625831,0.06953228935513427
223659529,51.4047526,-0.2571347,3,,,POINT (-0.2571347 51.4047526),28,30,2830,51.40447045850001,-0.258381649,0.0920088016789683
240743289,51.4044398,-0.250422,3,,,POINT (-0.250422 51.4044398),28,31,2831,51.40447045850001,-0.250137467,0.020029025658761232
248555061,51.4041001,-0.2405875,3,,,POINT (-0.2405875 51.4041001),28,32,2832,51.40447045850001,-0.241893285,0.09949926537702627
36930982,51.4051645,-0.2348281,1,,,POINT (-0.2348281 51.4051645),28,33,2833,51.40447045850001,-0.23364910300000002,0.11244532371088456
36931006,51.404026,-0.2292562,3,,,POINT (-0.2292562 51.404026),28,34,2834,51.40447045850001,-0.22540492100000004,0.2716800294981333
36932087,51.4047788,-0.2158712,3,,,POINT (-0.2158712 51.4047788),28,35,2835,51.40447045850001,-0.217160739,0.09579501429138898
27019046,51.4039832,-0.2094019,3,,,POINT (-0.2094019 51.4039832),28,36,2836,51.40447045850001,-0.208916557,0.06378839923275718
27019290,51.404418,-0.199326,3,,,POINT (-0.199326 51.404418),28,37,2837,51.40447045850001,-0.20067237500000001,0.09357396852094038
37192081,51.4042104,-0.1916517,3,,,POINT (-0.1916517 51.4042104),28,38,2838,51.40447045850001,-0.19242819300000003,0.06113357057921691
251650148,51.4045542,-0.183382,3,,,POINT (-0.183382 51.4045542),28,39,2839,51.40447045850001,-0.18418401100000004,0.05640572070947564
251650922,51.4040432,-0.1761881,3,,,POINT (-0.1761881 51.4040432),28,40,2840,51.40447045850001,-0.175939829,0.05053398352249252
1931993629,51.4043763,-0.1679258,1,,,POINT (-0.1679258 51.4043763),28,41,2841,51.40447045850001,-0.167695647,0.019091647708615964
243044860,51.4047717,-0.1603887,1,,,POINT (-0.1603887 51.4047717),28,42,2842,51.40447045850001,-0.15945146500000001,0.07313354933178287
304819844,51.4041228,-0.1515441,1,,,POINT (-0.1515441 51.4041228),28,43,2843,51.40447045850001,-0.15120728300000003,0.04516952549032302
2166270725,51.4042405,-0.1426897,1,,,POINT (-0.1426897 51.4042405),28,44,2844,51.40447045850001,-0.14296310100000004,0.031835412163487765
243237042,51.4046681,-0.1341666,3,,,POINT (-0.1341666 51.4046681),28,45,2845,51.40447045850001,-0.13471891900000005,0.04416751486956867
27351492,51.404569,-0.1276406,4,,,POINT (-0.1276406 51.404569),28,46,2846,51.40447045850001,-0.126474737,0.0816094809696517
27351618,51.4046632,-0.1170461,3,,,POINT (-0.1170461 51.4046632),28,47,2847,51.40447045850001,-0.11823055500000001,0.08490940610370462
27351614,51.4042264,-0.1094873,3,,,POINT (-0.1094873 51.4042264),28,48,2848,51.40447045850001,-0.10998637300000003,0.04398768958591304
2123527035,51.4041935,-0.1018913,3,,,POINT (-0.1018913 51.4041935),28,49,2849,51.40447045850001,-0.10174219100000004,0.032486853304768235
129944486,51.4047559,-0.0933565,3,,,POINT (-0.0933565 51.4047559),28,50,2850,51.40447045850001,-0.09349800900000005,0.033222811994979194
149251549,51.4043105,-0.0849437,3,,,POINT (-0.0849437 51.4043105),28,51,2851,51.40447045850001,-0.085253827,0.02791297953788331
145727221,51.4043467,-0.0761143,3,mini_roundabout,,POINT (-0.0761143 51.4043467),28,52,2852,51.40447045850001,-0.07700964500000002,0.06361243854083826
149304236,51.4041668,-0.0681296,3,,,POINT (-0.0681296 51.4041668),28,53,2853,51.40447045850001,-0.06876546300000003,0.055547537258878926
149311042,51.4042592,-0.0606448,3,,,POINT (-0.0606448 51.4042592),28,54,2854,51.40447045850001,-0.06052128100000003,0.025004625371843087
145674365,51.4045288,-0.0520435,3,,,POINT (-0.0520435 51.4045288),28,55,2855,51.40447045850001,-0.05227709900000004,0.017454066966139763
106141544,51.4043091,-0.0429223,3,,,POINT (-0.0429223 51.4043091),28,56,2856,51.40447045850001,-0.04403291700000005,0.07910038086887952
13808142,51.4039674,-0.0351127,3,,,POINT (-0.0351127 51.4039674),28,57,2857,51.40447045850001,-0.03578873500000001,0.07299337447308092
300595791,51.4048975,-0.028317,2,,,POINT (-0.028317 51.4048975),28,58,2858,51.40447045850001,-0.02754455300000002,0.07159415600549154
140374006,51.4043246,-0.0189073,1,turning_circle,,POINT (-0.0189073 51.4043246),28,59,2859,51.40447045850001,-0.01930037100000003,0.031724750439593656
140371318,51.4042786,-0.0110868,3,,,POINT (-0.0110868 51.4042786),28,60,2860,51.40447045850001,-0.011056189000000044,0.02143910039060026
140063065,51.4045704,-0.0019639,3,,,POINT (-0.0019639 51.4045704),28,61,2861,51.40447045850001,-0.002812007,0.059869706834153956
11159027192,51.4034649,0.0049538,1,,,POINT (0.0049538 51.4034649),28,62,2862,51.40447045850001,0.005432174999999989,0.11663303079959957
21596794,51.4052088,0.0125322,3,,,POINT (0.0125322 51.4052088),28,63,2863,51.40447045850001,0.013676356999999978,0.11418879413700149
29373508,51.4045086,0.0238046,4,,,POINT (0.0238046 51.4045086),28,64,2864,51.40447045850001,0.021920538999999968,0.13075751273738448
46189691,51.4045854,0.0295438,1,,,POINT (0.0295438 51.4045854),28,65,2865,51.40447045850001,0.030164720999999957,0.0449267490754237
81604922,51.4041225,0.0386386,3,,,POINT (0.0386386 51.4041225),28,66,2866,51.40447045850001,0.038408902999999946,0.04184344834144494
46185486,51.4046707,0.0458002,1,turning_circle,,POINT (0.0458002 51.4046707),28,67,2867,51.40447045850001,0.046653084999999934,0.06321193214837702
34964388,51.4037713,0.0570725,3,,,POINT (0.0570725 51.4037713),28,68,2868,51.40447045850001,0.05489726699999992,0.16973774788245247
59658636,51.404816,0.0625168,3,,,POINT (0.0625168 51.404816),28,69,2869,51.40447045850001,0.0631414489999999,0.0579109623969325
428960411,51.4047524,0.0795527,1,,,POINT (0.0795527 51.4047524),28,71,2871,51.40447045850001,0.079629813,0.03180350641149146
59682359,51.4057164,0.0891231,1,,,POINT (0.0891231 51.4057164),28,72,2872,51.40447045850001,0.08787399499999998,0.16340470437913082
59681506,51.4050324,0.0955992,3,,,POINT (0.0955992 51.4050324),28,73,2873,51.40447045850001,0.09611817699999997,0.07211309607434459
59680596,51.4045107,0.1046548,4,,,POINT (0.1046548 51.4045107),28,74,2874,51.40447045850001,0.10436235899999996,0.02077295786236596
59678675,51.4052918,0.1116556,1,,,POINT (0.1116556 51.4052918),28,75,2875,51.40447045850001,0.11260654099999995,0.11265858298106902
613691324,51.4032091,0.1185708,3,,,POINT (0.1185708 51.4032091),28,76,2876,51.40447045850001,0.12085072299999994,0.21138445247141022
262185619,51.4036397,0.1483582,1,,,POINT (0.1483582 51.4036397),28,79,2879,51.40447045850001,0.1455832689999999,0.21350470525408968
1721936647,51.4075535,-0.3469009,1,,,POINT (-0.3469009 51.4075535),29,19,2919,51.408402239500006,-0.349067651,0.17746174536731602
269667712,51.4077165,-0.3416128,1,,,POINT (-0.3416128 51.4077165),29,20,2920,51.408402239500006,-0.340823469,0.09386971056231544
227330261,51.4088521,-0.3363635,2,,,POINT (-0.3363635 51.4088521),29,21,2921,51.408402239500006,-0.332579287,0.2671940040997825
1382081363,51.4077408,-0.3076385,3,mini_roundabout,,POINT (-0.3076385 51.4077408),29,24,2924,51.408402239500006,-0.30784674100000003,0.07495352695576134
81495391,51.4086042,-0.3005185,3,,,POINT (-0.3005185 51.4086042),29,25,2925,51.408402239500006,-0.29960255900000005,0.0673814434917249
23850519,51.4084984,-0.2911243,3,,,POINT (-0.2911243 51.4084984),29,26,2926,51.408402239500006,-0.291358377,0.019440179312968358
23855278,51.4083691,-0.2819702,3,,,POINT (-0.2819702 51.4083691),29,27,2927,51.408402239500006,-0.283114195,0.07943247163617606
1711221687,51.4086441,-0.2748551,3,,,POINT (-0.2748551 51.4086441),29,28,2928,51.408402239500006,-0.274870013,0.02691354434757939
235471120,51.4085643,-0.2659931,1,turning_circle,,POINT (-0.2659931 51.4085643),29,29,2929,51.408402239500006,-0.266625831,0.04744151547420334
235474475,51.4083457,-0.2583213,3,,,POINT (-0.2583213 51.4083457),29,30,2930,51.408402239500006,-0.258381649,0.007552875512055481
7495820015,51.409194,-0.2516848,1,,,POINT (-0.2516848 51.409194),29,31,2931,51.408402239500006,-0.250137467,0.13881232885136463
239996463,51.4073591,-0.2436541,1,turning_circle,,POINT (-0.2436541 51.4073591),29,32,2932,51.408402239500006,-0.241893285,0.16843395285192989
36930708,51.4088691,-0.234745,3,,,POINT (-0.234745 51.4088691),29,33,2933,51.408402239500006,-0.23364910300000002,0.09204620002577808
250724634,51.4074871,-0.2247886,1,,,POINT (-0.2247886 51.4074871),29,34,2934,51.408402239500006,-0.22540492100000004,0.11037332759771998
6655483640,51.4082488,-0.2173905,1,,,POINT (-0.2173905 51.4082488),29,35,2935,51.408402239500006,-0.217160739,0.023346558721273565
1663594172,51.4090938,-0.209166,1,,,POINT (-0.209166 51.4090938),29,36,2936,51.408402239500006,-0.208916557,0.07882026254952401
27019334,51.4088395,-0.2014759,3,,,POINT (-0.2014759 51.4088395),29,37,2937,51.408402239500006,-0.20067237500000001,0.07395980453172128
5941807856,51.4079173,-0.1922467,3,,,POINT (-0.1922467 51.4079173),29,38,2938,51.408402239500006,-0.19242819300000003,0.05537269850036807
132664921,51.4088349,-0.1839912,3,,,POINT (-0.1839912 51.4088349),29,39,2939,51.408402239500006,-0.18418401100000004,0.04993377070701071
251650628,51.40873,-0.1765181,3,,,POINT (-0.1765181 51.40873),29,40,2940,51.408402239500006,-0.175939829,0.05419361181073183
251650488,51.4087928,-0.1672478,3,,,POINT (-0.1672478 51.4087928),29,41,2941,51.408402239500006,-0.167695647,0.053393711949615154
243043394,51.4082348,-0.1601465,3,,,POINT (-0.1601465 51.4082348),29,42,2942,51.408402239500006,-0.15945146500000001,0.05167781084935966
243047330,51.4077251,-0.1504049,1,,,POINT (-0.1504049 51.4077251),29,43,2943,51.408402239500006,-0.15120728300000003,0.09362984424508916
2166270860,51.4083602,-0.1428966,1,,,POINT (-0.1428966 51.4083602),29,44,2944,51.408402239500006,-0.14296310100000004,0.006567088112338747
27351587,51.4085514,-0.1348011,3,,,POINT (-0.1348011 51.4085514),29,45,2945,51.408402239500006,-0.13471891900000005,0.01753801721546416
27351518,51.408396,-0.1250762,4,,,POINT (-0.1250762 51.408396),29,46,2946,51.408402239500006,-0.126474737,0.09700431689416608
30632925,51.4082483,-0.1160214,3,,,POINT (-0.1160214 51.4082483),29,47,2947,51.408402239500006,-0.11823055500000001,0.15417929146587928
129942358,51.4077383,-0.110644,3,,,POINT (-0.110644 51.4077383),29,48,2948,51.408402239500006,-0.10998637300000003,0.08678092584306826
129943660,51.4084971,-0.1022487,3,,,POINT (-0.1022487 51.4084971),29,49,2949,51.408402239500006,-0.10174219100000004,0.03668051138166263
1943422545,51.4085597,-0.0937093,1,,,POINT (-0.0937093 51.4085597),29,50,2950,51.408402239500006,-0.09349800900000005,0.022832603780854138
145746895,51.4087092,-0.085743,1,,,POINT (-0.085743 51.4087092),29,51,2951,51.408402239500006,-0.085253827,0.0481267035287157
2332033070,51.4100292,-0.0783407,1,,,POINT (-0.0783407 51.4100292),29,52,2952,51.408402239500006,-0.07700964500000002,0.2031040623204419
430953725,51.4086977,-0.0674741,3,,,POINT (-0.0674741 51.4086977),29,53,2953,51.408402239500006,-0.06876546300000003,0.09540332072346862
265818736,51.4086262,-0.0604014,1,,,POINT (-0.0604014 51.4086262),29,54,2954,51.408402239500006,-0.06052128100000003,0.026254712376912216
145695273,51.4088799,-0.0531917,3,,,POINT (-0.0531917 51.4088799),29,55,2955,51.408402239500006,-0.05227709900000004,0.08273544630528974
30154891,51.4090602,-0.0429502,3,,,POINT (-0.0429502 51.4090602),29,56,2956,51.408402239500006,-0.04403291700000005,0.10484318795516577
139979432,51.4085605,-0.0355922,1,,,POINT (-0.0355922 51.4085605),29,57,2957,51.408402239500006,-0.03578873500000001,0.02225983758355994
13808124,51.40762,-0.0269315,3,,,POINT (-0.0269315 51.40762),29,58,2958,51.408402239500006,-0.02754455300000002,0.09681826339484882
137774444,51.408726,-0.0173587,1,,,POINT (-0.0173587 51.408726),29,59,2959,51.408402239500006,-0.01930037100000003,0.13940163519503662
139991899,51.4076342,-0.0109673,1,,,POINT (-0.0109673 51.4076342),29,60,2960,51.408402239500006,-0.011056189000000044,0.08562435109304581
21578197,51.4092789,-0.0022458,3,,,POINT (-0.0022458 51.4092789),29,61,2961,51.408402239500006,-0.002812007,0.10509346727858958
46232882,51.4086786,0.0065297,3,,,POINT (0.0065297 51.4086786),29,62,2962,51.408402239500006,0.005432174999999989,0.08209215411066188
14598968,51.4089437,0.0142975,5,traffic_signals,,POINT (0.0142975 51.4089437),29,63,2963,51.408402239500006,0.013676356999999978,0.07403386849301383
1307258814,51.4083304,0.0226733,3,,,POINT (0.0226733 51.4083304),29,64,2964,51.408402239500006,0.021920538999999968,0.05281872096502877
14598675,51.4082562,0.0303662,3,,,POINT (0.0303662 51.4082562),29,65,2965,51.408402239500006,0.030164720999999957,0.02142398414254205
1307251560,51.4082971,0.0395721,3,,,POINT (0.0395721 51.4082971),29,66,2966,51.408402239500006,0.038408902999999946,0.08152151203253824
1307251578,51.4088467,0.0461072,1,,,POINT (0.0461072 51.4088467),29,67,2967,51.408402239500006,0.046653084999999934,0.06225793390490918
428070049,51.4084668,0.0565457,1,,,POINT (0.0565457 51.4084668),29,68,2968,51.408402239500006,0.05489726699999992,0.11455955904385418
59658546,51.4083762,0.0631489,3,,,POINT (0.0631489 51.4083762),29,69,2969,51.408402239500006,0.0631414489999999,0.002941219180477996
419902869,51.4090749,0.0719618,3,,,POINT (0.0719618 51.4090749),29,70,2970,51.408402239500006,0.071385631,0.08480276021852247
9588928276,51.4088394,0.0800413,3,,,POINT (0.0800413 51.4088394),29,71,2971,51.408402239500006,0.079629813,0.056369222426265075
59657803,51.4097586,0.0840077,1,,,POINT (0.0840077 51.4097586),29,72,2972,51.408402239500006,0.08787399499999998,0.3076633715880236
59682068,51.4079602,0.0972967,3,,,POINT (0.0972967 51.4079602),29,73,2973,51.408402239500006,0.09611817699999997,0.09538214896419914
59678065,51.4087589,0.1041851,3,mini_roundabout,,POINT (0.1041851 51.4087589),29,74,2974,51.408402239500006,0.10436235899999996,0.04152083032374152
59677553,51.4090841,0.1128038,3,,,POINT (0.1128038 51.4090841),29,75,2975,51.408402239500006,0.11260654099999995,0.0770439756148945
615038591,51.4067858,0.1179005,1,,,POINT (0.1179005 51.4067858),29,76,2976,51.408402239500006,0.12085072299999994,0.272359505291115
96522577,51.4089113,0.1469114,3,,,POINT (0.1469114 51.4089113),29,79,2979,51.408402239500006,0.1455832689999999,0.10811958245160054
1654482161,51.4137391,-0.3730245,3,,,POINT (-0.3730245 51.4137391),30,16,3016,51.412334020500005,-0.373800197,0.16524008739179144
206145374,51.4131258,-0.3650675,3,,,POINT (-0.3650675 51.4131258),30,17,3017,51.412334020500005,-0.365556015,0.0943356810413563
293784,51.4126404,-0.3599319,3,,,POINT (-0.3599319 51.4126404),30,18,3018,51.412334020500005,-0.35731183299999997,0.18487631871000582
1212005345,51.4135062,-0.3148061,3,,,POINT (-0.3148061 51.4135062),30,23,3023,51.412334020500005,-0.316090923,0.15788755743578578
287103268,51.4123162,-0.3075473,3,,,POINT (-0.3075473 51.4123162),30,24,3024,51.412334020500005,-0.30784674100000003,0.020861618944962752
241475684,51.4122989,-0.2986783,3,,,POINT (-0.2986783 51.4122989),30,25,3025,51.412334020500005,-0.29960255900000005,0.06421950484735518
6395506836,51.4122544,-0.2910345,2,,,POINT (-0.2910345 51.4122544),30,26,3026,51.412334020500005,-0.291358377,0.02414385299337659
23868337,51.4127489,-0.283735,3,,,POINT (-0.283735 51.4127489),30,27,3027,51.412334020500005,-0.283114195,0.06310249839786583
235482306,51.4122039,-0.2747511,3,,,POINT (-0.2747511 51.4122039),30,28,3028,51.412334020500005,-0.274870013,0.016654075689917145
235488096,51.4122566,-0.266315,3,,,POINT (-0.266315 51.4122566),30,29,3029,51.412334020500005,-0.266625831,0.0232126213452857
235490185,51.4116598,-0.2595238,3,,,POINT (-0.2595238 51.4116598),30,30,3030,51.412334020500005,-0.258381649,0.10906490183033798
239996441,51.4114548,-0.2486991,3,,,POINT (-0.2486991 51.4114548),30,31,3031,51.412334020500005,-0.250137467,0.13967600547173817
36728171,51.4122483,-0.2423129,3,,,POINT (-0.2423129 51.4122483),30,32,3032,51.412334020500005,-0.241893285,0.030623005473604546
36728149,51.4126078,-0.2335753,3,,,POINT (-0.2335753 51.4126078),30,33,3033,51.412334020500005,-0.23364910300000002,0.03087018811409682
25811442,51.4120803,-0.2265468,3,,,POINT (-0.2265468 51.4120803),30,34,3034,51.412334020500005,-0.22540492100000004,0.08406879608271371
247779904,51.4114104,-0.2174237,3,,,POINT (-0.2174237 51.4114104),30,35,3035,51.412334020500005,-0.217160739,0.10430861912675182
168147475,51.4125274,-0.2088649,3,,,POINT (-0.2088649 51.4125274),30,36,3036,51.412334020500005,-0.208916557,0.021799224207262557
1657016435,51.4121883,-0.2008429,3,,,POINT (-0.2008429 51.4121883),30,37,3037,51.412334020500005,-0.20067237500000001,0.020060318139983886
55418111,51.4124699,-0.1924248,3,,,POINT (-0.1924248 51.4124699),30,38,3038,51.412334020500005,-0.19242819300000003,0.015110943384170392
130219409,51.4118425,-0.1828807,3,,,POINT (-0.1828807 51.4118425),30,39,3039,51.412334020500005,-0.18418401100000004,0.10562870886891303
8895973205,51.4120416,-0.1748049,1,,,POINT (-0.1748049 51.4120416),30,40,3040,51.412334020500005,-0.175939829,0.08516327827201381
130202443,51.4120149,-0.1678845,3,,,POINT (-0.1678845 51.4120149),30,41,3041,51.412334020500005,-0.167695647,0.03782465333788532
32822334,51.4119929,-0.1595169,3,,,POINT (-0.1595169 51.4119929),30,42,3042,51.412334020500005,-0.15945146500000001,0.038201384380172024
243236047,51.4119362,-0.1497091,1,,,POINT (-0.1497091 51.4119362),30,43,3043,51.412334020500005,-0.15120728300000003,0.11292911811250962
243236260,51.412419,-0.1430578,3,,,POINT (-0.1430578 51.412419),30,44,3044,51.412334020500005,-0.14296310100000004,0.011507554489676813
243235044,51.4131,-0.1339032,3,,,POINT (-0.1339032 51.4131),30,45,3045,51.412334020500005,-0.13471891900000005,0.10224918708674229
297589193,51.4118501,-0.1258659,3,,,POINT (-0.1258659 51.4118501),30,46,3046,51.412334020500005,-0.126474737,0.06839906603236859
129942210,51.4142054,-0.1197805,1,,,POINT (-0.1197805 51.4142054),30,47,3047,51.412334020500005,-0.11823055500000001,0.2342116563091022
129941136,51.412128,-0.1106096,3,,,POINT (-0.1106096 51.412128),30,48,3048,51.412334020500005,-0.10998637300000003,0.04891862887131545
129944277,51.4123999,-0.101914,3,,,POINT (-0.101914 51.4123999),30,49,3049,51.412334020500005,-0.10174219100000004,0.013987239360609808
129943811,51.4116363,-0.0932306,3,mini_roundabout,,POINT (-0.0932306 51.4116363),30,50,3050,51.412334020500005,-0.09349800900000005,0.07976884869269821
135710945,51.4123287,-0.0851608,3,,,POINT (-0.0851608 51.4123287),30,51,3051,51.412334020500005,-0.085253827,0.006478819943420463
145717885,51.4132715,-0.0776273,3,,,POINT (-0.0776273 51.4132715),30,52,3052,51.412334020500005,-0.07700964500000002,0.11270105924908924
289461937,51.4123724,-0.0682821,1,,,POINT (-0.0682821 51.4123724),30,53,3053,51.412334020500005,-0.06876546300000003,0.033793469887475294
149298664,51.4122108,-0.060806,1,,,POINT (-0.060806 51.4122108),30,54,3054,51.412334020500005,-0.06052128100000003,0.024034291568284342
145699912,51.4118809,-0.0527556,3,,,POINT (-0.0527556 51.4118809),30,55,3055,51.412334020500005,-0.05227709900000004,0.06033176709567788
139963730,51.4127009,-0.0438963,3,,,POINT (-0.0438963 51.4127009),30,56,3056,51.412334020500005,-0.04403291700000005,0.04188097248215404
137783022,51.4125452,-0.0360257,1,,,POINT (-0.0360257 51.4125452),30,57,3057,51.412334020500005,-0.03578873500000001,0.02866174238707827
137660983,51.4120481,-0.026531,3,,,POINT (-0.026531 51.4120481),30,58,3058,51.412334020500005,-0.02754455300000002,0.07714916786835814
8326845341,51.4121635,-0.0193692,1,,,POINT (-0.0193692 51.4121635),30,59,3059,51.412334020500005,-0.01930037100000003,0.019552667035105473
6285362542,51.4122823,-0.0116156,3,,,POINT (-0.0116156 51.4122823),30,60,3060,51.412334020500005,-0.011056189000000044,0.03922108851146608
46220363,51.4122467,-0.0031405,3,,,POINT (-0.0031405 51.4122467),30,61,3061,51.412334020500005,-0.002812007,0.024764968902771023
46209454,51.4123323,0.0064982,4,,,POINT (0.0064982 51.4123323),30,62,3062,51.412334020500005,0.005432174999999989,0.07393285345363054
46228382,51.4126547,0.0135029,4,,,POINT (0.0135029 51.4126547),30,63,3063,51.412334020500005,0.013676356999999978,0.037632494635553855
1252551291,51.4130624,0.0212512,1,,,POINT (0.0212512 51.4130624),30,64,3064,51.412334020500005,0.021920538999999968,0.09335201403548998
420022220,51.4109822,0.0305511,1,,,POINT (0.0305511 51.4109822),30,65,3065,51.412334020500005,0.030164720999999957,0.15268549719654337
46178075,51.4124997,0.0382585,3,,,POINT (0.0382585 51.4124997),30,66,3066,51.412334020500005,0.038408902999999946,0.021170771298316116
46176288,51.4123751,0.046049,3,,,POINT (0.046049 51.4123751),30,67,3067,51.412334020500005,0.046653084999999934,0.04214369106315148
59658827,51.4130221,0.0555667,3,,,POINT (0.0555667 51.4130221),30,68,3068,51.412334020500005,0.05489726699999992,0.0894953073073089
1936422465,51.4112944,0.060508,3,,,POINT (0.060508 51.4112944),30,69,3069,51.412334020500005,0.0631414489999999,0.216150978443294
59659118,51.4130678,0.0690152,3,,,POINT (0.0690152 51.4130678),30,70,3070,51.412334020500005,0.071385631,0.18353076035373375
428952766,51.411975,0.0800372,1,,,POINT (0.0800372 51.411975),30,71,3071,51.412334020500005,0.079629813,0.048907937508795414
59676637,51.4122534,0.1037916,3,,,POINT (0.1037916 51.4122534),30,74,3074,51.412334020500005,0.10436235899999996,0.04058659900998625
304950508,51.4120199,0.1124972,3,,,POINT (0.1124972 51.4120199),30,75,3075,51.412334020500005,0.11260654099999995,0.035742308342158184
96524557,51.4115042,0.1204765,3,motorway_junction,,POINT (0.1204765 51.4115042),30,76,3076,51.412334020500005,0.12085072299999994,0.09585247377784106
262185987,51.4123762,0.1378542,3,,,POINT (0.1378542 51.4123762),30,78,3078,51.412334020500005,0.13733908699999992,0.03603145004764701
6163830755,51.4168909,-0.3799042,1,,,POINT (-0.3799042 51.4168909),31,15,3115,51.4162658015,-0.382044379,0.16388533951566328
30158042,51.4161958,-0.3734318,3,,,POINT (-0.3734318 51.4161958),31,16,3116,51.4162658015,-0.373800197,0.02670693352247642
1761231178,51.4166097,-0.3664418,3,,,POINT (-0.3664418 51.4166097),31,17,3117,51.4162658015,-0.365556015,0.07235698106569373
1761231246,51.4167189,-0.3576055,1,,,POINT (-0.3576055 51.4167189),31,18,3118,51.4162658015,-0.35731183299999997,0.054342474115704656
1597710466,51.4161066,-0.3395875,1,,,POINT (-0.3395875 51.4161066),31,20,3120,51.4162658015,-0.340823469,0.08752058724406858
1212005381,51.4175384,-0.3209593,3,,,POINT (-0.3209593 51.4175384),31,22,3122,51.4162658015,-0.324335105,0.27354559172228965
1829397617,51.4171159,-0.3161252,1,,,POINT (-0.3161252 51.4171159),31,23,3123,51.4162658015,-0.316090923,0.09455652217854454
1661055095,51.4164928,-0.3097711,3,,,POINT (-0.3097711 51.4164928),31,24,3124,51.4162658015,-0.30784674100000003,0.13581541274814818
292684,51.4164138,-0.3013685,3,,,POINT (-0.3013685 51.4164138),31,25,3125,51.4162658015,-0.29960255900000005,0.12356430312723637
27227151,51.4162473,-0.2911531,3,,,POINT (-0.2911531 51.4162473),31,26,3126,51.4162658015,-0.291358377,0.014383352291128176
3419813907,51.4159508,-0.2840777,3,,,POINT (-0.2840777 51.4159508),31,27,3127,51.4162658015,-0.283114195,0.07544114984414813
6690794663,51.4156539,-0.2745784,1,,,POINT (-0.2745784 51.4156539),31,28,3128,51.4162658015,-0.274870013,0.07098203570084322
243715205,51.4167212,-0.2673947,1,,,POINT (-0.2673947 51.4167212),31,29,3129,51.4162658015,-0.266625831,0.0735330944033264
26403824,51.4163128,-0.2594301,3,,,POINT (-0.2594301 51.4163128),31,30,3130,51.4162658015,-0.258381649,0.07289506694558587
1142071147,51.4165243,-0.2504923,3,,,POINT (-0.2504923 51.4165243),31,31,3131,51.4162658015,-0.250137467,0.03783772032156491
36727998,51.4181268,-0.2425054,3,,,POINT (-0.2425054 51.4181268),31,32,3132,51.4162658015,-0.241893285,0.2112423471967272
36728144,51.4156523,-0.2337107,3,,,POINT (-0.2337107 51.4156523),31,33,3133,51.4162658015,-0.23364910300000002,0.06835186208542347
27179816,51.4166367,-0.2251892,3,,,POINT (-0.2251892 51.4166367),31,34,3134,51.4162658015,-0.22540492100000004,0.043871366516735164
1669410167,51.4165151,-0.2171517,3,,,POINT (-0.2171517 51.4165151),31,35,3135,51.4162658015,-0.217160739,0.027727814576897304
168142398,51.4164581,-0.2091957,3,,,POINT (-0.2091957 51.4164581),31,36,3136,51.4162658015,-0.208916557,0.028843415960454546
27152028,51.4161908,-0.2002388,3,,,POINT (-0.2002388 51.4161908),31,37,3137,51.4162658015,-0.20067237500000001,0.0312025718089371
21315543,51.4162764,-0.1924698,3,,,POINT (-0.1924698 51.4162764),31,38,3138,51.4162658015,-0.19242819300000003,0.0031167405425004567
32569983,51.4161464,-0.1840574,3,,,POINT (-0.1840574 51.4161464),31,39,3139,51.4162658015,-0.18418401100000004,0.01591747517199797
130155448,51.4161645,-0.1757863,1,,,POINT (-0.1757863 51.4161645),31,40,3140,51.4162658015,-0.175939829,0.015499627243970847
2055952225,51.4163134,-0.1678844,3,,,POINT (-0.1678844 51.4163134),31,41,3141,51.4162658015,-0.167695647,0.01411910982933177
243036676,51.4163463,-0.1597958,3,,,POINT (-0.1597958 51.4163463),31,42,3142,51.4162658015,-0.15945146500000001,0.025501308992287766
243041761,51.416887,-0.1521692,3,,,POINT (-0.1521692 51.416887),31,43,3143,51.4162658015,-0.15120728300000003,0.096025754380274
1840518190,51.4158795,-0.1425931,3,,,POINT (-0.1425931 51.4158795),31,44,3144,51.4162658015,-0.14296310100000004,0.05003483764049487
1840526615,51.4158184,-0.1350875,3,,,POINT (-0.1350875 51.4158184),31,45,3145,51.4162658015,-0.13471891900000005,0.055930947699034825
15096402,51.4165882,-0.1257353,3,,,POINT (-0.1257353 51.4165882),31,46,3146,51.4162658015,-0.126474737,0.06256666542723276
129941005,51.4160507,-0.1186973,4,,,POINT (-0.1186973 51.4160507),31,47,3147,51.4162658015,-0.11823055500000001,0.04024610118228906
31923537,51.4156763,-0.1106733,4,,,POINT (-0.1106733 51.4156763),31,48,3148,51.4162658015,-0.10998637300000003,0.08103106368958042
129941778,51.4169626,-0.1020654,3,,,POINT (-0.1020654 51.4169626),31,49,3149,51.4162658015,-0.10174219100000004,0.08065723990259384
700873936,51.4158635,-0.0932201,1,,,POINT (-0.0932201 51.4158635),31,50,3150,51.4162658015,-0.09349800900000005,0.048708786836614254
135712444,51.4160429,-0.0846973,1,,,POINT (-0.0846973 51.4160429),31,51,3151,51.4162658015,-0.085253827,0.04586731078010601
145715652,51.4166886,-0.0772459,1,turning_circle,,POINT (-0.0772459 51.4166886),31,52,3152,51.4162658015,-0.07700964500000002,0.049786044196158126
132869556,51.4158096,-0.068335,3,,,POINT (-0.068335 51.4158096),31,53,3153,51.4162658015,-0.06876546300000003,0.05885900920108239
61086383,51.4166801,-0.0595682,3,mini_roundabout,,POINT (-0.0595682 51.4166801),31,54,3154,51.4162658015,-0.06052128100000003,0.08056431309514897
60728681,51.416699,-0.0521,4,,,POINT (-0.0521 51.416699),31,55,3155,51.4162658015,-0.05227709900000004,0.04971045534224973
13820272,51.4164382,-0.0449444,3,,,POINT (-0.0449444 51.4164382),31,56,3156,51.4162658015,-0.04403291700000005,0.06605196599375886
64663876,51.4162518,-0.0366934,3,mini_roundabout,,POINT (-0.0366934 51.4162518),31,57,3157,51.4162658015,-0.03578873500000001,0.06275564682295562
137656945,51.4157884,-0.0277667,3,,,POINT (-0.0277667 51.4157884),31,58,3158,51.4162658015,-0.02754455300000002,0.05527481194528714
137663273,51.4157264,-0.0206261,1,,,POINT (-0.0206261 51.4157264),31,59,3159,51.4162658015,-0.01930037100000003,0.10977153423034683
504747823,51.4149965,-0.0143298,1,,,POINT (-0.0143298 51.4149965),31,60,3160,51.4162658015,-0.011056189000000044,0.2673174265042812
21580228,51.4172568,-0.0020279,3,,,POINT (-0.0020279 51.4172568),31,61,3161,51.4162658015,-0.002812007,0.12287959602481763
46224431,51.4164596,0.0058116,1,,,POINT (0.0058116 51.4164596),31,62,3162,51.4162658015,0.005432174999999989,0.03401038297583319
21587856,51.4168222,0.013137,3,,,POINT (0.013137 51.4168222),31,63,3163,51.4162658015,0.013676356999999978,0.07229598619110922
21588017,51.4160849,0.0228802,3,,,POINT (0.0228802 51.4160849),31,64,3164,51.4162658015,0.021920538999999968,0.06952386576623228
21588941,51.4168276,0.0285343,3,,,POINT (0.0285343 51.4168276),31,65,3165,51.4162658015,0.030164720999999957,0.1291746801952352
46164121,51.4163659,0.0457006,3,,,POINT (0.0457006 51.4163659),31,67,3167,51.4162658015,0.046653084999999934,0.0669836772961442
21589423,51.41565,0.0559894,3,,,POINT (0.0559894 51.41565),31,68,3168,51.4162658015,0.05489726699999992,0.10210203245006319
45462772,51.4167901,0.0631637,3,,,POINT (0.0631637 51.4167901),31,69,3169,51.4162658015,0.0631414489999999,0.05831975001489595
45452115,51.4160734,0.0709377,3,,,POINT (0.0709377 51.4160734),31,70,3170,51.4162658015,0.071385631,0.0377175793406388
59657661,51.4157706,0.0797278,1,,,POINT (0.0797278 51.4157706),31,71,3171,51.4162658015,0.079629813,0.05548159317932057
429478877,51.4159196,0.0894579,1,,,POINT (0.0894579 51.4159196),31,72,3172,51.4162658015,0.08787399499999998,0.11639089416952697
419858920,51.4179811,0.0966023,1,,,POINT (0.0966023 51.4179811),31,73,3173,51.4162658015,0.09611817699999997,0.19366458286504162
25838857,51.4156271,0.1045755,3,,,POINT (0.1045755 51.4156271),31,74,3174,51.4162658015,0.10436235899999996,0.07254217997406659
426813990,51.4160001,0.1127884,1,,,POINT (0.1127884 51.4160001),31,75,3175,51.4162658015,0.11260654099999995,0.032123779690211324
5186865650,51.417125,0.1195081,1,,,POINT (0.1195081 51.417125),31,76,3176,51.4162658015,0.12085072299999994,0.13340344263511508
59355372,51.41649,0.1288573,3,,,POINT (0.1288573 51.41649),31,77,3177,51.4162658015,0.12909490499999993,0.02988298508675197
30158181,51.4202525,-0.3811132,3,,,POINT (-0.3811132 51.4202525),32,15,3215,51.4201975825,-0.382044379,0.06485752582578183
210962063,51.4206866,-0.3733327,3,,,POINT (-0.3733327 51.4206866),32,16,3216,51.4201975825,-0.373800197,0.06330583252421453
1761231183,51.4201529,-0.3664153,1,,,POINT (-0.3664153 51.4201529),32,17,3217,51.4201975825,-0.365556015,0.05979102306786543
1761231090,51.4202047,-0.3594257,3,,,POINT (-0.3594257 51.4202047),32,18,3218,51.4201975825,-0.35731183299999997,0.14658106161306633
307686019,51.4187695,-0.3431701,1,,,POINT (-0.3431701 51.4187695),32,20,3220,51.4201975825,-0.340823469,0.22736396898781472
1769469524,51.4208178,-0.3323006,3,,,POINT (-0.3323006 51.4208178),32,21,3221,51.4201975825,-0.332579287,0.07162130925271926
27228107,51.420195,-0.3251039,3,,,POINT (-0.3251039 51.420195),32,22,3222,51.4201975825,-0.324335105,0.05331025628673876
1730991001,51.4195973,-0.317294,3,,,POINT (-0.317294 51.4195973),32,23,3223,51.4201975825,-0.316090923,0.10684045115369295
1730967671,51.4205222,-0.3081576,1,,,POINT (-0.3081576 51.4205222),32,24,3224,51.4201975825,-0.30784674100000003,0.042042155456985655
1226629850,51.4201557,-0.299822,3,,,POINT (-0.299822 51.4201557),32,25,3225,51.4201975825,-0.29960255900000005,0.015913125747579276
30482347,51.4198456,-0.2924606,3,,,POINT (-0.2924606 51.4198456),32,26,3226,51.4201975825,-0.291358377,0.08586857540413646
292638,51.4205917,-0.2827628,3,,,POINT (-0.2827628 51.4205917),32,27,3227,51.4201975825,-0.283114195,0.05014222224921835
7743688357,51.4207519,-0.2746441,1,,,POINT (-0.2746441 51.4207519),32,28,3228,51.4201975825,-0.274870013,0.06359678117538081
30478649,51.4201697,-0.2677184,3,,,POINT (-0.2677184 51.4201697),32,29,3229,51.4201975825,-0.266625831,0.07582392725977943
292374,51.4207993,-0.2526215,3,,,POINT (-0.2526215 51.4207993),32,31,3231,51.4201975825,-0.250137467,0.1847843487100967
36727987,51.4190095,-0.2430894,1,,,POINT (-0.2430894 51.4190095),32,32,3232,51.4201975825,-0.241893285,0.15598728285978725
27179577,51.4199255,-0.2337843,3,,,POINT (-0.2337843 51.4199255),32,33,3233,51.4201975825,-0.23364910300000002,0.03167338323706335
27179752,51.4191283,-0.2249812,3,,,POINT (-0.2249812 51.4191283),32,34,3234,51.4201975825,-0.22540492100000004,0.12247536294839168
25264331,51.4198418,-0.2174591,4,,,POINT (-0.2174591 51.4198418),32,35,3235,51.4201975825,-0.217160739,0.04464437629797765
6196115703,51.4200034,-0.2090725,1,,,POINT (-0.2090725 51.4200034),32,36,3236,51.4201975825,-0.208916557,0.024148456415208377
27150384,51.4203932,-0.2016173,4,,,POINT (-0.2016173 51.4203932),32,37,3237,51.4201975825,-0.20067237500000001,0.06903861597196556
32525705,51.4200134,-0.1940572,3,,,POINT (-0.1940572 51.4200134),32,38,3238,51.4201975825,-0.19242819300000003,0.11479978264458823
1583905925,51.4202264,-0.1838822,1,,,POINT (-0.1838822 51.4202264),32,39,3239,51.4201975825,-0.18418401100000004,0.021171947017835972
126377853,51.4200942,-0.1761468,3,,,POINT (-0.1761468 51.4200942),32,40,3240,51.4201975825,-0.175939829,0.018388062741536846
130153628,51.4202006,-0.1688107,3,,,POINT (-0.1688107 51.4202006),32,41,3241,51.4201975825,-0.167695647,0.07732029326377823
126510521,51.4200042,-0.1595619,3,,,POINT (-0.1595619 51.4200042),32,42,3242,51.4201975825,-0.15945146500000001,0.022826011954396524
7452577705,51.4198991,-0.1512367,1,,,POINT (-0.1512367 51.4198991),32,43,3243,51.4201975825,-0.15120728300000003,0.03325236415821567
126513001,51.4200398,-0.1424527,3,,,POINT (-0.1424527 51.4200398),32,44,3244,51.4201975825,-0.14296310100000004,0.03950206689623137
15419134,51.4198442,-0.1340085,3,,,POINT (-0.1340085 51.4198442),32,45,3245,51.4201975825,-0.13471891900000005,0.06301403667408483
17415688,51.4202873,-0.1270767,3,,,POINT (-0.1270767 51.4202873),32,46,3246,51.4201975825,-0.126474737,0.0429166367969024
17415702,51.4201325,-0.1180883,3,,,POINT (-0.1180883 51.4201325),32,47,3247,51.4201975825,-0.11823055500000001,0.012234144821593821
128135852,51.4199756,-0.1087192,3,,,POINT (-0.1087192 51.4199756),32,48,3248,51.4201975825,-0.10998637300000003,0.09126914463024964
21442157,51.4204017,-0.1010505,3,,,POINT (-0.1010505 51.4204017),32,49,3249,51.4201975825,-0.10174219100000004,0.0530620575314943
25284588,51.420303,-0.0937769,3,,,POINT (-0.0937769 51.420303),32,50,3250,51.4201975825,-0.09349800900000005,0.022613914630841916
364852523,51.4204902,-0.0845707,1,,,POINT (-0.0845707 51.4204902),32,51,3251,51.4201975825,-0.085253827,0.05746750209978271
293794592,51.4199212,-0.0781645,3,,,POINT (-0.0781645 51.4199212),32,52,3252,51.4201975825,-0.07700964500000002,0.08577436512381298
5020811606,51.4184612,-0.0726816,1,,,POINT (-0.0726816 51.4184612),32,53,3253,51.4201975825,-0.06876546300000003,0.3331990005715596
60461407,51.4198937,-0.0614713,3,,,POINT (-0.0614713 51.4198937),32,54,3254,51.4201975825,-0.06052128100000003,0.07403669960887818
149291200,51.4200651,-0.0520045,1,,,POINT (-0.0520045 51.4200651),32,55,3255,51.4201975825,-0.05227709900000004,0.023964919668852468
473092191,51.4211647,-0.0456401,1,,,POINT (-0.0456401 51.4211647),32,56,3256,51.4201975825,-0.04403291700000005,0.15486829793441464
13893304,51.4212495,-0.0352439,1,,,POINT (-0.0352439 51.4212495),32,57,3257,51.4201975825,-0.03578873500000001,0.12291770675266496
137580361,51.4197819,-0.0258874,3,,,POINT (-0.0258874 51.4197819),32,58,3258,51.4201975825,-0.02754455300000002,0.12385799105013467
469315183,51.4210395,-0.0208312,3,,,POINT (-0.0208312 51.4210395),32,59,3259,51.4201975825,-0.01930037100000003,0.1415336699691588
46206603,51.4207042,-0.0027286,3,,,POINT (-0.0027286 51.4207042),32,61,3261,51.4201975825,-0.002812007,0.05662940565267616
13806909,51.4201941,0.005894,1,,,POINT (0.005894 51.4201941),32,62,3262,51.4201975825,0.005432174999999989,0.0320260304209935
21575879,51.420622,0.0136175,4,,,POINT (0.0136175 51.420622),32,63,3263,51.4201975825,0.013676356999999978,0.047369214427959994
420022213,51.4203827,0.02203,3,,,POINT (0.02203 51.4203827),32,64,3264,51.4201975825,0.021920538999999968,0.02193894269193537
2144872774,51.4200105,0.0421728,1,,,POINT (0.0421728 51.4200105),32,66,3266,51.4201975825,0.038408902999999946,0.26182292784517136
46164134,51.4200915,0.0477272,3,mini_roundabout,,POINT (0.0477272 51.4200915),32,67,3267,51.4201975825,0.046653084999999934,0.07540923870193142
2598563117,51.4201251,0.0552536,3,,,POINT (0.0552536 51.4201251),32,68,3268,51.4201975825,0.05489726699999992,0.025989988868337182
45461647,51.4200366,0.0652993,3,,,POINT (0.0652993 51.4200366),32,69,3269,51.4201975825,0.0631414489999999,0.15069605029223468
45451590,51.4203068,0.0710258,3,,,POINT (0.0710258 51.4203068),32,70,3270,51.4201975825,0.071385631,0.027749794914955966
45452954,51.4202051,0.0770253,3,,,POINT (0.0770253 51.4202051),32,71,3271,51.4201975825,0.079629813,0.18060303856197407
1990932010,51.419763,0.0891359,1,,,POINT (0.0891359 51.419763),32,72,3272,51.4201975825,0.08787399499999998,0.09995955230624792
26200564,51.4192284,0.097806,3,,,POINT (0.097806 51.4192284),32,73,3273,51.4201975825,0.09611817699999997,0.1590967633319819
59341974,51.4192584,0.1052047,3,mini_roundabout,,POINT (0.1052047 51.4192584),32,74,3274,51.4201975825,0.10436235899999996,0.11965711590865577
59333212,51.4204445,0.1123096,3,,,POINT (0.1123096 51.4204445),32,75,3275,51.4201975825,0.11260654099999995,0.03431896511104488
27285011,51.4199866,0.119948,3,,,POINT (0.119948 51.4199866),32,76,3276,51.4201975825,0.12085072299999994,0.0668482654663635
59351888,51.4205544,0.1292376,3,,,POINT (0.1292376 51.4205544),32,77,3277,51.4201975825,0.12909490499999993,0.04089147565894319
59355758,51.4182862,0.1340598,1,,,POINT (0.1340598 51.4182862),32,78,3278,51.4201975825,0.13733908699999992,0.31125618255764204
8004030356,51.425967,-0.3861925,3,,,POINT (-0.3861925 51.425967),33,14,3314,51.42412936350001,-0.39028856100000003,0.3498679961899485
255329851,51.4242417,-0.382241,3,,,POINT (-0.382241 51.4242417),33,15,3315,51.42412936350001,-0.382044379,0.018490139541191178
49967327,51.4247266,-0.3738972,1,,,POINT (-0.3738972 51.4247266),33,16,3316,51.42412936350001,-0.373800197,0.06674937781821275
208546180,51.4241315,-0.3659557,3,,,POINT (-0.3659557 51.4241315),33,17,3317,51.42412936350001,-0.365556015,0.027713433928132962
1684866004,51.4240942,-0.3581904,3,,,POINT (-0.3581904 51.4240942),33,18,3318,51.42412936350001,-0.35731183299999997,0.06104138715930306
2050169118,51.4259175,-0.3462761,1,,,POINT (-0.3462761 51.4259175),33,19,3319,51.42412936350001,-0.349067651,0.2774810369946285
1212005187,51.4242177,-0.3399217,3,,,POINT (-0.3399217 51.4242177),33,20,3320,51.42412936350001,-0.340823469,0.06329152852585596
1214784435,51.4237615,-0.3328814,3,,,POINT (-0.3328814 51.4237615),33,21,3321,51.42412936350001,-0.332579287,0.04595618879920614
1730928607,51.4236733,-0.3240843,3,,,POINT (-0.3240843 51.4236733),33,22,3322,51.42412936350001,-0.324335105,0.053610700374239276
1730938758,51.4234219,-0.3159208,3,,,POINT (-0.3159208 51.4234219),33,23,3323,51.42412936350001,-0.316090923,0.07954579167927123
7600848492,51.4237007,-0.309559,1,,,POINT (-0.309559 51.4237007),33,24,3324,51.42412936350001,-0.30784674100000003,0.12793232492453135
30505033,51.424194,-0.297884,3,,,POINT (-0.297884 51.424194),33,25,3325,51.42412936350001,-0.29960255900000005,0.11937386941162666
30482806,51.4245551,-0.2907163,3,mini_roundabout,,POINT (-0.2907163 51.4245551),33,26,3326,51.42412936350001,-0.291358377,0.0649842894184136
1557600731,51.4222054,-0.279686,1,,,POINT (-0.279686 51.4222054),33,27,3327,51.42412936350001,-0.283114195,0.31979679781320763
296165360,51.4235473,-0.2750041,1,,,POINT (-0.2750041 51.4235473),33,28,3328,51.42412936350001,-0.274870013,0.06538683759121479
243715237,51.4224643,-0.268463,1,,,POINT (-0.268463 51.4224643),33,29,3329,51.42412936350001,-0.266625831,0.22473507429313244
21093962,51.425896,-0.2386071,1,,,POINT (-0.2386071 51.425896),33,32,3332,51.42412936350001,-0.241893285,0.3008364568101543
27179330,51.4222672,-0.2303111,3,,,POINT (-0.2303111 51.4222672),33,33,3333,51.42412936350001,-0.23364910300000002,0.31055272218263746
21093922,51.423279,-0.2241094,3,,,POINT (-0.2241094 51.423279),33,34,3334,51.42412936350001,-0.22540492100000004,0.13042115797011145
27178719,51.4239485,-0.2184094,3,,,POINT (-0.2184094 51.4239485),33,35,3335,51.42412936350001,-0.217160739,0.08888201928896029
26159095,51.4239206,-0.2078903,3,,,POINT (-0.2078903 51.4239206),33,36,3336,51.42412936350001,-0.208916557,0.07484711210931076
1461128173,51.424033,-0.2004824,1,,,POINT (-0.2004824 51.424033),33,37,3337,51.42412936350001,-0.20067237500000001,0.016979900761414
27177285,51.4239131,-0.1938176,3,,,POINT (-0.1938176 51.4239131),33,38,3338,51.42412936350001,-0.19242819300000003,0.09929167176899165
27150135,51.4239494,-0.1861004,3,,,POINT (-0.1861004 51.4239494),33,39,3339,51.42412936350001,-0.18418401100000004,0.13437271794192526
297248850,51.4244461,-0.1754205,3,,,POINT (-0.1754205 51.4244461),33,40,3340,51.42412936350001,-0.175939829,0.050368446479680265
2153686315,51.4239559,-0.1671547,3,,,POINT (-0.1671547 51.4239559),33,41,3341,51.42412936350001,-0.167695647,0.04217594687190806
126471308,51.424162,-0.1592468,1,,,POINT (-0.1592468 51.424162),33,42,3342,51.42412936350001,-0.15945146500000001,0.014647256866454234
126489857,51.424603,-0.1507364,3,,,POINT (-0.1507364 51.424603),33,43,3343,51.42412936350001,-0.15120728300000003,0.061964905878141914
126481216,51.424468,-0.1423413,3,,,POINT (-0.1423413 51.424468),33,44,3344,51.42412936350001,-0.14296310100000004,0.057241488887594186
16169981,51.4246783,-0.1350899,3,,,POINT (-0.1350899 51.4246783),33,45,3345,51.42412936350001,-0.13471891900000005,0.06623728422861382
22222216,51.4245838,-0.1261466,3,,,POINT (-0.1261466 51.4245838),33,46,3346,51.42412936350001,-0.126474737,0.05541673946733049
8151169906,51.4241382,-0.1189921,1,,,POINT (-0.1189921 51.4241382),33,47,3347,51.42412936350001,-0.11823055500000001,0.05281134818479616
128071380,51.4246957,-0.1109768,3,,,POINT (-0.1109768 51.4246957),33,48,3348,51.42412936350001,-0.10998637300000003,0.09317436882177058
128081341,51.4241471,-0.1014104,3,,,POINT (-0.1014104 51.4241471),33,49,3349,51.42412936350001,-0.10174219100000004,0.023089321498553538
124266487,51.4244217,-0.0920635,3,,,POINT (-0.0920635 51.4244217),33,50,3350,51.42412936350001,-0.09349800900000005,0.10463941910277479
128117535,51.423808,-0.0849315,1,,,POINT (-0.0849315 51.423808),33,51,3351,51.42412936350001,-0.085253827,0.04214722082338506
270795186,51.4241619,-0.0768183,1,,,POINT (-0.0768183 51.4241619),33,52,3352,51.42412936350001,-0.07700964500000002,0.013751475401987956
139946081,51.4250534,-0.0673444,3,,,POINT (-0.0673444 51.4250534),33,53,3353,51.42412936350001,-0.06876546300000003,0.14235593956407522
120445614,51.4241242,-0.060493,3,,,POINT (-0.060493 51.4241242),33,54,3354,51.42412936350001,-0.06052128100000003,0.0020432106858969097
760364757,51.4236102,-0.0525433,3,,,POINT (-0.0525433 51.4236102),33,55,3355,51.42412936350001,-0.05227709900000004,0.06060721760604105
473092208,51.424131,-0.043981,1,,,POINT (-0.043981 51.424131),33,56,3356,51.42412936350001,-0.04403291700000005,0.003604295006087796
13891002,51.4247631,-0.0341805,3,,,POINT (-0.0341805 51.4247631),33,57,3357,51.42412936350001,-0.03578873500000001,0.13190770343017222
7394450517,51.4247207,-0.0274849,3,,,POINT (-0.0274849 51.4247207),33,58,3358,51.42412936350001,-0.02754455300000002,0.06588357387191258
675670,51.4242218,-0.0188189,3,,,POINT (-0.0188189 51.4242218),33,59,3359,51.42412936350001,-0.01930037100000003,0.03492958819743135
447250852,51.4244823,-0.0111519,1,,,POINT (-0.0111519 51.4244823),33,60,3360,51.42412936350001,-0.011056189000000044,0.03980187002152776
13807494,51.4245085,-0.0033605,4,,,POINT (-0.0033605 51.4245085),33,61,3361,51.42412936350001,-0.002812007,0.05677657303057091
21575193,51.4243274,0.0056501,3,,,POINT (0.0056501 51.4243274),33,62,3362,51.42412936350001,0.005432174999999989,0.026706167973477173
21575338,51.4239436,0.013977,3,,,POINT (0.013977 51.4239436),33,63,3363,51.42412936350001,0.013676356999999978,0.029346139660696786
14598899,51.4237972,0.0219107,3,,,POINT (0.0219107 51.4237972),33,64,3364,51.42412936350001,0.021920538999999968,0.036941195635632106
46215079,51.424129,0.0311328,3,,,POINT (0.0311328 51.424129),33,65,3365,51.42412936350001,0.030164720999999957,0.06712239197031547
46217028,51.4230249,0.0342973,1,,,POINT (0.0342973 51.4230249),33,66,3366,51.42412936350001,0.038408902999999946,0.3104116790960591
46162050,51.4241463,0.0466069,3,,,POINT (0.0466069 51.4241463),33,67,3367,51.42412936350001,0.046653084999999934,0.00371498981169419
46166442,51.4248827,0.0555298,4,,,POINT (0.0555298 51.4248827),33,68,3368,51.42412936350001,0.05489726699999992,0.09455345156973673
45460818,51.4236512,0.0629264,3,,,POINT (0.0629264 51.4236512),33,69,3369,51.42412936350001,0.0631414489999999,0.0552205350162455
426997946,51.4242622,0.0709227,1,,,POINT (0.0709227 51.4242622),33,70,3370,51.42412936350001,0.071385631,0.035333114969876664
746635696,51.42572,0.0793113,1,,,POINT (0.0793113 51.42572),33,71,3371,51.42412936350001,0.079629813,0.1782440662835739
59321379,51.4246842,0.090267,3,,,POINT (0.090267 51.4246842),33,72,3372,51.42412936350001,0.08787399499999998,0.17701854324339014
417543323,51.4239784,0.0959834,3,,,POINT (0.0959834 51.4239784),33,73,3373,51.42412936350001,0.09611817699999997,0.019212207164895283
5239799701,51.4241291,0.104665,3,,,POINT (0.104665 51.4241291),33,74,3374,51.42412936350001,0.10436235899999996,0.020983828722629286
5206464689,51.4244147,0.1125534,3,,,POINT (0.1125534 51.4244147),33,75,3375,51.42412936350001,0.11260654099999995,0.031941197423517524
59357761,51.4229531,0.1298059,3,,,POINT (0.1298059 51.4229531),33,77,3377,51.42412936350001,0.12909490499999993,0.1397765927639776
59359508,51.4256498,0.1365253,3,,,POINT (0.1365253 51.4256498),33,78,3378,51.42412936350001,0.13733908699999992,0.17823166694188505
59360675,51.4229608,0.1447439,3,,,POINT (0.1447439 51.4229608),33,79,3379,51.42412936350001,0.1455832689999999,0.14237656444818503
1674543818,51.4264631,-0.4055488,3,motorway_junction,,POINT (-0.4055488 51.4264631),34,12,3412,51.428061144500006,-0.406776925,0.19704143143566702
247884549,51.4284409,-0.3975037,1,,,POINT (-0.3975037 51.4284409),34,13,3413,51.428061144500006,-0.398532743,0.08290309033658216
247854100,51.4285764,-0.3896579,1,turning_circle,,POINT (-0.3896579 51.4285764),34,14,3414,51.428061144500006,-0.39028856100000003,0.07207152128180548
255256719,51.4280639,-0.3826197,3,,,POINT (-0.3826197 51.4280639),34,15,3415,51.428061144500006,-0.382044379,0.039887994727703234
3393584680,51.4282658,-0.373437,3,,,POINT (-0.373437 51.4282658),34,16,3416,51.428061144500006,-0.373800197,0.033939821518433055
298498,51.4282501,-0.3643464,3,,,POINT (-0.3643464 51.4282501),34,17,3417,51.428061144500006,-0.365556015,0.08645403419516713
1757353512,51.4280976,-0.3569805,1,,,POINT (-0.3569805 51.4280976),34,18,3418,51.428061144500006,-0.35731183299999997,0.023326128606335893
262087021,51.4278772,-0.3491289,3,,,POINT (-0.3491289 51.4278772),34,19,3419,51.428061144500006,-0.349067651,0.020889839785772975
248078861,51.4283554,-0.3403981,3,,,POINT (-0.3403981 51.4283554),34,20,3420,51.428061144500006,-0.340823469,0.044048558525478836
1769469535,51.4284511,-0.3321445,1,,,POINT (-0.3321445 51.4284511),34,21,3421,51.428061144500006,-0.332579287,0.052809223497424215
1211908312,51.4281781,-0.3253378,3,,,POINT (-0.3253378 51.4281781),34,22,3422,51.428061144500006,-0.324335105,0.07072241931313591
3797986156,51.4273278,-0.3151089,1,,,POINT (-0.3151089 51.4273278),34,23,3423,51.428061144500006,-0.316090923,0.10623026785462919
251030778,51.428244,-0.3079778,3,,,POINT (-0.3079778 51.428244),34,24,3424,51.428061144500006,-0.30784674100000003,0.022270493972773017
30429442,51.428219,-0.2994595,1,turning_circle,,POINT (-0.2994595 51.428219),34,25,3425,51.428061144500006,-0.29960255900000005,0.020161085973880558
30482805,51.4279787,-0.291666,3,,,POINT (-0.291666 51.4279787),34,26,3426,51.428061144500006,-0.291358377,0.02321422749476584
30474477,51.4278351,-0.2717483,3,,,POINT (-0.2717483 51.4278351),34,28,3428,51.428061144500006,-0.274870013,0.21788253630173338
1557587575,51.4285305,-0.2661933,3,mini_roundabout,,POINT (-0.2661933 51.4285305),34,29,3429,51.428061144500006,-0.266625831,0.06019149375377534
1557560882,51.4283871,-0.2577111,1,turning_circle,,POINT (-0.2577111 51.4283871),34,30,3430,51.428061144500006,-0.258381649,0.05894809177740546
27296537,51.4278711,-0.2385666,1,,,POINT (-0.2385666 51.4278711),34,32,3432,51.428061144500006,-0.241893285,0.2316045498184744
21093958,51.4262505,-0.2326262,3,,,POINT (-0.2326262 51.4262505),34,33,3433,51.428061144500006,-0.23364910300000002,0.21345976153956134
21093909,51.4278848,-0.2234757,4,,,POINT (-0.2234757 51.4278848),34,34,3434,51.428061144500006,-0.22540492100000004,0.13518223330708476
26158642,51.4272808,-0.2169182,3,,,POINT (-0.2169182 51.4272808),34,35,3435,51.428061144500006,-0.217160739,0.08838465736592642
6290457248,51.4274081,-0.20883,1,,,POINT (-0.20883 51.4274081),34,36,3436,51.428061144500006,-0.208916557,0.07286277880881596
26158458,51.4280962,-0.2013591,3,,,POINT (-0.2013591 51.4280962),34,37,3437,51.428061144500006,-0.20067237500000001,0.04776970738358485
6508572677,51.4276283,-0.1912134,2,,,POINT (-0.1912134 51.4276283),34,38,3438,51.428061144500006,-0.19242819300000003,0.09700405412287602
1311734720,51.4293701,-0.1866958,3,,,POINT (-0.1866958 51.4293701),34,39,3439,51.428061144500006,-0.18418401100000004,0.226955883544601
43385895,51.4283413,-0.176493,4,mini_roundabout,,POINT (-0.176493 51.4283413),34,40,3440,51.428061144500006,-0.175939829,0.049408926284457845
20356113,51.4280458,-0.168003,5,,,POINT (-0.168003 51.4280458),34,41,3441,51.428061144500006,-0.167695647,0.02137688935919314
43398750,51.4285062,-0.1596445,4,,,POINT (-0.1596445 51.4285062),34,42,3442,51.428061144500006,-0.15945146500000001,0.05126556344427607
126488315,51.4282186,-0.151831,1,,,POINT (-0.151831 51.4282186),34,43,3443,51.428061144500006,-0.15120728300000003,0.04665202595889955
126482559,51.4287642,-0.1425374,3,,,POINT (-0.1425374 51.4287642),34,44,3444,51.428061144500006,-0.14296310100000004,0.08356174263519371
247953083,51.4280096,-0.13469,1,,,POINT (-0.13469 51.4280096),34,45,3445,51.428061144500006,-0.13471891900000005,0.006072046669485984
24554589,51.4284864,-0.1261077,3,,,POINT (-0.1261077 51.4284864),34,46,3446,51.428061144500006,-0.126474737,0.05369833376667885
8179315628,51.4277298,-0.1182768,1,,,POINT (-0.1182768 51.4277298),34,47,3447,51.428061144500006,-0.11823055500000001,0.03698306495754628
1941368508,51.4283354,-0.1093899,3,,,POINT (-0.1093899 51.4283354),34,48,3448,51.428061144500006,-0.10998637300000003,0.05138169508515576
128085215,51.4278419,-0.1014392,3,,,POINT (-0.1014392 51.4278419),34,49,3449,51.428061144500006,-0.10174219100000004,0.03218066220039585
119591504,51.4282249,-0.0935967,4,,,POINT (-0.0935967 51.4282249),34,50,3450,51.428061144500006,-0.09349800900000005,0.019451874948763048
33400804,51.4281571,-0.0853754,3,,,POINT (-0.0853754 51.4281571),34,51,3451,51.428061144500006,-0.085253827,0.013597253875213112
447011781,51.4276273,-0.0764323,3,,,POINT (-0.0764323 51.4276273),34,52,3452,51.428061144500006,-0.07700964500000002,0.06268501475995542
270971732,51.4278662,-0.0674318,3,,,POINT (-0.0674318 51.4278662),34,53,3453,51.428061144500006,-0.06876546300000003,0.09496958402524543
9425654700,51.4281453,-0.0604968,3,,,POINT (-0.0604968 51.4281453),34,54,3454,51.428061144500006,-0.06052128100000003,0.009510340334173655
8263040347,51.4282678,-0.0528644,1,,,POINT (-0.0528644 51.4282678),34,55,3455,51.428061144500006,-0.05227709900000004,0.046753980208018436
363589224,51.4279368,-0.0445902,3,,,POINT (-0.0445902 51.4279368),34,56,3456,51.428061144500006,-0.04403291700000005,0.041035781820651096
647061,51.4283865,-0.0355971,3,,,POINT (-0.0355971 51.4283865),34,57,3457,51.428061144500006,-0.03578873500000001,0.038540308956679814
646918,51.4281486,-0.0274283,4,,,POINT (-0.0274283 51.4281486),34,58,3458,51.428061144500006,-0.02754455300000002,0.012630438461139197
646851,51.4274969,-0.0196071,4,,,POINT (-0.0196071 51.4274969),34,59,3459,51.428061144500006,-0.01930037100000003,0.06624705762415867
15265456,51.4281105,-0.0103907,3,,,POINT (-0.0103907 51.4281105),34,60,3460,51.428061144500006,-0.011056189000000044,0.046463366888850915
13802563,51.4283877,-0.0032759,3,,,POINT (-0.0032759 51.4283877),34,61,3461,51.428061144500006,-0.002812007,0.04850638735008956
21558069,51.4280014,0.0070619,3,,,POINT (0.0070619 51.4280014),34,62,3462,51.428061144500006,0.005432174999999989,0.11318351318348956
623792,51.4284541,0.0134861,3,mini_roundabout,,POINT (0.0134861 51.4284541),34,63,3463,51.428061144500006,0.013676356999999978,0.04564219298263147
14598891,51.4277783,0.0212452,3,,,POINT (0.0212452 51.4277783),34,64,3464,51.428061144500006,0.021920538999999968,0.056403725992120554
82743011,51.4287692,0.0300807,3,,,POINT (0.0300807 51.4287692),34,65,3465,51.428061144500006,0.030164720999999957,0.07894737426207042
82743753,51.4277388,0.038167,1,,,POINT (0.038167 51.4277388),34,66,3466,51.428061144500006,0.038408902999999946,0.03957267007688669
425754208,51.4280194,0.0469942,1,,,POINT (0.0469942 51.4280194),34,67,3467,51.428061144500006,0.046653084999999934,0.024100630285259564
45183407,51.4277635,0.0551659,3,,,POINT (0.0551659 51.4277635),34,68,3468,51.428061144500006,0.05489726699999992,0.03797692347977071
45213088,51.4278232,0.0642102,3,,,POINT (0.0642102 51.4278232),34,69,3469,51.428061144500006,0.0631414489999999,0.07867850554141921
45216660,51.4284273,0.0715593,3,,,POINT (0.0715593 51.4284273),34,70,3470,51.428061144500006,0.071385631,0.042457647918578555
45216594,51.4277741,0.0761749,3,,,POINT (0.0761749 51.4277741),34,71,3471,51.428061144500006,0.079629813,0.24164597292034795
416560237,51.4281486,0.0882084,3,,,POINT (0.0882084 51.4281486),34,72,3472,51.428061144500006,0.08787399499999998,0.02514107528065715
59325935,51.4280174,0.0957878,1,,,POINT (0.0957878 51.4280174),34,73,3473,51.428061144500006,0.09611817699999997,0.023415731220652842
419277121,51.4278799,0.1043141,3,,,POINT (0.1043141 51.4278799),34,74,3474,51.428061144500006,0.10436235899999996,0.020429307431737497
419260920,51.4280752,0.1127561,3,,,POINT (0.1127561 51.4280752),34,75,3475,51.428061144500006,0.11260654099999995,0.010486002001747227
26145424,51.4289352,0.1219063,1,,,POINT (0.1219063 51.4289352),34,76,3476,51.428061144500006,0.12085072299999994,0.12166191728524829
26145410,51.4292521,0.125225,3,,,POINT (0.125225 51.4292521),34,77,3477,51.428061144500006,0.12909490499999993,0.299198678748803
495106887,51.4288431,0.1377628,3,,,POINT (0.1377628 51.4288431),34,78,3478,51.428061144500006,0.13733908699999992,0.09177767008380554
1659138564,51.4309342,-0.4274831,3,,,POINT (-0.4274831 51.4309342),35,9,3509,51.431992925500005,-0.431509471,0.3029366215047767
254338152,51.431665,-0.4239,3,,,POINT (-0.4239 51.431665),35,10,3510,51.431992925500005,-0.423265289,0.05714593377993903
1741021204,51.4329274,-0.4180394,4,mini_roundabout,,POINT (-0.4180394 51.4329274),35,11,3511,51.431992925500005,-0.415021107,0.23361768147371037
1679213187,51.4329082,-0.4044635,1,turning_circle,,POINT (-0.4044635 51.4329082),35,12,3512,51.431992925500005,-0.406776925,0.18994108143290414
1668991651,51.4314783,-0.3982514,3,,,POINT (-0.3982514 51.4314783),35,13,3513,51.431992925500005,-0.398532743,0.06045624163762373
247854132,51.4313412,-0.3886105,3,,,POINT (-0.3886105 51.4313412),35,14,3514,51.431992925500005,-0.39028856100000003,0.13705626439226745
247884592,51.4323655,-0.381873,3,,,POINT (-0.381873 51.4323655),35,15,3515,51.431992925500005,-0.382044379,0.04309826009694348
297999465,51.431691,-0.3741458,1,,,POINT (-0.3741458 51.431691),35,16,3516,51.431992925500005,-0.373800197,0.04124477014515771
244022746,51.4324672,-0.3653485,3,,,POINT (-0.3653485 51.4324672),35,17,3517,51.431992925500005,-0.365556015,0.05466378185502037
244022468,51.4314052,-0.358741,3,,,POINT (-0.358741 51.4314052),35,18,3518,51.431992925500005,-0.35731183299999997,0.11868828855428834
1215186831,51.4312362,-0.3495885,3,,,POINT (-0.3495885 51.4312362),35,19,3519,51.431992925500005,-0.349067651,0.09156401761290395
247366594,51.4319221,-0.3405841,3,,,POINT (-0.3405841 51.4319221),35,20,3520,51.431992925500005,-0.340823469,0.01836796162890227
1211920089,51.4317705,-0.3334017,3,,,POINT (-0.3334017 51.4317705),35,21,3521,51.431992925500005,-0.332579287,0.06214633601191199
60010899,51.4317697,-0.3160674,3,,,POINT (-0.3160674 51.4317697),35,23,3523,51.431992925500005,-0.316090923,0.02487505181271717
3798165912,51.4317597,-0.306976,3,,,POINT (-0.306976 51.4317597),35,24,3524,51.431992925500005,-0.30784674100000003,0.06569821995304503
312182531,51.4308157,-0.298724,3,,,POINT (-0.298724 51.4308157),35,25,3525,51.431992925500005,-0.29960255900000005,0.14437698748626224
30512287,51.4323212,-0.2932676,3,,,POINT (-0.2932676 51.4323212),35,26,3526,51.431992925500005,-0.291358377,0.13729529176041713
1674641481,51.4323097,-0.2870127,3,,,POINT (-0.2870127 51.4323097),35,27,3527,51.431992925500005,-0.283114195,0.27254365062835495
2018396600,51.4315098,-0.2658914,1,,,POINT (-0.2658914 51.4315098),35,29,3529,51.431992925500005,-0.266625831,0.07401464170299853
30472054,51.4319355,-0.2583078,3,,,POINT (-0.2583078 51.4319355),35,30,3530,51.431992925500005,-0.258381649,0.008184303298072728
26196835,51.4329223,-0.2242386,3,,,POINT (-0.2242386 51.4329223),35,34,3534,51.431992925500005,-0.22540492100000004,0.13121242648909603
26158274,51.4319032,-0.2174023,3,,,POINT (-0.2174023 51.4319032),35,35,3535,51.431992925500005,-0.217160739,0.01949273764016842
26159318,51.4303326,-0.2067684,3,,,POINT (-0.2067684 51.4303326),35,36,3536,51.431992925500005,-0.208916557,0.23719591290050163
1571264494,51.431924,-0.2022548,1,,,POINT (-0.2022548 51.431924),35,37,3537,51.431992925500005,-0.20067237500000001,0.10996705894675454
26756591,51.4312977,-0.1934748,3,,,POINT (-0.1934748 51.4312977),35,38,3538,51.431992925500005,-0.19242819300000003,0.1060207985332056
21389989,51.4315958,-0.1835525,3,mini_roundabout,,POINT (-0.1835525 51.4315958),35,39,3539,51.431992925500005,-0.18418401100000004,0.062181581581882084
20356123,51.4317586,-0.1766112,3,,,POINT (-0.1766112 51.4317586),35,40,3540,51.431992925500005,-0.175939829,0.05333917284411506
36712193,51.4318314,-0.1663225,1,turning_circle,,POINT (-0.1663225 51.4318314),35,41,3541,51.431992925500005,-0.167695647,0.0968714221305096
43404793,51.4320211,-0.1598624,3,,,POINT (-0.1598624 51.4320211),35,42,3542,51.431992925500005,-0.15945146500000001,0.028659277956785755
43398772,51.4322729,-0.1515791,3,,,POINT (-0.1515791 51.4322729),35,43,3543,51.431992925500005,-0.15120728300000003,0.040417445390407744
772393520,51.4307416,-0.1441551,3,,,POINT (-0.1441551 51.4307416),35,44,3544,51.431992925500005,-0.14296310100000004,0.16182942257401986
443661788,51.4322425,-0.1344034,1,,,POINT (-0.1344034 51.4322425),35,45,3545,51.431992925500005,-0.13471891900000005,0.03533503155459475
24554745,51.4317291,-0.1260459,3,,,POINT (-0.1260459 51.4317291),35,46,3546,51.431992925500005,-0.126474737,0.04176598333138991
735147018,51.4319602,-0.1182519,3,,,POINT (-0.1182519 51.4319602),35,47,3547,51.431992925500005,-0.11823055500000001,0.003928259129362698
1545695238,51.4321935,-0.1095426,4,,,POINT (-0.1095426 51.4321935),35,48,3548,51.431992925500005,-0.10998637300000003,0.03799785352357801
5756987960,51.4318854,-0.1020888,1,,,POINT (-0.1020888 51.4318854),35,49,3549,51.431992925500005,-0.10174219100000004,0.026838585913129022
119590608,51.4322324,-0.0930605,1,,,POINT (-0.0930605 51.4322324),35,50,3550,51.431992925500005,-0.09349800900000005,0.04036034885435376
35788503,51.4314015,-0.083167,3,,,POINT (-0.083167 51.4314015),35,51,3551,51.431992925500005,-0.085253827,0.15891360465267293
7560775995,51.4324423,-0.0751255,1,,,POINT (-0.0751255 51.4324423),35,52,3552,51.431992925500005,-0.07700964500000002,0.13984694922000773
376071569,51.4321143,-0.0686611,1,,,POINT (-0.0686611 51.4321143),35,53,3553,51.431992925500005,-0.06876546300000003,0.015313093087968252
1140814952,51.4320359,-0.0606607,3,,,POINT (-0.0606607 51.4320359),35,54,3554,51.431992925500005,-0.06052128100000003,0.010781811716080695
124028674,51.4326466,-0.0523271,1,,,POINT (-0.0523271 51.4326466),35,55,3555,51.431992925500005,-0.05227709900000004,0.0727678902656849
179747425,51.4320979,-0.0435116,3,,,POINT (-0.0435116 51.4320979),35,56,3556,51.431992925500005,-0.04403291700000005,0.0379778899746829
13896734,51.4325483,-0.0357726,3,,,POINT (-0.0357726 51.4325483),35,57,3557,51.431992925500005,-0.03578873500000001,0.06176495562820945
646996,51.4318955,-0.0271464,3,,,POINT (-0.0271464 51.4318955),35,58,3558,51.431992925500005,-0.02754455300000002,0.029651306822766184
647028,51.431581,-0.0181786,1,,,POINT (-0.0181786 51.431581),35,59,3559,51.431992925500005,-0.01930037100000003,0.09025247733775725
626158,51.4318976,-0.0107632,3,,,POINT (-0.0107632 51.4318976),35,60,3560,51.431992925500005,-0.011056189000000044,0.022910585350634772
620765,51.4319504,-0.0020548,3,,,POINT (-0.0020548 51.4319504),35,61,3561,51.431992925500005,-0.002812007,0.05270497511303555
18407555,51.4316925,0.0054036,3,,,POINT (0.0054036 51.4316925),35,62,3562,51.431992925500005,0.005432174999999989,0.0334644735694267
21590856,51.4318599,0.0138036,3,,,POINT (0.0138036 51.4318599),35,63,3563,51.431992925500005,0.013676356999999978,0.017222244152917402
686459716,51.432305,0.022075,1,,,POINT (0.022075 51.432305),35,64,3564,51.431992925500005,0.021920538999999968,0.03631560031746881
82744071,51.4315913,0.029507,3,,,POINT (0.029507 51.4315913),35,65,3565,51.431992925500005,0.030164720999999957,0.06382306510399431
45464660,51.4328458,0.0371827,1,,,POINT (0.0371827 51.4328458),35,66,3566,51.431992925500005,0.038408902999999946,0.12735557629539437
425791593,51.4318135,0.046977,1,,,POINT (0.046977 51.4318135),35,67,3567,51.431992925500005,0.046653084999999934,0.030037961736002
45183253,51.4319033,0.0552897,3,,,POINT (0.0552897 51.4319033),35,68,3568,51.431992925500005,0.05489726699999992,0.028972881572919135
4068355639,51.4310582,0.0623795,3,,,POINT (0.0623795 51.4310582),35,69,3569,51.431992925500005,0.0631414489999999,0.11658890883401747
45215795,51.4318337,0.0712772,3,,,POINT (0.0712772 51.4318337),35,70,3570,51.431992925500005,0.071385631,0.019234669114322128
416523416,51.4317974,0.0793433,3,,,POINT (0.0793433 51.4317974),35,71,3571,51.431992925500005,0.079629813,0.029448206091560104
6406859299,51.4317605,0.0882757,3,,,POINT (0.0882757 51.4317605),35,72,3572,51.431992925500005,0.08787399499999998,0.03799259621738143
1208639662,51.4323429,0.0959621,3,,,POINT (0.0959621 51.4323429),35,73,3573,51.431992925500005,0.09611817699999997,0.04039152711617697
26145454,51.4321864,0.1044226,4,,,POINT (0.1044226 51.4321864),35,74,3574,51.431992925500005,0.10436235899999996,0.02191496352425647
27284746,51.4313307,0.1134718,3,,,POINT (0.1134718 51.4313307),35,75,3575,51.431992925500005,0.11260654099999995,0.09497518521912517
26145425,51.4319915,0.1208915,3,,,POINT (0.1208915 51.4319915),35,76,3576,51.431992925500005,0.12085072299999994,0.0028312535602002535
26145406,51.4318242,0.1286549,3,,,POINT (0.1286549 51.4318242),35,77,3577,51.431992925500005,0.12909490499999993,0.035810806479787155
6731815168,51.4329006,0.137938,1,,,POINT (0.137938 51.4329006),35,78,3578,51.431992925500005,0.13733908699999992,0.10913480208942344
494316729,51.4322556,0.1422766,3,,,POINT (0.1422766 51.4322556),35,79,3579,51.431992925500005,0.1455832689999999,0.2310832361653977
366644404,51.4329489,0.1508455,1,,,POINT (0.1508455 51.4329489),35,80,3580,51.431992925500005,0.153827451,0.23244744287938945
35926324,51.4318749,0.1625003,1,,,POINT (0.1625003 51.4318749),35,81,3581,51.431992925500005,0.162071633,0.03248576336452132
35926325,51.4312801,0.1665657,3,,,POINT (0.1665657 51.4312801),35,82,3582,51.431992925500005,0.17031581499999998,0.2717885098446849
1781922954,51.4355763,-0.4450826,1,,,POINT (-0.4450826 51.4355763),36,7,3607,51.4359247065,-0.447997835,0.2057583579016708
1781907874,51.4357446,-0.4394765,1,,,POINT (-0.4394765 51.4357446),36,8,3608,51.4359247065,-0.43975365299999997,0.027751859813297215
1781923022,51.4365292,-0.4278578,1,,,POINT (-0.4278578 51.4365292),36,9,3609,51.4359247065,-0.431509471,0.2618965325044597
254338329,51.435937,-0.4224405,1,,,POINT (-0.4224405 51.435937),36,10,3610,51.4359247065,-0.423265289,0.057188845481886345
254338112,51.4373818,-0.4146478,3,,,POINT (-0.4146478 51.4373818),36,11,3611,51.4359247065,-0.415021107,0.16407474826265125
253396597,51.4362819,-0.4074849,3,,,POINT (-0.4074849 51.4362819),36,12,3612,51.4359247065,-0.406776925,0.0631338837986281
1757218619,51.4356102,-0.4004691,3,,,POINT (-0.4004691 51.4356102),36,13,3613,51.4359247065,-0.398532743,0.13870539743153992
246833186,51.4359751,-0.3907692,1,,,POINT (-0.3907692 51.4359751),36,14,3614,51.4359247065,-0.39028856100000003,0.03378472942015699
246828193,51.4360396,-0.3816455,1,,,POINT (-0.3816455 51.4360396),36,15,3615,51.4359247065,-0.382044379,0.03045820576005566
8931476530,51.4349511,-0.3743211,2,,,POINT (-0.3743211 51.4349511),36,16,3616,51.4359247065,-0.373800197,0.11412297106681885
301972,51.4365182,-0.3548762,3,,,POINT (-0.3548762 51.4365182),36,18,3618,51.4359247065,-0.35731183299999997,0.1812710945496778
248975733,51.4363756,-0.3489709,1,,,POINT (-0.3489709 51.4363756),36,19,3619,51.4359247065,-0.349067651,0.050583626522320374
7964863689,51.4352097,-0.3392308,1,,,POINT (-0.3392308 51.4352097),36,20,3620,51.4359247065,-0.340823469,0.13604947748116814
2935338631,51.4361641,-0.3322371,1,,,POINT (-0.3322371 51.4361641),36,21,3621,51.4359247065,-0.332579287,0.03565399500796999
1247440952,51.4357813,-0.3211749,3,,,POINT (-0.3211749 51.4357813),36,22,3622,51.4359247065,-0.324335105,0.21963824772346266
30430865,51.4362719,-0.3150829,1,turning_circle,,POINT (-0.3150829 51.4362719),36,23,3623,51.4359247065,-0.316090923,0.07982955238700346
3798165042,51.4360188,-0.306951,3,,,POINT (-0.306951 51.4360188),36,24,3624,51.4359247065,-0.30784674100000003,0.06296603313815784
5157395982,51.4340096,-0.2816949,1,,,POINT (-0.2816949 51.4340096),36,27,3627,51.4359247065,-0.283114195,0.2345788671562341
292402,51.435672,-0.2568393,3,,,POINT (-0.2568393 51.435672),36,30,3630,51.4359247065,-0.258381649,0.11054349416292085
25632816,51.4372447,-0.2505119,1,,,POINT (-0.2505119 51.4372447),36,31,3631,51.4359247065,-0.250137467,0.14905367955732282
2389548888,51.4366303,-0.2447108,3,,,POINT (-0.2447108 51.4366303),36,32,3632,51.4359247065,-0.241893285,0.21047257066299976
506427025,51.4372152,-0.2307851,1,,,POINT (-0.2307851 51.4372152),36,33,3633,51.4359247065,-0.23364910300000002,0.24495458174470916
26196839,51.4362936,-0.2245223,3,,,POINT (-0.2245223 51.4362936),36,34,3634,51.4359247065,-0.22540492100000004,0.07365925815057262
26158286,51.4348959,-0.2174423,1,,,POINT (-0.2174423 51.4348959),36,35,3635,51.4359247065,-0.217160739,0.11605104709044942
21411582,51.4361252,-0.2005534,3,,,POINT (-0.2005534 51.4361252),36,37,3637,51.4359247065,-0.20067237500000001,0.023770363975129927
26738907,51.4352317,-0.1959558,1,,,POINT (-0.1959558 51.4352317),36,38,3638,51.4359247065,-0.19242819300000003,0.2563821665157984
6977092001,51.4353759,-0.1842465,1,,,POINT (-0.1842465 51.4353759),36,39,3639,51.4359247065,-0.18418401100000004,0.06117803831981178
2959628829,51.4355604,-0.1760814,3,,,POINT (-0.1760814 51.4355604),36,40,3640,51.4359247065,-0.175939829,0.04168075243210727
2191993539,51.4361436,-0.1681499,3,,,POINT (-0.1681499 51.4361436),36,41,3641,51.4359247065,-0.167695647,0.03979829809773721
21279528,51.4356592,-0.1596174,4,crossing,,POINT (-0.1596174 51.4356592),36,42,3642,51.4359247065,-0.15945146500000001,0.03168451347045455
27244533,51.4366922,-0.1499989,3,,,POINT (-0.1499989 51.4366922),36,43,3643,51.4359247065,-0.15120728300000003,0.11957914083268804
6285236607,51.4361612,-0.1445913,3,,,POINT (-0.1445913 51.4361612),36,44,3644,51.4359247065,-0.14296310100000004,0.11588587199842461
1585611960,51.4355521,-0.1346098,3,,,POINT (-0.1346098 51.4355521),36,45,3645,51.4359247065,-0.13471891900000005,0.0421167362873201
735150895,51.4362788,-0.1262765,1,,,POINT (-0.1262765 51.4362788),36,46,3646,51.4359247065,-0.126474737,0.041702370415216024
119623854,51.4362833,-0.1187063,3,,,POINT (-0.1187063 51.4362833),36,47,3647,51.4359247065,-0.11823055500000001,0.05174388650500177
116119090,51.4360092,-0.1092772,3,,,POINT (-0.1092772 51.4360092),36,48,3648,51.4359247065,-0.10998637300000003,0.05004799741413978
290001442,51.4359303,-0.1015961,3,,,POINT (-0.1015961 51.4359303),36,49,3649,51.4359247065,-0.10174219100000004,0.010145780346833413
5844209132,51.4360147,-0.0939268,3,,,POINT (-0.0939268 51.4360147),36,50,3650,51.4359247065,-0.09349800900000005,0.03136209584438032
35788489,51.4350642,-0.0853888,3,,,POINT (-0.0853888 51.4350642),36,51,3651,51.4359247065,-0.085253827,0.09614029586425143
124004758,51.4349,-0.0787456,3,,,POINT (-0.0787456 51.4349),36,52,3652,51.4359247065,-0.07700964500000002,0.16571978988365405
550378230,51.4348362,-0.0689562,1,,,POINT (-0.0689562 51.4348362),36,53,3653,51.4359247065,-0.06876546300000003,0.12175640173269622
34097359,51.4352832,-0.0602699,1,,,POINT (-0.0602699 51.4352832),36,54,3654,51.4359247065,-0.06052128100000003,0.07342978342779806
667181385,51.4358654,-0.0518986,3,,,POINT (-0.0518986 51.4358654),36,55,3655,51.4359247065,-0.05227709900000004,0.02705279434839562
654792,51.4352588,-0.0439064,3,,,POINT (-0.0439064 51.4352588),36,56,3656,51.4359247065,-0.04403291700000005,0.07456297119640995
13896745,51.4358618,-0.0353594,3,,,POINT (-0.0353594 51.4358618),36,57,3657,51.4359247065,-0.03578873500000001,0.030571539107124585
646262,51.4355732,-0.0263695,3,,,POINT (-0.0263695 51.4355732),36,58,3658,51.4359247065,-0.02754455300000002,0.09034477476473604
648020,51.4360545,-0.0181917,3,traffic_signals,,POINT (-0.0181917 51.4360545),36,59,3659,51.4359247065,-0.01930037100000003,0.07819390924577765
622849,51.4366219,-0.0095748,3,,,POINT (-0.0095748 51.4366219),36,60,3660,51.4359247065,-0.011056189000000044,0.12866388412041402
646234,51.4358737,-0.0018539,1,,,POINT (-0.0018539 51.4358737),36,61,3661,51.4359247065,-0.002812007,0.06665559050013721
646187,51.4360047,0.0052332,3,,,POINT (0.0052332 51.4360047),36,62,3662,51.4359247065,0.005432174999999989,0.016411928984676832
6040204256,51.4369821,0.0136386,1,,,POINT (0.0136386 51.4369821),36,63,3663,51.4359247065,0.013676356999999978,0.11760591782991353
686459765,51.4356987,0.0220897,1,,,POINT (0.0220897 51.4356987),36,64,3664,51.4359247065,0.021920538999999968,0.027731793356668463
10795246601,51.4360849,0.0287547,1,,,POINT (0.0287547 51.4360849),36,65,3665,51.4359247065,0.030164720999999957,0.09934920294638427
26919570,51.4356859,0.0396473,3,,,POINT (0.0396473 51.4356859),36,66,3666,51.4359247065,0.038408902999999946,0.08985632167820304
83587014,51.4359663,0.0465215,3,,,POINT (0.0465215 51.4359663),36,67,3667,51.4359247065,0.046653084999999934,0.010226742561832262
243783923,51.4348685,0.055232,3,,,POINT (0.055232 51.4348685),36,68,3668,51.4359247065,0.05489726699999992,0.11971495635755597
9562598963,51.4352478,0.0633516,3,,,POINT (0.0633516 51.4352478),36,69,3669,51.4359247065,0.0631414489999999,0.07666527042853409
26118147,51.4363598,0.0718173,3,,,POINT (0.0718173 51.4363598),36,70,3670,51.4359247065,0.071385631,0.056885671059338665
27309438,51.4360034,0.0788771,3,,,POINT (0.0788771 51.4360034),36,71,3671,51.4359247065,0.079629813,0.05290497829827885
27309400,51.4345514,0.0882943,3,,,POINT (0.0882943 51.4345514),36,72,3672,51.4359247065,0.08787399499999998,0.15545925600532273
1208652476,51.4357533,0.0964516,3,,,POINT (0.0964516 51.4357533),36,73,3673,51.4359247065,0.09611817699999997,0.029957276002125607
88273547,51.4351328,0.1043203,3,,,POINT (0.1043203 51.4351328),36,74,3674,51.4359247065,0.10436235899999996,0.08810423618855948
25903611,51.4358184,0.1128141,3,,,POINT (0.1128141 51.4358184),36,75,3675,51.4359247065,0.11260654099999995,0.0186207207784922
26145480,51.4361323,0.1196045,3,,,POINT (0.1196045 51.4361323),36,76,3676,51.4359247065,0.12085072299999994,0.08941609854300347
35958574,51.4360612,0.1295799,1,,,POINT (0.1295799 51.4360612),36,77,3677,51.4359247065,0.12909490499999993,0.036885913778141335
494268184,51.4343385,0.1341961,1,,,POINT (0.1341961 51.4343385),36,78,3678,51.4359247065,0.13733908699999992,0.28031401385408167
35924971,51.4357013,0.147799,3,,,POINT (0.147799 51.4357013),36,79,3679,51.4359247065,0.1455832689999999,0.15558583215141109
35925711,51.4370716,0.1624715,3,,,POINT (0.1624715 51.4370716),36,81,3681,51.4359247065,0.162071633,0.13050609442154984
35924775,51.4351125,0.1663028,3,,,POINT (0.1663028 51.4351125),36,82,3682,51.4359247065,0.17031581499999998,0.2924690737959669
1781908946,51.4406428,-0.4404392,1,,,POINT (-0.4404392 51.4406428),37,8,3708,51.4398564875,-0.43975365299999997,0.09951117858963866
10810748,51.4400258,-0.4244929,3,,,POINT (-0.4244929 51.4400258),37,10,3710,51.4398564875,-0.423265289,0.08714567381908551
254338081,51.4396547,-0.414251,1,,,POINT (-0.414251 51.4396547),37,11,3711,51.4398564875,-0.415021107,0.05790182235776865
253234630,51.4403509,-0.4070831,3,,,POINT (-0.4070831 51.4403509),37,12,3712,51.4398564875,-0.406776925,0.05892984788999079
6918549269,51.4407629,-0.3889517,4,,,POINT (-0.3889517 51.4407629),37,14,3714,51.4398564875,-0.39028856100000003,0.13690895055590296
248829439,51.4399423,-0.3829149,1,,,POINT (-0.3829149 51.4399423),37,15,3715,51.4398564875,-0.382044379,0.06108713570946785
248829433,51.4396305,-0.3736133,1,turning_circle,,POINT (-0.3736133 51.4396305),37,16,3716,51.4398564875,-0.373800197,0.028271202835632878
248838451,51.4401831,-0.365399,3,,,POINT (-0.365399 51.4401831),37,17,3717,51.4398564875,-0.365556015,0.03791319715041326
298451,51.4402145,-0.3568377,3,,,POINT (-0.3568377 51.4402145),37,18,3718,51.4398564875,-0.35731183299999997,0.05162110719396824
411062990,51.4401201,-0.3486183,3,,,POINT (-0.3486183 51.4401201),37,19,3719,51.4398564875,-0.349067651,0.04276961956067859
17786581,51.4404775,-0.3420689,4,,,POINT (-0.3420689 51.4404775),37,20,3720,51.4398564875,-0.340823469,0.11054385095581679
297736,51.4397948,-0.3328121,3,,,POINT (-0.3328121 51.4397948),37,21,3721,51.4398564875,-0.332579287,0.017534063905614666
30430811,51.4397463,-0.3218715,3,mini_roundabout,,POINT (-0.3218715 51.4397463),37,22,3722,51.4398564875,-0.324335105,0.1711960535080627
30430839,51.4396034,-0.3160412,3,,,POINT (-0.3160412 51.4396034),37,23,3723,51.4398564875,-0.316090923,0.02835229126045776
30430895,51.4400582,-0.3085818,3,,,POINT (-0.3085818 51.4400582),37,24,3724,51.4398564875,-0.30784674100000003,0.05566678225039723
1247440912,51.4407346,-0.3036095,3,mini_roundabout,,POINT (-0.3036095 51.4407346),37,25,3725,51.4398564875,-0.29960255900000005,0.29438982101747313
262083562,51.4395666,-0.268233,2,,,POINT (-0.268233 51.4395666),37,29,3729,51.4398564875,-0.266625831,0.11596603822541633
271142721,51.439393,-0.2483657,3,,,POINT (-0.2483657 51.439393),37,31,3731,51.4398564875,-0.250137467,0.13318094503899583
6104022601,51.4393293,-0.2435806,1,,,POINT (-0.2435806 51.4393293),37,32,3732,51.4398564875,-0.241893285,0.13082056475623072
506427021,51.4380982,-0.2316137,1,,,POINT (-0.2316137 51.4380982),37,33,3733,51.4398564875,-0.23364910300000002,0.24109914068495938
31625229,51.4403332,-0.2240072,3,,,POINT (-0.2240072 51.4403332),37,34,3734,51.4398564875,-0.22540492100000004,0.11043188201083413
26155831,51.4399273,-0.2175763,3,,,POINT (-0.2175763 51.4399273),37,35,3735,51.4398564875,-0.217160739,0.02986012257162322
22276815,51.4405022,-0.2106486,3,,,POINT (-0.2106486 51.4405022),37,36,3736,51.4398564875,-0.208916557,0.13988304977567373
21411571,51.4395766,-0.200924,4,,,POINT (-0.200924 51.4395766),37,37,3737,51.4398564875,-0.20067237500000001,0.03567574536139372
26738485,51.439714,-0.1923508,1,turning_circle,,POINT (-0.1923508 51.439714),37,38,3738,51.4398564875,-0.19242819300000003,0.016727342548197046
26740491,51.4400922,-0.1839291,3,,,POINT (-0.1839291 51.4400922),37,39,3739,51.4398564875,-0.18418401100000004,0.031609086226126654
18393171,51.4402343,-0.1761726,3,,,POINT (-0.1761726 51.4402343),37,40,3740,51.4398564875,-0.175939829,0.045002294977815334
27242840,51.4393294,-0.1689187,3,,,POINT (-0.1689187 51.4393294),37,41,3741,51.4398564875,-0.167695647,0.10306036873927776
27241811,51.4398958,-0.1592319,3,,,POINT (-0.1592319 51.4398958),37,42,3742,51.4398564875,-0.15945146500000001,0.01583380692507375
27243493,51.4404183,-0.1506022,3,,,POINT (-0.1506022 51.4404183),37,43,3743,51.4398564875,-0.15120728300000003,0.07524279491199815
27247972,51.4397594,-0.1434704,3,,,POINT (-0.1434704 51.4397594),37,44,3744,51.4398564875,-0.14296310100000004,0.03678179314205361
243179930,51.4403293,-0.1349493,3,,,POINT (-0.1349493 51.4403293),37,45,3745,51.4398564875,-0.13471891900000005,0.054945796248707386
33356614,51.4396818,-0.1260834,3,,,POINT (-0.1260834 51.4396818),37,46,3746,51.4398564875,-0.126474737,0.03336217002018833
33356673,51.4404927,-0.1186846,3,,,POINT (-0.1186846 51.4404927),37,47,3747,51.4398564875,-0.11823055500000001,0.0774276844069957
1547012849,51.4404512,-0.1090682,3,,,POINT (-0.1090682 51.4404512),37,48,3748,51.4398564875,-0.10998637300000003,0.09177727991541063
1588256323,51.4397137,-0.1017229,4,,,POINT (-0.1017229 51.4397137),37,49,3749,51.4398564875,-0.10174219100000004,0.015933447591379674
1956340229,51.4398691,-0.0926717,1,,,POINT (-0.0926717 51.4398691),37,50,3750,51.4398564875,-0.09349800900000005,0.057290106755608985
119584171,51.440356,-0.0836484,3,,,POINT (-0.0836484 51.440356),37,51,3751,51.4398564875,-0.085253827,0.12436656943581971
277675334,51.4414765,-0.0666263,1,,,POINT (-0.0666263 51.4414765),37,53,3753,51.4398564875,-0.06876546300000003,0.23330746651315
848508727,51.439912,-0.0607523,1,,,POINT (-0.0607523 51.439912),37,54,3754,51.4398564875,-0.06052128100000003,0.01716091422598612
13824355,51.4395678,-0.0520823,3,,,POINT (-0.0520823 51.4395678),37,55,3755,51.4398564875,-0.05227709900000004,0.034824547325487794
13896772,51.4398118,-0.044074,4,,,POINT (-0.044074 51.4398118),37,56,3756,51.4398564875,-0.04403291700000005,0.005727098779992503
13985859,51.4402525,-0.0359993,3,,,POINT (-0.0359993 51.4402525),37,57,3757,51.4398564875,-0.03578873500000001,0.046390147952983816
650406,51.4406625,-0.0274226,1,,,POINT (-0.0274226 51.4406625),37,58,3758,51.4398564875,-0.02754455300000002,0.09002221594209447
5842449689,51.4397753,-0.0201427,4,,,POINT (-0.0201427 51.4397753),37,59,3759,51.4398564875,-0.01930037100000003,0.05907720782184614
622852,51.4393294,-0.011299,3,,,POINT (-0.011299 51.4393294),37,60,3760,51.4398564875,-0.011056189000000044,0.06097793962094048
618801,51.4399926,-0.0030007,3,,,POINT (-0.0030007 51.4399926),37,61,3761,51.4398564875,-0.002812007,0.020002982832766743
2146052622,51.439524,0.0053705,3,,,POINT (0.0053705 51.439524),37,62,3762,51.4398564875,0.005432174999999989,0.03721724387959782
82747397,51.4401661,0.0143178,3,,,POINT (0.0143178 51.4401661),37,63,3763,51.4398564875,0.013676356999999978,0.05623059956300046
26836970,51.4399182,0.0227247,3,,,POINT (0.0227247 51.4399182),37,64,3764,51.4398564875,0.021920538999999968,0.05615861501947806
83634015,51.4404101,0.0326195,3,,,POINT (0.0326195 51.4404101),37,65,3765,51.4398564875,0.030164720999999957,0.18093783981119593
83586394,51.4400379,0.0371911,1,,,POINT (0.0371911 51.4400379),37,66,3766,51.4398564875,0.038408902999999946,0.08678486776383995
26919586,51.4398411,0.0466411,3,,,POINT (0.0466411 51.4398411),37,67,3767,51.4398564875,0.046653084999999934,0.0019020061318595408
26152884,51.4391154,0.0549633,1,,,POINT (0.0549633 51.4391154),37,68,3768,51.4398564875,0.05489726699999992,0.08253217618464749
26849574,51.4393448,0.0630411,3,,,POINT (0.0630411 51.4393448),37,69,3769,51.4398564875,0.0631414489999999,0.057320610937344925
83635242,51.4401467,0.0715917,1,,,POINT (0.0715917 51.4401467),37,70,3770,51.4398564875,0.071385631,0.035289745265796445
3564264775,51.4392574,0.079964,3,,,POINT (0.079964 51.4392574),37,71,3771,51.4398564875,0.079629813,0.07052772229239013
26897220,51.4402811,0.0880479,3,,,POINT (0.0880479 51.4402811),37,72,3772,51.4398564875,0.08787399499999998,0.0487290739645651
6324440575,51.4393351,0.0965083,1,,,POINT (0.0965083 51.4393351),37,73,3773,51.4398564875,0.09611817699999997,0.06397149186302858
25975430,51.4395522,0.1047024,3,,,POINT (0.1047024 51.4395522),37,74,3774,51.4398564875,0.10436235899999996,0.04123489734437733
7846603742,51.440295,0.1154867,1,,,POINT (0.1154867 51.440295),37,75,3775,51.4398564875,0.11260654099999995,0.2054967281808137
35926665,51.4392864,0.1217921,3,,,POINT (0.1217921 51.4392864),37,76,3776,51.4398564875,0.12085072299999994,0.0909715342159602
35958749,51.4396911,0.1285098,1,,,POINT (0.1285098 51.4396911),37,77,3777,51.4398564875,0.12909490499999993,0.044529634989751744
35958841,51.4393716,0.1373582,3,,,POINT (0.1373582 51.4393716),37,78,3778,51.4398564875,0.13733908699999992,0.053933302517672206
35958508,51.4399837,0.1448159,3,,,POINT (0.1448159 51.4399837),37,79,3779,51.4398564875,0.1455832689999999,0.05503650183679109
382952632,51.4388442,0.1527742,3,mini_roundabout,,POINT (0.1527742 51.4388442),37,80,3780,51.4398564875,0.153827451,0.1341623784439018
35925716,51.4405141,0.1626333,3,,,POINT (0.1626333 51.4405141),37,81,3781,51.4398564875,0.162071633,0.08284040323013692
35925665,51.439551,0.1671308,1,,,POINT (0.1671308 51.439551),37,82,3782,51.4398564875,0.17031581499999998,0.2233579095932715
1738592000,51.4424129,-0.4321922,3,,,POINT (-0.4321922 51.4424129),38,9,3809,51.44378826850001,-0.431509471,0.1600867964195509
16477713,51.4442336,-0.4230286,3,,,POINT (-0.4230286 51.4442336),38,10,3810,51.44378826850001,-0.423265289,0.052164913147820374
15863491,51.4433703,-0.4154751,3,,,POINT (-0.4154751 51.4433703),38,11,3811,51.44378826850001,-0.415021107,0.05612513698523422
16481164,51.4439236,-0.4075516,3,,,POINT (-0.4075516 51.4439236),38,12,3812,51.44378826850001,-0.406776925,0.055758401033157524
240613272,51.4441327,-0.3963577,1,,,POINT (-0.3963577 51.4441327),38,13,3813,51.44378826850001,-0.398532743,0.15553177511846647
240613360,51.4438571,-0.3902214,3,,,POINT (-0.3902214 51.4438571),38,14,3814,51.44378826850001,-0.39028856100000003,0.008957959785072333
248829421,51.44363,-0.382145,2,,,POINT (-0.382145 51.44363),38,15,3815,51.44378826850001,-0.382044379,0.01892998089767791
248832788,51.4445658,-0.3738239,3,,,POINT (-0.3738239 51.4445658),38,16,3816,51.44378826850001,-0.373800197,0.08647316319956955
566389443,51.4440572,-0.3653967,3,,,POINT (-0.3653967 51.4440572),38,17,3817,51.44378826850001,-0.365556015,0.03187712933517683
376835972,51.442794,-0.3560484,1,,,POINT (-0.3560484 51.442794),38,18,3818,51.44378826850001,-0.35731183299999997,0.14103359659369363
272331881,51.4434303,-0.3489438,3,,,POINT (-0.3489438 51.4434303),38,19,3819,51.44378826850001,-0.349067651,0.04071927625311005
292152454,51.4436039,-0.3413154,3,,,POINT (-0.3413154 51.4436039),38,20,3820,51.44378826850001,-0.340823469,0.03978276051878118
248995379,51.4431234,-0.3334407,3,,,POINT (-0.3334407 51.4431234),38,21,3821,51.44378826850001,-0.332579287,0.09502577593352285
2886168965,51.4451488,-0.328057,2,,,POINT (-0.328057 51.4451488),38,22,3822,51.44378826850001,-0.324335105,0.2990361009008798
5834117317,51.442823,-0.3054306,3,,,POINT (-0.3054306 51.442823),38,24,3824,51.44378826850001,-0.30784674100000003,0.1989003132020478
30430964,51.4448145,-0.3006541,1,,,POINT (-0.3006541 51.4448145),38,25,3825,51.44378826850001,-0.29960255900000005,0.13539777578129686
25632686,51.4436124,-0.2417492,1,,,POINT (-0.2417492 51.4436124),38,32,3832,51.44378826850001,-0.241893285,0.021957776607135056
292455,51.4443364,-0.2343587,3,,,POINT (-0.2343587 51.4443364),38,33,3833,51.44378826850001,-0.23364910300000002,0.07831601854861853
345385437,51.4440345,-0.2229464,3,,,POINT (-0.2229464 51.4440345),38,34,3834,51.44378826850001,-0.22540492100000004,0.17257512197874805
6841337782,51.4438771,-0.217334,1,,,POINT (-0.217334 51.4438771),38,35,3835,51.44378826850001,-0.217160739,0.015548596918681781
8815795296,51.4437454,-0.2089151,1,,,POINT (-0.2089151 51.4437454),38,36,3836,51.44378826850001,-0.208916557,0.00476782915504322
21411554,51.4438005,-0.2006221,4,,,POINT (-0.2006221 51.4438005),38,37,3837,51.44378826850001,-0.20067237500000001,0.0037403888920441385
26741268,51.4437722,-0.1924091,1,,,POINT (-0.1924091 51.4437722),38,38,3838,51.44378826850001,-0.19242819300000003,0.002223382800983581
21511941,51.4440086,-0.1830868,3,,,POINT (-0.1830868 51.4440086),38,39,3839,51.44378826850001,-0.18418401100000004,0.07989219291807302
27222051,51.443898,-0.1766304,3,,,POINT (-0.1766304 51.443898),38,40,3840,51.44378826850001,-0.175939829,0.04939138249169271
21511938,51.4438423,-0.1679833,4,,,POINT (-0.1679833 51.4438423),38,41,3841,51.44378826850001,-0.167695647,0.02082164778043794
27240906,51.4439407,-0.160249,3,,,POINT (-0.160249 51.4439407),38,42,3842,51.44378826850001,-0.15945146500000001,0.057814126180221234
279519111,51.4442301,-0.150545,3,,,POINT (-0.150545 51.4442301),38,43,3843,51.44378826850001,-0.15120728300000003,0.06723462821414385
30737899,51.4440879,-0.1436996,3,,,POINT (-0.1436996 51.4440879),38,44,3844,51.44378826850001,-0.14296310100000004,0.060954853878179074
289186158,51.4436219,-0.1348669,1,,,POINT (-0.1348669 51.4436219),38,45,3845,51.44378826850001,-0.13471891900000005,0.02115207043056084
115968733,51.4435091,-0.1268059,3,,,POINT (-0.1268059 51.4435091),38,46,3846,51.44378826850001,-0.126474737,0.0386055537684268
7931543274,51.4439005,-0.1186962,1,,,POINT (-0.1186962 51.4439005),38,47,3847,51.44378826850001,-0.11823055500000001,0.03460076621250706
2030230047,51.4437528,-0.110566,3,,,POINT (-0.110566 51.4437528),38,48,3848,51.44378826850001,-0.10998637300000003,0.040364671793492686
9596419577,51.443256,-0.1019339,2,,,POINT (-0.1019339 51.443256),38,49,3849,51.44378826850001,-0.10174219100000004,0.06065859004597679
33137919,51.4436778,-0.0948654,3,,,POINT (-0.0948654 51.4436778),38,50,3850,51.44378826850001,-0.09349800900000005,0.09556101682185049
1579361647,51.4440477,-0.0853639,3,,,POINT (-0.0853639 51.4440477),38,51,3851,51.44378826850001,-0.085253827,0.02983911931672613
34098120,51.4434653,-0.0802887,3,,,POINT (-0.0802887 51.4434653),38,52,3852,51.44378826850001,-0.07700964500000002,0.23007840443370134
33148703,51.4444582,-0.0689669,3,,,POINT (-0.0689669 51.4444582),38,53,3853,51.44378826850001,-0.06876546300000003,0.07578987056081593
275531120,51.4439059,-0.0612783,3,,,POINT (-0.0612783 51.4439059),38,54,3854,51.44378826850001,-0.06052128100000003,0.054071636367890856
35788666,51.443826,-0.0515533,3,,,POINT (-0.0515533 51.443826),38,55,3855,51.44378826850001,-0.05227709900000004,0.05033860358391345
26992932,51.4437938,-0.0445973,1,,,POINT (-0.0445973 51.4437938),38,56,3856,51.44378826850001,-0.04403291700000005,0.03911985516110687
647208,51.4439928,-0.0351161,3,,,POINT (-0.0351161 51.4439928),38,57,3857,51.44378826850001,-0.03578873500000001,0.051869266895183466
4324336004,51.4442638,-0.0278139,1,,,POINT (-0.0278139 51.4442638),38,58,3858,51.44378826850001,-0.02754455300000002,0.05607503274947646
6223821087,51.4442146,-0.0199102,3,,,POINT (-0.0199102 51.4442146),38,59,3859,51.44378826850001,-0.01930037100000003,0.06351068419553789
622835,51.4438545,-0.0103309,3,,,POINT (-0.0103309 51.4438545),38,60,3860,51.44378826850001,-0.011056189000000044,0.05080333847223233
620083,51.4434956,-0.0021015,3,,,POINT (-0.0021015 51.4434956),38,61,3861,51.44378826850001,-0.002812007,0.05902439672228274
649773,51.4430213,0.0049595,3,,,POINT (0.0049595 51.4430213),38,62,3862,51.44378826850001,0.005432174999999989,0.09135846644212223
82748719,51.4438113,0.0150099,3,,,POINT (0.0150099 51.4438113),38,63,3863,51.44378826850001,0.013676356999999978,0.09245773179568947
82748441,51.4437454,0.0208796,3,,,POINT (0.0208796 51.4437454),38,64,3864,51.44378826850001,0.021920538999999968,0.07230046313258516
26836989,51.4434322,0.0300395,3,,,POINT (0.0300395 51.4434322),38,65,3865,51.44378826850001,0.030164720999999957,0.04053300131825518
82751482,51.443831,0.0395326,4,,,POINT (0.0395326 51.443831),38,66,3866,51.44378826850001,0.038408902999999946,0.07802351128854568
8794693292,51.4422926,0.050671,3,,,POINT (0.050671 51.4422926),38,67,3867,51.44378826850001,0.046653084999999934,0.3243524058501801
25916130,51.4444155,0.052056,3,,,POINT (0.052056 51.4444155),38,68,3868,51.44378826850001,0.05489726699999992,0.20890156109360677
2497722703,51.4436901,0.0630556,1,,,POINT (0.0630556 51.4436901),38,69,3869,51.44378826850001,0.0631414489999999,0.012432061479344335
83636025,51.4425861,0.0743035,1,,,POINT (0.0743035 51.4425861),38,70,3870,51.44378826850001,0.071385631,0.24241525513821321
88274651,51.4434608,0.0809218,3,,,POINT (0.0809218 51.4434608),38,71,3871,51.44378826850001,0.079629813,0.09666312147814884
26891051,51.4440762,0.0876166,3,,,POINT (0.0876166 51.4440762),38,72,3872,51.44378826850001,0.08787399499999998,0.036650845888475635
412946828,51.4432573,0.0965009,1,turning_circle,,POINT (0.0965009 51.4432573),38,73,3873,51.44378826850001,0.09611817699999997,0.06472572963364914
25975469,51.4432313,0.1057623,3,,,POINT (0.1057623 51.4432313),38,74,3874,51.44378826850001,0.10436235899999996,0.11510587313116898
486301690,51.4434799,0.1130113,3,,,POINT (0.1130113 51.4434799),38,75,3875,51.44378826850001,0.11260654099999995,0.04430197381708749
35959069,51.4439676,0.1194989,3,,,POINT (0.1194989 51.4439676),38,76,3876,51.44378826850001,0.12085072299999994,0.09578759582824052
35958971,51.4440677,0.129969,3,,,POINT (0.129969 51.4440677),38,77,3877,51.44378826850001,0.12909490499999993,0.0680832367436882
35958898,51.443772,0.1383084,3,,,POINT (0.1383084 51.443772),38,78,3878,51.44378826850001,0.13733908699999992,0.06720338745485052
9363867893,51.4436271,0.1465503,1,,,POINT (0.1465503 51.4436271),38,79,3879,51.44378826850001,0.1455832689999999,0.06937563813447802
2638240370,51.4438155,0.153783,1,,,POINT (0.153783 51.4438155),38,80,3880,51.44378826850001,0.153827451,0.004319675541651753
35787468,51.4443409,0.1724202,1,,,POINT (0.1724202 51.4443409),38,82,3882,51.44378826850001,0.17031581499999998,0.1582621583513835
35787343,51.4441175,0.1792926,1,,,POINT (0.1792926 51.4441175),38,83,3883,51.44378826850001,0.17855999699999997,0.062595159853691
35787250,51.4450919,0.1839299,3,,,POINT (0.1839299 51.4450919),38,84,3884,51.44378826850001,0.18680417899999996,0.24636109358816607
1669721246,51.4482508,-0.4470925,3,,,POINT (-0.4470925 51.4482508),39,7,3907,51.447720049500006,-0.447997835,0.086134701364765
247475043,51.4486181,-0.439141,3,,,POINT (-0.439141 51.4486181),39,8,3908,51.447720049500006,-0.43975365299999997,0.10850941287874276
288771849,51.4475743,-0.4311946,3,,,POINT (-0.4311946 51.4475743),39,9,3909,51.447720049500006,-0.431509471,0.02718069679735733
2142323467,51.4475667,-0.4228347,1,,,POINT (-0.4228347 51.4475667),39,10,3910,51.447720049500006,-0.423265289,0.03436820801915506
16479984,51.4473686,-0.4150625,1,,,POINT (-0.4150625 51.4473686),39,11,3911,51.447720049500006,-0.415021107,0.03918453943226213
253181401,51.4475088,-0.4067112,3,,,POINT (-0.4067112 51.4475088),39,12,3912,51.447720049500006,-0.406776925,0.023927385973240834
242538439,51.4477753,-0.3995975,3,,,POINT (-0.3995975 51.4477753),39,13,3913,51.447720049500006,-0.398532743,0.0740427664827431
240613320,51.4468324,-0.3906378,1,,,POINT (-0.3906378 51.4468324),39,14,3914,51.447720049500006,-0.39028856100000003,0.10162611364570633
7389645961,51.4480647,-0.3818948,3,,,POINT (-0.3818948 51.4480647),39,15,3915,51.447720049500006,-0.382044379,0.03970051667690918
248832762,51.447738,-0.3743179,3,,,POINT (-0.3743179 51.447738),39,16,3916,51.447720049500006,-0.373800197,0.035932211343150645
248835716,51.4479975,-0.3661871,3,,,POINT (-0.3661871 51.4479975),39,17,3917,51.447720049500006,-0.365556015,0.05352054596087163
4045901264,51.4472033,-0.3572186,1,,,POINT (-0.3572186 51.4472033),39,18,3918,51.447720049500006,-0.35731183299999997,0.057822038481483366
324343660,51.4480818,-0.3503205,1,,,POINT (-0.3503205 51.4480818),39,19,3919,51.447720049500006,-0.349067651,0.09568739700422701
293539702,51.4473076,-0.3405168,1,,,POINT (-0.3405168 51.4473076),39,20,3920,51.447720049500006,-0.340823469,0.05054706961878856
249170551,51.447478,-0.333715,3,,,POINT (-0.333715 51.447478),39,21,3921,51.447720049500006,-0.332579287,0.08317973209902714
297684,51.4484045,-0.3248857,3,,,POINT (-0.3248857 51.4484045),39,22,3922,51.447720049500006,-0.324335105,0.08513641789260949
30430986,51.4485635,-0.3058582,1,,,POINT (-0.3058582 51.4485635),39,24,3924,51.447720049500006,-0.30784674100000003,0.16669165279385892
1247440709,51.447063,-0.2987342,3,,,POINT (-0.2987342 51.447063),39,25,3925,51.447720049500006,-0.29960255900000005,0.09465298596309434
27228139,51.4495225,-0.2953614,3,,,POINT (-0.2953614 51.4495225),39,26,3926,51.447720049500006,-0.291358377,0.3422311552372921
25632547,51.4476879,-0.2411995,3,,,POINT (-0.2411995 51.4476879),39,32,3932,51.447720049500006,-0.241893285,0.04821192818520206
8543437387,51.4475075,-0.2326928,1,,,POINT (-0.2326928 51.4475075),39,33,3933,51.447720049500006,-0.23364910300000002,0.07036005982561343
1151190394,51.4481517,-0.2263079,3,,,POINT (-0.2263079 51.4481517),39,34,3934,51.447720049500006,-0.22540492100000004,0.07886381949747853
1558238480,51.4475569,-0.2177279,3,,,POINT (-0.2177279 51.4475569),39,35,3935,51.447720049500006,-0.217160739,0.04328895355416823
21427585,51.4476954,-0.209192,3,,,POINT (-0.209192 51.4476954),39,36,3936,51.447720049500006,-0.208916557,0.019283943204973453
21411513,51.4482806,-0.2007258,3,,,POINT (-0.2007258 51.4482806),39,37,3937,51.447720049500006,-0.20067237500000001,0.062440230811913834
26741544,51.4478387,-0.1920463,3,,,POINT (-0.1920463 51.4478387),39,38,3938,51.447720049500006,-0.19242819300000003,0.029571356071120047
26741500,51.4480075,-0.1836179,3,,,POINT (-0.1836179 51.4480075),39,39,3939,51.447720049500006,-0.18418401100000004,0.05060364749589031
9472332850,51.4481264,-0.1762942,1,,,POINT (-0.1762942 51.4481264),39,40,3940,51.447720049500006,-0.175939829,0.05142652083359805
27221547,51.4487372,-0.16992,3,,,POINT (-0.16992 51.4487372),39,41,3941,51.447720049500006,-0.167695647,0.19118818681965194
27222319,51.4474613,-0.1591817,3,,,POINT (-0.1591817 51.4474613),39,42,3942,51.447720049500006,-0.15945146500000001,0.03431179900220631
27222822,51.4477542,-0.1512366,3,,,POINT (-0.1512366 51.4477542),39,43,3943,51.447720049500006,-0.15120728300000003,0.004306694138531264
8806652255,51.4473583,-0.1425593,1,,,POINT (-0.1425593 51.4473583),39,44,3944,51.447720049500006,-0.14296310100000004,0.049001031702336974
114267033,51.4477086,-0.1345461,3,,,POINT (-0.1345461 51.4477086),39,45,3945,51.447720049500006,-0.13471891900000005,0.012043810129429651
114280162,51.4476957,-0.1267304,3,,,POINT (-0.1267304 51.4476957),39,46,3946,51.447720049500006,-0.126474737,0.017923097524273904
1235812647,51.4479811,-0.1185135,1,,,POINT (-0.1185135 51.4479811),39,47,3947,51.447720049500006,-0.11823055500000001,0.035029536902218744
873734044,51.4484006,-0.1118948,3,,,POINT (-0.1118948 51.4484006),39,48,3948,51.447720049500006,-0.10998637300000003,0.15237223281137424
116024309,51.4476604,-0.1016433,1,,,POINT (-0.1016433 51.4476604),39,49,3949,51.447720049500006,-0.10174219100000004,0.009537214629716148
32604149,51.4466364,-0.0959521,4,,,POINT (-0.0959521 51.4466364),39,50,3950,51.447720049500006,-0.09349800900000005,0.20843036760874042
33002249,51.4476129,-0.0855115,3,,,POINT (-0.0855115 51.4476129),39,51,3951,51.447720049500006,-0.085253827,0.02146665538496405
32879940,51.4481268,-0.077559,3,,,POINT (-0.077559 51.4481268),39,52,3952,51.447720049500006,-0.07700964500000002,0.05911813574161919
119577225,51.4475698,-0.0700705,3,,,POINT (-0.0700705 51.4475698),39,53,3953,51.447720049500006,-0.06876546300000003,0.09196922180998597
302061172,51.4475393,-0.0607629,1,,,POINT (-0.0607629 51.4475393),39,54,3954,51.447720049500006,-0.06052128100000003,0.026159410504835282
35788928,51.4477685,-0.0527206,3,,,POINT (-0.0527206 51.4477685),39,55,3955,51.447720049500006,-0.05227709900000004,0.03120314400126225
26820926,51.4478547,-0.0437994,3,,,POINT (-0.0437994 51.4478547),39,56,3956,51.447720049500006,-0.04403291700000005,0.022046611388579856
8082023991,51.4488878,-0.0357113,3,,,POINT (-0.0357113 51.4488878),39,57,3957,51.447720049500006,-0.03578873500000001,0.12995876637739254
6643134906,51.4475832,-0.0281075,3,,,POINT (-0.0281075 51.4475832),39,58,3958,51.447720049500006,-0.02754455300000002,0.041874906224861536
629111,51.4479573,-0.0195002,3,,,POINT (-0.0195002 51.4479573),39,59,3959,51.447720049500006,-0.01930037100000003,0.02979478636169507
2139829526,51.4478082,-0.0119405,1,,,POINT (-0.0119405 51.4478082),39,60,3960,51.447720049500006,-0.011056189000000044,0.062061490749937734
17725063,51.4476803,-0.0025328,3,,,POINT (-0.0025328 51.4476803),39,61,3961,51.447720049500006,-0.002812007,0.019847420113998305
17725077,51.4475115,0.0052635,3,,,POINT (0.0052635 51.4475115),39,62,3962,51.447720049500006,0.005432174999999989,0.02596914668105155
14598844,51.4478096,0.0133971,3,,,POINT (0.0133971 51.4478096),39,63,3963,51.447720049500006,0.013676356999999978,0.021763966960026408
26273081,51.4481585,0.0227649,4,,,POINT (0.0227649 51.4481585),39,64,3964,51.447720049500006,0.021920538999999968,0.0761627620901743
456997600,51.4477663,0.0289091,1,turning_circle,,POINT (0.0289091 51.4477663),39,65,3965,51.447720049500006,0.030164720999999957,0.08716614192840114
82751636,51.4472253,0.0380306,3,,,POINT (0.0380306 51.4472253),39,66,3966,51.447720049500006,0.038408902999999946,0.06094098658430492
6908076350,51.4467293,0.0459115,1,,,POINT (0.0459115 51.4467293),39,67,3967,51.447720049500006,0.046653084999999934,0.12156391049944432
88267901,51.4484956,0.054658,3,,,POINT (0.054658 51.4484956),39,68,3968,51.447720049500006,0.05489726699999992,0.0878168492874752
25903638,51.4478066,0.0629356,3,,,POINT (0.0629356 51.4478066),39,69,3969,51.447720049500006,0.0631414489999999,0.017208120958094035
6154573676,51.449406,0.0808905,3,,,POINT (0.0808905 51.449406),39,71,3971,51.447720049500006,0.079629813,0.20682628658769533
10732294601,51.4482269,0.0883204,1,,,POINT (0.0883204 51.4482269),39,72,3972,51.447720049500006,0.08787399499999998,0.06429131209136016
376543179,51.4482613,0.0956761,1,,,POINT (0.0956761 51.4482613),39,73,3973,51.447720049500006,0.09611817699999997,0.06753292803325159
25838944,51.4475055,0.1035778,3,,,POINT (0.1035778 51.4475055),39,74,3974,51.447720049500006,0.10436235899999996,0.05937371908790563
9032790111,51.4468252,0.1124247,2,,,POINT (0.1124247 51.4468252),39,75,3975,51.447720049500006,0.11260654099999995,0.10029752955873736
442662787,51.4481499,0.1211562,3,,,POINT (0.1211562 51.4481499),39,76,3976,51.447720049500006,0.12085072299999994,0.05227538337243852
35959172,51.4478648,0.1285717,3,,,POINT (0.1285717 51.4478648),39,77,3977,51.447720049500006,0.12909490499999993,0.0396699637104397
35959301,51.4475825,0.1370194,1,,,POINT (0.1370194 51.4475825),39,78,3978,51.447720049500006,0.13733908699999992,0.026921065998686967
36655039,51.4485451,0.1449198,3,,,POINT (0.1449198 51.4485451),39,79,3979,51.447720049500006,0.1455832689999999,0.10261800855419118
309241,51.447734,0.153595,3,motorway_junction,,POINT (0.153595 51.447734),39,80,3980,51.447720049500006,0.153827451,0.016183332197520574
36242747,51.4496852,0.164133,3,,,POINT (0.164133 51.4496852),39,81,3981,51.447720049500006,0.162071633,0.26106442936363433
434484949,51.4458721,0.17435,3,,,POINT (0.17435 51.4458721),39,82,3982,51.447720049500006,0.17031581499999998,0.3469650589176796
35787344,51.447872,0.1786139,3,,,POINT (0.1786139 51.447872),39,83,3983,51.447720049500006,0.17855999699999997,0.017304124246527264
35787253,51.4481657,0.1868213,3,,,POINT (0.1868213 51.4481657),39,84,3984,51.447720049500006,0.18680417899999996,0.049568276571601504
253963073,51.4517319,-0.4452529,3,,,POINT (-0.4452529 51.4517319),40,7,4007,51.451651830500005,-0.447997835,0.1904152832421631
1648250999,51.4514954,-0.4406212,3,,,POINT (-0.4406212 51.4514954),40,8,4008,51.451651830500005,-0.43975365299999997,0.06258170723903496
245239783,51.4519078,-0.4323984,3,,,POINT (-0.4323984 51.4519078),40,9,4009,51.451651830500005,-0.431509471,0.0678551772675011
302951,51.4515046,-0.4227636,3,mini_roundabout,,POINT (-0.4227636 51.4515046),40,10,4010,51.451651830500005,-0.423265289,0.03842599216332833
247465723,51.4504331,-0.4163612,1,,,POINT (-0.4163612 51.4504331),40,11,4011,51.451651830500005,-0.415021107,0.1642802979332889
1664655724,51.4514891,-0.4061821,3,,,POINT (-0.4061821 51.4514891),40,12,4012,51.451651830500005,-0.406776925,0.045014768191253975
207133744,51.4518468,-0.3971646,3,,,POINT (-0.3971646 51.4518468),40,13,4013,51.451651830500005,-0.398532743,0.09725098024280394
207133720,51.4520952,-0.3929233,3,,,POINT (-0.3929233 51.4520952),40,14,4014,51.451651830500005,-0.39028856100000003,0.18910970855473744
141937473,51.4509743,-0.3810371,1,,,POINT (-0.3810371 51.4509743),40,15,4015,51.451651830500005,-0.382044379,0.10270188769253437
1199860355,51.4517164,-0.3746761,3,,,POINT (-0.3746761 51.4517164),40,16,4016,51.451651830500005,-0.373800197,0.06111785926430232
324335031,51.451758,-0.3655575,3,,,POINT (-0.3655575 51.451758),40,17,4017,51.451651830500005,-0.365556015,0.011805958218396808
324335067,51.4517664,-0.3579742,3,,,POINT (-0.3579742 51.4517664),40,18,4018,51.451651830500005,-0.35731183299999997,0.0476331303086667
254511954,51.4509632,-0.3484972,1,,,POINT (-0.3484972 51.4509632),40,19,4019,51.451651830500005,-0.349067651,0.0861733781686756
249190334,51.4516141,-0.3396049,3,,,POINT (-0.3396049 51.4516141),40,20,4020,51.451651830500005,-0.340823469,0.08454356789123768
249193049,51.4518506,-0.3321421,3,,,POINT (-0.3321421 51.4518506),40,21,4021,51.451651830500005,-0.332579287,0.037500014281992795
118298453,51.4515805,-0.3249822,3,,,POINT (-0.3249822 51.4515805),40,22,4022,51.451651830500005,-0.324335105,0.04553585249877935
30863466,51.4519632,-0.3158695,3,,,POINT (-0.3158695 51.4519632),40,23,4023,51.451651830500005,-0.316090923,0.03787011912404393
31059410,51.4515449,-0.3082382,1,,,POINT (-0.3082382 51.4515449),40,24,4024,51.451651830500005,-0.30784674100000003,0.029617243839451683
30795081,51.4512771,-0.299201,2,,,POINT (-0.299201 51.4512771),40,25,4025,51.451651830500005,-0.29960255900000005,0.05010491342740431
477572317,51.4524453,-0.2930244,1,,,POINT (-0.2930244 51.4524453),40,26,4026,51.451651830500005,-0.291358377,0.14529919295072502
31464684,51.4515171,-0.2673015,1,,,POINT (-0.2673015 51.4515171),40,29,4029,51.451651830500005,-0.266625831,0.049158253270669194
1560531044,51.4512731,-0.2500727,1,,,POINT (-0.2500727 51.4512731),40,31,4031,51.451651830500005,-0.250137467,0.04235137687873078
18239816,51.4518347,-0.2414123,3,,,POINT (-0.2414123 51.4518347),40,32,4032,51.451651830500005,-0.241893285,0.03904250125507489
18239470,51.4517376,-0.2341109,3,,,POINT (-0.2341109 51.4517376),40,33,4033,51.451651830500005,-0.23364910300000002,0.03339065849045827
17899422,51.4527619,-0.2277868,3,,,POINT (-0.2277868 51.4527619),40,34,4034,51.451651830500005,-0.22540492100000004,0.20609874890330446
1345288814,51.4514773,-0.2171832,2,,,POINT (-0.2171832 51.4514773),40,35,4035,51.451651830500005,-0.217160739,0.019469217415230868
253046150,51.4519482,-0.2093641,3,,,POINT (-0.2093641 51.4519482),40,36,4036,51.451651830500005,-0.208916557,0.04525212807739408
21409623,51.4513226,-0.2001209,3,,,POINT (-0.2001209 51.4513226),40,37,4037,51.451651830500005,-0.20067237500000001,0.052919840910607384
155394447,51.4522628,-0.1909015,3,,,POINT (-0.1909015 51.4522628),40,38,4038,51.451651830500005,-0.19242819300000003,0.12572538174580097
25990398,51.4519459,-0.1840194,3,,,POINT (-0.1840194 51.4519459),40,39,4039,51.451651830500005,-0.18418401100000004,0.03463141890179603
186880372,51.4519599,-0.1760528,3,,,POINT (-0.1760528 51.4519599),40,40,4040,51.451651830500005,-0.175939829,0.035138835298647655
27238054,51.4518911,-0.16611,3,,,POINT (-0.16611 51.4518911),40,41,4041,51.451651830500005,-0.167695647,0.11305063425278107
26480910,51.4518106,-0.1590727,3,,,POINT (-0.1590727 51.4518106),40,42,4042,51.451651830500005,-0.15945146500000001,0.031631181647165954
26480624,51.4513864,-0.1512066,3,,,POINT (-0.1512066 51.4513864),40,43,4043,51.451651830500005,-0.15120728300000003,0.029514562923736415
33139122,51.4517281,-0.1421463,3,,,POINT (-0.1421463 51.4517281),40,44,4044,51.451651830500005,-0.14296310100000004,0.05723111012210444
697237025,51.4516244,-0.1350342,3,,,POINT (-0.1350342 51.4516244),40,45,4045,51.451651830500005,-0.13471891900000005,0.02205894091751536
227788,51.4517342,-0.1265887,3,,,POINT (-0.1265887 51.4517342),40,46,4046,51.451651830500005,-0.126474737,0.012093390401284182
33776678,51.4517415,-0.1186447,3,,,POINT (-0.1186447 51.4517415),40,47,4047,51.451651830500005,-0.11823055500000001,0.030380484148709204
119613427,51.4507139,-0.1116135,1,,,POINT (-0.1116135 51.4507139),40,48,4048,51.451651830500005,-0.10998637300000003,0.1535899188088485
3443524099,51.4517174,-0.1012266,3,,,POINT (-0.1012266 51.4517174),40,49,4049,51.451651830500005,-0.10174219100000004,0.036463635326564874
792582539,51.4518412,-0.0947415,1,,,POINT (-0.0947415 51.4518412),40,50,4050,51.451651830500005,-0.09349800900000005,0.08870172932705123
6101403136,51.4515525,-0.0849789,1,,,POINT (-0.0849789 51.4515525),40,51,4051,51.451651830500005,-0.085253827,0.022021018064966553
119579035,51.4516352,-0.0765643,3,,,POINT (-0.0765643 51.4516352),40,52,4052,51.451651830500005,-0.07700964500000002,0.03091504388208873
21579981,51.4509856,-0.0695876,4,,,POINT (-0.0695876 51.4509856),40,53,4053,51.451651830500005,-0.06876546300000003,0.0934536389755972
3845864474,51.4515612,-0.0604079,1,,,POINT (-0.0604079 51.4515612),40,54,4054,51.451651830500005,-0.06052128100000003,0.012778321261885295
124234984,51.4511112,-0.0532463,1,,,POINT (-0.0532463 51.4511112),40,55,4055,51.451651830500005,-0.05227709900000004,0.0901350963001477
25258504,51.4513923,-0.0431451,3,,,POINT (-0.0431451 51.4513923),40,56,4056,51.451651830500005,-0.04403291700000005,0.0679527643247737
25258307,51.4519816,-0.034622,4,,,POINT (-0.034622 51.4519816),40,57,4057,51.451651830500005,-0.03578873500000001,0.08877431531031234
685800634,51.4516335,-0.027037,1,,,POINT (-0.027037 51.4516335),40,58,4058,51.451651830500005,-0.02754455300000002,0.035229335226720414
2210891,51.4519973,-0.0182105,3,,,POINT (-0.0182105 51.4519973),40,59,4059,51.451651830500005,-0.01930037100000003,0.08472961191738375
648156,51.4512195,-0.0106303,4,,,POINT (-0.0106303 51.4512195),40,60,4060,51.451651830500005,-0.011056189000000044,0.05640874214515847
647048,51.4516173,-0.002329,3,,,POINT (-0.002329 51.4516173),40,61,4061,51.451651830500005,-0.002812007,0.033688960900545906
17946389,51.4517861,0.0056175,3,,,POINT (0.0056175 51.4517861),40,62,4062,51.451651830500005,0.005432174999999989,0.019693173936075656
449654628,51.4516917,0.0133738,1,,,POINT (0.0133738 51.4516917),40,63,4063,51.451651830500005,0.013676356999999978,0.021428939284564387
17946525,51.4515123,0.0224961,3,,,POINT (0.0224961 51.4515123),40,64,4064,51.451651830500005,0.021920538999999968,0.04279444655264379
82751109,51.4519474,0.0300406,3,,,POINT (0.0300406 51.4519474),40,65,4065,51.451651830500005,0.030164720999999957,0.033972583420455796
83620495,51.4526897,0.0401956,3,,,POINT (0.0401956 51.4526897),40,66,4066,51.451651830500005,0.038408902999999946,0.16925238217860608
26385350,51.4514443,0.0472011,3,,,POINT (0.0472011 51.4514443),40,67,4067,51.451651830500005,0.046653084999999934,0.044435965358612245
88267556,51.4519961,0.0536345,1,,,POINT (0.0536345 51.4519961),40,68,4068,51.451651830500005,0.05489726699999992,0.09550907071578363
2459776413,51.4511056,0.0625921,3,,,POINT (0.0625921 51.4511056),40,69,4069,51.451651830500005,0.0631414489999999,0.07168116498247432
88263130,51.4519718,0.07124,3,,,POINT (0.07124 51.4519718),40,70,4070,51.451651830500005,0.071385631,0.036982408519159765
26027584,51.4511578,0.0786777,3,traffic_signals,,POINT (0.0786777 51.4511578),40,71,4071,51.451651830500005,0.079629813,0.08585183053870657
172964666,51.451726,0.0878103,3,,,POINT (0.0878103 51.451726),40,72,4072,51.451651830500005,0.08787399499999998,0.009354035456428307
26370544,51.4513732,0.0962659,3,,,POINT (0.0962659 51.4513732),40,73,4073,51.451651830500005,0.09611817699999997,0.032629515081747794
35963254,51.4514396,0.1034414,3,,,POINT (0.1034414 51.4514396),40,74,4074,51.451651830500005,0.10436235899999996,0.06804054723953018
9337887439,51.4511089,0.1126636,1,,,POINT (0.1126636 51.4511089),40,75,4075,51.451651830500005,0.11260654099999995,0.060500453004476415
586396171,51.4507445,0.1214528,3,,,POINT (0.1214528 51.4507445),40,76,4076,51.451651830500005,0.12085072299999994,0.10917653854554527
36656361,51.4516258,0.1276849,3,,,POINT (0.1276849 51.4516258),40,77,4077,51.451651830500005,0.12909490499999993,0.09774760494072637
36655633,51.4514785,0.1364433,3,,,POINT (0.1364433 51.4514785),40,78,4078,51.451651830500005,0.13733908699999992,0.06499602555318072
36243200,51.4516385,0.1450118,3,,,POINT (0.1450118 51.4516385),40,79,4079,51.451651830500005,0.1455832689999999,0.039627041106433315
36242966,51.4511426,0.1535298,3,,,POINT (0.1535298 51.4511426),40,80,4080,51.451651830500005,0.153827451,0.06026335290515911
36242855,51.451133,0.1625958,1,,,POINT (0.1625958 51.451133),40,81,4081,51.451651830500005,0.162071633,0.0681730101078927
415399339,51.4516692,0.1702225,1,,,POINT (0.1702225 51.4516692),40,82,4082,51.451651830500005,0.17031581499999998,0.006748443675476508
8709125806,51.4516145,0.1785679,4,,,POINT (0.1785679 51.4516145),40,83,4083,51.451651830500005,0.17855999699999997,0.004186930330503318
2590442250,51.4518077,0.1894285,3,,,POINT (0.1894285 51.4518077),40,84,4084,51.451651830500005,0.18680417899999996,0.18267314381903768
2590442248,51.4520422,0.191751,3,,,POINT (0.191751 51.4520422),40,85,4085,51.451651830500005,0.19504836099999995,0.23257258347710244
248856346,51.457515,-0.4605277,3,,,POINT (-0.4605277 51.457515),41,5,4105,51.4555836115,-0.464486199,0.34834799103953906
248855700,51.4559727,-0.4571109,1,,,POINT (-0.4571109 51.4559727),41,6,4106,51.4555836115,-0.456242017,0.07413644272308091
266527355,51.4559622,-0.4486712,4,,,POINT (-0.4486712 51.4559622),41,7,4107,51.4555836115,-0.447997835,0.06284056630482504
243512886,51.4550502,-0.4395747,3,,,POINT (-0.4395747 51.4550502),41,8,4108,51.4555836115,-0.43975365299999997,0.06059484038516344
16712656,51.4562698,-0.4311079,3,,,POINT (-0.4311079 51.4562698),41,9,4109,51.4555836115,-0.431509471,0.08121550299526294
1648251083,51.454949,-0.4231821,3,,,POINT (-0.4231821 51.454949),41,10,4110,51.4555836115,-0.423265289,0.07080060049677353
302954,51.4562892,-0.4162079,3,,,POINT (-0.4162079 51.4562892),41,11,4111,51.4555836115,-0.415021107,0.1136546132043051
223425607,51.4555085,-0.4065172,1,,,POINT (-0.4065172 51.4555085),41,12,4112,51.4555836115,-0.406776925,0.019839496709883806
207139246,51.4542802,-0.3988763,3,,,POINT (-0.3988763 51.4542802),41,13,4113,51.4555836115,-0.398532743,0.1468746539683112
8436662320,51.4537561,-0.3941917,1,,,POINT (-0.3941917 51.4537561),41,14,4114,51.4555836115,-0.39028856100000003,0.33828274079504594
94826010,51.4536874,-0.378325,1,,,POINT (-0.378325 51.4536874),41,15,4115,51.4555836115,-0.382044379,0.33297674304584196
324339205,51.4555851,-0.3740354,3,,,POINT (-0.3740354 51.4555851),41,16,4116,51.4555836115,-0.373800197,0.016297564298704714
59942124,51.4550507,-0.3661362,3,,,POINT (-0.3661362 51.4550507),41,17,4117,51.4555836115,-0.365556015,0.07160615767787162
50453862,51.4554519,-0.3573441,3,,,POINT (-0.3573441 51.4554519),41,18,4118,51.4555836115,-0.35731183299999997,0.014815313287989084
11482189940,51.4568475,-0.3494366,3,,,POINT (-0.3494366 51.4568475),41,19,4119,51.4555836115,-0.349067651,0.14284401027833188
17180517,51.4545765,-0.3402633,3,,,POINT (-0.3402633 51.4545765),41,20,4120,51.4555836115,-0.340823469,0.1185211882909285
252738307,51.4562592,-0.3318768,1,,,POINT (-0.3318768 51.4562592),41,21,4121,51.4555836115,-0.332579287,0.08951215603967398
249340244,51.4553689,-0.3256932,1,turning_circle,,POINT (-0.3256932 51.4553689),41,22,4122,51.4555836115,-0.324335105,0.09708129003792561
1165054295,51.4553493,-0.3161809,3,,,POINT (-0.3161809 51.4553493),41,23,4123,51.4555836115,-0.316090923,0.02678975305617711
30914951,51.4561527,-0.3084182,3,,,POINT (-0.3084182 51.4561527),41,24,4124,51.4555836115,-0.30784674100000003,0.07464641669946652
1695018391,51.4554276,-0.2998212,1,,,POINT (-0.2998212 51.4554276),41,25,4125,51.4555836115,-0.29960255900000005,0.02303129664283607
913202038,51.4553797,-0.2904106,1,,,POINT (-0.2904106 51.4553797),41,26,4126,51.4555836115,-0.291358377,0.06947379060753267
30478686,51.4563273,-0.2672431,1,,,POINT (-0.2672431 51.4563273),41,29,4129,51.4555836115,-0.266625831,0.09309964130490075
30470732,51.4547828,-0.2572198,3,,,POINT (-0.2572198 51.4547828),41,30,4130,51.4555836115,-0.258381649,0.12004133166941892
25632172,51.4546972,-0.2503037,3,,,POINT (-0.2503037 51.4546972),41,31,4131,51.4555836115,-0.250137467,0.09923516797428826
25632073,51.4560203,-0.241466,3,,,POINT (-0.241466 51.4560203),41,32,4132,51.4555836115,-0.241893285,0.05687111218603867
2852026020,51.4553258,-0.2324576,3,,,POINT (-0.2324576 51.4553258),41,33,4133,51.4555836115,-0.23364910300000002,0.08739262886711957
10141610755,51.4561112,-0.2258145,1,,,POINT (-0.2258145 51.4561112),41,34,4134,51.4555836115,-0.22540492100000004,0.06516864759972193
267844547,51.4556131,-0.2168907,1,,,POINT (-0.2168907 51.4556131),41,35,4135,51.4555836115,-0.217160739,0.018995575986624554
17788886,51.4551451,-0.2076916,4,,,POINT (-0.2076916 51.4551451),41,36,4136,51.4555836115,-0.208916557,0.09788435960318603
21408554,51.4556796,-0.2006409,3,,,POINT (-0.2006409 51.4556796),41,37,4137,51.4555836115,-0.20067237500000001,0.010893954182151087
1597462600,51.4566671,-0.1928036,3,crossing,,POINT (-0.1928036 51.4566671),41,38,4138,51.4555836115,-0.19242819300000003,0.12325427140111035
25989689,51.455896,-0.1844401,3,,,POINT (-0.1844401 51.455896),41,39,4139,51.4555836115,-0.18418401100000004,0.03900555918580532
2430264,51.4555881,-0.175915,3,,,POINT (-0.175915 51.4555881),41,40,4140,51.4555836115,-0.175939829,0.0017912848282167029
26482280,51.4553221,-0.1684213,3,,,POINT (-0.1684213 51.4553221),41,41,4141,51.4555836115,-0.167695647,0.05808239013934807
26480158,51.4560561,-0.1597861,3,,,POINT (-0.1597861 51.4560561),41,42,4142,51.4555836115,-0.15945146500000001,0.057427066137449405
3892639,51.4556621,-0.1511892,3,,,POINT (-0.1511892 51.4556621),41,43,4143,51.4555836115,-0.15120728300000003,0.008817000440044145
33139355,51.4554073,-0.1424661,3,,,POINT (-0.1424661 51.4554073),41,44,4144,51.4555836115,-0.14296310100000004,0.03962584441025295
114252442,51.4553526,-0.1348522,3,,,POINT (-0.1348522 51.4553526),41,45,4145,51.4555836115,-0.13471891900000005,0.027296867729554468
275334823,51.4553714,-0.1269111,3,,,POINT (-0.1269111 51.4553714),41,46,4146,51.4555836115,-0.126474737,0.03835298004184897
873734500,51.4555225,-0.1177135,3,,,POINT (-0.1177135 51.4555225),41,47,4147,51.4555836115,-0.11823055500000001,0.036464442556996726
873734699,51.4558943,-0.1102226,3,,,POINT (-0.1102226 51.4558943),41,48,4148,51.4555836115,-0.10998637300000003,0.03822817192429918
32929135,51.4559067,-0.1021513,4,,,POINT (-0.1021513 51.4559067),41,49,4149,51.4555836115,-0.10174219100000004,0.04576210985773344
279581214,51.4551797,-0.0931062,3,,,POINT (-0.0931062 51.4551797),41,50,4150,51.4555836115,-0.09349800900000005,0.052480182824849786
36273166,51.4560267,-0.0853282,1,,,POINT (-0.0853282 51.4560267),41,51,4151,51.4555836115,-0.085253827,0.04953794603781877
13824241,51.4553532,-0.076689,3,,,POINT (-0.076689 51.4553532),41,52,4152,51.4555836115,-0.07700964500000002,0.03391171299141037
21576917,51.4544036,-0.069426,4,,,POINT (-0.069426 51.4544036),41,53,4153,51.4555836115,-0.06876546300000003,0.1389643712156142
21580522,51.4545073,-0.0601824,3,,,POINT (-0.0601824 51.4545073),41,54,4154,51.4555836115,-0.06052128100000003,0.12196201483019113
85818100,51.4560841,-0.0504485,3,,,POINT (-0.0504485 51.4560841),41,55,4155,51.4555836115,-0.05227709900000004,0.13838274636141223
277031683,51.4556851,-0.0430308,3,,,POINT (-0.0430308 51.4556851),41,56,4156,51.4555836115,-0.04403291700000005,0.07034559802367744
629194,51.4556304,-0.0366262,3,,,POINT (-0.0366262 51.4556304),41,57,4157,51.4555836115,-0.03578873500000001,0.05825893750518095
25259559,51.4563726,-0.0274133,3,,,POINT (-0.0274133 51.4563726),41,58,4158,51.4555836115,-0.02754455300000002,0.08820160541054002
26471669,51.4556056,-0.0198522,1,,,POINT (-0.0198522 51.4556056),41,59,4159,51.4555836115,-0.01930037100000003,0.038313163884215705
648818,51.4557647,-0.0104886,1,,,POINT (-0.0104886 51.4557647),41,60,4160,51.4555836115,-0.011056189000000044,0.04418228775423889
3673384,51.4559072,-0.0015009,3,,,POINT (-0.0015009 51.4559072),41,61,4161,51.4555836115,-0.002812007,0.09770982545964647
7700743342,51.4554121,0.0038324,2,,,POINT (0.0038324 51.4554121),41,62,4162,51.4555836115,0.005432174999999989,0.11247393277611192
246713355,51.4557558,0.0139792,3,,,POINT (0.0139792 51.4557558),41,63,4163,51.4555836115,0.013676356999999978,0.02840576792441083
88278154,51.4555473,0.021355,1,,,POINT (0.021355 51.4555473),41,64,4164,51.4555836115,0.021920538999999968,0.03939250262729563
5279527195,51.4569811,0.0303058,3,,,POINT (0.0303058 51.4569811),41,65,4165,51.4555836115,0.030164720999999957,0.15570076967821422
432759,51.4550718,0.0392009,3,,,POINT (0.0392009 51.4550718),41,66,4166,51.4555836115,0.038408902999999946,0.07905841461902959
432740,51.4555711,0.0463519,3,motorway_junction,,POINT (0.0463519 51.4555711),41,67,4167,51.4555836115,0.046653084999999934,0.020914803639739306
26046133,51.4549253,0.0548042,3,,,POINT (0.0548042 51.4549253),41,68,4168,51.4555836115,0.05489726699999992,0.07348438133164971
26027599,51.4558438,0.0651317,3,,,POINT (0.0651317 51.4558438),41,69,4169,51.4555836115,0.0631414489999999,0.14090220931806216
88858442,51.4557412,0.0776742,1,turning_circle,,POINT (0.0776742 51.4557412),41,71,4171,51.4555836115,0.079629813,0.1366284546010519
8938665108,51.4559108,0.0870566,1,,,POINT (0.0870566 51.4559108),41,72,4172,51.4555836115,0.08787399499999998,0.06731415380817114
35962681,51.4558871,0.0953596,3,,,POINT (0.0953596 51.4558871),41,73,4173,51.4555836115,0.09611817699999997,0.062460995964542125
36652835,51.4544089,0.1051043,1,turning_circle,,POINT (0.1051043 51.4544089),41,74,4174,51.4555836115,0.10436235899999996,0.14037414088146402
36652919,51.4573253,0.1091905,3,,,POINT (0.1091905 51.4573253),41,75,4175,51.4555836115,0.11260654099999995,0.30582193599523383
36656902,51.4553873,0.1228609,3,,,POINT (0.1228609 51.4553873),41,76,4176,51.4555836115,0.12085072299999994,0.14098144551665795
36656826,51.4553397,0.1285409,3,,,POINT (0.1285409 51.4553397),41,77,4177,51.4555836115,0.12909490499999993,0.047000733777989565
36656042,51.4557182,0.1360339,3,,,POINT (0.1360339 51.4557182),41,78,4178,51.4555836115,0.13733908699999992,0.09166348227532545
36243174,51.4552804,0.1449973,3,,,POINT (0.1449973 51.4552804),41,79,4179,51.4555836115,0.1455832689999999,0.05277458994201519
388365457,51.4555736,0.1530559,3,,,POINT (0.1530559 51.4555736),41,80,4180,51.4555836115,0.153827451,0.053470751041107434
9730408678,51.4561126,0.1622603,3,,,POINT (0.1622603 51.4561126),41,81,4181,51.4555836115,0.162071633,0.06025591309014175
36663552,51.4552834,0.1700306,1,,,POINT (0.1700306 51.4552834),41,82,4182,51.4555836115,0.17031581499999998,0.03879297505937105
35787797,51.4558869,0.1784262,1,,,POINT (0.1784262 51.4558869),41,83,4183,51.4555836115,0.17855999699999997,0.03497512907453751
35787764,51.4557562,0.1867904,3,,,POINT (0.1867904 51.4557562),41,84,4184,51.4555836115,0.18680417899999996,0.019214698638174505
35787602,51.4559447,0.1955181,3,,,POINT (0.1955181 51.4559447),41,85,4185,51.4555836115,0.19504836099999995,0.05168591308246189
1136364855,51.4562642,0.2016216,2,,,POINT (0.2016216 51.4562642),41,86,4186,51.4555836115,0.20329254299999994,0.13831512648689787
445018848,51.4590588,-0.4604868,3,,,POINT (-0.4604868 51.4590588),42,5,4205,51.4595153925,-0.464486199,0.2817004791872645
9500980213,51.4579188,-0.4559989,1,,,POINT (-0.4559989 51.4579188),42,6,4206,51.4595153925,-0.456242017,0.17833025113212916
246236341,51.4582122,-0.444778,3,,,POINT (-0.444778 51.4582122),42,7,4207,51.4595153925,-0.447997835,0.2660130674964144
445393624,51.4594481,-0.4393206,3,,,POINT (-0.4393206 51.4594481),42,8,4208,51.4595153925,-0.43975365299999997,0.030921764984823623
243512626,51.460089,-0.4318875,3,,,POINT (-0.4318875 51.460089),42,9,4209,51.4595153925,-0.431509471,0.06895007356585463
14683309,51.4589511,-0.4137198,2,,,POINT (-0.4137198 51.4589511),42,11,4211,51.4595153925,-0.415021107,0.10984314843673443
33981899,51.4587577,-0.406858,1,turning_circle,,POINT (-0.406858 51.4587577),42,12,4212,51.4595153925,-0.406776925,0.08443860065017406
1935001267,51.4603935,-0.3958913,3,,,POINT (-0.3958913 51.4603935),42,13,4213,51.4595153925,-0.398532743,0.2074215826714972
97124192,51.4597503,-0.3824358,3,,,POINT (-0.3824358 51.4597503),42,15,4215,51.4595153925,-0.382044379,0.03765216957613293
32822041,51.4594031,-0.3742819,3,,,POINT (-0.3742819 51.4594031),42,16,4216,51.4595153925,-0.373800197,0.035632713088479095
25475840,51.459415,-0.3653214,3,,,POINT (-0.3653214 51.459415),42,17,4217,51.4595153925,-0.365556015,0.019718713354115788
56271721,51.4599347,-0.3570488,3,,,POINT (-0.3570488 51.4599347),42,18,4218,51.4595153925,-0.35731183299999997,0.05005965233711218
2104814336,51.4598996,-0.3487245,1,,,POINT (-0.3487245 51.4598996),42,19,4219,51.4595153925,-0.349067651,0.04889140139845958
25471047,51.4592855,-0.3404097,3,,,POINT (-0.3404097 51.4592855),42,20,4220,51.4595153925,-0.340823469,0.03840892811961638
252738343,51.4595077,-0.3330461,3,,,POINT (-0.3330461 51.4595077),42,21,4221,51.4595153925,-0.332579287,0.03235302273808179
1166198642,51.4589592,-0.3241237,1,,,POINT (-0.3241237 51.4589592),42,22,4222,51.4595153925,-0.324335105,0.06355647120336468
252753407,51.4594938,-0.3158571,3,,,POINT (-0.3158571 51.4594938),42,23,4223,51.4595153925,-0.316090923,0.016376674194589998
880543394,51.4595382,-0.3077177,1,,,POINT (-0.3077177 51.4595382),42,24,4224,51.4595153925,-0.30784674100000003,0.009292955657873005
1695018337,51.4595705,-0.2994783,3,,,POINT (-0.2994783 51.4595705),42,25,4225,51.4595153925,-0.29960255900000005,0.010567002624760867
565663999,51.4604257,-0.290311,1,,,POINT (-0.290311 51.4604257),42,26,4226,51.4595153925,-0.291358377,0.1245442959868934
30426602,51.4611056,-0.2812293,3,,,POINT (-0.2812293 51.4611056),42,27,4227,51.4595153925,-0.283114195,0.21981655167765174
30426690,51.4593379,-0.2753733,3,,,POINT (-0.2753733 51.4593379),42,28,4228,51.4595153925,-0.274870013,0.04006683366287542
5325713760,51.4594785,-0.2659175,1,,,POINT (-0.2659175 51.4594785),42,29,4229,51.4595153925,-0.266625831,0.04924572662180348
30427423,51.4597984,-0.2597769,1,,,POINT (-0.2597769 51.4597984),42,30,4230,51.4595153925,-0.258381649,0.10165872791640992
25631570,51.4594407,-0.2416513,3,,,POINT (-0.2416513 51.4594407),42,32,4232,51.4595153925,-0.241893285,0.01870968173261706
7720652946,51.4600634,-0.2345268,1,,,POINT (-0.2345268 51.4600634),42,33,4233,51.4595153925,-0.23364910300000002,0.08608594232501296
17899245,51.4596176,-0.2251669,3,,,POINT (-0.2251669 51.4596176),42,34,4234,51.4595153925,-0.22540492100000004,0.020027482857466933
17899650,51.4595423,-0.2174659,3,,,POINT (-0.2174659 51.4595423),42,35,4235,51.4595153925,-0.217160739,0.021352798869155674
17788890,51.4598371,-0.2088627,1,,,POINT (-0.2088627 51.4598371),42,36,4236,51.4595153925,-0.208916557,0.03596631646476996
17788933,51.4595995,-0.2002003,3,,,POINT (-0.2002003 51.4595995),42,37,4237,51.4595153925,-0.20067237500000001,0.034017117763134826
25231561,51.4588609,-0.1920858,3,,,POINT (-0.1920858 51.4588609),42,38,4238,51.4595153925,-0.19242819300000003,0.07654480215868596
21393728,51.4594353,-0.1836333,3,,,POINT (-0.1836333 51.4594353),42,39,4239,51.4595153925,-0.18418401100000004,0.03917996828792896
26977041,51.4597692,-0.1756563,3,,,POINT (-0.1756563 51.4597692),42,40,4240,51.4595153925,-0.175939829,0.03438531450605948
26479863,51.4594478,-0.1681963,3,,,POINT (-0.1681963 51.4594478),42,41,4241,51.4595153925,-0.167695647,0.0354911884336443
26486690,51.459791,-0.1593334,3,,,POINT (-0.1593334 51.459791),42,42,4242,51.4595153925,-0.15945146500000001,0.031719002723651364
4062016940,51.4612256,-0.1517727,3,,,POINT (-0.1517727 51.4612256),42,43,4243,51.4595153925,-0.15120728300000003,0.19415905808717332
1956811087,51.4594954,-0.1414202,3,,,POINT (-0.1414202 51.4594954),42,44,4244,51.4595153925,-0.14296310100000004,0.10691831307397687
114242365,51.4603491,-0.1352945,3,,,POINT (-0.1352945 51.4603491),42,45,4245,51.4595153925,-0.13471891900000005,0.10091687336674042
2907092986,51.4597325,-0.1263931,3,,,POINT (-0.1263931 51.4597325),42,46,4246,51.4595153925,-0.126474737,0.024794957479166872
21539433,51.4596086,-0.1174912,1,,,POINT (-0.1174912 51.4596086),42,47,4247,51.4595153925,-0.11823055500000001,0.05226188194656786
112006422,51.45968,-0.1095438,1,,,POINT (-0.1095438 51.45968),42,48,4248,51.4595153925,-0.10998637300000003,0.03570984546768123
4965034721,51.4585343,-0.1021592,3,,,POINT (-0.1021592 51.4585343),42,49,4249,51.4595153925,-0.10174219100000004,0.1128534199599203
8907813116,51.4596526,-0.0940128,4,,,POINT (-0.0940128 51.4596526),42,50,4250,51.4595153925,-0.09349800900000005,0.038791867797753496
939599580,51.4599847,-0.0846317,1,,,POINT (-0.0846317 51.4599847),42,51,4251,51.4595153925,-0.085253827,0.06768316966502837
29565279,51.4595487,-0.0768821,3,,,POINT (-0.0768821 51.4595487),42,52,4252,51.4595153925,-0.07700964500000002,0.00958131854802391
718562605,51.4594631,-0.068547,1,,,POINT (-0.068547 51.4594631),42,53,4253,51.4595153925,-0.06876546300000003,0.016214041225248048
21580504,51.4600959,-0.0598551,3,,,POINT (-0.0598551 51.4600959),42,54,4254,51.4595153925,-0.06052128100000003,0.07935256770955712
291447385,51.4593176,-0.0507483,3,,,POINT (-0.0507483 51.4593176),42,55,4255,51.4595153925,-0.05227709900000004,0.10817772739307852
76476487,51.4597426,-0.0434897,3,,,POINT (-0.0434897 51.4597426),42,56,4256,51.4595153925,-0.04403291700000005,0.04532859746628494
105128,51.4592776,-0.0338971,3,,,POINT (-0.0338971 51.4592776),42,57,4257,51.4595153925,-0.03578873500000001,0.13369721705624563
496964749,51.4591293,-0.0299135,3,,,POINT (-0.0299135 51.4591293),42,58,4258,51.4595153925,-0.02754455300000002,0.1696479894727389
25259411,51.4588375,-0.0209832,3,,,POINT (-0.0209832 51.4588375),42,59,4259,51.4595153925,-0.01930037100000003,0.13883524278487244
628978,51.4593798,-0.0112041,3,,,POINT (-0.0112041 51.4593798),42,60,4260,51.4595153925,-0.011056189000000044,0.018230050032128218
5554783455,51.4591043,-0.003179,3,,,POINT (-0.003179 51.4591043),42,61,4261,51.4595153925,-0.002812007,0.052306966848564736
26841244,51.4596293,0.0044276,3,,,POINT (0.0044276 51.4596293),42,62,4262,51.4595153925,0.005432174999999989,0.07074193623449253
88297865,51.4596766,0.0134379,3,,,POINT (0.0134379 51.4596766),42,63,4263,51.4595153925,0.013676356999999978,0.02437737988545963
5312792445,51.4594773,0.0225162,3,,,POINT (0.0225162 51.4594773),42,64,4264,51.4595153925,0.021920538999999968,0.04148536793661969
6487454303,51.459521,0.029628,3,,,POINT (0.029628 51.459521),42,65,4265,51.4595153925,0.030164720999999957,0.037190297673051466
90264877,51.4594951,0.0386902,3,,,POINT (0.0386902 51.4594951),42,66,4266,51.4595153925,0.038408902999999946,0.019618996481419605
2467568444,51.459508,0.0473475,3,,,POINT (0.0473475 51.459508),42,67,4267,51.4595153925,0.046653084999999934,0.048117444780880446
26874924,51.4590154,0.0549391,4,mini_roundabout,,POINT (0.0549391 51.4590154),42,68,4268,51.4595153925,0.05489726699999992,0.05567212287681849
26027596,51.4593194,0.0638229,4,,,POINT (0.0638229 51.4593194),42,69,4269,51.4595153925,0.0631414489999999,0.05199958631050834
26027354,51.4587684,0.0798587,3,mini_roundabout,,POINT (0.0798587 51.4587684),42,71,4271,51.4595153925,0.079629813,0.08456199245029161
35962748,51.4605964,0.0898025,3,,,POINT (0.0898025 51.4605964),42,72,4272,51.4595153925,0.08787399499999998,0.17972204767656727
35962782,51.4593916,0.0952746,3,,,POINT (0.0952746 51.4593916),42,73,4273,51.4595153925,0.09611817699999997,0.060043854998559236
36653443,51.4598893,0.1048837,1,turning_circle,,POINT (0.1048837 51.4598893),42,74,4274,51.4595153925,0.10436235899999996,0.05507471161789176
36653755,51.4593138,0.1116219,3,,,POINT (0.1116219 51.4593138),42,75,4275,51.4595153925,0.11260654099999995,0.0718065045097486
32444214,51.4602914,0.1208784,3,,,POINT (0.1208784 51.4602914),42,76,4276,51.4595153925,0.12085072299999994,0.08630939981626355
36668680,51.4597011,0.1291616,3,,,POINT (0.1291616 51.4597011),42,77,4277,51.4595153925,0.12909490499999993,0.02116040529802914
36668223,51.4595977,0.1372242,3,,,POINT (0.1372242 51.4595977),42,78,4278,51.4595153925,0.13733908699999992,0.01212919458556523
36667187,51.459495,0.1463104,3,,,POINT (0.1463104 51.459495),42,79,4279,51.4595153925,0.1455832689999999,0.05042806508999575
36663467,51.4594646,0.1539588,1,,,POINT (0.1539588 51.4594646),42,80,4280,51.4595153925,0.153827451,0.010710302391238269
36243088,51.4601721,0.1619315,3,,,POINT (0.1619315 51.4601721),42,81,4281,51.4595153925,0.162071633,0.07366511327976555
36663543,51.4583131,0.1698477,3,,,POINT (0.1698477 51.4583131),42,82,4282,51.4595153925,0.17031581499999998,0.13756656264646713
2599651795,51.4602491,0.178069,3,,,POINT (0.178069 51.4602491),42,83,4283,51.4595153925,0.17855999699999997,0.08839226251291142
36663698,51.4582812,0.187189,1,,,POINT (0.187189 51.4582812),42,84,4284,51.4595153925,0.18680417899999996,0.1398017896174614
440269771,51.4602442,0.1946627,1,,,POINT (0.1946627 51.4602442),42,85,4285,51.4595153925,0.19504836099999995,0.08533079326625417
35134172,51.4588749,0.2011094,1,,,POINT (0.2011094 51.4588749),42,86,4286,51.4595153925,0.20329254299999994,0.16718200971837363
1647046885,51.4653705,-0.4959652,3,,,POINT (-0.4959652 51.4653705),43,1,4301,51.46344717350001,-0.497462927,0.23770324077701796
303276,51.463017,-0.4889699,3,,,POINT (-0.4889699 51.463017),43,2,4302,51.46344717350001,-0.489218745,0.05084478043838664
243512295,51.4619264,-0.4329922,1,,,POINT (-0.4329922 51.4619264),43,9,4309,51.46344717350001,-0.431509471,0.19785555884898248
243512032,51.4627926,-0.4260295,3,,,POINT (-0.4260295 51.4627926),43,10,4310,51.46344717350001,-0.423265289,0.2048607896899918
1648251274,51.4633305,-0.4149422,3,,,POINT (-0.4149422 51.4633305),43,11,4311,51.46344717350001,-0.415021107,0.014078099807853081
14683178,51.4619867,-0.4055441,3,,,POINT (-0.4055441 51.4619867),43,12,4312,51.46344717350001,-0.406776925,0.1834860702425524
1652701370,51.4637339,-0.3961702,3,,,POINT (-0.3961702 51.4637339),43,13,4313,51.46344717350001,-0.398532743,0.16674341448008567
566389684,51.4624954,-0.3908023,3,,,POINT (-0.3908023 51.4624954),43,14,4314,51.46344717350001,-0.39028856100000003,0.11165640006048248
97124017,51.4636008,-0.3817883,3,,,POINT (-0.3817883 51.4636008),43,15,4315,51.46344717350001,-0.382044379,0.02462767216332232
32822030,51.4637926,-0.372919,3,,,POINT (-0.372919 51.4637926),43,16,4316,51.46344717350001,-0.373800197,0.07212393515791322
31453843,51.4634559,-0.3660109,3,,,POINT (-0.3660109 51.4634559),43,17,4317,51.46344717350001,-0.365556015,0.03152753368496599
25459964,51.4635035,-0.3578577,3,,,POINT (-0.3578577 51.4635035),43,18,4318,51.46344717350001,-0.35731183299999997,0.0383306109730514
59651643,51.4633799,-0.3489664,3,,,POINT (-0.3489664 51.4633799),43,19,4319,51.46344717350001,-0.349067651,0.010254628057582803
36761343,51.4630688,-0.3324833,1,,,POINT (-0.3324833 51.4630688),43,21,4321,51.46344717350001,-0.332579287,0.04259545458565772
250746997,51.4643871,-0.3242291,3,,,POINT (-0.3242291 51.4643871),43,22,4322,51.46344717350001,-0.324335105,0.10477272897415471
252753367,51.462042,-0.3195415,3,,,POINT (-0.3195415 51.462042),43,23,4323,51.46344717350001,-0.316090923,0.2855807469022622
274971766,51.4635872,-0.3053686,1,,,POINT (-0.3053686 51.4635872),43,24,4324,51.46344717350001,-0.30784674100000003,0.17237999587545852
1696527527,51.4637399,-0.2998789,3,,,POINT (-0.2998789 51.4637399),43,25,4325,51.46344717350001,-0.29960255900000005,0.037761958144952035
1696493593,51.4630305,-0.2912807,3,,,POINT (-0.2912807 51.4630305),43,26,4326,51.46344717350001,-0.291358377,0.046643427613302674
6621967121,51.4634267,-0.2825037,1,,,POINT (-0.2825037 51.4634267),43,27,4327,51.46344717350001,-0.283114195,0.04235387159787651
30426725,51.4627796,-0.2749814,1,,,POINT (-0.2749814 51.4627796),43,28,4328,51.46344717350001,-0.274870013,0.07463078455864795
30427061,51.4635629,-0.2673832,3,,,POINT (-0.2673832 51.4635629),43,29,4329,51.46344717350001,-0.266625831,0.05402239730055495
30427340,51.4638204,-0.2586609,3,,,POINT (-0.2586609 51.4638204),43,30,4330,51.46344717350001,-0.258381649,0.04578826255690771
30470176,51.4634128,-0.2505536,1,,,POINT (-0.2505536 51.4634128),43,31,4331,51.46344717350001,-0.250137467,0.029080305372482743
24945403,51.463566,-0.2413289,3,,,POINT (-0.2413289 51.463566),43,32,4332,51.46344717350001,-0.241893285,0.04127051557648262
18292996,51.4639572,-0.2332772,3,,,POINT (-0.2332772 51.4639572),43,33,4333,51.46344717350001,-0.23364910300000002,0.06229016760759894
17899643,51.4628165,-0.2255593,3,,,POINT (-0.2255593 51.4628165),43,34,4334,51.46344717350001,-0.22540492100000004,0.07093851406836384
18293434,51.4632036,-0.2183294,1,,,POINT (-0.2183294 51.4632036),43,35,4335,51.46344717350001,-0.217160739,0.08537053177277001
17657506,51.463843,-0.2092677,3,,,POINT (-0.2092677 51.463843),43,36,4336,51.46344717350001,-0.208916557,0.05028877968830251
25229208,51.4619602,-0.1996087,3,,,POINT (-0.1996087 51.4619602),43,37,4337,51.46344717350001,-0.20067237500000001,0.1810209294809323
25229300,51.461542,-0.1921352,3,,,POINT (-0.1921352 51.461542),43,38,4338,51.46344717350001,-0.19242819300000003,0.21281581368778224
3381172799,51.4631958,-0.1836905,1,,,POINT (-0.1836905 51.4631958),43,39,4339,51.46344717350001,-0.18418401100000004,0.044160399170114946
26977163,51.4628847,-0.1758432,3,,,POINT (-0.1758432 51.4628847),43,40,4340,51.46344717350001,-0.175939829,0.06290141491430466
1165921352,51.4637194,-0.1678065,3,crossing,,POINT (-0.1678065 51.4637194),43,41,4341,51.46344717350001,-0.167695647,0.03122913613786543
26342117,51.4629821,-0.1591747,3,,,POINT (-0.1591747 51.4629821),43,42,4342,51.46344717350001,-0.15945146500000001,0.05515371713209808
2902631261,51.4633858,-0.1508767,3,,,POINT (-0.1508767 51.4633858),43,43,4343,51.46344717350001,-0.15120728300000003,0.023896657807242597
294697,51.4633393,-0.1422338,3,,,POINT (-0.1422338 51.4633393),43,44,4344,51.46344717350001,-0.14296310100000004,0.051927477200541854
3050241596,51.4630969,-0.1343426,3,,,POINT (-0.1343426 51.4630969),43,45,4345,51.46344717350001,-0.13471891900000005,0.04686831892196732
7579998593,51.4635178,-0.1252891,1,,,POINT (-0.1252891 51.4635178),43,46,4346,51.46344717350001,-0.126474737,0.08251067910212857
8822845342,51.4635426,-0.1183752,1,give_way,,POINT (-0.1183752 51.4635426),43,47,4347,51.46344717350001,-0.11823055500000001,0.014594545974225857
111996281,51.4637321,-0.1101953,1,,,POINT (-0.1101953 51.4637321),43,48,4348,51.46344717350001,-0.10998637300000003,0.03483184868118385
260579147,51.4634684,-0.1016338,1,,,POINT (-0.1016338 51.4634684),43,49,4349,51.46344717350001,-0.10174219100000004,0.007871108518627129
106279050,51.463036,-0.0943894,3,,,POINT (-0.0943894 51.463036),43,50,4350,51.46344717350001,-0.09349800900000005,0.0768355179887109
70728537,51.4641113,-0.0857549,3,,,POINT (-0.0857549 51.4641113),43,51,4351,51.46344717350001,-0.085253827,0.08159889986457584
25150759,51.4635872,-0.0772713,3,,,POINT (-0.0772713 51.4635872),43,52,4352,51.46344717350001,-0.07700964500000002,0.023895560177498214
311807455,51.4635207,-0.068523,3,,,POINT (-0.068523 51.4635207),43,53,4353,51.46344717350001,-0.06876546300000003,0.018680934986152767
292685889,51.4637877,-0.0598008,3,,,POINT (-0.0598008 51.4637877),43,54,4354,51.46344717350001,-0.06052128100000003,0.06264930866103936
102746240,51.4642758,-0.0533926,3,,,POINT (-0.0533926 51.4642758),43,55,4355,51.46344717350001,-0.05227709900000004,0.12025513538707552
64637381,51.4629771,-0.0437333,3,,,POINT (-0.0437333 51.4629771),43,56,4356,51.46344717350001,-0.04403291700000005,0.05624017693446537
25259089,51.4636788,-0.0360962,4,,,POINT (-0.0360962 51.4636788),43,57,4357,51.46344717350001,-0.03578873500000001,0.0334221582480198
25259138,51.4629081,-0.0283587,4,,,POINT (-0.0283587 51.4629081),43,58,4358,51.46344717350001,-0.02754455300000002,0.08230530109080997
25259424,51.4632637,-0.0187532,4,,,POINT (-0.0187532 51.4632637),43,59,4359,51.46344717350001,-0.01930037100000003,0.04304729542049362
4460446006,51.4637007,-0.010806,3,,,POINT (-0.010806 51.4637007),43,60,4360,51.46344717350001,-0.011056189000000044,0.03309266029648743
3677452,51.4627476,-0.0037971,3,,,POINT (-0.0037971 51.4627476),43,61,4361,51.46344717350001,-0.002812007,0.10348114953600175
705970095,51.4636412,0.0055599,3,,,POINT (0.0055599 51.4636412),43,62,4362,51.46344717350001,0.005432174999999989,0.023318704651525232
247074821,51.4634633,0.0145023,3,,,POINT (0.0145023 51.4634633),43,63,4363,51.46344717350001,0.013676356999999978,0.05724608631914607
88299473,51.4637226,0.0207753,1,,,POINT (0.0207753 51.4637226),43,64,4364,51.46344717350001,0.021920538999999968,0.08504329373012821
13922383,51.4631053,0.0297592,3,,,POINT (0.0297592 51.4631053),43,65,4365,51.46344717350001,0.030164720999999957,0.04726864188627134
90253315,51.463465,0.0378193,4,,,POINT (0.0378193 51.463465),43,66,4366,51.46344717350001,0.038408902999999946,0.04089338325626515
90249120,51.4633572,0.0458074,4,,,POINT (0.0458074 51.4633572),43,67,4367,51.46344717350001,0.046653084999999934,0.059433805204367744
90240093,51.4633711,0.0553955,3,,,POINT (0.0553955 51.4633711),43,68,4368,51.46344717350001,0.05489726699999992,0.035537042787657014
1825852761,51.4633273,0.0623516,3,,,POINT (0.0623516 51.4633273),43,69,4369,51.46344717350001,0.0631414489999999,0.05631775811485228
26027592,51.4632956,0.0675221,3,,,POINT (0.0675221 51.4632956),43,70,4370,51.46344717350001,0.071385631,0.26818044960662285
35963023,51.4624703,0.0829914,1,turning_circle,,POINT (0.0829914 51.4624703),43,71,4371,51.46344717350001,0.079629813,0.2569669107067107
35963030,51.4631081,0.0875899,3,,,POINT (0.0875899 51.4631081),43,72,4372,51.46344717350001,0.08787399499999998,0.0425309093020186
35963120,51.4635899,0.0955472,1,turning_circle,,POINT (0.0955472 51.4635899),43,73,4373,51.46344717350001,0.09611817699999997,0.04261999160714668
383545885,51.463326,0.1046754,1,,,POINT (0.1046754 51.463326),43,74,4374,51.46344717350001,0.10436235899999996,0.025531133426376938
36668770,51.464037,0.1113902,3,,,POINT (0.1113902 51.464037),43,75,4375,51.46344717350001,0.11260654099999995,0.10677865885846073
6477042414,51.4628209,0.1204836,1,,,POINT (0.1204836 51.4628209),43,76,4376,51.46344717350001,0.12085072299999994,0.07413735961693196
387446021,51.4636046,0.1291731,1,,,POINT (0.1291731 51.4636046),43,77,4377,51.46344717350001,0.12909490499999993,0.01832403265619242
36667938,51.4634862,0.137434,3,,,POINT (0.137434 51.4634862),43,78,4378,51.46344717350001,0.13733908699999992,0.007878120037745918
389025197,51.4637526,0.1454596,3,,,POINT (0.1454596 51.4637526),43,79,4379,51.46344717350001,0.1455832689999999,0.03502580588618702
388298049,51.4630816,0.1541304,3,,,POINT (0.1541304 51.4630816),43,80,4380,51.46344717350001,0.153827451,0.04574797489761082
36666096,51.4635133,0.1620765,3,,,POINT (0.1620765 51.4635133),43,81,4381,51.46344717350001,0.162071633,0.007360657565324154
36665368,51.4629945,0.1694702,1,,,POINT (0.1694702 51.4629945),43,82,4382,51.46344717350001,0.17031581499999998,0.07723571859545607
36665153,51.4636222,0.1773699,3,,,POINT (0.1773699 51.4636222),43,83,4383,51.46344717350001,0.17855999699999997,0.0847109475425972
32440463,51.4635492,0.1868301,3,,,POINT (0.1868301 51.4635492),43,84,4384,51.46344717350001,0.18680417899999996,0.011486065008660406
36242359,51.4628507,0.1913075,3,,,POINT (0.1913075 51.4628507),43,85,4385,51.46344717350001,0.19504836099999995,0.2675060886714226
1647047002,51.4676214,-0.506872,3,,,POINT (-0.506872 51.4676214),44,0,4400,51.467378954500006,-0.5057071089999999,0.08507606544211722
1697979843,51.466437,-0.4966483,2,,,POINT (-0.4966483 51.466437),44,1,4401,51.467378954500006,-0.497462927,0.11897439767895131
1805362762,51.4664689,-0.4900503,1,,,POINT (-0.4900503 51.4664689),44,2,4402,51.467378954500006,-0.489218745,0.11643946317162945
778163167,51.4674793,-0.4277435,1,,,POINT (-0.4277435 51.4674793),44,9,4409,51.467378954500006,-0.431509471,0.26110705305845366
1637985219,51.4675599,-0.4235272,3,mini_roundabout,,POINT (-0.4235272 51.4675599),44,10,4410,51.467378954500006,-0.423265289,0.027091974334535186
223485078,51.4660068,-0.4156284,1,,,POINT (-0.4156284 51.4660068),44,11,4411,51.467378954500006,-0.415021107,0.15826978931387745
9831136445,51.469186,-0.402858,1,,,POINT (-0.402858 51.469186),44,12,4412,51.467378954500006,-0.406776925,0.337734136250287
33381461,51.4678686,-0.4004727,3,,,POINT (-0.4004727 51.4678686),44,13,4413,51.467378954500006,-0.398532743,0.14499100178179955
8632330900,51.4672063,-0.3898043,3,,,POINT (-0.3898043 51.4672063),44,14,4414,51.467378954500006,-0.39028856100000003,0.03865009908735683
33228339,51.4668073,-0.3819049,3,,,POINT (-0.3819049 51.4668073),44,15,4415,51.467378954500006,-0.382044379,0.06429517280505799
3233540217,51.4675065,-0.3745746,1,,,POINT (-0.3745746 51.4675065),44,16,4416,51.467378954500006,-0.373800197,0.055485974420644235
31002214,51.4676075,-0.3657882,2,,,POINT (-0.3657882 51.4676075),44,17,4417,51.467378954500006,-0.365556015,0.03007493827003258
31453776,51.4678345,-0.35834,3,,,POINT (-0.35834 51.4678345),44,18,4418,51.467378954500006,-0.35731183299999997,0.08739715098176573
59651651,51.466525,-0.3495214,3,,,POINT (-0.3495214 51.466525),44,19,4419,51.467378954500006,-0.349067651,0.1000223375443388
566706063,51.467092,-0.34022,3,,,POINT (-0.34022 51.467092),44,20,4420,51.467378954500006,-0.340823469,0.05258855731425651
566705403,51.4664483,-0.3299185,3,,,POINT (-0.3299185 51.4664483),44,21,4421,51.467378954500006,-0.332579287,0.21137839061274244
248478374,51.4675488,-0.3244597,3,,,POINT (-0.3244597 51.4675488),44,22,4422,51.467378954500006,-0.324335105,0.020764586302855857
1771840943,51.4655867,-0.3054714,1,,,POINT (-0.3054714 51.4655867),44,24,4424,51.467378954500006,-0.30784674100000003,0.25843912857570095
30563669,51.4675946,-0.2995113,3,,,POINT (-0.2995113 51.4675946),44,25,4425,51.467378954500006,-0.29960255900000005,0.02479795710656266
8855847111,51.4671894,-0.2914274,1,,,POINT (-0.2914274 51.4671894),44,26,4426,51.467378954500006,-0.291358377,0.021612985568862323
4962245429,51.4675241,-0.283333,1,,,POINT (-0.283333 51.4675241),44,27,4427,51.467378954500006,-0.283114195,0.022140553793516843
30427465,51.4676421,-0.2742797,3,,,POINT (-0.2742797 51.4676421),44,28,4428,51.467378954500006,-0.274870013,0.05028157236601646
30430136,51.4668989,-0.2667337,3,,,POINT (-0.2667337 51.4668989),44,29,4429,51.467378954500006,-0.266625831,0.05390006505513011
30470767,51.4677691,-0.2581793,3,,,POINT (-0.2581793 51.4677691),44,30,4430,51.467378954500006,-0.258381649,0.045590371193067636
21095820,51.4674284,-0.250284,1,,,POINT (-0.250284 51.4674284),44,31,4431,51.467378954500006,-0.250137467,0.011543755876058286
18874503,51.4683023,-0.2399498,3,,,POINT (-0.2399498 51.4683023),44,32,4432,51.467378954500006,-0.241893285,0.16930736634251028
18292963,51.467601,-0.233214,3,,,POINT (-0.233214 51.467601),44,33,4433,51.467378954500006,-0.23364910300000002,0.038961555360771234
18293188,51.4671758,-0.2251167,3,,,POINT (-0.2251167 51.4671758),44,34,4434,51.467378954500006,-0.22540492100000004,0.03014801115684403
18235222,51.4674066,-0.2168255,3,,,POINT (-0.2168255 51.4674066),44,35,4435,51.467378954500006,-0.217160739,0.023424580876409702
564704823,51.4677183,-0.2087652,1,,,POINT (-0.2087652 51.4677183),44,36,4436,51.467378954500006,-0.208916557,0.03916300283864571
6865222627,51.4678014,-0.198729,2,,,POINT (-0.198729 51.4678014),44,37,4437,51.467378954500006,-0.20067237500000001,0.14257722895750075
13565520,51.4675558,-0.1921569,3,,,POINT (-0.1921569 51.4675558),44,38,4438,51.467378954500006,-0.19242819300000003,0.02720001887215096
27027220,51.4659699,-0.1828935,1,,,POINT (-0.1828935 51.4659699),44,39,4439,51.467378954500006,-0.18418401100000004,0.1803885050708105
27027401,51.4670286,-0.1761552,3,,,POINT (-0.1761552 51.4670286),44,40,4440,51.467378954500006,-0.175939829,0.04171652852167371
27027472,51.4674418,-0.1672296,3,,,POINT (-0.1672296 51.4674418),44,41,4441,51.467378954500006,-0.167695647,0.03303073119756826
42084961,51.4673442,-0.1603408,4,,,POINT (-0.1603408 51.4673442),44,42,4442,51.467378954500006,-0.15945146500000001,0.06172535674433216
26343737,51.4673093,-0.1514502,3,,,POINT (-0.1514502 51.4673093),44,43,4443,51.467378954500006,-0.15120728300000003,0.018523829009779426
292354,51.467385,-0.1434613,4,,,POINT (-0.1434613 51.467385),44,44,4444,51.467378954500006,-0.14296310100000004,0.034516790865944114
110154485,51.4679288,-0.1351026,1,turning_circle,,POINT (-0.1351026 51.4679288),44,45,4445,51.467378954500006,-0.13471891900000005,0.06666680393660883
267652942,51.4673078,-0.1260867,3,,,POINT (-0.1260867 51.4673078),44,46,4446,51.467378954500006,-0.126474737,0.028019622747383104
110281414,51.4675306,-0.1181241,4,,,POINT (-0.1181241 51.4675306),44,47,4447,51.467378954500006,-0.11823055500000001,0.018404126399596193
266041032,51.4673436,-0.1098795,3,,,POINT (-0.1098795 51.4673436),44,48,4448,51.467378954500006,-0.10998637300000003,0.008382152827879522
33213466,51.4669784,-0.1015278,3,,,POINT (-0.1015278 51.4669784),44,49,4449,51.467378954500006,-0.10174219100000004,0.046950278190935904
9394005615,51.4674707,-0.0910385,3,,,POINT (-0.0910385 51.4674707),44,50,4450,51.467378954500006,-0.09349800900000005,0.17067518612987032
111956806,51.4673122,-0.0859627,3,,,POINT (-0.0859627 51.4673122),44,51,4451,51.467378954500006,-0.085253827,0.049661533610220236
25340435,51.4671463,-0.0774384,1,,,POINT (-0.0774384 51.4671463),44,52,4452,51.467378954500006,-0.07700964500000002,0.03938709319254699
30156465,51.4678357,-0.0686695,3,,,POINT (-0.0686695 51.4678357),44,53,4453,51.467378954500006,-0.06876546300000003,0.05122095035600033
102949936,51.4673808,-0.0601941,3,,,POINT (-0.0601941 51.4673808),44,54,4454,51.467378954500006,-0.06052128100000003,0.02266475763631175
102945781,51.4673795,-0.0512877,3,,,POINT (-0.0512877 51.4673795),44,55,4455,51.467378954500006,-0.05227709900000004,0.06853569879937653
60678682,51.4666566,-0.0436724,3,,,POINT (-0.0436724 51.4666566),44,56,4456,51.467378954500006,-0.04403291700000005,0.08411486184824148
85835766,51.4664275,-0.0358381,3,,,POINT (-0.0358381 51.4664275),44,57,4457,51.467378954500006,-0.03578873500000001,0.10585216194726094
98209157,51.4674968,-0.0277065,3,,,POINT (-0.0277065 51.4674968),44,58,4458,51.467378954500006,-0.02754455300000002,0.017249779631219535
684525020,51.4674218,-0.0193849,1,,,POINT (-0.0193849 51.4674218),44,59,4459,51.467378954500006,-0.01930037100000003,0.0075486695168036945
629400,51.4667927,-0.0113403,3,traffic_signals,,POINT (-0.0113403 51.4667927),44,60,4460,51.467378954500006,-0.011056189000000044,0.06809453633334221
26842376,51.4675206,-0.0030119,3,,,POINT (-0.0030119 51.4675206),44,61,4461,51.467378954500006,-0.002812007,0.020971364963570084
1209681269,51.467509,0.0054889,1,,,POINT (0.0054889 51.467509),44,62,4462,51.467378954500006,0.005432174999999989,0.014984753573947176
243764202,51.4678001,0.0137827,3,,,POINT (0.0137827 51.4678001),44,63,4463,51.467378954500006,0.013676356999999978,0.04740507411015854
26842027,51.4672644,0.0216123,3,,,POINT (0.0216123 51.4672644),44,64,4464,51.467378954500006,0.021920538999999968,0.02486263292967478
27056202,51.4680659,0.0300995,4,,,POINT (0.0300995 51.4680659),44,65,4465,51.467378954500006,0.030164720999999957,0.07651834247973388
27056034,51.4686393,0.0375973,1,turning_circle,,POINT (0.0375973 51.4686393),44,66,4466,51.467378954500006,0.038408902999999946,0.15099973521905463
90269714,51.467747,0.0472166,3,,,POINT (0.0472166 51.467747),44,67,4467,51.467378954500006,0.046653084999999934,0.056555574977302715
1825852751,51.467294,0.0555595,3,,,POINT (0.0555595 51.467294),44,68,4468,51.467378954500006,0.05489726699999992,0.04683547578881227
1825848861,51.4677515,0.0657869,1,,,POINT (0.0657869 51.4677515),44,69,4469,51.467378954500006,0.0631414489999999,0.1878735739024873
91761899,51.4686604,0.0696757,3,,,POINT (0.0696757 51.4686604),44,70,4470,51.467378954500006,0.071385631,0.1852909831795992
6023456573,51.4676842,0.0880995,3,,,POINT (0.0880995 51.4676842),44,72,4472,51.467378954500006,0.08787399499999998,0.03736372707676127
35963530,51.467071,0.0952568,3,,,POINT (0.0952568 51.467071),44,73,4473,51.467378954500006,0.09611817699999997,0.06879554219609892
35963877,51.4677002,0.1041545,1,turning_circle,,POINT (0.1041545 51.4677002),44,74,4474,51.467378954500006,0.10436235899999996,0.038513540750709466
384945778,51.4672691,0.1104737,3,,,POINT (0.1104737 51.4672691),44,75,4475,51.467378954500006,0.11260654099999995,0.14824619851399037
36729172,51.4670554,0.1198185,3,,,POINT (0.1198185 51.4670554),44,76,4476,51.467378954500006,0.12085072299999994,0.08004357771057864
36728192,51.4674503,0.1296052,3,,,POINT (0.1296052 51.4674503),44,77,4477,51.467378954500006,0.12909490499999993,0.0362274119818118
36727839,51.467662,0.1371426,3,,,POINT (0.1371426 51.467662),44,78,4478,51.467378954500006,0.13733908699999992,0.03429012380362789
36727679,51.4670689,0.1458838,3,,,POINT (0.1458838 51.4670689),44,79,4479,51.467378954500006,0.1455832689999999,0.0402742006257783
389028284,51.4689405,0.1536621,1,,,POINT (0.1536621 51.4689405),44,80,4480,51.467378954500006,0.153827451,0.17401329044025457
36726303,51.4671445,0.1613927,3,,,POINT (0.1613927 51.4671445),44,81,4481,51.467378954500006,0.162071633,0.053772260582599866
11186641884,51.4669217,0.1708312,2,,,POINT (0.1708312 51.4669217),44,82,4482,51.467378954500006,0.17031581499999998,0.06212652636768722
392758952,51.4670491,0.1792532,1,,,POINT (0.1792532 51.4670491),44,83,4483,51.467378954500006,0.17855999699999997,0.06042390420710778
36664527,51.4667579,0.1864716,3,,,POINT (0.1864716 51.4667579),44,84,4484,51.467378954500006,0.18680417899999996,0.07279950260674989
36242318,51.4677278,0.1966737,1,,,POINT (0.1966737 51.4677278),44,85,4485,51.467378954500006,0.19504836099999995,0.11908166025092848
6738880701,51.4712829,-0.4910655,3,,,POINT (-0.4910655 51.4712829),45,2,4502,51.471310735500005,-0.489218745,0.12795118298189775
1194774602,51.4715875,-0.4573332,1,,,POINT (-0.4573332 51.4715875),45,6,4506,51.471310735500005,-0.456242017,0.08160484554773154
1645568142,51.4714859,-0.452117,3,,,POINT (-0.452117 51.4714859),45,7,4507,51.471310735500005,-0.447997835,0.2859735045351092
1697948165,51.4716068,-0.414857,4,traffic_signals,,POINT (-0.414857 51.4716068),45,11,4511,51.471310735500005,-0.415021107,0.03482793461150926
1828371632,51.4709317,-0.4060265,3,,,POINT (-0.4060265 51.4709317),45,12,4512,51.471310735500005,-0.406776925,0.06691811372133058
33982016,51.4711111,-0.398317,3,,,POINT (-0.398317 51.4711111),45,13,4513,51.471310735500005,-0.398532743,0.026759531247716864
33826909,51.4721592,-0.3905907,3,,,POINT (-0.3905907 51.4721592),45,14,4514,51.471310735500005,-0.39028856100000003,0.09663806543367388
33228328,51.4714912,-0.3819014,3,,,POINT (-0.3819014 51.4714912),45,15,4515,51.471310735500005,-0.382044379,0.022377420265868555
31046852,51.4711403,-0.3738729,3,,,POINT (-0.3738729 51.4711403),45,16,4516,51.471310735500005,-0.373800197,0.01960918503175217
1935001182,51.4711149,-0.3654598,1,,,POINT (-0.3654598 51.4711149),45,17,4517,51.471310735500005,-0.365556015,0.022772850199925206
30204920,51.4714674,-0.3573377,1,,,POINT (-0.3573377 51.4714674),45,18,4518,51.471310735500005,-0.35731183299999997,0.0175121893724092
303081,51.4711324,-0.3492868,3,,,POINT (-0.3492868 51.4711324),45,19,4519,51.471310735500005,-0.349067651,0.02497271156813635
36685388,51.4708512,-0.3414031,3,,,POINT (-0.3414031 51.4708512),45,20,4520,51.471310735500005,-0.340823469,0.06498347332456865
496965350,51.4711174,-0.3323685,1,,,POINT (-0.3323685 51.4711174),45,21,4521,51.471310735500005,-0.332579287,0.025986930033015436
6344639399,51.4711951,-0.3245836,1,,,POINT (-0.3245836 51.4711951),45,22,4522,51.471310735500005,-0.324335105,0.021484317403238667
30438320,51.4712029,-0.2912352,4,,,POINT (-0.2912352 51.4712029),45,26,4526,51.471310735500005,-0.291358377,0.01471628447027307
1534383945,51.4718249,-0.2827906,3,,,POINT (-0.2827906 51.4718249),45,27,4527,51.471310735500005,-0.283114195,0.0614088920170732
2841951653,51.4712545,-0.27301,1,,,POINT (-0.27301 51.4712545),45,28,4528,51.471310735500005,-0.274870013,0.12898374772924545
8089924398,51.4694708,-0.2666348,4,mini_roundabout,,POINT (-0.2666348 51.4694708),45,29,4529,51.471310735500005,-0.266625831,0.2045924361507079
565682340,51.4700976,-0.2579106,3,,,POINT (-0.2579106 51.4700976),45,30,4530,51.471310735500005,-0.258381649,0.1387842318697062
18874412,51.4711179,-0.2502742,3,,,POINT (-0.2502742 51.4711179),45,31,4531,51.471310735500005,-0.250137467,0.023440725866141203
20913019,51.4716173,-0.2405012,3,,,POINT (-0.2405012 51.4716173),45,32,4532,51.471310735500005,-0.241893285,0.10226949017953607
20913010,51.4718437,-0.2369291,3,,,POINT (-0.2369291 51.4718437),45,33,4533,51.471310735500005,-0.23364910300000002,0.2347869106479516
18235154,51.470926,-0.225377,3,,,POINT (-0.225377 51.470926),45,34,4534,51.471310735500005,-0.22540492100000004,0.04282432571978365
2537911236,51.4714976,-0.2169463,1,,,POINT (-0.2169463 51.4714976),45,35,4535,51.471310735500005,-0.217160739,0.02554112953451245
1138172519,51.4714432,-0.2095563,1,,,POINT (-0.2095563 51.4714432),45,36,4536,51.471310735500005,-0.208916557,0.0466950717823422
13565541,51.4707557,-0.2006444,3,,,POINT (-0.2006444 51.4707557),45,37,4537,51.471310735500005,-0.20067237500000001,0.061747541842230656
4210749305,51.4713738,-0.1913303,3,,,POINT (-0.1913303 51.4713738),45,38,4538,51.471310735500005,-0.19242819300000003,0.07636708895218475
5165715489,51.4712241,-0.1841046,1,,,POINT (-0.1841046 51.4712241),45,39,4539,51.471310735500005,-0.18418401100000004,0.011093087154404947
27027920,51.4714842,-0.1755402,3,,,POINT (-0.1755402 51.4714842),45,40,4540,51.471310735500005,-0.175939829,0.03373745977819891
29873979,51.4714758,-0.168073,3,,,POINT (-0.168073 51.4714758),45,41,4541,51.471310735500005,-0.167695647,0.03193777467070845
30111373,51.4714128,-0.1600145,1,,,POINT (-0.1600145 51.4714128),45,42,4542,51.471310735500005,-0.15945146500000001,0.04061585337323202
42079076,51.4713761,-0.1507165,3,,,POINT (-0.1507165 51.4713761),45,43,4543,51.471310735500005,-0.15120728300000003,0.03476191383000959
996609825,51.4711272,-0.1433501,1,,,POINT (-0.1433501 51.4711272),45,44,4544,51.471310735500005,-0.14296310100000004,0.033689942484344836
10869225,51.4710693,-0.1340585,4,,,POINT (-0.1340585 51.4710693),45,45,4545,51.471310735500005,-0.13471891900000005,0.05303949926685519
9632483375,51.4711645,-0.1265176,1,,,POINT (-0.1265176 51.4711645),45,46,4546,51.471310735500005,-0.126474737,0.01652945195718685
33213097,51.4715214,-0.1180974,3,,,POINT (-0.1180974 51.4715214),45,47,4547,51.471310735500005,-0.11823055500000001,0.02517504672534422
111948820,51.47081,-0.1092492,3,,,POINT (-0.1092492 51.47081),45,48,4548,51.471310735500005,-0.10998637300000003,0.07554659156963246
512764948,51.4716155,-0.1026869,1,,,POINT (-0.1026869 51.4716155),45,49,4549,51.471310735500005,-0.10174219100000004,0.07368881215184368
110305682,51.4716687,-0.0936393,3,,,POINT (-0.0936393 51.4716687),45,50,4550,51.471310735500005,-0.09349800900000005,0.040989242000802686
26010527,51.471137,-0.0851009,3,,,POINT (-0.0851009 51.471137),45,51,4551,51.471310735500005,-0.085253827,0.02203185866730419
40985251,51.4724111,-0.077692,3,,,POINT (-0.077692 51.4724111),45,52,4552,51.471310735500005,-0.07700964500000002,0.1311656926804026
299433082,51.4715371,-0.067799,1,,,POINT (-0.067799 51.4715371),45,53,4553,51.471310735500005,-0.06876546300000003,0.07151678471741267
305084618,51.4713338,-0.0607173,1,,,POINT (-0.0607173 51.4713338),45,54,4554,51.471310735500005,-0.06052128100000003,0.013817167097683021
102946636,51.4712811,-0.0521723,3,,,POINT (-0.0521723 51.4712811),45,55,4555,51.471310735500005,-0.05227709900000004,0.00797178462045152
60677625,51.4713001,-0.0448348,3,,,POINT (-0.0448348 51.4713001),45,56,4556,51.471310735500005,-0.04403291700000005,0.055554247185488626
85837840,51.4712072,-0.0353985,4,,,POINT (-0.0353985 51.4712072),45,57,4557,51.471310735500005,-0.03578873500000001,0.029378946791607748
98214787,51.4715262,-0.0277585,4,,,POINT (-0.0277585 51.4715262),45,58,4558,51.471310735500005,-0.02754455300000002,0.02817107237768593
2415345220,51.4714186,-0.0195208,3,,,POINT (-0.0195208 51.4714186),45,59,4559,51.471310735500005,-0.01930037100000003,0.019415481012855368
6040204755,51.4707351,-0.0123829,1,,,POINT (-0.0123829 51.4707351),45,60,4560,51.471310735500005,-0.011056189000000044,0.11198878168531937
4777748459,51.4719488,-0.0022354,3,,,POINT (-0.0022354 51.4719488),45,61,4561,51.471310735500005,-0.002812007,0.08141786197469213
281613909,51.4700512,0.0049314,1,,,POINT (0.0049314 51.4700512),45,62,4562,51.471310735500005,0.005432174999999989,0.14428527923538362
29981193,51.4698933,0.014233,3,,,POINT (0.014233 51.4698933),45,63,4563,51.471310735500005,0.013676356999999978,0.1622590162941296
26842072,51.4711495,0.0212705,4,mini_roundabout,,POINT (0.0212705 51.4711495),45,64,4564,51.471310735500005,0.021920538999999968,0.048462671216800216
27055604,51.4703069,0.0302409,1,turning_circle,,POINT (0.0302409 51.4703069),45,65,4565,51.471310735500005,0.030164720999999957,0.11174606003460717
27055680,51.4711744,0.0380833,4,,,POINT (0.0380833 51.4711744),45,66,4566,51.471310735500005,0.038408902999999946,0.02717425781730394
90274320,51.47121,0.0462564,1,,,POINT (0.0462564 51.47121),45,67,4567,51.471310735500005,0.046653084999999934,0.029671552599122266
13922342,51.4710996,0.055026,4,,,POINT (0.055026 51.4710996),45,68,4568,51.471310735500005,0.05489726699999992,0.025113428414340205
91758159,51.4709255,0.0628592,3,,,POINT (0.0628592 51.4709255),45,69,4569,51.471310735500005,0.0631414489999999,0.047086484732117
91761905,51.4710265,0.0718819,3,,,POINT (0.0718819 51.4710265),45,70,4570,51.471310735500005,0.071385631,0.04669541496720204
91766143,51.473206,0.0760346,1,,,POINT (0.0760346 51.473206),45,71,4571,51.471310735500005,0.079629813,0.3262220302690939
92735802,51.4726496,0.0873774,1,,,POINT (0.0873774 51.4726496),45,72,4572,51.471310735500005,0.08787399499999998,0.15279662866754715
35963418,51.471614,0.0961488,3,,,POINT (0.0961488 51.471614),45,73,4573,51.471310735500005,0.09611817699999997,0.033788115012751724
383659218,51.4704691,0.1047054,1,,,POINT (0.1047054 51.4704691),45,74,4574,51.471310735500005,0.10436235899999996,0.09655480977977825
385489964,51.4715155,0.1126386,1,,,POINT (0.1126386 51.4715155),45,75,4575,51.471310735500005,0.11260654099999995,0.022876796232531457
35965988,51.4714857,0.1193643,3,,,POINT (0.1193643 51.4714857),45,76,4576,51.471310735500005,0.12085072299999994,0.10477752372690025
36728935,51.4717855,0.1282233,3,,,POINT (0.1282233 51.4717855),45,77,4577,51.471310735500005,0.12909490499999993,0.08019686647659392
36728280,51.4713439,0.1369885,3,,,POINT (0.1369885 51.4713439),45,78,4578,51.471310735500005,0.13733908699999992,0.024561481494124925
36727736,51.4711867,0.1467217,1,turning_circle,,POINT (0.1467217 51.4711867),45,79,4579,51.471310735500005,0.1455832689999999,0.08004953747563612
36727317,51.4715377,0.1546841,3,,,POINT (0.1546841 51.4715377),45,80,4580,51.471310735500005,0.153827451,0.06447900452963998
382940454,51.4711384,0.1613524,3,,,POINT (0.1613524 51.4711384),45,81,4581,51.471310735500005,0.162071633,0.05337560291366858
36725060,51.4715712,0.1694223,3,,,POINT (0.1694223 51.4715712),45,82,4582,51.471310735500005,0.17031581499999998,0.06832990169074511
36725009,51.4710365,0.1784806,1,,,POINT (0.1784806 51.4710365),45,83,4583,51.471310735500005,0.17855999699999997,0.030985521134589408
36240596,51.4716539,0.1875879,3,,,POINT (0.1875879 51.4716539),45,84,4584,51.471310735500005,0.18680417899999996,0.06635314684455722
36241105,51.471175,0.195191,3,,,POINT (0.195191 51.471175),45,85,4585,51.471310735500005,0.19504836099999995,0.01803916402457416
36241047,51.4729248,0.2003409,1,,,POINT (0.2003409 51.4729248),45,86,4586,51.471310735500005,0.20329254299999994,0.27204208658032764
1588846808,51.4758809,-0.5045259,3,,,POINT (-0.5045259 51.4758809),46,0,4600,51.4752425165,-0.5057071089999999,0.10831143621565512
1665978235,51.4752267,-0.4952034,3,,,POINT (-0.4952034 51.4752267),46,1,4601,51.4752425165,-0.497462927,0.15650037748305878
1215118153,51.4745662,-0.4905089,1,,,POINT (-0.4905089 51.4745662),46,2,4602,51.4752425165,-0.489218745,0.11678902733678408
1645568348,51.4740942,-0.4531058,1,,,POINT (-0.4531058 51.4740942),46,6,4606,51.4752425165,-0.456242017,0.251961513893042
918242189,51.4756175,-0.4239826,2,,,POINT (-0.4239826 51.4756175),46,10,4610,51.4752425165,-0.423265289,0.0648584451513345
173456897,51.4757937,-0.4115665,3,,,POINT (-0.4115665 51.4757937),46,11,4611,51.4752425165,-0.415021107,0.24698316778233537
173456894,51.4753484,-0.4052157,3,,,POINT (-0.4052157 51.4753484),46,12,4612,51.4752425165,-0.406776925,0.10876641298803487
90386244,51.4752161,-0.3981242,3,,,POINT (-0.3981242 51.4752161),46,13,4613,51.4752425165,-0.398532743,0.0284469665258352
33116184,51.4751058,-0.3904852,1,,,POINT (-0.3904852 51.4751058),46,14,4614,51.4752425165,-0.39028856100000003,0.020410281251976813
33173750,51.4752229,-0.3832472,3,,,POINT (-0.3832472 51.4752229),46,15,4615,51.4752425165,-0.382044379,0.0833336250584144
31369032,51.4756314,-0.3735643,1,turning_circle,,POINT (-0.3735643 51.4756314),46,16,4616,51.4752425165,-0.373800197,0.04622531732651413
303066,51.4752476,-0.3648527,3,,,POINT (-0.3648527 51.4752476),46,17,4617,51.4752425165,-0.365556015,0.04871351300830948
702410,51.4756578,-0.3579057,1,turning_circle,,POINT (-0.3579057 51.4756578),46,18,4618,51.4752425165,-0.35731183299999997,0.061838677120504656
1698517,51.4754714,-0.3501463,1,,,POINT (-0.3501463 51.4754714),46,19,4619,51.4752425165,-0.349067651,0.07892127502170865
303077,51.4749788,-0.3408434,3,,,POINT (-0.3408434 51.4749788),46,20,4620,51.4752425165,-0.340823469,0.02935640884978705
34555750,51.4750988,-0.3320736,1,,,POINT (-0.3320736 51.4750988),46,21,4621,51.4752425165,-0.332579287,0.03849656413788509
34555743,51.4758696,-0.3253837,3,,,POINT (-0.3253837 51.4758696),46,22,4622,51.4752425165,-0.324335105,0.10067863644670277
295401,51.4751698,-0.2917799,3,,,POINT (-0.2917799 51.4751698),46,26,4626,51.4752425165,-0.291358377,0.030292934659886226
1534383906,51.4755425,-0.2824334,3,,,POINT (-0.2824334 51.4755425),46,27,4627,51.4752425165,-0.283114195,0.057756600225678134
1716108766,51.4755088,-0.2751417,1,,,POINT (-0.2751417 51.4755088),46,28,4628,51.4752425165,-0.274870013,0.03508239228279763
296029,51.4750597,-0.2667303,3,,,POINT (-0.2667303 51.4750597),46,29,4629,51.4752425165,-0.266625831,0.02157750051823676
130730272,51.4748284,-0.2577294,1,,,POINT (-0.2577294 51.4748284),46,30,4630,51.4752425165,-0.258381649,0.06450620424522253
20913240,51.4751451,-0.2502036,3,,,POINT (-0.2502036 51.4751451),46,31,4631,51.4752425165,-0.250137467,0.011760768636730827
429421662,51.474692,-0.241579,3,,,POINT (-0.241579 51.474692),46,32,4632,51.4752425165,-0.241893285,0.06496945753303747
18878521,51.4758388,-0.2328351,1,,,POINT (-0.2328351 51.4758388),46,33,4633,51.4752425165,-0.23364910300000002,0.08703116236507132
20917301,51.4761416,-0.2214163,3,,,POINT (-0.2214163 51.4761416),46,34,4634,51.4752425165,-0.22540492100000004,0.29377549996130814
20960765,51.4749754,-0.2175855,4,,,POINT (-0.2175855 51.4749754),46,35,4635,51.4752425165,-0.217160739,0.04180478354276384
25316331,51.4755694,-0.2086933,3,,,POINT (-0.2086933 51.4755694),46,36,4636,51.4752425165,-0.208916557,0.03949992522582649
25318156,51.475236,-0.20072,3,,,POINT (-0.20072 51.475236),46,37,4637,51.4752425165,-0.20067237500000001,0.003377068707530683
4210749313,51.4753613,-0.1924943,4,,,POINT (-0.1924943 51.4753613),46,38,4638,51.4752425165,-0.19242819300000003,0.013979148281724916
2726795781,51.4744618,-0.1851705,3,,,POINT (-0.1851705 51.4744618),46,39,4639,51.4752425165,-0.18418401100000004,0.1104730414849948
30056352,51.4750043,-0.1752628,3,,,POINT (-0.1752628 51.4750043),46,40,4640,51.4752425165,-0.175939829,0.053854396583781876
25302982,51.4748643,-0.1676607,3,,,POINT (-0.1676607 51.4748643),46,41,4641,51.4752425165,-0.167695647,0.04212534640051051
12111781,51.47501,-0.1599011,3,,,POINT (-0.1599011 51.47501),46,42,4642,51.4752425165,-0.15945146500000001,0.040474938929768396
33229873,51.4753757,-0.1511279,3,,,POINT (-0.1511279 51.4753757),46,43,4643,51.4752425165,-0.15120728300000003,0.01579693639606187
260939416,51.4756653,-0.1411521,3,,,POINT (-0.1411521 51.4756653),46,44,4644,51.4752425165,-0.14296310100000004,0.13394667665523163
107283391,51.4747203,-0.1339799,3,,,POINT (-0.1339799 51.4747203),46,45,4645,51.4752425165,-0.13471891900000005,0.07740545516694815
6443732331,51.4748119,-0.126767,2,,,POINT (-0.126767 51.4748119),46,46,4646,51.4752425165,-0.126474737,0.05198505927820338
110287457,51.4751239,-0.1179587,3,,,POINT (-0.1179587 51.4751239),46,47,4647,51.4752425165,-0.11823055500000001,0.022988355996100475
1093806273,51.4752436,-0.1103435,3,,,POINT (-0.1103435 51.4752436),46,48,4648,51.4752425165,-0.10998637300000003,0.02473421814561123
110301433,51.4751428,-0.1014653,1,,,POINT (-0.1014653 51.4751428),46,49,4649,51.4752425165,-0.10174219100000004,0.02215171980891251
105681812,51.475488,-0.0934872,3,,,POINT (-0.0934872 51.475488),46,50,4650,51.4752425165,-0.09349800900000005,0.02730678315635872
105675226,51.475049,-0.0846997,3,,,POINT (-0.0846997 51.475049),46,51,4651,51.4752425165,-0.085253827,0.04399870010650524
105659415,51.4753684,-0.0777014,4,,,POINT (-0.0777014 51.4753684),46,52,4652,51.4752425165,-0.07700964500000002,0.04991249998594011
7183279555,51.4750382,-0.0690052,3,,,POINT (-0.0690052 51.4750382),46,53,4653,51.4752425165,-0.06876546300000003,0.02813957783309239
102973597,51.4749744,-0.0611173,3,,,POINT (-0.0611173 51.4749744),46,54,4654,51.4752425165,-0.06052128100000003,0.050919569472775164
1017795883,51.4753169,-0.052696,3,,,POINT (-0.052696 51.4753169),46,55,4655,51.4752425165,-0.05227709900000004,0.03016821438254445
6919418000,51.475075,-0.0442779,1,,,POINT (-0.0442779 51.475075),46,56,4656,51.4752425165,-0.04403291700000005,0.02519615767545589
2616880232,51.4754973,-0.0360806,3,,,POINT (-0.0360806 51.4754973),46,57,4657,51.4752425165,-0.03578873500000001,0.03480270773564976
98217028,51.4750829,-0.0270563,3,,,POINT (-0.0270563 51.4750829),46,58,4658,51.4752425165,-0.02754455300000002,0.03819031362247497
243771878,51.4747894,-0.0191507,1,,,POINT (-0.0191507 51.4747894),46,59,4659,51.4752425165,-0.01930037100000003,0.05143954408268578
88772243,51.4752244,-0.0112597,3,,,POINT (-0.0112597 51.4752244),46,60,4660,51.4752425165,-0.011056189000000044,0.014238009301702102
243680322,51.474624,-0.0037658,3,,,POINT (-0.0037658 51.474624),46,61,4661,51.4752425165,-0.002812007,0.0953615421199988
3692361,51.476813,0.0082409,3,,,POINT (0.0082409 51.476813),46,62,4662,51.4752425165,0.005432174999999989,0.26140956792616765
3691610,51.4751884,0.0133694,3,,,POINT (0.0133694 51.4751884),46,63,4663,51.4752425165,0.013676356999999978,0.022094484048590903
3689820,51.474337,0.0214949,3,,,POINT (0.0214949 51.474337),46,64,4664,51.4752425165,0.021920538999999968,0.10491552523424486
9193012552,51.4753501,0.0302884,3,,,POINT (0.0302884 51.4753501),46,65,4665,51.4752425165,0.030164720999999957,0.014713237104010138
3786018081,51.4762265,0.039002,4,,,POINT (0.039002 51.4762265),46,66,4666,51.4752425165,0.038408902999999946,0.11687035789696944
420519261,51.4749457,0.0469058,1,,,POINT (0.0469058 51.4749457),46,67,4667,51.4752425165,0.046653084999999934,0.037358233463403716
13922350,51.4750399,0.0565224,3,,,POINT (0.0565224 51.4750399),46,68,4668,51.4752425165,0.05489726699999992,0.11478658170315785
91767655,51.4750544,0.0632563,1,,,POINT (0.0632563 51.4750544),46,69,4669,51.4752425165,0.0631414489999999,0.022378965122063357
91762833,51.4751393,0.0710001,3,,,POINT (0.0710001 51.4751393),46,70,4670,51.4752425165,0.071385631,0.029063327635272317
92735477,51.4756909,0.0811657,1,,,POINT (0.0811657 51.4756909),46,71,4671,51.4752425165,0.079629813,0.11747692494517746
92735291,51.4751937,0.0880265,3,,,POINT (0.0880265 51.4751937),46,72,4672,51.4752425165,0.08787399499999998,0.01187539453094271
35963460,51.4750249,0.094621,3,,,POINT (0.094621 51.4750249),46,73,4673,51.4752425165,0.09611817699999997,0.10647784500182002
92725613,51.4754331,0.1057047,1,,,POINT (0.1057047 51.4754331),46,74,4674,51.4752425165,0.10436235899999996,0.09535249982508058
35964095,51.4741934,0.1132589,3,,,POINT (0.1132589 51.4741934),46,75,4675,51.4752425165,0.11260654099999995,0.12510037541459385
35965360,51.4747776,0.1207041,3,,,POINT (0.1207041 51.4747776),46,76,4676,51.4752425165,0.12085072299999994,0.05268429332188593
35966112,51.4758402,0.1295541,3,,,POINT (0.1295541 51.4758402),46,77,4677,51.4752425165,0.12909490499999993,0.07367674725167857
36728719,51.4753353,0.136566,3,,,POINT (0.136566 51.4753353),46,78,4678,51.4752425165,0.13733908699999992,0.05452738884111538
35487686,51.4744978,0.1462896,3,,,POINT (0.1462896 51.4744978),46,79,4679,51.4752425165,0.1455832689999999,0.0961789968867699
36727417,51.4746167,0.1539172,3,,,POINT (0.1539172 51.4746167),46,80,4680,51.4752425165,0.153827451,0.0698646838813232
36660237,51.4752123,0.1629174,3,,,POINT (0.1629174 51.4752123),46,81,4681,51.4752425165,0.162071633,0.058672488477343625
36725443,51.4756115,0.1706692,3,mini_roundabout,,POINT (0.1706692 51.4756115),46,82,4682,51.4752425165,0.17031581499999998,0.047774423982507676
9345403927,51.4740176,0.178097,3,,,POINT (0.178097 51.4740176),46,83,4683,51.4752425165,0.17855999699999997,0.13992833740985786
2003525008,51.4751072,0.1870315,1,,,POINT (0.1870315 51.4751072),46,84,4684,51.4752425165,0.18680417899999996,0.021777644103464902
36241011,51.4751143,0.1952901,3,,,POINT (0.1952901 51.4751143),46,85,4685,51.4752425165,0.19504836099999995,0.02199024019989206
411011243,51.4744704,0.1996294,1,,,POINT (0.1996294 51.4744704),46,86,4686,51.4752425165,0.20329254299999994,0.2678377308027618
35112763,51.4770487,0.2134274,1,,,POINT (0.2134274 51.4770487),46,87,4687,51.4752425165,0.21153672499999993,0.23975375034928784
323752,51.4796198,-0.5031811,3,motorway_junction,14,POINT (-0.5031811 51.4796198),47,0,4700,51.4791742975,-0.5057071089999999,0.1818094523847724
249569216,51.4789271,-0.4955779,3,,,POINT (-0.4955779 51.4789271),47,1,4701,51.4791742975,-0.497462927,0.1334048925595321
5682572716,51.4792002,-0.4887799,2,,,POINT (-0.4887799 51.4792002),47,2,4702,51.4791742975,-0.489218745,0.030527105288396885
1666020670,51.4792742,-0.4841566,3,,,POINT (-0.4841566 51.4792742),47,3,4703,51.4791742975,-0.48097456299999997,0.2206423086123421
1644668238,51.4798789,-0.4727671,3,,,POINT (-0.4727671 51.4798789),47,4,4704,51.4791742975,-0.472730381,0.0783894774228712
1645281428,51.4799893,-0.4666583,3,,,POINT (-0.4666583 51.4799893),47,5,4705,51.4791742975,-0.464486199,0.17561114197305122
179079938,51.4800516,-0.456843,3,,,POINT (-0.456843 51.4800516),47,6,4706,51.4791742975,-0.456242017,0.10605869897767654
1805465088,51.4793976,-0.4479445,3,,,POINT (-0.4479445 51.4793976),47,7,4707,51.4791742975,-0.447997835,0.025103315358846627
2889200219,51.4794275,-0.44076,2,,,POINT (-0.44076 51.4794275),47,8,4708,51.4791742975,-0.43975365299999997,0.0751637687812353
2889291541,51.4793961,-0.4315683,3,,,POINT (-0.4315683 51.4793961),47,9,4709,51.4791742975,-0.431509471,0.024997532803246784
253808912,51.4808453,-0.4235381,3,,,POINT (-0.4235381 51.4808453),47,10,4710,51.4791742975,-0.423265289,0.18676499591288143
173456824,51.4794273,-0.4144237,1,,,POINT (-0.4144237 51.4794273),47,11,4711,51.4791742975,-0.415021107,0.050030488888676575
151022129,51.4786828,-0.4072103,3,,,POINT (-0.4072103 51.4786828),47,12,4712,51.4791742975,-0.406776925,0.06235047454801132
60574703,51.4808511,-0.3944378,1,turning_circle,,POINT (-0.3944378 51.4808511),47,13,4713,51.4791742975,-0.398532743,0.33938311830657264
33759577,51.4787115,-0.3902367,3,mini_roundabout,,POINT (-0.3902367 51.4787115),47,14,4714,51.4791742975,-0.39028856100000003,0.05158590922706968
75539408,51.4791322,-0.3826189,3,,,POINT (-0.3826189 51.4791322),47,15,4715,51.4791742975,-0.382044379,0.04006122306478056
9568064526,51.4792115,-0.3736478,1,,,POINT (-0.3736478 51.4792115),47,16,4716,51.4791742975,-0.373800197,0.01133558012281295
54137115,51.4793946,-0.3657951,1,,,POINT (-0.3657951 51.4793946),47,17,4717,51.4791742975,-0.365556015,0.029567160439077065
1031084,51.4798872,-0.3571735,3,,,POINT (-0.3571735 51.4798872),47,18,4718,51.4791742975,-0.35731183299999997,0.07984789239132074
30925762,51.4787317,-0.3481624,1,,,POINT (-0.3481624 51.4787317),47,19,4719,51.4791742975,-0.349067651,0.07970079684920936
2137926628,51.479153,-0.3418492,1,,,POINT (-0.3418492 51.479153),47,20,4720,51.4791742975,-0.340823469,0.07107350236992015
9416146718,51.4793882,-0.3336747,3,,,POINT (-0.3336747 51.4793882),47,21,4721,51.4791742975,-0.332579287,0.07950081129454274
130569437,51.4792874,-0.3235486,3,,,POINT (-0.3235486 51.4792874),47,22,4722,51.4791742975,-0.324335105,0.055900144584120584
130569526,51.4804003,-0.3176213,3,,,POINT (-0.3176213 51.4804003),47,23,4723,51.4791742975,-0.316090923,0.17267431459981356
34816172,51.4807344,-0.3115786,1,,,POINT (-0.3115786 51.4807344),47,24,4724,51.4791742975,-0.30784674100000003,0.311259062144494
147001233,51.4810367,-0.3030758,1,,,POINT (-0.3030758 51.4810367),47,25,4725,51.4791742975,-0.29960255900000005,0.3173926422982829
295389,51.478737,-0.2902091,3,,,POINT (-0.2902091 51.478737),47,26,4726,51.4791742975,-0.291358377,0.09326853522922117
1672580148,51.4796501,-0.2822502,3,,,POINT (-0.2822502 51.4796501),47,27,4727,51.4791742975,-0.283114195,0.07986950676699293
30491889,51.4799134,-0.2730883,3,mini_roundabout,,POINT (-0.2730883 51.4799134),47,28,4728,51.4791742975,-0.274870013,0.14825139815581292
30491983,51.4792586,-0.2670413,3,,,POINT (-0.2670413 51.4792586),47,29,4729,51.4791742975,-0.266625831,0.030260604876490804
34563569,51.4795208,-0.2591156,3,,,POINT (-0.2591156 51.4795208),47,30,4730,51.4791742975,-0.258381649,0.06378039145156246
20913245,51.4789865,-0.248181,3,,,POINT (-0.248181 51.4789865),47,31,4731,51.4791742975,-0.250137467,0.13708948547507407
20915092,51.4790584,-0.2415068,4,,,POINT (-0.2415068 51.4790584),47,32,4732,51.4791742975,-0.241893285,0.029705921397935292
20915130,51.4809145,-0.2368422,3,,,POINT (-0.2368422 51.4809145),47,33,4733,51.4791742975,-0.23364910300000002,0.29383485387722114
20960849,51.4799246,-0.2234715,1,,,POINT (-0.2234715 51.4799246),47,34,4734,51.4791742975,-0.22540492100000004,0.157758357121719
20960801,51.4791785,-0.2174766,3,,,POINT (-0.2174766 51.4791785),47,35,4735,51.4791742975,-0.217160739,0.021879025945498485
25322553,51.4787124,-0.2092301,1,,,POINT (-0.2092301 51.4787124),47,36,4736,51.4791742975,-0.208916557,0.05576198108017501
25320735,51.4789886,-0.1998803,3,,,POINT (-0.1998803 51.4789886),47,37,4737,51.4791742975,-0.20067237500000001,0.05861069252925361
27122838,51.4791986,-0.192764,1,,,POINT (-0.192764 51.4791986),47,38,4738,51.4791742975,-0.19242819300000003,0.023411812813549558
27510555,51.4794599,-0.1842576,1,,,POINT (-0.1842576 51.4794599),47,39,4739,51.4791742975,-0.18418401100000004,0.032163845162030705
5203362861,51.4803013,-0.1784153,3,,,POINT (-0.1784153 51.4803013),47,40,4740,51.4791742975,-0.175939829,0.21234969252378993
29874995,51.4789283,-0.167553,3,,,POINT (-0.167553 51.4789283),47,41,4741,51.4791742975,-0.167695647,0.029082826817922316
5197331046,51.4782897,-0.1486198,3,crossing,,POINT (-0.1486198 51.4782897),47,43,4743,51.4791742975,-0.15120728300000003,0.20441236615527833
260982506,51.4791894,-0.1427727,1,,,POINT (-0.1427727 51.4791894),47,44,4744,51.4791742975,-0.14296310100000004,0.013292174711506273
5158015310,51.4792393,-0.1348258,3,,,POINT (-0.1348258 51.4792393),47,45,4745,51.4791742975,-0.13471891900000005,0.010345473006123946
261310651,51.479256,-0.1260538,3,,,POINT (-0.1260538 51.479256),47,46,4746,51.4791742975,-0.126474737,0.03053360929583399
261698808,51.4793757,-0.1184587,3,,,POINT (-0.1184587 51.4793757),47,47,4747,51.4791742975,-0.11823055500000001,0.02740724129271739
33213291,51.479233,-0.1103016,3,,,POINT (-0.1103016 51.479233),47,48,4748,51.4791742975,-0.10998637300000003,0.022785108897164855
105920099,51.4792124,-0.1015828,3,,,POINT (-0.1015828 51.4792124),47,49,4749,51.4791742975,-0.10174219100000004,0.011823341505594097
614112014,51.4794572,-0.093176,2,,,POINT (-0.093176 51.4794572),47,50,4750,51.4791742975,-0.09349800900000005,0.038559578032599386
7076670130,51.479326,-0.0853645,3,,,POINT (-0.0853645 51.479326),47,51,4751,51.4791742975,-0.085253827,0.018528081179996613
105660733,51.4791525,-0.0770658,3,,,POINT (-0.0770658 51.4791525),47,52,4752,51.4791742975,-0.07700964500000002,0.004582340057074841
102989839,51.4787427,-0.0696316,3,,,POINT (-0.0696316 51.4787427),47,53,4753,51.4791742975,-0.06876546300000003,0.07681816272607511
13823732,51.4790119,-0.0594659,3,,,POINT (-0.0594659 51.4790119),47,54,4754,51.4791742975,-0.06052128100000003,0.0752852074187646
99296067,51.4792458,-0.0529957,3,,,POINT (-0.0529957 51.4792458),47,55,4755,51.4791742975,-0.05227709900000004,0.05039571296887889
104295550,51.479432,-0.0441738,1,,,POINT (-0.0441738 51.479432),47,56,4756,51.4791742975,-0.04403291700000005,0.030270591911274028
8279278535,51.4791977,-0.0357235,1,,,POINT (-0.0357235 51.4791977),47,57,4757,51.4791742975,-0.03578873500000001,0.005213529953472965
98223747,51.4795317,-0.0272679,1,,,POINT (-0.0272679 51.4795317),47,58,4758,51.4791742975,-0.02754455300000002,0.04411837737558514
443794215,51.4793173,-0.020501,3,,,POINT (-0.020501 51.4793173),47,59,4759,51.4791742975,-0.01930037100000003,0.08465278840958447
88770438,51.479615,-0.011416,4,,,POINT (-0.011416 51.479615),47,60,4760,51.4791742975,-0.011056189000000044,0.05497512646132271
2739345850,51.4776281,-0.0006391,1,,,POINT (-0.0006391 51.4776281),47,61,4761,51.4791742975,-0.002812007,0.22848237462390422
90079240,51.4788661,0.0059922,3,,,POINT (0.0059922 51.4788661),47,62,4762,51.4791742975,0.005432174999999989,0.051754774170303934
3692891,51.4787252,0.0140759,4,mini_roundabout,,POINT (0.0140759 51.4787252),47,63,4763,51.4791742975,0.013676356999999978,0.05709055866943066
3691100,51.4784931,0.0220633,3,,,POINT (0.0220633 51.4784931),47,64,4764,51.4791742975,0.021920538999999968,0.07638819472909454
367072779,51.4791331,0.0302047,1,,,POINT (0.0302047 51.4791331),47,65,4765,51.4791742975,0.030164720999999957,0.005352611198019862
27489008,51.478544,0.0372403,3,,,POINT (0.0372403 51.478544),47,66,4766,51.4791742975,0.038408902999999946,0.10705837783069312
9198093480,51.4793627,0.0482762,2,,,POINT (0.0482762 51.4793627),47,67,4767,51.4791742975,0.046653084999999934,0.1143394518719248
5290201790,51.480124,0.0530415,3,,,POINT (0.0530415 51.480124),47,68,4768,51.4791742975,0.05489726699999992,0.1663362810060998
1199372526,51.4793252,0.0632279,1,,,POINT (0.0632279 51.4793252),47,69,4769,51.4791742975,0.0631414489999999,0.017815659658744504
91769318,51.478837,0.0722787,3,,,POINT (0.0722787 51.478837),47,70,4770,51.4791742975,0.071385631,0.07233083786826595
92730670,51.479321,0.0794023,3,,,POINT (0.0794023 51.479321),47,71,4771,51.4791742975,0.079629813,0.02267913099919577
92738707,51.4796513,0.0878441,3,,,POINT (0.0878441 51.4796513),47,72,4772,51.4791742975,0.08787399499999998,0.05308064647266459
92741094,51.4789311,0.095545,3,,,POINT (0.095545 51.4789311),47,73,4773,51.4791742975,0.09611817699999997,0.04803005712590805
32446005,51.4791351,0.1038905,4,,,POINT (0.1038905 51.4791351),47,74,4774,51.4791742975,0.10436235899999996,0.03296663445569671
384890883,51.4777771,0.1099368,1,,,POINT (0.1099368 51.4777771),47,75,4775,51.4791742975,0.11260654099999995,0.2414967787883743
35965366,51.4782448,0.1215418,4,,,POINT (0.1215418 51.4782448),47,76,4776,51.4791742975,0.12085072299999994,0.11389831260789653
35966006,51.478738,0.1285201,1,,,POINT (0.1285201 51.478738),47,77,4777,51.4791742975,0.12909490499999993,0.06275494812154847
35966155,51.4791707,0.1361757,3,,,POINT (0.1361757 51.4791707),47,78,4778,51.4791742975,0.13733908699999992,0.08056798365223013
35487784,51.4788919,0.1453725,1,turning_circle,,POINT (0.1453725 51.4788919),47,79,4779,51.4791742975,0.1455832689999999,0.03462778735650676
35487656,51.4788336,0.1547799,3,,,POINT (0.1547799 51.4788336),47,80,4780,51.4791742975,0.153827451,0.07606456962490875
36726584,51.4790432,0.1624045,1,,,POINT (0.1624045 51.4790432),47,81,4781,51.4791742975,0.162071633,0.02727423753048543
36725628,51.4798311,0.1701258,3,,,POINT (0.1701258 51.4798311),47,82,4782,51.4791742975,0.17031581499999998,0.07420909425598206
4801236430,51.4790576,0.1791745,1,,,POINT (0.1791745 51.4790576),47,83,4783,51.4791742975,0.17855999699999997,0.04449007126581601
10050142095,51.4793813,0.1864521,1,,,POINT (0.1864521 51.4793813),47,84,4784,51.4791742975,0.18680417899999996,0.033530591718866944
36239763,51.4773976,0.1928289,3,,,POINT (0.1928289 51.4773976),47,85,4785,51.4791742975,0.19504836099999995,0.25031016558598823
35112433,51.4784932,0.2113051,1,,,POINT (0.2113051 51.4784932),47,87,4787,51.4791742975,0.21153672499999993,0.07741466020234246
303320,51.4836729,-0.495325,4,,,POINT (-0.495325 51.4836729),48,1,4801,51.48310607850001,-0.497462927,0.16090056818676218
2930869578,51.4827813,-0.488456,1,,,POINT (-0.488456 51.4827813),48,2,4802,51.48310607850001,-0.489218745,0.06398336172178673
1643981741,51.4825966,-0.481244,3,,,POINT (-0.481244 51.4825966),48,3,4803,51.48310607850001,-0.48097456299999997,0.059644688786839525
1645281533,51.482772,-0.4729082,1,turning_circle,,POINT (-0.4729082 51.482772),48,4,4804,51.48310607850001,-0.472730381,0.03913539942363945
6096280226,51.4820141,-0.4670503,1,,,POINT (-0.4670503 51.4820141),48,5,4805,51.48310607850001,-0.464486199,0.2151037301654585
30836292,51.4841294,-0.4556915,1,,,POINT (-0.4556915 51.4841294),48,6,4806,51.48310607850001,-0.456242017,0.1200039002728309
21258944,51.4830197,-0.4479838,3,,,POINT (-0.4479838 51.4830197),48,7,4807,51.48310607850001,-0.447997835,0.00965389527863584
24486919,51.4829908,-0.4391204,1,,,POINT (-0.4391204 51.4829908),48,8,4808,51.48310607850001,-0.43975365299999997,0.04568551298756036
249855913,51.4820854,-0.430897,1,,,POINT (-0.430897 51.4820854),48,9,4809,51.48310607850001,-0.431509471,0.12115982573788878
248858771,51.4830203,-0.424181,3,,,POINT (-0.424181 51.4830203),48,10,4810,51.48310607850001,-0.423265289,0.06412285443325606
151022204,51.4824171,-0.4126905,1,,,POINT (-0.4126905 51.4824171),48,11,4811,51.48310607850001,-0.415021107,0.17864743642081746
151022151,51.4823968,-0.4074949,3,,,POINT (-0.4074949 51.4823968),48,12,4812,51.48310607850001,-0.406776925,0.09323092607528612
444912335,51.4832842,-0.399009,3,,,POINT (-0.399009 51.4832842),48,13,4813,51.48310607850001,-0.398532743,0.03846937557998349
92565039,51.4833275,-0.3903668,1,,,POINT (-0.3903668 51.4833275),48,14,4814,51.48310607850001,-0.39028856100000003,0.025209976194490658
91698898,51.4833812,-0.3821834,3,,,POINT (-0.3821834 51.4833812),48,15,4815,51.48310607850001,-0.382044379,0.032071009208945796
54137213,51.48369,-0.3736277,3,,,POINT (-0.3736277 51.48369),48,16,4816,51.48310607850001,-0.373800197,0.06601866637964396
54137219,51.4823799,-0.3674885,3,,,POINT (-0.3674885 51.4823799),48,17,4817,51.48310607850001,-0.365556015,0.15629279540205845
35351863,51.4823206,-0.3569609,3,,,POINT (-0.3569609 51.4823206),48,18,4818,51.48310607850001,-0.35731183299999997,0.09065884450437194
35351881,51.4832382,-0.3496548,1,turning_circle,,POINT (-0.3496548 51.4832382),48,19,4819,51.48310607850001,-0.349067651,0.043230589899019525
36487394,51.4830514,-0.3400943,1,,,POINT (-0.3400943 51.4830514),48,20,4820,51.48310607850001,-0.340823469,0.05085689815594709
33747149,51.4829582,-0.3312955,3,,,POINT (-0.3312955 51.4829582),48,21,4821,51.48310607850001,-0.332579287,0.0904053902332668
294862,51.4836797,-0.3249282,3,,,POINT (-0.3249282 51.4836797),48,22,4822,51.48310607850001,-0.324335105,0.07586210087894728
146984550,51.48302,-0.3164826,1,,,POINT (-0.3164826 51.48302),48,23,4823,51.48310607850001,-0.316090923,0.028761501287001723
147001327,51.4833581,-0.3070475,3,,,POINT (-0.3070475 51.4833581),48,24,4824,51.48310607850001,-0.30784674100000003,0.06203463982828721
249360901,51.484627,-0.3000265,1,,,POINT (-0.3000265 51.484627),48,25,4825,51.48310607850001,-0.29960255900000005,0.171647648114876
29510950,51.4843148,-0.2908037,3,,,POINT (-0.2908037 51.4843148),48,26,4826,51.48310607850001,-0.291358377,0.13978406294314882
1684996982,51.4831792,-0.2829432,4,,,POINT (-0.2829432 51.4831792),48,27,4827,51.48310607850001,-0.283114195,0.014363560038725869
30491885,51.4830007,-0.2754499,3,,,POINT (-0.2754499 51.4830007),48,28,4828,51.48310607850001,-0.274870013,0.041829690866910095
763618749,51.4828693,-0.2662339,1,,,POINT (-0.2662339 51.4828693),48,29,4829,51.48310607850001,-0.266625831,0.037812177908487496
9724860239,51.4825463,-0.2581381,2,,,POINT (-0.2581381 51.4825463),48,30,4830,51.48310607850001,-0.258381649,0.06448881468299886
130730568,51.4832274,-0.2510249,1,,,POINT (-0.2510249 51.4832274),48,31,4831,51.48310607850001,-0.250137467,0.062914552818185
20915191,51.483024,-0.2413084,4,,,POINT (-0.2413084 51.483024),48,32,4832,51.48310607850001,-0.241893285,0.04151665273692279
18877819,51.4830937,-0.2320637,3,,,POINT (-0.2320637 51.4830937),48,33,4833,51.48310607850001,-0.23364910300000002,0.10979165779222423
5014243570,51.4834882,-0.2237062,3,,,POINT (-0.2237062 51.4834882),48,34,4834,51.48310607850001,-0.22540492100000004,0.12506823219591817
299245,51.4833852,-0.2171957,3,,,POINT (-0.2171957 51.4833852),48,35,4835,51.48310607850001,-0.217160739,0.03113116800450423
20961215,51.4832668,-0.2095834,3,,,POINT (-0.2095834 51.4832668),48,36,4836,51.48310607850001,-0.208916557,0.04951393832681278
25321889,51.4829704,-0.200616,3,,,POINT (-0.200616 51.4829704),48,37,4837,51.48310607850001,-0.20067237500000001,0.015583634522263414
33140840,51.4829491,-0.1938627,1,,,POINT (-0.1938627 51.4829491),48,38,4838,51.48310607850001,-0.19242819300000003,0.10085619549881043
18127021,51.4837234,-0.184878,3,,,POINT (-0.184878 51.4837234),48,39,4839,51.48310607850001,-0.18418401100000004,0.08379270043015793
88736256,51.4831187,-0.1765454,3,,,POINT (-0.1765454 51.4831187),48,40,4840,51.48310607850001,-0.175939829,0.04195691849142702
286963671,51.4833169,-0.1679097,3,,,POINT (-0.1679097 51.4833169),48,41,4841,51.48310607850001,-0.167695647,0.027735200040747542
96071472,51.4843451,-0.1592762,3,,,POINT (-0.1592762 51.4843451),48,42,4842,51.48310607850001,-0.15945146500000001,0.13830640635182587
583356731,51.483009,-0.1498367,3,,,POINT (-0.1498367 51.483009),48,43,4843,51.48310607850001,-0.15120728300000003,0.09551957224862492
33044798,51.4817156,-0.1420219,1,,,POINT (-0.1420219 51.4817156),48,44,4844,51.48310607850001,-0.14296310100000004,0.1677897039116025
5158015195,51.4828092,-0.1344275,3,,,POINT (-0.1344275 51.4828092),48,45,4845,51.48310607850001,-0.13471891900000005,0.03869071971772272
2146058738,51.4833504,-0.1271373,3,,,POINT (-0.1271373 51.4833504),48,46,4846,51.48310607850001,-0.126474737,0.053319964594339415
110059304,51.4840572,-0.1185684,2,,,POINT (-0.1185684 51.4840572),48,47,4847,51.48310607850001,-0.11823055500000001,0.10831640030796641
289009576,51.4834143,-0.1109782,3,,,POINT (-0.1109782 51.4834143),48,48,4848,51.48310607850001,-0.10998637300000003,0.07675643613044598
105899186,51.4835065,-0.101691,3,,,POINT (-0.101691 51.4835065),48,49,4849,51.48310607850001,-0.10174219100000004,0.04466572130673834
26560691,51.4830552,-0.0938079,3,,,POINT (-0.0938079 51.4830552),48,50,4850,51.48310607850001,-0.09349800900000005,0.02219200382769197
247049141,51.4836138,-0.0860395,3,,,POINT (-0.0860395 51.4836138),48,51,4851,51.48310607850001,-0.085253827,0.07840367744837881
893335609,51.4819886,-0.0770372,3,,,POINT (-0.0770372 51.4819886),48,52,4852,51.48310607850001,-0.07700964500000002,0.12427258933103019
10118973937,51.4838682,-0.0688442,2,,,POINT (-0.0688442 51.4838682),48,53,4853,51.48310607850001,-0.06876546300000003,0.08491925212054663
104301646,51.4829344,-0.06161,3,,,POINT (-0.06161 51.4829344),48,54,4854,51.48310607850001,-0.06052128100000003,0.07776907240068072
104289214,51.483498,-0.0510158,3,,,POINT (-0.0510158 51.483498),48,55,4855,51.48310607850001,-0.05227709900000004,0.09760845619745777
2446798972,51.4820868,-0.0444876,1,,,POINT (-0.0444876 51.4820868),48,56,4856,51.48310607850001,-0.04403291700000005,0.11763063993122334
99321887,51.4829242,-0.036405,4,,,POINT (-0.036405 51.4829242),48,57,4857,51.48310607850001,-0.03578873500000001,0.04722375705230901
26822026,51.4833523,-0.0269402,3,,,POINT (-0.0269402 51.4833523),48,58,4858,51.48310607850001,-0.02754455300000002,0.050009246543671886
4665810897,51.4832484,-0.0191932,1,,,POINT (-0.0191932 51.4832484),48,59,4859,51.48310607850001,-0.01930037100000003,0.01747906987492714
2918676114,51.4823884,-0.0110436,1,,,POINT (-0.0110436 51.4823884),48,60,4860,51.48310607850001,-0.011056189000000044,0.07980696942842043
672236832,51.4828571,-0.0031209,4,,,POINT (-0.0031209 51.4828571),48,61,4861,51.48310607850001,-0.002812007,0.03498552060621782
88787067,51.4829895,0.0056126,3,,,POINT (0.0056126 51.4829895),48,62,4862,51.48310607850001,0.005432174999999989,0.018003652325659012
373420099,51.4822529,0.0128997,1,,,POINT (0.0128997 51.4822529),48,63,4863,51.48310607850001,0.013676356999999978,0.10905294610091687
3695212,51.4825323,0.0231103,3,,,POINT (0.0231103 51.4825323),48,64,4864,51.48310607850001,0.021920538999999968,0.1042026623039049
27054865,51.482975,0.0295858,3,,,POINT (0.0295858 51.482975),48,65,4865,51.48310607850001,0.030164720999999957,0.04265552226199532
1187055830,51.4828567,0.0379943,3,,,POINT (0.0379943 51.4828567),48,66,4866,51.48310607850001,0.038408902999999946,0.03991466685308513
45288266,51.4832865,0.0470783,3,,,POINT (0.0470783 51.4832865),48,67,4867,51.48310607850001,0.046653084999999934,0.03562943564354411
32930369,51.4829126,0.0552923,3,,,POINT (0.0552923 51.4829126),48,68,4868,51.48310607850001,0.05489726699999992,0.034801104492291256
91778473,51.4832178,0.06361,3,,,POINT (0.06361 51.4832178),48,69,4869,51.48310607850001,0.0631414489999999,0.034742267296423025
1199957430,51.4831674,0.0717838,3,,,POINT (0.0717838 51.4831674),48,70,4870,51.48310607850001,0.071385631,0.02840227602737767
2684056677,51.4830481,0.079609,1,,,POINT (0.079609 51.4830481),48,71,4871,51.48310607850001,0.079629813,0.0066060449832361584
8856779915,51.483625,0.0878028,1,,,POINT (0.0878028 51.483625),48,72,4872,51.48310607850001,0.08787399499999998,0.05791166002808621
92723132,51.4826628,0.0961367,3,,,POINT (0.0961367 51.4826628),48,73,4873,51.48310607850001,0.09611817699999997,0.04930700630873323
92744563,51.483086,0.1039422,3,,,POINT (0.1039422 51.483086),48,74,4874,51.48310607850001,0.10436235899999996,0.02917992637351746
94894015,51.4843165,0.1118199,3,,,POINT (0.1118199 51.4843165),48,75,4875,51.48310607850001,0.11260654099999995,0.14519747127599267
390399605,51.4829831,0.1220065,3,,,POINT (0.1220065 51.4829831),48,76,4876,51.48310607850001,0.12085072299999994,0.08119301241373446
35966179,51.4826813,0.1294552,1,turning_circle,,POINT (0.1294552 51.4826813),48,77,4877,51.48310607850001,0.12909490499999993,0.05341756778740267
391442901,51.4831364,0.1377581,1,,,POINT (0.1377581 51.4831364),48,78,4878,51.48310607850001,0.13733908699999992,0.029210252964399705
36091693,51.4830945,0.145972,3,,,POINT (0.145972 51.4830945),48,79,4879,51.48310607850001,0.1455832689999999,0.026948890624406148
36239304,51.4829515,0.1540122,1,,,POINT (0.1540122 51.4829515),48,80,4880,51.48310607850001,0.153827451,0.021426724095687362
36239067,51.483089,0.1628217,1,,,POINT (0.1628217 51.483089),48,81,4881,51.48310607850001,0.162071633,0.051973948645487746
36239013,51.4840336,0.1711152,3,,,POINT (0.1711152 51.4840336),48,82,4882,51.48310607850001,0.17031581499999998,0.11705130193845863
35132452,51.4826495,0.1781442,3,,,POINT (0.1781442 51.4826495),48,83,4883,51.48310607850001,0.17855999699999997,0.05836539729275974
2001999334,51.481183,0.1830509,1,,,POINT (0.1830509 51.481183),48,84,4884,51.48310607850001,0.18680417899999996,0.3365664163725523
12092587,51.4873776,-0.4968631,3,,,POINT (-0.4968631 51.4873776),49,1,4901,51.487037859500006,-0.497462927,0.056143006034155195
25881374,51.4871164,-0.4809499,1,,,POINT (-0.4809499 51.4871164),49,3,4903,51.487037859500006,-0.48097456299999997,0.008898693734179097
25881422,51.4863076,-0.4760431,3,,,POINT (-0.4760431 51.4863076),49,4,4904,51.487037859500006,-0.472730381,0.2433239067567823
303375,51.4870489,-0.4558229,3,,,POINT (-0.4558229 51.4870489),49,6,4906,51.487037859500006,-0.456242017,0.02904567796569985
2748621280,51.4871655,-0.4375219,1,,,POINT (-0.4375219 51.4871655),49,8,4908,51.487037859500006,-0.43975365299999997,0.15517713648412276
249856051,51.487218,-0.4339863,1,,,POINT (-0.4339863 51.487218),49,9,4909,51.487037859500006,-0.431509471,0.17266151606971872
91698338,51.487917,-0.4047775,3,mini_roundabout,,POINT (-0.4047775 51.487917),49,12,4912,51.487037859500006,-0.406776925,0.16947457006013258
91698578,51.4857967,-0.3976677,1,,,POINT (-0.3976677 51.4857967),49,13,4913,51.487037859500006,-0.398532743,0.15044776669604495
11059031802,51.4864285,-0.3907486,1,,,POINT (-0.3907486 51.4864285),49,14,4914,51.487037859500006,-0.39028856100000003,0.07487150299846194
62055860,51.4870594,-0.381055,3,,,POINT (-0.381055 51.4870594),49,15,4915,51.487037859500006,-0.382044379,0.06854659879918237
62055930,51.4871249,-0.3747692,3,,,POINT (-0.3747692 51.4871249),49,16,4916,51.487037859500006,-0.373800197,0.06778833102940755
60668893,51.4874072,-0.3680592,1,,,POINT (-0.3680592 51.4874072),49,17,4917,51.487037859500006,-0.365556015,0.1781194609225259
25480266,51.4881451,-0.3409436,3,,,POINT (-0.3409436 51.4881451),49,20,4920,51.487037859500006,-0.340823469,0.1234001755396574
81514004,51.4867408,-0.3334125,3,,,POINT (-0.3334125 51.4867408),49,21,4921,51.487037859500006,-0.332579287,0.06647891199889126
6143480439,51.4864698,-0.3261466,1,,,POINT (-0.3261466 51.4864698),49,22,4922,51.487037859500006,-0.324335105,0.1404360614638944
2732079612,51.4872151,-0.3158726,3,,,POINT (-0.3158726 51.4872151),49,23,4923,51.487037859500006,-0.316090923,0.024838059128406136
243081814,51.4869557,-0.307985,3,,,POINT (-0.307985 51.4869557),49,24,4924,51.487037859500006,-0.30784674100000003,0.013232735687662396
259247846,51.4870657,-0.299564,1,,,POINT (-0.299564 51.4870657),49,25,4925,51.487037859500006,-0.29960255900000005,0.004087969030559256
303448,51.4872745,-0.2943504,3,,,POINT (-0.2943504 51.4872745),49,26,4926,51.487037859500006,-0.291358377,0.20883198833426458
30491873,51.4871854,-0.2834263,3,,,POINT (-0.2834263 51.4871854),49,27,4927,51.487037859500006,-0.283114195,0.02713204687652015
243743300,51.4867871,-0.275323,4,,,POINT (-0.275323 51.4867871),49,28,4928,51.487037859500006,-0.274870013,0.04196705488330375
9851798049,51.4875407,-0.2672103,4,,,POINT (-0.2672103 51.4875407),49,29,4929,51.487037859500006,-0.266625831,0.06902172178493134
243462824,51.4876604,-0.2587969,3,,,POINT (-0.2587969 51.4876604),49,30,4930,51.487037859500006,-0.258381649,0.07495692258640109
260662167,51.4878216,-0.2503811,1,,,POINT (-0.2503811 51.4878216),49,31,4931,51.487037859500006,-0.250137467,0.08876560588865459
20913253,51.4856771,-0.2414989,3,,,POINT (-0.2414989 51.4856771),49,32,4932,51.487037859500006,-0.241893285,0.15375399335715365
20915043,51.4869034,-0.2336322,1,,,POINT (-0.2336322 51.4869034),49,33,4933,51.487037859500006,-0.23364910300000002,0.014996951978200288
1128273914,51.4868023,-0.2246246,1,,,POINT (-0.2246246 51.4868023),49,34,4934,51.487037859500006,-0.22540492100000004,0.06004399532764364
20961093,51.4871148,-0.2170945,3,,,POINT (-0.2170945 51.4871148),49,35,4935,51.487037859500006,-0.217160739,0.009707201988054727
20961311,51.4874366,-0.2092019,3,,,POINT (-0.2092019 51.4874366),49,36,4936,51.487037859500006,-0.208916557,0.04854064779062075
33202779,51.486919,-0.2012735,3,,,POINT (-0.2012735 51.486919),49,37,4937,51.487037859500006,-0.20067237500000001,0.04367003796192873
3022991016,51.4870473,-0.1907373,3,,,POINT (-0.1907373 51.4870473),49,38,4938,51.487037859500006,-0.19242819300000003,0.11708238682932619
27091374,51.4868226,-0.1839207,1,,,POINT (-0.1839207 51.4868226),49,39,4939,51.487037859500006,-0.18418401100000004,0.030088487213316573
27510861,51.4873351,-0.175296,3,,,POINT (-0.175296 51.4873351),49,40,4940,51.487037859500006,-0.175939829,0.05549476387270155
37898863,51.4870955,-0.1673509,3,,,POINT (-0.1673509 51.4870955),49,41,4941,51.487037859500006,-0.167695647,0.024715819407387866
37873619,51.4869296,-0.1601186,3,,,POINT (-0.1601186 51.4869296),49,42,4942,51.487037859500006,-0.15945146500000001,0.04773537642577301
1685947961,51.4870767,-0.1517446,3,,,POINT (-0.1517446 51.4870767),49,43,4943,51.487037859500006,-0.15120728300000003,0.03745373832938544
18130212,51.4875012,-0.1434186,3,,,POINT (-0.1434186 51.4875012),49,44,4944,51.487037859500006,-0.14296310100000004,0.06040788204687056
25305603,51.487584,-0.1352729,3,,,POINT (-0.1352729 51.487584),49,45,4945,51.487037859500006,-0.13471891900000005,0.07182753122657304
1795462125,51.4866774,-0.1250146,3,,,POINT (-0.1250146 51.4866774),49,46,4946,51.487037859500006,-0.126474737,0.10875578806190966
1691695823,51.4865767,-0.1182013,3,,,POINT (-0.1182013 51.4865767),49,47,4947,51.487037859500006,-0.11823055500000001,0.05131858988709789
264803300,51.4871185,-0.1103498,3,,,POINT (-0.1103498 51.4871185),49,48,4948,51.487037859500006,-0.10998637300000003,0.02671360214621762
7837242069,51.4867344,-0.1017142,1,,,POINT (-0.1017142 51.4867344),49,49,4949,51.487037859500006,-0.10174219100000004,0.033798770611445254
26823096,51.4866718,-0.0939996,3,,,POINT (-0.0939996 51.4866718),49,50,4950,51.487037859500006,-0.09349800900000005,0.05350711584648887
104317873,51.4871643,-0.0849572,1,,,POINT (-0.0849572 51.4871643),49,51,4951,51.487037859500006,-0.085253827,0.024889747125469902
104316818,51.4871975,-0.0776129,3,,,POINT (-0.0776129 51.4871975),49,52,4952,51.487037859500006,-0.07700964500000002,0.045384888082077066
104277905,51.4869771,-0.0688721,3,,,POINT (-0.0688721 51.4869771),49,53,4953,51.487037859500006,-0.06876546300000003,0.010008126892239008
286349880,51.4871856,-0.0606751,1,,,POINT (-0.0606751 51.4871856),49,54,4954,51.487037859500006,-0.06052128100000003,0.019578323103331113
7392327716,51.4877559,-0.0515003,1,turning_circle,,POINT (-0.0515003 51.4877559),49,55,4955,51.487037859500006,-0.05227709900000004,0.09626875230893518
6835394915,51.4866975,-0.0444797,1,,,POINT (-0.0444797 51.4866975),49,56,4956,51.487037859500006,-0.04403291700000005,0.04888087591379943
27513572,51.4867966,-0.0361554,3,,,POINT (-0.0361554 51.4867966),49,57,4957,51.487037859500006,-0.03578873500000001,0.03693548311738583
4624301794,51.4854797,-0.0248509,1,,,POINT (-0.0248509 51.4854797),49,58,4958,51.487037859500006,-0.02754455300000002,0.2545694559455164
663356132,51.4868878,-0.0193999,1,,,POINT (-0.0193999 51.4868878),49,59,4959,51.487037859500006,-0.01930037100000003,0.01805295978188404
271127959,51.487199,-0.0108846,3,,,POINT (-0.0108846 51.487199),49,60,4960,51.487037859500006,-0.011056189000000044,0.021499046812224563
9229997363,51.4859925,-0.0011527,1,,,POINT (-0.0011527 51.4859925),49,61,4961,51.487037859500006,-0.002812007,0.1634368335401993
246616,51.487126,0.0051147,3,,,POINT (0.0051147 51.487126),49,62,4962,51.487037859500006,0.005432174999999989,0.024067891593917257
9794693049,51.4867128,0.0135849,1,,,POINT (0.0135849 51.4867128),49,63,4963,51.487037859500006,0.013676356999999978,0.03669549645584218
90101546,51.4872174,0.0217036,1,,,POINT (0.0217036 51.4872174),49,64,4964,51.487037859500006,0.021920538999999968,0.024983739743014672
1200742542,51.4872821,0.0312775,1,,,POINT (0.0312775 51.4872821),49,65,4965,51.487037859500006,0.030164720999999957,0.08169509525939342
32930452,51.4871224,0.0389283,3,,,POINT (0.0389283 51.4871224),49,66,4966,51.487037859500006,0.038408902999999946,0.0371714023096818
249585025,51.4868329,0.0484684,1,,,POINT (0.0484684 51.4868329),49,67,4967,51.487037859500006,0.046653084999999934,0.12774243082339884
91608156,51.4868818,0.0551803,1,,,POINT (0.0551803 51.4868818),49,68,4968,51.487037859500006,0.05489726699999992,0.02617596104547439
27489157,51.4871401,0.0634115,3,,,POINT (0.0634115 51.4871401),49,69,4969,51.487037859500006,0.0631414489999999,0.021883189944854196
1191221812,51.486691,0.0712797,1,,,POINT (0.0712797 51.486691),49,70,4970,51.487037859500006,0.071385631,0.039260246673903834
353340056,51.486994,0.0798475,1,turning_circle,,POINT (0.0798475 51.486994),49,71,4971,51.487037859500006,0.079629813,0.0158420525004858
92718154,51.4868582,0.0879142,3,,,POINT (0.0879142 51.4868582),49,72,4972,51.487037859500006,0.08787399499999998,0.0201702526259706
32446291,51.4867941,0.0955052,3,,,POINT (0.0955052 51.4867941),49,73,4973,51.487037859500006,0.09611817699999997,0.05035927991845005
92745765,51.4879133,0.1042598,4,,,POINT (0.1042598 51.4879133),49,74,4974,51.487037859500006,0.10436235899999996,0.09760320681153828
94888873,51.4873483,0.1119883,4,,,POINT (0.1119883 51.4873483),49,75,4975,51.487037859500006,0.11260654099999995,0.054991136756068364
94891090,51.4871705,0.1215782,3,,,POINT (0.1215782 51.4871705),49,76,4976,51.487037859500006,0.12085072299999994,0.05248546018395488
409109447,51.4877635,0.1258589,3,,,POINT (0.1258589 51.4877635),49,77,4977,51.487037859500006,0.12909490499999993,0.23814539770382792
36090439,51.4869299,0.1456466,3,,,POINT (0.1456466 51.4869299),49,79,4979,51.487037859500006,0.1455832689999999,0.012780370992550702
36097816,51.4868152,0.1544877,1,,,POINT (0.1544877 51.4868152),49,80,4980,51.487037859500006,0.153827451,0.05198969097323234
33454218,51.4865144,0.1624586,1,,,POINT (0.1624586 51.4865144),49,81,4981,51.487037859500006,0.162071633,0.06407691755027557
403872654,51.4870008,0.1701973,3,,,POINT (0.1701973 51.4870008),49,82,4982,51.487037859500006,0.17031581499999998,0.009182574100628987
403847292,51.4863312,0.1748503,1,,,POINT (0.1748503 51.4863312),49,83,4983,51.487037859500006,0.17855999699999997,0.2686120185294486
1597754148,51.4905416,-0.4956978,3,,,POINT (-0.4956978 51.4905416),50,1,5001,51.490969640500005,-0.497462927,0.13114913256939245
318688653,51.4904858,-0.4869606,1,,,POINT (-0.4869606 51.4904858),50,2,5002,51.490969640500005,-0.489218745,0.1653397076610349
8938778547,51.4894078,-0.4848367,1,,,POINT (-0.4848367 51.4894078),50,3,5003,51.490969640500005,-0.48097456299999997,0.3188443362318752
25948156,51.4896525,-0.4727188,1,,,POINT (-0.4727188 51.4896525),50,4,5004,51.490969640500005,-0.472730381,0.14646153608157444
30836268,51.4909925,-0.4573615,1,,,POINT (-0.4573615 51.4909925),50,6,5006,51.490969640500005,-0.456242017,0.07754814211386418
24496370,51.4907122,-0.4387009,1,,,POINT (-0.4387009 51.4907122),50,8,5008,51.490969640500005,-0.43975365299999997,0.07830659903485258
249855732,51.4908286,-0.4318368,1,,,POINT (-0.4318368 51.4908286),50,9,5009,51.490969640500005,-0.431509471,0.027559754938738898
25377938,51.4913915,-0.4145733,1,,,POINT (-0.4145733 51.4913915),50,11,5011,51.490969640500005,-0.415021107,0.05622838698236007
33759980,51.4911212,-0.4091452,1,,,POINT (-0.4091452 51.4911212),50,12,5012,51.490969640500005,-0.406776925,0.16482911182753315
252145831,51.4908685,-0.402547,3,,,POINT (-0.402547 51.4908685),50,13,5013,51.490969640500005,-0.398532743,0.278151566163482
91698176,51.4920894,-0.3887735,3,,,POINT (-0.3887735 51.4920894),50,14,5014,51.490969640500005,-0.39028856100000003,0.16280545426911883
90386378,51.4912515,-0.3813746,3,,,POINT (-0.3813746 51.4912515),50,15,5015,51.490969640500005,-0.382044379,0.055969565141190926
90386389,51.491606,-0.3734197,3,,,POINT (-0.3734197 51.491606),50,16,5016,51.490969640500005,-0.373800197,0.07550453781204888
60668885,51.4918747,-0.3686465,1,,,POINT (-0.3686465 51.4918747),50,17,5017,51.490969640500005,-0.365556015,0.23645098617773555
30802941,51.4903338,-0.3404663,1,,,POINT (-0.3404663 51.4903338),50,20,5020,51.490969640500005,-0.340823469,0.07490196248325383
262712579,51.4913106,-0.3152873,1,,,POINT (-0.3152873 51.4913106),50,23,5023,51.490969640500005,-0.316090923,0.06732738857607974
243522998,51.4908783,-0.3084744,3,,,POINT (-0.3084744 51.4908783),50,24,5024,51.490969640500005,-0.30784674100000003,0.04462664228208908
225183,51.4914468,-0.2997293,3,motorway_junction,2,POINT (-0.2997293 51.4914468),50,25,5025,51.490969640500005,-0.29960255900000005,0.05377841262331048
243764629,51.4911105,-0.2916238,2,mini_roundabout,,POINT (-0.2916238 51.4911105),50,26,5026,51.490969640500005,-0.291358377,0.02414568790405502
1685263929,51.4911038,-0.2832513,3,,,POINT (-0.2832513 51.4911038),50,27,5027,51.490969640500005,-0.283114195,0.017681824480503205
243462033,51.4911203,-0.2747733,1,,,POINT (-0.2747733 51.4911203),50,28,5028,51.490969640500005,-0.274870013,0.018041143836469903
243462670,51.4913932,-0.2659157,3,,,POINT (-0.2659157 51.4913932),50,29,5029,51.490969640500005,-0.266625831,0.0680837610429161
243462996,51.4907333,-0.2591543,4,,,POINT (-0.2591543 51.4907333),50,30,5030,51.490969640500005,-0.258381649,0.05960066555251855
243464136,51.4905336,-0.2497626,3,,,POINT (-0.2497626 51.4905336),50,31,5031,51.490969640500005,-0.250137467,0.05499490191182124
130730593,51.4908807,-0.2422298,3,,,POINT (-0.2422298 51.4908807),50,32,5032,51.490969640500005,-0.241893285,0.02531048357334574
1932463181,51.4913336,-0.2339361,1,,,POINT (-0.2339361 51.4913336),50,33,5033,51.490969640500005,-0.23364910300000002,0.04508515483851283
9626205853,51.4910908,-0.2252817,3,,,POINT (-0.2252817 51.4910908),50,34,5034,51.490969640500005,-0.22540492100000004,0.015946254045286316
55115532,51.4908671,-0.2172532,3,,,POINT (-0.2172532 51.4908671),50,35,5035,51.490969640500005,-0.217160739,0.01307608624015197
33203952,51.4910222,-0.2093502,4,,,POINT (-0.2093502 51.4910222),50,36,5036,51.490969640500005,-0.208916557,0.03058645231480842
198016,51.492178,-0.1994515,3,,,POINT (-0.1994515 51.492178),50,37,5037,51.490969640500005,-0.20067237500000001,0.15873890195057716
26788865,51.4912788,-0.1916892,3,,,POINT (-0.1916892 51.4912788),50,38,5038,51.490969640500005,-0.19242819300000003,0.061639839535056425
26389053,51.4908737,-0.184229,3,,,POINT (-0.184229 51.4908737),50,39,5039,51.490969640500005,-0.18418401100000004,0.011113511818891931
26389154,51.4909956,-0.1756218,3,,,POINT (-0.1756218 51.4909956),50,40,5040,51.490969640500005,-0.175939829,0.022206876558437585
27510937,51.4905414,-0.1677153,3,,,POINT (-0.1677153 51.4905414),50,41,5041,51.490969640500005,-0.167695647,0.047637607195907386
95984585,51.4911893,-0.1606262,3,,,POINT (-0.1606262 51.4911893),50,42,5042,51.490969640500005,-0.15945146500000001,0.08492004847048386
4760956487,51.490925,-0.150551,3,,,POINT (-0.150551 51.490925),50,43,5043,51.490969640500005,-0.15120728300000003,0.045707571374824174
24803942,51.4909527,-0.1431062,1,,,POINT (-0.1431062 51.4909527),50,44,5044,51.490969640500005,-0.14296310100000004,0.010084829629971565
826070865,51.4908441,-0.1350193,1,,,POINT (-0.1350193 51.4908441),50,45,5045,51.490969640500005,-0.13471891900000005,0.02504731249041793
419809799,51.4901955,-0.1268306,4,,,POINT (-0.1268306 51.4901955),50,46,5046,51.490969640500005,-0.126474737,0.08953707314280578
3442728130,51.4913688,-0.1179383,3,,,POINT (-0.1179383 51.4913688),50,47,5047,51.490969640500005,-0.11823055500000001,0.04877906816894995
105948535,51.4906472,-0.1099078,3,,,POINT (-0.1099078 51.4906472),50,48,5048,51.490969640500005,-0.10998637300000003,0.03626409184206777
265770221,51.4914918,-0.1007975,1,,,POINT (-0.1007975 51.4914918),50,49,5049,51.490969640500005,-0.10174219100000004,0.08745793063767306
26822724,51.4910609,-0.093975,3,,,POINT (-0.093975 51.4910609),50,50,5050,51.490969640500005,-0.09349800900000005,0.034547959482720804
26822758,51.4905935,-0.0851106,3,,,POINT (-0.0851106 51.4905935),50,51,5051,51.490969640500005,-0.085253827,0.04298436300263138
3059932525,51.4904758,-0.0760884,3,,,POINT (-0.0760884 51.4904758),50,52,5052,51.490969640500005,-0.07700964500000002,0.08416371817711878
691988463,51.490854,-0.0682371,1,,,POINT (-0.0682371 51.490854),50,53,5053,51.490969640500005,-0.06876546300000003,0.038775011127154695
104306485,51.4913038,-0.0603612,3,,,POINT (-0.0603612 51.4913038),50,54,5054,51.490969640500005,-0.06052128100000003,0.038774534739186683
3428659,51.4910615,-0.0524145,3,,,POINT (-0.0524145 51.4910615),50,55,5055,51.490969640500005,-0.05227709900000004,0.013958015442341308
100324595,51.4909633,-0.0435301,3,,,POINT (-0.0435301 51.4909633),50,56,5056,51.490969640500005,-0.04403291700000005,0.03481926569762912
100325463,51.4914317,-0.0355359,3,,,POINT (-0.0355359 51.4914317),50,57,5057,51.490969640500005,-0.03578873500000001,0.05427875963367672
3731810311,51.4920672,-0.0259747,1,,,POINT (-0.0259747 51.4920672),50,58,5058,51.490969640500005,-0.02754455300000002,0.16342335203662728
229734781,51.491099,-0.0194889,3,,,POINT (-0.0194889 51.491099),50,59,5059,51.490969640500005,-0.01930037100000003,0.019423545982230037
229797623,51.4903672,-0.0084731,3,,,POINT (-0.0084731 51.4903672),50,60,5060,51.490969640500005,-0.011056189000000044,0.1909735845608638
229799516,51.490271,-0.003658,1,,,POINT (-0.003658 51.490271),50,61,5061,51.490969640500005,-0.002812007,0.09729178587299481
378206205,51.4914704,0.0049937,1,,,POINT (0.0049937 51.4914704),50,62,5062,51.490969640500005,0.005432174999999989,0.06341956274452527
76475160,51.4913364,0.0128237,3,,,POINT (0.0128237 51.4913364),50,63,5063,51.490969640500005,0.013676356999999978,0.07174972673706405
90386058,51.4905342,0.0229678,1,,,POINT (0.0229678 51.4905342),50,64,5064,51.490969640500005,0.021920538999999968,0.08718707348515997
371640909,51.4911556,0.0300579,3,,,POINT (0.0300579 51.4911556),50,65,5065,51.490969640500005,0.030164720999999957,0.021960535097703068
45347598,51.4905715,0.0394143,3,,,POINT (0.0394143 51.4905715),50,66,5066,51.490969640500005,0.038408902999999946,0.08249383797400693
10776060566,51.4899922,0.0452396,1,,,POINT (0.0452396 51.4899922),50,67,5067,51.490969640500005,0.046653084999999934,0.14625256790385005
8693219904,51.4909108,0.0546795,3,,,POINT (0.0546795 51.4909108),50,68,5068,51.490969640500005,0.05489726699999992,0.016435376523707485
91782010,51.4909787,0.0631997,3,mini_roundabout,,POINT (0.0631997 51.4909787),50,69,5069,51.490969640500005,0.0631414489999999,0.004156869251574848
13962537,51.4910628,0.0719647,3,,,POINT (0.0719647 51.4910628),50,70,5070,51.490969640500005,0.071385631,0.04140797867690846
91790171,51.4910117,0.0794867,3,,,POINT (0.0794867 51.4910117),50,71,5071,51.490969640500005,0.079629813,0.010956597925968339
33555115,51.4908758,0.0860206,3,,,POINT (0.0860206 51.4908758),50,72,5072,51.490969640500005,0.08787399499999998,0.12874198294608047
92746719,51.4898668,0.0965747,3,,,POINT (0.0965747 51.4898668),50,73,5073,51.490969640500005,0.09611817699999997,0.1266381032775699
9526457788,51.4910094,0.1041841,1,,,POINT (0.1041841 51.4910094),50,74,5074,51.490969640500005,0.10436235899999996,0.013109579978029863
94899563,51.4909878,0.1125725,3,,,POINT (0.1125725 51.4909878),50,75,5075,51.490969640500005,0.11260654099999995,0.003103523077179507
6911647475,51.4902282,0.1208655,1,,,POINT (0.1208655 51.4902282),50,76,5076,51.490969640500005,0.12085072299999994,0.08245076965675473
36099516,51.4910015,0.1291701,1,,,POINT (0.1291701 51.4910015),50,77,5077,51.490969640500005,0.12909490499999993,0.006297079295757572
36098882,51.4907746,0.1373214,3,,,POINT (0.1373214 51.4907746),50,78,5078,51.490969640500005,0.13733908699999992,0.021722057552882666
32439583,51.4911841,0.1447713,3,,,POINT (0.1447713 51.4911841),50,79,5079,51.490969640500005,0.1455832689999999,0.061064681385227054
36095985,51.4903549,0.1540249,3,,,POINT (0.1540249 51.4903549),50,80,5080,51.490969640500005,0.153827451,0.06970956586055944
2912500947,51.4909914,0.1611171,1,,,POINT (0.1611171 51.4909914),50,81,5081,51.490969640500005,0.162071633,0.0661305748595351
403884587,51.4903156,0.1695297,1,,,POINT (0.1695297 51.4903156),50,82,5082,51.490969640500005,0.17031581499999998,0.09083669001739512
205502,51.4938596,-0.4895421,3,,,POINT (-0.4895421 51.4938596),51,2,5102,51.4949014215,-0.489218745,0.11798829642026856
205498,51.4943134,-0.4793697,3,motorway_junction,4B,POINT (-0.4793697 51.4943134),51,3,5103,51.4949014215,-0.48097456299999997,0.12891457575559753
254575634,51.4959755,-0.472276,3,,,POINT (-0.472276 51.4959755),51,4,5104,51.4949014215,-0.472730381,0.12350496909064991
25947839,51.4961581,-0.4631628,1,,,POINT (-0.4631628 51.4961581),51,5,5105,51.4949014215,-0.464486199,0.16709155150235097
179007938,51.4960836,-0.4558909,3,,,POINT (-0.4558909 51.4960836),51,6,5106,51.4949014215,-0.456242017,0.13368066133309522
179011061,51.4952203,-0.4508182,3,,,POINT (-0.4508182 51.4952203),51,7,5107,51.4949014215,-0.447997835,0.19844164101065276
6102831870,51.49521,-0.4313077,3,,,POINT (-0.4313077 51.49521),51,9,5109,51.4949014215,-0.431509471,0.03704657702341093
26199277,51.4945135,-0.4231145,1,,,POINT (-0.4231145 51.4945135),51,10,5110,51.4949014215,-0.423265289,0.044380067748647514
248964210,51.4944407,-0.4148232,1,turning_circle,,POINT (-0.4148232 51.4944407),51,11,5111,51.4949014215,-0.415021107,0.05303031556169904
6095198738,51.495419,-0.3963726,1,,,POINT (-0.3963726 51.495419),51,13,5113,51.4949014215,-0.398532743,0.16023436437835797
25446100,51.4943425,-0.3878333,3,,,POINT (-0.3878333 51.4943425),51,14,5114,51.4949014215,-0.39028856100000003,0.18098015089585473
268985234,51.4948127,-0.3819318,1,,,POINT (-0.3819318 51.4948127),51,15,5115,51.4949014215,-0.382044379,0.012572458995962005
25445761,51.4944978,-0.3741046,3,,,POINT (-0.3741046 51.4944978),51,16,5116,51.4949014215,-0.373800197,0.04958185958241195
4950704092,51.4951207,-0.3655466,1,,,POINT (-0.3655466 51.4951207),51,17,5117,51.4949014215,-0.365556015,0.024391366683136736
3115128544,51.4937573,-0.3552022,1,,,POINT (-0.3552022 51.4937573),51,18,5118,51.4949014215,-0.35731183299999997,0.19368805451964372
36509072,51.4949099,-0.3244594,3,,,POINT (-0.3244594 51.4949099),51,22,5122,51.4949014215,-0.324335105,0.008656212396054696
1860919877,51.4956382,-0.3152327,3,mini_roundabout,,POINT (-0.3152327 51.4956382),51,23,5123,51.4949014215,-0.316090923,0.10120153740378238
243522125,51.4948624,-0.3084509,4,,,POINT (-0.3084509 51.4948624),51,24,5124,51.4949014215,-0.30784674100000003,0.04204933122956033
774502283,51.494974,-0.2999923,3,,,POINT (-0.2999923 51.494974),51,25,5125,51.4949014215,-0.29960255900000005,0.028162170791275136
71571651,51.4949715,-0.2818396,1,,,POINT (-0.2818396 51.4949715),51,27,5127,51.4949014215,-0.283114195,0.08858127409560441
3391056104,51.4935776,-0.2745379,3,mini_roundabout,,POINT (-0.2745379 51.4935776),51,28,5128,51.4949014215,-0.274870013,0.14898700079066587
243461064,51.4948378,-0.2667162,3,,,POINT (-0.2667162 51.4948378),51,29,5129,51.4949014215,-0.266625831,0.009443813437721549
18126561,51.4956479,-0.258467,3,,,POINT (-0.258467 51.4956479),51,30,5130,51.4949014215,-0.258381649,0.08321465863880648
68372426,51.4948342,-0.2509815,1,,,POINT (-0.2509815 51.4948342),51,31,5131,51.4949014215,-0.250137467,0.058907093426481934
185727367,51.494496,-0.2410571,3,,,POINT (-0.2410571 51.494496),51,32,5132,51.4949014215,-0.241893285,0.07337085959990503
256416207,51.4949361,-0.2338015,3,,,POINT (-0.2338015 51.4949361),51,33,5133,51.4949014215,-0.23364910300000002,0.011232779922314405
21496938,51.4945607,-0.2262651,3,,,POINT (-0.2262651 51.4945607),51,34,5134,51.4949014215,-0.22540492100000004,0.07057942944803983
266819638,51.4949372,-0.2166153,3,,,POINT (-0.2166153 51.4949372),51,35,5135,51.4949014215,-0.217160739,0.0379687564998113
33207630,51.4948026,-0.2096438,1,,,POINT (-0.2096438 51.4948026),51,36,5136,51.4949014215,-0.208916557,0.05153100398735766
1853277247,51.4949267,-0.19992,3,,,POINT (-0.19992 51.4949267),51,37,5137,51.4949014215,-0.20067237500000001,0.05216135179895002
76623785,51.4948191,-0.1921196,4,,,POINT (-0.1921196 51.4948191),51,38,5138,51.4949014215,-0.19242819300000003,0.02324185948502523
4749990829,51.4948407,-0.1848838,3,,,POINT (-0.1848838 51.4948407),51,39,5139,51.4949014215,-0.18418401100000004,0.04891342718831792
3417174537,51.4949186,-0.1757826,1,,,POINT (-0.1757826 51.4949186),51,40,5140,51.4949014215,-0.175939829,0.011051017673227508
277313432,51.4947216,-0.1678386,1,,,POINT (-0.1678386 51.4947216),51,41,5141,51.4949014215,-0.167695647,0.02231027342902958
26592103,51.4945155,-0.1591143,3,,,POINT (-0.1591143 51.4945155),51,42,5142,51.4949014215,-0.15945146500000001,0.048849831931066456
26652972,51.4948537,-0.1513616,1,,,POINT (-0.1513616 51.4948537),51,43,5143,51.4949014215,-0.15120728300000003,0.011928381918860621
1394714394,51.495011,-0.1426615,2,,,POINT (-0.1426615 51.495011),51,44,5144,51.4949014215,-0.14296310100000004,0.024174529423916756
108333,51.495003,-0.1343356,3,,,POINT (-0.1343356 51.495003),51,45,5145,51.4949014215,-0.13471891900000005,0.028840267605440353
21269077,51.4948033,-0.1261375,3,,,POINT (-0.1261375 51.4948033),51,46,5146,51.4949014215,-0.126474737,0.025770003214842952
1960741957,51.4947382,-0.1193506,2,,,POINT (-0.1193506 51.4947382),51,47,5147,51.4949014215,-0.11823055500000001,0.07963463112380276
25473064,51.4945574,-0.1097311,1,,,POINT (-0.1097311 51.4945574),51,48,5148,51.4949014215,-0.10998637300000003,0.04213824080737669
2180693488,51.4950422,-0.1012418,4,,,POINT (-0.1012418 51.4950422),51,49,5149,51.4949014215,-0.10174219100000004,0.038013819242209965
264781865,51.4946001,-0.0927557,3,,,POINT (-0.0927557 51.4946001),51,50,5150,51.4949014215,-0.09349800900000005,0.061346816333637644
108184,51.4947597,-0.0851832,3,,,POINT (-0.0851832 51.4947597),51,51,5151,51.4949014215,-0.085253827,0.01649979146257198
276489,51.4951891,-0.0769128,3,,,POINT (-0.0769128 51.4951891),51,52,5152,51.4949014215,-0.07700964500000002,0.03268341866671905
104358877,51.4948505,-0.0694908,3,,,POINT (-0.0694908 51.4948505),51,53,5153,51.4949014215,-0.06876546300000003,0.05053204525064282
101314764,51.4950145,-0.0593892,3,,,POINT (-0.0593892 51.4950145),51,54,5154,51.4949014215,-0.06052128100000003,0.0793740875585211
269561182,51.4950213,-0.0514101,1,,,POINT (-0.0514101 51.4950213),51,55,5155,51.4949014215,-0.05227709900000004,0.06148310052335545
1685927702,51.4948724,-0.0438712,1,,,POINT (-0.0438712 51.4948724),51,56,5156,51.4949014215,-0.04403291700000005,0.011651197313825003
100288039,51.4948351,-0.0345757,1,,,POINT (-0.0345757 51.4948351),51,57,5157,51.4949014215,-0.03578873500000001,0.0842994956265658
3709672008,51.4955642,-0.0271328,1,,,POINT (-0.0271328 51.4955642),51,58,5158,51.4949014215,-0.02754455300000002,0.0790180747026529
1943484945,51.495946,-0.0190702,1,,,POINT (-0.0190702 51.495946),51,59,5159,51.4949014215,-0.01930037100000003,0.11723968823242599
1876936582,51.4952941,-0.0110032,3,,,POINT (-0.0110032 51.4952941),51,60,5160,51.4949014215,-0.011056189000000044,0.04381767868190832
8108962558,51.493327,-0.0045522,1,,,POINT (-0.0045522 51.493327),51,61,5161,51.4949014215,-0.002812007,0.21251429283254747
1684598427,51.4951596,0.005021,1,,,POINT (0.005021 51.4951596),51,62,5162,51.4949014215,0.005432174999999989,0.040427760306883186
9322132861,51.4954099,0.0132104,3,,,POINT (0.0132104 51.4954099),51,63,5163,51.4949014215,0.013676356999999978,0.0650947301322644
10038315710,51.4942797,0.0186742,1,,,POINT (0.0186742 51.4942797),51,64,5164,51.4949014215,0.021920538999999968,0.23513238912039633
90385166,51.4931981,0.0332956,1,,,POINT (0.0332956 51.4931981),51,65,5165,51.4949014215,0.030164720999999957,0.28784170582697793
9120025563,51.4943542,0.0390096,1,,,POINT (0.0390096 51.4943542),51,66,5166,51.4949014215,0.038408902999999946,0.0737011398973139
35124997,51.4946279,0.0462845,3,,,POINT (0.0462845 51.4946279),51,67,5167,51.4949014215,0.046653084999999934,0.03970035836218376
91590042,51.4941131,0.0543402,1,turning_circle,,POINT (0.0543402 51.4941131),51,68,5168,51.4949014215,0.05489726699999992,0.09576574091770951
2377736156,51.4951557,0.0624525,1,,,POINT (0.0624525 51.4951557),51,69,5169,51.4949014215,0.0631414489999999,0.055445636966848115
290862595,51.4949257,0.071105,1,,,POINT (0.071105 51.4949257),51,70,5170,51.4949014215,0.071385631,0.01961425129878555
91787598,51.4949257,0.0797488,1,,,POINT (0.0797488 51.4949257),51,71,5171,51.4949014215,0.079629813,0.00866835979324618
94942303,51.4946218,0.0868749,3,,,POINT (0.0868749 51.4946218),51,72,5172,51.4949014215,0.08787399499999998,0.07583302246710259
94913739,51.4944561,0.0960466,3,,,POINT (0.0960466 51.4944561),51,73,5173,51.4949014215,0.09611817699999997,0.0497648037932369
1206277457,51.4945643,0.1040004,1,,,POINT (0.1040004 51.4945643),51,74,5174,51.4949014215,0.10436235899999996,0.04509004261083945
94925973,51.4952922,0.1127192,1,,,POINT (0.1127192 51.4952922),51,75,5175,51.4949014215,0.11260654099999995,0.04414695903877865
94902636,51.4948303,0.1210995,3,,,POINT (0.1210995 51.4948303),51,76,5176,51.4949014215,0.12085072299999994,0.018951334527345643
36238871,51.4954978,0.1290801,3,,,POINT (0.1290801 51.4954978),51,77,5177,51.4949014215,0.12909490499999993,0.0663221833650676
32438904,51.4939358,0.1381423,3,,,POINT (0.1381423 51.4939358),51,78,5178,51.4949014215,0.13733908699999992,0.12091639039577502
2213467479,51.4941397,0.1450546,3,,,POINT (0.1450546 51.4941397),51,79,5179,51.4949014215,0.1455832689999999,0.092268693594009
6805030312,51.4952226,0.1529193,3,,,POINT (0.1529193 51.4952226),51,80,5180,51.4949014215,0.153827451,0.07230502060493912
5908949086,51.4946523,0.1607751,1,,,POINT (0.1607751 51.4946523),51,81,5181,51.4949014215,0.162071633,0.09393428822849335
567802416,51.4970811,-0.4872418,1,,,POINT (-0.4872418 51.4970811),52,2,5202,51.4988332025,-0.489218745,0.23808610755349124
254575295,51.4986845,-0.4800382,1,,,POINT (-0.4800382 51.4986845),52,3,5203,51.4988332025,-0.48097456299999997,0.06689305723794299
567802495,51.4983771,-0.4713048,3,,,POINT (-0.4713048 51.4983771),52,4,5204,51.4988332025,-0.472730381,0.11095205597197716
25947537,51.4983591,-0.4640607,3,,,POINT (-0.4640607 51.4983591),52,5,5205,51.4988332025,-0.464486199,0.06038801608399622
25947454,51.4979325,-0.4562431,3,,,POINT (-0.4562431 51.4979325),52,6,5206,51.4988332025,-0.456242017,0.10015357647481184
26199570,51.498905,-0.4384864,1,,,POINT (-0.4384864 51.498905),52,8,5208,51.4988332025,-0.43975365299999997,0.0880845620392557
26199315,51.4989863,-0.4313572,3,,,POINT (-0.4313572 51.4989863),52,9,5209,51.4988332025,-0.431509471,0.020022681851854195
248963624,51.4992071,-0.4227625,1,,,POINT (-0.4227625 51.4992071),52,10,5210,51.4988332025,-0.423265289,0.05422032590486448
248961281,51.4991857,-0.4143597,3,,,POINT (-0.4143597 51.4991857),52,11,5211,51.4988332025,-0.415021107,0.060270113108569695
444887757,51.4979882,-0.4053402,3,,,POINT (-0.4053402 51.4979882),52,12,5212,51.4988332025,-0.406776925,0.1368196883661055
291470288,51.4983815,-0.3991123,1,,,POINT (-0.3991123 51.4983815),52,13,5213,51.4988332025,-0.398532743,0.06428252387712319
291470390,51.4982479,-0.3905979,1,,,POINT (-0.3905979 51.4982479),52,14,5214,51.4988332025,-0.39028856100000003,0.06851483163877581
291654644,51.4984775,-0.3817163,1,,,POINT (-0.3817163 51.4984775),52,15,5215,51.4988332025,-0.382044379,0.045608663021519426
443123358,51.4987348,-0.373303,1,,,POINT (-0.373303 51.4987348),52,16,5216,51.4988332025,-0.373800197,0.036114581132247726
30802919,51.4983161,-0.3663744,3,,,POINT (-0.3663744 51.4983161),52,17,5217,51.4988332025,-0.365556015,0.080718426047668
559970130,51.4984932,-0.3390209,1,,,POINT (-0.3390209 51.4984932),52,20,5220,51.4988332025,-0.340823469,0.13038008898008227
1768596382,51.5000246,-0.3299861,1,,,POINT (-0.3299861 51.5000246),52,21,5221,51.4988332025,-0.332579287,0.22309614480094853
33965017,51.4992278,-0.3248972,3,,,POINT (-0.3248972 51.4992278),52,22,5222,51.4988332025,-0.324335105,0.05864423584725874
249716914,51.4983531,-0.3161372,1,,,POINT (-0.3161372 51.4983531),52,23,5223,51.4988332025,-0.316090923,0.053480987848199546
243523721,51.4985917,-0.3077934,3,,,POINT (-0.3077934 51.4985917),52,24,5224,51.4988332025,-0.30784674100000003,0.02710651540664242
774500003,51.4989792,-0.2993387,3,,,POINT (-0.2993387 51.4989792),52,25,5225,51.4988332025,-0.29960255900000005,0.024436746164037484
71574907,51.5007943,-0.2872868,3,,,POINT (-0.2872868 51.5007943),52,26,5226,51.4988332025,-0.291358377,0.3563486972349307
71562806,51.498305,-0.2811769,3,,,POINT (-0.2811769 51.498305),52,27,5227,51.4988332025,-0.283114195,0.14640246517398894
68337837,51.4983356,-0.2740539,3,,,POINT (-0.2740539 51.4983356),52,28,5228,51.4988332025,-0.274870013,0.07907603173035262
287871702,51.4986374,-0.2664814,3,,,POINT (-0.2664814 51.4986374),52,29,5229,51.4988332025,-0.266625831,0.023958042936094923
68347322,51.4992876,-0.2578472,3,,,POINT (-0.2578472 51.4992876),52,30,5230,51.4988332025,-0.258381649,0.06262283547541246
68350849,51.4983516,-0.2507821,3,,,POINT (-0.2507821 51.4983516),52,31,5231,51.4988332025,-0.250137467,0.06970665929030449
1767962810,51.4990998,-0.2416029,3,,,POINT (-0.2416029 51.4990998),52,32,5232,51.4988332025,-0.241893285,0.03581669693217319
21672632,51.4990454,-0.2339874,3,,,POINT (-0.2339874 51.4990454),52,33,5233,51.4988332025,-0.23364910300000002,0.03324338311555904
21662581,51.4987945,-0.2254529,3,,,POINT (-0.2254529 51.4987945),52,34,5234,51.4988332025,-0.22540492100000004,0.005436061982696121
70966991,51.498911,-0.2169997,3,,,POINT (-0.2169997 51.498911),52,35,5235,51.4988332025,-0.217160739,0.014110297704989904
25481623,51.4992349,-0.2094487,3,,,POINT (-0.2094487 51.4992349),52,36,5236,51.4988332025,-0.208916557,0.05789650113595639
84848617,51.4985717,-0.2005187,3,,,POINT (-0.2005187 51.4985717),52,37,5237,51.4988332025,-0.20067237500000001,0.030962518089414838
26389636,51.4986273,-0.1929438,3,,,POINT (-0.1929438 51.4986273),52,38,5238,51.4988332025,-0.19242819300000003,0.042403800806961225
941233614,51.4988055,-0.1842698,3,,,POINT (-0.1842698 51.4988055),52,39,5239,51.4988332025,-0.18418401100000004,0.006689888684984173
25291709,51.499965,-0.1755345,3,,,POINT (-0.1755345 51.499965),52,40,5240,51.4988332025,-0.175939829,0.12893982050738917
26389707,51.4990959,-0.1673979,3,,,POINT (-0.1673979 51.4990959),52,41,5241,51.4988332025,-0.167695647,0.03574996467563319
26389752,51.4992169,-0.1595687,3,,,POINT (-0.1595687 51.4992169),52,42,5242,51.4988332025,-0.15945146500000001,0.04343014674811724
26389844,51.4986273,-0.1512019,3,,,POINT (-0.1512019 51.4986273),52,43,5243,51.4988332025,-0.15120728300000003,0.022898345435704934
6169637661,51.4986385,-0.1427338,1,,,POINT (-0.1427338 51.4986385),52,44,5244,51.4988332025,-0.14296310100000004,0.02684518739693413
25524248,51.4985435,-0.1352199,3,,,POINT (-0.1352199 51.4985435),52,45,5245,51.4988332025,-0.13471891900000005,0.04733232361280257
1269206848,51.499588,-0.1261739,3,,,POINT (-0.1261739 51.499588),52,46,5246,51.4988332025,-0.126474737,0.08647452719587181
9650488591,51.4986926,-0.1171873,3,,,POINT (-0.1171873 51.4986926),52,47,5247,51.4988332025,-0.11823055500000001,0.07388952924539362
254339422,51.4988296,-0.1100029,2,,,POINT (-0.1100029 51.4988296),52,48,5248,51.4988332025,-0.10998637300000003,0.0012121396593584171
6880053758,51.49893,-0.1016049,3,,,POINT (-0.1016049 51.49893),52,49,5249,51.4988332025,-0.10174219100000004,0.014358573375816327
25498993,51.4988671,-0.0930515,3,,,POINT (-0.0930515 51.4988671),52,50,5250,51.4988332025,-0.09349800900000005,0.03113732038741437
893096846,51.4989636,-0.0859625,2,,,POINT (-0.0859625 51.4989636),52,51,5251,51.4988332025,-0.085253827,0.05115383079054993
104352375,51.499206,-0.0775198,3,,,POINT (-0.0775198 51.499206),52,52,5252,51.4988332025,-0.07700964500000002,0.05445585864023153
2073859269,51.4988401,-0.0687901,1,,,POINT (-0.0687901 51.4988401),52,53,5253,51.4988332025,-0.06876546300000003,0.0018699529013035956
5343556772,51.4988049,-0.0606351,2,,,POINT (-0.0606351 51.4988049),52,54,5254,51.4988332025,-0.06052128100000003,0.008484092796221126
10974848098,51.4987377,-0.052164,1,,,POINT (-0.052164 51.4987377),52,55,5255,51.4988332025,-0.05227709900000004,0.013193345275239592
25394983,51.4988424,-0.0428319,3,,,POINT (-0.0428319 51.4988424),52,56,5256,51.4988332025,-0.04403291700000005,0.08314337068493743
33105523,51.4989872,-0.0347554,3,,,POINT (-0.0347554 51.4989872),52,57,5257,51.4988332025,-0.03578873500000001,0.07355074763407804
2198700378,51.4988672,-0.0266676,1,,,POINT (-0.0266676 51.4988672),52,58,5258,51.4988332025,-0.02754455300000002,0.06082222546441985
15706712,51.498923,-0.0187841,3,,,POINT (-0.0187841 51.498923),52,59,5259,51.4988332025,-0.01930037100000003,0.03710609864779796
229773022,51.4988481,-0.0109048,3,,,POINT (-0.0109048 51.4988481),52,60,5260,51.4988332025,-0.011056189000000044,0.01060960267832476
10126507135,51.5006146,0.000645,3,,,POINT (0.000645 51.5006146),52,61,5261,51.4988332025,-0.002812007,0.3106440463818587
30177942,51.498949,0.0056624,3,mini_roundabout,,POINT (0.0056624 51.498949),52,62,5262,51.4988332025,0.005432174999999989,0.020488320341525302
8259594079,51.4976749,0.0121319,1,,,POINT (0.0121319 51.4976749),52,63,5263,51.4988332025,0.013676356999999978,0.16738866365198218
6749352624,51.49993,0.0203904,1,,,POINT (0.0203904 51.49993),52,64,5264,51.4988332025,0.021920538999999968,0.16153183521389414
7831766263,51.4990734,0.0295511,1,,,POINT (0.0295511 51.4990734),52,65,5265,51.4988332025,0.030164720999999957,0.05017546033457014
5166493021,51.5004994,0.0369543,1,,,POINT (0.0369543 51.5004994),52,66,5266,51.4988332025,0.038408902999999946,0.21086550053700465
4807346340,51.4986448,0.0578149,2,,,POINT (0.0578149 51.4986448),52,68,5268,51.4988332025,0.05489726699999992,0.20304912241770076
1349434990,51.4986933,0.0626502,3,,,POINT (0.0626502 51.4986933),52,69,5269,51.4988332025,0.0631414489999999,0.03739479816475492
247690008,51.4998298,0.0706465,1,,,POINT (0.0706465 51.4998298),52,70,5270,51.4988332025,0.071385631,0.12205754599313254
91785963,51.4976595,0.0816037,1,,,POINT (0.0816037 51.4976595),52,71,5271,51.4988332025,0.079629813,0.18895215480724423
94932322,51.4987105,0.088402,3,,,POINT (0.088402 51.4987105),52,72,5272,51.4988332025,0.08787399499999998,0.039013321981146154
94935168,51.499216,0.0960201,1,,,POINT (0.0960201 51.499216),52,73,5273,51.4988332025,0.09611817699999997,0.043103164174764716
443276411,51.4989836,0.1041162,3,,,POINT (0.1041162 51.4989836),52,74,5274,51.4988332025,0.10436235899999996,0.023875155933769453
94908776,51.4980113,0.1129038,3,,,POINT (0.1129038 51.4980113),52,75,5275,51.4988332025,0.11260654099999995,0.09367925969242215
94904781,51.4987105,0.1210594,3,,,POINT (0.1210594 51.4987105),52,76,5276,51.4988332025,0.12085072299999994,0.01987000407491339
36238900,51.4984375,0.1289443,1,,,POINT (0.1289443 51.4984375),52,77,5277,51.4988332025,0.12909490499999993,0.04521831250887324
36237778,51.4970758,0.1493,2,,,POINT (0.1493 51.4970758),52,79,5279,51.4988332025,0.1455832689999999,0.32308282020338336
673406973,51.4985166,0.1545724,3,,,POINT (0.1545724 51.4985166),52,80,5280,51.4988332025,0.153827451,0.062438300140024126
36236818,51.4979019,0.1640375,1,,,POINT (0.1640375 51.4979019),52,81,5281,51.4988332025,0.162071633,0.17100433195347933
36236839,51.4975612,0.1712365,1,,,POINT (0.1712365 51.4975612),52,82,5282,51.4988332025,0.17031581499999998,0.15513607887649833
1931358396,51.4995432,0.1832918,1,,,POINT (0.1832918 51.4995432),52,84,5284,51.4988332025,0.18680417899999996,0.25562939995698564
10176158977,51.5005812,0.2197902,3,,,POINT (0.2197902 51.5005812),52,88,5288,51.4988332025,0.21978090699999991,0.19436951824760823
26208068,51.4993508,0.2294569,3,,,POINT (0.2294569 51.4993508),52,89,5289,51.4988332025,0.2280250889999999,0.11461150056320545
8935346050,51.5021002,-0.4852863,3,,,POINT (-0.4852863 51.5021002),53,2,5302,51.50276498350001,-0.489218745,0.2820501289659349
254575131,51.502638,-0.4808486,1,,,POINT (-0.4808486 51.502638),53,3,5303,51.50276498350001,-0.48097456299999997,0.016594815987087362
8620864661,51.5031025,-0.4740703,1,,,POINT (-0.4740703 51.5031025),53,4,5304,51.50276498350001,-0.472730381,0.10004964809321831
31424295,51.5026105,-0.4647901,3,,,POINT (-0.4647901 51.5026105),53,5,5305,51.50276498350001,-0.464486199,0.027157769130121474
31424319,51.5019263,-0.4565616,3,,,POINT (-0.4565616 51.5019263),53,6,5306,51.50276498350001,-0.456242017,0.09584493707835601
25676418,51.502202,-0.447829,3,,,POINT (-0.447829 51.502202),53,7,5307,51.50276498350001,-0.447997835,0.06368234529103677
25670561,51.5029243,-0.4413471,4,,,POINT (-0.4413471 51.5029243),53,8,5308,51.50276498350001,-0.43975365299999997,0.11170591508576311
26199774,51.5028195,-0.4317863,3,,,POINT (-0.4317863 51.5028195),53,9,5309,51.50276498350001,-0.431509471,0.020097102531499732
248962312,51.5025518,-0.4238869,3,,,POINT (-0.4238869 51.5025518),53,10,5310,51.50276498350001,-0.423265289,0.04912365887295969
11092453708,51.5022261,-0.4168305,1,,,POINT (-0.4168305 51.5022261),53,11,5311,51.50276498350001,-0.415021107,0.13883674180957065
9393470507,51.5039265,-0.4064352,2,,,POINT (-0.4064352 51.5039265),53,12,5312,51.50276498350001,-0.406776925,0.1313026816633728
9393481671,51.5036396,-0.3999776,3,,,POINT (-0.3999776 51.5036396),53,13,5313,51.50276498350001,-0.398532743,0.13949717004607348
291470010,51.5028948,-0.3917148,3,,,POINT (-0.3917148 51.5028948),53,14,5314,51.50276498350001,-0.39028856100000003,0.09976857922240037
25482124,51.5021748,-0.3821305,3,,,POINT (-0.3821305 51.5021748),53,15,5315,51.50276498350001,-0.382044379,0.06589558591628769
443123336,51.5027157,-0.3731188,1,,,POINT (-0.3731188 51.5027157),53,16,5316,51.50276498350001,-0.373800197,0.047481088356121394
443123377,51.5027604,-0.3655329,4,mini_roundabout,,POINT (-0.3655329 51.5027604),53,17,5317,51.50276498350001,-0.365556015,0.001679149964642629
264386831,51.5028967,-0.3556991,1,,,POINT (-0.3556991 51.5028967),53,18,5318,51.50276498350001,-0.35731183299999997,0.11258393926861159
243178903,51.503086,-0.3406012,1,,,POINT (-0.3406012 51.503086),53,20,5320,51.50276498350001,-0.340823469,0.03886961830509382
33967882,51.5030605,-0.3320817,3,,,POINT (-0.3320817 51.5030605),53,21,5321,51.50276498350001,-0.332579287,0.04760208130031233
33964996,51.5029604,-0.3239144,3,,,POINT (-0.3239144 51.5029604),53,22,5322,51.50276498350001,-0.324335105,0.03633335594941216
33968025,51.5028225,-0.3166403,3,,,POINT (-0.3166403 51.5028225),53,23,5323,51.50276498350001,-0.316090923,0.03855988376840034
243524013,51.5027128,-0.3085573,4,,,POINT (-0.3085573 51.5027128),53,24,5324,51.50276498350001,-0.30784674100000003,0.04952338148629189
243524623,51.5028016,-0.3000999,3,,,POINT (-0.3000999 51.5028016),53,25,5325,51.50276498350001,-0.29960255900000005,0.03466402476869823
10772006354,51.5031133,-0.2930541,1,,,POINT (-0.2930541 51.5031133),53,26,5326,51.50276498350001,-0.291358377,0.12359645840350814
247488578,51.502395,-0.2835488,3,,,POINT (-0.2835488 51.502395),53,27,5327,51.50276498350001,-0.283114195,0.05096510130878715
6811961445,51.5021002,-0.2750454,3,,,POINT (-0.2750454 51.5021002),53,28,5328,51.50276498350001,-0.274870013,0.07491075320469924
5965176489,51.5024279,-0.265696,3,mini_roundabout,,POINT (-0.265696 51.5024279),53,29,5329,51.50276498350001,-0.266625831,0.07447862613744781
224730,51.5026353,-0.2583045,3,,,POINT (-0.2583045 51.5026353),53,30,5330,51.50276498350001,-0.258381649,0.015377124740237804
1767962977,51.5029297,-0.2498403,4,,,POINT (-0.2498403 51.5029297),53,31,5331,51.50276498350001,-0.250137467,0.027541537367446474
276917631,51.5024605,-0.2422832,1,,,POINT (-0.2422832 51.5024605),53,32,5332,51.50276498350001,-0.241893285,0.043297572355753364
68318854,51.5026407,-0.2340427,3,,,POINT (-0.2340427 51.5026407),53,33,5333,51.50276498350001,-0.23364910300000002,0.030548064726314203
134777924,51.5027292,-0.2250872,3,,,POINT (-0.2250872 51.5027292),53,34,5334,51.50276498350001,-0.22540492100000004,0.02234852999262086
21662731,51.5028198,-0.2174466,3,,,POINT (-0.2174466 51.5028198),53,35,5335,51.50276498350001,-0.217160739,0.02070380146242943
1920773082,51.5034803,-0.208558,1,,,POINT (-0.208558 51.5034803),53,36,5336,51.50276498350001,-0.208916557,0.08332145512614689
104403,51.5016448,-0.1994245,3,,,POINT (-0.1994245 51.5016448),53,37,5337,51.50276498350001,-0.20067237500000001,0.15157637483053657
91804940,51.5030332,-0.1929887,3,,,POINT (-0.1929887 51.5030332),53,38,5338,51.50276498350001,-0.19242819300000003,0.048934918736440555
26389506,51.5019458,-0.1850183,3,,,POINT (-0.1850183 51.5019458),53,39,5339,51.50276498350001,-0.18418401100000004,0.10785137162375646
7911369886,51.5024473,-0.1746813,3,,,POINT (-0.1746813 51.5024473),53,40,5340,51.50276498350001,-0.175939829,0.0940008775775335
306463030,51.5018142,-0.1679484,3,,,POINT (-0.1679484 51.5018142),53,41,5341,51.50276498350001,-0.167695647,0.10716003523338606
109660,51.5021119,-0.1590892,3,,,POINT (-0.1590892 51.5021119),53,42,5342,51.50276498350001,-0.15945146500000001,0.07682674272760423
135770014,51.5032364,-0.1513159,3,,,POINT (-0.1513159 51.5032364),53,43,5343,51.50276498350001,-0.15120728300000003,0.052955501748906994
108275,51.5020419,-0.1400988,3,,,POINT (-0.1400988 51.5020419),53,44,5344,51.50276498350001,-0.14296310100000004,0.21394119270342984
2620932404,51.5037183,-0.1360136,3,,,POINT (-0.1360136 51.5037183),53,45,5345,51.50276498350001,-0.13471891900000005,0.1388061923586652
1782020321,51.5031729,-0.1262131,4,,,POINT (-0.1262131 51.5031729),53,46,5346,51.50276498350001,-0.126474737,0.04883976675896011
4969460347,51.5028082,-0.1176102,3,,,POINT (-0.1176102 51.5028082),53,47,5347,51.50276498350001,-0.11823055500000001,0.043206701951312765
2512310242,51.502483,-0.1102288,2,,,POINT (-0.1102288 51.502483),53,48,5348,51.50276498350001,-0.10998637300000003,0.03556277554700452
25496763,51.5028001,-0.1012862,3,,,POINT (-0.1012862 51.5028001),53,49,5349,51.50276498350001,-0.10174219100000004,0.03180261166176909
762398163,51.5021349,-0.0945725,1,,,POINT (-0.0945725 51.5021349),53,50,5350,51.50276498350001,-0.09349800900000005,0.10217634572959938
2808047986,51.5028137,-0.0851242,1,,,POINT (-0.0851242 51.5028137),53,51,5351,51.50276498350001,-0.085253827,0.010480754889715884
16077129,51.5027892,-0.0771365,3,,,POINT (-0.0771365 51.5027892),53,52,5352,51.50276498350001,-0.07700964500000002,0.009184052552015105
130203260,51.5013707,-0.0685008,3,,,POINT (-0.0685008 51.5013707),53,53,5353,51.50276498350001,-0.06876546300000003,0.1561158059109711
249313606,51.5031815,-0.0602179,3,,,POINT (-0.0602179 51.5031815),53,54,5354,51.50276498350001,-0.06052128100000003,0.05085257845384267
27513918,51.5022053,-0.0517584,3,,,POINT (-0.0517584 51.5022053),53,55,5355,51.50276498350001,-0.05227709900000004,0.07184751462784013
100342884,51.5027111,-0.0440089,3,,,POINT (-0.0440089 51.5027111),53,56,5356,51.50276498350001,-0.04403291700000005,0.006217909682149395
100291917,51.5025012,-0.0354898,1,,,POINT (-0.0354898 51.5025012),53,57,5357,51.50276498350001,-0.03578873500000001,0.03589508422522606
38419846,51.5016497,-0.0273099,1,,,POINT (-0.0273099 51.5016497),53,58,5358,51.50276498350001,-0.02754455300000002,0.12507294630783874
2056398272,51.5029102,-0.0189712,3,,,POINT (-0.0189712 51.5029102),53,59,5359,51.50276498350001,-0.01930037100000003,0.027925705272028208
8757728856,51.5030724,-0.0103342,3,,,POINT (-0.0103342 51.5030724),53,60,5360,51.50276498350001,-0.011056189000000044,0.060545937082776814
620841318,51.5018835,-0.0009358,1,,,POINT (-0.0009358 51.5018835),53,61,5361,51.50276498350001,-0.002812007,0.16270289050622508
88812060,51.5010269,0.0024313,2,,,POINT (0.0024313 51.5010269),53,62,5362,51.50276498350001,0.005432174999999989,0.28371923109097563
1244790641,51.5043696,0.0173974,1,,,POINT (0.0173974 51.5043696),53,63,5363,51.50276498350001,0.013676356999999978,0.31331882033477465
299424508,51.5033053,0.0219538,3,,,POINT (0.0219538 51.5033053),53,64,5364,51.50276498350001,0.021920538999999968,0.060124545531604325
9347961234,51.5022699,0.030132,3,,,POINT (0.030132 51.5022699),53,65,5365,51.50276498350001,0.030164720999999957,0.05509734249282183
8518512869,51.5027138,0.0382738,2,,,POINT (0.0382738 51.5027138),53,66,5366,51.50276498350001,0.038408902999999946,0.01094709113715004
660760136,51.5028817,0.04612,1,,,POINT (0.04612 51.5028817),53,67,5367,51.50276498350001,0.046653084999999934,0.03911401523990261
251754389,51.5022348,0.0551223,3,,,POINT (0.0551223 51.5022348),53,68,5368,51.50276498350001,0.05489726699999992,0.06097666306497662
11007859745,51.5018169,0.0636759,1,,,POINT (0.0636759 51.5018169),53,69,5369,51.50276498350001,0.0631414489999999,0.11172422570866895
667980974,51.5021369,0.0713349,1,,,POINT (0.0713349 51.5021369),53,70,5370,51.50276498350001,0.071385631,0.06992791781583804
269022107,51.5046896,0.0763381,1,,,POINT (0.0763381 51.5046896),53,71,5371,51.50276498350001,0.079629813,0.31258305337738057
370383913,51.5030738,0.0880646,1,,,POINT (0.0880646 51.5030738),53,72,5372,51.50276498350001,0.08787399499999998,0.03678597985791462
370390347,51.5018222,0.0962777,1,,,POINT (0.0962777 51.5018222),53,73,5373,51.50276498350001,0.09611817699999997,0.10541263200972557
10687349757,51.5027974,0.1046766,1,,,POINT (0.1046766 51.5027974),53,74,5374,51.50276498350001,0.10436235899999996,0.022047235753439982
95945363,51.5026399,0.113366,3,,,POINT (0.113366 51.5026399),53,75,5375,51.50276498350001,0.11260654099999995,0.05437590570450459
5739492113,51.5029823,0.1209001,1,,,POINT (0.1209001 51.5029823),53,76,5376,51.50276498350001,0.12085072299999994,0.024404984083751798
443273718,51.5029857,0.125943,3,motorway_junction,,POINT (0.125943 51.5029857),53,77,5377,51.50276498350001,0.12909490499999993,0.2195387155335893
3028558915,51.5043357,0.1533404,1,,,POINT (0.1533404 51.5043357),53,80,5380,51.50276498350001,0.153827451,0.1778793566556965
36236918,51.5022684,0.1635941,1,,,POINT (0.1635941 51.5022684),53,81,5381,51.50276498350001,0.162071633,0.11897031889548224
3127481603,51.5015891,0.181381,1,,,POINT (0.181381 51.5015891),53,83,5383,51.50276498350001,0.17855999699999997,0.23499646472016875
1674896145,51.5026153,0.186869,3,,,POINT (0.186869 51.5026153),53,84,5384,51.50276498350001,0.18680417899999996,0.01723817029033985
5354322454,51.5031206,0.2273235,3,,,POINT (0.2273235 51.5031206),53,89,5389,51.50276498350001,0.2280250889999999,0.06262441791711637
254576688,51.5056716,-0.4805312,1,,,POINT (-0.4805312 51.5056716),54,3,5403,51.506696764500006,-0.48097456299999997,0.11805097541085743
528081510,51.5065568,-0.4729005,1,,,POINT (-0.4729005 51.5065568),54,4,5404,51.506696764500006,-0.472730381,0.01951524560373269
7836284355,51.5062407,-0.4645167,3,,,POINT (-0.4645167 51.5062407),54,5,5405,51.506696764500006,-0.464486199,0.050755976839018564
249077731,51.5064607,-0.4559917,3,,,POINT (-0.4559917 51.5064607),54,6,5406,51.506696764500006,-0.456242017,0.031450906490104236
254573914,51.5059317,-0.449088,1,,,POINT (-0.449088 51.5059317),54,7,5407,51.506696764500006,-0.447997835,0.11371024509672062
254572716,51.5070032,-0.4373557,3,,,POINT (-0.4373557 51.5070032),54,8,5408,51.506696764500006,-0.43975365299999997,0.1694242844934859
25670272,51.5063658,-0.4311183,3,,,POINT (-0.4311183 51.5063658),54,9,5409,51.506696764500006,-0.431509471,0.045687107291559684
248965047,51.5071931,-0.4224354,2,,,POINT (-0.4224354 51.5071931),54,10,5410,51.506696764500006,-0.423265289,0.07965483310861173
215076025,51.5065965,-0.4158032,3,,,POINT (-0.4158032 51.5065965),54,11,5411,51.506696764500006,-0.415021107,0.05526518944413299
249068940,51.506621,-0.4064444,1,,,POINT (-0.4064444 51.506621),54,12,5412,51.506696764500006,-0.406776925,0.024507683150390817
7959026490,51.5064377,-0.3879993,3,,,POINT (-0.3879993 51.5064377),54,14,5414,51.506696764500006,-0.39028856100000003,0.1610383116483137
290996725,51.506446,-0.3826179,1,,,POINT (-0.3826179 51.506446),54,15,5415,51.506696764500006,-0.382044379,0.048508661859235865
10867259943,51.50585,-0.3746142,1,,,POINT (-0.3746142 51.50585),54,16,5416,51.506696764500006,-0.373800197,0.10972373077561041
668439595,51.5066806,-0.3641568,3,,,POINT (-0.3641568 51.5066806),54,17,5417,51.506696764500006,-0.365556015,0.09685678293503393
443128188,51.5066172,-0.3574438,1,,,POINT (-0.3574438 51.5066172),54,18,5418,51.506696764500006,-0.35731183299999997,0.012715852802164734
1696048017,51.5077746,-0.3497746,1,,,POINT (-0.3497746 51.5077746),54,19,5419,51.506696764500006,-0.349067651,0.12945227421236472
243179157,51.506621,-0.3407191,3,,,POINT (-0.3407191 51.506621),54,20,5420,51.506696764500006,-0.340823469,0.011097391121847966
25592553,51.5060753,-0.3327729,3,,,POINT (-0.3327729 51.5060753),54,21,5421,51.506696764500006,-0.332579287,0.07039093756012006
25789590,51.5067576,-0.3241058,3,,,POINT (-0.3241058 51.5067576),54,22,5422,51.506696764500006,-0.324335105,0.017251807075648357
34779141,51.5069635,-0.3159082,3,,,POINT (-0.3159082 51.5069635),54,23,5423,51.506696764500006,-0.316090923,0.03224317310745293
35468665,51.5072844,-0.3081467,3,,,POINT (-0.3081467 51.5072844),54,24,5424,51.506696764500006,-0.30784674100000003,0.06856070839604071
234258,51.5067773,-0.2993842,4,,,POINT (-0.2993842 51.5067773),54,25,5425,51.506696764500006,-0.29960255900000005,0.01756666024756774
247488581,51.5067883,-0.2909082,3,,,POINT (-0.2909082 51.5067883),54,26,5426,51.506696764500006,-0.291358377,0.03277723189920579
1860707391,51.5067872,-0.2835794,1,,,POINT (-0.2835794 51.5067872),54,27,5427,51.506696764500006,-0.283114195,0.033730783402744546
68998628,51.5063863,-0.2744186,4,,,POINT (-0.2744186 51.5063863),54,28,5428,51.506696764500006,-0.274870013,0.04656038860017389
224720,51.5066436,-0.2665107,4,mini_roundabout,,POINT (-0.2665107 51.5066436),54,29,5429,51.506696764500006,-0.266625831,0.009921712419348683
224715,51.5065255,-0.2575447,3,,,POINT (-0.2575447 51.5065255),54,30,5430,51.506696764500006,-0.258381649,0.06097572555036121
68379694,51.5066919,-0.2504387,3,,,POINT (-0.2504387 51.5066919),54,31,5431,51.506696764500006,-0.250137467,0.020855442402043765
276917138,51.5065737,-0.2420777,1,,,POINT (-0.2420777 51.5065737),54,32,5432,51.506696764500006,-0.241893285,0.01871259369105226
185712936,51.5064851,-0.2338895,3,,,POINT (-0.2338895 51.5064851),54,33,5433,51.506696764500006,-0.23364910300000002,0.028823024939906485
21662036,51.505851,-0.2252788,3,,,POINT (-0.2252788 51.505851),54,34,5434,51.506696764500006,-0.22540492100000004,0.09444895059682859
392359422,51.5063007,-0.2171486,3,,,POINT (-0.2171486 51.5063007),54,35,5435,51.506696764500006,-0.217160739,0.044048375941947854
735005158,51.5069141,-0.2089833,1,,,POINT (-0.2089833 51.5069141),54,36,5436,51.506696764500006,-0.208916557,0.02460411863334355
91783829,51.5066451,-0.2002629,3,,,POINT (-0.2002629 51.5066451),54,37,5437,51.506696764500006,-0.20067237500000001,0.028916313059462868
102094,51.507358,-0.1930964,3,,,POINT (-0.1930964 51.507358),54,38,5438,51.506696764500006,-0.19242819300000003,0.08686088582974993
25257929,51.506794,-0.1505902,3,,,POINT (-0.1505902 51.506794),54,43,5443,51.506696764500006,-0.15120728300000003,0.04405579761023007
1943470348,51.5067252,-0.1428966,3,,,POINT (-0.1428966 51.5067252),54,44,5444,51.506696764500006,-0.14296310100000004,0.005583994662911483
2214979335,51.5066497,-0.1339752,4,,,POINT (-0.1339752 51.5066497),54,45,5445,51.506696764500006,-0.13471891900000005,0.051738396042473205
25504263,51.5062427,-0.126607,1,,,POINT (-0.126607 51.5062427),54,46,5446,51.506696764500006,-0.126474737,0.05131279080883371
25472347,51.5051325,-0.116214,3,,,POINT (-0.116214 51.5051325),54,47,5447,51.506696764500006,-0.11823055500000001,0.22301113166974296
1617512819,51.5063182,-0.1101616,1,,,POINT (-0.1101616 51.5063182),54,48,5448,51.506696764500006,-0.10998637300000003,0.04380662806622385
108383,51.5063539,-0.1023327,3,,,POINT (-0.1023327 51.5063539),54,49,5449,51.506696764500006,-0.10174219100000004,0.05589107610222244
106272516,51.5069696,-0.0939991,3,,,POINT (-0.0939991 51.5069696),54,50,5450,51.506696764500006,-0.09349800900000005,0.04607743899338153
3431443,51.5058179,-0.0862715,3,,,POINT (-0.0862715 51.5058179),54,51,5451,51.506696764500006,-0.085253827,0.12046242505096244
8992741667,51.5069744,-0.0743879,2,,,POINT (-0.0743879 51.5069744),54,52,5452,51.506696764500006,-0.07700964500000002,0.18405867810824264
550339406,51.5061101,-0.0681988,1,,,POINT (-0.0681988 51.5061101),54,53,5453,51.506696764500006,-0.06876546300000003,0.07611591809689477
249310858,51.5067414,-0.0603084,3,,,POINT (-0.0603084 51.5067414),54,54,5454,51.506696764500006,-0.06052128100000003,0.015547066064318016
48327490,51.5067621,-0.0524559,3,,,POINT (-0.0524559 51.5067621),54,55,5455,51.506696764500006,-0.05227709900000004,0.014349811041642884
602647423,51.5063776,-0.0440226,3,,,POINT (-0.0440226 51.5063776),54,56,5456,51.506696764500006,-0.04403291700000005,0.035496655702240164
100293192,51.5064993,-0.0360852,3,,,POINT (-0.0360852 51.5064993),54,57,5457,51.506696764500006,-0.03578873500000001,0.03005195338272461
27596189,51.5069021,-0.0272058,4,,,POINT (-0.0272058 51.5069021),54,58,5458,51.506696764500006,-0.02754455300000002,0.03272593927489725
27599025,51.5075597,-0.0187701,3,motorway_junction,,POINT (-0.0187701 51.5075597),54,59,5459,51.506696764500006,-0.01930037100000003,0.10273295391596823
27505522,51.50673,-0.0107319,3,,,POINT (-0.0107319 51.50673),54,60,5460,51.506696764500006,-0.011056189000000044,0.022746352961953372
638667731,51.5085674,-0.0021457,1,,,POINT (-0.0021457 51.5085674),54,61,5461,51.506696764500006,-0.002812007,0.21305559805917684
88183205,51.5084065,0.008702,1,,,POINT (0.008702 51.5084065),54,62,5462,51.506696764500006,0.005432174999999989,0.2955597834210699
1690301642,51.5067041,0.0123139,1,,,POINT (0.0123139 51.5067041),54,63,5463,51.506696764500006,0.013676356999999978,0.0942995747232656
88168919,51.508081,0.0219736,3,,,POINT (0.0219736 51.508081),54,64,5464,51.506696764500006,0.021920538999999968,0.15396376672082843
11016323873,51.5051398,0.0280521,1,,,POINT (0.0280521 51.5051398),54,65,5465,51.506696764500006,0.030164720999999957,0.22661067441193034
892856379,51.5080001,0.0391528,3,,,POINT (0.0391528 51.5080001),54,66,5466,51.506696764500006,0.038408902999999946,0.15379764317172298
102994191,51.5081203,0.0473274,3,mini_roundabout,,POINT (0.0473274 51.5081203),54,67,5467,51.506696764500006,0.046653084999999934,0.16502629671182206
104700307,51.5086113,0.0546697,3,,,POINT (0.0546697 51.5086113),54,68,5468,51.506696764500006,0.05489726699999992,0.2134684299402445
1431403050,51.5083112,0.0636911,3,,,POINT (0.0636911 51.5083112),54,69,5469,51.506696764500006,0.0631414489999999,0.1835033289281778
13792811,51.5068725,0.0710814,3,,,POINT (0.0710814 51.5068725),54,70,5470,51.506696764500006,0.071385631,0.02872623528801504
667424690,51.5082236,0.0784179,3,,,POINT (0.0784179 51.5082236),54,71,5471,51.506696764500006,0.079629813,0.189365003909701
10746642800,51.5064636,0.1039249,3,,,POINT (0.1039249 51.5064636),54,74,5474,51.506696764500006,0.10436235899999996,0.03986070191517869
11308256826,51.5066391,0.111996,3,,,POINT (0.111996 51.5066391),54,75,5475,51.506696764500006,0.11260654099999995,0.04273946938518318
95946281,51.5065828,0.1205498,1,,,POINT (0.1205498 51.5065828),54,76,5476,51.506696764500006,0.12085072299999994,0.024379300961569136
5372958889,51.506377,0.128934,1,,,POINT (0.128934 51.506377),54,77,5477,51.506696764500006,0.12909490499999993,0.037259365591159485
191076654,51.5077374,0.1776984,1,,,POINT (0.1776984 51.5077374),54,83,5483,51.506696764500006,0.17855999699999997,0.1301745329533464
130228972,51.5064971,0.2194816,3,,,POINT (0.2194816 51.5064971),54,88,5488,51.506696764500006,0.21978090699999991,0.030364994959644214
253926333,51.5061928,0.2254867,3,,,POINT (0.2254867 51.5061928),54,89,5489,51.506696764500006,0.2280250889999999,0.18440452378899186
254576892,51.5095508,-0.4799492,1,,,POINT (-0.4799492 51.5095508),55,3,5503,51.510628545500005,-0.48097456299999997,0.13927297941795547
1028661274,51.5103573,-0.4725637,2,,,POINT (-0.4725637 51.5103573),55,4,5504,51.510628545500005,-0.472730381,0.03229166225344778
25676513,51.5110366,-0.4640774,3,,,POINT (-0.4640774 51.5110366),55,5,5505,51.510628545500005,-0.464486199,0.05347071070978959
444537953,51.5118012,-0.4580984,3,,,POINT (-0.4580984 51.5118012),55,6,5506,51.510628545500005,-0.456242017,0.18304765006090157
249079860,51.5113925,-0.4467506,3,,,POINT (-0.4467506 51.5113925),55,7,5507,51.510628545500005,-0.447997835,0.12110380318338171
1831042402,51.5096435,-0.4377923,3,mini_roundabout,,POINT (-0.4377923 51.5096435),55,8,5508,51.510628545500005,-0.43975365299999997,0.17441737266062152
243458715,51.5099121,-0.4330805,3,,,POINT (-0.4330805 51.5099121),55,9,5509,51.510628545500005,-0.431509471,0.13478571336768788
248965489,51.5102212,-0.4236064,3,,,POINT (-0.4236064 51.5102212),55,10,5510,51.510628545500005,-0.423265289,0.05107719357580042
522820865,51.5104644,-0.4152737,3,,,POINT (-0.4152737 51.5104644),55,11,5511,51.510628545500005,-0.415021107,0.025272728959452984
249070112,51.5106275,-0.4070452,3,,,POINT (-0.4070452 51.5106275),55,12,5512,51.510628545500005,-0.406776925,0.018566154557580913
292169526,51.5091159,-0.3954532,1,,,POINT (-0.3954532 51.5091159),55,13,5513,51.510628545500005,-0.398532743,0.2714984298439857
290995781,51.510962,-0.3905105,1,turning_circle,,POINT (-0.3905105 51.510962),55,14,5514,51.510628545500005,-0.39028856100000003,0.04013368625068747
1727123591,51.5105763,-0.3808683,1,,,POINT (-0.3808683 51.5105763),55,15,5515,51.510628545500005,-0.382044379,0.0815968696288734
291463471,51.5104455,-0.3743262,3,,,POINT (-0.3743262 51.5104455),55,16,5516,51.510628545500005,-0.373800197,0.04170566139519833
71137735,51.5111216,-0.3650522,3,,,POINT (-0.3650522 51.5111216),55,17,5517,51.510628545500005,-0.365556015,0.06497257273302594
2046339793,51.5100014,-0.3584591,3,,,POINT (-0.3584591 51.5100014),55,18,5518,51.510628545500005,-0.35731183299999997,0.10567313608989952
573213337,51.5096581,-0.3486736,1,,,POINT (-0.3486736 51.5096581),55,19,5519,51.510628545500005,-0.349067651,0.11130112317422092
25752598,51.5108204,-0.3401547,4,,,POINT (-0.3401547 51.5108204),55,20,5520,51.510628545500005,-0.340823469,0.05096169985247393
1071594496,51.5108458,-0.3332436,1,,,POINT (-0.3332436 51.5108458),55,21,5521,51.510628545500005,-0.332579287,0.051933869625136256
10226666087,51.510902,-0.3250762,3,,,POINT (-0.3250762 51.510902),55,22,5522,51.510628545500005,-0.324335105,0.059623058508272236
251735241,51.5106281,-0.3158634,3,,,POINT (-0.3158634 51.5106281),55,23,5523,51.510628545500005,-0.316090923,0.01574565370764556
25211433,51.510397,-0.3055666,3,traffic_signals,,POINT (-0.3055666 51.510397),55,24,5524,51.510628545500005,-0.30784674100000003,0.15988269407436345
25444312,51.5110938,-0.300224,4,,,POINT (-0.300224 51.5110938),55,25,5525,51.510628545500005,-0.29960255900000005,0.06727505139839506
3086403336,51.5108043,-0.2919482,3,,,POINT (-0.2919482 51.5108043),55,26,5526,51.510628545500005,-0.291358377,0.045255459373923466
71037778,51.5106695,-0.2828223,3,,,POINT (-0.2828223 51.5106695),55,27,5527,51.510628545500005,-0.283114195,0.02070734062225396
71035962,51.5113363,-0.2756177,3,,,POINT (-0.2756177 51.5113363),55,28,5528,51.510628545500005,-0.274870013,0.09418493197103552
21094108,51.5108776,-0.2666606,3,,,POINT (-0.2666606 51.5108776),55,29,5529,51.510628545500005,-0.266625831,0.027797929889852777
68385290,51.5097912,-0.2585677,3,,,POINT (-0.2585677 51.5097912),55,30,5530,51.510628545500005,-0.258381649,0.09399461951704956
68380338,51.50986,-0.2510406,3,,,POINT (-0.2510406 51.50986),55,31,5531,51.510628545500005,-0.250137467,0.10587509630696841
26198814,51.510692,-0.2412447,3,,,POINT (-0.2412447 51.510692),55,32,5532,51.510628545500005,-0.241893285,0.04543605262923081
185735772,51.5102385,-0.2346827,3,,,POINT (-0.2346827 51.5102385),55,33,5533,51.510628545500005,-0.23364910300000002,0.08365134240548645
392374059,51.51105,-0.2271977,1,,,POINT (-0.2271977 51.51105),55,34,5534,51.510628545500005,-0.22540492100000004,0.13262329584111635
215561,51.51041,-0.2171877,3,,,POINT (-0.2171877 51.51041),55,35,5535,51.510628545500005,-0.217160739,0.024372673735937527
148849798,51.510543,-0.2095409,3,,,POINT (-0.2095409 51.510543),55,36,5536,51.510628545500005,-0.208916557,0.044241961872403
735005149,51.5101643,-0.2006037,1,,,POINT (-0.2006037 51.5101643),55,37,5537,51.510628545500005,-0.20067237500000001,0.05184006163476484
759789294,51.5104379,-0.1927966,1,,,POINT (-0.1927966 51.5104379),55,38,5538,51.510628545500005,-0.19242819300000003,0.03315728637550494
102083,51.5104893,-0.1836547,3,,,POINT (-0.1836547 51.5104893),55,39,5539,51.510628545500005,-0.18418401100000004,0.039768595650306646
366239882,51.5115301,-0.1763771,3,,,POINT (-0.1763771 51.5115301),55,40,5540,51.510628545500005,-0.175939829,0.1047159569460555
8138263489,51.5124602,-0.1677008,3,,,POINT (-0.1677008 51.5124602),55,41,5541,51.510628545500005,-0.167695647,0.20367099994895366
135759804,51.510617,-0.1575679,3,,,POINT (-0.1575679 51.510617),55,42,5542,51.510628545500005,-0.15945146500000001,0.13035718330602608
25472159,51.5107962,-0.151736,3,,,POINT (-0.151736 51.5107962),55,43,5543,51.510628545500005,-0.15120728300000003,0.0410648667782801
108248,51.5101355,-0.1430044,3,,,POINT (-0.1430044 51.5101355),55,44,5544,51.510628545500005,-0.14296310100000004,0.0548986062869425
1188983785,51.5102971,-0.1342688,2,,,POINT (-0.1342688 51.5102971),55,45,5545,51.510628545500005,-0.13471891900000005,0.04825594454573588
6173783033,51.5107707,-0.1257591,1,,,POINT (-0.1257591 51.5107707),55,46,5546,51.510628545500005,-0.126474737,0.051986461479284075
25474661,51.5105099,-0.1191844,3,,,POINT (-0.1191844 51.5105099),55,47,5547,51.510628545500005,-0.11823055500000001,0.067315727661582
25378124,51.5110439,-0.1120262,3,,,POINT (-0.1120262 51.5110439),55,48,5548,51.510628545500005,-0.10998637300000003,0.1485274947702186
1561411330,51.5101319,-0.0776851,3,,,POINT (-0.0776851 51.5101319),55,52,5552,51.510628545500005,-0.07700964500000002,0.07235194836920013
424613,51.5108173,-0.0685333,4,,,POINT (-0.0685333 51.5108173),55,53,5553,51.510628545500005,-0.06876546300000003,0.0264321052145916
2673726024,51.5109894,-0.0603477,1,,,POINT (-0.0603477 51.5109894),55,54,5554,51.510628545500005,-0.06052128100000003,0.04188473711733637
82710874,51.5108084,-0.0529435,3,,,POINT (-0.0529435 51.5108084),55,55,5555,51.510628545500005,-0.05227709900000004,0.050267308583800886
139048,51.5103394,-0.0439665,3,,,POINT (-0.0439665 51.5103394),55,56,5556,51.510628545500005,-0.04403291700000005,0.03247839706251514
259075731,51.5101114,-0.0347569,3,,,POINT (-0.0347569 51.5101114),55,57,5557,51.510628545500005,-0.03578873500000001,0.09168307385047858
138982,51.5104201,-0.0277885,4,,,POINT (-0.0277885 51.5104201),55,58,5558,51.510628545500005,-0.02754455300000002,0.028674606350438198
255878391,51.5106376,-0.0189901,3,,,POINT (-0.0189901 51.5106376),55,59,5559,51.510628545500005,-0.01930037100000003,0.021495684606329793
440828223,51.5108371,-0.0104435,3,,,POINT (-0.0104435 51.5108371),55,60,5560,51.510628545500005,-0.011056189000000044,0.04832803598609145
299467691,51.5106222,-0.0024474,3,,,POINT (-0.0024474 51.5106222),55,61,5561,51.510628545500005,-0.002812007,0.02524224663498653
5166440580,51.5107941,0.005444,1,,,POINT (0.005444 51.5107941),55,62,5562,51.510628545500005,0.005432174999999989,0.018427000606550108
279848165,51.510808,0.0134771,3,,,POINT (0.0134771 51.510808),55,63,5563,51.510628545500005,0.013676356999999978,0.024255460290904873
247702710,51.5102975,0.0215999,3,,,POINT (0.0215999 51.5102975),55,64,5564,51.510628545500005,0.021920538999999968,0.042981402765999766
283249673,51.5108085,0.0305675,1,,,POINT (0.0305675 51.5108085),55,65,5565,51.510628545500005,0.030164720999999957,0.03431269055260032
618582677,51.5112024,0.0389361,1,,,POINT (0.0389361 51.5112024),55,66,5566,51.510628545500005,0.038408902999999946,0.07350351877315175
245801771,51.5106416,0.0458613,1,,,POINT (0.0458613 51.5106416),55,67,5567,51.510628545500005,0.046653084999999934,0.05481416286123401
240252181,51.5107653,0.0553767,3,crossing,,POINT (0.0553767 51.5107653),55,68,5568,51.510628545500005,0.05489726699999992,0.03649748951891723
21641764,51.5103247,0.0637377,1,,,POINT (0.0637377 51.5103247),55,69,5569,51.510628545500005,0.0631414489999999,0.053330646204731845
9320969715,51.5116276,0.0696026,1,,,POINT (0.0696026 51.5116276),55,70,5570,51.510628545500005,0.071385631,0.166031783913691
135508126,51.5108248,0.0795392,3,,,POINT (0.0795392 51.5108248),55,71,5571,51.510628545500005,0.079629813,0.022705607689688073
35128020,51.5098675,0.1134893,1,,,POINT (0.1134893 51.5098675),55,75,5575,51.510628545500005,0.11260654099999995,0.10437159484075945
36120309,51.5109834,0.1210902,1,,,POINT (0.1210902 51.5109834),55,76,5576,51.510628545500005,0.12085072299999994,0.04279710709627632
35486893,51.5104903,0.1294643,3,,,POINT (0.1294643 51.5104903),55,77,5577,51.510628545500005,0.12909490499999993,0.029829697321367855
517923509,51.5103111,0.178713,3,,,POINT (0.178713 51.5103111),55,83,5583,51.510628545500005,0.17855999699999997,0.03685225232480371
191081678,51.5114727,0.1840791,3,,,POINT (0.1840791 51.5114727),55,84,5584,51.510628545500005,0.18680417899999996,0.2106543671938421
210555,51.5107376,0.1921056,3,,,POINT (0.1921056 51.5107376),55,85,5585,51.510628545500005,0.19504836099999995,0.20401225311124013
26243104,51.5108554,0.2024578,3,,,POINT (0.2024578 51.5108554),55,86,5586,51.510628545500005,0.20329254299999994,0.06303498431444315
2540786476,51.5087124,0.2100388,3,,,POINT (0.2100388 51.5087124),55,87,5587,51.510628545500005,0.21153672499999993,0.2369460302953985
206170827,51.5116256,0.2222762,4,,,POINT (0.2222762 51.5116256),55,88,5588,51.510628545500005,0.21978090699999991,0.20520979769786774
3589371083,51.5154669,-0.4788907,3,,,POINT (-0.4788907 51.5154669),56,3,5603,51.5145603265,-0.48097456299999997,0.17594066744776385
254577539,51.5135824,-0.4730903,3,,,POINT (-0.4730903 51.5135824),56,4,5604,51.5145603265,-0.472730381,0.11155626878749805
449336065,51.5144267,-0.4645247,1,,,POINT (-0.4645247 51.5144267),56,5,5605,51.5145603265,-0.464486199,0.01509555153998621
1522785,51.5141164,-0.4504817,3,motorway_junction,,POINT (-0.4504817 51.5141164),56,7,5607,51.5145603265,-0.447997835,0.1788279855208748
249081133,51.5148403,-0.4377514,3,,,POINT (-0.4377514 51.5148403),56,8,5608,51.5145603265,-0.43975365299999997,0.14200664085305256
249080642,51.5144735,-0.4305701,3,,,POINT (-0.4305701 51.5144735),56,9,5609,51.5145603265,-0.431509471,0.06571606333765073
6303024823,51.5146926,-0.4228964,1,,,POINT (-0.4228964 51.5146926),56,10,5610,51.5145603265,-0.423265289,0.029460657171956315
248967500,51.5142917,-0.4150147,3,,,POINT (-0.4150147 51.5142917),56,11,5611,51.5145603265,-0.415021107,0.02987319411315351
248970610,51.5150102,-0.4077001,3,,,POINT (-0.4077001 51.5150102),56,12,5612,51.5145603265,-0.406776925,0.0811372875358271
2573438667,51.5152972,-0.3970174,3,,,POINT (-0.3970174 51.5152972),56,13,5613,51.5145603265,-0.398532743,0.13307474492911087
571513780,51.5148233,-0.3900449,1,,,POINT (-0.3900449 51.5148233),56,14,5614,51.5145603265,-0.39028856100000003,0.03375417586970893
2050243272,51.5147254,-0.3814646,1,,,POINT (-0.3814646 51.5147254),56,15,5615,51.5145603265,-0.382044379,0.04411923605478651
71131983,51.5138177,-0.3742969,3,,,POINT (-0.3742969 51.5138177),56,16,5616,51.5145603265,-0.373800197,0.08944401659687841
71064723,51.5151254,-0.3664017,3,,,POINT (-0.3664017 51.5151254),56,17,5617,51.5145603265,-0.365556015,0.08586369045529497
567568632,51.5154452,-0.3562529,3,,,POINT (-0.3562529 51.5154452),56,18,5618,51.5145603265,-0.35731183299999997,0.1226808831743628
32548291,51.5136076,-0.3476882,1,,,POINT (-0.3476882 51.5136076),56,19,5619,51.5145603265,-0.349067651,0.14260057130159512
36681791,51.5148011,-0.3402229,3,,,POINT (-0.3402229 51.5148011),56,20,5620,51.5145603265,-0.340823469,0.04943554028198237
1252862,51.5138212,-0.3318964,3,,,POINT (-0.3318964 51.5138212),56,21,5621,51.5145603265,-0.332579287,0.09480380204698968
251286246,51.5151421,-0.3242752,1,,,POINT (-0.3242752 51.5151421),56,22,5622,51.5145603265,-0.324335105,0.06482293939753103
573450040,51.5145568,-0.3159268,3,,,POINT (-0.3159268 51.5145568),56,23,5623,51.5145603265,-0.316090923,0.011363809236850406
25211185,51.5150021,-0.3081427,3,,,POINT (-0.3081427 51.5150021),56,24,5624,51.5145603265,-0.30784674100000003,0.053221119798228404
224777,51.5138545,-0.2990068,3,,,POINT (-0.2990068 51.5138545),56,25,5625,51.5145603265,-0.29960255900000005,0.08865303719521961
2163568777,51.5142357,-0.2915939,1,,,POINT (-0.2915939 51.5142357),56,26,5626,51.5145603265,-0.291358377,0.03960556398578506
287905412,51.5143893,-0.2837179,3,,,POINT (-0.2837179 51.5143893),56,27,5627,51.5145603265,-0.283114195,0.04590040074175059
7414137845,51.5140986,-0.2737588,1,,,POINT (-0.2737588 51.5140986),56,28,5628,51.5145603265,-0.274870013,0.09245933358530632
71549063,51.5145068,-0.2664193,3,,,POINT (-0.2664193 51.5145068),56,29,5629,51.5145603265,-0.266625831,0.015481441508181266
68385636,51.5148525,-0.2589697,3,,,POINT (-0.2589697 51.5148525),56,30,5630,51.5145603265,-0.258381649,0.052070386473890416
197402,51.514782,-0.2506374,3,,,POINT (-0.2506374 51.514782),56,31,5631,51.5145603265,-0.250137467,0.04247761793628314
185761002,51.5143397,-0.2424465,3,,,POINT (-0.2424465 51.5143397),56,32,5632,51.5145603265,-0.241893285,0.04546791536163127
197442,51.5146236,-0.2333585,3,,,POINT (-0.2333585 51.5146236),56,33,5633,51.5145603265,-0.23364910300000002,0.021304513429343908
1117582902,51.5148607,-0.2259825,3,,,POINT (-0.2259825 51.5148607),56,34,5634,51.5145603265,-0.22540492100000004,0.05208600930998863
391657128,51.5142668,-0.2171168,1,,,POINT (-0.2171168 51.5142668),56,35,5635,51.5145603265,-0.217160739,0.03277997423890152
33043191,51.5148893,-0.2090933,3,,,POINT (-0.2090933 51.5148893),56,36,5636,51.5145603265,-0.208916557,0.03857057987021448
26373710,51.5143934,-0.2002432,4,,,POINT (-0.2002432 51.5143934),56,37,5637,51.5145603265,-0.20067237500000001,0.03502158357961194
26819378,51.5143806,-0.1926628,1,,,POINT (-0.1926628 51.5143806),56,38,5638,51.5145603265,-0.19242819300000003,0.025747710554529946
26373346,51.5143885,-0.1839516,3,,,POINT (-0.1839516 51.5143885),56,39,5639,51.5145603265,-0.18418401100000004,0.02497387954726857
1635952411,51.514843,-0.1758651,3,,,POINT (-0.1758651 51.514843),56,40,5640,51.5145603265,-0.175939829,0.03185438934486881
29931953,51.5148375,-0.1676802,3,,,POINT (-0.1676802 51.5148375),56,41,5641,51.5145603265,-0.167695647,0.03083881719311603
275415,51.5145425,-0.1595169,4,crossing,,POINT (-0.1595169 51.5145425),56,42,5642,51.5145603265,-0.15945146500000001,0.004942865688217218
25532329,51.5148802,-0.1510478,1,,,POINT (-0.1510478 51.5148802),56,43,5643,51.5145603265,-0.15120728300000003,0.0372410563676201
25529871,51.5145644,-0.1422803,3,,,POINT (-0.1422803 51.5145644),56,44,5644,51.5145603265,-0.14296310100000004,0.04725087330948069
25501016,51.5148023,-0.1350013,3,,,POINT (-0.1350013 51.5148023),56,45,5645,51.5145603265,-0.13471891900000005,0.033253064083309324
1694551549,51.5144162,-0.1257538,4,,,POINT (-0.1257538 51.5144162),56,46,5646,51.5145603265,-0.126474737,0.05239869073186724
281454961,51.5147236,-0.1186063,3,,,POINT (-0.1186063 51.5147236),56,47,5647,51.5145603265,-0.11823055500000001,0.03171209444974364
21583363,51.5140174,-0.1117573,1,,,POINT (-0.1117573 51.5140174),56,48,5648,51.5145603265,-0.10998637300000003,0.13660940925774756
9021491075,51.5157151,-0.0756909,1,,,POINT (-0.0756909 51.5157151),56,52,5652,51.5145603265,-0.07700964500000002,0.15752807021457718
11103901124,51.5149686,-0.0685837,4,crossing,,POINT (-0.0685837 51.5149686),56,53,5653,51.5145603265,-0.06876546300000003,0.04710806991018445
41608094,51.514499,-0.0603622,1,,,POINT (-0.0603622 51.514499),56,54,5654,51.5145603265,-0.06052128100000003,0.01294916243774094
1978736930,51.5141426,-0.0528104,3,,,POINT (-0.0528104 51.5141426),56,55,5655,51.5145603265,-0.05227709900000004,0.05932453465640555
27091347,51.514277,-0.0440259,3,,,POINT (-0.0440259 51.514277),56,56,5656,51.5145603265,-0.04403291700000005,0.03150821108647517
27079766,51.514879,-0.0360164,3,,,POINT (-0.0360164 51.514879),56,57,5657,51.5145603265,-0.03578873500000001,0.038779100068398416
648169307,51.515077,-0.0273932,3,mini_roundabout,,POINT (-0.0273932 51.515077),56,58,5658,51.5145603265,-0.02754455300000002,0.05839830506962
18066038,51.5148487,-0.0195852,3,,,POINT (-0.0195852 51.5148487),56,59,5659,51.5145603265,-0.01930037100000003,0.0376387688816626
255879976,51.5150371,-0.0107799,3,,,POINT (-0.0107799 51.5150371),56,60,5660,51.5145603265,-0.011056189000000044,0.05635681816119541
1693935654,51.514493,-0.0035714,3,,,POINT (-0.0035714 51.514493),56,61,5661,51.5145603265,-0.002812007,0.053079377361435476
11231230714,51.514894,0.0054345,3,,,POINT (0.0054345 51.514894),56,62,5662,51.5145603265,0.005432174999999989,0.037103149170448
282115961,51.5146909,0.0135626,3,,,POINT (0.0135626 51.5146909),56,63,5663,51.5145603265,0.013676356999999978,0.016515737567044556
250687362,51.5143219,0.021466,3,,,POINT (0.021466 51.5143219),56,64,5664,51.5145603265,0.021920538999999968,0.04113629606213065
11037253031,51.5146751,0.0299314,3,,,POINT (0.0299314 51.5146751),56,65,5665,51.5145603265,0.030164720999999957,0.020580300118220166
282215938,51.5150021,0.0390546,1,,,POINT (0.0390546 51.5150021),56,66,5666,51.5145603265,0.038408902999999946,0.06640371858947794
240241900,51.5142408,0.0466343,3,,,POINT (0.0466343 51.5142408),56,67,5667,51.5145603265,0.046653084999999934,0.03555349685961845
240244047,51.5149735,0.0547972,1,,,POINT (0.0547972 51.5149735),56,68,5668,51.5145603265,0.05489726699999992,0.04646168819245881
21641854,51.5141326,0.0632217,3,,,POINT (0.0632217 51.5141326),56,69,5669,51.5145603265,0.0631414489999999,0.04788412105187022
8192419718,51.5147251,0.0711238,3,,,POINT (0.0711238 51.5147251),56,70,5670,51.5145603265,0.071385631,0.025767528213242713
1832108963,51.5152055,0.0785457,3,,,POINT (0.0785457 51.5152055),56,71,5671,51.5145603265,0.079629813,0.10379969246891523
1126782130,51.5155689,0.1044559,3,,,POINT (0.1044559 51.5155689),56,74,5674,51.5145603265,0.10436235899999996,0.11233489524507463
36121107,51.5127547,0.1279469,3,,,POINT (0.1279469 51.5127547),56,77,5677,51.5145603265,0.12909490499999993,0.215921693905449
1470618385,51.5157386,0.1470359,1,,,POINT (0.1470359 51.5157386),56,79,5679,51.5145603265,0.1455832689999999,0.16513530426731055
132507,51.514207,0.1789998,3,,,POINT (0.1789998 51.514207),56,83,5683,51.5145603265,0.17855999699999997,0.04969677791952742
191084152,51.5151675,0.1890453,3,,,POINT (0.1890453 51.5151675),56,84,5684,51.5145603265,0.18680417899999996,0.1691398599361527
26243147,51.5149092,0.1953031,3,,,POINT (0.1953031 51.5149092),56,85,5685,51.5145603265,0.19504836099999995,0.04261010499995035
26243121,51.5143438,0.2017109,3,,,POINT (0.2017109 51.5143438),56,86,5686,51.5145603265,0.20329254299999994,0.1120643004571969
27534790,51.512726,0.2208342,3,,,POINT (0.2208342 51.512726),56,88,5688,51.5145603265,0.21978090699999991,0.21659978548359382
26604073,51.5187336,-0.4881853,3,,,POINT (-0.4881853 51.5187336),57,2,5702,51.5184921075,-0.489218745,0.07638209732119466
900300590,51.5187436,-0.4786398,3,,,POINT (-0.4786398 51.5187436),57,3,5703,51.5184921075,-0.48097456299999997,0.16394991288304817
254583839,51.5180853,-0.4709922,1,,,POINT (-0.4709922 51.5180853),57,4,5704,51.5184921075,-0.472730381,0.1284948694225851
254568077,51.5187486,-0.4644369,3,,,POINT (-0.4644369 51.5187486),57,5,5705,51.5184921075,-0.464486199,0.02872392656018208
1451683496,51.5185007,-0.4568229,3,,,POINT (-0.4568229 51.5185007),57,6,5706,51.5184921075,-0.456242017,0.04020402778712464
6471649985,51.518192,-0.4471485,3,,,POINT (-0.4471485 51.518192),57,7,5707,51.5184921075,-0.447997835,0.0675812743711545
249087331,51.517966,-0.4391881,3,,,POINT (-0.4391881 51.517966),57,8,5708,51.5184921075,-0.43975365299999997,0.0703820612238494
249086446,51.5182973,-0.431332,1,,,POINT (-0.431332 51.5182973),57,9,5709,51.5184921075,-0.431509471,0.02490010809619339
249088554,51.5191363,-0.4236436,3,,,POINT (-0.4236436 51.5191363),57,10,5710,51.5184921075,-0.423265289,0.07626386436207959
249088779,51.518803,-0.4148951,1,,,POINT (-0.4148951 51.518803),57,11,5711,51.5184921075,-0.415021107,0.03565217564813438
893638669,51.5188795,-0.4062857,3,,,POINT (-0.4062857 51.5188795),57,12,5712,51.5184921075,-0.406776925,0.05487069187869532
291934953,51.5187363,-0.3980872,1,,,POINT (-0.3980872 51.5187363),57,13,5713,51.5184921075,-0.398532743,0.041081081197546096
291937192,51.5173316,-0.3905941,1,,,POINT (-0.3905941 51.5173316),57,14,5714,51.5184921075,-0.39028856100000003,0.13076287999312133
290994629,51.5170443,-0.3826323,1,,,POINT (-0.3826323 51.5170443),57,15,5715,51.5184921075,-0.382044379,0.1660490776693193
71127461,51.5190511,-0.3735256,3,,,POINT (-0.3735256 51.5190511),57,16,5716,51.5184921075,-0.373800197,0.06499619325164395
444768772,51.5185575,-0.3641268,1,,,POINT (-0.3641268 51.5185575),57,17,5717,51.5184921075,-0.365556015,0.09915768083759954
778130586,51.5184635,-0.3577197,3,,,POINT (-0.3577197 51.5184635),57,18,5718,51.5184921075,-0.35731183299999997,0.028400007554405842
2117994613,51.5194017,-0.347371,3,,,POINT (-0.347371 51.5194017),57,19,5719,51.5184921075,-0.349067651,0.154955169305657
32551152,51.5185979,-0.3404918,1,,,POINT (-0.3404918 51.5185979),57,20,5720,51.5184921075,-0.340823469,0.025788290189432284
25257931,51.518864,-0.3319035,4,,,POINT (-0.3319035 51.518864),57,21,5721,51.5184921075,-0.332579287,0.062421546209492314
32654953,51.518472,-0.3241364,3,,,POINT (-0.3241364 51.518472),57,22,5722,51.5184921075,-0.324335105,0.013929486448003348
42094330,51.5187087,-0.3163505,3,,,POINT (-0.3163505 51.5187087),57,23,5723,51.5184921075,-0.316090923,0.030043725707496572
27410061,51.5193221,-0.3084932,3,,,POINT (-0.3084932 51.5193221),57,24,5724,51.5184921075,-0.30784674100000003,0.10255905667254558
27409613,51.5183125,-0.2997037,4,,,POINT (-0.2997037 51.5183125),57,25,5725,51.5184921075,-0.29960255900000005,0.021162073004918902
234226,51.5185119,-0.2910916,1,,,POINT (-0.2910916 51.5185119),57,26,5726,51.5184921075,-0.291358377,0.018589668707656288
254686023,51.5178481,-0.2830096,3,,,POINT (-0.2830096 51.5178481),57,27,5727,51.5184921075,-0.283114195,0.07197514913194801
519128,51.5184904,-0.2754297,4,,,POINT (-0.2754297 51.5184904),57,28,5728,51.5184921075,-0.274870013,0.03872654148584147
71010782,51.5181358,-0.2660342,3,,,POINT (-0.2660342 51.5181358),57,29,5729,51.5184921075,-0.266625831,0.05696937800727386
71000031,51.5185865,-0.258092,1,,,POINT (-0.258092 51.5185865),57,30,5730,51.5184921075,-0.258381649,0.022623579677237226
70983471,51.517793,-0.2503084,3,,,POINT (-0.2503084 51.517793),57,31,5731,51.5184921075,-0.250137467,0.07863179783229397
26198788,51.5174819,-0.2432791,3,,,POINT (-0.2432791 51.5174819),57,32,5732,51.5184921075,-0.241893285,0.14769122763043738
715646804,51.5187412,-0.2250337,3,,,POINT (-0.2250337 51.5187412),57,34,5734,51.5184921075,-0.22540492100000004,0.03777458274824494
3181698972,51.5186862,-0.2167196,3,,,POINT (-0.2167196 51.5186862),57,35,5735,51.5184921075,-0.217160739,0.03738267727927561
353905944,51.518368,-0.2099427,3,,,POINT (-0.2099427 51.518368),57,36,5736,51.5184921075,-0.208916557,0.07233006533641761
254754670,51.5180724,-0.2004749,3,,,POINT (-0.2004749 51.5180724),57,37,5737,51.5184921075,-0.20067237500000001,0.04862846831762066
255678190,51.5181539,-0.1930291,3,,,POINT (-0.1930291 51.5181539),57,38,5738,51.5184921075,-0.19242819300000003,0.05606283639357763
521681974,51.5178314,-0.1843626,3,,,POINT (-0.1843626 51.5178314),57,39,5739,51.5184921075,-0.18418401100000004,0.07449929538448354
508588534,51.518777,-0.1757476,3,,,POINT (-0.1757476 51.518777),57,40,5740,51.5184921075,-0.175939829,0.03435758186624595
7934609077,51.5185627,-0.1680749,3,,,POINT (-0.1680749 51.5185627),57,41,5741,51.5184921075,-0.167695647,0.027390253990668575
25473503,51.5188997,-0.1595456,3,,,POINT (-0.1595456 51.5188997),57,42,5742,51.5184921075,-0.15945146500000001,0.045787856227687954
1619527499,51.5183811,-0.1515661,3,,,POINT (-0.1515661 51.5183811),57,43,5743,51.5184921075,-0.15120728300000003,0.027726569690617372
591983334,51.518451,-0.142545,1,,,POINT (-0.142545 51.518451),57,44,5744,51.5184921075,-0.14296310100000004,0.02928830244595478
194250,51.5184705,-0.1347409,3,,,POINT (-0.1347409 51.5184705),57,45,5745,51.5184921075,-0.13471891900000005,0.002843570244871705
107852,51.5182278,-0.1261146,3,,,POINT (-0.1261146 51.5182278),57,46,5746,51.5184921075,-0.126474737,0.0385317883664186
11544697,51.5185247,-0.1184183,3,,,POINT (-0.1184183 51.5185247),57,47,5747,51.5184921075,-0.11823055500000001,0.013486579448979614
21565338,51.5181342,-0.1106341,4,,,POINT (-0.1106341 51.5181342),57,48,5748,51.5184921075,-0.10998637300000003,0.05993737876459327
108553,51.5196551,-0.1018784,3,,,POINT (-0.1018784 51.5196551),57,49,5749,51.5184921075,-0.10174219100000004,0.12966183061149775
2940401398,51.5199949,-0.0899718,2,,,POINT (-0.0899718 51.5199949),57,50,5750,51.5184921075,-0.09349800900000005,0.29572110163486925
806373528,51.5196369,-0.085772,1,,,POINT (-0.085772 51.5196369),57,51,5751,51.5184921075,-0.085253827,0.13224786215550366
249482933,51.5183515,-0.0771705,3,,,POINT (-0.0771705 51.5183515),57,52,5752,51.5184921075,-0.07700964500000002,0.01919177411379292
1691233297,51.5186284,-0.0691088,3,,,POINT (-0.0691088 51.5186284),57,53,5753,51.5184921075,-0.06876546300000003,0.028178633101884624
6631996470,51.5188505,-0.0609212,2,,,POINT (-0.0609212 51.5188505),57,54,5754,51.5184921075,-0.06052128100000003,0.0485163243241359
27489836,51.518629,-0.0529492,3,,,POINT (-0.0529492 51.518629),57,55,5755,51.5184921075,-0.05227709900000004,0.04893201520997116
60277062,51.5185774,-0.0445345,1,,,POINT (-0.0445345 51.5185774),57,56,5756,51.5184921075,-0.04403291700000005,0.035978227599549384
108725,51.5183156,-0.0360418,3,,,POINT (-0.0360418 51.5183156),57,57,5757,51.5184921075,-0.03578873500000001,0.026302397037126186
662047863,51.5188266,-0.0277931,1,,,POINT (-0.0277931 51.5188266),57,58,5758,51.5184921075,-0.02754455300000002,0.04097728312828586
255880448,51.518692,-0.0195912,1,,,POINT (-0.0195912 51.518692),57,59,5759,51.5184921075,-0.01930037100000003,0.029983001129715803
248948335,51.5190494,-0.0115989,3,,,POINT (-0.0115989 51.5190494),57,60,5760,51.5184921075,-0.011056189000000044,0.0724578536637326
2295723265,51.5192475,-0.0017108,3,,,POINT (-0.0017108 51.5192475),57,61,5761,51.5184921075,-0.002812007,0.11340590223525396
126603313,51.5183713,0.0053422,1,,,POINT (0.0053422 51.5183713),57,62,5762,51.5184921075,0.005432174999999989,0.014805686670614934
2242683906,51.5181605,0.0134415,4,,,POINT (0.0134415 51.5181605),57,63,5763,51.5184921075,0.013676356999999978,0.040295136951404256
130186473,51.5182429,0.0229059,3,,,POINT (0.0229059 51.5182429),57,64,5764,51.5184921075,0.021920538999999968,0.0735958135124475
130186087,51.5183166,0.029286,3,,,POINT (0.029286 51.5183166),57,65,5765,51.5184921075,0.030164720999999957,0.06385614767513147
664486024,51.5184122,0.0381985,3,,,POINT (0.0381985 51.5184122),57,66,5766,51.5184921075,0.038408902999999946,0.0170555774042169
8543002347,51.519009,0.0469613,1,,,POINT (0.0469613 51.519009),57,67,5767,51.5184921075,0.046653084999999934,0.06130472190980302
169623286,51.518271,0.0545705,3,,,POINT (0.0545705 51.518271),57,68,5768,51.5184921075,0.05489726699999992,0.03340176491010286
250702124,51.5178148,0.0622272,3,,,POINT (0.0622272 51.5178148),57,69,5769,51.5184921075,0.0631414489999999,0.0983556830996087
250702078,51.5165945,0.071276,1,,,POINT (0.071276 51.5165945),57,70,5770,51.5184921075,0.071385631,0.21114064054352633
1126782128,51.5178567,0.1037178,1,,,POINT (0.1037178 51.5178567),57,74,5774,51.5184921075,0.10436235899999996,0.08355274241430051
5071594706,51.5181392,0.1116397,3,,,POINT (0.1116397 51.5181392),57,75,5775,51.5184921075,0.11260654099999995,0.07755822452431971
9664703155,51.5201948,0.1199548,1,,,POINT (0.1199548 51.5201948),57,76,5776,51.5184921075,0.12085072299999994,0.1992206953965299
195817792,51.5169583,0.1465387,1,,,POINT (0.1465387 51.5169583),57,79,5779,51.5184921075,0.1455832689999999,0.1829162084862995
195822273,51.5200133,0.1499977,1,,,POINT (0.1499977 51.5200133),57,80,5780,51.5184921075,0.153827451,0.31436997492949054
191074506,51.5190271,0.1688437,3,,,POINT (0.1688437 51.5190271),57,82,5782,51.5184921075,0.17031581499999998,0.11795778221862985
1928571195,51.5183806,0.186789,1,,,POINT (0.186789 51.5183806),57,84,5784,51.5184921075,0.18680417899999996,0.01244347083540067
191085410,51.5191693,0.194905,3,,,POINT (0.194905 51.5191693),57,85,5785,51.5184921075,0.19504836099999995,0.07595090894860998
7882304003,51.5187944,0.2035722,1,,,POINT (0.2035722 51.5187944),57,86,5786,51.5184921075,0.20329254299999994,0.038785117237174996
4528717026,51.5187211,0.2102623,1,,,POINT (0.2102623 51.5187211),57,87,5787,51.5184921075,0.21153672499999993,0.0917829809072766
254579485,51.5219386,-0.4812479,3,,,POINT (-0.4812479 51.5219386),58,3,5803,51.52242388850001,-0.48097456299999997,0.05717948772858727
900300603,51.5215359,-0.4747666,1,,,POINT (-0.4747666 51.5215359),58,4,5804,51.52242388850001,-0.472730381,0.17203702887118913
254567978,51.521898,-0.4646238,1,,,POINT (-0.4646238 51.521898),58,5,5805,51.52242388850001,-0.464486199,0.05924602820537375
249187382,51.5221725,-0.4563579,3,,,POINT (-0.4563579 51.5221725),58,6,5806,51.52242388850001,-0.456242017,0.029080205603714958
11361661696,51.5227293,-0.4479055,3,,,POINT (-0.4479055 51.5227293),58,7,5807,51.52242388850001,-0.447997835,0.034555842690875256
249087690,51.5222694,-0.4394525,3,,,POINT (-0.4394525 51.5222694),58,8,5808,51.52242388850001,-0.43975365299999997,0.027004127179170327
249086518,51.5221309,-0.4314764,3,,,POINT (-0.4314764 51.5221309),58,9,5809,51.52242388850001,-0.431509471,0.032659083630848795
249088015,51.5223323,-0.4238453,1,turning_loop,,POINT (-0.4238453 51.5223323),58,10,5810,51.52242388850001,-0.423265289,0.04140105590687381
7916380056,51.5223767,-0.4155069,1,,,POINT (-0.4155069 51.5223767),58,11,5811,51.52242388850001,-0.415021107,0.03401740479752996
68267674,51.5222165,-0.4071601,3,,,POINT (-0.4071601 51.5222165),58,12,5812,51.52242388850001,-0.406776925,0.03513685808461493
68268908,51.5229321,-0.3987658,1,,,POINT (-0.3987658 51.5229321),58,13,5813,51.52242388850001,-0.398532743,0.05876592372765364
8040911426,51.5223579,-0.3905942,1,,,POINT (-0.3905942 51.5223579),58,14,5814,51.52242388850001,-0.39028856100000003,0.02238295880659771
25446763,51.522683,-0.3817256,3,,,POINT (-0.3817256 51.522683),58,15,5815,51.52242388850001,-0.382044379,0.03628432964679758
71118803,51.5226731,-0.3734733,1,turning_circle,,POINT (-0.3734733 51.5226731),58,16,5816,51.52242388850001,-0.373800197,0.0357689904353978
25446588,51.5224871,-0.3648933,3,,,POINT (-0.3648933 51.5224871),58,17,5817,51.52242388850001,-0.365556015,0.0463864558681505
3340672201,51.5243249,-0.3578417,3,,,POINT (-0.3578417 51.5243249),58,18,5818,51.52242388850001,-0.35731183299999997,0.21453804400337312
32551192,51.5225552,-0.3462694,3,,,POINT (-0.3462694 51.5225552),58,19,5819,51.52242388850001,-0.349067651,0.19415047349133221
26723070,51.5226424,-0.3403547,3,,,POINT (-0.3403547 51.5226424),58,20,5820,51.52242388850001,-0.340823469,0.04052431954206278
32552181,51.5217786,-0.3324297,3,,,POINT (-0.3324297 51.5217786),58,21,5821,51.52242388850001,-0.332579287,0.07249535640929564
573239623,51.5221633,-0.3252267,1,,,POINT (-0.3252267 51.5221633),58,22,5822,51.52242388850001,-0.324335105,0.06815299820733847
25441081,51.5221218,-0.3160495,3,,,POINT (-0.3160495 51.5221218),58,23,5823,51.52242388850001,-0.316090923,0.033712745218645444
234251,51.5228276,-0.3084319,4,,,POINT (-0.3084319 51.5228276),58,24,5824,51.52242388850001,-0.30784674100000003,0.060449953768457826
6621898394,51.5221863,-0.2991406,1,,,POINT (-0.2991406 51.5221863),58,25,5825,51.52242388850001,-0.29960255900000005,0.04146653180967064
774483306,51.5222289,-0.2915537,3,,,POINT (-0.2915537 51.5222289),58,26,5826,51.52242388850001,-0.291358377,0.025548351673791245
71051321,51.5223277,-0.2846204,3,,,POINT (-0.2846204 51.5223277),58,27,5827,51.52242388850001,-0.283114195,0.10475646746629216
519132,51.5231264,-0.2752176,3,,,POINT (-0.2752176 51.5231264),58,28,5828,51.52242388850001,-0.274870013,0.08173357004740084
71022399,51.5230028,-0.2672399,3,,,POINT (-0.2672399 51.5230028),58,29,5829,51.52242388850001,-0.266625831,0.07712800254108917
250802184,51.5226049,-0.2582751,3,,,POINT (-0.2582751 51.5226049),58,30,5830,51.52242388850001,-0.258381649,0.021435042805593375
70994944,51.5240292,-0.2531512,3,,,POINT (-0.2531512 51.5240292),58,31,5831,51.52242388850001,-0.250137467,0.2744772471712234
27481727,51.5221237,-0.2252852,3,,,POINT (-0.2252852 51.5221237),58,34,5834,51.52242388850001,-0.22540492100000004,0.03439180901435538
254760545,51.5225582,-0.2162154,3,,,POINT (-0.2162154 51.5225582),58,35,5835,51.52242388850001,-0.217160739,0.06708798038671966
6767804662,51.5226471,-0.2086801,3,,,POINT (-0.2086801 51.5226471),58,36,5836,51.52242388850001,-0.208916557,0.0297265412092588
182214680,51.5221537,-0.2013915,3,,,POINT (-0.2013915 51.5221537),58,37,5837,51.52242388850001,-0.20067237500000001,0.05812108157885503
1689262025,51.5226906,-0.1934235,3,,,POINT (-0.1934235 51.5226906),58,38,5838,51.52242388850001,-0.19242819300000003,0.07497628655931875
1675543410,51.5225694,-0.1849487,3,,,POINT (-0.1849487 51.5225694),58,39,5839,51.52242388850001,-0.18418401100000004,0.05532487417636183
27334932,51.5226257,-0.1753261,3,,,POINT (-0.1753261 51.5226257),58,40,5840,51.52242388850001,-0.175939829,0.048026664762495654
34993037,51.5225304,-0.167901,3,,,POINT (-0.167901 51.5225304),58,41,5841,51.52242388850001,-0.167695647,0.0184966443710905
26817585,51.522814,-0.1594474,3,,,POINT (-0.1594474 51.522814),58,42,5842,51.52242388850001,-0.15945146500000001,0.04337933132172724
21651767,51.521962,-0.1515716,3,,,POINT (-0.1515716 51.521962),58,43,5843,51.52242388850001,-0.15120728300000003,0.05721147127201883
21544863,51.5220998,-0.1428972,4,,,POINT (-0.1428972 51.5220998),58,44,5844,51.52242388850001,-0.14296310100000004,0.03632428821750116
5073212623,51.5225137,-0.1346263,1,,,POINT (-0.1346263 51.5225137),58,45,5845,51.52242388850001,-0.13471891900000005,0.0118656611846573
107999,51.5223638,-0.1268737,3,,,POINT (-0.1268737 51.5223638),58,46,5846,51.52242388850001,-0.126474737,0.028399989325080446
12026764,51.5223634,-0.1187753,4,,,POINT (-0.1187753 51.5223634),58,47,5847,51.52242388850001,-0.11823055500000001,0.03828443573325658
6489549438,51.5222508,-0.1102919,1,,,POINT (-0.1102919 51.5222508),58,48,5848,51.52242388850001,-0.10998637300000003,0.028587764062584262
108396,51.5225292,-0.1020692,4,,,POINT (-0.1020692 51.5225292),58,49,5849,51.52242388850001,-0.10174219100000004,0.025475416992415276
25438351,51.5224133,-0.0926839,3,,,POINT (-0.0926839 51.5224133),58,50,5850,51.52242388850001,-0.09349800900000005,0.05633758682312842
10676798,51.5220933,-0.0845367,4,,,POINT (-0.0845367 51.5220933),58,51,5851,51.52242388850001,-0.085253827,0.0617494129290285
50116784,51.5227452,-0.0774109,3,,,POINT (-0.0774109 51.5227452),58,52,5852,51.52242388850001,-0.07700964500000002,0.04524593141925113
1490781225,51.5227402,-0.0681999,1,,,POINT (-0.0681999 51.5227402),58,53,5853,51.52242388850001,-0.06876546300000003,0.05261345165652753
142392409,51.5229234,-0.0603108,4,,,POINT (-0.0603108 51.5229234),58,54,5854,51.52242388850001,-0.06052128100000003,0.05742040384275396
32549828,51.5229039,-0.0520665,3,,,POINT (-0.0520665 51.5229039),58,55,5855,51.52242388850001,-0.05227709900000004,0.05532787468710183
96112224,51.5221996,-0.0443065,3,,,POINT (-0.0443065 51.5221996),58,56,5856,51.52242388850001,-0.04403291700000005,0.031309267729407515
27078286,51.5228125,-0.0366372,1,,,POINT (-0.0366372 51.5228125),58,57,5857,51.52242388850001,-0.03578873500000001,0.0728914863722315
160411790,51.5217154,-0.0288224,3,,,POINT (-0.0288224 51.5217154),58,58,5858,51.52242388850001,-0.02754455300000002,0.11841759251091286
129996524,51.5222622,-0.0182065,3,mini_roundabout,,POINT (-0.0182065 51.5222622),58,59,5859,51.52242388850001,-0.01930037100000003,0.07778738274121819
126591033,51.5223313,-0.0109067,1,,,POINT (-0.0109067 51.5223313),58,60,5860,51.52242388850001,-0.011056189000000044,0.014593299966415944
126586310,51.522268,-0.0042242,3,,,POINT (-0.0042242 51.522268),58,61,5861,51.52242388850001,-0.002812007,0.09923044564409571
126583881,51.5229423,0.0046938,3,,,POINT (0.0046938 51.5229423),58,62,5862,51.52242388850001,0.005432174999999989,0.0770234681293187
429640025,51.5221873,0.0132796,3,,,POINT (0.0132796 51.5221873),58,63,5863,51.52242388850001,0.013676356999999978,0.03802102503970753
1183708428,51.5224974,0.0219415,1,,,POINT (0.0219415 51.5224974),58,64,5864,51.52242388850001,0.021920538999999968,0.008301754648072633
360985541,51.5228869,0.0308022,3,,,POINT (0.0308022 51.5228869),58,65,5865,51.52242388850001,0.030164720999999957,0.06779290197423528
366730381,51.5218852,0.0394269,1,,,POINT (0.0394269 51.5218852),58,66,5866,51.52242388850001,0.038408902999999946,0.0924586608835833
618264914,51.5231054,0.0472144,1,,,POINT (0.0472144 51.5231054),58,67,5867,51.52242388850001,0.046653084999999934,0.08515201560189083
21643450,51.5227085,0.0541539,3,,,POINT (0.0541539 51.5227085),58,68,5868,51.52242388850001,0.05489726699999992,0.060387706591775
117862126,51.5224892,0.0630239,1,turning_circle,,POINT (0.0630239 51.5224892),58,69,5869,51.52242388850001,0.0631414489999999,0.010903363441773077
2518890251,51.5222896,0.0718707,4,,,POINT (0.0718707 51.5222896),58,70,5870,51.52242388850001,0.071385631,0.03673226993368055
1519868015,51.523118,0.0797371,1,,,POINT (0.0797371 51.523118),58,71,5871,51.52242388850001,0.079629813,0.0775377873279441
195874131,51.5214152,0.0967661,3,,,POINT (0.0967661 51.5214152),58,73,5873,51.52242388850001,0.09611817699999997,0.12078760600432562
2152095483,51.5227612,0.1044885,3,,,POINT (0.1044885 51.5227612),58,74,5874,51.52242388850001,0.10436235899999996,0.03850926918075583
670331981,51.5225471,0.1124438,3,,,POINT (0.1124438 51.5225471),58,75,5875,51.52242388850001,0.11260654099999995,0.01773354829531315
9399866777,51.522259,0.1214164,3,,,POINT (0.1214164 51.522259),58,76,5876,51.52242388850001,0.12085072299999994,0.04321905056007697
1806044895,51.5231207,0.1363179,3,,,POINT (0.1363179 51.5231207),58,78,5878,51.52242388850001,0.13733908699999992,0.10485757315308296
195817780,51.5219278,0.1458983,3,,,POINT (0.1458983 51.5219278),58,79,5879,51.52242388850001,0.1455832689999999,0.059312468349027224
250704115,51.5212621,0.1633734,3,motorway_junction,,POINT (0.1633734 51.5212621),58,81,5881,51.52242388850001,0.162071633,0.1574820512409904
3536211884,51.5220418,0.1709997,3,,,POINT (0.1709997 51.5220418),58,82,5882,51.52242388850001,0.17031581499999998,0.0635913951650893
9561907809,51.5231367,0.1801532,3,,,POINT (0.1801532 51.5231367),58,83,5883,51.52242388850001,0.17855999699999997,0.1357657145405931
26243755,51.5226315,0.1862545,3,,,POINT (0.1862545 51.5226315),58,84,5884,51.52242388850001,0.18680417899999996,0.04448855368677803
1157869814,51.5213443,0.1964695,1,,,POINT (0.1964695 51.5213443),58,85,5885,51.52242388850001,0.19504836099999995,0.15517243710007736
6903985271,51.5226699,0.203645,1,,,POINT (0.203645 51.5226699),58,86,5886,51.52242388850001,0.20329254299999994,0.03664621440575942
255145090,51.5226737,0.2117819,3,,,POINT (0.2117819 51.5226737),58,87,5887,51.52242388850001,0.21153672499999993,0.032547485532851306
206170830,51.5231287,0.220509,3,,,POINT (0.220509 51.5231287),58,88,5888,51.52242388850001,0.21978090699999991,0.0931643747727241
8674872963,51.5250954,-0.486075,1,,,POINT (-0.486075 51.5250954),59,2,5902,51.526355669500006,-0.489218745,0.25872628683666704
26603377,51.526484,-0.4824995,3,,,POINT (-0.4824995 51.526484),59,3,5903,51.526355669500006,-0.48097456299999997,0.10645636217862821
567807174,51.5269572,-0.4721024,3,,,POINT (-0.4721024 51.5269572),59,4,5904,51.526355669500006,-0.472730381,0.07975741613744375
254582911,51.5259769,-0.4650745,3,,,POINT (-0.4650745 51.5259769),59,5,5905,51.526355669500006,-0.464486199,0.058568576463026246
249185952,51.5256456,-0.455795,3,,,POINT (-0.455795 51.5256456),59,6,5906,51.526355669500006,-0.456242017,0.08479640212981353
7430021977,51.5257596,-0.4472172,3,,,POINT (-0.4472172 51.5257596),59,7,5907,51.526355669500006,-0.447997835,0.08549601128713709
881974006,51.5262161,-0.4396249,3,,,POINT (-0.4396249 51.5262161),59,8,5908,51.526355669500006,-0.43975365299999997,0.017893871916129046
689548924,51.5270964,-0.4322721,3,mini_roundabout,,POINT (-0.4322721 51.5270964),59,9,5909,51.526355669500006,-0.431509471,0.09781379487152819
71198174,51.5265918,-0.4234018,1,,,POINT (-0.4234018 51.5265918),59,10,5910,51.526355669500006,-0.423265289,0.027903245400810458
2311275563,51.5266069,-0.414675,1,,,POINT (-0.414675 51.5266069),59,11,5911,51.526355669500006,-0.415021107,0.036792652401259444
60268542,51.5278744,-0.4049134,3,,,POINT (-0.4049134 51.5278744),59,12,5912,51.526355669500006,-0.406776925,0.2124581901385216
893638845,51.5264593,-0.3991296,3,,,POINT (-0.3991296 51.5264593),59,13,5913,51.526355669500006,-0.398532743,0.04286854549474895
249091592,51.5262337,-0.3900184,3,,,POINT (-0.3900184 51.5262337),59,14,5914,51.526355669500006,-0.39028856100000003,0.023092206925780102
249093960,51.5261529,-0.3828842,1,,,POINT (-0.3828842 51.5261529),59,15,5915,51.526355669500006,-0.382044379,0.062320897266092405
71116517,51.5262268,-0.37371,3,,,POINT (-0.37371 51.5262268),59,16,5916,51.526355669500006,-0.373800197,0.015629282900331058
71092070,51.5265549,-0.3658597,3,,,POINT (-0.3658597 51.5265549),59,17,5917,51.526355669500006,-0.365556015,0.030531176035480286
71087834,51.5269175,-0.3579265,4,,,POINT (-0.3579265 51.5269175),59,18,5918,51.526355669500006,-0.35731183299999997,0.07557126152881985
2185775887,51.5272568,-0.3494602,3,,,POINT (-0.3494602 51.5272568),59,19,5919,51.526355669500006,-0.349067651,0.10381589813745243
2112790732,51.5257623,-0.3410045,1,,,POINT (-0.3410045 51.5257623),59,20,5920,51.526355669500006,-0.340823469,0.06715776645239112
32552172,51.5269624,-0.3350227,3,,,POINT (-0.3350227 51.5269624),59,21,5921,51.526355669500006,-0.332579287,0.182001337607755
32656581,51.5272194,-0.3260754,3,,,POINT (-0.3260754 51.5272194),59,22,5922,51.526355669500006,-0.324335105,0.15400869864126213
34596735,51.5256877,-0.3157008,3,,,POINT (-0.3157008 51.5256877),59,23,5923,51.526355669500006,-0.316090923,0.0790263186143961
21585505,51.5268614,-0.3076834,3,,,POINT (-0.3076834 51.5268614),59,24,5924,51.526355669500006,-0.30784674100000003,0.057358750404367595
32654197,51.5262685,-0.2998961,3,,,POINT (-0.2998961 51.5262685),59,25,5925,51.526355669500006,-0.29960255900000005,0.02250194309683448
572077173,51.5265775,-0.2918019,3,,,POINT (-0.2918019 51.5265775),59,26,5926,51.526355669500006,-0.291358377,0.039368533298425976
3087175507,51.5266382,-0.2827943,3,,,POINT (-0.2827943 51.5266382),59,27,5927,51.526355669500006,-0.283114195,0.03842807946392713
1777484308,51.5261482,-0.2748064,3,,,POINT (-0.2748064 51.5261482),59,28,5928,51.526355669500006,-0.274870013,0.023485555431287334
83818143,51.5262644,-0.2665238,3,,,POINT (-0.2665238 51.5262644),59,29,5929,51.526355669500006,-0.266625831,0.012362015618399499
2377090,51.5264064,-0.2597493,3,,,POINT (-0.2597493 51.5264064),59,30,5930,51.526355669500006,-0.258381649,0.09478264470383918
226990388,51.5268584,-0.2522384,3,,,POINT (-0.2522384 51.5268584),59,31,5931,51.526355669500006,-0.250137467,0.15572224346412544
2377781,51.5279262,-0.2422835,3,,,POINT (-0.2422835 51.5279262),59,32,5932,51.526355669500006,-0.241893285,0.17670910982634133
2377765,51.5275424,-0.2355217,3,mini_roundabout,,POINT (-0.2355217 51.5275424),59,33,5933,51.526355669500006,-0.23364910300000002,0.18491897744605765
353893066,51.5247606,-0.224754,1,,,POINT (-0.224754 51.5247606),59,34,5934,51.526355669500006,-0.22540492100000004,0.18299104091421584
255591742,51.5264077,-0.2156847,1,,,POINT (-0.2156847 51.5264077),59,35,5935,51.526355669500006,-0.217160739,0.10227672524957435
173393078,51.5260001,-0.2091933,3,,,POINT (-0.2091933 51.5260001),59,36,5936,51.526355669500006,-0.208916557,0.043929004119856736
1689620131,51.5263931,-0.2014274,3,,,POINT (-0.2014274 51.5263931),59,37,5937,51.526355669500006,-0.20067237500000001,0.052398495943334386
1687077889,51.5269308,-0.1924771,3,,,POINT (-0.1924771 51.5269308),59,38,5938,51.526355669500006,-0.19242819300000003,0.0640410309513928
8425286985,51.5270598,-0.1840924,3,,,POINT (-0.1840924 51.5270598),59,39,5939,51.526355669500006,-0.18418401100000004,0.07855182026820277
726057915,51.526169,-0.1760946,1,,,POINT (-0.1760946 51.526169),59,40,5940,51.526355669500006,-0.175939829,0.023355591215033604
295480046,51.5266213,-0.1675276,3,,,POINT (-0.1675276 51.5266213),59,41,5941,51.526355669500006,-0.167695647,0.03174229636220737
7756389057,51.5255882,-0.1593137,3,,,POINT (-0.1593137 51.5255882),59,42,5942,51.526355669500006,-0.15945146500000001,0.08586926638412654
5183504114,51.5280348,-0.1512972,3,,,POINT (-0.1512972 51.5280348),59,43,5943,51.526355669500006,-0.15120728300000003,0.18681438192330693
25508596,51.5260837,-0.1428455,1,,,POINT (-0.1428455 51.5260837),59,44,5944,51.526355669500006,-0.14296310100000004,0.031316863121682324
6042646889,51.526802,-0.1348571,1,,,POINT (-0.1348571 51.526802),59,45,5945,51.526355669500006,-0.13471891900000005,0.05054193796035123
107878,51.5262563,-0.125939,4,,,POINT (-0.125939 51.5262563),59,46,5946,51.526355669500006,-0.126474737,0.038674566359751514
1455618225,51.5262873,-0.1184487,1,,,POINT (-0.1184487 51.5262873),59,47,5947,51.526355669500006,-0.11823055500000001,0.016898084204387584
25472783,51.5266919,-0.1097211,3,,,POINT (-0.1097211 51.5266919),59,48,5948,51.526355669500006,-0.10998637300000003,0.041648284622009556
26425291,51.5267299,-0.1019326,1,,,POINT (-0.1019326 51.5267299),59,49,5949,51.526355669500006,-0.10174219100000004,0.043647660419338964
25499892,51.5267351,-0.0936536,1,,,POINT (-0.0936536 51.5267351),59,50,5950,51.526355669500006,-0.09349800900000005,0.04354214807102234
1694671786,51.5262694,-0.085032,3,,,POINT (-0.085032 51.5262694),59,51,5951,51.526355669500006,-0.085253827,0.01809760590796482
371588293,51.5263046,-0.0766252,4,,,POINT (-0.0766252 51.5263046),59,52,5952,51.526355669500006,-0.07700964500000002,0.02719557115578458
48646866,51.526159,-0.0692595,1,,,POINT (-0.0692595 51.526159),59,53,5953,51.526355669500006,-0.06876546300000003,0.04057533298003208
4139518344,51.5263856,-0.060574,1,,,POINT (-0.060574 51.5263856),59,54,5954,51.526355669500006,-0.06052128100000003,0.0049373960863935695
484899686,51.5264902,-0.0523387,1,,,POINT (-0.0523387 51.5264902),59,55,5955,51.526355669500006,-0.05227709900000004,0.015554291607570032
64656237,51.5263516,-0.0449506,1,,,POINT (-0.0449506 51.5263516),59,56,5956,51.526355669500006,-0.04403291700000005,0.06348732230699491
7002684114,51.5267571,-0.0358512,1,,,POINT (-0.0358512 51.5267571),59,57,5957,51.526355669500006,-0.03578873500000001,0.044845722695862636
652797079,51.5263204,-0.0278223,3,,,POINT (-0.0278223 51.5263204),59,58,5958,51.526355669500006,-0.02754455300000002,0.019610807849436435
2159417295,51.5263281,-0.0191604,3,,,POINT (-0.0191604 51.5263281),59,59,5959,51.526355669500006,-0.01930037100000003,0.010156933786055514
659083670,51.52618,-0.0110147,3,,,POINT (-0.0110147 51.52618),59,60,5960,51.526355669500006,-0.011056189000000044,0.019743304946507563
4461954593,51.5247429,0.0001047,1,,,POINT (0.0001047 51.5247429),59,61,5961,51.526355669500006,-0.002812007,0.2699557692940549
8010092403,51.5265739,0.0055562,1,,,POINT (0.0055562 51.5265739),59,62,5962,51.526355669500006,0.005432174999999989,0.02573834905917717
1346240063,51.5251187,0.0138271,3,,,POINT (0.0138271 51.5251187),59,63,5963,51.526355669500006,0.013676356999999978,0.13793951348785435
130190565,51.5265903,0.022261,3,,,POINT (0.022261 51.5265903),59,64,5964,51.526355669500006,0.021920538999999968,0.03514862406004204
1335027379,51.5262185,0.0298361,3,,,POINT (0.0298361 51.5262185),59,65,5965,51.526355669500006,0.030164720999999957,0.027376690230927623
21643565,51.5267498,0.03901,3,,,POINT (0.03901 51.5267498),59,66,5966,51.526355669500006,0.038408902999999946,0.06041427457762793
116089139,51.5268004,0.0468146,3,,,POINT (0.0468146 51.5268004),59,67,5967,51.526355669500006,0.046653084999999934,0.050698401682752865
116081416,51.5263341,0.0547193,3,,,POINT (0.0547193 51.5263341),59,68,5968,51.526355669500006,0.05489726699999992,0.012543274790735743
117847943,51.5263233,0.0638735,3,,,POINT (0.0638735 51.5263233),59,69,5969,51.526355669500006,0.0631414489999999,0.050771366562703285
2220961793,51.5268263,0.0724197,3,,,POINT (0.0724197 51.5268263),59,70,5970,51.526355669500006,0.071385631,0.08863491150160424
135501696,51.5262751,0.0790104,3,,,POINT (0.0790104 51.5262751),59,71,5971,51.526355669500006,0.079629813,0.04377780153682009
7878495036,51.5275214,0.0881352,1,,,POINT (0.0881352 51.5275214),59,72,5972,51.526355669500006,0.08787399499999998,0.13087677752821322
4052025178,51.5266923,0.0957822,1,,,POINT (0.0957822 51.5266923),59,73,5973,51.526355669500006,0.09611817699999997,0.04406086248032208
195867958,51.5279024,0.1036828,1,,,POINT (0.1036828 51.5279024),59,74,5974,51.526355669500006,0.10436235899999996,0.17829790716927904
195869233,51.5262092,0.1125654,1,,,POINT (0.1125654 51.5262092),59,75,5975,51.526355669500006,0.11260654099999995,0.016533483454572503
195860658,51.5267104,0.1205067,4,,,POINT (0.1205067 51.5267104),59,76,5976,51.526355669500006,0.12085072299999994,0.04606806737560438
130147515,51.5263315,0.1265102,2,,,POINT (0.1265102 51.5263315),59,77,5977,51.526355669500006,0.12909490499999993,0.17883125276270545
195817775,51.5262194,0.1469741,1,,,POINT (0.1469741 51.5262194),59,79,5979,51.526355669500006,0.1455832689999999,0.09740423304474156
9474212754,51.5270318,0.1533944,1,,,POINT (0.1533944 51.5270318),59,80,5980,51.526355669500006,0.153827451,0.08093134830444036
1354681538,51.5270195,0.1627696,1,turning_circle,,POINT (0.1627696 51.5270195),59,81,5981,51.526355669500006,0.162071633,0.08820466903348997
177658682,51.5260285,0.1712753,1,,,POINT (0.1712753 51.5260285),59,82,5982,51.526355669500006,0.17031581499999998,0.07569339609463792
177654367,51.5259314,0.177959,3,,,POINT (0.177959 51.5259314),59,83,5983,51.526355669500006,0.17855999699999997,0.06288334796024564
177647004,51.5259483,0.1857896,3,,,POINT (0.1857896 51.5259483),59,84,5984,51.526355669500006,0.18680417899999996,0.08353680729699621
177650821,51.5266724,0.1929359,3,,,POINT (0.1929359 51.5266724),59,85,5985,51.526355669500006,0.19504836099999995,0.1503243122946886
255144298,51.5249871,0.2051646,1,,,POINT (0.2051646 51.5249871),59,86,5986,51.526355669500006,0.20329254299999994,0.19982844902184088
255142424,51.5267237,0.211543,3,,,POINT (0.211543 51.5267237),59,87,5987,51.526355669500006,0.21153672499999993,0.040925426842771055
280367225,51.5271401,0.2181921,1,,,POINT (0.2181921 51.5271401),59,88,5988,51.526355669500006,0.21978090699999991,0.1403178686454903
8849770942,51.5246271,0.2258604,4,,,POINT (0.2258604 51.5246271),59,89,5989,51.526355669500006,0.2280250889999999,0.24366190610466512
26603382,51.5295449,-0.4873857,3,,,POINT (-0.4873857 51.5295449),60,2,6002,51.530287450500005,-0.489218745,0.15131399556277253
26603340,51.5302929,-0.4820116,3,,,POINT (-0.4820116 51.5302929),60,3,6003,51.530287450500005,-0.48097456299999997,0.07173902779015524
1773375107,51.5299619,-0.4758348,3,,,POINT (-0.4758348 51.5299619),60,4,6004,51.530287450500005,-0.472730381,0.21777694738642733
898245557,51.530836,-0.4622974,1,,,POINT (-0.4622974 51.530836),60,5,6005,51.530287450500005,-0.464486199,0.1632326777700103
544327270,51.5307358,-0.4549243,3,,,POINT (-0.4549243 51.5307358),60,6,6006,51.530287450500005,-0.456242017,0.10389471170754862
4314010333,51.5303097,-0.448032,5,,,POINT (-0.448032 51.5303097),60,7,6007,51.530287450500005,-0.447997835,0.0034214369178418975
25726732,51.5305426,-0.4415371,3,,,POINT (-0.4415371 51.5305426),60,8,6008,51.530287450500005,-0.43975365299999997,0.12658891100640382
694413330,51.5301653,-0.4303065,3,,,POINT (-0.4303065 51.5301653),60,9,6009,51.530287450500005,-0.431509471,0.08431617570143826
248957750,51.5305295,-0.4233589,4,,,POINT (-0.4233589 51.5305295),60,10,6010,51.530287450500005,-0.423265289,0.02768269416630417
8073848091,51.5302733,-0.4149063,1,,,POINT (-0.4149063 51.5302733),60,11,6011,51.530287450500005,-0.415021107,0.008096085368085587
905657097,51.5307558,-0.4067486,1,,,POINT (-0.4067486 51.5307558),60,12,6012,51.530287450500005,-0.406776925,0.05211493411976214
68228240,51.5294779,-0.3980045,3,,,POINT (-0.3980045 51.5294779),60,13,6013,51.530287450500005,-0.398532743,0.09715187427312516
8246380426,51.5297283,-0.3910276,1,,,POINT (-0.3910276 51.5297283),60,14,6014,51.530287450500005,-0.39028856100000003,0.08049377501481936
249128003,51.5306109,-0.3819393,1,,,POINT (-0.3819393 51.5306109),60,15,6015,51.530287450500005,-0.382044379,0.03669310447779596
765266275,51.5305714,-0.3741979,3,,,POINT (-0.3741979 51.5305714),60,16,6016,51.530287450500005,-0.373800197,0.04187774621292273
71093977,51.5308209,-0.3656635,1,,,POINT (-0.3656635 51.5308209),60,17,6017,51.530287450500005,-0.365556015,0.05978104898079732
810066583,51.5298794,-0.3545958,3,,,POINT (-0.3545958 51.5298794),60,18,6018,51.530287450500005,-0.35731183299999997,0.1932821128989124
26723457,51.5308956,-0.3485487,3,mini_roundabout,,POINT (-0.3485487 51.5308956),60,19,6019,51.530287450500005,-0.349067651,0.07656075501052399
2210505903,51.5320315,-0.3439606,1,,,POINT (-0.3439606 51.5320315),60,20,6020,51.530287450500005,-0.340823469,0.2910324426401028
32552106,51.531988,-0.3332079,3,,,POINT (-0.3332079 51.531988),60,21,6021,51.530287450500005,-0.332579287,0.1940277024154091
2329817390,51.5290872,-0.3269345,3,,,POINT (-0.3269345 51.5290872),60,22,6022,51.530287450500005,-0.324335105,0.2239311452967264
2334556906,51.5292183,-0.3071987,1,,,POINT (-0.3071987 51.5292183),60,24,6024,51.530287450500005,-0.30784674100000003,0.12705517870460903
197219,51.5307443,-0.299305,3,,,POINT (-0.299305 51.5307443),60,25,6025,51.530287450500005,-0.29960255900000005,0.05481103106880325
667022810,51.5296391,-0.2913206,3,,,POINT (-0.2913206 51.5296391),60,26,6026,51.530287450500005,-0.291358377,0.07214063250154706
83813283,51.5292128,-0.2831451,3,,,POINT (-0.2831451 51.5292128),60,27,6027,51.530287450500005,-0.283114195,0.11951480591282905
83815408,51.5285706,-0.2743543,3,,,POINT (-0.2743543 51.5285706),60,28,6028,51.530287450500005,-0.274870013,0.19420977889374408
638330386,51.5305027,-0.2680864,1,,,POINT (-0.2680864 51.5305027),60,29,6029,51.530287450500005,-0.266625831,0.10383016200899187
8870819592,51.5307675,-0.2590415,1,,,POINT (-0.2590415 51.5307675),60,30,6030,51.530287450500005,-0.258381649,0.07023356781056064
89414442,51.53036,-0.2501572,1,,,POINT (-0.2501572 51.53036),60,31,6031,51.530287450500005,-0.250137467,0.008181806895749748
89430421,51.5296639,-0.2413985,1,,,POINT (-0.2413985 51.5296639),60,32,6032,51.530287450500005,-0.241893285,0.07732335309833922
1697599305,51.5305732,-0.2338579,3,,,POINT (-0.2338579 51.5305732),60,33,6033,51.530287450500005,-0.23364910300000002,0.034902599308106956
2375206,51.530152,-0.2254906,3,,,POINT (-0.2254906 51.530152),60,34,6034,51.530287450500005,-0.22540492100000004,0.016185582085511966
678341258,51.5300021,-0.2172759,1,turning_circle,,POINT (-0.2172759 51.5300021),60,35,6035,51.530287450500005,-0.217160739,0.032714273321859874
6796243983,51.5306951,-0.2088491,3,,,POINT (-0.2088491 51.5306951),60,36,6036,51.530287450500005,-0.208916557,0.04556810491790012
1660745840,51.5305624,-0.2003445,3,,,POINT (-0.2003445 51.5305624),60,37,6037,51.530287450500005,-0.20067237500000001,0.03806721801292372
712706489,51.5298869,-0.1947458,3,,,POINT (-0.1947458 51.5298869),60,38,6038,51.530287450500005,-0.19242819300000003,0.16639174805020396
7649300832,51.5305998,-0.1845094,3,,,POINT (-0.1845094 51.5305998),60,39,6039,51.530287450500005,-0.18418401100000004,0.04138748034648653
1664711690,51.5306243,-0.1765942,4,,,POINT (-0.1765942 51.5306243),60,40,6040,51.530287450500005,-0.175939829,0.05875306311627316
101873,51.5303082,-0.167901,3,,,POINT (-0.167901 51.5303082),60,41,6041,51.530287450500005,-0.167695647,0.014391333232856188
21667031,51.5284962,-0.1632458,3,,,POINT (-0.1632458 51.5284962),60,42,6042,51.530287450500005,-0.15945146500000001,0.3294929975543609
293801327,51.5301592,-0.1435804,3,,,POINT (-0.1435804 51.5301592),60,44,6044,51.530287450500005,-0.14296310100000004,0.04501975975426932
27554795,51.5308644,-0.1346621,3,,,POINT (-0.1346621 51.5308644),60,45,6045,51.530287450500005,-0.13471891900000005,0.06427414288647937
6985146839,51.5291255,-0.1261087,3,,,POINT (-0.1261087 51.5291255),60,46,6046,51.530287450500005,-0.126474737,0.1316607570862277
1256495531,51.5302041,-0.1186956,1,,,POINT (-0.1186956 51.5302041),60,47,6047,51.530287450500005,-0.11823055500000001,0.033477758239903184
198391,51.5300202,-0.1105213,3,,,POINT (-0.1105213 51.5300202),60,48,6048,51.530287450500005,-0.10998637300000003,0.04745888019111571
8011192974,51.5307297,-0.1013784,3,,,POINT (-0.1013784 51.5307297),60,49,6049,51.530287450500005,-0.10174219100000004,0.05524076909033773
1853160950,51.530131,-0.0937025,3,,,POINT (-0.0937025 51.530131),60,50,6050,51.530287450500005,-0.09349800900000005,0.02242176773152972
2460356320,51.5308723,-0.0854438,2,,,POINT (-0.0854438 51.5308723),60,51,6051,51.530287450500005,-0.085253827,0.06634674589806361
648861165,51.5304084,-0.0772338,3,,,POINT (-0.0772338 51.5304084),60,52,6052,51.530287450500005,-0.07700964500000002,0.020525692015846624
34104964,51.5301497,-0.0682845,3,,,POINT (-0.0682845 51.5301497),60,53,6053,51.530287450500005,-0.06876546300000003,0.03662697320317238
26635336,51.5302234,-0.0602446,3,,,POINT (-0.0602446 51.5302234),60,54,6054,51.530287450500005,-0.06052128100000003,0.020421456863496314
11546251,51.5303552,-0.0522053,3,,,POINT (-0.0522053 51.5303552),60,55,6055,51.530287450500005,-0.05227709900000004,0.00902329043758616
281578758,51.5303534,-0.0438871,3,,,POINT (-0.0438871 51.5303534),60,56,6056,51.530287450500005,-0.04403291700000005,0.012470773109962282
25960481,51.5302194,-0.0351809,3,,,POINT (-0.0351809 51.5302194),60,57,6057,51.530287450500005,-0.03578873500000001,0.04272214333215372
246846412,51.529544,-0.0270745,3,,,POINT (-0.0270745 51.529544),60,58,6058,51.530287450500005,-0.02754455300000002,0.0888328269844802
432385265,51.5300067,-0.0200289,3,,,POINT (-0.0200289 51.5300067),60,59,6059,51.530287450500005,-0.01930037100000003,0.059281510950827454
32654169,51.5304056,-0.0126412,3,,,POINT (-0.0126412 51.5304056),60,60,6060,51.530287450500005,-0.011056189000000044,0.11042642357466112
1922213847,51.5300521,-0.0049553,1,,,POINT (-0.0049553 51.5300521),60,61,6061,51.530287450500005,-0.002812007,0.15055342752517825
8000066259,51.5305537,0.0052484,1,,,POINT (0.0052484 51.5305537),60,62,6062,51.530287450500005,0.005432174999999989,0.03221954069635167
326137417,51.5302174,0.0140287,3,,,POINT (0.0140287 51.5302174),60,63,6063,51.530287450500005,0.013676356999999978,0.025587560605041585
314044016,51.5302512,0.0225798,1,,,POINT (0.0225798 51.5302512),60,64,6064,51.530287450500005,0.021920538999999968,0.04578183553718182
10255157639,51.5300474,0.030942,1,,,POINT (0.030942 51.5300474),60,65,6065,51.530287450500005,0.030164720999999957,0.06002900510054614
13964263,51.530233,0.0379437,3,,,POINT (0.0379437 51.530233),60,66,6066,51.530287450500005,0.038408902999999946,0.032744811986371664
116101113,51.5293559,0.0470363,3,,,POINT (0.0470363 51.5293559),60,67,6067,51.530287450500005,0.046653084999999934,0.10692196108794533
618265069,51.5301208,0.0552611,1,,,POINT (0.0552611 51.5301208),60,68,6068,51.530287450500005,0.05489726699999992,0.0312540323770722
117871232,51.5305273,0.0628804,1,,,POINT (0.0628804 51.5305273),60,69,6069,51.530287450500005,0.0631414489999999,0.03220835775517373
252333892,51.530194,0.0725297,3,,,POINT (0.0725297 51.530194),60,70,6070,51.530287450500005,0.071385631,0.07981970868654874
688363936,51.530583,0.0800303,3,,,POINT (0.0800303 51.530583),60,71,6071,51.530287450500005,0.079629813,0.04298248333732013
180616264,51.5301175,0.0871832,3,,,POINT (0.0871832 51.5301175),60,72,6072,51.530287450500005,0.08787399499999998,0.05138648324816864
3383985038,51.5300637,0.0960906,1,,,POINT (0.0960906 51.5300637),60,73,6073,51.530287450500005,0.09611817699999997,0.02495294548159487
195866823,51.5296744,0.1040423,3,,,POINT (0.1040423 51.5296744),60,74,6074,51.530287450500005,0.10436235899999996,0.0716733752360595
3383990528,51.5290719,0.1140415,3,,,POINT (0.1140415 51.5290719),60,75,6075,51.530287450500005,0.11260654099999995,0.1676972243135041
245800188,51.5307391,0.1219271,1,,,POINT (0.1219271 51.5307391),60,76,6076,51.530287450500005,0.12085072299999994,0.08981130550937652
180582265,51.5306245,0.1300354,3,,,POINT (0.1300354 51.5306245),60,77,6077,51.530287450500005,0.12909490499999993,0.07508100500558425
180579903,51.5299932,0.1381644,3,,,POINT (0.1381644 51.5299932),60,78,6078,51.530287450500005,0.13733908699999992,0.06580196793406401
195816224,51.5304334,0.1447395,3,,,POINT (0.1447395 51.5304334),60,79,6079,51.530287450500005,0.1455832689999999,0.06058136610326601
1350773311,51.5301567,0.1530341,1,,,POINT (0.1530341 51.5301567),60,80,6080,51.530287450500005,0.153827451,0.05677286726293707
177662404,51.5307394,0.1611116,4,,,POINT (0.1611116 51.5307394),60,81,6081,51.530287450500005,0.162071633,0.08328101067448415
8120587574,51.5306901,0.1696102,1,,,POINT (0.1696102 51.5306901),60,82,6082,51.530287450500005,0.17031581499999998,0.06623466893679705
177655402,51.5285316,0.1794255,3,,,POINT (0.1794255 51.5285316),60,83,6083,51.530287450500005,0.17855999699999997,0.2042154447391426
8079476246,51.5300798,0.1870029,1,,,POINT (0.1870029 51.5300798),60,84,6084,51.530287450500005,0.18680417899999996,0.026871886383431128
173713165,51.5322533,0.1953453,1,,,POINT (0.1953453 51.5322533),60,85,6085,51.530287450500005,0.19504836099999995,0.2195554028084556
255141339,51.5293023,0.2137548,3,,,POINT (0.2137548 51.5293023),60,87,6087,51.530287450500005,0.21153672499999993,0.1885268528780133
6640708560,51.528756,0.2172314,1,,,POINT (0.2172314 51.528756),60,88,6088,51.530287450500005,0.21978090699999991,0.24515849719945007
255705396,51.5293406,0.2513041,3,,,POINT (0.2513041 51.5293406),60,92,6092,51.530287450500005,0.252757635,0.1455848021522454
254582170,51.5348492,-0.4883037,3,,,POINT (-0.4883037 51.5348492),61,2,6102,51.5342192315,-0.489218745,0.09440742181693992
5560351493,51.5338018,-0.4800326,1,,,POINT (-0.4800326 51.5338018),61,3,6103,51.5342192315,-0.48097456299999997,0.07999732629680338
567809006,51.5351405,-0.4720649,1,,,POINT (-0.4720649 51.5351405),61,4,6104,51.5342192315,-0.472730381,0.11230662876208736
567809002,51.5344779,-0.4629962,1,,,POINT (-0.4629962 51.5344779),61,5,6105,51.5342192315,-0.464486199,0.10699902903211694
4870352588,51.534309,-0.4566148,4,,,POINT (-0.4566148 51.534309),61,6,6106,51.5342192315,-0.456242017,0.02764946241963634
249181473,51.5343245,-0.4481622,3,,,POINT (-0.4481622 51.5343245),61,7,6107,51.5342192315,-0.447997835,0.016317649196010097
902329304,51.5351709,-0.4397455,3,,,POINT (-0.4397455 51.5351709),61,8,6108,51.5342192315,-0.43975365299999997,0.10582221163009731
689557731,51.5333369,-0.4285842,3,,,POINT (-0.4285842 51.5333369),61,9,6109,51.5342192315,-0.431509471,0.22487019314272252
248957466,51.533733,-0.4233074,3,,,POINT (-0.4233074 51.533733),61,10,6110,51.5342192315,-0.423265289,0.05414488019274781
905657100,51.5340354,-0.4135963,1,,,POINT (-0.4135963 51.5340354),61,11,6111,51.5342192315,-0.415021107,0.10064951341421233
8482293870,51.5347012,-0.4062815,1,,,POINT (-0.4062815 51.5347012),61,12,6112,51.5342192315,-0.406776925,0.06361147960277791
25446814,51.5341868,-0.3974749,3,,,POINT (-0.3974749 51.5341868),61,13,6113,51.5342192315,-0.398532743,0.0732582366950284
9419761734,51.5335671,-0.3894823,1,,,POINT (-0.3894823 51.5335671),61,14,6114,51.5342192315,-0.39028856100000003,0.09147861248612828
249132334,51.5327999,-0.3821423,3,,,POINT (-0.3821423 51.5327999),61,15,6115,51.5342192315,-0.382044379,0.15796773442116227
3217449745,51.5343175,-0.3733963,3,,,POINT (-0.3733963 51.5343175),61,16,6116,51.5342192315,-0.373800197,0.029997825542818143
68294186,51.5342409,-0.3654572,3,,,POINT (-0.3654572 51.5342409),61,17,6117,51.5342192315,-0.365556015,0.007247134157704148
68296874,51.5343919,-0.3577872,1,turning_circle,,POINT (-0.3577872 51.5343919),61,18,6118,51.5342192315,-0.35731183299999997,0.038075612211824386
26724486,51.5339172,-0.3478403,3,,,POINT (-0.3478403 51.5339172),61,19,6119,51.5342192315,-0.349067651,0.091295949415662
32553201,51.5337377,-0.3402523,3,,,POINT (-0.3402523 51.5337377),61,20,6120,51.5342192315,-0.340823469,0.06654138637860839
36491657,51.5341243,-0.3325064,3,,,POINT (-0.3325064 51.5341243),61,21,6121,51.5342192315,-0.332579287,0.011698019344537078
32650804,51.5343185,-0.3237779,1,,,POINT (-0.3237779 51.5343185),61,22,6122,51.5342192315,-0.324335105,0.04009050034160527
32657156,51.5335334,-0.3173509,3,,,POINT (-0.3173509 51.5335334),61,23,6123,51.5342192315,-0.316090923,0.11580628812569715
3208155150,51.5347249,-0.3071326,3,,,POINT (-0.3071326 51.5347249),61,24,6124,51.5342192315,-0.30784674100000003,0.07484320282054352
961690931,51.533593,-0.3004425,1,,,POINT (-0.3004425 51.533593),61,25,6125,51.5342192315,-0.29960255900000005,0.0906874906503076
86113690,51.5342042,-0.2913137,3,,,POINT (-0.2913137 51.5342042),61,26,6126,51.5342192315,-0.291358377,0.0035132969338349455
304652333,51.5339461,-0.2825164,3,,,POINT (-0.2825164 51.5339461),61,27,6127,51.5342192315,-0.283114195,0.051304021030625674
89409713,51.5344978,-0.2749139,3,,,POINT (-0.2749139 51.5344978),61,28,6128,51.5342192315,-0.274870013,0.031123792225449625
304403107,51.5337959,-0.2664853,1,,,POINT (-0.2664853 51.5337959),61,29,6129,51.5342192315,-0.266625831,0.04806545822496238
2377011,51.5345371,-0.2599046,3,,,POINT (-0.2599046 51.5345371),61,30,6130,51.5342192315,-0.258381649,0.11111155466063326
6562145286,51.5343191,-0.2492973,1,,,POINT (-0.2492973 51.5343191),61,31,6131,51.5342192315,-0.250137467,0.059164521045042294
2376368,51.534159,-0.2420118,3,,,POINT (-0.2420118 51.534159),61,32,6132,51.5342192315,-0.241893285,0.010585594362080853
26467190,51.5341174,-0.2331574,3,,,POINT (-0.2331574 51.5341174),61,33,6133,51.5342192315,-0.23364910300000002,0.03584578373854485
25341999,51.5344199,-0.2260364,4,,,POINT (-0.2260364 51.5344199),61,34,6134,51.5342192315,-0.22540492100000004,0.04904775605183585
908396277,51.5335565,-0.2182427,1,,,POINT (-0.2182427 51.5335565),61,35,6135,51.5342192315,-0.217160739,0.10503006806837693
21647082,51.5349732,-0.2080204,3,,,POINT (-0.2080204 51.5349732),61,36,6136,51.5342192315,-0.208916557,0.10426360874981772
1625673777,51.533924,-0.2017367,3,,,POINT (-0.2017367 51.533924),61,37,6137,51.5342192315,-0.20067237500000001,0.08060584017934201
652921316,51.5339065,-0.1930943,4,,,POINT (-0.1930943 51.5339065),61,38,6138,51.5342192315,-0.19242819300000003,0.05772377495821474
1621375311,51.534318,-0.1835867,1,,,POINT (-0.1835867 51.534318),61,39,6139,51.5342192315,-0.18418401100000004,0.04274985411287788
1621375305,51.5336303,-0.1757827,3,,,POINT (-0.1757827 51.5336303),61,40,6140,51.5342192315,-0.175939829,0.06638196159871974
11616721,51.5343361,-0.1681972,4,,,POINT (-0.1681972 51.5343361),61,41,6141,51.5342192315,-0.167695647,0.03704568865025923
9221415719,51.535026,-0.1591032,2,,,POINT (-0.1591032 51.535026),61,42,6142,51.5342192315,-0.15945146500000001,0.0928864591741107
101818,51.5351816,-0.148105,3,,,POINT (-0.148105 51.5351816),61,43,6143,51.5342192315,-0.15120728300000003,0.2397810252178464
29740404,51.5345987,-0.1429287,4,,,POINT (-0.1429287 51.5345987),61,44,6144,51.5342192315,-0.14296310100000004,0.04226200977728317
250358609,51.5343501,-0.1346637,1,,,POINT (-0.1346637 51.5343501),61,45,6145,51.5342192315,-0.13471891900000005,0.015044801919747101
2213538538,51.5339997,-0.1270549,5,,,POINT (-0.1270549 51.5339997),61,46,6146,51.5342192315,-0.126474737,0.04697052956350361
198084,51.5343399,-0.117667,3,,,POINT (-0.117667 51.5343399),61,47,6147,51.5342192315,-0.11823055500000001,0.04122488109839819
25597556,51.5346036,-0.1100342,1,,,POINT (-0.1100342 51.5346036),61,48,6148,51.5342192315,-0.10998637300000003,0.042867661453701106
1956955120,51.5344833,-0.1023358,3,,,POINT (-0.1023358 51.5344833),61,49,6149,51.5342192315,-0.10174219100000004,0.05047796418975013
6612459263,51.5346819,-0.0934337,2,,,POINT (-0.0934337 51.5346819),61,50,6150,51.5342192315,-0.09349800900000005,0.05163832807806683
303997327,51.5349013,-0.0860485,1,,,POINT (-0.0860485 51.5349013),61,51,6151,51.5342192315,-0.085253827,0.09366613706635413
198236,51.5345291,-0.0769807,4,,,POINT (-0.0769807 51.5345291),61,52,6152,51.5342192315,-0.07700964500000002,0.03451392198897941
672653048,51.5350019,-0.0679919,3,,,POINT (-0.0679919 51.5350019),61,53,6153,51.5342192315,-0.06876546300000003,0.10216099191608913
26626030,51.5343367,-0.0596219,3,,,POINT (-0.0596219 51.5343367),61,54,6154,51.5342192315,-0.06052128100000003,0.06356524690281162
484919677,51.5344049,-0.052826,1,,,POINT (-0.052826 51.5344049),61,55,6155,51.5342192315,-0.05227709900000004,0.04321681367873889
3863127062,51.5334038,-0.0416675,3,,,POINT (-0.0416675 51.5334038),61,56,6156,51.5342192315,-0.04403291700000005,0.1870584148063109
198371,51.5345458,-0.0356969,3,,,POINT (-0.0356969 51.5345458),61,57,6157,51.5342192315,-0.03578873500000001,0.03686414649918376
287112040,51.5340085,-0.0277609,1,,,POINT (-0.0277609 51.5340085),61,58,6158,51.5342192315,-0.02754455300000002,0.027802977816879078
432033613,51.5345725,-0.0206899,1,crossing,,POINT (-0.0206899 51.5345725),61,59,6159,51.5342192315,-0.01930037100000003,0.10382880122236939
1496412305,51.5341673,-0.012375,3,,,POINT (-0.012375 51.5341673),61,60,6160,51.5342192315,-0.011056189000000044,0.09140279939685045
129992951,51.5344841,-0.0038362,2,,,POINT (-0.0038362 51.5344841),61,61,6161,51.5342192315,-0.002812007,0.07672004068591462
129994139,51.5337548,0.0054895,3,,,POINT (0.0054895 51.5337548),61,62,6162,51.5342192315,0.005432174999999989,0.051794423144894824
269139937,51.534127,0.0132378,1,,,POINT (0.0132378 51.534127),61,63,6163,51.5342192315,0.013676356999999978,0.032021116105686226
130191458,51.5346323,0.0217237,3,,,POINT (0.0217237 51.5346323),61,64,6164,51.5342192315,0.021920538999999968,0.04790653373549378
126557277,51.5338192,0.03026,3,,,POINT (0.03026 51.5338192),61,65,6165,51.5342192315,0.030164720999999957,0.04496703187038318
321355438,51.5347052,0.038148,3,,,POINT (0.038148 51.5347052),61,66,6166,51.5342192315,0.038408902999999946,0.056970927802399665
126551576,51.5344265,0.0466249,3,,,POINT (0.0466249 51.5344265),61,67,6167,51.5342192315,0.046653084999999934,0.023129510908637917
117949028,51.5343877,0.0556935,3,,,POINT (0.0556935 51.5343877),61,68,6168,51.5342192315,0.05489726699999992,0.05817283669694418
117948075,51.5343552,0.0631939,3,,,POINT (0.0631939 51.5343552),61,69,6169,51.5342192315,0.0631414489999999,0.015548196385283822
180626843,51.5341064,0.072171,1,,,POINT (0.072171 51.5341064),61,70,6170,51.5342192315,0.071385631,0.0557528608337207
3684510075,51.5339966,0.0793322,1,,,POINT (0.0793322 51.5339966),61,71,6171,51.5342192315,0.079629813,0.03219622437840921
180616886,51.5342657,0.0880301,3,,,POINT (0.0880301 51.5342657),61,72,6172,51.5342192315,0.08787399499999998,0.011970188352760978
180609038,51.533694,0.0956914,3,,,POINT (0.0956914 51.533694),61,73,6173,51.5342192315,0.09611817699999997,0.0654395258196923
195943333,51.5335368,0.1042661,1,,,POINT (0.1042661 51.5335368),61,74,6174,51.5342192315,0.10436235899999996,0.07617446062428546
180524717,51.5344477,0.112723,3,,,POINT (0.112723 51.5344477),61,75,6175,51.5342192315,0.11260654099999995,0.026651040643895393
180524715,51.534388,0.1199633,3,,,POINT (0.1199633 51.534388),61,76,6176,51.5342192315,0.12085072299999994,0.06418621250716647
180524710,51.5342567,0.1296556,3,,,POINT (0.1296556 51.5342567),61,77,6177,51.5342192315,0.12909490499999993,0.039005553785085016
180586979,51.533905,0.1372305,3,,,POINT (0.1372305 51.533905),61,78,6178,51.5342192315,0.13733908699999992,0.03573908738822376
180544643,51.5343106,0.1461708,1,,,POINT (0.1461708 51.5343106),61,79,6179,51.5342192315,0.1455832689999999,0.04188931372357131
596172042,51.5327401,0.1548304,3,,,POINT (0.1548304 51.5327401),61,80,6180,51.5342192315,0.153827451,0.1785040808550358
1082671823,51.5337884,0.1589979,1,,,POINT (0.1589979 51.5337884),61,81,6181,51.5342192315,0.162071633,0.21793695759848056
191057124,51.5344962,0.1696137,1,,,POINT (0.1696137 51.5344962),61,82,6182,51.5342192315,0.17031581499999998,0.05750613552046808
31507648,51.5349848,0.1783636,3,,,POINT (0.1783636 51.5349848),61,83,6183,51.5342192315,0.17855999699999997,0.08620439621035823
173706978,51.5336923,0.1863527,1,,,POINT (0.1863527 51.5336923),61,84,6184,51.5342192315,0.18680417899999996,0.06639459269799348
732647325,51.5344659,0.1957419,1,,,POINT (0.1957419 51.5344659),61,85,6185,51.5342192315,0.19504836099999995,0.05525865717915822
173715467,51.5350936,0.19935,3,,,POINT (0.19935 51.5350936),61,86,6186,51.5342192315,0.20329254299999994,0.2895107551313025
255707867,51.5338898,0.2295374,3,,,POINT (0.2295374 51.5338898),61,89,6189,51.5342192315,0.2280250889999999,0.11083306635198534
255706228,51.5322758,0.2337129,3,,,POINT (0.2337129 51.5322758),61,90,6190,51.5342192315,0.2362692709999999,0.2792236488912895
255704453,51.5325763,0.2652087,3,,,POINT (0.2652087 51.5325763),61,94,6194,51.5342192315,0.26924599899999996,0.33370581978033437
255703921,51.5337883,0.2770018,4,,,POINT (0.2770018 51.5337883),61,95,6195,51.5342192315,0.27749018099999995,0.05862776505488171
254582270,51.5394857,-0.4940347,1,,,POINT (-0.4940347 51.5394857),62,1,6201,51.5381510125,-0.497462927,0.279718964820677
254581845,51.5383889,-0.4897972,3,,,POINT (-0.4897972 51.5383889),62,2,6202,51.5381510125,-0.489218745,0.047961294402686254
812104347,51.5380057,-0.4810802,3,,,POINT (-0.4810802 51.5380057),62,3,6203,51.5381510125,-0.48097456299999997,0.017733046466142897
21474256,51.5384227,-0.4727084,3,,,POINT (-0.4727084 51.5384227),62,4,6204,51.5381510125,-0.472730381,0.030248499006973493
249179676,51.5365774,-0.4636545,3,,,POINT (-0.4636545 51.5365774),62,5,6205,51.5381510125,-0.464486199,0.18419051148001028
249179432,51.5385919,-0.4562442,3,,,POINT (-0.4562442 51.5385919),62,6,6206,51.5381510125,-0.456242017,0.049024685709024615
2914586946,51.5383723,-0.4483322,1,,,POINT (-0.4483322 51.5383723),62,7,6207,51.5381510125,-0.447997835,0.03376751033840236
248957010,51.5367549,-0.4390659,1,,,POINT (-0.4390659 51.5367549),62,8,6208,51.5381510125,-0.43975365299999997,0.1623647586604621
902329309,51.5375672,-0.4317571,1,,,POINT (-0.4317571 51.5375672),62,9,6209,51.5381510125,-0.431509471,0.06713822316886309
71189480,51.5378097,-0.4243975,1,,,POINT (-0.4243975 51.5378097),62,10,6210,51.5381510125,-0.423265289,0.08701915456836971
68261523,51.5370072,-0.4050658,1,,,POINT (-0.4050658 51.5370072),62,12,6212,51.5381510125,-0.406776925,0.173730746975631
938641743,51.5383777,-0.3970597,1,,,POINT (-0.3970597 51.5383777),62,13,6213,51.5381510125,-0.398532743,0.10495102657015791
65297618,51.5384251,-0.3910934,3,,,POINT (-0.3910934 51.5384251),62,14,6214,51.5381510125,-0.39028856100000003,0.06346175634381823
68303541,51.5387313,-0.3833946,1,,,POINT (-0.3833946 51.5387313),62,15,6215,51.5381510125,-0.382044379,0.11350799477682802
249145225,51.5380447,-0.3741327,3,,,POINT (-0.3741327 51.5380447),62,16,6216,51.5381510125,-0.373800197,0.025857245053595095
3220782063,51.5378479,-0.3662194,1,,,POINT (-0.3662194 51.5378479),62,17,6217,51.5381510125,-0.365556015,0.05693076884976457
267846984,51.5385098,-0.3577831,3,,,POINT (-0.3577831 51.5385098),62,18,6218,51.5381510125,-0.35731183299999997,0.0515169868653186
24982815,51.5381349,-0.3490364,3,,,POINT (-0.3490364 51.5381349),62,19,6219,51.5381510125,-0.349067651,0.002807413929112471
30775476,51.5387781,-0.3401021,1,,,POINT (-0.3401021 51.5387781),62,20,6220,51.5381510125,-0.340823469,0.08573956338346476
42232416,51.5384025,-0.3320377,1,,,POINT (-0.3320377 51.5384025),62,21,6221,51.5381510125,-0.332579287,0.046744524265622825
25436803,51.5378548,-0.3241957,3,,,POINT (-0.3241957 51.5378548),62,22,6222,51.5381510125,-0.324335105,0.03431950716568004
25436804,51.5378966,-0.3160598,3,,,POINT (-0.3160598 51.5378966),62,23,6223,51.5381510125,-0.316090923,0.02837115532877771
32656905,51.537476,-0.3083172,3,,,POINT (-0.3083172 51.537476),62,24,6224,51.5381510125,-0.30784674100000003,0.08180735575685782
638943385,51.5382673,-0.2994211,4,traffic_signals,,POINT (-0.2994211 51.5382673),62,25,6225,51.5381510125,-0.29960255900000005,0.018019600676754538
32657026,51.5386685,-0.2917508,3,,,POINT (-0.2917508 51.5386685),62,26,6226,51.5381510125,-0.291358377,0.06362156313489996
86112555,51.5375381,-0.2836238,3,,,POINT (-0.2836238 51.5375381),62,27,6227,51.5381510125,-0.283114195,0.07672721181835504
89412820,51.5388047,-0.2755715,1,,,POINT (-0.2755715 51.5388047),62,28,6228,51.5381510125,-0.274870013,0.08739100659056358
2318951903,51.5368366,-0.2677169,1,,,POINT (-0.2677169 51.5368366),62,29,6229,51.5381510125,-0.266625831,0.1644874290632065
1697813729,51.5380918,-0.2589127,3,,,POINT (-0.2589127 51.5380918),62,30,6230,51.5381510125,-0.258381649,0.03731432327602087
9988543876,51.5387034,-0.250143,3,crossing,,POINT (-0.250143 51.5387034),62,31,6231,51.5381510125,-0.250137467,0.06142387959212452
1697639127,51.5380848,-0.2408489,3,,,POINT (-0.2408489 51.5380848),62,32,6232,51.5381510125,-0.241893285,0.0726065923708157
26467168,51.5379424,-0.2333863,3,,,POINT (-0.2333863 51.5379424),62,33,6233,51.5381510125,-0.23364910300000002,0.02946959987361221
25341643,51.5379506,-0.2258228,3,,,POINT (-0.2258228 51.5379506),62,34,6234,51.5381510125,-0.22540492100000004,0.03649545928876631
5488160672,51.5375401,-0.2157512,4,mini_roundabout,,POINT (-0.2157512 51.5375401),62,35,6235,51.5381510125,-0.217160739,0.11882098968383245
1564583678,51.5378907,-0.2086484,3,,,POINT (-0.2086484 51.5378907),62,36,6236,51.5381510125,-0.208916557,0.03437745205484864
1567010298,51.5376086,-0.2013163,1,,,POINT (-0.2013163 51.5376086),62,37,6237,51.5381510125,-0.20067237500000001,0.07497434293578385
770072333,51.5380554,-0.1923991,1,,,POINT (-0.1923991 51.5380554),62,38,6238,51.5381510125,-0.19242819300000003,0.010820359702123833
20963764,51.5379311,-0.184651,4,,,POINT (-0.184651 51.5379311),62,39,6239,51.5381510125,-0.18418401100000004,0.040510875945571845
620076481,51.5379458,-0.1757336,1,,,POINT (-0.1757336 51.5379458),62,40,6240,51.5381510125,-0.175939829,0.02690968367130126
11616718,51.5379239,-0.1680317,3,,,POINT (-0.1680317 51.5379239),62,41,6241,51.5381510125,-0.167695647,0.03432139326730798
293749055,51.5371633,-0.1608307,3,,,POINT (-0.1608307 51.5371633),62,42,6242,51.5381510125,-0.15945146500000001,0.14547176146921292
26635828,51.5380655,-0.1510514,3,,,POINT (-0.1510514 51.5380655),62,43,6243,51.5381510125,-0.15120728300000003,0.01437527092799511
26618344,51.538025,-0.1425828,1,,,POINT (-0.1425828 51.538025),62,44,6244,51.5381510125,-0.14296310100000004,0.02980204599331943
152219,51.5374538,-0.1347672,3,,,POINT (-0.1347672 51.5374538),62,45,6245,51.5381510125,-0.13471891900000005,0.07759837464023424
4151694961,51.5377222,-0.1266436,3,,,POINT (-0.1266436 51.5377222),62,46,6246,51.5381510125,-0.126474737,0.049091258723176434
26243327,51.5379537,-0.1189541,3,,,POINT (-0.1189541 51.5379537),62,47,6247,51.5381510125,-0.11823055500000001,0.05464065850837236
331325424,51.5385163,-0.1103656,3,,,POINT (-0.1103656 51.5385163),62,48,6248,51.5381510125,-0.10998637300000003,0.04835027544300324
9466701809,51.5379467,-0.1015745,1,,,POINT (-0.1015745 51.5379467),62,49,6249,51.5381510125,-0.10174219100000004,0.025507713463108633
271309687,51.5382268,-0.0939616,3,,,POINT (-0.0939616 51.5382268),62,50,6250,51.5381510125,-0.09349800900000005,0.03315206192455913
35339565,51.5383464,-0.086157,3,,,POINT (-0.086157 51.5383464),62,51,6251,51.5381510125,-0.085253827,0.06613600897280747
34214677,51.538451,-0.0767188,3,,,POINT (-0.0767188 51.538451),62,52,6252,51.5381510125,-0.07700964500000002,0.03895290509483831
11143461,51.5379403,-0.0686528,3,,,POINT (-0.0686528 51.5379403),62,53,6253,51.5381510125,-0.06876546300000003,0.02469187838704726
107001,51.5382716,-0.0613971,3,,,POINT (-0.0613971 51.5382716),62,54,6254,51.5381510125,-0.06052128100000003,0.06204010055945111
53461338,51.5380967,-0.0525389,3,,,POINT (-0.0525389 51.5380967),62,55,6255,51.5381510125,-0.05227709900000004,0.019087428985090745
25313157,51.538328,-0.0437704,3,,,POINT (-0.0437704 51.538328),62,56,6256,51.5381510125,-0.04403291700000005,0.026776071624922362
318099983,51.5392585,-0.0396638,1,,,POINT (-0.0396638 51.5392585),62,57,6257,51.5381510125,-0.03578873500000001,0.29494469890323904
433168059,51.5384497,-0.0272418,1,,,POINT (-0.0272418 51.5384497),62,58,6258,51.5381510125,-0.02754455300000002,0.03926216863233648
242590225,51.5379294,-0.0213406,1,,,POINT (-0.0213406 51.5379294),62,59,6259,51.5381510125,-0.01930037100000003,0.14324322182741606
3369519547,51.5377857,-0.0094126,3,,,POINT (-0.0094126 51.5377857),62,60,6260,51.5381510125,-0.011056189000000044,0.12071498421726888
262548189,51.5382578,-0.0030015,3,,,POINT (-0.0030015 51.5382578),62,61,6261,51.5381510125,-0.002812007,0.01768499888331922
129994348,51.5383808,0.0052277,3,,,POINT (0.0052277 51.5383808),62,62,6262,51.5381510125,0.005432174999999989,0.029203755017014204
5801330584,51.538899,0.0139349,3,,,POINT (0.0139349 51.538899),62,63,6263,51.5381510125,0.013676356999999978,0.08507286768956755
119022731,51.5382546,0.022644,3,,,POINT (0.022644 51.5382546),62,64,6264,51.5381510125,0.021920538999999968,0.05134498116362506
119024024,51.5382251,0.0296715,4,,,POINT (0.0296715 51.5382251),62,65,6265,51.5381510125,0.030164720999999957,0.035093037259319476
118244911,51.5385125,0.0376965,3,,,POINT (0.0376965 51.5385125),62,66,6266,51.5381510125,0.038408902999999946,0.0635873695770443
118228695,51.5387311,0.0472933,3,,,POINT (0.0472933 51.5387311),62,67,6267,51.5381510125,0.046653084999999934,0.07823811987078028
117942000,51.538086,0.0538135,4,,,POINT (0.0538135 51.538086),62,68,6268,51.5381510125,0.05489726699999992,0.07530389149134999
117942930,51.5383302,0.0637462,3,,,POINT (0.0637462 51.5383302),62,69,6269,51.5381510125,0.0631414489999999,0.04632937277883449
6285350075,51.5378393,0.0717676,1,,,POINT (0.0717676 51.5378393),62,70,6270,51.5381510125,0.071385631,0.043580803921670595
598364952,51.5371754,0.0790874,1,,,POINT (0.0790874 51.5371754),62,71,6271,51.5381510125,0.079629813,0.11478664897870139
26422716,51.538471,0.0876247,3,,,POINT (0.0876247 51.538471),62,72,6272,51.5381510125,0.08787399499999998,0.03953841829798039
178971786,51.5383541,0.0957068,1,,,POINT (0.0957068 51.5383541),62,73,6273,51.5381510125,0.09611817699999997,0.03632444500189312
180595846,51.5379834,0.1039018,3,,,POINT (0.1039018 51.5379834),62,74,6274,51.5381510125,0.10436235899999996,0.036905368393829456
9579812515,51.5381706,0.1119608,3,,,POINT (0.1119608 51.5381706),62,75,6275,51.5381510125,0.11260654099999995,0.044714135959939956
688401289,51.5378446,0.1207733,1,,,POINT (0.1207733 51.5378446),62,76,6276,51.5381510125,0.12085072299999994,0.03448973629267947
4601838175,51.5373382,0.1300034,4,,,POINT (0.1300034 51.5373382),62,77,6277,51.5381510125,0.12909490499999993,0.11007639979319235
180521360,51.5383207,0.1368336,3,,,POINT (0.1368336 51.5383207),62,78,6278,51.5381510125,0.13733908699999992,0.039727390426241835
180542871,51.5380065,0.1456399,4,,,POINT (0.1456399 51.5380065),62,79,6279,51.5381510125,0.1455832689999999,0.01653951343882432
177668957,51.5383137,0.1542911,1,,,POINT (0.1542911 51.5383137),62,80,6280,51.5381510125,0.153827451,0.036817740768663704
177677494,51.538141,0.1621859,1,turning_circle,,POINT (0.1621859 51.538141),62,81,6281,51.5381510125,0.162071633,0.007981029247065063
191060854,51.5382144,0.1694887,3,,,POINT (0.1694887 51.5382144),62,82,6282,51.5381510125,0.17031581499999998,0.05763789459485404
248229062,51.5362554,0.1785229,1,,,POINT (0.1785229 51.5362554),62,83,6283,51.5381510125,0.17855999699999997,0.2107981084070248
183585682,51.5400334,0.1883342,1,,,POINT (0.1883342 51.5400334),62,84,6284,51.5381510125,0.18680417899999996,0.2345397981474978
173712518,51.5380185,0.1954014,3,,,POINT (0.1954014 51.5380185),62,85,6285,51.5381510125,0.19504836099999995,0.028518531096671296
700983340,51.538308,0.2040319,3,,,POINT (0.2040319 51.538308),62,86,6286,51.5381510125,0.20329254299999994,0.054033128077331447
243484564,51.5372228,0.245217,3,,,POINT (0.245217 51.5372228),62,91,6291,51.5381510125,0.244513453,0.1141077492014228
6820462724,51.5396411,0.2565709,1,,,POINT (0.2565709 51.5396411),62,92,6292,51.5381510125,0.252757635,0.3114596171061345
138120291,51.5396757,0.2865296,1,,,POINT (0.2865296 51.5396757),62,96,6296,51.5381510125,0.28573436299999994,0.1782356083205223
567809091,51.5418453,-0.4892365,3,,,POINT (-0.4892365 51.5418453),63,2,6302,51.54208279350001,-0.489218745,0.026436602775861382
26603365,51.5421184,-0.481609,3,,,POINT (-0.481609 51.5421184),63,3,6303,51.54208279350001,-0.48097456299999997,0.044053724167529854
6343416738,51.5421768,-0.472452,3,,,POINT (-0.472452 51.5421768),63,4,6304,51.54208279350001,-0.472730381,0.021906613535040434
249177325,51.5423554,-0.4636085,3,,,POINT (-0.4636085 51.5423554),63,5,6305,51.54208279350001,-0.464486199,0.0678464866637995
249177463,51.5418552,-0.4552976,3,,,POINT (-0.4552976 51.5418552),63,6,6306,51.54208279350001,-0.456242017,0.07004437496909964
249092281,51.5421744,-0.4491462,1,,,POINT (-0.4491462 51.5421744),63,7,6307,51.54208279350001,-0.447997835,0.08006744950031217
249092206,51.5420276,-0.4403021,3,,,POINT (-0.4403021 51.5420276),63,8,6308,51.54208279350001,-0.43975365299999997,0.03842204109515122
869409198,51.5404335,-0.4184802,1,,,POINT (-0.4184802 51.5404335),63,11,6311,51.54208279350001,-0.415021107,0.3014311971174268
996427347,51.5419547,-0.4081618,1,,,POINT (-0.4081618 51.5419547),63,12,6312,51.54208279350001,-0.406776925,0.09682662909991999
33127970,51.5423432,-0.3975625,3,,,POINT (-0.3975625 51.5423432),63,13,6313,51.54208279350001,-0.398532743,0.0730797186076864
65300581,51.5414,-0.3896852,3,,,POINT (-0.3896852 51.5414),63,14,6314,51.54208279350001,-0.39028856100000003,0.08663396049416726
65303038,51.5421963,-0.3817648,3,,,POINT (-0.3817648 51.5421963),63,15,6315,51.54208279350001,-0.382044379,0.023089579042044662
32351200,51.542169,-0.37279,3,,,POINT (-0.37279 51.542169),63,16,6316,51.54208279350001,-0.373800197,0.07051622022052202
32351246,51.5431522,-0.3652765,1,,,POINT (-0.3652765 51.5431522),63,17,6317,51.54208279350001,-0.365556015,0.1204734507100366
567486956,51.5411916,-0.3570629,1,,,POINT (-0.3570629 51.5411916),63,18,6318,51.54208279350001,-0.35731183299999997,0.10058046476704306
30775274,51.5422724,-0.3484797,3,,,POINT (-0.3484797 51.5422724),63,19,6319,51.54208279350001,-0.349067651,0.045801600331248936
267986800,51.5430452,-0.3408245,3,,,POINT (-0.3408245 51.5430452),63,20,6320,51.54208279350001,-0.340823469,0.10701474392112725
31337633,51.5415915,-0.3347578,1,,,POINT (-0.3347578 51.5415915),63,21,6321,51.54208279350001,-0.332579287,0.16025781306412074
25436796,51.5411535,-0.3246299,3,,,POINT (-0.3246299 51.5411535),63,22,6322,51.54208279350001,-0.324335105,0.1053246876686484
25436390,51.5420005,-0.3158672,3,,,POINT (-0.3158672 51.5420005),63,23,6323,51.54208279350001,-0.316090923,0.017975377351614443
6307800194,51.5411798,-0.3071946,1,,,POINT (-0.3071946 51.5411798),63,24,6324,51.54208279350001,-0.30784674100000003,0.110072063962545
90407563,51.5426424,-0.2988264,3,,,POINT (-0.2988264 51.5426424),63,25,6325,51.54208279350001,-0.29960255900000005,0.08217742089815099
1701097893,51.5422633,-0.2915692,3,,,POINT (-0.2915692 51.5422633),63,26,6326,51.54208279350001,-0.291358377,0.024807876908514437
304687744,51.542117,-0.284313,1,,,POINT (-0.284313 51.542117),63,27,6327,51.54208279350001,-0.283114195,0.08299237429455418
197169,51.5426496,-0.2753892,3,motorway_junction,,POINT (-0.2753892 51.5426496),63,28,6328,51.54208279350001,-0.274870013,0.0725358050846152
27431141,51.5425149,-0.2671072,3,,,POINT (-0.2671072 51.5425149),63,29,6329,51.54208279350001,-0.266625831,0.058453538917939564
87351116,51.541748,-0.2579195,3,,,POINT (-0.2579195 51.541748),63,30,6330,51.54208279350001,-0.258381649,0.04906489271902295
1697639497,51.5412542,-0.2495632,3,,,POINT (-0.2495632 51.5412542),63,31,6331,51.54208279350001,-0.250137467,0.10033038575507205
305169166,51.541425,-0.2429309,3,,,POINT (-0.2429309 51.541425),63,32,6332,51.54208279350001,-0.241893285,0.10246563752831407
26467172,51.5422477,-0.2344673,3,,,POINT (-0.2344673 51.5422477),63,33,6333,51.54208279350001,-0.23364910300000002,0.05948055976504432
451736644,51.5422458,-0.2258486,3,,,POINT (-0.2258486 51.5422458),63,34,6334,51.54208279350001,-0.22540492100000004,0.03563699272324313
631432647,51.5412807,-0.2160719,1,,,POINT (-0.2160719 51.5412807),63,35,6335,51.54208279350001,-0.217160739,0.116725614561446
2373562,51.5430699,-0.2084043,4,traffic_signals,,POINT (-0.2084043 51.5430699),63,36,6336,51.54208279350001,-0.208916557,0.11533645209440593
29387590,51.5425383,-0.2005762,3,,,POINT (-0.2005762 51.5425383),63,37,6337,51.54208279350001,-0.20067237500000001,0.05108483908294952
262658351,51.5418929,-0.1926094,3,,,POINT (-0.1926094 51.5418929),63,38,6338,51.54208279350001,-0.19242819300000003,0.024553905386042966
1364409407,51.543066,-0.1818507,3,,,POINT (-0.1818507 51.543066),63,39,6339,51.54208279350001,-0.18418401100000004,0.19491075006384798
301015893,51.54199,-0.1751767,3,,,POINT (-0.1751767 51.54199),63,40,6340,51.54208279350001,-0.175939829,0.05377460870583678
1690246792,51.5419094,-0.1677656,3,,,POINT (-0.1677656 51.5419094),63,41,6341,51.54208279350001,-0.167695647,0.019878136529222587
21667657,51.5415004,-0.158472,3,,,POINT (-0.158472 51.5415004),63,42,6342,51.54208279350001,-0.15945146500000001,0.09371250500038543
770550210,51.5418434,-0.1509084,3,,,POINT (-0.1509084 51.5418434),63,43,6343,51.54208279350001,-0.15120728300000003,0.0337020572968778
300502023,51.5418795,-0.141955,3,,,POINT (-0.141955 51.5418795),63,44,6344,51.54208279350001,-0.14296310100000004,0.07329014446517558
183313970,51.5422719,-0.1349857,3,,,POINT (-0.1349857 51.5422719),63,45,6345,51.54208279350001,-0.13471891900000005,0.027974124078898325
168082,51.542502,-0.12575,3,,,POINT (-0.12575 51.542502),63,46,6346,51.54208279350001,-0.126474737,0.06844598106311345
11210476948,51.5418192,-0.1177798,1,,,POINT (-0.1177798 51.5418192),63,47,6347,51.54208279350001,-0.11823055500000001,0.0427882145174765
107951,51.5422083,-0.1100299,4,,,POINT (-0.1100299 51.5422083),63,48,6348,51.54208279350001,-0.10998637300000003,0.01427663513651123
1754901528,51.5425083,-0.1020111,1,,,POINT (-0.1020111 51.5425083),63,49,6349,51.54208279350001,-0.10174219100000004,0.05083766710438837
252112373,51.542289,-0.0937388,3,,,POINT (-0.0937388 51.542289),63,50,6350,51.54208279350001,-0.09349800900000005,0.02833798273759236
107039,51.5417739,-0.0848722,3,mini_roundabout,,POINT (-0.0848722 51.5417739),63,51,6351,51.54208279350001,-0.085253827,0.04331611290918227
7833019505,51.5423638,-0.0762839,4,,,POINT (-0.0762839 51.5423638),63,52,6352,51.54208279350001,-0.07700964500000002,0.05912161230376065
34214658,51.5424771,-0.0699389,3,,,POINT (-0.0699389 51.5424771),63,53,6353,51.54208279350001,-0.06876546300000003,0.09223760013526763
9995823506,51.5417077,-0.0618748,1,,,POINT (-0.0618748 51.5417077),63,54,6354,51.54208279350001,-0.06052128100000003,0.10247686301775662
292741240,51.542366,-0.0538872,3,,,POINT (-0.0538872 51.542366),63,55,6355,51.54208279350001,-0.05227709900000004,0.11571609579860001
5434504881,51.5420202,-0.0435121,3,,,POINT (-0.0435121 51.5420202),63,56,6356,51.54208279350001,-0.04403291700000005,0.036684240852303714
50918731,51.5426155,-0.036635,3,,,POINT (-0.036635 51.5426155),63,57,6357,51.54208279350001,-0.03578873500000001,0.08326946852272599
11064635,51.5420123,-0.0267578,3,mini_roundabout,,POINT (-0.0267578 51.5420123),63,58,6358,51.54208279350001,-0.02754455300000002,0.05497088618814987
1409666012,51.5429006,-0.019682,3,,,POINT (-0.019682 51.5429006),63,59,6359,51.54208279350001,-0.01930037100000003,0.09468831258054622
5745485323,51.5425291,-0.0097378,1,,,POINT (-0.0097378 51.5425291),63,60,6360,51.54208279350001,-0.011056189000000044,0.10380596870458944
2453945707,51.5417775,-0.004871,3,,,POINT (-0.004871 51.5417775),63,61,6361,51.54208279350001,-0.002812007,0.14638393392087154
268787651,51.5421821,0.0053972,3,,,POINT (0.0053972 51.5421821),63,62,6362,51.54208279350001,0.005432174999999989,0.011304179376087421
130192757,51.5417156,0.0136962,3,,,POINT (0.0136962 51.5417156),63,63,6363,51.54208279350001,0.013676356999999978,0.040853108604053716
1244859682,51.5422632,0.0228336,1,,,POINT (0.0228336 51.5422632),63,64,6364,51.54208279350001,0.021920538999999968,0.06625391347029967
119019711,51.541979,0.0301398,3,,,POINT (0.0301398 51.541979),63,65,6365,51.54208279350001,0.030164720999999957,0.011669281789458965
3371593034,51.5420174,0.037497,3,,,POINT (0.037497 51.5420174),63,66,6366,51.54208279350001,0.038408902999999946,0.06348191789999558
118229856,51.542032,0.0473787,3,,,POINT (0.0473787 51.542032),63,67,6367,51.54208279350001,0.046653084999999934,0.05049789228243206
117931863,51.5423774,0.0550767,4,,,POINT (0.0550767 51.5423774),63,68,6368,51.54208279350001,0.05489726699999992,0.035030229551583296
340131267,51.5418992,0.0629516,1,,,POINT (0.0629516 51.5418992),63,69,6369,51.54208279350001,0.0631414489999999,0.024272160257532344
688363896,51.542216,0.0718085,1,,,POINT (0.0718085 51.542216),63,70,6370,51.54208279350001,0.071385631,0.0327812456915957
6251742588,51.5417058,0.0802552,3,,,POINT (0.0802552 51.5417058),63,71,6371,51.54208279350001,0.079629813,0.060231302920774915
26422683,51.5417574,0.0864622,3,,,POINT (0.0864622 51.5417574),63,72,6372,51.54208279350001,0.08787399499999998,0.10412385331194438
178965586,51.5416172,0.0972505,3,,,POINT (0.0972505 51.5416172),63,73,6373,51.54208279350001,0.09611817699999997,0.09387457006774773
178964528,51.5417814,0.1029681,3,,,POINT (0.1029681 51.5417814),63,74,6374,51.54208279350001,0.10436235899999996,0.10208054061977317
1379321711,51.5421142,0.1137784,1,,,POINT (0.1137784 51.5421142),63,75,6375,51.54208279350001,0.11260654099999995,0.08111688821034148
178936578,51.5416842,0.1205692,3,,,POINT (0.1205692 51.5416842),63,76,6376,51.54208279350001,0.12085072299999994,0.04840922771840384
1412597135,51.5414949,0.1292103,3,,,POINT (0.1292103 51.5414949),63,77,6377,51.54208279350001,0.12909490499999993,0.06585608913160579
180492385,51.5414531,0.1372406,3,,,POINT (0.1372406 51.5414531),63,78,6378,51.54208279350001,0.13733908699999992,0.07034921560644201
1097271189,51.541997,0.1445685,3,,,POINT (0.1445685 51.541997),63,79,6379,51.54208279350001,0.1455832689999999,0.07082341264733719
177671384,51.5413464,0.1539472,3,,,POINT (0.1539472 51.5413464),63,80,6380,51.54208279350001,0.153827451,0.0823009419161573
177675532,51.5418388,0.1623163,1,,,POINT (0.1623163 51.5418388),63,81,6381,51.54208279350001,0.162071633,0.03197469731384322
191062452,51.5414856,0.1697033,1,,,POINT (0.1697033 51.5414856),63,82,6382,51.54208279350001,0.17031581499999998,0.07876517399559589
3439457299,51.5427188,0.1787098,1,,,POINT (0.1787098 51.5427188),63,83,6383,51.54208279350001,0.17855999699999997,0.07147546419414222
1139331062,51.5410874,0.1886111,1,,,POINT (0.1886111 51.5410874),63,84,6384,51.54208279350001,0.18680417899999996,0.16693143321613865
183589342,51.5422744,0.1952667,3,,,POINT (0.1952667 51.5422744),63,85,6385,51.54208279350001,0.19504836099999995,0.02611374380598503
3519153604,51.5415528,0.2032558,1,,,POINT (0.2032558 51.5415528),63,86,6386,51.54208279350001,0.20329254299999994,0.05898734458121428
173740457,51.5423048,0.2112507,3,,,POINT (0.2112507 51.5423048),63,87,6387,51.54208279350001,0.21153672499999993,0.031633283187438174
11526165877,51.543305,0.2305479,3,,,POINT (0.2305479 51.543305),63,89,6389,51.54208279350001,0.2280250889999999,0.22115206773993953
185660695,51.5439152,0.244263,3,,,POINT (0.244263 51.5439152),63,91,6391,51.54208279350001,0.244513453,0.20448912847198958
33321153,51.5426972,0.2512416,3,,,POINT (0.2512416 51.5426972),63,92,6392,51.54208279350001,0.252757635,0.1251380388115645
33323385,51.5406005,0.2615179,3,,,POINT (0.2615179 51.5406005),63,93,6393,51.54208279350001,0.26100181699999997,0.16864354680228558
255702890,51.5420233,0.2770774,3,,,POINT (0.2770774 51.5420233),63,95,6395,51.54208279350001,0.27749018099999995,0.02930302229339176
33323634,51.5432937,0.2885762,3,,,POINT (0.2885762 51.5432937),63,96,6396,51.54208279350001,0.28573436299999994,0.23822964605840274
255693873,51.5411884,0.2959567,3,,,POINT (0.2959567 51.5411884),63,97,6397,51.54208279350001,0.2939785449999999,0.16913294611610805
254581683,51.5459991,-0.4882106,1,,,POINT (-0.4882106 51.5459991),64,2,6402,51.546014574500006,-0.489218745,0.06973503415077648
26971007,51.5457572,-0.4798903,2,mini_roundabout,,POINT (-0.4798903 51.5457572),64,3,6403,51.546014574500006,-0.48097456299999997,0.08025380622938094
27145876,51.5462716,-0.4736947,1,turning_circle,,POINT (-0.4736947 51.5462716),64,4,6404,51.546014574500006,-0.472730381,0.07254954355890617
4167034814,51.5458079,-0.4650763,1,,,POINT (-0.4650763 51.5458079),64,5,6405,51.546014574500006,-0.464486199,0.046832206351451605
249171919,51.5467004,-0.4573858,1,,,POINT (-0.4573858 51.5467004),64,6,6406,51.546014574500006,-0.456242017,0.10986938238699259
68895097,51.5465636,-0.4482691,1,,,POINT (-0.4482691 51.5465636),64,7,6407,51.546014574500006,-0.447997835,0.06386568070115216
249091667,51.5456205,-0.4397127,3,,,POINT (-0.4397127 51.5456205),64,8,6408,51.546014574500006,-0.43975365299999997,0.04391050076353503
6398580659,51.5478631,-0.4071093,3,,,POINT (-0.4071093 51.5478631),64,12,6412,51.546014574500006,-0.406776925,0.20682762711958005
65275445,51.5457437,-0.3969127,1,,,POINT (-0.3969127 51.5457437),64,13,6413,51.546014574500006,-0.398532743,0.11600561609507223
4158140007,51.5474481,-0.3923472,3,motorway_junction,,POINT (-0.3923472 51.5474481),64,14,6414,51.546014574500006,-0.39028856100000003,0.21371290607440768
68206153,51.5461769,-0.3818636,3,,,POINT (-0.3818636 51.5461769),64,15,6415,51.546014574500006,-0.382044379,0.021956045594886273
68204531,51.5456538,-0.3744994,1,,,POINT (-0.3744994 51.5456538),64,16,6416,51.546014574500006,-0.373800197,0.06282583072146546
32341351,51.5454228,-0.3651526,3,,,POINT (-0.3651526 51.5454228),64,17,6417,51.546014574500006,-0.365556015,0.07147141619811294
2317604409,51.5462568,-0.3589889,1,,,POINT (-0.3589889 51.5462568),64,18,6418,51.546014574500006,-0.35731183299999997,0.11905650317966883
26921482,51.5479026,-0.3355141,1,,,POINT (-0.3355141 51.5479026),64,21,6421,51.546014574500006,-0.332579287,0.29199120785965355
30775213,51.5474164,-0.3071306,1,,,POINT (-0.3071306 51.5474164),64,24,6424,51.546014574500006,-0.30784674100000003,0.1635530480109486
90408286,51.5457798,-0.2999925,3,,,POINT (-0.2999925 51.5457798),64,25,6425,51.546014574500006,-0.29960255900000005,0.0375313838673973
1701037314,51.5461552,-0.291466,3,,,POINT (-0.291466 51.5461552),64,26,6426,51.546014574500006,-0.291358377,0.01731753050312198
21578218,51.5473575,-0.2805598,3,,,POINT (-0.2805598 51.5473575),64,27,6427,51.546014574500006,-0.283114195,0.2312972348049288
20952253,51.5460266,-0.2742843,3,,,POINT (-0.2742843 51.5460266),64,28,6428,51.546014574500006,-0.274870013,0.0405244432918693
27431144,51.5457739,-0.2673193,3,,,POINT (-0.2673193 51.5457739),64,29,6429,51.546014574500006,-0.266625831,0.05491601935805781
6054395701,51.5463463,-0.2599721,1,,,POINT (-0.2599721 51.5463463),64,30,6430,51.546014574500006,-0.258381649,0.11600099179207546
1697709266,51.5463364,-0.2494958,3,,,POINT (-0.2494958 51.5463364),64,31,6431,51.546014574500006,-0.250137467,0.05700368391407759
4091993758,51.5462089,-0.2390232,1,,,POINT (-0.2390232 51.5462089),64,32,6432,51.546014574500006,-0.241893285,0.19964037146022576
394159979,51.5459306,-0.2337428,1,,,POINT (-0.2337428 51.5459306),64,33,6433,51.546014574500006,-0.23364910300000002,0.0113652862741634
451737672,51.5457919,-0.224711,3,,,POINT (-0.224711 51.5457919),64,34,6434,51.546014574500006,-0.22540492100000004,0.05399671386953594
2373515,51.5449026,-0.2175228,3,,,POINT (-0.2175228 51.5449026),64,35,6435,51.546014574500006,-0.217160739,0.12615532870706653
21363998,51.5454212,-0.2106665,3,,,POINT (-0.2106665 51.5454212),64,36,6436,51.546014574500006,-0.208916557,0.13782920684345604
2473260517,51.5452881,-0.199534,1,,,POINT (-0.199534 51.5452881),64,37,6437,51.546014574500006,-0.20067237500000001,0.1127930648814493
1620076883,51.545954,-0.1929226,3,,,POINT (-0.1929226 51.545954),64,38,6438,51.546014574500006,-0.19242819300000003,0.034845724092930665
1364333136,51.54549,-0.1843842,4,,,POINT (-0.1843842 51.54549),64,39,6439,51.546014574500006,-0.18418401100000004,0.059950208223524634
1692355522,51.5460374,-0.1757759,3,,,POINT (-0.1757759 51.5460374),64,40,6440,51.546014574500006,-0.175939829,0.011616442582956011
26635715,51.5466587,-0.1687054,3,,,POINT (-0.1687054 51.5466587),64,41,6441,51.546014574500006,-0.167695647,0.10002691355793282
1690247303,51.5458451,-0.1591944,3,,,POINT (-0.1591944 51.5458451),64,42,6442,51.546014574500006,-0.15945146500000001,0.025905924904936744
772196536,51.5462586,-0.1509515,3,,,POINT (-0.1509515 51.5462586),64,43,6443,51.546014574500006,-0.15120728300000003,0.03239016571750951
419260298,51.5460961,-0.1437246,1,turning_circle,,POINT (-0.1437246 51.5460961),64,44,6444,51.546014574500006,-0.14296310100000004,0.05343263835143473
2713311567,51.5459483,-0.1340137,1,,,POINT (-0.1340137 51.5459483),64,45,6445,51.546014574500006,-0.13471891900000005,0.049319998033440685
469434143,51.546019,-0.1266068,3,,,POINT (-0.1266068 51.546019),64,46,6446,51.546014574500006,-0.126474737,0.009145478533467782
643969188,51.5456412,-0.1184319,3,,,POINT (-0.1184319 51.5456412),64,47,6447,51.546014574500006,-0.11823055500000001,0.04378978425519377
12009236,51.5461642,-0.1098496,3,,,POINT (-0.1098496 51.5461642),64,48,6448,51.546014574500006,-0.10998637300000003,0.01913796624411064
6384755933,51.5461176,-0.1021217,3,,,POINT (-0.1021217 51.5461176),64,49,6449,51.546014574500006,-0.10174219100000004,0.028634682687282316
339850379,51.5462001,-0.0949432,3,,,POINT (-0.0949432 51.5462001),64,50,6450,51.546014574500006,-0.09349800900000005,0.10204260177933372
7762447155,51.5461085,-0.0857082,1,,,POINT (-0.0857082 51.5461085),64,51,6451,51.546014574500006,-0.085253827,0.033110444754734555
482075353,51.546091,-0.0770903,3,,,POINT (-0.0770903 51.546091),64,52,6452,51.546014574500006,-0.07700964500000002,0.010164882094170357
5449403281,51.5463036,-0.0683498,1,,,POINT (-0.0683498 51.5463036),64,53,6453,51.546014574500006,-0.06876546300000003,0.043116535455417056
18061288,51.5463097,-0.0606711,3,,,POINT (-0.0606711 51.5463097),64,54,6454,51.546014574500006,-0.06052128100000003,0.034412937127012044
18064186,51.5466982,-0.0522476,3,,,POINT (-0.0522476 51.5466982),64,55,6455,51.546014574500006,-0.05227709900000004,0.07604305185912154
6292300436,51.5460424,-0.0436578,1,,,POINT (-0.0436578 51.5460424),64,56,6456,51.546014574500006,-0.04403291700000005,0.026123419193057388
312854805,51.545904,-0.0361485,3,,,POINT (-0.0361485 51.545904),64,57,6457,51.546014574500006,-0.03578873500000001,0.027750476087442803
11064162,51.545978,-0.0263673,3,,,POINT (-0.0263673 51.545978),64,58,6458,51.546014574500006,-0.02754455300000002,0.08150925793778573
1898643501,51.5452386,-0.0190617,3,,,POINT (-0.0190617 51.5452386),64,59,6459,51.546014574500006,-0.01930037100000003,0.08784871543100685
1904632363,51.5464986,-0.009866,1,turning_circle,,POINT (-0.009866 51.5464986),64,60,6460,51.546014574500006,-0.011056189000000044,0.09833771000717559
9225090782,51.5461097,-0.0033095,3,,,POINT (-0.0033095 51.5461097),64,61,6461,51.546014574500006,-0.002812007,0.035991283652752816
130238514,51.5461317,0.005225,3,,,POINT (0.005225 51.5461317),64,62,6462,51.546014574500006,0.005432174999999989,0.019361295430624606
130233863,51.5461682,0.013256,1,,,POINT (0.013256 51.5461682),64,63,6463,51.546014574500006,0.013676356999999978,0.03371570537349018
130193642,51.5459242,0.0213515,3,,,POINT (0.0213515 51.5459242),64,64,6464,51.546014574500006,0.021920538999999968,0.04061233481885291
119017421,51.5458382,0.0300448,3,,,POINT (0.0300448 51.5458382),64,65,6465,51.546014574500006,0.030164720999999957,0.021293100237422938
32861059,51.5457095,0.0386796,3,,,POINT (0.0386796 51.5457095),64,66,6466,51.546014574500006,0.038408902999999946,0.03874467338050157
25503453,51.5462552,0.0489079,3,,,POINT (0.0489079 51.5462552),64,67,6467,51.546014574500006,0.046653084999999934,0.15820036350174074
117936068,51.5453065,0.0562572,4,,,POINT (0.0562572 51.5453065),64,68,6468,51.546014574500006,0.05489726699999992,0.12264897846716734
118975699,51.5462766,0.0629338,3,,,POINT (0.0629338 51.5462766),64,69,6469,51.546014574500006,0.0631414489999999,0.032482025848483705
339418141,51.5459585,0.0718958,3,,,POINT (0.0718958 51.5459585),64,70,6470,51.546014574500006,0.071385631,0.035825267757731746
26422630,51.5461617,0.0791318,3,,,POINT (0.0791318 51.5461617),64,71,6471,51.546014574500006,0.079629813,0.03812611149042112
178976688,51.5473653,0.0854932,1,,,POINT (0.0854932 51.5473653),64,72,6472,51.546014574500006,0.08787399499999998,0.222848614654973
1576479533,51.5463159,0.0965606,3,,,POINT (0.0965606 51.5463159),64,73,6473,51.546014574500006,0.09611817699999997,0.04537198894605161
178960150,51.5454379,0.1045131,3,,,POINT (0.1045131 51.5454379),64,74,6474,51.546014574500006,0.10436235899999996,0.06496500879273966
6283088400,51.5450155,0.1132228,3,,,POINT (0.1132228 51.5450155),64,75,6475,51.546014574500006,0.11260654099999995,0.11898522852516623
178932184,51.5459076,0.1212586,4,,,POINT (0.1212586 51.5459076),64,76,6476,51.546014574500006,0.12085072299999994,0.030610636551896574
180515575,51.5474458,0.1284857,3,,,POINT (0.1284857 51.5474458),64,77,6477,51.546014574500006,0.12909490499999993,0.1646260996361553
180499765,51.5461932,0.1389503,4,,,POINT (0.1389503 51.5461932),64,78,6478,51.546014574500006,0.13733908699999992,0.11317264520514711
180501020,51.5460854,0.1453338,3,,,POINT (0.1453338 51.5460854),64,79,6479,51.546014574500006,0.1455832689999999,0.018963551958944194
177684278,51.5459365,0.1533813,3,,,POINT (0.1533813 51.5459365),64,80,6480,51.546014574500006,0.153827451,0.03204981350768057
177679909,51.545403,0.1624393,3,,,POINT (0.1624393 51.545403),64,81,6481,51.546014574500006,0.162071633,0.07260130328692752
8347305017,51.5461482,0.1691924,1,,,POINT (0.1691924 51.5461482),64,82,6482,51.546014574500006,0.17031581499999998,0.0790928628883341
4854314382,51.546424,0.1877289,1,,,POINT (0.1877289 51.546424),64,84,6484,51.546014574500006,0.18680417899999996,0.07849549735318648
183578372,51.5457199,0.1952151,3,,,POINT (0.1952151 51.5457199),64,85,6485,51.546014574500006,0.19504836099999995,0.03473578825875319
746824671,51.5455999,0.2029509,4,,,POINT (0.2029509 51.5455999),64,86,6486,51.546014574500006,0.20329254299999994,0.05180966090575441
173736902,51.5459308,0.2109439,3,,,POINT (0.2109439 51.5459308),64,87,6487,51.546014574500006,0.21153672499999993,0.04203927577706361
7942740970,51.5458461,0.2191935,3,,,POINT (0.2191935 51.5458461),64,88,6488,51.546014574500006,0.21978090699999991,0.044731377135295805
185660692,51.5459689,0.2437197,2,,,POINT (0.2437197 51.5459689),64,91,6491,51.546014574500006,0.244513453,0.05512295718979255
185664887,51.5468387,0.2521784,1,,,POINT (0.2521784 51.5468387),64,92,6492,51.546014574500006,0.252757635,0.10000978037853299
2137798849,51.54782,0.2892228,1,,,POINT (0.2892228 51.54782),64,96,6496,51.546014574500006,0.28573436299999994,0.31383206609155695
26782451,51.5443927,0.2939908,3,,,POINT (0.2939908 51.5443927),64,97,6497,51.546014574500006,0.2939785449999999,0.18034620718121439
4405590601,51.5502395,-0.4811065,1,,,POINT (-0.4811065 51.5502395),65,3,6503,51.549946355500005,-0.48097456299999997,0.03384870268696305
444850695,51.549988,-0.4729415,3,,,POINT (-0.4729415 51.549988),65,4,6504,51.549946355500005,-0.472730381,0.015314589995354287
1678581718,51.5497649,-0.4660745,3,,,POINT (-0.4660745 51.5497649),65,5,6505,51.549946355500005,-0.464486199,0.11166073000107801
240096981,51.5499516,-0.455304,3,,,POINT (-0.455304 51.5499516),65,6,6506,51.549946355500005,-0.456242017,0.0648614126393747
68897346,51.5498655,-0.44753,3,,,POINT (-0.44753 51.5498655),65,7,6507,51.549946355500005,-0.447997835,0.0335744636683871
5502411295,51.549548,-0.4405693,1,,,POINT (-0.4405693 51.549548),65,8,6508,51.549946355500005,-0.43975365299999997,0.07171311463042838
212345,51.5493971,-0.4333658,3,motorway_junction,,POINT (-0.4333658 51.5493971),65,9,6509,51.549946355500005,-0.431509471,0.14214540033669879
212340,51.5480075,-0.4066937,3,motorway_junction,,POINT (-0.4066937 51.5480075),65,12,6512,51.549946355500005,-0.406776925,0.2156676851029047
65248153,51.5506316,-0.3999902,3,,,POINT (-0.3999902 51.5506316),65,13,6513,51.549946355500005,-0.398532743,0.1263379832278531
2335182927,51.5486405,-0.3870435,1,,,POINT (-0.3870435 51.5486405),65,14,6514,51.549946355500005,-0.39028856100000003,0.2672666388812877
68208754,51.5500871,-0.3825579,3,,,POINT (-0.3825579 51.5500871),65,15,6515,51.549946355500005,-0.382044379,0.03880311675133564
32351879,51.5494206,-0.3741115,1,,,POINT (-0.3741115 51.5494206),65,16,6516,51.549946355500005,-0.373800197,0.06229812314233493
25628830,51.5494038,-0.3655718,3,,,POINT (-0.3655718 51.5494038),65,17,6517,51.549946355500005,-0.365556015,0.06033929127054552
26729951,51.5497368,-0.3575986,3,,,POINT (-0.3575986 51.5497368),65,18,6518,51.549946355500005,-0.35731183299999997,0.030596191750545232
25628933,51.5506024,-0.3488368,4,,,POINT (-0.3488368 51.5506024),65,19,6519,51.549946355500005,-0.349067651,0.07467472925445359
21652824,51.550633,-0.3409906,3,,,POINT (-0.3409906 51.550633),65,20,6520,51.549946355500005,-0.340823469,0.0772209672495715
26921457,51.5501416,-0.333559,3,,,POINT (-0.333559 51.5501416),65,21,6521,51.549946355500005,-0.332579287,0.07113558092040459
2290544770,51.5504019,-0.3248446,1,turning_circle,,POINT (-0.3248446 51.5504019),65,22,6522,51.549946355500005,-0.324335105,0.06170015439483177
30774997,51.5503249,-0.3160277,3,,,POINT (-0.3160277 51.5503249),65,23,6523,51.549946355500005,-0.316090923,0.04231862176820373
30775237,51.5495557,-0.3075388,3,,,POINT (-0.3075388 51.5495557),65,24,6524,51.549946355500005,-0.30784674100000003,0.04837676390450756
90410790,51.5504121,-0.299742,4,,,POINT (-0.299742 51.5504121),65,25,6525,51.549946355500005,-0.29960255900000005,0.05267827180594492
1701505956,51.5498294,-0.291456,3,,,POINT (-0.291456 51.5498294),65,26,6526,51.549946355500005,-0.291358377,0.014652314754315426
21578255,51.5503432,-0.2837255,3,,,POINT (-0.2837255 51.5503432),65,27,6527,51.549946355500005,-0.283114195,0.06110486948570841
1700917682,51.5498901,-0.2743482,4,,,POINT (-0.2743482 51.5498901),65,28,6528,51.549946355500005,-0.274870013,0.03661879661017646
305178602,51.5496052,-0.2671118,1,,,POINT (-0.2671118 51.5496052),65,29,6529,51.549946355500005,-0.266625831,0.05067698971766971
88894848,51.5500187,-0.2582396,3,,,POINT (-0.2582396 51.5500187),65,30,6530,51.549946355500005,-0.258381649,0.012695722361860628
631456737,51.5498998,-0.2507441,3,,,POINT (-0.2507441 51.5498998),65,31,6531,51.549946355500005,-0.250137467,0.04226364638117467
22532112,51.5505254,-0.2409039,3,,,POINT (-0.2409039 51.5505254),65,32,6532,51.549946355500005,-0.241893285,0.09394473851052254
22545421,51.5506407,-0.2333367,3,,,POINT (-0.2333367 51.5506407),65,33,6533,51.549946355500005,-0.23364910300000002,0.08017235377070957
394159959,51.550414,-0.2251173,3,,,POINT (-0.2251173 51.550414),65,34,6534,51.549946355500005,-0.22540492100000004,0.05567292291636779
21364003,51.5495124,-0.2174727,4,,,POINT (-0.2174727 51.5495124),65,35,6535,51.549946355500005,-0.217160739,0.05285548136241781
1352241,51.5494461,-0.2091138,4,mini_roundabout,,POINT (-0.2091138 51.5494461),65,36,6536,51.549946355500005,-0.208916557,0.05727340291900807
405275918,51.5502478,-0.2001392,3,,,POINT (-0.2001392 51.5502478),65,37,6537,51.549946355500005,-0.20067237500000001,0.049826047328263845
21470933,51.5500899,-0.1925425,3,,,POINT (-0.1925425 51.5500899),65,38,6538,51.549946355500005,-0.19242819300000003,0.017811102331111585
24942706,51.5493087,-0.1843034,3,,,POINT (-0.1843034 51.5493087),65,39,6539,51.549946355500005,-0.18418401100000004,0.07138300155005246
25291114,51.5494959,-0.1758486,4,,,POINT (-0.1758486 51.5494959),65,40,6540,51.549946355500005,-0.175939829,0.05048401314912035
25577153,51.550331,-0.168136,3,,,POINT (-0.168136 51.550331),65,41,6541,51.549946355500005,-0.167695647,0.052501347552383934
25498641,51.5504809,-0.1601061,3,,,POINT (-0.1601061 51.5504809),65,42,6542,51.549946355500005,-0.15945146500000001,0.07471143933965424
9621381960,51.5496945,-0.1513434,1,,,POINT (-0.1513434 51.5496945),65,43,6543,51.549946355500005,-0.15120728300000003,0.029544282543321233
29740239,51.5494227,-0.1421816,3,,,POINT (-0.1421816 51.5494227),65,44,6544,51.549946355500005,-0.14296310100000004,0.07943843091849477
726020784,51.5500758,-0.134779,3,,,POINT (-0.134779 51.5500758),65,45,6545,51.549946355500005,-0.13471891900000005,0.014981083519081038
643911023,51.5498287,-0.1266663,1,,,POINT (-0.1266663 51.5498287),65,46,6546,51.549946355500005,-0.126474737,0.018617244314308046
198067,51.5500509,-0.1182173,4,,,POINT (-0.1182173 51.5500509),65,47,6547,51.549946355500005,-0.11823055500000001,0.011660891262722838
305399289,51.5501475,-0.1097946,3,,,POINT (-0.1097946 51.5501475),65,48,6548,51.549946355500005,-0.10998637300000003,0.02600149171585527
1754950894,51.5503038,-0.1024894,3,,,POINT (-0.1024894 51.5503038),65,49,6549,51.549946355500005,-0.10174219100000004,0.06518469129820444
66331447,51.5504951,-0.0922524,4,mini_roundabout,,POINT (-0.0922524 51.5504951),65,50,6550,51.549946355500005,-0.09349800900000005,0.10555064468914366
1684964845,51.5504331,-0.0847179,3,,,POINT (-0.0847179 51.5504331),65,51,6551,51.549946355500005,-0.085253827,0.06559360517750262
4613176730,51.5499251,-0.0767496,3,,,POINT (-0.0767496 51.5499251),65,52,6552,51.549946355500005,-0.07700964500000002,0.01813537948249264
243138,51.5498872,-0.0683513,4,,,POINT (-0.0683513 51.5498872),65,53,6553,51.549946355500005,-0.06876546300000003,0.029382877911354847
52353595,51.5495935,-0.0605987,3,,,POINT (-0.0605987 51.5495935),65,54,6554,51.549946355500005,-0.06052128100000003,0.039599234290665065
568113940,51.5500889,-0.0525494,1,,,POINT (-0.0525494 51.5500889),65,55,6555,51.549946355500005,-0.05227709900000004,0.024611528912654553
2811568448,51.5498656,-0.0442904,3,,,POINT (-0.0442904 51.5498656),65,56,6556,51.549946355500005,-0.04403291700000005,0.019939919155602646
254980348,51.5496595,-0.0358641,3,,,POINT (-0.0358641 51.5496595),65,57,6557,51.549946355500005,-0.03578873500000001,0.03231975028452285
278557051,51.5493493,-0.028204,1,,,POINT (-0.028204 51.5493493),65,58,6558,51.549946355500005,-0.02754455300000002,0.08054006585915423
425679057,51.5510036,-0.0197292,3,,,POINT (-0.0197292 51.5510036),65,59,6559,51.549946355500005,-0.01930037100000003,0.12124182362536597
7772353135,51.549899,-0.0106145,3,,,POINT (-0.0106145 51.549899),65,60,6560,51.549946355500005,-0.011056189000000044,0.030991041064057187
99366641,51.5501928,-0.0033463,3,,,POINT (-0.0033463 51.5501928),65,61,6561,51.549946355500005,-0.002812007,0.04599736391463491
32894842,51.5498114,0.0051251,3,,,POINT (0.0051251 51.5498114),65,62,6562,51.549946355500005,0.005432174999999989,0.02600027962301468
130237697,51.5501926,0.0147258,3,,,POINT (0.0147258 51.5501926),65,63,6563,51.549946355500005,0.013676356999999978,0.0775572733962573
279151003,51.5504193,0.0216656,1,,,POINT (0.0216656 51.5504193),65,64,6564,51.549946355500005,0.021920538999999968,0.0554647349015629
8557044542,51.5499207,0.0302895,3,mini_roundabout,,POINT (0.0302895 51.5499207),65,65,6565,51.549946355500005,0.030164720999999957,0.00908719342171526
119011811,51.5501026,0.0378344,3,,,POINT (0.0378344 51.5501026),65,66,6566,51.549946355500005,0.038408902999999946,0.04335682601763208
25503131,51.5501722,0.0463294,3,,,POINT (0.0463294 51.5501722),65,67,6567,51.549946355500005,0.046653084999999934,0.03363867428129794
118980651,51.5509764,0.054986,3,,,POINT (0.054986 51.5509764),65,68,6568,51.549946355500005,0.05489726699999992,0.11469993075014913
118977380,51.5495507,0.0636103,4,,,POINT (0.0636103 51.5495507),65,69,6569,51.549946355500005,0.0631414489999999,0.054649049283446736
26422597,51.5499726,0.0719431,4,,,POINT (0.0719431 51.5499726),65,70,6570,51.549946355500005,0.071385631,0.03865626117324185
26422484,51.5502635,0.079802,3,,,POINT (0.079802 51.5502635),65,71,6571,51.549946355500005,0.079629813,0.037220388991025095
178976149,51.5497807,0.0866951,3,,,POINT (0.0866951 51.5497807),65,72,6572,51.549946355500005,0.08787399499999998,0.08356965890610447
26422059,51.549903,0.0958207,4,,,POINT (0.0958207 51.549903),65,73,6573,51.549946355500005,0.09611817699999997,0.021126338921402366
178948123,51.5498832,0.1044218,3,,,POINT (0.1044218 51.5498832),65,74,6574,51.549946355500005,0.10436235899999996,0.008136880247862932
183423890,51.5496626,0.1113556,3,,,POINT (0.1113556 51.5496626),65,75,6575,51.549946355500005,0.11260654099999995,0.09207121520780066
178929562,51.5499161,0.1207694,1,,,POINT (0.1207694 51.5499161),65,76,6576,51.549946355500005,0.12085072299999994,0.006552624532053699
32920159,51.5498157,0.1286756,3,,,POINT (0.1286756 51.5498157),65,77,6577,51.549946355500005,0.12909490499999993,0.03242910318353779
180511609,51.5496287,0.1363678,3,,,POINT (0.1363678 51.5496287),65,78,6578,51.549946355500005,0.13733908699999992,0.07588158817910372
180506511,51.5501671,0.1452071,3,,,POINT (0.1452071 51.5501671),65,79,6579,51.549946355500005,0.1455832689999999,0.0357632380849399
6287032901,51.5512848,0.1539279,1,,,POINT (0.1539279 51.5512848),65,80,6580,51.549946355500005,0.153827451,0.14899021120461636
1126928642,51.5511719,0.162756,1,,,POINT (0.162756 51.5511719),65,81,6581,51.549946355500005,0.162071633,0.14425616440534503
177700512,51.5485089,0.1666781,1,,,POINT (0.1666781 51.5485089),65,82,6582,51.549946355500005,0.17031581499999998,0.2980211201484534
5388098427,51.5492758,0.1890873,1,,,POINT (0.1890873 51.5492758),65,84,6584,51.549946355500005,0.18680417899999996,0.17458927451057152
3517607455,51.5500657,0.1936165,3,,,POINT (0.1936165 51.5500657),65,85,6585,51.549946355500005,0.19504836099999995,0.0998907212145986
183567144,51.5490836,0.2033362,3,,,POINT (0.2033362 51.5490836),65,86,6586,51.549946355500005,0.20329254299999994,0.09598151578856491
173730949,51.5498338,0.211499,1,,,POINT (0.211499 51.5498338),65,87,6587,51.549946355500005,0.21153672499999993,0.012784539069069619
45403838,51.5498355,0.2180957,3,,,POINT (0.2180957 51.5498355),65,88,6588,51.549946355500005,0.21978090699999991,0.11717325643835057
185688619,51.5500081,0.2285743,3,,,POINT (0.2285743 51.5500081),65,89,6589,51.549946355500005,0.2280250889999999,0.03859058911166706
33324565,51.5493886,0.236637,3,,,POINT (0.236637 51.5493886),65,90,6590,51.549946355500005,0.2362692709999999,0.06702940972791865
185656479,51.5499874,0.2445209,3,,,POINT (0.2445209 51.5499874),65,91,6591,51.549946355500005,0.244513453,0.0045928958088379875
185671612,51.5500781,0.2521256,3,,,POINT (0.2521256 51.5500781),65,92,6592,51.549946355500005,0.252757635,0.046091692211244775
5390689622,51.5501715,0.259003,1,,,POINT (0.259003 51.5501715),65,93,6593,51.549946355500005,0.26100181699999997,0.14045614907869677
304944698,51.5509514,0.2654801,1,,,POINT (0.2654801 51.5509514),65,94,6594,51.549946355500005,0.26924599899999996,0.28335774995768326
2137719777,51.5504987,0.294564,3,,,POINT (0.294564 51.5504987),65,97,6597,51.549946355500005,0.2939785449999999,0.07355850781431944
2137719736,51.5514123,0.305643,1,,,POINT (0.305643 51.5514123),65,98,6598,51.549946355500005,0.3022227269999999,0.2872248701390433
250352864,51.5531993,-0.4792219,1,,,POINT (-0.4792219 51.5531993),66,3,6603,51.5538781365,-0.48097456299999997,0.14276454883879808
27145614,51.5545636,-0.4718772,3,,,POINT (-0.4718772 51.5545636),66,4,6604,51.5538781365,-0.472730381,0.09637945772708946
249150282,51.5520551,-0.4522644,3,,,POINT (-0.4522644 51.5520551),66,6,6606,51.5538781365,-0.456242017,0.34164915845153393
892500379,51.5538108,-0.4479903,3,,,POINT (-0.4479903 51.5538108),66,7,6607,51.5538781365,-0.447997835,0.007505578831867515
445601494,51.5524594,-0.4418939,3,,,POINT (-0.4418939 51.5524594),66,8,6608,51.5538781365,-0.43975365299999997,0.21629597439212647
10016734718,51.5532844,-0.4067402,1,,,POINT (-0.4067402 51.5532844),66,12,6612,51.5538781365,-0.406776925,0.06606929572112256
65252369,51.5545158,-0.3985789,3,,,POINT (-0.3985789 51.5545158),66,13,6613,51.5538781365,-0.398532743,0.07097672289498835
65252344,51.5537055,-0.3921738,1,,,POINT (-0.3921738 51.5537055),66,14,6614,51.5538781365,-0.39028856100000003,0.13174903355775686
36212778,51.5535092,-0.3826184,3,,,POINT (-0.3826184 51.5535092),66,15,6615,51.5538781365,-0.382044379,0.05707915042473302
25323723,51.5537084,-0.3734829,1,,,POINT (-0.3734829 51.5537084),66,16,6616,51.5538781365,-0.373800197,0.028939181993016837
25324968,51.5544506,-0.3648121,3,,,POINT (-0.3648121 51.5544506),66,17,6617,51.5538781365,-0.365556015,0.08183709028216112
9761217,51.5538601,-0.3563694,3,,,POINT (-0.3563694 51.5538601),66,18,6618,51.5538781365,-0.35731183299999997,0.06518937638713147
18199432,51.5543152,-0.348267,1,,,POINT (-0.348267 51.5543152),66,19,6619,51.5538781365,-0.349067651,0.07366228474330574
4282065116,51.5530517,-0.3427133,3,,,POINT (-0.3427133 51.5530517),66,20,6620,51.5538781365,-0.340823469,0.15974107579095395
30782365,51.5533913,-0.3322285,3,,,POINT (-0.3322285 51.5533913),66,21,6621,51.5538781365,-0.332579287,0.059318407116417164
26841157,51.5540745,-0.3229983,1,,,POINT (-0.3229983 51.5540745),66,22,6622,51.5538781365,-0.324335105,0.09496875442362677
90422667,51.554596,-0.3151513,3,,,POINT (-0.3151513 51.554596),66,23,6623,51.5538781365,-0.316090923,0.10291724885137224
90418140,51.5538289,-0.306951,1,,,POINT (-0.306951 51.5538289),66,24,6624,51.5538781365,-0.30784674100000003,0.062171845516898167
90418934,51.554003,-0.29947,3,,,POINT (-0.29947 51.554003),66,25,6625,51.5538781365,-0.29960255900000005,0.0166363051479983
6103036393,51.5540491,-0.2910942,1,,,POINT (-0.2910942 51.5540491),66,26,6626,51.5538781365,-0.291358377,0.026362724999466923
1700918145,51.553407,-0.2834625,3,,,POINT (-0.2834625 51.553407),66,27,6627,51.5538781365,-0.283114195,0.057657761435458366
87293750,51.5532903,-0.2769222,1,,,POINT (-0.2769222 51.5532903),66,28,6628,51.5538781365,-0.274870013,0.1562185094300194
1700918225,51.5543909,-0.2676257,1,turning_circle,,POINT (-0.2676257 51.5543909),66,29,6629,51.5538781365,-0.266625831,0.08960884393466215
663455238,51.5539321,-0.258224,3,,,POINT (-0.258224 51.5539321),66,30,6630,51.5538781365,-0.258381649,0.012442164335725902
3137239532,51.554784,-0.2502057,1,,,POINT (-0.2502057 51.554784),66,31,6631,51.5538781365,-0.250137467,0.10083783478278854
451689213,51.5537042,-0.2419503,3,,,POINT (-0.2419503 51.5537042),66,32,6632,51.5538781365,-0.241893285,0.019738481628364713
2379483,51.5537449,-0.2341902,4,,,POINT (-0.2341902 51.5537449),66,33,6633,51.5538781365,-0.23364910300000002,0.04023748110446003
21583874,51.5541802,-0.2258898,3,,,POINT (-0.2258898 51.5541802),66,34,6634,51.5538781365,-0.22540492100000004,0.04745514309363983
21275781,51.5537773,-0.2173157,4,traffic_signals,,POINT (-0.2173157 51.5537773),66,35,6635,51.5538781365,-0.217160739,0.015508250085781657
21412027,51.5539882,-0.2095361,3,,,POINT (-0.2095361 51.5539882),66,36,6636,51.5538781365,-0.208916557,0.04454836945085176
24969335,51.5540395,-0.1996408,3,,,POINT (-0.1996408 51.5540395),66,37,6637,51.5538781365,-0.20067237500000001,0.07354389957393839
1190694347,51.5541806,-0.192778,1,,,POINT (-0.192778 51.5541806),66,38,6638,51.5538781365,-0.19242819300000003,0.04142532177416015
1693138378,51.554055,-0.1844846,3,,,POINT (-0.1844846 51.554055),66,39,6639,51.5538781365,-0.18418401100000004,0.028612354206038918
5561594445,51.5542066,-0.1758927,1,,,POINT (-0.1758927 51.5542066),66,40,6640,51.5538781365,-0.175939829,0.03666853586288057
25454061,51.5535098,-0.1681001,3,,,POINT (-0.1681001 51.5535098),66,41,6641,51.5538781365,-0.167695647,0.04959275739327362
227836,51.5537048,-0.1591304,3,,,POINT (-0.1591304 51.5537048),66,42,6642,51.5538781365,-0.15945146500000001,0.0293980433869766
995079579,51.5537347,-0.1514031,3,,,POINT (-0.1514031 51.5537347),66,43,6643,51.5538781365,-0.15120728300000003,0.02092069962224826
248453417,51.5536728,-0.1421803,3,,,POINT (-0.1421803 51.5536728),66,44,6644,51.5538781365,-0.14296310100000004,0.05874092925932276
195713,51.5540252,-0.1348199,3,,,POINT (-0.1348199 51.5540252),66,45,6645,51.5538781365,-0.13471891900000005,0.017780749953136853
26199472,51.5541265,-0.1283581,3,,,POINT (-0.1283581 51.5541265),66,46,6646,51.5538781365,-0.126474737,0.1331091397599237
254307236,51.5540289,-0.1179096,3,,,POINT (-0.1179096 51.5540289),66,47,6647,51.5538781365,-0.11823055500000001,0.027810927306319438
2649852247,51.5537048,-0.1100692,1,,,POINT (-0.1100692 51.5537048),66,48,6648,51.5538781365,-0.10998637300000003,0.02010686137843077
26799402,51.5540561,-0.1021536,1,,,POINT (-0.1021536 51.5540561),66,49,6649,51.5538781365,-0.10174219100000004,0.03465057194595056
26799440,51.553816,-0.0939221,3,,,POINT (-0.0939221 51.553816),66,50,6650,51.5538781365,-0.09349800900000005,0.030124138606021502
26374032,51.5536856,-0.0857933,3,,,POINT (-0.0857933 51.5536856),66,51,6651,51.5538781365,-0.085253827,0.04300611838079277
1239170864,51.5548464,-0.0766612,1,,,POINT (-0.0766612 51.5548464),66,52,6652,51.5538781365,-0.07700964500000002,0.11032827916516064
1332800178,51.5541201,-0.0686349,3,,,POINT (-0.0686349 51.5541201),66,53,6653,51.5538781365,-0.06876546300000003,0.02837904903800482
444609582,51.5523116,-0.0600842,1,,,POINT (-0.0600842 51.5523116),66,54,6654,51.5538781365,-0.06052128100000003,0.1767928260247166
569740579,51.5536642,-0.0524173,1,,,POINT (-0.0524173 51.5536642),66,55,6655,51.5538781365,-0.05227709900000004,0.02568775146981549
34104301,51.5538233,-0.0449451,4,,,POINT (-0.0449451 51.5538233),66,56,6656,51.5538781365,-0.04403291700000005,0.06336118019925298
688822948,51.5543765,-0.0343633,1,,,POINT (-0.0343633 51.5543765),66,57,6657,51.5538781365,-0.03578873500000001,0.11306362642354784
2410503681,51.5526683,-0.0192623,3,,,POINT (-0.0192623 51.5526683),66,59,6659,51.5538781365,-0.01930037100000003,0.13455342973914222
7762164267,51.5523988,-0.009594,1,give_way,,POINT (-0.009594 51.5523988),66,60,6660,51.5538781365,-0.011056189000000044,0.19307713911520474
99351297,51.5538732,-0.0007846,1,,,POINT (-0.0007846 51.5538732),66,61,6661,51.5538781365,-0.002812007,0.14017317917885794
130236601,51.5536929,0.0051333,3,,,POINT (0.0051333 51.5536929),66,62,6662,51.5538781365,0.005432174999999989,0.029176113905581107
6121110736,51.5541513,0.0119515,1,,,POINT (0.0119515 51.5541513),66,63,6663,51.5538781365,0.013676356999999978,0.12306130730196817
130235386,51.5534526,0.0220506,3,,,POINT (0.0220506 51.5534526),66,64,6664,51.5538781365,0.021920538999999968,0.04816437344634153
119008510,51.5543978,0.0306203,3,,,POINT (0.0306203 51.5543978),66,65,6665,51.5538781365,0.030164720999999957,0.06581111679798128
119004619,51.5536752,0.0351242,3,,,POINT (0.0351242 51.5536752),66,66,6666,51.5538781365,0.038408902999999946,0.22821863984435636
5189833678,51.5530031,0.0466195,3,,,POINT (0.0466195 51.5530031),66,67,6667,51.5538781365,0.046653084999999934,0.09732732310264618
252643306,51.554239,0.0544521,3,,,POINT (0.0544521 51.554239),66,68,6668,51.5538781365,0.05489726699999992,0.05057077087757409
348620648,51.5542807,0.0627946,1,,,POINT (0.0627946 51.5542807),66,69,6669,51.5538781365,0.0631414489999999,0.05078183406795437
747882849,51.5541618,0.070473,1,,,POINT (0.070473 51.5541618),66,70,6670,51.5538781365,0.071385631,0.07054240916934981
26422398,51.554043,0.0806276,4,mini_roundabout,,POINT (0.0806276 51.554043),66,71,6671,51.5538781365,0.079629813,0.07137967458275163
26422242,51.5540464,0.0871244,4,mini_roundabout,,POINT (0.0871244 51.5540464),66,72,6672,51.5538781365,0.08787399499999998,0.05509977769162857
26421960,51.5532517,0.0966682,3,,,POINT (0.0966682 51.5532517),66,73,6673,51.5538781365,0.09611817699999997,0.07936102179919594
26421968,51.5536146,0.1051139,4,,,POINT (0.1051139 51.5536146),66,74,6674,51.5538781365,0.10436235899999996,0.05965424418342088
178939775,51.5539775,0.1140059,3,,,POINT (0.1140059 51.5539775),66,75,6675,51.5538781365,0.11260654099999995,0.09737845998559386
178921351,51.5538815,0.1211642,4,,,POINT (0.1211642 51.5538815),66,76,6676,51.5538781365,0.12085072299999994,0.0216765892024862
178918148,51.5547009,0.1290244,3,,,POINT (0.1290244 51.5547009),66,77,6677,51.5538781365,0.12909490499999993,0.09161689733892918
746268463,51.5538466,0.1375437,3,,,POINT (0.1375437 51.5538466),66,78,6678,51.5538781365,0.13733908699999992,0.014574807198469502
180507648,51.5530881,0.1457641,3,,,POINT (0.1457641 51.5530881),66,79,6679,51.5538781365,0.1455832689999999,0.08873326780029352
691479869,51.553711,0.1531028,1,,,POINT (0.1531028 51.553711),66,80,6680,51.5538781365,0.153827451,0.053437326134114636
249894293,51.5540143,0.160791,3,,,POINT (0.160791 51.5540143),66,81,6681,51.5538781365,0.162071633,0.08982626568691895
249895501,51.5539251,0.1696707,1,,,POINT (0.1696707 51.5539251),66,82,6682,51.5538781365,0.17031581499999998,0.044906994758198635
4381408480,51.5539229,0.1795581,1,,,POINT (0.1795581 51.5539229),66,83,6683,51.5538781365,0.17855999699999997,0.06918669621110185
177725687,51.5557511,0.1898072,3,,,POINT (0.1898072 51.5557511),66,84,6684,51.5538781365,0.18680417899999996,0.2940750701895457
183549162,51.552825,0.1938415,3,,,POINT (0.1938415 51.552825),66,85,6685,51.5538781365,0.19504836099999995,0.14379055762793833
183557100,51.5538068,0.2031283,1,turning_circle,,POINT (0.2031283 51.5538068),66,86,6686,51.5538781365,0.20329254299999994,0.013851679161311926
185630384,51.5540578,0.2121233,1,,,POINT (0.2121233 51.5540578),66,87,6687,51.5538781365,0.21153672499999993,0.04520848468252563
531622665,51.5537657,0.2202713,1,,,POINT (0.2202713 51.5537657),66,88,6688,51.5538781365,0.21978090699999991,0.03613678356407282
185687976,51.5552022,0.2271214,3,,,POINT (0.2271214 51.5552022),66,89,6689,51.5538781365,0.2280250889999999,0.15993758917234427
185678126,51.5550164,0.2359665,3,mini_roundabout,,POINT (0.2359665 51.5550164),66,90,6690,51.5538781365,0.2362692709999999,0.12828846479318087
732644446,51.5541422,0.2431071,1,,,POINT (0.2431071 51.5541422),66,91,6691,51.5538781365,0.244513453,0.10156975481600479
185670150,51.5535777,0.2530356,3,,,POINT (0.2530356 51.5535777),66,92,6692,51.5538781365,0.252757635,0.038540458365936205
185669532,51.5544068,0.2583569,3,,,POINT (0.2583569 51.5544068),66,93,6693,51.5538781365,0.26100181699999997,0.19208118505487107
3663247410,51.5521594,0.2654729,3,,,POINT (0.2654729 51.5521594),66,94,6694,51.5538781365,0.26924599899999996,0.3233866463547034
2137778386,51.5558216,0.3085774,1,,,POINT (0.3085774 51.5558216),66,99,6699,51.5538781365,0.3104669089999999,0.25251968553689813
250355215,51.5577232,-0.4727934,3,,,POINT (-0.4727934 51.5577232),67,4,6704,51.5578099175,-0.472730381,0.010581082071874972
1478963139,51.5571225,-0.4636573,3,motorway_junction,,POINT (-0.4636573 51.5571225),67,5,6705,51.5578099175,-0.464486199,0.09553251380868485
529804120,51.556368,-0.4560734,1,,,POINT (-0.4560734 51.556368),67,6,6706,51.5578099175,-0.456242017,0.1607571192406115
251027173,51.5581265,-0.4469112,1,,,POINT (-0.4469112 51.5581265),67,7,6707,51.5578099175,-0.447997835,0.08296067016839744
68870455,51.5590029,-0.4402364,3,,,POINT (-0.4402364 51.5590029),67,8,6708,51.5578099175,-0.43975365299999997,0.13678722159216472
68871117,51.5571524,-0.4351911,1,,,POINT (-0.4351911 51.5571524),67,9,6709,51.5578099175,-0.431509471,0.26481536387741234
271246691,51.5588764,-0.4198248,3,,,POINT (-0.4198248 51.5588764),67,10,6710,51.5578099175,-0.423265289,0.2657711512292241
271246684,51.5593305,-0.4178753,3,,,POINT (-0.4178753 51.5593305),67,11,6711,51.5578099175,-0.415021107,0.2598488899241069
7019360233,51.557878,-0.4060454,3,,,POINT (-0.4060454 51.557878),67,12,6712,51.5578099175,-0.406776925,0.05113570017070972
7738282981,51.5575929,-0.3981494,1,turning_circle,,POINT (-0.3981494 51.5575929),67,13,6713,51.5578099175,-0.398532743,0.03584201977014317
1539733966,51.5570885,-0.3882967,2,,,POINT (-0.3882967 51.5570885),67,14,6714,51.5578099175,-0.39028856100000003,0.1593650735249676
7737741642,51.5588526,-0.3826339,3,,,POINT (-0.3826339 51.5588526),67,15,6715,51.5578099175,-0.382044379,0.12289531974711337
26964213,51.557422,-0.374891,3,,,POINT (-0.374891 51.557422),67,16,6716,51.5578099175,-0.373800197,0.0868752574618425
31193556,51.5575297,-0.3657116,3,,,POINT (-0.3657116 51.5575297),67,17,6717,51.5578099175,-0.365556015,0.032963022528022634
33671782,51.558148,-0.3580816,1,,,POINT (-0.3580816 51.558148),67,18,6718,51.5578099175,-0.35731183299999997,0.06515490466552346
18173754,51.5577273,-0.3482502,1,,,POINT (-0.3482502 51.5577273),67,19,6719,51.5578099175,-0.349067651,0.05725440847602794
936304157,51.5588334,-0.3398414,1,,,POINT (-0.3398414 51.5588334),67,20,6720,51.5578099175,-0.340823469,0.13251859210791156
936401409,51.5578832,-0.3348188,1,,,POINT (-0.3348188 51.5578832),67,21,6721,51.5578099175,-0.332579287,0.15503759245038728
31472910,51.5580502,-0.3240342,3,,,POINT (-0.3240342 51.5580502),67,22,6722,51.5578099175,-0.324335105,0.033861447162135884
2376221095,51.5578531,-0.317933,3,,,POINT (-0.317933 51.5578531),67,23,6723,51.5578099175,-0.316090923,0.12743806149825415
90423297,51.5577628,-0.3063066,3,,,POINT (-0.3063066 51.5577628),67,24,6724,51.5578099175,-0.30784674100000003,0.10660287925166713
89384481,51.5579394,-0.2988804,3,,,POINT (-0.2988804 51.5579394),67,25,6725,51.5578099175,-0.29960255900000005,0.05195931397248141
89393183,51.5572936,-0.2915687,3,,,POINT (-0.2915687 51.5572936),67,26,6726,51.5578099175,-0.291358377,0.059224522116218654
9044166962,51.5577071,-0.2821688,2,,,POINT (-0.2821688 51.5577071),67,27,6727,51.5578099175,-0.283114195,0.0663501305755395
1770721455,51.558017,-0.2754973,3,,,POINT (-0.2754973 51.558017),67,28,6728,51.5578099175,-0.274870013,0.049100124689583816
88902032,51.5594321,-0.2684081,3,,,POINT (-0.2684081 51.5594321),67,29,6729,51.5578099175,-0.266625831,0.2184428500829712
26414322,51.5583495,-0.2556155,3,,,POINT (-0.2556155 51.5583495),67,30,6730,51.5578099175,-0.258381649,0.20042151221462948
811085971,51.5578086,-0.2498887,1,,,POINT (-0.2498887 51.5578086),67,31,6731,51.5578099175,-0.250137467,0.017198541474953588
451712549,51.557655,-0.2433328,3,,,POINT (-0.2433328 51.557655),67,32,6732,51.5578099175,-0.241893285,0.1009974997425776
626116482,51.5582194,-0.2321974,3,,,POINT (-0.2321974 51.5582194),67,33,6733,51.5578099175,-0.23364910300000002,0.11020547121580407
626116458,51.5580322,-0.2261115,3,,,POINT (-0.2261115 51.5580322),67,34,6734,51.5578099175,-0.22540492100000004,0.05474483843924915
271864,51.5577986,-0.2166613,3,,,POINT (-0.2166613 51.5577986),67,35,6735,51.5578099175,-0.217160739,0.034550462641835165
25659600,51.5574477,-0.2090013,3,,,POINT (-0.2090013 51.5574477),67,36,6736,51.5578099175,-0.208916557,0.04070059986733846
7684882972,51.5582325,-0.1999677,3,,,POINT (-0.1999677 51.5582325),67,37,6737,51.5578099175,-0.20067237500000001,0.06768455619851795
26596996,51.5583355,-0.1909663,3,,,POINT (-0.1909663 51.5583355),67,38,6738,51.5578099175,-0.19242819300000003,0.11674500846591296
319840317,51.5583259,-0.1834867,1,,,POINT (-0.1834867 51.5583259),67,39,6739,51.5578099175,-0.18418401100000004,0.07493818777315059
252146737,51.5575226,-0.1756823,3,,,POINT (-0.1756823 51.5575226),67,40,6740,51.5578099175,-0.175939829,0.03657407265074049
248545521,51.5574899,-0.1678296,3,,,POINT (-0.1678296 51.5574899),67,41,6741,51.5578099175,-0.167695647,0.03676957845035686
87994491,51.5566267,-0.1594788,1,,,POINT (-0.1594788 51.5566267),67,42,6742,51.5578099175,-0.15945146500000001,0.13158135417408362
248454558,51.5571255,-0.1494147,3,,,POINT (-0.1494147 51.5571255),67,43,6743,51.5578099175,-0.15120728300000003,0.14542922957039306
25588275,51.5578647,-0.142901,3,,,POINT (-0.142901 51.5578647),67,44,6744,51.5578099175,-0.14296310100000004,0.007452409221283114
2449165890,51.5572145,-0.1343944,3,,,POINT (-0.1343944 51.5572145),67,45,6745,51.5578099175,-0.13471891900000005,0.06990529090830976
818817,51.5579958,-0.1253396,3,,,POINT (-0.1253396 51.5579958),67,46,6746,51.5578099175,-0.126474737,0.08115119900213259
25894188,51.5582705,-0.1175019,3,,,POINT (-0.1175019 51.5582705),67,47,6747,51.5578099175,-0.11823055500000001,0.0718360381939499
186242325,51.5582305,-0.1107669,1,,,POINT (-0.1107669 51.5582305),67,48,6748,51.5578099175,-0.10998637300000003,0.07140560851404969
199527,51.5578145,-0.1017934,3,,,POINT (-0.1017934 51.5578145),67,49,6749,51.5578099175,-0.10174219100000004,0.0035766951449422773
213623470,51.5577198,-0.0932748,1,,,POINT (-0.0932748 51.5577198),67,50,6750,51.5578099175,-0.09349800900000005,0.01839917443364065
262783559,51.5575831,-0.0860451,1,,,POINT (-0.0860451 51.5575831),67,51,6751,51.5578099175,-0.085253827,0.06023708275355578
262962284,51.5574225,-0.0762022,3,,,POINT (-0.0762022 51.5574225),67,52,6752,51.5578099175,-0.07700964500000002,0.07051082318255374
51621749,51.5574599,-0.0687705,3,,,POINT (-0.0687705 51.5574599),67,53,6753,51.5578099175,-0.06876546300000003,0.038921727995308464
35359515,51.5580426,-0.0611182,3,,,POINT (-0.0611182 51.5580426),67,54,6754,51.5578099175,-0.06052128100000003,0.04870667310513245
34104332,51.5579368,-0.0524321,3,,,POINT (-0.0524321 51.5579368),67,55,6755,51.5578099175,-0.05227709900000004,0.017716644219249383
688814383,51.5577406,-0.0437837,1,,,POINT (-0.0437837 51.5577406),67,56,6756,51.5578099175,-0.04403291700000005,0.018874567512776004
634610965,51.5564158,-0.0378596,1,,,POINT (-0.0378596 51.5564158),67,57,6757,51.5578099175,-0.03578873500000001,0.21101536564330683
243248,51.557664,-0.0164808,3,,,POINT (-0.0164808 51.557664),67,59,6759,51.5578099175,-0.01930037100000003,0.19559879530337665
34595458,51.5575175,-0.0109313,3,,,POINT (-0.0109313 51.5575175),67,60,6760,51.5578099175,-0.011056189000000044,0.033642120820677586
99354385,51.5565708,-0.0028998,3,,,POINT (-0.0028998 51.5565708),67,61,6761,51.5578099175,-0.002812007,0.13791719592571683
130239373,51.5577619,0.0052737,3,,,POINT (0.0052737 51.5577619),67,62,6762,51.5578099175,0.005432174999999989,0.012187604069950475
130235965,51.558035,0.0139529,1,,,POINT (0.0139529 51.558035),67,63,6763,51.5578099175,0.013676356999999978,0.031494508374075025
100419294,51.5561263,0.0220407,3,,,POINT (0.0220407 51.5561263),67,64,6764,51.5578099175,0.021920538999999968,0.18739394462735473
32858252,51.5587061,0.0422366,3,,,POINT (0.0422366 51.5587061),67,66,6766,51.5578099175,0.038408902999999946,0.2827578863868929
32636604,51.5574636,0.044553,3,mini_roundabout,,POINT (0.044553 51.5574636),67,67,6767,51.5578099175,0.046653084999999934,0.1502051755920294
116149366,51.5582271,0.0624422,3,,,POINT (0.0624422 51.5582271),67,69,6769,51.5578099175,0.0631414489999999,0.06699793686888794
32635332,51.5576967,0.0701558,3,,,POINT (0.0701558 51.5576967),67,70,6770,51.5578099175,0.071385631,0.08594855267099939
26422325,51.5576093,0.0800746,3,,,POINT (0.0800746 51.5576093),67,71,6771,51.5578099175,0.079629813,0.03798887364232289
26447434,51.5582105,0.0891737,3,,,POINT (0.0891737 51.5582105),67,72,6772,51.5578099175,0.08787399499999998,0.10028644665799218
26421641,51.5580429,0.0957644,4,,,POINT (0.0957644 51.5580429),67,73,6773,51.5578099175,0.09611817699999997,0.03562742256788619
26421917,51.5574676,0.1039552,3,,,POINT (0.1039552 51.5574676),67,74,6774,51.5578099175,0.10436235899999996,0.04734110376384925
178943938,51.5582254,0.1126327,3,,,POINT (0.1126327 51.5582254),67,75,6775,51.5578099175,0.11260654099999995,0.04623492714229089
10637159206,51.5587267,0.1213506,3,,,POINT (0.1213506 51.5587267),67,76,6776,51.5578099175,0.12085072299999994,0.10763967925584154
178942767,51.5577112,0.1290445,3,,,POINT (0.1290445 51.5577112),67,77,6777,51.5578099175,0.12909490499999993,0.011516713184565737
32918788,51.5590554,0.1374149,3,,,POINT (0.1374149 51.5590554),67,78,6778,51.5578099175,0.13733908699999992,0.13859047173589056
177702062,51.5575922,0.1458556,3,,,POINT (0.1458556 51.5575922),67,79,6779,51.5578099175,0.1455832689999999,0.03066815434034206
177697985,51.5574637,0.1540243,3,,,POINT (0.1540243 51.5574637),67,80,6780,51.5578099175,0.153827451,0.04083216027945362
4528663400,51.5571722,0.1593899,3,,,POINT (0.1593899 51.5571722),67,81,6781,51.5578099175,0.162071633,0.19849495388401053
249895555,51.5568727,0.1691773,1,,,POINT (0.1691773 51.5568727),67,82,6782,51.5578099175,0.17031581499999998,0.1305974125219404
248742935,51.5576457,0.1774639,3,,,POINT (0.1774639 51.5576457),67,83,6783,51.5578099175,0.17855999699999997,0.0779452798304366
11508800891,51.5582663,0.1875185,1,,,POINT (0.1875185 51.5582663),67,84,6784,51.5578099175,0.18680417899999996,0.07080922167085042
6414516020,51.5576588,0.1945521,3,,,POINT (0.1945521 51.5576588),67,85,6785,51.5578099175,0.19504836099999995,0.03820194510683936
7380378268,51.5571657,0.2053885,3,,,POINT (0.2053885 51.5571657),67,86,6786,51.5578099175,0.20329254299999994,0.16163976477964306
185632593,51.5574933,0.2109981,3,,,POINT (0.2109981 51.5574933),67,87,6787,51.5578099175,0.21153672499999993,0.051245019596608744
7387062652,51.557744,0.2204229,3,,,POINT (0.2204229 51.557744),67,88,6788,51.5578099175,0.21978090699999991,0.04498386613739051
185696086,51.5576662,0.227444,3,,,POINT (0.227444 51.5576662),67,89,6789,51.5578099175,0.2280250889999999,0.04323416557205105
185681118,51.5578158,0.2354977,3,,,POINT (0.2354977 51.5578158),67,90,6790,51.5578099175,0.2362692709999999,0.053344740342907176
732644456,51.5577732,0.2435271,1,,,POINT (0.2435271 51.5577732),67,91,6791,51.5578099175,0.244513453,0.06831132430262118
1341718304,51.5585766,0.2517556,1,mini_roundabout,,POINT (0.2517556 51.5585766),67,92,6792,51.5578099175,0.252757635,0.10984752737927798
183618645,51.5573399,0.2617374,3,,,POINT (0.2617374 51.5573399),67,93,6793,51.5578099175,0.26100181699999997,0.07292127708493401
138123041,51.5577613,0.2687733,3,,,POINT (0.2687733 51.5577613),67,94,6794,51.5578099175,0.26924599899999996,0.03312307907361331
138122063,51.5578464,0.2769006,3,,,POINT (0.2769006 51.5578464),67,95,6795,51.5578099175,0.27749018099999995,0.04096064710998242
2137773621,51.5564754,0.3084486,3,,,POINT (0.3084486 51.5564754),67,99,6799,51.5578099175,0.3104669089999999,0.20368979891412664
902330266,51.5604704,-0.4716295,1,,,POINT (-0.4716295 51.5604704),68,4,6804,51.56174169850001,-0.472730381,0.16054471194789344
68900955,51.5612006,-0.4646822,3,,,POINT (-0.4646822 51.5612006),68,5,6805,51.56174169850001,-0.464486199,0.06167407627719623
336081060,51.5616945,-0.4556803,1,,,POINT (-0.4556803 51.5616945),68,6,6806,51.56174169850001,-0.456242017,0.03918270895050285
218252882,51.5619685,-0.4476327,3,,,POINT (-0.4476327 51.5619685),68,7,6807,51.56174169850001,-0.447997835,0.03568038100840214
873920991,51.5618814,-0.4395644,3,,,POINT (-0.4395644 51.5618814),68,8,6808,51.56174169850001,-0.43975365299999997,0.020309051334340623
68872028,51.5615651,-0.4355662,3,,,POINT (-0.4355662 51.5615651),68,9,6809,51.56174169850001,-0.431509471,0.28111533790064613
271247526,51.5612325,-0.4199753,3,,,POINT (-0.4199753 51.5612325),68,10,6810,51.56174169850001,-0.423265289,0.2343693483417444
271246626,51.5613821,-0.4153814,3,,,POINT (-0.4153814 51.5613821),68,11,6811,51.56174169850001,-0.415021107,0.047107841947648936
60369680,51.5629436,-0.407167,3,,,POINT (-0.407167 51.5629436),68,12,6812,51.56174169850001,-0.406776925,0.13633836103004707
27120417,51.5611494,-0.3978732,3,,,POINT (-0.3978732 51.5611494),68,13,6813,51.56174169850001,-0.398532743,0.08010165246335228
27120388,51.562182,-0.3901778,3,,,POINT (-0.3901778 51.562182),68,14,6814,51.56174169850001,-0.39028856100000003,0.049554357704810426
257615475,51.5616058,-0.3829579,3,,,POINT (-0.3829579 51.5616058),68,15,6815,51.56174169850001,-0.382044379,0.06493160304483532
955932953,51.5621703,-0.3736687,1,turning_circle,,POINT (-0.3736687 51.5621703),68,16,6816,51.56174169850001,-0.373800197,0.048517430955383266
21489300,51.5621565,-0.3647907,3,,,POINT (-0.3647907 51.5621565),68,17,6817,51.56174169850001,-0.365556015,0.070186745886756
21663364,51.5619286,-0.3567191,4,,,POINT (-0.3567191 51.5619286),68,18,6818,51.56174169850001,-0.35731183299999997,0.04594284805850666
18173735,51.5622991,-0.3480544,3,,,POINT (-0.3480544 51.5622991),68,19,6819,51.56174169850001,-0.349067651,0.09352785938540938
18173729,51.5619567,-0.3395495,1,turning_circle,,POINT (-0.3395495 51.5619567),68,20,6820,51.56174169850001,-0.340823469,0.09125236275521376
25274000,51.5616224,-0.3321954,3,,,POINT (-0.3321954 51.5616224),68,21,6821,51.56174169850001,-0.332579287,0.029667750089649725
30774832,51.5615941,-0.3248403,1,,,POINT (-0.3248403 51.5615941),68,22,6822,51.56174169850001,-0.324335105,0.038586801428846615
31336946,51.5616283,-0.3163578,1,,,POINT (-0.3163578 51.5616283),68,23,6823,51.56174169850001,-0.316090923,0.022345839595721118
90425262,51.5617683,-0.3077779,3,,,POINT (-0.3077779 51.5617683),68,24,6824,51.56174169850001,-0.30784674100000003,0.005603137391479122
726948312,51.5624539,-0.298601,3,,,POINT (-0.298601 51.5624539),68,25,6825,51.56174169850001,-0.29960255900000005,0.1051897911552782
4958513638,51.5618814,-0.2919654,3,,,POINT (-0.2919654 51.5618814),68,26,6826,51.56174169850001,-0.291358377,0.04474447109258399
578081163,51.5619058,-0.2830428,3,,,POINT (-0.2830428 51.5619058),68,27,6827,51.56174169850001,-0.283114195,0.018902892935911242
2278349450,51.5612029,-0.2736225,1,,,POINT (-0.2736225 51.5612029),68,28,6828,51.56174169850001,-0.274870013,0.10500577032930514
27419588,51.5618617,-0.2664496,3,,,POINT (-0.2664496 51.5618617),68,29,6829,51.56174169850001,-0.266625831,0.018068137529054916
9386883947,51.5619869,-0.2576314,2,,,POINT (-0.2576314 51.5619869),68,30,6830,51.56174169850001,-0.258381649,0.05859234376594691
811086102,51.5616704,-0.2505431,3,,,POINT (-0.2505431 51.5616704),68,31,6831,51.56174169850001,-0.250137467,0.029139311031044925
25616486,51.5617215,-0.2422438,3,,,POINT (-0.2422438 51.5617215),68,32,6832,51.56174169850001,-0.241893285,0.024333806123604872
21539142,51.5620336,-0.2327294,3,,,POINT (-0.2327294 51.5620336),68,33,6833,51.56174169850001,-0.23364910300000002,0.07138207275146151
25618338,51.5621018,-0.2254067,3,,,POINT (-0.2254067 51.5621018),68,34,6834,51.56174169850001,-0.22540492100000004,0.04004164871832586
26948341,51.5610167,-0.2181413,1,,,POINT (-0.2181413 51.5610167),68,35,6835,51.56174169850001,-0.217160739,0.1053259675551302
5222445777,51.5620037,-0.2094009,3,,,POINT (-0.2094009 51.5620037),68,36,6836,51.56174169850001,-0.208916557,0.04438149600383145
26490048,51.5612002,-0.2003996,4,,,POINT (-0.2003996 51.5612002),68,37,6837,51.56174169850001,-0.20067237500000001,0.06309536479612747
208718,51.5615191,-0.1922368,4,mini_roundabout,,POINT (-0.1922368 51.5615191),68,38,6838,51.56174169850001,-0.19242819300000003,0.02806592256956547
909388608,51.561278,-0.1838008,1,,,POINT (-0.1838008 51.561278),68,39,6839,51.56174169850001,-0.18418401100000004,0.05796775656167707
251983026,51.5624477,-0.1764801,3,,,POINT (-0.1764801 51.5624477),68,40,6840,51.56174169850001,-0.175939829,0.08693463340063824
10235495766,51.5615156,-0.1507454,3,,,POINT (-0.1507454 51.5615156),68,43,6843,51.56174169850001,-0.15120728300000003,0.04063864764169501
25416220,51.5616148,-0.1420687,3,,,POINT (-0.1420687 51.5616148),68,44,6844,51.56174169850001,-0.14296310100000004,0.06341677722201862
25415538,51.5621903,-0.1355953,3,,,POINT (-0.1355953 51.5621903),68,45,6845,51.56174169850001,-0.13471891900000005,0.07847477971100714
199576,51.5622161,-0.1257522,3,,,POINT (-0.1257522 51.5622161),68,46,6846,51.56174169850001,-0.126474737,0.07264506598359227
25894209,51.5615114,-0.1189505,3,,,POINT (-0.1189505 51.5615114),68,47,6847,51.56174169850001,-0.11823055500000001,0.05596942485375242
25894360,51.5622158,-0.1103793,3,,,POINT (-0.1103793 51.5622158),68,48,6848,51.56174169850001,-0.10998637300000003,0.05930350558596836
8175507666,51.5610246,-0.1011897,1,,,POINT (-0.1011897 51.5610246),68,49,6849,51.56174169850001,-0.10174219100000004,0.08841235186540235
2508153283,51.561803,-0.0927408,1,,,POINT (-0.0927408 51.561803),68,50,6850,51.56174169850001,-0.09349800900000005,0.0527852583674294
221593743,51.5617821,-0.0842222,1,,,POINT (-0.0842222 51.5617821),68,51,6851,51.56174169850001,-0.085253827,0.07145425488590071
24956029,51.5613816,-0.0771268,4,,,POINT (-0.0771268 51.5613816),68,52,6852,51.56174169850001,-0.07700964500000002,0.04085191004668939
26123842,51.5618422,-0.0693098,3,,,POINT (-0.0693098 51.5618422),68,53,6853,51.56174169850001,-0.06876546300000003,0.039252571315190686
4849662874,51.562472,-0.0602954,3,,,POINT (-0.0602954 51.562472),68,54,6854,51.56174169850001,-0.06052128100000003,0.08269335515196724
18061208,51.5620603,-0.051998,3,,,POINT (-0.051998 51.5620603),68,55,6855,51.56174169850001,-0.05227709900000004,0.04033964973491063
4937779195,51.5624535,-0.0450091,3,,,POINT (-0.0450091 51.5624535),68,56,6856,51.56174169850001,-0.04403291700000005,0.10400977872545945
109146,51.5628846,-0.0289097,3,,,POINT (-0.0289097 51.5628846),68,58,6858,51.56174169850001,-0.02754455300000002,0.1582898064501566
265255451,51.561532,-0.0187186,3,,,POINT (-0.0187186 51.561532),68,59,6859,51.56174169850001,-0.01930037100000003,0.046486839832711596
9757415826,51.5616063,-0.0101773,3,,,POINT (-0.0101773 51.5616063),68,60,6860,51.56174169850001,-0.011056189000000044,0.06259242075492522
91848578,51.5617062,-0.0024336,3,,,POINT (-0.0024336 51.5617062),68,61,6861,51.56174169850001,-0.002812007,0.026454164645977607
101560257,51.5616434,0.0047094,4,,,POINT (0.0047094 51.5616434),68,62,6862,51.56174169850001,0.005432174999999989,0.05114469549499182
7988057375,51.5621186,0.0136621,1,,,POINT (0.0136621 51.5621186),68,63,6863,51.56174169850001,0.013676356999999978,0.04192112084086648
819690,51.5627169,0.0232486,3,,,POINT (0.0232486 51.5627169),68,64,6864,51.56174169850001,0.021920538999999968,0.14207938716687102
32858327,51.5629899,0.031414,3,,,POINT (0.031414 51.5629899),68,65,6865,51.56174169850001,0.030164720999999957,0.16346640634838017
100428778,51.5610635,0.0370302,3,,,POINT (0.0370302 51.5610635),68,66,6866,51.56174169850001,0.038408902999999946,0.12153274174512231
264131327,51.5624707,0.0449418,1,,,POINT (0.0449418 51.5624707),68,67,6867,51.56174169850001,0.046653084999999934,0.14340330615997088
130246265,51.5623684,0.0580935,3,,,POINT (0.0580935 51.5623684),68,68,6868,51.56174169850001,0.05489726699999992,0.2316724326402595
26450444,51.5615521,0.0634754,4,,,POINT (0.0634754 51.5615521),68,69,6869,51.56174169850001,0.0631414489999999,0.03126312148219207
5191379445,51.5611513,0.0716418,2,,,POINT (0.0716418 51.5611513),68,70,6870,51.56174169850001,0.071385631,0.06799569125376691
25582558,51.5627477,0.079209,3,,,POINT (0.079209 51.5627477),68,71,6871,51.56174169850001,0.079629813,0.1155826113990632
26468333,51.5620321,0.0881099,3,,,POINT (0.0881099 51.5620321),68,72,6872,51.56174169850001,0.08787399499999998,0.03617522612344414
26421605,51.5615,0.0955895,3,,,POINT (0.0955895 51.5615),68,73,6873,51.56174169850001,0.09611817699999997,0.04536401291026052
178945437,51.5620833,0.1045302,3,,,POINT (0.1045302 51.5620833),68,74,6874,51.56174169850001,0.10436235899999996,0.03971678709300419
178944306,51.5631218,0.1121375,3,,,POINT (0.1121375 51.5631218),68,75,6875,51.56174169850001,0.11260654099999995,0.15684799445189487
25582983,51.5614189,0.1212422,3,,,POINT (0.1212422 51.5614189),68,76,6876,51.56174169850001,0.12085072299999994,0.044951941644017814
25582944,51.5614722,0.1288231,4,,,POINT (0.1288231 51.5614722),68,77,6877,51.56174169850001,0.12909490499999993,0.03537005164037388
173654538,51.5620863,0.1371664,1,turning_circle,,POINT (0.1371664 51.5620863),68,78,6878,51.56174169850001,0.13733908699999992,0.04013429776215787
31503038,51.5610181,0.145512,3,,,POINT (0.145512 51.5610181),68,79,6879,51.56174169850001,0.1455832689999999,0.08061117066150524
245783574,51.5618324,0.1534575,3,,,POINT (0.1534575 51.5618324),68,80,6880,51.56174169850001,0.153827451,0.027490354114791345
245783393,51.5623001,0.1616471,3,,,POINT (0.1616471 51.5623001),68,81,6881,51.56174169850001,0.162071633,0.06867716404183576
177732466,51.5627789,0.1705491,3,,,POINT (0.1705491 51.5627789),68,82,6882,51.56174169850001,0.17031581499999998,0.11645348416416601
177731116,51.5625277,0.1785578,3,,,POINT (0.1785578 51.5625277),68,83,6883,51.56174169850001,0.17855999699999997,0.08739951108248133
248743098,51.5620979,0.1862165,1,,,POINT (0.1862165 51.5620979),68,84,6884,51.56174169850001,0.18680417899999996,0.056737088884121406
177718596,51.5617969,0.1955929,4,,,POINT (0.1955929 51.5617969),68,85,6885,51.56174169850001,0.19504836099999995,0.03813931096205
30800334,51.5617711,0.2038059,3,,,POINT (0.2038059 51.5617711),68,86,6886,51.56174169850001,0.20329254299999994,0.0356369185499408
7396249169,51.5619776,0.2119283,3,,,POINT (0.2119283 51.5619776),68,87,6887,51.56174169850001,0.21153672499999993,0.037692909286974205
31388145,51.5620125,0.2205314,3,,,POINT (0.2205314 51.5620125),68,88,6888,51.56174169850001,0.21978090699999991,0.05998449448844072
45388316,51.5617556,0.2283282,3,,,POINT (0.2283282 51.5617556),68,89,6889,51.56174169850001,0.2280250889999999,0.021009987362253738
705545824,51.5620505,0.2357802,1,,,POINT (0.2357802 51.5620505),68,90,6890,51.56174169850001,0.2362692709999999,0.048187166246023365
191043227,51.5607579,0.2438923,3,,,POINT (0.2438923 51.5607579),68,91,6891,51.56174169850001,0.244513453,0.11751871253067786
1158059141,51.5615517,0.2527497,1,,,POINT (0.2527497 51.5615517),68,92,6892,51.56174169850001,0.252757635,0.02113398875344723
191044463,51.5626806,0.2612952,3,,,POINT (0.2612952 51.5626806),68,93,6893,51.56174169850001,0.26100181699999997,0.10635262040397664
706518970,51.5616243,0.2697541,3,,,POINT (0.2697541 51.5616243),68,94,6894,51.56174169850001,0.26924599899999996,0.03747080118487574
191036124,51.5623282,0.2746845,1,,,POINT (0.2746845 51.5623282),68,95,6895,51.56174169850001,0.27749018099999995,0.20461723186104697
21746860,51.56011,0.2950069,3,mini_roundabout,,POINT (0.2950069 51.56011),68,97,6897,51.56174169850001,0.2939785449999999,0.194865964337072
21746865,51.5602959,0.3019366,3,,,POINT (0.3019366 51.5602959),68,98,6898,51.56174169850001,0.3022227269999999,0.16197763396262257
4555434687,51.5634471,0.308968,3,,,POINT (0.308968 51.5634471),68,99,6899,51.56174169850001,0.3104669089999999,0.21609226916859797
250358458,51.5650444,-0.4648346,3,,,POINT (-0.4648346 51.5650444),69,5,6905,51.565673479500006,-0.464486199,0.07397974202294846
68905137,51.5652229,-0.4548712,3,,,POINT (-0.4548712 51.5652229),69,6,6906,51.565673479500006,-0.456242017,0.10718310706448693
349038963,51.5658082,-0.4480143,3,,,POINT (-0.4480143 51.5658082),69,7,6907,51.565673479500006,-0.447997835,0.015023404340571325
279462457,51.5659674,-0.4392442,3,,,POINT (-0.4392442 51.5659674),69,8,6908,51.565673479500006,-0.43975365299999997,0.04804313656314341
8996340524,51.5672096,-0.4332948,1,,,POINT (-0.4332948 51.5672096),69,9,6909,51.565673479500006,-0.431509471,0.21072131197019994
27144380,51.5655954,-0.4228563,3,,,POINT (-0.4228563 51.5655954),69,10,6910,51.565673479500006,-0.423265289,0.02957278088851223
27144362,51.5653785,-0.4149454,3,,,POINT (-0.4149454 51.5653785),69,11,6911,51.565673479500006,-0.415021107,0.03321503132557592
27120316,51.5655482,-0.4064297,3,,,POINT (-0.4064297 51.5655482),69,12,6912,51.565673479500006,-0.406776925,0.02775030431816728
27120331,51.5657655,-0.3990601,3,,,POINT (-0.3990601 51.5657655),69,13,6913,51.565673479500006,-0.398532743,0.037860147986856364
7737996897,51.5659769,-0.3917488,1,turning_circle,,POINT (-0.3917488 51.5659769),69,14,6914,51.565673479500006,-0.39028856100000003,0.10642204558757871
27120612,51.5653967,-0.3817541,3,,,POINT (-0.3817541 51.5653967),69,15,6915,51.565673479500006,-0.382044379,0.03673920681114001
61278975,51.565794,-0.3722785,3,,,POINT (-0.3722785 51.565794),69,16,6916,51.565673479500006,-0.373800197,0.10603089247055907
31193056,51.5661536,-0.3665922,3,,,POINT (-0.3665922 51.5661536),69,17,6917,51.565673479500006,-0.365556015,0.08932971122293297
8811168471,51.5656112,-0.3564356,3,,,POINT (-0.3564356 51.5656112),69,18,6918,51.565673479500006,-0.35731183299999997,0.060960489854247006
31437642,51.5660973,-0.3484703,1,,,POINT (-0.3484703 51.5660973),69,19,6919,51.565673479500006,-0.349067651,0.0626555324365978
936361582,51.565091,-0.3410697,1,,,POINT (-0.3410697 51.565091),69,20,6920,51.565673479500006,-0.340823469,0.06696764348379988
25264212,51.5648299,-0.3292336,1,,,POINT (-0.3292336 51.5648299),69,21,6921,51.565673479500006,-0.332579287,0.2495579503627104
25628721,51.5658804,-0.3231343,3,,,POINT (-0.3231343 51.5658804),69,22,6922,51.565673479500006,-0.324335105,0.08613034163715041
52356861,51.5654992,-0.3163662,3,,,POINT (-0.3163662 51.5654992),69,23,6923,51.565673479500006,-0.316090923,0.02715853962604134
90666263,51.5654702,-0.3083716,3,,,POINT (-0.3083716 51.5654702),69,24,6924,51.565673479500006,-0.30784674100000003,0.04274422020291472
8246706048,51.565436,-0.2974609,1,,,POINT (-0.2974609 51.565436),69,25,6925,51.565673479500006,-0.29960255900000005,0.15037009114452665
89391108,51.5652819,-0.2911135,1,,,POINT (-0.2911135 51.5652819),69,26,6926,51.565673479500006,-0.291358377,0.04671584024169065
1685680342,51.5660895,-0.2826171,3,,,POINT (-0.2826171 51.5660895),69,27,6927,51.565673479500006,-0.283114195,0.05762375055552448
9760222016,51.5657331,-0.2747995,3,,,POINT (-0.2747995 51.5657331),69,28,6928,51.565673479500006,-0.274870013,0.00822831477181197
27419540,51.5657356,-0.2667462,3,,,POINT (-0.2667462 51.5657356),69,29,6929,51.565673479500006,-0.266625831,0.010813668563394633
26414169,51.565782,-0.2584576,3,,,POINT (-0.2584576 51.565782),69,30,6930,51.565673479500006,-0.258381649,0.01315944333097193
26162735,51.5655557,-0.2494021,3,,,POINT (-0.2494021 51.5655557),69,31,6931,51.565673479500006,-0.250137467,0.052489222123469126
25616630,51.5661134,-0.240577,3,,,POINT (-0.240577 51.5661134),69,32,6932,51.565673479500006,-0.241893285,0.10329861112397522
25808837,51.5652623,-0.2338019,3,,,POINT (-0.2338019 51.5652623),69,33,6933,51.565673479500006,-0.23364910300000002,0.046925062570653785
525057,51.5652714,-0.2247576,3,,,POINT (-0.2247576 51.5652714),69,34,6934,51.565673479500006,-0.22540492100000004,0.06325259030343859
623899725,51.5657591,-0.217209,3,,,POINT (-0.217209 51.5657591),69,35,6935,51.565673479500006,-0.217160739,0.010088058437374703
5222484714,51.5654811,-0.2088592,3,,,POINT (-0.2088592 51.5654811),69,36,6936,51.565673479500006,-0.208916557,0.021755903902491124
1304102710,51.5662013,-0.2006218,3,,,POINT (-0.2006218 51.5662013),69,37,6937,51.565673479500006,-0.20067237500000001,0.058794976982354606
26611298,51.5655455,-0.1911058,1,,,POINT (-0.1911058 51.5655455),69,38,6938,51.565673479500006,-0.19242819300000003,0.09250597138826512
27074548,51.5673066,-0.1838821,1,,,POINT (-0.1838821 51.5673066),69,39,6939,51.565673479500006,-0.18418401100000004,0.18278979794184214
25585555,51.5659046,-0.1568222,4,,,POINT (-0.1568222 51.5659046),69,42,6942,51.565673479500006,-0.15945146500000001,0.18354420885236256
910346705,51.5645502,-0.1537382,1,,,POINT (-0.1537382 51.5645502),69,43,6943,51.565673479500006,-0.15120728300000003,0.21495362042590882
25416230,51.5645355,-0.1424208,3,,,POINT (-0.1424208 51.5645355),69,44,6944,51.565673479500006,-0.14296310100000004,0.13197292209864134
195728,51.565596,-0.1342985,3,,,POINT (-0.1342985 51.565596),69,45,6945,51.565673479500006,-0.13471891900000005,0.030309871972930072
30785548,51.566143,-0.1270602,3,,,POINT (-0.1270602 51.566143),69,46,6946,51.565673479500006,-0.126474737,0.06605540109869473
343542170,51.5658369,-0.1173528,1,,,POINT (-0.1173528 51.5658369),69,47,6947,51.565673479500006,-0.11823055500000001,0.06333375091790457
25893677,51.5657562,-0.1102082,4,,,POINT (-0.1102082 51.5657562),69,48,6948,51.565673479500006,-0.10998637300000003,0.017880166910086905
220869,51.5656358,-0.1010731,3,,,POINT (-0.1010731 51.5656358),69,49,6949,51.565673479500006,-0.10174219100000004,0.046437437469915514
3987912198,51.5654811,-0.0934354,3,,,POINT (-0.0934354 51.5654811),69,50,6950,51.565673479500006,-0.09349800900000005,0.021824976328502697
220874,51.5658631,-0.0847584,4,,,POINT (-0.0847584 51.5658631),69,51,6951,51.565673479500006,-0.085253827,0.04021484974818601
261766930,51.565091,-0.0755757,3,,,POINT (-0.0755757 51.565091),69,52,6952,51.565673479500006,-0.07700964500000002,0.11840165371168093
18061229,51.5654062,-0.0680995,4,,,POINT (-0.0680995 51.5654062),69,53,6953,51.565673479500006,-0.06876546300000003,0.05479257371687189
6278088431,51.5655908,-0.0601405,3,,,POINT (-0.0601405 51.5655908),69,54,6954,51.565673479500006,-0.06052128100000003,0.02787931978147802
671907683,51.5657222,-0.0512416,3,,,POINT (-0.0512416 51.5657222),69,55,6955,51.565673479500006,-0.05227709900000004,0.07177908600399538
1863674430,51.5645558,-0.0401202,3,,,POINT (-0.0401202 51.5645558),69,56,6956,51.565673479500006,-0.04403291700000005,0.29764139803634937
5939860988,51.5665411,-0.0352171,4,,,POINT (-0.0352171 51.5665411),69,57,6957,51.565673479500006,-0.03578873500000001,0.1042524706889072
5589427310,51.5660462,-0.0266166,1,,,POINT (-0.0266166 51.5660462),69,58,6958,51.565673479500006,-0.02754455300000002,0.07636529360910396
265251725,51.565655,-0.0191812,1,,,POINT (-0.0191812 51.565655),69,59,6959,51.565673479500006,-0.01930037100000003,0.008489610060085251
92849881,51.5655233,-0.0106506,3,,,POINT (-0.0106506 51.5655233),69,60,6960,51.565673479500006,-0.011056189000000044,0.03263133259752654
91838303,51.5656457,-0.0028249,3,,,POINT (-0.0028249 51.5656457),69,61,6961,51.565673479500006,-0.002812007,0.0032149240487935517
5534997847,51.5655132,0.0053097,1,,,POINT (0.0053097 51.5655132),69,62,6962,51.565673479500006,0.005432174999999989,0.01973066354007337
130239854,51.5656146,0.0135326,3,,,POINT (0.0135326 51.5656146),69,63,6963,51.565673479500006,0.013676356999999978,0.011899593073069233
100425172,51.5648844,0.0214401,3,,,POINT (0.0214401 51.5648844),69,64,6964,51.565673479500006,0.021920538999999968,0.09381579381177206
616754157,51.5646579,0.0284459,3,,,POINT (0.0284459 51.5646579),69,65,6965,51.565673479500006,0.030164720999999957,0.16391391168548994
100430420,51.5652735,0.0392008,3,,,POINT (0.0392008 51.5652735),69,66,6966,51.565673479500006,0.038408902999999946,0.07052796050051542
252164858,51.5639121,0.0442784,1,,,POINT (0.0442784 51.5639121),69,67,6967,51.565673479500006,0.046653084999999934,0.25554389870624344
130246266,51.5656706,0.0553522,3,,,POINT (0.0553522 51.5656706),69,68,6968,51.565673479500006,0.05489726699999992,0.03144690830162425
130246998,51.566043,0.0632782,3,,,POINT (0.0632782 51.566043),69,69,6969,51.565673479500006,0.0631414489999999,0.042162015468176
26547684,51.5646247,0.0700335,3,,,POINT (0.0700335 51.5646247),69,70,6970,51.565673479500006,0.071385631,0.14944896868397098
26450569,51.5659579,0.0793857,4,mini_roundabout,,POINT (0.0793857 51.5659579),69,71,6971,51.565673479500006,0.079629813,0.03584572833068878
687940129,51.5659096,0.0878377,1,,,POINT (0.0878377 51.5659096),69,72,6972,51.565673479500006,0.08787399499999998,0.026374985037832106
26451143,51.5653631,0.0969719,3,,,POINT (0.0969719 51.5653631),69,73,6973,51.565673479500006,0.09611817699999997,0.06836164751077978
25582831,51.5655106,0.1045006,3,,,POINT (0.1045006 51.5655106),69,74,6974,51.565673479500006,0.10436235899999996,0.02047745533268382
1676542754,51.5651134,0.1119145,1,,,POINT (0.1119145 51.5651134),69,75,6975,51.565673479500006,0.11260654099999995,0.07852834960334958
183509670,51.5650678,0.1218472,1,,,POINT (0.1218472 51.5650678),69,76,6976,51.565673479500006,0.12085072299999994,0.09633247581880112
746263033,51.5657119,0.1290168,1,,,POINT (0.1290168 51.5657119),69,77,6977,51.565673479500006,0.12909490499999993,0.006884548630900501
5271917639,51.5655449,0.1374546,3,,,POINT (0.1374546 51.5655449),69,78,6978,51.565673479500006,0.13733908699999992,0.0163757479406777
31512390,51.5656798,0.1456415,3,,,POINT (0.1456415 51.5656798),69,79,6979,51.565673479500006,0.1455832689999999,0.004085864524709605
173663790,51.5668965,0.1539127,1,,,POINT (0.1539127 51.5668965),69,80,6980,51.565673479500006,0.153827451,0.13612126885008133
245782567,51.5654711,0.1632133,1,,,POINT (0.1632133 51.5654711),69,81,6981,51.565673479500006,0.162071633,0.08205893017140521
245784616,51.5649277,0.1699576,3,,,POINT (0.1699576 51.5649277),69,82,6982,51.565673479500006,0.17031581499999998,0.08654444531010172
31502294,51.5656825,0.1790771,3,,,POINT (0.1790771 51.5656825),69,83,6983,51.565673479500006,0.17855999699999997,0.03575657739918712
248743097,51.5653827,0.1869597,1,,,POINT (0.1869597 51.5653827),69,84,6984,51.565673479500006,0.18680417899999996,0.03407335189382568
1127937341,51.5658866,0.1946422,3,,,POINT (0.1946422 51.5658866),69,85,6985,51.565673479500006,0.19504836099999995,0.036738862980960706
30800300,51.56569,0.2028755,3,,,POINT (0.2028755 51.56569),69,86,6986,51.565673479500006,0.20329254299999994,0.028884762782133987
256222203,51.5654893,0.212606,3,,,POINT (0.212606 51.5654893),69,87,6987,51.565673479500006,0.21153672499999993,0.07669411670931056
31497624,51.5651082,0.2201331,3,,,POINT (0.2201331 51.5651082),69,88,6988,51.565673479500006,0.21978090699999991,0.06740572925681065
248466984,51.5662099,0.2293282,3,,,POINT (0.2293282 51.5662099),69,89,6989,51.565673479500006,0.2280250889999999,0.10803076985456218
31498372,51.5661515,0.2360608,3,,,POINT (0.2360608 51.5661515),69,90,6990,51.565673479500006,0.2362692709999999,0.0550720050807018
191042070,51.5655886,0.2544703,3,,,POINT (0.2544703 51.5655886),69,92,6992,51.565673479500006,0.252757635,0.11875631965700467
191041792,51.5663433,0.2601519,3,,,POINT (0.2601519 51.5663433),69,93,6993,51.565673479500006,0.26100181699999997,0.09486045637375026
7990462602,51.5659257,0.2702974,3,,,POINT (0.2702974 51.5659257),69,94,6994,51.565673479500006,0.26924599899999996,0.07789719784718788
191031566,51.5660339,0.2776671,1,,,POINT (0.2776671 51.5660339),69,95,6995,51.565673479500006,0.27749018099999995,0.04190109565660371
6394496693,51.5648359,0.28925,3,motorway_junction,29.0,POINT (0.28925 51.5648359),69,96,6996,51.565673479500006,0.28573436299999994,0.26024161989156736
4555434676,51.563715,0.3088859,3,,,POINT (0.3088859 51.563715),69,99,6999,51.565673479500006,0.3104669089999999,0.24365507557239863
336083125,51.5699429,-0.4692072,1,,,POINT (-0.4692072 51.5699429),70,4,7004,51.569605260500005,-0.472730381,0.24637998955253446
250358236,51.5677516,-0.46577,3,,,POINT (-0.46577 51.5677516),70,5,7005,51.569605260500005,-0.464486199,0.2244052848500553
250525415,51.5697487,-0.4554901,3,,,POINT (-0.4554901 51.5697487),70,6,7006,51.569605260500005,-0.456242017,0.05436094840495591
215866481,51.5695607,-0.4470929,1,,,POINT (-0.4470929 51.5695607),70,7,7007,51.569605260500005,-0.447997835,0.06274030416124252
215863481,51.5690614,-0.4403803,3,,,POINT (-0.4403803 51.5690614),70,8,7008,51.569605260500005,-0.43975365299999997,0.07438408523384223
215856875,51.5695976,-0.4317651,3,,,POINT (-0.4317651 51.5695976),70,9,7009,51.569605260500005,-0.431509471,0.017688245305607652
147026574,51.5697724,-0.4230655,3,mini_roundabout,,POINT (-0.4230655 51.5697724),70,10,7010,51.569605260500005,-0.423265289,0.023153285698629938
27120301,51.569351,-0.414499,3,,,POINT (-0.414499 51.569351),70,11,7011,51.569605260500005,-0.415021107,0.045841977522093895
60369951,51.5694105,-0.4070259,3,,,POINT (-0.4070259 51.5694105),70,12,7012,51.569605260500005,-0.406776925,0.027660613551958355
60367589,51.5700254,-0.3976168,3,,,POINT (-0.3976168 51.5700254),70,13,7013,51.569605260500005,-0.398532743,0.0786766522866817
7129389827,51.5694258,-0.3908354,1,,,POINT (-0.3908354 51.5694258),70,14,7014,51.569605260500005,-0.39028856100000003,0.04273926016128191
6038103290,51.5683967,-0.3829715,1,,,POINT (-0.3829715 51.5683967),70,15,7015,51.569605260500005,-0.382044379,0.1488811664585177
61279413,51.5709076,-0.3726086,3,,,POINT (-0.3726086 51.5709076),70,16,7016,51.569605260500005,-0.373800197,0.16659358489365553
61278733,51.5700704,-0.3660132,1,,,POINT (-0.3660132 51.5700704),70,17,7017,51.569605260500005,-0.365556015,0.060609520062571545
31193178,51.5696041,-0.3565008,3,,,POINT (-0.3565008 51.5696041),70,18,7018,51.569605260500005,-0.35731183299999997,0.056054452010774435
32146864,51.569575,-0.3487482,3,,,POINT (-0.3487482 51.569575),70,19,7019,51.569605260500005,-0.349067651,0.022333695340091116
31437590,51.5698392,-0.3413591,3,,,POINT (-0.3413591 51.5698392),70,20,7020,51.569605260500005,-0.340823469,0.045245351024025944
25263618,51.5685276,-0.3233382,3,,,POINT (-0.3233382 51.5685276),70,22,7022,51.569605260500005,-0.324335105,0.13822717342803997
52356835,51.5701831,-0.3152561,3,,,POINT (-0.3152561 51.5701831),70,23,7023,51.569605260500005,-0.316090923,0.08635684313998328
27420009,51.5702227,-0.3069018,3,crossing,,POINT (-0.3069018 51.5702227),70,24,7024,51.569605260500005,-0.30784674100000003,0.09475713229154237
78404456,51.5694311,-0.299429,3,,,POINT (-0.299429 51.5694311),70,25,7025,51.569605260500005,-0.29960255900000005,0.022779922442568074
25425425,51.5697546,-0.2912991,3,,,POINT (-0.2912991 51.5697546),70,26,7026,51.569605260500005,-0.291358377,0.017103714589198116
75892693,51.5693778,-0.2833257,3,,,POINT (-0.2833257 51.5693778),70,27,7027,51.569605260500005,-0.283114195,0.029212981084119936
25425385,51.5692734,-0.2757865,3,,,POINT (-0.2757865 51.5692734),70,28,7028,51.569605260500005,-0.274870013,0.07330776816415993
20857662,51.5691469,-0.2675214,3,,,POINT (-0.2675214 51.5691469),70,29,7029,51.569605260500005,-0.266625831,0.08018071556326514
26411321,51.5695644,-0.2565874,1,,,POINT (-0.2565874 51.5695644),70,30,7030,51.569605260500005,-0.258381649,0.12409224248520136
6282838739,51.5686639,-0.2411031,3,,,POINT (-0.2411031 51.5686639),70,32,7032,51.569605260500005,-0.241893285,0.11806539955856436
89126531,51.5684165,-0.2339791,1,,,POINT (-0.2339791 51.5684165),70,33,7033,51.569605260500005,-0.23364910300000002,0.13413742275800009
623899618,51.5704785,-0.224993,1,,,POINT (-0.224993 51.5704785),70,34,7034,51.569605260500005,-0.22540492100000004,0.10118737727248182
7687315589,51.5684575,-0.2171965,1,,,POINT (-0.2171965 51.5684575),70,35,7035,51.569605260500005,-0.217160739,0.127649075786792
623899735,51.5699512,-0.2088258,3,,,POINT (-0.2088258 51.5699512),70,36,7036,51.569605260500005,-0.208916557,0.038974787886704026
623044869,51.5699062,-0.1998636,3,,,POINT (-0.1998636 51.5699062),70,37,7037,51.569605260500005,-0.20067237500000001,0.06514876421754899
27203494,51.5689098,-0.191455,3,,,POINT (-0.191455 51.5689098),70,38,7038,51.569605260500005,-0.19242819300000003,0.10249110570388212
620849693,51.5699405,-0.1828379,1,,,POINT (-0.1828379 51.5699405),70,39,7039,51.569605260500005,-0.18418401100000004,0.10022581485361318
6222247789,51.5689355,-0.1747914,3,,,POINT (-0.1747914 51.5689355),70,40,7040,51.569605260500005,-0.175939829,0.10884204098581618
206145173,51.5681746,-0.1602569,1,,,POINT (-0.1602569 51.5681746),70,42,7042,51.569605260500005,-0.15945146500000001,0.16854109220894845
620811884,51.5697594,-0.151197,3,,,POINT (-0.151197 51.5697594),70,43,7043,51.569605260500005,-0.15120728300000003,0.017154259066912696
1451327252,51.5692738,-0.1424319,2,,,POINT (-0.1424319 51.5692738),70,44,7044,51.569605260500005,-0.14296310100000004,0.0520224089863952
82793758,51.5702078,-0.1357112,3,,,POINT (-0.1357112 51.5702078),70,45,7045,51.569605260500005,-0.13471891900000005,0.09587611880900274
4664585195,51.5695804,-0.1262391,1,,,POINT (-0.1262391 51.5695804),70,46,7046,51.569605260500005,-0.126474737,0.01651892868693731
638292834,51.569468,-0.1179914,3,,,POINT (-0.1179914 51.569468),70,47,7047,51.569605260500005,-0.11823055500000001,0.022498043683391363
638292929,51.5696933,-0.110648,3,,,POINT (-0.110648 51.5696933),70,48,7048,51.569605260500005,-0.10998637300000003,0.0467642494585175
220877,51.5681324,-0.0993658,3,,,POINT (-0.0993658 51.5681324),70,49,7049,51.569605260500005,-0.10174219100000004,0.23194599131401675
8807990296,51.5695936,-0.0936147,1,,,POINT (-0.0936147 51.5695936),70,50,7050,51.569605260500005,-0.09349800900000005,0.008168623353811315
406303,51.5692264,-0.0853254,3,,,POINT (-0.0853254 51.5692264),70,51,7051,51.569605260500005,-0.085253827,0.04241680597222367
249477074,51.5695958,-0.0776702,3,,,POINT (-0.0776702 51.5695958),70,52,7052,51.569605260500005,-0.07700964500000002,0.04566618363776034
249441650,51.5704056,-0.0685168,3,,,POINT (-0.0685168 51.5704056),70,53,7053,51.569605260500005,-0.06876546300000003,0.09063796030099125
35360817,51.5689922,-0.0620538,3,,,POINT (-0.0620538 51.5689922),70,54,7054,51.569605260500005,-0.06052128100000003,0.12596091987027525
26267815,51.5688915,-0.0541414,3,,,POINT (-0.0541414 51.5688915),70,55,7055,51.569605260500005,-0.05227709900000004,0.15133336629972413
671741796,51.5705219,-0.0425658,1,,,POINT (-0.0425658 51.5705219),70,56,7056,51.569605260500005,-0.04403291700000005,0.1437722567234453
614388972,51.5692367,-0.0359618,3,,,POINT (-0.0359618 51.5692367),70,57,7057,51.569605260500005,-0.03578873500000001,0.0426919637407007
417235503,51.5696489,-0.027388,1,,,POINT (-0.027388 51.5696489),70,58,7058,51.569605260500005,-0.02754455300000002,0.011858390136774317
28829390,51.5696622,-0.0186514,4,,,POINT (-0.0186514 51.5696622),70,59,7059,51.569605260500005,-0.01930037100000003,0.04529806437573244
98306220,51.5689977,-0.0118433,3,,,POINT (-0.0118433 51.5689977),70,60,7060,51.569605260500005,-0.011056189000000044,0.08673832688596439
98308552,51.5696221,-0.0028328,3,,,POINT (-0.0028328 51.5696221),70,61,7061,51.569605260500005,-0.002812007,0.0023603800182491795
98115890,51.569398,0.0041366,3,mini_roundabout,,POINT (0.0041366 51.569398),70,62,7062,51.569605260500005,0.005432174999999989,0.0924617102160668
11020494901,51.5695205,0.0132274,1,,,POINT (0.0132274 51.5695205),70,63,7063,51.569605260500005,0.013676356999999978,0.03242935219554169
32897443,51.5697301,0.0234906,4,,,POINT (0.0234906 51.5697301),70,64,7064,51.569605260500005,0.021920538999999968,0.10939843038374092
100446334,51.5711462,0.0297287,3,,,POINT (0.0297287 51.5711462),70,65,7065,51.569605260500005,0.030164720999999957,0.17397444035100354
100515263,51.5703592,0.0384193,1,,,POINT (0.0384193 51.5703592),70,66,7066,51.569605260500005,0.038408902999999946,0.08383732696781974
130248280,51.5713274,0.0504179,3,,,POINT (0.0504179 51.5713274),70,67,7067,51.569605260500005,0.046653084999999934,0.3230684517671318
130248583,51.5699973,0.0562297,3,,,POINT (0.0562297 51.5699973),70,68,7068,51.569605260500005,0.05489726699999992,0.10188698538114918
130247114,51.5699935,0.0641758,3,,,POINT (0.0641758 51.5699935),70,69,7069,51.569605260500005,0.0631414489999999,0.08351218449456256
132840897,51.5697388,0.0746743,1,,,POINT (0.0746743 51.5697388),70,70,7070,51.569605260500005,0.071385631,0.22777955319099993
26450675,51.5699279,0.0793547,3,,,POINT (0.0793547 51.5699279),70,71,7071,51.569605260500005,0.079629813,0.04060322010164261
1701864723,51.5703708,0.0883763,3,,,POINT (0.0883763 51.5703708),70,72,7072,51.569605260500005,0.08787399499999998,0.09193116996333313
132875814,51.570119,0.0955077,3,,,POINT (0.0955077 51.570119),70,73,7073,51.569605260500005,0.09611817699999997,0.0710177096711959
26451097,51.5704977,0.1050761,3,,,POINT (0.1050761 51.5704977),70,74,7074,51.569605260500005,0.10436235899999996,0.11081938112332577
25582805,51.5706725,0.112026,2,,,POINT (0.112026 51.5706725),70,75,7075,51.569605260500005,0.11260654099999995,0.12527108141833898
3079156426,51.5696941,0.1208702,4,,,POINT (0.1208702 51.5696941),70,76,7076,51.569605260500005,0.12085072299999994,0.009969799586554329
171614063,51.5697073,0.1296857,3,,,POINT (0.1296857 51.5697073),70,77,7077,51.569605260500005,0.12909490499999993,0.04237967689612632
171616911,51.5696539,0.1374962,3,,,POINT (0.1374962 51.5696539),70,78,7078,51.569605260500005,0.13733908699999992,0.01213117063054571
171608977,51.5695312,0.1454184,1,,,POINT (0.1454184 51.5695312),70,79,7079,51.569605260500005,0.1455832689999999,0.014059197522391249
3668570273,51.5697008,0.1540087,1,,,POINT (0.1540087 51.5697008),70,80,7080,51.569605260500005,0.153827451,0.01642508969203224
173666580,51.5701765,0.1609773,3,,,POINT (0.1609773 51.5701765),70,81,7081,51.569605260500005,0.162071633,0.09876821515926366
8132413544,51.5696997,0.1701866,3,,,POINT (0.1701866 51.5696997),70,82,7082,51.569605260500005,0.17031581499999998,0.013785191735384186
245718130,51.5704455,0.1793135,1,,,POINT (0.1793135 51.5704455),70,83,7083,51.569605260500005,0.17855999699999997,0.1069640868545493
173673886,51.5699837,0.1866243,3,,,POINT (0.1866243 51.5699837),70,84,7084,51.569605260500005,0.18680417899999996,0.04387861976289288
6409526141,51.5696986,0.1956971,1,,,POINT (0.1956971 51.5696986),70,85,7085,51.569605260500005,0.19504836099999995,0.04602292450087293
30798582,51.5692699,0.2025493,3,,,POINT (0.2025493 51.5692699),70,86,7086,51.569605260500005,0.20329254299999994,0.06347730538754584
30799853,51.5695633,0.2112869,1,,,POINT (0.2112869 51.5695633),70,87,7087,51.569605260500005,0.21153672499999993,0.017885879930768515
27340049,51.5695214,0.2197147,3,,,POINT (0.2197147 51.5695214),70,88,7088,51.569605260500005,0.21978090699999991,0.010387095006777577
704973461,51.5691888,0.2266786,1,,,POINT (0.2266786 51.5691888),70,89,7089,51.569605260500005,0.2280250889999999,0.10394761922949891
7312187133,51.569255,0.2363127,1,,,POINT (0.2363127 51.569255),70,90,7090,51.569605260500005,0.2362692709999999,0.03906268323918199
3101056027,51.5697976,0.2426814,1,,,POINT (0.2426814 51.5697976),70,91,7091,51.569605260500005,0.244513453,0.1284150389627509
191047904,51.5702955,0.2526189,1,,,POINT (0.2526189 51.5702955),70,92,7092,51.569605260500005,0.252757635,0.07734776295214418
191036623,51.5697281,0.2606421,3,,,POINT (0.2606421 51.5697281),70,93,7093,51.569605260500005,0.26100181699999997,0.02836680967471033
634140702,51.5701297,0.2694846,1,,,POINT (0.2694846 51.5701297),70,94,7094,51.569605260500005,0.26924599899999996,0.060601857631796575
191030414,51.5698244,0.2773822,3,,,POINT (0.2773822 51.5698244),70,95,7095,51.569605260500005,0.27749018099999995,0.025484459544630526
210955790,51.5701066,0.2862878,3,,,POINT (0.2862878 51.5701066),70,96,7096,51.569605260500005,0.28573436299999994,0.06760737277360196
215875527,51.5717427,-0.4510068,3,,,POINT (-0.4510068 51.5717427),71,7,7107,51.5735370415,-0.447997835,0.2881874911929382
215840064,51.5741272,-0.436819,1,,,POINT (-0.436819 51.5741272),71,8,7108,51.5735370415,-0.43975365299999997,0.21316130198404262
21725369,51.5729916,-0.4303896,3,,,POINT (-0.4303896 51.5729916),71,9,7109,51.5735370415,-0.431509471,0.09832694456601217
147034284,51.5731463,-0.4230676,3,,,POINT (-0.4230676 51.5731463),71,10,7110,51.5735370415,-0.423265289,0.045545829028985886
288830311,51.5735119,-0.4144566,3,,,POINT (-0.4144566 51.5735119),71,11,7111,51.5735370415,-0.415021107,0.03911240620026923
60370297,51.57335,-0.4066071,1,,,POINT (-0.4066071 51.57335),71,12,7112,51.5735370415,-0.406776925,0.023881016180737156
60370139,51.5736553,-0.3986546,3,,,POINT (-0.3986546 51.5736553),71,13,7113,51.5735370415,-0.398532743,0.015615226020409063
61280645,51.5736669,-0.3899201,2,,,POINT (-0.3899201 51.5736669),71,14,7114,51.5735370415,-0.39028856100000003,0.02927300819978003
348149523,51.5741211,-0.3835066,1,,,POINT (-0.3835066 51.5741211),71,15,7115,51.5735370415,-0.382044379,0.1201215578898391
1253220846,51.5741023,-0.3744834,1,turning_circle,,POINT (-0.3744834 51.5741023),71,16,7116,51.5735370415,-0.373800197,0.07861212047511722
8246842724,51.5736699,-0.3649964,1,,,POINT (-0.3649964 51.5736699),71,17,7117,51.5735370415,-0.365556015,0.04139978954847563
541124218,51.5738676,-0.3581227,2,,,POINT (-0.3581227 51.5738676),71,18,7118,51.5735370415,-0.35731183299999997,0.06701692083028327
21262523,51.5743691,-0.350416,3,,,POINT (-0.350416 51.5743691),71,19,7119,51.5735370415,-0.349067651,0.13131233502717612
31365546,51.5735093,-0.3412471,1,,,POINT (-0.3412471 51.5735093),71,20,7120,51.5735370415,-0.340823469,0.029438667340164402
18338823,51.5748506,-0.334057,3,,,POINT (-0.334057 51.5748506),71,21,7121,51.5735370415,-0.332579287,0.1782206622697813
2440811624,51.5746966,-0.3248752,3,,,POINT (-0.3248752 51.5746966),71,22,7122,51.5735370415,-0.324335105,0.1342307579919455
90674636,51.5740049,-0.3154926,1,,,POINT (-0.3154926 51.5740049),71,23,7123,51.5735370415,-0.316090923,0.06645444949641856
25425474,51.5734289,-0.3091246,3,,,POINT (-0.3091246 51.5734289),71,24,7124,51.5735370415,-0.30784674100000003,0.08912621763690129
27420011,51.57315,-0.3007686,3,,,POINT (-0.3007686 51.57315),71,25,7125,51.5735370415,-0.29960255900000005,0.09135622764853642
75860254,51.5734002,-0.2914196,3,,,POINT (-0.2914196 51.5734002),71,26,7126,51.5735370415,-0.291358377,0.015793381177486132
2952508222,51.573921,-0.2830088,3,,,POINT (-0.2830088 51.573921),71,27,7127,51.5735370415,-0.283114195,0.04331108325482981
8623661459,51.5753617,-0.2752024,2,,,POINT (-0.2752024 51.5753617),71,28,7128,51.5735370415,-0.274870013,0.20418891665931585
741189953,51.5740541,-0.2677499,3,,,POINT (-0.2677499 51.5740541),71,29,7129,51.5735370415,-0.266625831,0.0966445450494337
20865206,51.5735112,-0.2579937,3,,,POINT (-0.2579937 51.5735112),71,30,7130,51.5735370415,-0.258381649,0.026964209064200863
918067688,51.5736753,-0.2506755,3,,,POINT (-0.2506755 51.5736753),71,31,7131,51.5735370415,-0.250137467,0.04023559812826929
26414011,51.5741109,-0.2409572,1,turning_circle,,POINT (-0.2409572 51.5741109),71,32,7132,51.5735370415,-0.241893285,0.0908663359882623
42324687,51.5728799,-0.2344029,3,,,POINT (-0.2344029 51.5728799),71,33,7133,51.5735370415,-0.23364910300000002,0.0897394037226735
450933309,51.5732882,-0.2250183,3,,,POINT (-0.2250183 51.5732882),71,34,7134,51.5735370415,-0.22540492100000004,0.03846461610682479
623899571,51.5734623,-0.2154849,3,,,POINT (-0.2154849 51.5734623),71,35,7135,51.5735370415,-0.217160739,0.11611299854192826
1693158778,51.5728715,-0.2087242,3,,,POINT (-0.2087242 51.5728715),71,36,7136,51.5735370415,-0.208916557,0.07518934137097057
771206019,51.5732259,-0.201178,1,,,POINT (-0.201178 51.5732259),71,37,7137,51.5735370415,-0.20067237500000001,0.04917321946010461
27203105,51.5741202,-0.1932932,3,,,POINT (-0.1932932 51.5741202),71,38,7138,51.5735370415,-0.19242819300000003,0.08819481360709387
4166176440,51.5738967,-0.1823476,3,,,POINT (-0.1823476 51.5738967),71,39,7139,51.5735370415,-0.18418401100000004,0.13306355299030997
1693158684,51.5721772,-0.1760803,3,,,POINT (-0.1760803 51.5721772),71,40,7140,51.5735370415,-0.175939829,0.1515187922172809
620811516,51.5747181,-0.1698928,1,,,POINT (-0.1698928 51.5747181),71,41,7141,51.5735370415,-0.167695647,0.2007548132100993
620811635,51.5725946,-0.159592,3,,,POINT (-0.159592 51.5725946),71,42,7142,51.5735370415,-0.15945146500000001,0.10524381522849842
7474494425,51.5729308,-0.151184,1,,,POINT (-0.151184 51.5729308),71,43,7143,51.5735370415,-0.15120728300000003,0.06743018025756073
620787418,51.5733684,-0.1433288,4,mini_roundabout,,POINT (-0.1433288 51.5733684),71,44,7144,51.5735370415,-0.14296310100000004,0.03147009546720841
621443757,51.5737602,-0.1350571,1,,,POINT (-0.1350571 51.5737602),71,45,7145,51.5735370415,-0.13471891900000005,0.03408741972936612
220854,51.5737506,-0.1270457,3,,,POINT (-0.1270457 51.5737506),71,46,7146,51.5735370415,-0.126474737,0.04605290239171611
1276963420,51.5737965,-0.1175256,3,,,POINT (-0.1175256 51.5737965),71,47,7147,51.5735370415,-0.11823055500000001,0.056620068093863586
25277202,51.5737515,-0.1096168,1,,,POINT (-0.1096168 51.5737515),71,48,7148,51.5735370415,-0.10998637300000003,0.034942669673300605
199448,51.5749091,-0.1020553,3,,,POINT (-0.1020553 51.5749091),71,49,7149,51.5735370415,-0.10174219100000004,0.15409276629963303
2494281007,51.5736769,-0.0941365,1,,,POINT (-0.0941365 51.5736769),71,50,7150,51.5735370415,-0.09349800900000005,0.04678554019180287
460947777,51.5735931,-0.0842081,1,,,POINT (-0.0842081 51.5735931),71,51,7151,51.5735370415,-0.085253827,0.07253714103750114
33101851,51.5739029,-0.0766819,3,,,POINT (-0.0766819 51.5739029),71,52,7152,51.5735370415,-0.07700964500000002,0.04656193105768001
1895589070,51.5739606,-0.0674402,3,,,POINT (-0.0674402 51.5739606),71,53,7153,51.5735370415,-0.06876546300000003,0.10298700374189212
6369895020,51.5731333,-0.0590349,1,,,POINT (-0.0590349 51.5731333),71,54,7154,51.5735370415,-0.06052128100000003,0.11210420474514651
25283515,51.5749018,-0.0535087,1,,,POINT (-0.0535087 51.5749018),71,55,7155,51.5735370415,-0.05227709900000004,0.17399305301321144
4110027956,51.5741886,-0.0351646,1,,,POINT (-0.0351646 51.5741886),71,57,7157,51.5735370415,-0.03578873500000001,0.08431753293295866
317083664,51.5738208,-0.0279726,1,,,POINT (-0.0279726 51.5738208),71,58,7158,51.5735370415,-0.02754455300000002,0.04325086056578011
339857204,51.5734595,-0.0193864,1,,,POINT (-0.0193864 51.5734595),71,59,7159,51.5735370415,-0.01930037100000003,0.010473299389896079
28796201,51.57342,-0.0108418,3,,,POINT (-0.0108418 51.57342),71,60,7160,51.5735370415,-0.011056189000000044,0.01972039601577757
277579160,51.5731762,-0.0027545,1,,,POINT (-0.0027545 51.5731762),71,61,7161,51.5735370415,-0.002812007,0.040320088221931644
96145970,51.5737483,0.0057003,3,,,POINT (0.0057003 51.5737483),71,62,7162,51.5735370415,0.005432174999999989,0.029919427584068993
85515363,51.5733625,0.0129581,3,,,POINT (0.0129581 51.5733625),71,63,7163,51.5735370415,0.013676356999999978,0.05329726542786309
12244539,51.5732622,0.0216747,3,,,POINT (0.0216747 51.5732622),71,64,7164,51.5735370415,0.021920538999999968,0.034966018272535496
248879941,51.5739926,0.030425,3,,,POINT (0.030425 51.5739926),71,65,7165,51.5735370415,0.030164720999999957,0.05375461049863856
616854740,51.5733857,0.0371929,1,,,POINT (0.0371929 51.5733857),71,66,7166,51.5735370415,0.038408902999999946,0.08570494561500067
130247917,51.5735296,0.0473537,3,,,POINT (0.0473537 51.5735296),71,67,7167,51.5735370415,0.046653084999999934,0.04842568170515698
25582486,51.5735705,0.0539418,4,,,POINT (0.0539418 51.5735705),71,68,7168,51.5735370415,0.05489726699999992,0.06613580706399369
130247406,51.5734295,0.0635793,3,,,POINT (0.0635793 51.5734295),71,69,7169,51.5735370415,0.0631414489999999,0.032536506198431354
132844044,51.5735135,0.0718965,3,,,POINT (0.0718965 51.5735135),71,70,7170,51.5735370415,0.071385631,0.035402423543952614
26450891,51.5734507,0.0794383,3,,,POINT (0.0794383 51.5734507),71,71,7171,51.5735370415,0.079629813,0.016350703233166015
26450857,51.5738329,0.0891136,3,,,POINT (0.0891136 51.5738329),71,72,7172,51.5735370415,0.08787399499999998,0.09176683477531389
26451016,51.5741447,0.0961367,3,,,POINT (0.0961367 51.5741447),71,73,7173,51.5735370415,0.09611817699999997,0.06758066697794529
1675472938,51.572311,0.1068759,1,,,POINT (0.1068759 51.572311),71,74,7174,51.5735370415,0.10436235899999996,0.22081871603267347
173015566,51.5736617,0.1125197,3,,,POINT (0.1125197 51.5736617),71,75,7175,51.5735370415,0.11260654099999995,0.015104825712831234
329598954,51.5736724,0.1206083,3,,,POINT (0.1206083 51.5736724),71,76,7176,51.5735370415,0.12085072299999994,0.022521509068451538
171627671,51.5736869,0.1283124,3,,,POINT (0.1283124 51.5736869),71,77,7177,51.5735370415,0.12909490499999993,0.05658696231362021
171645129,51.5737136,0.1377967,3,,,POINT (0.1377967 51.5737136),71,78,7178,51.5735370415,0.13733908699999992,0.03722326422969276
171605858,51.572721,0.1453246,3,,,POINT (0.1453246 51.572721),71,79,7179,51.5735370415,0.1455832689999999,0.09248381395821839
245016978,51.5734233,0.1533118,3,,,POINT (0.1533118 51.5734233),71,80,7180,51.5735370415,0.153827451,0.03781382132912037
245015250,51.5733624,0.1625706,3,,,POINT (0.1625706 51.5733624),71,81,7181,51.5735370415,0.162071633,0.03957508248670699
691398962,51.5731365,0.1704876,3,,,POINT (0.1704876 51.5731365),71,82,7182,51.5735370415,0.17031581499999998,0.046093292268181145
31388051,51.5739729,0.1786405,3,,,POINT (0.1786405 51.5739729),71,83,7183,51.5735370415,0.17855999699999997,0.04878352820206931
256211129,51.5732351,0.1866563,1,,,POINT (0.1866563 51.5732351),71,84,7184,51.5735370415,0.18680417899999996,0.03509531874518876
27336444,51.5733176,0.1953658,3,,,POINT (0.1953658 51.5733176),71,85,7185,51.5735370415,0.19504836099999995,0.0328126149249158
173696198,51.5733997,0.2020551,1,,,POINT (0.2020551 51.5733997),71,86,7186,51.5735370415,0.20329254299999994,0.08687112617245361
27362613,51.5734652,0.2109946,1,,,POINT (0.2109946 51.5734652),71,87,7187,51.5735370415,0.21153672499999993,0.03830777437206608
248465612,51.5738413,0.2198683,1,,,POINT (0.2198683 51.5738413),71,88,7188,51.5735370415,0.21978090699999991,0.03436686020270343
6495335555,51.5730861,0.2271558,1,,,POINT (0.2271558 51.5730861),71,89,7189,51.5735370415,0.2280250889999999,0.07825188033537107
31498412,51.5734083,0.2364593,3,,,POINT (0.2364593 51.5734083),71,90,7190,51.5735370415,0.2362692709999999,0.01942673442034887
3101056709,51.5725641,0.2425694,1,,,POINT (0.2425694 51.5725641),71,91,7191,51.5735370415,0.244513453,0.1724958776424788
191038129,51.5728593,0.2612974,3,,,POINT (0.2612974 51.5728593),71,93,7193,51.5735370415,0.26100181699999997,0.0780808970452679
191027244,51.5724893,0.2695407,3,,,POINT (0.2695407 51.5724893),71,94,7194,51.5735370415,0.26924599899999996,0.1182703464918442
210964541,51.5734432,0.276136,3,,,POINT (0.276136 51.5734432),71,95,7195,51.5735370415,0.27749018099999995,0.09416574679550822
204433,51.5735632,0.2857579,3,,,POINT (0.2857579 51.5735632),71,96,7196,51.5735370415,0.28573436299999994,0.003332620154167811
215842642,51.5768749,-0.4395177,3,,,POINT (-0.4395177 51.5768749),72,8,7208,51.5774688225,-0.43975365299999997,0.06802420507852298
6322489693,51.5775576,-0.4315632,1,,,POINT (-0.4315632 51.5775576),72,9,7209,51.5774688225,-0.431509471,0.010546736568648983
315576745,51.5775265,-0.423838,3,,,POINT (-0.423838 51.5775265),72,10,7210,51.5774688225,-0.423265289,0.04009217279973288
61276520,51.5766197,-0.4153843,3,,,POINT (-0.4153843 51.5766197),72,11,7211,51.5774688225,-0.415021107,0.09769689468196818
61276669,51.5772407,-0.4034325,3,,,POINT (-0.4034325 51.5772407),72,12,7212,51.5774688225,-0.406776925,0.23249742116524622
60371931,51.5772439,-0.3981481,4,,,POINT (-0.3981481 51.5772439),72,13,7213,51.5774688225,-0.398532743,0.03649665796335197
60372010,51.5778363,-0.3898997,3,,,POINT (-0.3898997 51.5778363),72,14,7214,51.5774688225,-0.39028856100000003,0.048905392204439645
7128286821,51.5771369,-0.3816156,1,,,POINT (-0.3816156 51.5771369),72,15,7215,51.5774688225,-0.382044379,0.047330112036631906
1907483483,51.5768532,-0.3731288,3,,,POINT (-0.3731288 51.5768532),72,16,7216,51.5774688225,-0.373800197,0.08269536663461574
61275485,51.5774685,-0.3653255,4,,,POINT (-0.3653255 51.5774685),72,17,7217,51.5774688225,-0.365556015,0.015929259642143475
31193203,51.5758818,-0.3582177,3,,,POINT (-0.3582177 51.5758818),72,18,7218,51.5774688225,-0.35731183299999997,0.1872428599865777
31193371,51.5775613,-0.3490159,3,,,POINT (-0.3490159 51.5775613),72,19,7219,51.5774688225,-0.349067651,0.01088712108896849
21489372,51.5769266,-0.3402549,3,,,POINT (-0.3402549 51.5769266),72,20,7220,51.5774688225,-0.340823469,0.0719643639632834
31282145,51.5774332,-0.3318782,3,,,POINT (-0.3318782 51.5774332),72,21,7221,51.5774688225,-0.332579287,0.04860871310726783
2572193917,51.5770505,-0.3255012,1,,,POINT (-0.3255012 51.5770505),72,22,7222,51.5774688225,-0.324335105,0.09304263458385699
42302167,51.578768,-0.3152223,3,,,POINT (-0.3152223 51.578768),72,23,7223,51.5774688225,-0.316090923,0.15643548092646026
27420102,51.5770757,-0.3079082,3,,,POINT (-0.3079082 51.5770757),72,24,7224,51.5774688225,-0.30784674100000003,0.043919054013850135
75833653,51.577688,-0.2993588,3,,,POINT (-0.2993588 51.577688),72,25,7225,51.5774688225,-0.29960255900000005,0.029625991765981057
1693174536,51.5776117,-0.2914558,3,,,POINT (-0.2914558 51.5776117),72,26,7226,51.5774688225,-0.291358377,0.01725477157459162
75853298,51.5780365,-0.2836018,1,,,POINT (-0.2836018 51.5780365),72,27,7227,51.5774688225,-0.283114195,0.07155294209007203
515479,51.5760778,-0.2756215,2,,,POINT (-0.2756215 51.5760778),72,28,7228,51.5774688225,-0.274870013,0.1631595351723425
89118272,51.5772653,-0.2659634,3,,,POINT (-0.2659634 51.5772653),72,29,7229,51.5774688225,-0.266625831,0.051064473767853696
26707081,51.5778712,-0.2582812,3,,,POINT (-0.2582812 51.5778712),72,30,7230,51.5774688225,-0.258381649,0.045277565366669915
451043003,51.5780809,-0.2415477,3,,,POINT (-0.2415477 51.5780809),72,32,7232,51.5774688225,-0.241893285,0.07212794249647615
21542742,51.5771473,-0.2337897,3,,,POINT (-0.2337897 51.5771473),72,33,7233,51.5774688225,-0.23364910300000002,0.037048296405931026
21321684,51.578022,-0.2261867,1,,,POINT (-0.2261867 51.578022),72,34,7234,51.5774688225,-0.22540492100000004,0.08186575945542157
254588023,51.5772063,-0.2170531,3,,,POINT (-0.2170531 51.5772063),72,35,7235,51.5774688225,-0.217160739,0.030123924275599866
623899293,51.5771675,-0.2102173,3,,,POINT (-0.2102173 51.5771675),72,36,7236,51.5774688225,-0.208916557,0.09592690789545232
623899392,51.5771565,-0.2011528,3,,,POINT (-0.2011528 51.5771565),72,37,7237,51.5774688225,-0.20067237500000001,0.048044160697535566
669562753,51.5775633,-0.1921416,3,,,POINT (-0.1921416 51.5775633),72,38,7238,51.5774688225,-0.19242819300000003,0.022418202380981783
21261423,51.5788238,-0.1845339,1,,,POINT (-0.1845339 51.5788238),72,39,7239,51.5774688225,-0.18418401100000004,0.1525942456144932
620811343,51.5783478,-0.1741815,3,,,POINT (-0.1741815 51.5783478),72,40,7240,51.5774688225,-0.175939829,0.1559357307558029
732518376,51.5792388,-0.1672276,1,,,POINT (-0.1672276 51.5792388),72,41,7241,51.5774688225,-0.167695647,0.19945229444828189
620811620,51.5773289,-0.1600698,4,,,POINT (-0.1600698 51.5773289),72,42,7242,51.5774688225,-0.15945146500000001,0.04547323458576608
620787147,51.5778519,-0.1522317,1,,,POINT (-0.1522317 51.5778519),72,43,7243,51.5774688225,-0.15120728300000003,0.08261736028346112
1965695662,51.5771692,-0.1422376,3,,,POINT (-0.1422376 51.5771692),72,44,7244,51.5774688225,-0.14296310100000004,0.06019497405405749
621443662,51.5782526,-0.1361381,3,,,POINT (-0.1361381 51.5782526),72,45,7245,51.5774688225,-0.13471891900000005,0.13119797087454743
20826306,51.5778955,-0.1272758,3,,,POINT (-0.1272758 51.5778955),72,46,7246,51.5774688225,-0.126474737,0.07290533593251307
25278446,51.5777331,-0.1177553,3,,,POINT (-0.1177553 51.5777331),72,47,7247,51.5774688225,-0.11823055500000001,0.04406936082589981
25277187,51.5772742,-0.1095883,4,,,POINT (-0.1095883 51.5772742),72,48,7248,51.5774688225,-0.10998637300000003,0.03500034591029623
357382281,51.5771842,-0.102854,3,,,POINT (-0.102854 51.5771842),72,49,7249,51.5774688225,-0.10174219100000004,0.08309255642857809
26658638,51.5776085,-0.0938263,3,,,POINT (-0.0938263 51.5776085),72,50,7250,51.5774688225,-0.09349800900000005,0.0274930837745217
2158745462,51.5778636,-0.0846477,1,,,POINT (-0.0846477 51.5778636),72,51,7251,51.5774688225,-0.085253827,0.06067380239654591
265058382,51.5777864,-0.0765456,3,,,POINT (-0.0765456 51.5777864),72,52,7252,51.5774688225,-0.07700964500000002,0.04769989361718174
265055279,51.5775004,-0.0693756,3,,,POINT (-0.0693756 51.5775004),72,53,7253,51.5774688225,-0.06876546300000003,0.042308082734519054
9340993716,51.5777633,-0.0615865,1,,,POINT (-0.0615865 51.5777633),72,54,7254,51.5774688225,-0.06052128100000003,0.08056381152930302
28829180,51.5776852,-0.0402277,3,,,POINT (-0.0402277 51.5776852),72,56,7256,51.5774688225,-0.04403291700000005,0.26404877342129673
28829234,51.5776796,-0.0355917,3,,,POINT (-0.0355917 51.5776796),72,57,7257,51.5774688225,-0.03578873500000001,0.02710528557030206
28829269,51.5778553,-0.0280148,3,,,POINT (-0.0280148 51.5778553),72,58,7258,51.5774688225,-0.02754455300000002,0.0538770174001988
1846241672,51.57777,-0.0196275,1,,,POINT (-0.0196275 51.57777),72,59,7259,51.5774688225,-0.01930037100000003,0.04040478141530852
3399050744,51.5773841,-0.0111352,3,,,POINT (-0.0111352 51.5773841),72,60,7260,51.5774688225,-0.011056189000000044,0.010888532037874654
98317623,51.5781707,-0.0017962,3,,,POINT (-0.0017962 51.5781707),72,61,7261,51.5774688225,-0.002812007,0.1049682101064325
11945390,51.5773038,0.0075004,3,,,POINT (0.0075004 51.5773038),72,62,7262,51.5774688225,0.005432174999999989,0.14409343404470185
85515351,51.5768658,0.0101703,1,,,POINT (0.0101703 51.5768658),72,63,7263,51.5774688225,0.013676356999999978,0.2513873449607136
5986168293,51.5772526,0.0218189,2,,,POINT (0.0218189 51.5772526),72,64,7264,51.5774688225,0.021920538999999968,0.025047727637837955
457505143,51.5768664,0.0306332,3,,,POINT (0.0306332 51.5768664),72,65,7265,51.5774688225,0.030164720999999957,0.07439895708352934
2337337902,51.576872,0.0369683,1,,,POINT (0.0369683 51.576872),72,66,7266,51.5774688225,0.038408902999999946,0.11964275659990545
149514931,51.5769716,0.0464541,3,,,POINT (0.0464541 51.5769716),72,67,7267,51.5774688225,0.046653084999999934,0.056972864343196115
149526207,51.5763886,0.0545829,3,,,POINT (0.0545829 51.5763886),72,68,7268,51.5774688225,0.05489726699999992,0.12206393027819046
147758250,51.576622,0.0641691,3,,,POINT (0.0641691 51.576622),72,69,7269,51.5774688225,0.0631414489999999,0.11793881021158235
147705085,51.5775211,0.0716221,3,,,POINT (0.0716221 51.5775211),72,70,7270,51.5774688225,0.071385631,0.017343807191161683
147709609,51.5774774,0.0800665,3,,,POINT (0.0800665 51.5774774),72,71,7271,51.5774688225,0.079629813,0.03019133658177889
147735862,51.5777184,0.087724,4,,,POINT (0.087724 51.5777184),72,72,7272,51.5774688225,0.08787399499999998,0.02962420860986911
147742469,51.5772437,0.094908,1,,,POINT (0.094908 51.5772437),72,73,7273,51.5774688225,0.09611817699999997,0.0872929547961781
7831089930,51.5789287,0.1011897,3,,,POINT (0.1011897 51.5789287),72,74,7274,51.5774688225,0.10436235899999996,0.27279247553729885
31513280,51.5768703,0.1136852,3,,,POINT (0.1136852 51.5768703),72,75,7275,51.5774688225,0.11260654099999995,0.09992641423380533
171635454,51.577632,0.1212882,3,,,POINT (0.1212882 51.577632),72,76,7276,51.5774688225,0.12085072299999994,0.0352579771633651
171634351,51.5778796,0.1287844,3,,,POINT (0.1287844 51.5778796),72,77,7277,51.5774688225,0.12909490499999993,0.05046502753412065
171642466,51.5777516,0.1379426,4,,,POINT (0.1379426 51.5777516),72,78,7278,51.5774688225,0.13733908699999992,0.05222964133454146
171604860,51.5755646,0.1455729,1,,,POINT (0.1455729 51.5755646),72,79,7279,51.5774688225,0.1455832689999999,0.21174109361021567
6658578080,51.578191,0.1630157,1,,,POINT (0.1630157 51.578191),72,81,7281,51.5774688225,0.162071633,0.10346191046760278
1138305044,51.577583,0.1695373,1,,,POINT (0.1695373 51.577583),72,82,7282,51.5774688225,0.17031581499999998,0.055275253224693933
33470259,51.577522,0.1785421,2,,,POINT (0.1785421 51.577522),72,83,7283,51.5774688225,0.17855999699999997,0.006041016428555736
25895835,51.5774019,0.1866519,4,,,POINT (0.1866519 51.5774019),72,84,7284,51.5774688225,0.18680417899999996,0.01288823447601273
1399319018,51.5774886,0.1952842,3,,,POINT (0.1952842 51.5774886),72,85,7285,51.5774688225,0.19504836099999995,0.016444828121835276
27339049,51.5778342,0.203369,3,,,POINT (0.203369 51.5778342),72,86,7286,51.5774688225,0.20329254299999994,0.04097021424383737
27340081,51.5774882,0.2112335,1,,,POINT (0.2112335 51.5774882),72,87,7287,51.5774688225,0.21153672499999993,0.021064167545125273
30865735,51.5783088,0.2190408,3,,,POINT (0.2190408 51.5783088),72,88,7288,51.5774688225,0.21978090699999991,0.10648658400613673
248229856,51.5778509,0.2276094,1,,,POINT (0.2276094 51.5778509),72,89,7289,51.5774688225,0.2280250889999999,0.05128464769485867
31498779,51.5783212,0.2363476,3,,,POINT (0.2363476 51.5783212),72,90,7290,51.5774688225,0.2362692709999999,0.0949344819274587
2168751147,51.5788631,0.245344,3,,,POINT (0.245344 51.5788631),72,91,7291,51.5774688225,0.244513453,0.16531850096758988
30992338,51.5783605,0.253627,3,,,POINT (0.253627 51.5783605),72,92,7292,51.5774688225,0.252757635,0.11592981126196573
30992297,51.578044,0.2587003,3,motorway_junction,,POINT (0.2587003 51.578044),72,93,7293,51.5774688225,0.26100181699999997,0.17141831736920593
6398364376,51.5757746,0.2706564,3,,,POINT (0.2706564 51.5757746),72,94,7294,51.5774688225,0.26924599899999996,0.21210776476824902
210969437,51.5780759,0.2815866,3,,,POINT (0.2815866 51.5780759),72,95,7295,51.5774688225,0.27749018099999995,0.291009425503316
210969777,51.5783754,0.2816469,3,motorway_junction,29,POINT (0.2816469 51.5783754),72,96,7296,51.5774688225,0.28573436299999994,0.29990198550505676
60358723,51.5831121,-0.4708037,3,,,POINT (-0.4708037 51.5831121),73,4,7304,51.58140060350001,-0.472730381,0.2322499448371455
60360431,51.5812657,-0.4486556,3,,,POINT (-0.4486556 51.5812657),73,7,7307,51.58140060350001,-0.447997835,0.04786099441921764
534292038,51.5814386,-0.4396129,3,,,POINT (-0.4396129 51.5814386),73,8,7308,51.58140060350001,-0.43975365299999997,0.010603657379176231
147025105,51.5808087,-0.4318808,3,,,POINT (-0.4318808 51.5808087),73,9,7309,51.58140060350001,-0.431509471,0.07064103818504841
147023712,51.5804065,-0.4219732,1,,,POINT (-0.4219732 51.5804065),73,10,7310,51.58140060350001,-0.423265289,0.14209107712311186
147022621,51.5811256,-0.4144219,3,,,POINT (-0.4144219 51.5811256),73,11,7311,51.58140060350001,-0.415021107,0.05147150377379749
61276671,51.581301,-0.4067218,3,,,POINT (-0.4067218 51.581301),73,12,7312,51.58140060350001,-0.406776925,0.011712078101118585
274756944,51.581703,-0.4001058,1,,,POINT (-0.4001058 51.581703),73,13,7313,51.58140060350001,-0.398532743,0.11377504318031983
61276372,51.5816595,-0.3903709,3,,,POINT (-0.3903709 51.5816595),73,14,7314,51.58140060350001,-0.39028856100000003,0.02934478243315137
61276425,51.5809584,-0.3814857,3,,,POINT (-0.3814857 51.5809584),73,15,7315,51.58140060350001,-0.382044379,0.06251372266270343
547323128,51.5813988,-0.372392,3,,,POINT (-0.372392 51.5813988),73,16,7316,51.58140060350001,-0.373800197,0.09730206796693798
8455774321,51.581651,-0.3650051,2,,,POINT (-0.3650051 51.581651),73,17,7317,51.58140060350001,-0.365556015,0.04716215550934751
31193264,51.5816263,-0.3573177,3,,,POINT (-0.3573177 51.5816263),73,18,7318,51.58140060350001,-0.35731183299999997,0.02509957975097003
31255045,51.5815898,-0.3501815,3,,,POINT (-0.3501815 51.5815898),73,19,7319,51.58140060350001,-0.349067651,0.07978671085071842
8761029063,51.5812943,-0.3408577,3,,,POINT (-0.3408577 51.5812943),73,20,7320,51.58140060350001,-0.340823469,0.012054730075747479
21652382,51.5815933,-0.3320816,3,,,POINT (-0.3320816 51.5815933),73,21,7321,51.58140060350001,-0.332579287,0.040517639463408694
106190577,51.5818218,-0.3231271,3,,,POINT (-0.3231271 51.5818218),73,22,7322,51.58140060350001,-0.324335105,0.0957108067337435
548802672,51.5822458,-0.3158088,3,,,POINT (-0.3158088 51.5822458),73,23,7323,51.58140060350001,-0.316090923,0.09598195047024927
75859548,51.5811206,-0.307331,1,,,POINT (-0.307331 51.5811206),73,24,7324,51.58140060350001,-0.30784674100000003,0.047321465766642076
78438126,51.5810306,-0.2990136,3,,,POINT (-0.2990136 51.5810306),73,25,7325,51.58140060350001,-0.29960255900000005,0.05786895571318004
75849524,51.5809425,-0.2919603,3,,,POINT (-0.2919603 51.5809425),73,26,7326,51.58140060350001,-0.291358377,0.06576156151404396
75851358,51.5796891,-0.2833343,1,,,POINT (-0.2833343 51.5796891),73,27,7327,51.58140060350001,-0.283114195,0.1909172523932172
20856579,51.5825877,-0.2752009,3,,,POINT (-0.2752009 51.5825877),73,28,7328,51.58140060350001,-0.274870013,0.13396446480618587
6845626431,51.5813913,-0.2659812,3,,,POINT (-0.2659812 51.5813913),73,29,7329,51.58140060350001,-0.266625831,0.04455393400316588
8475624243,51.5815544,-0.2581587,3,,,POINT (-0.2581587 51.5815544),73,30,7330,51.58140060350001,-0.258381649,0.023016786805489943
1077046224,51.5813004,-0.2501701,3,,,POINT (-0.2501701 51.5813004),73,31,7331,51.58140060350001,-0.250137467,0.011367987849941995
519103,51.5807659,-0.2418501,3,,,POINT (-0.2418501 51.5807659),73,32,7332,51.58140060350001,-0.241893285,0.07063886238369607
451046750,51.5809448,-0.2341999,1,,,POINT (-0.2341999 51.5809448),73,33,7333,51.58140060350001,-0.23364910300000002,0.06338152973681105
21544993,51.5808522,-0.2263366,3,,,POINT (-0.2263366 51.5808522),73,34,7334,51.58140060350001,-0.22540492100000004,0.08867267014634667
21542620,51.5813126,-0.2168347,3,,,POINT (-0.2168347 51.5813126),73,35,7335,51.58140060350001,-0.217160739,0.024561747844014166
21542606,51.5815011,-0.2101355,3,,,POINT (-0.2101355 51.5815011),73,36,7336,51.58140060350001,-0.208916557,0.08496300508848201
766791835,51.5815184,-0.200696,1,,,POINT (-0.200696 51.5815184),73,37,7337,51.58140060350001,-0.20067237500000001,0.013199702230473178
5220734647,51.5815904,-0.191213,3,,,POINT (-0.191213 51.5815904),73,38,7338,51.58140060350001,-0.19242819300000003,0.08657736501047472
620849506,51.5815516,-0.1846367,4,,,POINT (-0.1846367 51.5815516),73,39,7339,51.58140060350001,-0.18418401100000004,0.03550070206877294
25340820,51.5810079,-0.1752934,1,,,POINT (-0.1752934 51.5810079),73,40,7340,51.58140060350001,-0.175939829,0.06246485175119498
10738037402,51.5833223,-0.1680439,3,,,POINT (-0.1680439 51.5833223),73,41,7341,51.58140060350001,-0.167695647,0.21503347025712635
7688741781,51.5817937,-0.15968,3,,,POINT (-0.15968 51.5817937),73,42,7342,51.58140060350001,-0.15945146500000001,0.04647524042251103
26619182,51.5801416,-0.1528183,3,,,POINT (-0.1528183 51.5801416),73,43,7343,51.58140060350001,-0.15120728300000003,0.1788579165084987
707684154,51.5802274,-0.1446006,1,,,POINT (-0.1446006 51.5802274),73,44,7344,51.58140060350001,-0.14296310100000004,0.17268653822217603
248187767,51.5809847,-0.1329641,1,,,POINT (-0.1329641 51.5809847),73,45,7345,51.58140060350001,-0.13471891900000005,0.12977282114823854
621442408,51.5813878,-0.1269032,1,,,POINT (-0.1269032 51.5813878),73,46,7346,51.58140060350001,-0.126474737,0.029639623819451583
25278538,51.5815097,-0.1183418,3,,,POINT (-0.1183418 51.5815097),73,47,7347,51.58140060350001,-0.11823055500000001,0.014361245116193326
618865639,51.5813858,-0.1117665,3,,,POINT (-0.1117665 51.5813858),73,48,7348,51.58140060350001,-0.10998637300000003,0.12301205368393071
220891,51.5814309,-0.0995403,4,,,POINT (-0.0995403 51.5814309),73,49,7349,51.58140060350001,-0.10174219100000004,0.15218078991706321
25715350,51.5813532,-0.0935996,3,,,POINT (-0.0935996 51.5813532),73,50,7350,51.58140060350001,-0.09349800900000005,0.008778309297280126
26434987,51.5809911,-0.0848459,3,,,POINT (-0.0848459 51.5809911),73,51,7351,51.58140060350001,-0.085253827,0.05355270616269081
26265369,51.5812728,-0.0764545,3,,,POINT (-0.0764545 51.5812728),73,52,7352,51.58140060350001,-0.07700964500000002,0.04090661642692373
53334193,51.5821465,-0.0691062,3,,,POINT (-0.0691062 51.5821465),73,53,7353,51.58140060350001,-0.06876546300000003,0.0862167657801682
1719180641,51.5820268,-0.0593501,1,,,POINT (-0.0593501 51.5820268),73,54,7354,51.58140060350001,-0.06052128100000003,0.10675699326486966
25283493,51.5797053,-0.0419085,3,,,POINT (-0.0419085 51.5797053),73,56,7356,51.58140060350001,-0.04403291700000005,0.23892238990022885
243779,51.5820742,-0.034369,3,,,POINT (-0.034369 51.5820742),73,57,7357,51.58140060350001,-0.03578873500000001,0.12342356850286147
27621050,51.5813464,-0.0274476,3,,,POINT (-0.0274476 51.5813464),73,58,7358,51.58140060350001,-0.02754455300000002,0.009011387359378743
27623228,51.5815611,-0.0183783,3,,,POINT (-0.0183783 51.5815611),73,59,7359,51.58140060350001,-0.01930037100000003,0.0661642982196143
27788458,51.5812636,-0.0116641,3,,,POINT (-0.0116641 51.5812636),73,60,7360,51.58140060350001,-0.011056189000000044,0.044681947806652626
34960871,51.5812271,-0.0022092,3,,,POINT (-0.0022092 51.5812271),73,61,7361,51.58140060350001,-0.002812007,0.045903219492151814
6219934867,51.582657,0.0036835,3,,,POINT (0.0036835 51.582657),73,62,7362,51.58140060350001,0.005432174999999989,0.1847062925462654
249326578,51.5832901,0.0155901,3,,,POINT (0.0155901 51.5832901),73,63,7363,51.58140060350001,0.013676356999999978,0.2482498499204176
11945224,51.5807948,0.0222114,3,,,POINT (0.0222114 51.5807948),73,64,7364,51.58140060350001,0.021920538999999968,0.07029646705023816
248878964,51.5817134,0.0303679,1,,,POINT (0.0303679 51.5817134),73,65,7365,51.58140060350001,0.030164720999999957,0.03750782802794789
616749044,51.5817002,0.0363387,3,,,POINT (0.0363387 51.5817002),73,66,7366,51.58140060350001,0.038408902999999946,0.14687185941751113
149523262,51.5820899,0.0480916,3,,,POINT (0.0480916 51.5820899),73,67,7367,51.58140060350001,0.046653084999999934,0.12551578536754612
149517520,51.58111,0.0544767,3,,,POINT (0.0544767 51.58111),73,68,7368,51.58140060350001,0.05489726699999992,0.04345859554468168
147764841,51.5813569,0.0639155,4,,,POINT (0.0639155 51.5813569),73,69,7369,51.58140060350001,0.0631414489999999,0.05370476564232247
147763276,51.5815847,0.0710336,4,,,POINT (0.0710336 51.5815847),73,70,7370,51.58140060350001,0.071385631,0.0317916628819434
147716159,51.5819717,0.0784407,3,,,POINT (0.0784407 51.5819717),73,71,7371,51.58140060350001,0.079629813,0.10384339582489145
147733792,51.5812494,0.0860674,1,,,POINT (0.0860674 51.5812494),73,72,7372,51.58140060350001,0.08787399499999998,0.1259572470885938
147742075,51.5813506,0.0955534,3,,,POINT (0.0955534 51.5813506),73,73,7373,51.58140060350001,0.09611817699999997,0.039418396778978244
147751069,51.5814574,0.1043322,3,,,POINT (0.1043322 51.5814574),73,74,7374,51.58140060350001,0.10436235899999996,0.006650406802233291
7874996001,51.5810767,0.1141924,1,,,POINT (0.1141924 51.5810767),73,75,7375,51.58140060350001,0.11260654099999995,0.11534533904913857
171637296,51.5814852,0.1210082,3,,,POINT (0.1210082 51.5814852),73,76,7376,51.58140060350001,0.12085072299999994,0.014383506975807453
171633028,51.5804985,0.1287758,1,,,POINT (0.1287758 51.5804985),73,77,7377,51.58140060350001,0.12909490499999993,0.10270411722623952
1221118522,51.5811921,0.1378392,3,,,POINT (0.1378392 51.5811921),73,78,7378,51.58140060350001,0.13733908699999992,0.04161319893974758
3214393585,51.5808835,0.1436267,3,,,POINT (0.1436267 51.5808835),73,79,7379,51.58140060350001,0.1455832689999999,0.1469129423310485
3214393600,51.5804652,0.1554982,3,,,POINT (0.1554982 51.5804652),73,80,7380,51.58140060350001,0.153827451,0.15538971676741792
1138240385,51.5820097,0.1620586,3,,,POINT (0.1620586 51.5820097),73,81,7381,51.58140060350001,0.162071633,0.0677344272073636
245037947,51.5809307,0.1706021,3,,,POINT (0.1706021 51.5809307),73,82,7382,51.58140060350001,0.17031581499999998,0.05587004174403537
245797310,51.5815563,0.1786561,3,,,POINT (0.1786561 51.5815563),73,83,7383,51.58140060350001,0.17855999699999997,0.018542466811357468
7353743777,51.581488,0.1864945,3,,,POINT (0.1864945 51.581488),73,84,7384,51.58140060350001,0.18680417899999996,0.023501194897786924
27480623,51.5821483,0.1956674,3,,,POINT (0.1956674 51.5821483),73,85,7385,51.58140060350001,0.19504836099999995,0.09349769694525763
25895850,51.5817899,0.2031079,3,,,POINT (0.2031079 51.5817899),73,86,7386,51.58140060350001,0.20329254299999994,0.045128753681996654
25895975,51.5819162,0.2114609,3,,,POINT (0.2114609 51.5819162),73,87,7387,51.58140060350001,0.21153672499999993,0.05757060971127434
27480475,51.580881,0.2202108,3,,,POINT (0.2202108 51.580881),73,88,7388,51.58140060350001,0.21978090699999991,0.06496586670051561
248230351,51.5815547,0.228071,1,,,POINT (0.228071 51.5815547),73,89,7389,51.58140060350001,0.2280250889999999,0.01742593146307132
1158359802,51.5808939,0.2350665,1,,,POINT (0.2350665 51.5808939),73,90,7390,51.58140060350001,0.2362692709999999,0.10040650247423671
60360599,51.5847225,-0.4489843,3,,,POINT (-0.4489843 51.5847225),74,7,7407,51.585332384500006,-0.447997835,0.0961471397467462
827247272,51.5855366,-0.4395422,3,,,POINT (-0.4395422 51.5855366),74,8,7408,51.585332384500006,-0.43975365299999997,0.027001409007466445
8223711929,51.584831,-0.4320476,1,,,POINT (-0.4320476 51.584831),74,9,7409,51.585332384500006,-0.431509471,0.06701171223116141
147009659,51.5839937,-0.4211321,3,,,POINT (-0.4211321 51.5839937),74,10,7410,51.585332384500006,-0.423265289,0.2094764575749022
147021615,51.5853378,-0.4149226,1,,,POINT (-0.4149226 51.5853378),74,11,7411,51.585332384500006,-0.415021107,0.006832513644943425
488584435,51.5853243,-0.4054866,3,,,POINT (-0.4054866 51.5853243),74,12,7412,51.585332384500006,-0.406776925,0.08915411120517641
27121255,51.5853738,-0.3988985,3,,,POINT (-0.3988985 51.5853738),74,13,7413,51.585332384500006,-0.398532743,0.025686617709837357
61276289,51.5848258,-0.3906783,4,,,POINT (-0.3906783 51.5848258),74,14,7414,51.585332384500006,-0.39028856100000003,0.06243491322268983
60372048,51.5858082,-0.3819298,3,,,POINT (-0.3819298 51.5858082),74,15,7415,51.585332384500006,-0.382044379,0.053497224122640505
61273284,51.5850306,-0.3742464,3,,,POINT (-0.3742464 51.5850306),74,16,7416,51.585332384500006,-0.373800197,0.0455682966647905
60372354,51.5852215,-0.3652494,3,,,POINT (-0.3652494 51.5852215),74,17,7417,51.585332384500006,-0.365556015,0.02451118703367935
36487210,51.5856048,-0.3567057,3,,,POINT (-0.3567057 51.5856048),74,18,7418,51.585332384500006,-0.35731183299999997,0.05168492792551304
21668894,51.5852816,-0.3477191,3,,,POINT (-0.3477191 51.5852816),74,19,7419,51.585332384500006,-0.349067651,0.09334347186036161
21668836,51.5855295,-0.3398154,3,,,POINT (-0.3398154 51.5855295),74,20,7420,51.585332384500006,-0.340823469,0.07301555641810939
8908483158,51.5854008,-0.3323103,2,,,POINT (-0.3323103 51.5854008),74,21,7421,51.585332384500006,-0.332579287,0.020081269849663443
106197049,51.5852923,-0.3246485,3,,,POINT (-0.3246485 51.5852923),74,22,7422,51.585332384500006,-0.324335105,0.022106712226474416
73793697,51.5853987,-0.3163566,3,,,POINT (-0.3163566 51.5853987),74,23,7423,51.585332384500006,-0.316090923,0.01978158791051491
75828802,51.5860746,-0.3080396,3,,,POINT (-0.3080396 51.5860746),74,24,7424,51.585332384500006,-0.30784674100000003,0.08359932109787042
75855586,51.585488,-0.2992663,3,,,POINT (-0.2992663 51.585488),74,25,7425,51.585332384500006,-0.29960255900000005,0.02896824076403729
5061274272,51.584868,-0.2911971,1,turning_circle,,POINT (-0.2911971 51.584868),74,26,7426,51.585332384500006,-0.291358377,0.05282577708645613
1471324723,51.5850421,-0.2824551,3,,,POINT (-0.2824551 51.5850421),74,27,7427,51.585332384500006,-0.283114195,0.05581708745257594
20856590,51.5850873,-0.2741268,3,,,POINT (-0.2741268 51.5850873),74,28,7428,51.585332384500006,-0.274870013,0.05813287805773507
29280182,51.5855033,-0.2656391,3,,,POINT (-0.2656391 51.5855033),74,29,7429,51.585332384500006,-0.266625831,0.0707733526573183
89124506,51.5860126,-0.2587357,3,,,POINT (-0.2587357 51.5860126),74,30,7430,51.585332384500006,-0.258381649,0.07949368540769998
26707026,51.5852111,-0.2504946,3,,,POINT (-0.2504946 51.5852111),74,31,7431,51.585332384500006,-0.250137467,0.02811966728778808
25425321,51.5851816,-0.2425667,3,,,POINT (-0.2425667 51.5851816),74,32,7432,51.585332384500006,-0.241893285,0.04945566046971443
21542777,51.5850257,-0.233544,3,,,POINT (-0.233544 51.5850257),74,33,7433,51.585332384500006,-0.23364910300000002,0.03486634439285961
21542818,51.5850813,-0.2256916,3,,,POINT (-0.2256916 51.5850813),74,34,7434,51.585332384500006,-0.22540492100000004,0.034231610487810704
450996034,51.5843624,-0.2174807,3,,,POINT (-0.2174807 51.5843624),74,35,7435,51.585332384500006,-0.217160739,0.11009954848765048
21542601,51.5852777,-0.2092998,1,,,POINT (-0.2092998 51.5852777),74,36,7436,51.585332384500006,-0.208916557,0.027167797099120927
620872401,51.5853976,-0.1998938,3,,,POINT (-0.1998938 51.5853976),74,37,7437,51.585332384500006,-0.20067237500000001,0.05427890976862678
21255943,51.5851454,-0.192959,1,,,POINT (-0.192959 51.5851454),74,38,7438,51.585332384500006,-0.19242819300000003,0.04215773363104253
17413898,51.5848989,-0.1839601,3,,,POINT (-0.1839601 51.5848989),74,39,7439,51.585332384500006,-0.18418401100000004,0.050623039262091926
620849399,51.5851371,-0.1762268,3,,,POINT (-0.1762268 51.5851371),74,40,7440,51.585332384500006,-0.175939829,0.029404753646369085
17651804,51.5854626,-0.1683962,3,,,POINT (-0.1683962 51.5854626),74,41,7441,51.585332384500006,-0.167695647,0.05052102289838589
918104929,51.5847456,-0.1586286,1,,,POINT (-0.1586286 51.5847456),74,42,7442,51.585332384500006,-0.15945146500000001,0.08654170726310256
306548994,51.5860699,-0.1510972,1,,,POINT (-0.1510972 51.5860699),74,43,7443,51.585332384500006,-0.15120728300000003,0.0823599123052647
621443538,51.5850259,-0.1416144,3,,,POINT (-0.1416144 51.5850259),74,44,7444,51.585332384500006,-0.14296310100000004,0.09921950079372836
621443530,51.5864605,-0.1335557,4,,,POINT (-0.1335557 51.5864605),74,45,7445,51.585332384500006,-0.13471891900000005,0.14897712548481035
873867372,51.58597,-0.1270035,1,,,POINT (-0.1270035 51.58597),74,46,7446,51.585332384500006,-0.126474737,0.07975820006400186
5247234492,51.5854947,-0.1184667,3,,,POINT (-0.1184667 51.5854947),74,47,7447,51.585332384500006,-0.11823055500000001,0.024329958859131768
220899,51.5859616,-0.1078102,3,,,POINT (-0.1078102 51.5859616),74,48,7448,51.585332384500006,-0.10998637300000003,0.16583439115161894
220914,51.5851796,-0.1002746,3,,,POINT (-0.1002746 51.5851796),74,49,7449,51.585332384500006,-0.10174219100000004,0.10281056057400086
46411609,51.5851216,-0.0937284,3,,,POINT (-0.0937284 51.5851216),74,50,7450,51.585332384500006,-0.09349800900000005,0.028332459355490894
3795016155,51.5850749,-0.0858747,3,,,POINT (-0.0858747 51.5850749),74,51,7451,51.585332384500006,-0.085253827,0.05157384589252505
53329288,51.5848532,-0.07731,3,,,POINT (-0.07731 51.5848532),74,52,7452,51.585332384500006,-0.07700964500000002,0.05718134402055559
460668761,51.584986,-0.0686856,1,,,POINT (-0.0686856 51.584986),74,53,7453,51.585332384500006,-0.06876546300000003,0.038909432187926085
242552123,51.5860865,-0.0598754,3,,,POINT (-0.0598754 51.5860865),74,54,7454,51.585332384500006,-0.06052128100000003,0.09498825821251136
242552398,51.5857587,-0.0555582,1,,,POINT (-0.0555582 51.5857587),74,55,7455,51.585332384500006,-0.05227709900000004,0.23159613922767525
753464248,51.586935,-0.0431329,3,,,POINT (-0.0431329 51.586935),74,56,7456,51.585332384500006,-0.04403291700000005,0.18873998396669264
3813414597,51.5852745,-0.035318,3,,,POINT (-0.035318 51.5852745),74,57,7457,51.585332384500006,-0.03578873500000001,0.03315425063760164
21592328,51.5847951,-0.028974,3,,,POINT (-0.028974 51.5847951),74,58,7458,51.585332384500006,-0.02754455300000002,0.11542632284176943
27604123,51.5849014,-0.019522,4,,,POINT (-0.019522 51.5849014),74,59,7459,51.585332384500006,-0.01930037100000003,0.050310210425508345
28795395,51.5847079,-0.0108421,3,,,POINT (-0.0108421 51.5847079),74,60,7460,51.585332384500006,-0.011056189000000044,0.07099745821491844
29356545,51.5852948,-0.0037336,3,,,POINT (-0.0037336 51.5852948),74,61,7461,51.585332384500006,-0.002812007,0.06381061620679115
34962508,51.5850696,0.0047874,3,,,POINT (0.0047874 51.5850696),74,62,7462,51.585332384500006,0.005432174999999989,0.05327628969115078
249326491,51.5856879,0.0148827,3,,,POINT (0.0148827 51.5856879),74,63,7463,51.585332384500006,0.013676356999999978,0.09224662885781187
6310962048,51.5851432,0.0207448,3,,,POINT (0.0207448 51.5851432),74,64,7464,51.585332384500006,0.021920538999999968,0.08391253090574691
11944634,51.5850199,0.0296558,3,,,POINT (0.0296558 51.5850199),74,65,7465,51.585332384500006,0.030164720999999957,0.04943369205334119
370588721,51.5847268,0.03682,1,,,POINT (0.03682 51.5847268),74,66,7466,51.585332384500006,0.038408902999999946,0.12878621409151486
149522116,51.5847237,0.0452672,3,,,POINT (0.0452672 51.5847237),74,67,7467,51.585332384500006,0.046653084999999934,0.11725819719345766
149529906,51.5850825,0.0550279,3,,,POINT (0.0550279 51.5850825),74,68,7468,51.585332384500006,0.05489726699999992,0.029215002522929502
149534162,51.5848552,0.0646399,3,,,POINT (0.0646399 51.5848552),74,69,7469,51.585332384500006,0.0631414489999999,0.11633492935431562
147769342,51.5854045,0.0704311,4,,,POINT (0.0704311 51.5854045),74,70,7470,51.585332384500006,0.071385631,0.06643497217566724
147770460,51.585838,0.0790279,3,,,POINT (0.0790279 51.585838),74,71,7471,51.585332384500006,0.079629813,0.06993088933931534
147733214,51.5858391,0.0870028,3,,,POINT (0.0870028 51.5858391),74,72,7472,51.585332384500006,0.08787399499999998,0.0824478637583012
147749969,51.5833823,0.1014657,3,,,POINT (0.1014657 51.5833823),74,74,7474,51.585332384500006,0.10436235899999996,0.2950831878216554
173635852,51.5837154,0.1161729,1,,,POINT (0.1161729 51.5837154),74,75,7475,51.585332384500006,0.11260654099999995,0.3050321116111323
25583184,51.584931,0.1182137,3,,,POINT (0.1182137 51.584931),74,76,7476,51.585332384500006,0.12085072299999994,0.1875818596444544
8732475986,51.5851015,0.1292406,1,,,POINT (0.1292406 51.5851015),74,77,7477,51.585332384500006,0.12909490499999993,0.02757609421733538
173642024,51.584933,0.1366283,3,,,POINT (0.1366283 51.584933),74,78,7478,51.585332384500006,0.13733908699999992,0.06621106507507875
6322569000,51.5849833,0.1417711,3,,,POINT (0.1417711 51.5849833),74,79,7479,51.585332384500006,0.1455832689999999,0.2662316782198102
1138252283,51.584603,0.1549454,1,,,POINT (0.1549454 51.584603),74,80,7480,51.585332384500006,0.153827451,0.111999755912624
245796603,51.5847617,0.1624771,1,,,POINT (0.1624771 51.5847617),74,81,7481,51.585332384500006,0.162071633,0.06936580497189708
245795814,51.5857649,0.1714216,3,,,POINT (0.1714216 51.5857649),74,82,7482,51.585332384500006,0.17031581499999998,0.09027637733740297
245797009,51.5858976,0.1783128,3,,,POINT (0.1783128 51.5858976),74,83,7483,51.585332384500006,0.17855999699999997,0.06512832487619227
25894077,51.5855069,0.1864821,3,,,POINT (0.1864821 51.5855069),74,84,7484,51.585332384500006,0.18680417899999996,0.02952530550783214
9173424036,51.5853735,0.195269,1,,,POINT (0.195269 51.5853735),74,85,7485,51.585332384500006,0.19504836099999995,0.015914921672970424
27480535,51.5860545,0.2029228,3,,,POINT (0.2029228 51.5860545),74,86,7486,51.585332384500006,0.20329254299999994,0.08426125741525278
25895983,51.5855294,0.2109996,3,,,POINT (0.2109996 51.5855294),74,87,7487,51.585332384500006,0.21153672499999993,0.04309404972663062
1159012394,51.5845056,0.2205493,3,,,POINT (0.2205493 51.5845056),74,88,7488,51.585332384500006,0.21978090699999991,0.10616206977045338
248230370,51.5849152,0.2281241,3,,,POINT (0.2281241 51.5849152),74,89,7489,51.585332384500006,0.2280250889999999,0.04689047895789267
38453496,51.5848457,0.2352256,1,,,POINT (0.2352256 51.5848457),74,90,7490,51.585332384500006,0.2362692709999999,0.09015686322180039
1165683240,51.5837061,0.2530256,3,,,POINT (0.2530256 51.5837061),74,92,7492,51.585332384500006,0.252757635,0.18177987958413894
60358355,51.5895025,-0.4859497,1,,,POINT (-0.4859497 51.5895025),75,2,7502,51.589264165500005,-0.489218745,0.22739037307786086
60358110,51.5891851,-0.4816093,3,,,POINT (-0.4816093 51.5891851),75,3,7503,51.589264165500005,-0.48097456299999997,0.04472336698972387
7741305545,51.5899544,-0.4552165,1,,,POINT (-0.4552165 51.5899544),75,6,7506,51.589264165500005,-0.456242017,0.10445077023864068
827247347,51.5896756,-0.4375742,1,,,POINT (-0.4375742 51.5896756),75,8,7508,51.589264165500005,-0.43975365299999997,0.15736344828616908
315571790,51.5893781,-0.4343807,1,,,POINT (-0.4343807 51.5893781),75,9,7509,51.589264165500005,-0.431509471,0.19876222323756917
147037695,51.5901088,-0.4134995,3,,,POINT (-0.4134995 51.5901088),75,11,7511,51.589264165500005,-0.415021107,0.14096377545634764
147038600,51.5887277,-0.40756,3,,,POINT (-0.40756 51.5887277),75,12,7512,51.589264165500005,-0.406776925,0.08053000451620199
61270769,51.5890075,-0.3982787,1,,,POINT (-0.3982787 51.5890075),75,13,7513,51.589264165500005,-0.398532743,0.03350445032464601
220110535,51.5893616,-0.3921834,1,,,POINT (-0.3921834 51.5893616),75,14,7514,51.589264165500005,-0.39028856100000003,0.13135202869328333
61270954,51.5894098,-0.3818573,3,,,POINT (-0.3818573 51.5894098),75,15,7515,51.589264165500005,-0.382044379,0.0207190048268909
1253220842,51.5894146,-0.3739543,1,,,POINT (-0.3739543 51.5894146),75,16,7516,51.589264165500005,-0.373800197,0.01982805414010057
61273630,51.5887812,-0.3654846,3,,,POINT (-0.3654846 51.5887812),75,17,7517,51.589264165500005,-0.365556015,0.05392946723452149
36487127,51.5893683,-0.3572175,3,,,POINT (-0.3572175 51.5893683),75,18,7518,51.589264165500005,-0.35731183299999997,0.013287190027120664
7888006284,51.5892607,-0.3500225,1,,,POINT (-0.3500225 51.5892607),75,19,7519,51.589264165500005,-0.349067651,0.06596668889318465
1832769700,51.5892052,-0.3410214,1,,,POINT (-0.3410214 51.5892052),75,20,7520,51.589264165500005,-0.340823469,0.015164730809396888
8916964195,51.5891677,-0.3327206,3,,,POINT (-0.3327206 51.5891677),75,21,7521,51.589264165500005,-0.332579287,0.014503980524989836
73802214,51.5896458,-0.3229601,3,,,POINT (-0.3229601 51.5896458),75,22,7522,51.589264165500005,-0.324335105,0.10403939207353388
73797338,51.5895863,-0.3162971,3,,,POINT (-0.3162971 51.5895863),75,23,7523,51.589264165500005,-0.316090923,0.03854781452424887
61934402,51.5887767,-0.3079772,3,,,POINT (-0.3079772 51.5887767),75,24,7524,51.589264165500005,-0.30784674100000003,0.054947887413273055
73785862,51.5893075,-0.2990441,3,,,POINT (-0.2990441 51.5893075),75,25,7525,51.589264165500005,-0.29960255900000005,0.038880758708900925
73774868,51.5898967,-0.2919002,3,,,POINT (-0.2919002 51.5898967),75,26,7526,51.589264165500005,-0.291358377,0.07967480994888558
73773336,51.5891852,-0.2835152,3,,,POINT (-0.2835152 51.5891852),75,27,7527,51.589264165500005,-0.283114195,0.029061580060567183
29281212,51.5898022,-0.2765627,3,,,POINT (-0.2765627 51.5898022),75,28,7528,51.589264165500005,-0.274870013,0.13135369365949354
1076910052,51.5896418,-0.26601,3,,,POINT (-0.26601 51.5896418),75,29,7529,51.589264165500005,-0.266625831,0.05977685693211195
76821002,51.5895728,-0.2580799,3,,,POINT (-0.2580799 51.5895728),75,30,7530,51.589264165500005,-0.258381649,0.04015382629494866
1678369166,51.589004,-0.2503521,3,,,POINT (-0.2503521 51.589004),75,31,7531,51.589264165500005,-0.250137467,0.03250783232277329
2091469962,51.589329,-0.2419421,3,,,POINT (-0.2419421 51.589329),75,32,7532,51.589264165500005,-0.241893285,0.007959047309498866
1469809833,51.5890611,-0.233534,1,,,POINT (-0.233534 51.5890611),75,33,7533,51.589264165500005,-0.23364910300000002,0.02393913695698951
1907531913,51.5892138,-0.2249439,1,,,POINT (-0.2249439 51.5892138),75,34,7534,51.589264165500005,-0.22540492100000004,0.03233819976660396
222469,51.5898314,-0.2174964,3,,,POINT (-0.2174964 51.5898314),75,35,7535,51.589264165500005,-0.217160739,0.06720123048543322
196580,51.5892345,-0.2091534,3,,,POINT (-0.2091534 51.5892345),75,36,7536,51.589264165500005,-0.208916557,0.016691453639463793
1692087081,51.5896483,-0.2008412,3,,,POINT (-0.2008412 51.5896483),75,37,7537,51.589264165500005,-0.20067237500000001,0.04427752748119791
620849250,51.5897971,-0.1925389,3,,,POINT (-0.1925389 51.5897971),75,38,7538,51.589264165500005,-0.19242819300000003,0.059751113274464064
620849298,51.5881126,-0.1838397,3,,,POINT (-0.1838397 51.5881126),75,39,7539,51.589264165500005,-0.18418401100000004,0.130238902105323
17651763,51.5894093,-0.1763544,1,,,POINT (-0.1763544 51.5894093),75,40,7540,51.589264165500005,-0.175939829,0.03287432297974535
5219183942,51.5890425,-0.1686622,3,,,POINT (-0.1686622 51.5890425),75,41,7541,51.589264165500005,-0.167695647,0.07117818430661466
622031433,51.5901639,-0.1597055,3,,,POINT (-0.1597055 51.5901639),75,42,7542,51.589264165500005,-0.15945146500000001,0.10157351736919401
5216850738,51.5884351,-0.1505957,3,,,POINT (-0.1505957 51.5884351),75,43,7543,51.589264165500005,-0.15120728300000003,0.10140903479970412
26054723,51.5891613,-0.1423438,3,,,POINT (-0.1423438 51.5891613),75,44,7544,51.589264165500005,-0.14296310100000004,0.04428690957250415
622034413,51.5885033,-0.1341983,1,,,POINT (-0.1341983 51.5885033),75,45,7545,51.589264165500005,-0.13471891900000005,0.09193225053225695
622034440,51.5892119,-0.1266637,3,,,POINT (-0.1266637 51.5892119),75,46,7546,51.589264165500005,-0.126474737,0.014289675622001381
60241908,51.5889795,-0.1186894,3,,,POINT (-0.1186894 51.5889795),75,47,7547,51.589264165500005,-0.11823055500000001,0.04479711995674176
5338250445,51.5889534,-0.1098501,3,,,POINT (-0.1098501 51.5889534),75,48,7548,51.589264165500005,-0.10998637300000003,0.03581504224562428
1828643376,51.5890636,-0.1022222,3,,,POINT (-0.1022222 51.5890636),75,49,7549,51.589264165500005,-0.10174219100000004,0.03996313175999992
38885467,51.589482,-0.0934999,3,,,POINT (-0.0934999 51.589482),75,50,7550,51.589264165500005,-0.09349800900000005,0.024222443538060242
38889501,51.5890487,-0.0849717,3,,,POINT (-0.0849717 51.5890487),75,51,7551,51.589264165500005,-0.085253827,0.030885379814734774
26635010,51.5894689,-0.076778,3,,,POINT (-0.076778 51.5894689),75,52,7552,51.589264165500005,-0.07700964500000002,0.027827411467890972
41318841,51.5893092,-0.0681101,1,,,POINT (-0.0681101 51.5893092),75,53,7553,51.589264165500005,-0.06876546300000003,0.045551691204535776
791583140,51.5889701,-0.0618282,4,,,POINT (-0.0618282 51.5889701),75,54,7554,51.589264165500005,-0.06052128100000003,0.09602717678787322
7725510511,51.5873269,-0.0545854,3,,,POINT (-0.0545854 51.5873269),75,55,7555,51.589264165500005,-0.05227709900000004,0.2680196450066327
7747472227,51.5885601,-0.0437611,1,,,POINT (-0.0437611 51.5885601),75,56,7556,51.589264165500005,-0.04403291700000005,0.08050916583659044
27788737,51.5892895,-0.0355512,4,,,POINT (-0.0355512 51.5892895),75,57,7557,51.589264165500005,-0.03578873500000001,0.016650098933380562
27625086,51.5897185,-0.0274896,3,,,POINT (-0.0274896 51.5897185),75,58,7558,51.589264165500005,-0.02754455300000002,0.05066213438862524
18092248,51.589261,-0.0190971,3,,,POINT (-0.0190971 51.589261),75,59,7559,51.589264165500005,-0.01930037100000003,0.014047349322755162
29397244,51.5888412,-0.0103853,3,,,POINT (-0.0103853 51.5888412),75,60,7560,51.589264165500005,-0.011056189000000044,0.06603144915829375
28794832,51.5886033,-0.0029747,3,,,POINT (-0.0029747 51.5886033),75,61,7561,51.589264165500005,-0.002812007,0.07433949121859128
34962697,51.5891963,0.0031981,3,,,POINT (0.0031981 51.5891963),75,62,7562,51.589264165500005,0.005432174999999989,0.15452513344727875
147813570,51.5903297,0.0142122,3,,,POINT (0.0142122 51.5903297),75,63,7563,51.589264165500005,0.013676356999999978,0.12413032268966308
1081045780,51.5896635,0.0221275,3,,,POINT (0.0221275 51.5896635),75,64,7564,51.589264165500005,0.021920538999999968,0.04664911175345109
11889770,51.5893068,0.0299478,3,,,POINT (0.0299478 51.5893068),75,65,7565,51.589264165500005,0.030164720999999957,0.015717919059320462
209288,51.5885175,0.039559,3,,,POINT (0.039559 51.5885175),75,66,7566,51.589264165500005,0.038408902999999946,0.11491865952228235
13982976,51.590067,0.0488042,3,,,POINT (0.0488042 51.590067),75,67,7567,51.589264165500005,0.046653084999999934,0.17335999467536556
149531031,51.5893134,0.0557232,3,,,POINT (0.0557232 51.5893134),75,68,7568,51.589264165500005,0.05489726699999992,0.057321425589019655
149530162,51.5895006,0.0638854,3,,,POINT (0.0638854 51.5895006),75,69,7569,51.589264165500005,0.0631414489999999,0.05772942324600753
25580665,51.5886864,0.0726839,3,mini_roundabout,,POINT (0.0726839 51.5886864),75,70,7570,51.589264165500005,0.071385631,0.11032626852032162
325942100,51.5887659,0.079728,2,,,POINT (0.079728 51.5887659),75,71,7571,51.589264165500005,0.079629813,0.05581829398241058
147728466,51.5897842,0.0861598,3,,,POINT (0.0861598 51.5897842),75,72,7572,51.589264165500005,0.08787399499999998,0.1317878384829991
134077,51.5886955,0.1176803,3,,,POINT (0.1176803 51.5886955),75,76,7576,51.589264165500005,0.12085072299999994,0.2279742784044473
134056,51.5872999,0.1292606,3,,,POINT (0.1292606 51.5872999),75,77,7577,51.589264165500005,0.12909490499999993,0.21871612918830982
333216813,51.5894581,0.1373298,3,,,POINT (0.1373298 51.5894581),75,78,7578,51.589264165500005,0.13733908699999992,0.02157407469059582
134053,51.5907482,0.1419381,3,traffic_signals,,POINT (0.1419381 51.5907482),75,79,7579,51.589264165500005,0.1455832689999999,0.3010727650744888
4528615990,51.5873503,0.1563055,1,,,POINT (0.1563055 51.5873503),75,80,7580,51.589264165500005,0.153827451,0.2731266237874983
245796360,51.5894279,0.1630779,1,,,POINT (0.1630779 51.5894279),75,81,7581,51.589264165500005,0.162071633,0.07186220634299795
245784493,51.5893705,0.1700489,3,,,POINT (0.1700489 51.5893705),75,82,7582,51.589264165500005,0.17031581499999998,0.021904976177701693
245796879,51.5890763,0.1781336,3,,,POINT (0.1781336 51.5890763),75,83,7583,51.589264165500005,0.17855999699999997,0.03611274461549331
31091569,51.588824,0.1859749,3,,,POINT (0.1859749 51.588824),75,84,7584,51.589264165500005,0.18680417899999996,0.07535100756652048
245797389,51.5900945,0.1950498,1,,,POINT (0.1950498 51.5900945),75,85,7585,51.589264165500005,0.19504836099999995,0.09232903733665354
25894038,51.5878044,0.2040365,3,,,POINT (0.2040365 51.5878044),75,86,7586,51.589264165500005,0.20329254299999994,0.17026141068083073
25895986,51.5888491,0.2112356,3,,,POINT (0.2112356 51.5888491),75,87,7587,51.589264165500005,0.21153672499999993,0.05062500739560978
31305110,51.588963,0.2197667,3,,,POINT (0.2197667 51.588963),75,88,7588,51.589264165500005,0.21978090699999991,0.03350245569599847
38453439,51.5895339,0.2275103,1,,,POINT (0.2275103 51.5895339),75,89,7589,51.589264165500005,0.2280250889999999,0.04652294280721922
21613696,51.5898663,0.2356049,3,,,POINT (0.2356049 51.5898663),75,90,7590,51.589264165500005,0.2362692709999999,0.08117556165732273
6771614413,51.5904193,0.2450408,1,,,POINT (0.2450408 51.5904193),75,91,7591,51.589264165500005,0.244513453,0.13351170466511733
30875126,51.5903684,0.252813,3,,,POINT (0.252813 51.5903684),75,92,7592,51.589264165500005,0.252757635,0.12284483270191665
30875136,51.5902782,0.2591716,3,,,POINT (0.2591716 51.5902782),75,93,7593,51.589264165500005,0.26100181699999997,0.16941241467625112
60361127,51.5936741,-0.4862604,1,,,POINT (-0.4862604 51.5936741),76,2,7602,51.5931959465,-0.489218745,0.21116114180275203
893202980,51.5934329,-0.4832984,1,,,POINT (-0.4832984 51.5934329),76,3,7603,51.5931959465,-0.48097456299999997,0.1626754555924659
11140837023,51.5915528,-0.4332583,1,,,POINT (-0.4332583 51.5915528),76,9,7609,51.5931959465,-0.431509471,0.2190380223203278
6102838692,51.5937119,-0.4203536,1,,,POINT (-0.4203536 51.5937119),76,10,7610,51.5931959465,-0.423265289,0.20915720782878677
582246981,51.5935729,-0.41528,1,,,POINT (-0.41528 51.5935729),76,11,7611,51.5931959465,-0.415021107,0.04557114761003367
387809529,51.5928337,-0.4066345,4,,,POINT (-0.4066345 51.5928337),76,12,7612,51.5931959465,-0.406776925,0.04146413038532422
806437790,51.5938821,-0.398235,3,,,POINT (-0.398235 51.5938821),76,13,7613,51.5931959465,-0.398532743,0.07902041085640708
8710732592,51.5927619,-0.3910875,3,,,POINT (-0.3910875 51.5927619),76,14,7614,51.5931959465,-0.39028856100000003,0.0733166510896798
240632207,51.5934632,-0.3820546,3,,,POINT (-0.3820546 51.5934632),76,15,7615,51.5931959465,-0.382044379,0.02972561970753991
8015851498,51.5932297,-0.3733262,1,,,POINT (-0.3733262 51.5932297),76,16,7616,51.5931959465,-0.373800197,0.032957552268194065
510625541,51.5932977,-0.3655968,3,,,POINT (-0.3655968 51.5932977),76,17,7617,51.5931959465,-0.365556015,0.011659970465339063
36486955,51.59417,-0.3545937,1,,,POINT (-0.3545937 51.59417),76,18,7618,51.5931959465,-0.35731183299999997,0.21676282304782524
36487015,51.5936832,-0.3488473,3,,,POINT (-0.3488473 51.5936832),76,19,7619,51.5931959465,-0.349067651,0.05627769888804708
210747689,51.5932708,-0.3405934,3,,,POINT (-0.3405934 51.5932708),76,20,7620,51.5931959465,-0.340823469,0.01794050114921389
27290286,51.5934218,-0.3331262,3,,,POINT (-0.3331262 51.5934218),76,21,7621,51.5931959465,-0.332579287,0.045365523585374296
583941072,51.5917292,-0.3243746,1,,,POINT (-0.3243746 51.5917292),76,22,7622,51.5931959465,-0.324335105,0.16311758801063853
61282087,51.5927973,-0.3165451,3,,,POINT (-0.3165451 51.5927973),76,23,7623,51.5931959465,-0.316090923,0.05430710771399854
73788649,51.5929848,-0.3053768,3,,,POINT (-0.3053768 51.5929848),76,24,7624,51.5931959465,-0.30784674100000003,0.1722288369539616
73786503,51.5927994,-0.2998082,3,,,POINT (-0.2998082 51.5927994),76,25,7625,51.5931959465,-0.29960255900000005,0.04632573254436883
585221967,51.5937343,-0.2911668,3,,,POINT (-0.2911668 51.5937343),76,26,7626,51.5931959465,-0.291358377,0.06130754258650113
441984610,51.5937678,-0.2820383,1,turning_circle,,POINT (-0.2820383 51.5937678),76,27,7627,51.5931959465,-0.283114195,0.09781083219724843
60866837,51.5937168,-0.2740189,4,,,POINT (-0.2740189 51.5937168),76,28,7628,51.5931959465,-0.274870013,0.08252863641368473
87934827,51.5937039,-0.2672394,3,mini_roundabout,,POINT (-0.2672394 51.5937039),76,29,7629,51.5931959465,-0.266625831,0.07061611907263143
90090868,51.5929664,-0.2585191,3,,,POINT (-0.2585191 51.5929664),76,30,7630,51.5931959465,-0.258381649,0.027233250356865343
5214065484,51.5935457,-0.2500915,3,,,POINT (-0.2500915 51.5935457),76,31,7631,51.5931959465,-0.250137467,0.03902022837117591
5528076743,51.5930369,-0.2405293,3,,,POINT (-0.2405293 51.5930369),76,32,7632,51.5931959465,-0.241893285,0.09586799936259977
6369548625,51.593142,-0.2339816,3,,,POINT (-0.2339816 51.593142),76,33,7633,51.5931959465,-0.23364910300000002,0.023738907211247284
242700532,51.5937694,-0.2249701,3,,,POINT (-0.2249701 51.5937694),76,34,7634,51.5931959465,-0.22540492100000004,0.07048543138307085
5294756237,51.593258,-0.2179075,1,,,POINT (-0.2179075 51.593258),76,35,7635,51.5931959465,-0.217160739,0.05204476786466135
200247,51.5936928,-0.2075981,3,,,POINT (-0.2075981 51.5936928),76,36,7636,51.5931959465,-0.208916557,0.10652375439828193
196115,51.5928748,-0.1992989,3,,,POINT (-0.1992989 51.5928748),76,37,7637,51.5931959465,-0.20067237500000001,0.10137603973728938
284300,51.5942467,-0.1923633,3,,,POINT (-0.1923633 51.5942467),76,38,7638,51.5931959465,-0.19242819300000003,0.11692441907618868
198718,51.5940632,-0.1839863,3,,,POINT (-0.1839863 51.5940632),76,39,7639,51.5931959465,-0.18418401100000004,0.09739651205966132
2739662,51.5924164,-0.175708,1,,,POINT (-0.175708 51.5924164),76,40,7640,51.5931959465,-0.175939829,0.08814856990711999
198751,51.5934417,-0.1675625,4,,,POINT (-0.1675625 51.5934417),76,41,7641,51.5931959465,-0.167695647,0.028832898302188898
592190,51.5930842,-0.160709,3,,,POINT (-0.160709 51.5930842),76,42,7642,51.5931959465,-0.15945146500000001,0.0877533269697566
265061024,51.594083,-0.1513716,1,,,POINT (-0.1513716 51.594083),76,43,7643,51.5931959465,-0.15120728300000003,0.09928680384296715
200980,51.5935012,-0.1427709,3,,,POINT (-0.1427709 51.5935012),76,44,7644,51.5931959465,-0.14296310100000004,0.036446960462302475
6582045958,51.5937897,-0.1353034,3,,,POINT (-0.1353034 51.5937897),76,45,7645,51.5931959465,-0.13471891900000005,0.07738924244564913
6581648242,51.591821,-0.1202536,3,,,POINT (-0.1202536 51.591821),76,47,7647,51.5931959465,-0.11823055500000001,0.2071352080393911
11554344922,51.5934647,-0.1092649,2,give_way,,POINT (-0.1092649 51.5934647),76,48,7648,51.5931959465,-0.10998637300000003,0.058111250514978174
38883859,51.5932936,-0.10129,3,,,POINT (-0.10129 51.5932936),76,49,7649,51.5931959465,-0.10174219100000004,0.033070315570766715
38884563,51.5929165,-0.0943669,3,,,POINT (-0.0943669 51.5929165),76,50,7650,51.5931959465,-0.09349800900000005,0.06758840770557556
38889420,51.5921492,-0.0856579,3,,,POINT (-0.0856579 51.5921492),76,51,7651,51.5931959465,-0.085253827,0.11969316864250894
38890289,51.5932842,-0.0760526,3,,,POINT (-0.0760526 51.5932842),76,52,7652,51.5931959465,-0.07700964500000002,0.06683584406453365
475894243,51.593171,-0.0686468,3,,,POINT (-0.0686468 51.593171),76,53,7653,51.5931959465,-0.06876546300000003,0.008653736790663835
41319665,51.5933936,-0.0594922,1,,,POINT (-0.0594922 51.5933936),76,54,7654,51.5931959465,-0.06052128100000003,0.07440750037754361
11735669,51.5914298,-0.0561227,1,,,POINT (-0.0561227 51.5914298),76,55,7655,51.5931959465,-0.05227709900000004,0.33036363649178274
3833728573,51.5930258,-0.0432804,1,,,POINT (-0.0432804 51.5930258),76,56,7656,51.5931959465,-0.04403291700000005,0.05531895251036052
18092163,51.5935085,-0.0355521,4,,,POINT (-0.0355521 51.5935085),76,57,7657,51.5931959465,-0.03578873500000001,0.03840665293295602
248898322,51.593311,-0.028061,3,,,POINT (-0.028061 51.593311),76,58,7658,51.5931959465,-0.02754455300000002,0.037900028514504934
2086955002,51.5934712,-0.0193547,1,,,POINT (-0.0193547 51.5934712),76,59,7659,51.5931959465,-0.01930037100000003,0.030836027039047975
248847686,51.5934049,-0.0104769,1,,,POINT (-0.0104769 51.5934049),76,60,7660,51.5931959465,-0.011056189000000044,0.046272741566207934
2272267713,51.593281,-0.0035634,1,,,POINT (-0.0035634 51.593281),76,61,7661,51.5931959465,-0.002812007,0.052759879372739425
4225441155,51.5932654,0.0051305,3,,,POINT (0.0051305 51.5932654),76,62,7662,51.5931959465,0.005432174999999989,0.02222433173122187
147813438,51.5937624,0.0148942,3,,,POINT (0.0148942 51.5937624),76,63,7663,51.5931959465,0.013676356999999978,0.10509340474927642
248875426,51.5932643,0.021433,1,,,POINT (0.021433 51.5932643),76,64,7664,51.5931959465,0.021920538999999968,0.03452559241457998
26348330,51.5931927,0.0316723,3,,,POINT (0.0316723 51.5931927),76,65,7665,51.5931959465,0.030164720999999957,0.10414242261439215
563962,51.5936496,0.0374946,3,,,POINT (0.0374946 51.5936496),76,66,7666,51.5931959465,0.038408902999999946,0.08083075503911982
149553058,51.5923374,0.0461896,3,,,POINT (0.0461896 51.5923374),76,67,7667,51.5931959465,0.046653084999999934,0.10069194503139538
149548531,51.5928019,0.0544386,3,,,POINT (0.0544386 51.5928019),76,68,7668,51.5931959465,0.05489726699999992,0.05407157591189645
149546736,51.5933435,0.0634632,3,,,POINT (0.0634632 51.5933435),76,69,7669,51.5931959465,0.0631414489999999,0.02762603517139467
149539879,51.5935342,0.0706252,3,,,POINT (0.0706252 51.5935342),76,70,7670,51.5931959465,0.071385631,0.06460661855892058
325956619,51.5936041,0.0804146,1,,,POINT (0.0804146 51.5936041),76,71,7671,51.5931959465,0.079629813,0.0707014461824778
747080037,51.5939311,0.0860496,3,,,POINT (0.0860496 51.5939311),76,72,7672,51.5931959465,0.08787399499999998,0.15021606536904597
730834934,51.5937381,0.145878,1,,,POINT (0.145878 51.5937381),76,79,7679,51.5931959465,0.1455832689999999,0.06362985639696457
245783462,51.5936257,0.1561877,3,,,POINT (0.1561877 51.5936257),76,80,7680,51.5931959465,0.153827451,0.16990110998899616
245784142,51.5930339,0.162316,3,,,POINT (0.162316 51.5930339),76,81,7681,51.5931959465,0.162071633,0.024690696998332415
245784212,51.5930603,0.1706392,4,,,POINT (0.1706392 51.5930603),76,82,7682,51.5931959465,0.17031581499999998,0.02695436841363342
245795466,51.5928597,0.1800292,1,turning_circle,,POINT (0.1800292 51.5928597),76,83,7683,51.5931959465,0.17855999699999997,0.10815911346257709
21598948,51.5934896,0.1859048,3,,,POINT (0.1859048 51.5934896),76,84,7684,51.5931959465,0.18680417899999996,0.07018599226192768
245797413,51.593402,0.1949637,3,,,POINT (0.1949637 51.593402),76,85,7685,51.5931959465,0.19504836099999995,0.023646707128601792
27480770,51.5933475,0.2051523,1,,,POINT (0.2051523 51.5933475),76,86,7686,51.5931959465,0.20329254299999994,0.12957018671431628
32045289,51.5931288,0.2117725,3,,,POINT (0.2117725 51.5931288),76,87,7687,51.5931959465,0.21153672499999993,0.01791689526967357
30990176,51.5929575,0.2205829,3,,,POINT (0.2205829 51.5929575),76,88,7688,51.5931959465,0.21978090699999991,0.06141866373975985
4692424790,51.5932644,0.2277755,3,,,POINT (0.2277755 51.5932644),76,89,7689,51.5931959465,0.2280250889999999,0.018846756567877408
21613788,51.593389,0.2363287,3,,,POINT (0.2363287 51.593389),76,90,7690,51.5931959465,0.2362692709999999,0.021855592360420048
38451894,51.5913997,0.2423086,3,,,POINT (0.2423086 51.5913997),76,91,7691,51.5931959465,0.244513453,0.2511818404977046
38446261,51.5915406,0.2504849,1,,,POINT (0.2504849 51.5915406),76,92,7692,51.5931959465,0.252757635,0.24192885727608346
60361382,51.5960483,-0.4859343,1,turning_circle,,POINT (-0.4859343 51.5960483),77,2,7702,51.5971277275,-0.489218745,0.2566628968915395
60361588,51.5961843,-0.4827111,3,,,POINT (-0.4827111 51.5961843),77,3,7703,51.5971277275,-0.48097456299999997,0.15935067952732085
8211396216,51.5956347,-0.4200212,1,,,POINT (-0.4200212 51.5956347),77,10,7710,51.5971277275,-0.423265289,0.27888077205060524
60365499,51.5977086,-0.4149303,3,,,POINT (-0.4149303 51.5977086),77,11,7711,51.5971277275,-0.415021107,0.06489390583843374
7342889689,51.5979156,-0.4051269,3,,,POINT (-0.4051269 51.5979156),77,12,7712,51.5971277275,-0.406776925,0.1437513002788242
582227407,51.5965521,-0.3987874,3,,,POINT (-0.3987874 51.5965521),77,13,7713,51.5971277275,-0.398532743,0.06637985985775453
806437800,51.5974423,-0.3895352,3,,,POINT (-0.3895352 51.5974423),77,14,7714,51.5971277275,-0.39028856100000003,0.06270031891913518
61271403,51.5979341,-0.3820022,3,,,POINT (-0.3820022 51.5979341),77,15,7715,51.5971277275,-0.382044379,0.08971184985367317
369727575,51.5970329,-0.3748661,3,,,POINT (-0.3748661 51.5970329),77,16,7716,51.5971277275,-0.373800197,0.07437626537052872
65136727,51.5963399,-0.3661014,3,,,POINT (-0.3661014 51.5963399),77,17,7717,51.5971277275,-0.365556015,0.09535898159813706
25422106,51.5973011,-0.3567148,3,,,POINT (-0.3567148 51.5973011),77,18,7718,51.5971277275,-0.35731183299999997,0.045522263995607846
6493646734,51.5970114,-0.3493854,3,,,POINT (-0.3493854 51.5970114),77,19,7719,51.5971277275,-0.349067651,0.025475937300501662
25422246,51.5966183,-0.3396676,3,,,POINT (-0.3396676 51.5966183),77,20,7720,51.5971277275,-0.340823469,0.09789333674143506
30444850,51.597304,-0.332563,4,,,POINT (-0.332563 51.597304),77,21,7721,51.5971277275,-0.332579287,0.019632865785973685
30590169,51.5972562,-0.324822,3,,,POINT (-0.324822 51.5972562),77,22,7722,51.5971277275,-0.324335105,0.03653944931217156
73804829,51.5972036,-0.3165991,3,,,POINT (-0.3165991 51.5972036),77,23,7723,51.5971277275,-0.316090923,0.036100850463160104
773060126,51.5969898,-0.3072215,1,,,POINT (-0.3072215 51.5969898),77,24,7724,51.5971277275,-0.30784674100000003,0.045829647767346264
73821026,51.59705,-0.299952,3,,,POINT (-0.299952 51.59705),77,25,7725,51.5971277275,-0.29960255900000005,0.025637668395024925
6174421205,51.5970308,-0.2920313,3,,,POINT (-0.2920313 51.5970308),77,26,7726,51.5971277275,-0.291358377,0.04771397016815355
1012898643,51.5954796,-0.2832724,1,,,POINT (-0.2832724 51.5954796),77,27,7727,51.5971277275,-0.283114195,0.18358893791611675
441984765,51.5967431,-0.2747477,1,,,POINT (-0.2747477 51.5967431),77,28,7728,51.5971277275,-0.274870013,0.043595106485711396
29280930,51.596841,-0.2670037,3,,,POINT (-0.2670037 51.596841),77,29,7729,51.5971277275,-0.266625831,0.04120367417687116
25425242,51.5973015,-0.2594623,3,,,POINT (-0.2594623 51.5973015),77,30,7730,51.5971277275,-0.258381649,0.07710393012793891
90093277,51.5970292,-0.2509851,3,,,POINT (-0.2509851 51.5970292),77,31,7731,51.5971277275,-0.250137467,0.05956470778760888
1678369476,51.5973975,-0.2413866,3,,,POINT (-0.2413866 51.5973975),77,32,7732,51.5971277275,-0.241893285,0.046094523929326225
16242128,51.5965378,-0.2347677,1,,,POINT (-0.2347677 51.5965378),77,33,7733,51.5971277275,-0.23364910300000002,0.1013551577665416
13798166,51.5969358,-0.2253246,3,,,POINT (-0.2253246 51.5969358),77,34,7734,51.5971277275,-0.22540492100000004,0.02205072035367037
14953506,51.5974735,-0.2175423,3,,,POINT (-0.2175423 51.5974735),77,35,7735,51.5971277275,-0.217160739,0.04661402649938126
5022444599,51.5968283,-0.2082503,1,,,POINT (-0.2082503 51.5968283),77,36,7736,51.5971277275,-0.208916557,0.05680162128782358
198686,51.5967841,-0.2009757,1,,,POINT (-0.2009757 51.5967841),77,37,7737,51.5971277275,-0.20067237500000001,0.04357689512951321
197678,51.5963921,-0.1921378,3,,,POINT (-0.1921378 51.5963921),77,38,7738,51.5971277275,-0.19242819300000003,0.08422150030758407
284291,51.5972408,-0.185205,3,,,POINT (-0.185205 51.5972408),77,39,7739,51.5971277275,-0.18418401100000004,0.07163455974081392
6127369980,51.596954,-0.17641,1,,,POINT (-0.17641 51.596954),77,40,7740,51.5971277275,-0.175939829,0.03778714385934179
21575047,51.5959151,-0.1657226,1,,,POINT (-0.1657226 51.5959151),77,41,7741,51.5971277275,-0.167695647,0.19171622872190125
622031346,51.5970666,-0.1512187,3,,,POINT (-0.1512187 51.5970666),77,43,7743,51.5971277275,-0.15120728300000003,0.0068426624942747065
201232,51.5970355,-0.1428851,3,,,POINT (-0.1428851 51.5970355),77,44,7744,51.5971277275,-0.14296310100000004,0.011584371731208668
201227,51.5963901,-0.1339983,3,,,POINT (-0.1339983 51.5963901),77,45,7745,51.5971277275,-0.13471891900000005,0.09594250091629059
622032799,51.5982945,-0.1269016,3,,,POINT (-0.1269016 51.5982945),77,46,7746,51.5971277275,-0.126474737,0.13304727502610672
6184890723,51.597488,-0.1188122,3,mini_roundabout,,POINT (-0.1188122 51.597488),77,47,7747,51.5971277275,-0.11823055500000001,0.05673561459709115
7258170,51.5971878,-0.1098946,4,crossing,,POINT (-0.1098946 51.5971878),77,48,7748,51.5971277275,-0.10998637300000003,0.009208817088912429
38878195,51.5970637,-0.1013539,4,,,POINT (-0.1013539 51.5970637),77,49,7749,51.5971277275,-0.10174219100000004,0.027749248730186197
38884366,51.597293,-0.0936855,3,,,POINT (-0.0936855 51.597293),77,50,7750,51.5971277275,-0.09349800900000005,0.022482148107511566
38455481,51.5978447,-0.0849851,3,,,POINT (-0.0849851 51.5978447),77,51,7751,51.5971277275,-0.085253827,0.08185598214575204
38891154,51.5969889,-0.0771858,4,,,POINT (-0.0771858 51.5969889),77,52,7752,51.5971277275,-0.07700964500000002,0.019655724172454193
10147691011,51.5969756,-0.0685084,1,,,POINT (-0.0685084 51.5969756),77,53,7753,51.5971277275,-0.06876546300000003,0.02452394184371471
43694278,51.5972594,-0.0609893,3,,,POINT (-0.0609893 51.5972594),77,54,7754,51.5971277275,-0.06052128100000003,0.03548839591599829
1457179441,51.5965481,-0.0431381,1,,,POINT (-0.0431381 51.5965481),77,56,7756,51.5971277275,-0.04403291700000005,0.08929858267828303
27793152,51.5970576,-0.0351957,3,,,POINT (-0.0351957 51.5970576),77,57,7757,51.5971277275,-0.03578873500000001,0.04169825748398
249319373,51.5971312,-0.0280769,3,,,POINT (-0.0280769 51.5971312),77,58,7758,51.5971277275,-0.02754455300000002,0.036772750494438594
27791790,51.5975676,-0.0197262,1,turning_circle,,POINT (-0.0197262 51.5975676),77,59,7759,51.5971277275,-0.01930037100000003,0.05707427587851303
34965547,51.5962273,-0.0116655,3,,,POINT (-0.0116655 51.5962273),77,60,7760,51.5971277275,-0.011056189000000044,0.10860914755510805
3045449077,51.5972106,-0.0031733,1,,,POINT (-0.0031733 51.5972106),77,61,7761,51.5971277275,-0.002812007,0.02660251791347114
209251,51.5977009,0.0056772,3,motorway_junction,,POINT (0.0056772 51.5977009),77,62,7762,51.5971277275,0.005432174999999989,0.06594273527519634
12205739,51.5967963,0.0114996,3,,,POINT (0.0114996 51.5967963),77,63,7763,51.5971277275,0.013676356999999978,0.15480594870215483
281800312,51.5968912,0.0214561,3,,,POINT (0.0214561 51.5968912),77,64,7764,51.5971277275,0.021920538999999968,0.041483302963851554
248882093,51.5976104,0.0304837,1,,,POINT (0.0304837 51.5976104),77,65,7765,51.5971277275,0.030164720999999957,0.05801712010194587
248881744,51.5971491,0.0394543,3,,,POINT (0.0394543 51.5971491),77,66,7766,51.5971277275,0.038408902999999946,0.07224763058709328
149553790,51.5954356,0.0462914,3,,,POINT (0.0462914 51.5954356),77,67,7767,51.5971277275,0.046653084999999934,0.18980735507171717
149549535,51.5970866,0.0562971,3,,,POINT (0.0562971 51.5970866),77,68,7768,51.5971277275,0.05489726699999992,0.09679858717805183
149543859,51.5967333,0.0625783,3,,,POINT (0.0625783 51.5967333),77,69,7769,51.5971277275,0.0631414489999999,0.058622906042055674
149542241,51.5969823,0.0721038,3,,,POINT (0.0721038 51.5969823),77,70,7770,51.5971277275,0.071385631,0.05217524214310207
147781654,51.5971068,0.0803643,1,turning_circle,,POINT (0.0803643 51.5971068),77,71,7771,51.5971277275,0.079629813,0.05078646250470006
147777836,51.5969447,0.084577,3,,,POINT (0.084577 51.5969447),77,72,7772,51.5971277275,0.08787399499999998,0.22864087394262902
248121326,51.5974803,0.0983196,3,,,POINT (0.0983196 51.5974803),77,73,7773,51.5971277275,0.09611817699999997,0.1570305754133617
248121157,51.5968704,0.1068957,3,,,POINT (0.1068957 51.5968704),77,74,7774,51.5971277275,0.10436235899999996,0.17730957695288685
333221599,51.5959969,0.1472439,3,,,POINT (0.1472439 51.5959969),77,79,7779,51.5971277275,0.1455832689999999,0.17020157138030723
25743592,51.5976933,0.1531291,4,mini_roundabout,,POINT (0.1531291 51.5976933),77,80,7780,51.5971277275,0.153827451,0.07925773470191959
245794120,51.5971391,0.1615731,3,,,POINT (0.1615731 51.5971391),77,81,7781,51.5971277275,0.162071633,0.03445830252115154
5363574933,51.5971103,0.1704168,1,,,POINT (0.1704168 51.5971103),77,82,7782,51.5971277275,0.17031581499999998,0.007239502311360287
691352558,51.597473,0.1788395,1,,,POINT (0.1788395 51.597473),77,83,7783,51.5971277275,0.17855999699999997,0.04297335664296699
245795125,51.5965251,0.1874023,1,,,POINT (0.1874023 51.5965251),77,84,7784,51.5971277275,0.18680417899999996,0.0787215667653822
253310404,51.5967024,0.204061,1,,,POINT (0.204061 51.5967024),77,86,7786,51.5971277275,0.20329254299999994,0.07109295588226228
25892931,51.5970444,0.2121026,3,,,POINT (0.2121026 51.5970444),77,87,7787,51.5971277275,0.21153672499999993,0.0401698430707318
31810492,51.596285,0.2206617,3,,,POINT (0.2206617 51.596285),77,88,7788,51.5971277275,0.21978090699999991,0.11172486045018613
30562746,51.5967713,0.2280132,3,,,POINT (0.2280132 51.5967713),77,89,7789,51.5971277275,0.2280250889999999,0.03964143670904816
38448353,51.5975999,0.2367888,3,,,POINT (0.2367888 51.5975999),77,90,7790,51.5971277275,0.2362692709999999,0.06359504277885102
31813816,51.598773,0.2427815,3,,,POINT (0.2427815 51.598773),77,91,7791,51.5971277275,0.244513453,0.21858697000605926
31814111,51.595886,0.2504452,1,,,POINT (0.2504452 51.595886),77,92,7792,51.5971277275,0.252757635,0.2111341247034094
1574307182,51.6022015,-0.4951978,1,,,POINT (-0.4951978 51.6022015),78,1,7801,51.60105950850001,-0.497462927,0.2014927928999681
1837855938,51.6025305,-0.4860397,1,,,POINT (-0.4860397 51.6025305),78,2,7802,51.60105950850001,-0.489218745,0.2737920099003564
893222363,51.6008588,-0.481556,1,,,POINT (-0.481556 51.6008588),78,3,7803,51.60105950850001,-0.48097456299999997,0.04594298138153614
901105322,51.6021199,-0.4732286,1,,,POINT (-0.4732286 51.6021199),78,4,7804,51.60105950850001,-0.472730381,0.12282855738557664
383453329,51.6021322,-0.4383278,3,,,POINT (-0.4383278 51.6021322),78,8,7808,51.60105950850001,-0.43975365299999997,0.15467750559361237
383445942,51.6024188,-0.4336947,1,,,POINT (-0.4336947 51.6024188),78,9,7809,51.60105950850001,-0.431509471,0.21359650143036935
383410875,51.6017578,-0.4225968,1,,,POINT (-0.4225968 51.6017578),78,10,7810,51.60105950850001,-0.423265289,0.09033632531673247
884491031,51.6020229,-0.4120443,1,,,POINT (-0.4120443 51.6020229),78,11,7811,51.60105950850001,-0.415021107,0.23183086677966078
27144587,51.6007096,-0.4059925,3,,,POINT (-0.4059925 51.6007096),78,12,7812,51.60105950850001,-0.406776925,0.06670150521715364
27121326,51.6016293,-0.3983251,4,,,POINT (-0.3983251 51.6016293),78,13,7813,51.60105950850001,-0.398532743,0.06496072253610549
806437774,51.6007889,-0.3895993,1,,,POINT (-0.3895993 51.6007889),78,14,7814,51.60105950850001,-0.39028856100000003,0.05631771265138308
61271725,51.6013976,-0.3823014,3,,,POINT (-0.3823014 51.6013976),78,15,7815,51.60105950850001,-0.382044379,0.04157440980767542
6338846311,51.6020826,-0.375092,3,,,POINT (-0.375092 51.6020826),78,16,7816,51.60105950850001,-0.373800197,0.14457557082074257
59932171,51.6010906,-0.3578306,3,,,POINT (-0.3578306 51.6010906),78,18,7818,51.60105950850001,-0.35731183299999997,0.0359960088119794
25422194,51.6005323,-0.3481432,3,,,POINT (-0.3481432 51.6005323),78,19,7819,51.60105950850001,-0.349067651,0.08667975411486217
7156766614,51.6013129,-0.3409542,3,,,POINT (-0.3409542 51.6013129),78,20,7820,51.60105950850001,-0.340823469,0.029587229280107246
25421516,51.6013351,-0.3333398,3,,,POINT (-0.3333398 51.6013351),78,21,7821,51.60105950850001,-0.332579287,0.06081174483531459
25423343,51.6016384,-0.3250751,3,,,POINT (-0.3250751 51.6016384),78,22,7822,51.60105950850001,-0.324335105,0.0821923454166957
25423396,51.6003474,-0.3163301,3,,,POINT (-0.3163301 51.6003474),78,23,7823,51.60105950850001,-0.316090923,0.08088765414048767
73813932,51.6007217,-0.3080623,3,,,POINT (-0.3080623 51.6007217),78,24,7824,51.60105950850001,-0.30784674100000003,0.04040547033206533
73822151,51.6012344,-0.2994474,3,,,POINT (-0.2994474 51.6012344),78,25,7825,51.60105950850001,-0.29960255900000005,0.02220421802233258
585251521,51.6006533,-0.2895161,3,,,POINT (-0.2895161 51.6006533),78,26,7826,51.60105950850001,-0.291358377,0.1350200652919397
60870611,51.6010177,-0.2832694,3,,,POINT (-0.2832694 51.6010177),78,27,7827,51.60105950850001,-0.283114195,0.01168419870901371
60869277,51.6011466,-0.2762468,3,,,POINT (-0.2762468 51.6011466),78,28,7828,51.60105950850001,-0.274870013,0.09558212922014953
27145381,51.6013895,-0.2659307,3,,,POINT (-0.2659307 51.6013895),78,29,7829,51.60105950850001,-0.266625831,0.06042679639046044
2102190889,51.6008303,-0.2576554,3,,,POINT (-0.2576554 51.6008303),78,30,7830,51.60105950850001,-0.258381649,0.05626358403633909
583897366,51.6011307,-0.2501021,3,,,POINT (-0.2501021 51.6011307),78,31,7831,51.60105950850001,-0.250137467,0.00828443642125948
2091692571,51.600717,-0.2416948,3,,,POINT (-0.2416948 51.600717),78,32,7832,51.60105950850001,-0.241893285,0.04047732626635265
242699798,51.6009465,-0.2335454,3,,,POINT (-0.2335454 51.6009465),78,33,7833,51.60105950850001,-0.23364910300000002,0.014463898065283271
242698563,51.5994274,-0.2271991,3,,,POINT (-0.2271991 51.5994274),78,34,7834,51.60105950850001,-0.22540492100000004,0.21975460743038605
13798252,51.6010322,-0.2092992,3,,,POINT (-0.2092992 51.6010322),78,36,7836,51.60105950850001,-0.208916557,0.026601840837458906
198640,51.600946,-0.2000617,3,,,POINT (-0.2000617 51.600946),78,37,7837,51.60105950850001,-0.20067237500000001,0.04402547518650208
196308,51.6017668,-0.1919681,2,,,POINT (-0.1919681 51.6017668),78,38,7838,51.60105950850001,-0.19242819300000003,0.08482428838277552
196767,51.601855,-0.1843914,4,,,POINT (-0.1843914 51.601855),78,39,7839,51.60105950850001,-0.18418401100000004,0.08960683384162424
9877452,51.600613,-0.177334,1,turning_circle,,POINT (-0.177334 51.600613),78,40,7840,51.60105950850001,-0.175939829,0.10833800836680178
448878715,51.6020866,-0.1677493,1,,,POINT (-0.1677493 51.6020866),78,41,7841,51.60105950850001,-0.167695647,0.11426746467983043
621406295,51.6005589,-0.1573021,1,,,POINT (-0.1573021 51.6005589),78,42,7842,51.60105950850001,-0.15945146500000001,0.15854408243841162
7979837427,51.6012959,-0.1506793,1,,,POINT (-0.1506793 51.6012959),78,43,7843,51.60105950850001,-0.15120728300000003,0.04495221176332672
4719346,51.600285,-0.1422367,3,,,POINT (-0.1422367 51.600285),78,44,7844,51.60105950850001,-0.14296310100000004,0.09966942637393962
622032906,51.6009058,-0.1334943,3,,,POINT (-0.1334943 51.6009058),78,45,7845,51.60105950850001,-0.13471891900000005,0.08629035512248981
622032962,51.6009789,-0.1261472,3,,,POINT (-0.1261472 51.6009789),78,46,7846,51.60105950850001,-0.126474737,0.02433297645541835
38434079,51.6014175,-0.1180901,3,,,POINT (-0.1180901 51.6014175),78,47,7847,51.60105950850001,-0.11823055500000001,0.0409718065240231
7630043793,51.6009581,-0.1099785,3,,,POINT (-0.1099785 51.6009581),78,48,7848,51.60105950850001,-0.10998637300000003,0.011289213981996291
38458114,51.6014796,-0.1022872,3,,,POINT (-0.1022872 51.6014796),78,49,7849,51.60105950850001,-0.10174219100000004,0.059991057945563676
38457631,51.6011047,-0.0934044,3,,,POINT (-0.0934044 51.6011047),78,50,7850,51.60105950850001,-0.09349800900000005,0.008188473369707376
52047104,51.6006695,-0.0853813,3,,,POINT (-0.0853813 51.6006695),78,51,7851,51.60105950850001,-0.085253827,0.04425164073033082
52042135,51.6005879,-0.0785535,1,,,POINT (-0.0785535 51.6005879),78,52,7852,51.60105950850001,-0.07700964500000002,0.11882724696437756
9293898002,51.6012317,-0.0681768,1,,,POINT (-0.0681768 51.6012317),78,53,7853,51.60105950850001,-0.06876546300000003,0.04493990632674128
918253172,51.6013468,-0.0606071,3,,,POINT (-0.0606071 51.6013468),78,54,7854,51.60105950850001,-0.06052128100000003,0.032490581993908994
7393887238,51.6017279,-0.0521838,3,,,POINT (-0.0521838 51.6017279),78,55,7855,51.60105950850001,-0.05227709900000004,0.07460056602897618
7382694898,51.6004304,-0.0406096,3,,,POINT (-0.0406096 51.6004304),78,56,7856,51.60105950850001,-0.04403291700000005,0.24657072049701467
1457014451,51.6013311,-0.0361279,1,,,POINT (-0.0361279 51.6013311),78,57,7857,51.60105950850001,-0.03578873500000001,0.03821970757808088
35237626,51.6007877,-0.0281577,1,turning_circle,,POINT (-0.0281577 51.6007877),78,58,7858,51.60105950850001,-0.02754455300000002,0.0520273936947053
18092157,51.6004724,-0.0198519,3,,,POINT (-0.0198519 51.6004724),78,59,7859,51.60105950850001,-0.01930037100000003,0.07558427049389481
209239,51.6004843,-0.0107898,3,,,POINT (-0.0107898 51.6004843),78,60,7860,51.60105950850001,-0.011056189000000044,0.06655396702648429
4530355923,51.6005683,-0.0024968,1,,,POINT (-0.0024968 51.6005683),78,61,7861,51.60105950850001,-0.002812007,0.058798694465738356
235759147,51.6017682,0.003659,3,,,POINT (0.003659 51.6017682),78,62,7862,51.60105950850001,0.005432174999999989,0.1456296249737556
221311704,51.600629,0.0135279,3,,,POINT (0.0135279 51.600629),78,63,7863,51.60105950850001,0.013676356999999978,0.048956163210348055
221314103,51.6008994,0.0223696,3,,,POINT (0.0223696 51.6008994),78,64,7864,51.60105950850001,0.021920538999999968,0.03576176991789323
248882241,51.6007767,0.0314752,1,,,POINT (0.0314752 51.6007767),78,65,7865,51.60105950850001,0.030164720999999957,0.09581826790941661
248884051,51.6010326,0.0387279,1,,,POINT (0.0387279 51.6010326),78,66,7866,51.60105950850001,0.038408902999999946,0.02223437407805502
248886517,51.6007897,0.0449319,1,,,POINT (0.0449319 51.6007897),78,67,7867,51.60105950850001,0.046653084999999934,0.12260453626800318
149557026,51.6015291,0.0552425,3,,,POINT (0.0552425 51.6015291),78,68,7868,51.60105950850001,0.05489726699999992,0.05740269133063092
147782817,51.6014843,0.0789586,3,,,POINT (0.0789586 51.6014843),78,71,7871,51.60105950850001,0.079629813,0.06618316274286559
147787951,51.6006945,0.0874013,3,,,POINT (0.0874013 51.6006945),78,72,7872,51.60105950850001,0.08787399499999998,0.052088234488252914
147789765,51.6026159,0.0953457,3,,,POINT (0.0953457 51.6026159),78,73,7873,51.60105950850001,0.09611817699999997,0.1810998210150945
767202778,51.6014814,0.1123189,3,,,POINT (0.1123189 51.6014814),78,75,7875,51.60105950850001,0.11260654099999995,0.05094533045207712
25743527,51.6020455,0.1379948,3,mini_roundabout,,POINT (0.1379948 51.6020455),78,78,7878,51.60105950850001,0.13733908699999992,0.11862246670493473
245798198,51.6011855,0.149405,1,,,POINT (0.149405 51.6011855),78,79,7879,51.60105950850001,0.1455832689999999,0.26432615817458555
1138070455,51.6009662,0.1539261,1,,,POINT (0.1539261 51.6009662),78,80,7880,51.60105950850001,0.153827451,0.012412566067537923
244737033,51.6017571,0.1614521,3,,,POINT (0.1614521 51.6017571),78,81,7881,51.60105950850001,0.162071633,0.08858770351674321
1138185491,51.6013594,0.1700408,1,,,POINT (0.1700408 51.6013594),78,82,7882,51.60105950850001,0.17031581499999998,0.03837667384253111
25760115,51.6008594,0.1788989,3,,,POINT (0.1788989 51.6008594),78,83,7883,51.60105950850001,0.17855999699999997,0.03229547746478025
25893039,51.6010113,0.1880255,1,,,POINT (0.1880255 51.6010113),78,84,7884,51.60105950850001,0.18680417899999996,0.08452302090972788
253310655,51.6008983,0.2040953,3,,,POINT (0.2040953 51.6008983),78,86,7886,51.60105950850001,0.20329254299999994,0.058269755815939676
60472015,51.600893,0.2113924,1,,,POINT (0.2113924 51.600893),78,87,7887,51.60105950850001,0.21153672499999993,0.021027706565055957
45300066,51.6008357,0.219748,3,,,POINT (0.219748 51.6008357),78,88,7888,51.60105950850001,0.21978090699999991,0.024989937359002342
32568640,51.6008474,0.2277915,1,,,POINT (0.2277915 51.6008474),78,89,7889,51.60105950850001,0.2280250889999999,0.028575407459117682
38444035,51.6013995,0.2368059,3,,,POINT (0.2368059 51.6013995),78,90,7890,51.60105950850001,0.2362692709999999,0.05294260877402159
32048280,51.6005432,0.2457245,3,,,POINT (0.2457245 51.6005432),78,91,7891,51.60105950850001,0.244513453,0.10145086812691033
38445350,51.60264,0.2525248,3,,,POINT (0.2525248 51.60264),78,92,7892,51.60105950850001,0.252757635,0.17647682497503978
60361919,51.6066488,-0.495285,3,,,POINT (-0.495285 51.6066488),79,1,7901,51.604991289500006,-0.497462927,0.23788904202654107
325183843,51.6048511,-0.4884028,3,,,POINT (-0.4884028 51.6048511),79,2,7902,51.604991289500006,-0.489218745,0.058466372324366356
893224007,51.6055243,-0.4812108,3,,,POINT (-0.4812108 51.6055243),79,3,7903,51.604991289500006,-0.48097456299999997,0.06147252134508488
27144189,51.6047171,-0.4730172,3,,,POINT (-0.4730172 51.6047171),79,4,7904,51.604991289500006,-0.472730381,0.03635802189324487
606118469,51.6046534,-0.447232,1,,,POINT (-0.447232 51.6046534),79,7,7907,51.604991289500006,-0.447997835,0.06487617620177687
383456897,51.6044019,-0.4416512,1,,,POINT (-0.4416512 51.6044019),79,8,7908,51.604991289500006,-0.43975365299999997,0.1465212139381145
383445936,51.605015,-0.4346131,3,,,POINT (-0.4346131 51.605015),79,9,7909,51.604991289500006,-0.431509471,0.2143555401258523
688172191,51.6056465,-0.4247384,1,,,POINT (-0.4247384 51.6056465),79,10,7910,51.604991289500006,-0.423265289,0.1251308872584668
382992875,51.6049318,-0.4145896,3,,,POINT (-0.4145896 51.6049318),79,11,7911,51.604991289500006,-0.415021107,0.030525625635414222
59080036,51.605632,-0.4055976,3,,,POINT (-0.4055976 51.605632),79,12,7912,51.604991289500006,-0.406776925,0.10820769617130117
59082230,51.6049816,-0.3979892,3,,,POINT (-0.3979892 51.6049816),79,13,7913,51.604991289500006,-0.398532743,0.03755302665770398
33226502,51.6049325,-0.3891641,3,,,POINT (-0.3891641 51.6049325),79,14,7914,51.604991289500006,-0.39028856100000003,0.07793098786255814
410937000,51.6045948,-0.3819796,3,,,POINT (-0.3819796 51.6045948),79,15,7915,51.604991289500006,-0.382044379,0.04431402079707439
65157826,51.6050829,-0.3738795,3,,,POINT (-0.3738795 51.6050829),79,16,7916,51.604991289500006,-0.373800197,0.011565546197932035
369715574,51.6046876,-0.357858,3,,,POINT (-0.357858 51.6046876),79,18,7918,51.604991289500006,-0.35731183299999997,0.05062650551904229
29399807,51.6052379,-0.3487498,3,,,POINT (-0.3487498 51.6052379),79,19,7919,51.604991289500006,-0.349067651,0.035125547739112126
8712909617,51.605172,-0.3401164,2,,,POINT (-0.3401164 51.605172),79,20,7920,51.604991289500006,-0.340823469,0.05280351737387751
25421501,51.6044334,-0.3320362,3,,,POINT (-0.3320362 51.6044334),79,21,7921,51.604991289500006,-0.332579287,0.07249137643980787
25423359,51.6049406,-0.3234374,3,,,POINT (-0.3234374 51.6049406),79,22,7922,51.604991289500006,-0.324335105,0.062252031940259814
2923419952,51.6044683,-0.3169295,1,crossing,,POINT (-0.3169295 51.6044683),79,23,7923,51.604991289500006,-0.316090923,0.08207192969874055
73813572,51.6049616,-0.3076165,3,,,POINT (-0.3076165 51.6049616),79,24,7924,51.604991289500006,-0.30784674100000003,0.01623975095442567
1244836508,51.6044952,-0.29919,3,,,POINT (-0.29919 51.6044952),79,25,7925,51.604991289500006,-0.29960255900000005,0.06208624431865869
60870384,51.6049537,-0.2902098,1,,,POINT (-0.2902098 51.6049537),79,26,7926,51.604991289500006,-0.291358377,0.07943183023844051
60869706,51.6034408,-0.2831432,3,,,POINT (-0.2831432 51.6034408),79,27,7927,51.604991289500006,-0.283114195,0.17241820282569786
60869372,51.6055282,-0.2748889,3,,,POINT (-0.2748889 51.6055282),79,28,7928,51.604991289500006,-0.274870013,0.059715970434190135
86072072,51.6049664,-0.2669325,1,,,POINT (-0.2669325 51.6049664),79,29,7929,51.604991289500006,-0.266625831,0.021358904334926244
16242325,51.6044872,-0.2589462,3,,,POINT (-0.2589462 51.6044872),79,30,7930,51.604991289500006,-0.258381649,0.06827854973481683
2103455817,51.604863,-0.2497825,1,,,POINT (-0.2497825 51.604863),79,31,7931,51.604991289500006,-0.250137467,0.028362804525149526
8950914734,51.6049337,-0.2420244,1,,,POINT (-0.2420244 51.6049337),79,32,7932,51.604991289500006,-0.241893285,0.01109046976196994
671131,51.6049988,-0.2335513,3,,,POINT (-0.2335513 51.6049988),79,33,7933,51.604991289500006,-0.23364910300000002,0.006805794815363223
14974675,51.604943,-0.2173499,3,,,POINT (-0.2173499 51.604943),79,35,7935,51.604991289500006,-0.217160739,0.014124113164697217
6871676087,51.6050116,-0.2080236,3,,,POINT (-0.2080236 51.6050116),79,36,7936,51.604991289500006,-0.208916557,0.06170973178882533
2198685477,51.6050416,-0.2003224,3,,,POINT (-0.2003224 51.6050416),79,37,7937,51.604991289500006,-0.20067237500000001,0.02480854847558971
829890109,51.6054944,-0.1927103,1,,,POINT (-0.1927103 51.6054944),79,38,7938,51.604991289500006,-0.19242819300000003,0.05923869264672564
214167,51.6043897,-0.1850105,3,,,POINT (-0.1850105 51.6043897),79,39,7939,51.604991289500006,-0.18418401100000004,0.08793586263680583
56431981,51.6043564,-0.174917,3,,,POINT (-0.174917 51.6043564),79,40,7940,51.604991289500006,-0.175939829,0.099867853319533
9877474,51.6064379,-0.1660008,1,,,POINT (-0.1660008 51.6064379),79,41,7941,51.604991289500006,-0.167695647,0.19893286791466683
1984550282,51.6058189,-0.1589484,3,,,POINT (-0.1589484 51.6058189),79,42,7942,51.604991289500006,-0.15945146500000001,0.0983656123889401
11060754281,51.6055011,-0.1500508,3,,,POINT (-0.1500508 51.6055011),79,43,7943,51.604991289500006,-0.15120728300000003,0.09794055936298729
622093301,51.6042584,-0.1426262,3,,,POINT (-0.1426262 51.6042584),79,44,7944,51.604991289500006,-0.14296310100000004,0.08474994494912637
33199933,51.6053348,-0.1342058,3,,,POINT (-0.1342058 51.6053348),79,45,7945,51.604991289500006,-0.13471891900000005,0.05210292685532235
613577649,51.6053739,-0.1266167,3,,,POINT (-0.1266167 51.6053739),79,46,7946,51.604991289500006,-0.126474737,0.043659372542729225
38431379,51.6051069,-0.1171359,1,,,POINT (-0.1171359 51.6051069),79,47,7947,51.604991289500006,-0.11823055500000001,0.07668297694182323
38433047,51.6052804,-0.1093096,4,,,POINT (-0.1093096 51.6052804),79,48,7948,51.604991289500006,-0.10998637300000003,0.05672695376994323
38432769,51.6053821,-0.1037425,3,,,POINT (-0.1037425 51.6053821),79,49,7949,51.604991289500006,-0.10174219100000004,0.1448164145923545
38457354,51.6043193,-0.0940738,3,,,POINT (-0.0940738 51.6043193),79,50,7950,51.604991289500006,-0.09349800900000005,0.08464396479549072
918191806,51.6053295,-0.0853089,3,,,POINT (-0.0853089 51.6053295),79,51,7951,51.604991289500006,-0.085253827,0.03779912780300076
38458670,51.6052042,-0.0782037,3,mini_roundabout,,POINT (-0.0782037 51.6052042),79,52,7952,51.604991289500006,-0.07700964500000002,0.0857934576164343
520913685,51.604621,-0.0687089,1,,,POINT (-0.0687089 51.604621),79,53,7953,51.604991289500006,-0.06876546300000003,0.04135919910926225
459820371,51.6050371,-0.0598535,1,,,POINT (-0.0598535 51.6050371),79,54,7954,51.604991289500006,-0.06052128100000003,0.04639799640453311
43705277,51.6046189,-0.0511417,3,mini_roundabout,,POINT (-0.0511417 51.6046189),79,55,7955,51.604991289500006,-0.05227709900000004,0.08867382680023597
25581622,51.6062482,-0.0452007,1,,,POINT (-0.0452007 51.6062482),79,56,7956,51.604991289500006,-0.04403291700000005,0.16136101709835593
248620323,51.6059635,-0.0257834,3,,,POINT (-0.0257834 51.6059635),79,58,7958,51.604991289500006,-0.02754455300000002,0.16272499593935924
32913240,51.6056182,-0.0166556,3,,,POINT (-0.0166556 51.6056182),79,59,7959,51.604991289500006,-0.01930037100000003,0.19549944073661635
4575452923,51.6044491,-0.0129201,1,,,POINT (-0.0129201 51.6044491),79,60,7960,51.604991289500006,-0.011056189000000044,0.14214298933688496
34966150,51.604606,-0.0023952,3,,,POINT (-0.0023952 51.604606),79,61,7961,51.604991289500006,-0.002812007,0.05161437961140341
241782520,51.6044766,0.0062697,3,,,POINT (0.0062697 51.6044766),79,62,7962,51.604991289500006,0.005432174999999989,0.08136891720248396
904050665,51.6043099,0.0109759,1,,,POINT (0.0109759 51.6043099),79,63,7963,51.604991289500006,0.013676356999999978,0.20130055486618303
241780938,51.6045896,0.0228355,3,,,POINT (0.0228355 51.6045896),79,64,7964,51.604991289500006,0.021920538999999968,0.07738086399902773
230133180,51.6047491,0.0307689,4,,,POINT (0.0307689 51.6047491),79,65,7965,51.604991289500006,0.030164720999999957,0.04966119798387247
248885251,51.6048414,0.0392721,3,,,POINT (0.0392721 51.6048414),79,66,7966,51.604991289500006,0.038408902999999946,0.061899330039717794
248886086,51.6054424,0.0463608,3,,,POINT (0.0463608 51.6054424),79,67,7967,51.604991289500006,0.046653084999999934,0.054070275757381436
149560466,51.6049288,0.0548887,1,,,POINT (0.0548887 51.6049288),79,68,7968,51.604991289500006,0.05489726699999992,0.00697365827246172
149558578,51.6056017,0.0616179,1,,,POINT (0.0616179 51.6056017),79,69,7969,51.604991289500006,0.0631414489999999,0.1252100623915827
147783696,51.6047661,0.0742364,1,,,POINT (0.0742364 51.6047661),79,70,7970,51.604991289500006,0.071385631,0.1984631039841573
147784652,51.6049509,0.0793243,3,,,POINT (0.0793243 51.6049509),79,71,7971,51.604991289500006,0.079629813,0.021571699816876126
149566926,51.6047006,0.0884853,1,,,POINT (0.0884853 51.6047006),79,72,7972,51.604991289500006,0.08787399499999998,0.0531704635124188
227248172,51.6045542,0.0959023,3,,,POINT (0.0959023 51.6045542),79,73,7973,51.604991289500006,0.09611817699999997,0.05083736551837042
147790517,51.6050925,0.1044454,3,,,POINT (0.1044454 51.6050925),79,74,7974,51.604991289500006,0.10436235899999996,0.012631051878864721
147791202,51.6056812,0.1109583,1,,,POINT (0.1109583 51.6056812),79,75,7975,51.604991289500006,0.11260654099999995,0.13726603381533392
227226804,51.6053081,0.1218438,3,,,POINT (0.1218438 51.6053081),79,76,7976,51.604991289500006,0.12085072299999994,0.07710095589196164
6302908666,51.6064731,0.1317556,3,,,POINT (0.1317556 51.6064731),79,77,7977,51.604991289500006,0.12909490499999993,0.24680364267518337
134095,51.6043982,0.1357391,3,,,POINT (0.1357391 51.6043982),79,78,7978,51.604991289500006,0.13733908699999992,0.12868120393866175
1138070452,51.6046579,0.1539583,3,,,POINT (0.1539583 51.6046579),79,80,7980,51.604991289500006,0.153827451,0.03815671937207825
244726432,51.6054074,0.1609273,3,,,POINT (0.1609273 51.6054074),79,81,7981,51.604991289500006,0.162071633,0.09157688782566607
1138185483,51.605112,0.1695585,1,,,POINT (0.1695585 51.605112),79,82,7982,51.604991289500006,0.17031581499999998,0.053995667689822384
1138185498,51.6049337,0.1784161,3,,,POINT (0.1784161 51.6049337),79,83,7983,51.604991289500006,0.17855999699999997,0.011822181476954588
245794727,51.6030441,0.184235,3,mini_roundabout,,POINT (0.184235 51.6030441),79,84,7984,51.604991289500006,0.18680417899999996,0.27993311416730027
253310883,51.6031427,0.2062497,3,,,POINT (0.2062497 51.6031427),79,86,7986,51.604991289500006,0.20329254299999994,0.2897610244053088
253311071,51.604534,0.211451,1,,,POINT (0.211451 51.604534),79,87,7987,51.604991289500006,0.21153672499999993,0.0511917616279288
32567909,51.6049233,0.2191343,3,,,POINT (0.2191343 51.6049233),79,88,7988,51.604991289500006,0.21978090699999991,0.04529072433612081
6276744327,51.6049258,0.2281776,1,,,POINT (0.2281776 51.6049258),79,89,7989,51.604991289500006,0.2280250889999999,0.012804829392415389
253067872,51.6052733,0.236476,1,,,POINT (0.236476 51.6052733),79,90,7990,51.604991289500006,0.2362692709999999,0.03445520329826627
253068267,51.6049366,0.2446618,1,,,POINT (0.2446618 51.6049366),79,91,7991,51.604991289500006,0.244513453,0.011913882201965502
10852615261,51.6045196,0.2513977,3,,,POINT (0.2513977 51.6045196),79,92,7992,51.604991289500006,0.252757635,0.10757179312277136
11184074510,51.6064391,0.2572798,3,,,POINT (0.2572798 51.6064391),79,93,7993,51.604991289500006,0.26100181699999997,0.30329516486163943
60260455,51.6087727,-0.4975848,3,,,POINT (-0.4975848 51.6087727),80,1,8001,51.608923070500005,-0.497462927,0.018719003704204536
901365862,51.6076236,-0.4914441,3,,,POINT (-0.4914441 51.6076236),80,2,8002,51.608923070500005,-0.489218745,0.21093679651339847
292178851,51.6090978,-0.4813803,3,,,POINT (-0.4813803 51.6090978),80,3,8003,51.608923070500005,-0.48097456299999997,0.034095455016295684
383462706,51.6074797,-0.4463333,1,,,POINT (-0.4463333 51.6074797),80,7,8007,51.608923070500005,-0.447997835,0.19741178663281192
383446476,51.6096239,-0.4401709,3,,,POINT (-0.4401709 51.6096239),80,8,8008,51.608923070500005,-0.43975365299999997,0.0830846160103611
383172987,51.6097316,-0.4302183,1,,,POINT (-0.4302183 51.6097316),80,9,8009,51.608923070500005,-0.431509471,0.12661936601688395
383143221,51.6089743,-0.4235952,1,,,POINT (-0.4235952 51.6089743),80,10,8010,51.608923070500005,-0.423265289,0.023483343667936352
383016362,51.6087697,-0.4152028,3,,,POINT (-0.4152028 51.6087697),80,11,8011,51.608923070500005,-0.415021107,0.021172203789959054
383006825,51.6074558,-0.4072586,3,,,POINT (-0.4072586 51.6074558),80,12,8012,51.608923070500005,-0.406776925,0.1665091919504932
383404389,51.6093308,-0.3987905,3,,,POINT (-0.3987905 51.6093308),80,13,8013,51.608923070500005,-0.398532743,0.04870626087859345
53412041,51.6101123,-0.3879668,3,,,POINT (-0.3879668 51.6101123),80,14,8014,51.608923070500005,-0.39028856100000003,0.20782480417523433
53411934,51.6087556,-0.3823104,3,,,POINT (-0.3823104 51.6087556),80,15,8015,51.608923070500005,-0.382044379,0.026157871624989712
52815601,51.6084815,-0.3741462,3,,,POINT (-0.3741462 51.6084815),80,16,8016,51.608923070500005,-0.373800197,0.05460531163390817
382363019,51.6090155,-0.365502,3,,,POINT (-0.365502 51.6090155),80,17,8017,51.608923070500005,-0.365556015,0.010933609683815447
36683554,51.6090061,-0.3571536,3,,,POINT (-0.3571536 51.6090061),80,18,8018,51.608923070500005,-0.35731183299999997,0.014304974261105155
36317680,51.6089758,-0.3491655,1,,,POINT (-0.3491655 51.6089758),80,19,8019,51.608923070500005,-0.349067651,0.008946178334136487
219439733,51.6094155,-0.341217,1,,,POINT (-0.341217 51.6094155),80,20,8020,51.608923070500005,-0.340823469,0.061128296313473884
29962093,51.6097817,-0.3328019,1,,,POINT (-0.3328019 51.6097817),80,21,8021,51.608923070500005,-0.332579287,0.09670487158408941
215165569,51.6087115,-0.325714,3,,,POINT (-0.325714 51.6087115),80,22,8022,51.608923070500005,-0.324335105,0.0980828319723627
585269685,51.6100385,-0.3171263,1,,,POINT (-0.3171263 51.6100385),80,23,8023,51.608923070500005,-0.316090923,0.14316174485238797
1077705014,51.6095511,-0.308653,3,,,POINT (-0.308653 51.6095511),80,24,8024,51.608923070500005,-0.30784674100000003,0.08931144828742028
106215091,51.608235,-0.2992971,3,,,POINT (-0.2992971 51.608235),80,25,8025,51.608923070500005,-0.29960255900000005,0.07936442761311129
60887988,51.6087917,-0.2892056,1,,,POINT (-0.2892056 51.6087917),80,26,8026,51.608923070500005,-0.291358377,0.14937600973826332
285568,51.6095295,-0.2828651,3,,,POINT (-0.2828651 51.6095295),80,27,8027,51.608923070500005,-0.283114195,0.06959121642309905
76605151,51.6093317,-0.2757464,3,,,POINT (-0.2757464 51.6093317),80,28,8028,51.608923070500005,-0.274870013,0.07567736856677217
76599288,51.6090392,-0.2669192,3,,,POINT (-0.2669192 51.6090392),80,29,8029,51.608923070500005,-0.266625831,0.02402403920080329
25425162,51.6090565,-0.2582664,4,,,POINT (-0.2582664 51.6090565),80,30,8030,51.608923070500005,-0.258381649,0.01683641470487431
26845333,51.6087874,-0.2505624,4,,,POINT (-0.2505624 51.6087874),80,31,8031,51.608923070500005,-0.250137467,0.03299453589304828
4160572663,51.6088198,-0.2425236,1,,,POINT (-0.2425236 51.6088198),80,32,8032,51.608923070500005,-0.241893285,0.04501566302302477
15428982,51.609133,-0.2335439,3,,,POINT (-0.2335439 51.609133),80,33,8033,51.608923070500005,-0.23364910300000002,0.024447432140277454
15429000,51.6086137,-0.2255186,3,,,POINT (-0.2255186 51.6086137),80,34,8034,51.608923070500005,-0.22540492100000004,0.03528475547856833
15022267,51.6094061,-0.2180569,2,,,POINT (-0.2180569 51.6094061),80,35,8035,51.608923070500005,-0.217160739,0.08194167562108794
9430929176,51.609038,-0.2086474,1,,,POINT (-0.2086474 51.609038),80,36,8036,51.608923070500005,-0.208916557,0.022556127319314598
214091,51.6078168,-0.1983654,3,,,POINT (-0.1983654 51.6078168),80,37,8037,51.608923070500005,-0.20067237500000001,0.2012747169968007
449080,51.6087568,-0.1924088,1,,,POINT (-0.1924088 51.6087568),80,38,8038,51.608923070500005,-0.19242819300000003,0.01853687358329558
6945583513,51.6096336,-0.1838469,1,,,POINT (-0.1838469 51.6096336),80,39,8039,51.608923070500005,-0.18418401100000004,0.08236541058486409
196082,51.6088468,-0.1751829,3,,,POINT (-0.1751829 51.6088468),80,40,8040,51.608923070500005,-0.175939829,0.05295326124733399
9877491,51.609418,-0.1670634,3,,,POINT (-0.1670634 51.609418),80,41,8041,51.608923070500005,-0.167695647,0.07024853299458439
1985071593,51.6087511,-0.1600049,1,,,POINT (-0.1600049 51.6087511),80,42,8042,51.608923070500005,-0.15945146500000001,0.042734480598936246
245804486,51.6090569,-0.1512673,3,,,POINT (-0.1512673 51.6090569),80,43,8043,51.608923070500005,-0.15120728300000003,0.015447508999068382
245804522,51.6088866,-0.1417748,3,,,POINT (-0.1417748 51.6088866),80,44,8044,51.608923070500005,-0.14296310100000004,0.08215819802942999
6702945038,51.6091836,-0.1341198,1,,,POINT (-0.1341198 51.6091836),80,45,8045,51.608923070500005,-0.13471891900000005,0.05050620616453945
24557077,51.6093996,-0.1265851,3,,,POINT (-0.1265851 51.6093996),80,46,8046,51.608923070500005,-0.126474737,0.053532915769702615
25598239,51.608856,-0.1194134,1,,,POINT (-0.1194134 51.608856),80,47,8047,51.608923070500005,-0.11823055500000001,0.08202107948000228
201277,51.60885,-0.1101452,4,,,POINT (-0.1101452 51.60885),80,48,8048,51.608923070500005,-0.10998637300000003,0.01364951380078207
25714047,51.6089396,-0.1025905,3,,,POINT (-0.1025905 51.6089396),80,49,8049,51.608923070500005,-0.10174219100000004,0.05860871801254052
7812343285,51.6088319,-0.0923735,1,,,POINT (-0.0923735 51.6088319),80,50,8050,51.608923070500005,-0.09349800900000005,0.07831189457263545
618596,51.6089579,-0.0856481,3,,,POINT (-0.0856481 51.6089579),80,51,8051,51.608923070500005,-0.085253827,0.027500546657107345
9757674695,51.6087228,-0.075628,1,,,POINT (-0.075628 51.6087228),80,52,8052,51.608923070500005,-0.07700964500000002,0.09797397288899345
25586882,51.6091656,-0.0684118,3,,,POINT (-0.0684118 51.6091656),80,53,8053,51.608923070500005,-0.06876546300000003,0.03638289089581045
43717791,51.6086254,-0.0610799,1,,,POINT (-0.0610799 51.6086254),80,54,8054,51.608923070500005,-0.06052128100000003,0.05082955444319604
10679294767,51.6085696,-0.0531666,1,,,POINT (-0.0531666 51.6085696),80,55,8055,51.608923070500005,-0.05227709900000004,0.0729232611416489
442612930,51.6090234,-0.0465351,2,,,POINT (-0.0465351 51.6090234),80,56,8056,51.608923070500005,-0.04403291700000005,0.1731476061298004
25699353,51.6082927,-0.0385638,3,,,POINT (-0.0385638 51.6082927),80,57,8057,51.608923070500005,-0.03578873500000001,0.2040501160238004
207555852,51.6086268,-0.026953,3,,,POINT (-0.026953 51.6086268),80,58,8058,51.608923070500005,-0.02754455300000002,0.05247853186275947
207551928,51.6087745,-0.0209426,4,,,POINT (-0.0209426 51.6087745),80,59,8059,51.608923070500005,-0.01930037100000003,0.1146011498154231
207534448,51.608176,-0.0110163,3,,,POINT (-0.0110163 51.608176),80,60,8060,51.608923070500005,-0.011056189000000044,0.08311610637363667
241783749,51.608418,-0.0027201,3,mini_roundabout,,POINT (-0.0027201 51.608418),80,61,8061,51.608923070500005,-0.002812007,0.0565187509748374
241782484,51.6088995,0.0062535,1,,,POINT (0.0062535 51.6088995),80,62,8062,51.608923070500005,0.005432174999999989,0.05677706360649392
241781160,51.6091331,0.0133783,3,,,POINT (0.0133783 51.6091331),80,63,8063,51.608923070500005,0.013676356999999978,0.03112954275438917
6292970088,51.6088587,0.0211332,3,,,POINT (0.0211332 51.6088587),80,64,8064,51.608923070500005,0.021920538999999968,0.054838785888844256
230126123,51.6090831,0.029778,1,,,POINT (0.029778 51.6090831),80,65,8065,51.608923070500005,0.030164720999999957,0.03209044642218012
277319525,51.6089981,0.0381856,1,turning_circle,,POINT (0.0381856 51.6089981),80,66,8066,51.608923070500005,0.038408902999999946,0.017532403705226584
8450009868,51.60801,0.0434786,3,,,POINT (0.0434786 51.60801),80,67,8067,51.608923070500005,0.046653084999999934,0.24158589432840225
149562747,51.6087672,0.0551456,3,,,POINT (0.0551456 51.6087672),80,68,8068,51.608923070500005,0.05489726699999992,0.024381846999815535
369502921,51.6078063,0.0605644,1,,,POINT (0.0605644 51.6078063),80,69,8069,51.608923070500005,0.0631414489999999,0.21700291555269832
227244318,51.6089965,0.0961369,3,,,POINT (0.0961369 51.6089965),80,73,8073,51.608923070500005,0.09611817699999997,0.00826671963567903
227189427,51.6090983,0.1042099,1,,,POINT (0.1042099 51.6090983),80,74,8074,51.608923070500005,0.10436235899999996,0.022147011338737636
227192020,51.6092736,0.1120328,3,,,POINT (0.1120328 51.6092736),80,75,8075,51.608923070500005,0.11260654099999995,0.05557803232359738
227222203,51.6089645,0.1207188,3,,,POINT (0.1207188 51.6089645),80,76,8076,51.608923070500005,0.12085072299999994,0.010208472553479108
25743398,51.6084721,0.1290211,3,,,POINT (0.1290211 51.6084721),80,77,8077,51.608923070500005,0.12909490499999993,0.05040396750744275
6709456749,51.6077013,0.1381859,1,,,POINT (0.1381859 51.6077013),80,78,8078,51.608923070500005,0.13733908699999992,0.14790570848017537
11052654375,51.6099514,0.1436976,1,,,POINT (0.1436976 51.6099514),80,79,8079,51.608923070500005,0.1455832689999999,0.17329243785961
1138048395,51.6090889,0.1559431,1,,,POINT (0.1559431 51.6090889),80,80,8080,51.608923070500005,0.153827451,0.1472547461248095
25760346,51.6088939,0.1621494,4,,,POINT (0.1621494 51.6088939),80,81,8081,51.608923070500005,0.162071633,0.006273755604519413
244731248,51.6086705,0.1703452,3,,,POINT (0.1703452 51.6086705),80,82,8082,51.608923070500005,0.17031581499999998,0.028157769776933097
25760319,51.6098273,0.1779699,3,,,POINT (0.1779699 51.6098273),80,83,8083,51.608923070500005,0.17855999699999997,0.10848917034149444
4808098624,51.6092361,0.1942462,1,,,POINT (0.1942462 51.6092361),80,85,8085,51.608923070500005,0.19504836099999995,0.06542115945623368
25880962,51.6093868,0.2065282,3,,,POINT (0.2065282 51.6093868),80,86,8086,51.608923070500005,0.20329254299999994,0.22930964813763957
60097886,51.6092463,0.2114695,3,,,POINT (0.2114695 51.6092463),80,87,8087,51.608923070500005,0.21153672499999993,0.03624003369604737
60098023,51.6086462,0.2194211,3,,,POINT (0.2194211 51.6086462),80,88,8088,51.608923070500005,0.21978090699999991,0.03956215070004573
30863931,51.6099023,0.2288836,3,,,POINT (0.2288836 51.6099023),80,89,8089,51.608923070500005,0.2280250889999999,0.12397816014123247
36488303,51.6094888,0.235366,3,,,POINT (0.235366 51.6094888),80,90,8090,51.608923070500005,0.2362692709999999,0.08858795376574456
36486561,51.6085818,0.2428394,3,,,POINT (0.2428394 51.6085818),80,91,8091,51.608923070500005,0.244513453,0.12167103959680071
204463,51.6086914,0.261265,3,,,POINT (0.261265 51.6086914),80,93,8093,51.608923070500005,0.26100181699999997,0.031526282821139485
901365654,51.6134576,-0.4967018,3,,,POINT (-0.4967018 51.6134576),81,1,8101,51.6128548515,-0.497462927,0.08517051934637705
568333703,51.6139799,-0.4838858,1,,,POINT (-0.4838858 51.6139799),81,3,8103,51.6128548515,-0.48097456299999997,0.23676377302030954
60363453,51.6126613,-0.4597254,3,,,POINT (-0.4597254 51.6126613),81,6,8106,51.6128548515,-0.456242017,0.24148534187595394
606118426,51.6132818,-0.4396682,1,,,POINT (-0.4396682 51.6132818),81,8,8108,51.6128548515,-0.43975365299999997,0.04783977080332972
383214539,51.6129582,-0.4327734,1,,,POINT (-0.4327734 51.6129582),81,9,8109,51.6128548515,-0.431509471,0.08802619761739869
383353266,51.6130496,-0.4239332,1,,,POINT (-0.4239332 51.6130496),81,10,8110,51.6128548515,-0.423265289,0.05094949955299659
59078061,51.6128918,-0.4146784,3,,,POINT (-0.4146784 51.6128918),81,11,8111,51.6128548515,-0.415021107,0.024017553104636023
383399300,51.6130778,-0.4040022,3,,,POINT (-0.4040022 51.6130778),81,12,8112,51.6128548515,-0.406776925,0.19318854577633524
383404380,51.6115221,-0.3998533,3,,,POINT (-0.3998533 51.6115221),81,13,8113,51.6128548515,-0.398532743,0.17400118080198906
54788352,51.6126914,-0.3889817,1,,,POINT (-0.3889817 51.6126914),81,14,8114,51.6128548515,-0.39028856100000003,0.09204965430693451
2906402924,51.6121014,-0.3793526,1,,,POINT (-0.3793526 51.6121014),81,15,8115,51.6128548515,-0.382044379,0.2038755880585591
36683621,51.6139249,-0.3725564,3,,,POINT (-0.3725564 51.6139249),81,16,8116,51.6128548515,-0.373800197,0.14674083935556892
36683614,51.6126693,-0.3664546,3,,,POINT (-0.3664546 51.6126693),81,17,8117,51.6128548515,-0.365556015,0.06538698910499186
36683653,51.6123618,-0.3581271,3,,,POINT (-0.3581271 51.6123618),81,18,8118,51.6128548515,-0.35731183299999997,0.07857946929119991
563111660,51.6128292,-0.3452535,3,,,POINT (-0.3452535 51.6128292),81,19,8119,51.6128548515,-0.349067651,0.26337856066797316
1252222731,51.6124337,-0.3404905,1,,,POINT (-0.3404905 51.6124337),81,20,8120,51.6128548515,-0.340823469,0.05216932523317943
490155,51.6122898,-0.3332139,3,,,POINT (-0.3332139 51.6122898),81,21,8121,51.6128548515,-0.332579287,0.07660206348694161
73961940,51.6133234,-0.3237131,1,turning_circle,,POINT (-0.3237131 51.6133234),81,22,8122,51.6128548515,-0.324335105,0.06752044942678097
370465268,51.6133209,-0.3165157,1,,,POINT (-0.3165157 51.6133209),81,23,8123,51.6128548515,-0.316090923,0.05954667699104335
1077704935,51.6125217,-0.3082178,1,,,POINT (-0.3082178 51.6125217),81,24,8124,51.6128548515,-0.30784674100000003,0.045041825632359915
106218454,51.6128586,-0.299808,3,,,POINT (-0.299808 51.6128586),81,25,8125,51.6128548515,-0.29960255900000005,0.01419160273806889
106232517,51.6130001,-0.2914837,3,,,POINT (-0.2914837 51.6130001),81,26,8126,51.6128548515,-0.291358377,0.01832301477759849
769097067,51.6129963,-0.2827819,1,,,POINT (-0.2827819 51.6129963),81,27,8127,51.6128548515,-0.283114195,0.027817886895980238
77116370,51.6124596,-0.2758792,1,,,POINT (-0.2758792 51.6124596),81,28,8128,51.6128548515,-0.274870013,0.0823856850430188
25424954,51.6128989,-0.2665056,3,,,POINT (-0.2665056 51.6128989),81,29,8129,51.6128548515,-0.266625831,0.00963899813851531
25425157,51.6127472,-0.2583572,3,,,POINT (-0.2583572 51.6127472),81,30,8130,51.6128548515,-0.258381649,0.01208875704020094
222396,51.6125913,-0.2497222,3,,,POINT (-0.2497222 51.6125913),81,31,8131,51.6128548515,-0.250137467,0.041000070916781164
11038407985,51.6123864,-0.2434574,1,,,POINT (-0.2434574 51.6123864),81,32,8132,51.6128548515,-0.241893285,0.11990633686491146
671124,51.6117626,-0.23631,3,,,POINT (-0.23631 51.6117626),81,33,8133,51.6128548515,-0.23364910300000002,0.2202477720786917
574087359,51.6119222,-0.2248391,3,,,POINT (-0.2248391 51.6119222),81,34,8134,51.6128548515,-0.22540492100000004,0.11082148949442124
15022274,51.6125923,-0.2169972,2,,,POINT (-0.2169972 51.6125923),81,35,8135,51.6128548515,-0.217160739,0.03130218909103915
4781331589,51.6129373,-0.208006,3,,,POINT (-0.208006 51.6129373),81,36,8136,51.6128548515,-0.208916557,0.0635378209188466
450585,51.6141909,-0.1988146,1,turning_circle,,POINT (-0.1988146 51.6141909),81,37,8137,51.6128548515,-0.20067237500000001,0.1962784071991642
214198,51.6128955,-0.1929405,3,,,POINT (-0.1929405 51.6128955),81,38,8138,51.6128548515,-0.19242819300000003,0.03566182793713491
878468002,51.6129693,-0.1841618,3,,,POINT (-0.1841618 51.6129693),81,39,8139,51.6128548515,-0.18418401100000004,0.012818170512165982
5849976472,51.6124656,-0.1758266,3,,,POINT (-0.1758266 51.6124656),81,40,8140,51.6128548515,-0.175939829,0.043983258918480254
56486633,51.6135774,-0.1683513,1,turning_circle,,POINT (-0.1683513 51.6135774),81,41,8141,51.6128548515,-0.167695647,0.09222065025839389
271498,51.6125176,-0.1594011,3,,,POINT (-0.1594011 51.6125176),81,42,8142,51.6128548515,-0.15945146500000001,0.037661562902298544
21556486,51.6130749,-0.1515393,1,,,POINT (-0.1515393 51.6130749),81,43,8143,51.6128548515,-0.15120728300000003,0.03353011813511271
272725369,51.6129884,-0.1436207,1,,,POINT (-0.1436207 51.6129884),81,44,8144,51.6128548515,-0.14296310100000004,0.04777305481007593
21556575,51.6131149,-0.1359182,3,,,POINT (-0.1359182 51.6131149),81,45,8145,51.6128548515,-0.13471891900000005,0.08771226740618894
25598249,51.6125713,-0.1249748,3,,,POINT (-0.1249748 51.6125713),81,46,8146,51.6128548515,-0.126474737,0.10826228491865272
769274898,51.6130225,-0.1178875,1,,,POINT (-0.1178875 51.6130225),81,47,8147,51.6128548515,-0.11823055500000001,0.030143174579944882
1115390480,51.6128036,-0.1096494,3,,,POINT (-0.1096494 51.6128036),81,48,8148,51.6128548515,-0.10998637300000003,0.0239553857967249
25591179,51.6125095,-0.1021559,3,,,POINT (-0.1021559 51.6125095),81,49,8149,51.6128548515,-0.10174219100000004,0.04786119933182653
25588389,51.6121894,-0.0932051,3,,,POINT (-0.0932051 51.6121894),81,50,8150,51.6128548515,-0.09349800900000005,0.07670915022247733
25549855,51.6129612,-0.0856264,3,,,POINT (-0.0856264 51.6129612),81,51,8151,51.6128548515,-0.085253827,0.028313493649058413
3675785965,51.6128668,-0.0770115,1,,,POINT (-0.0770115 51.6128668),81,52,8152,51.6128548515,-0.07700964500000002,0.0013347723953894286
25545394,51.6124532,-0.0695594,3,,,POINT (-0.0695594 51.6124532),81,53,8153,51.6128548515,-0.06876546300000003,0.07071048771839658
25580309,51.6125286,-0.0599851,3,,,POINT (-0.0599851 51.6125286),81,54,8154,51.6128548515,-0.06052128100000003,0.051833867029016024
8939253482,51.612707,-0.0522192,1,,,POINT (-0.0522192 51.612707),81,55,8155,51.6128548515,-0.05227709900000004,0.016919445581320705
5977423611,51.612816,-0.0436115,1,,,POINT (-0.0436115 51.612816),81,56,8156,51.6128548515,-0.04403291700000005,0.02941734764070134
25572343,51.6133019,-0.0358428,3,,,POINT (-0.0358428 51.6133019),81,57,8157,51.6128548515,-0.03578873500000001,0.04984950367748946
235736166,51.6140477,-0.0291584,3,,,POINT (-0.0291584 51.6140477),81,58,8158,51.6128548515,-0.02754455300000002,0.17323488614485089
248782041,51.6127136,-0.0188479,1,,,POINT (-0.0188479 51.6127136),81,59,8159,51.6128548515,-0.01930037100000003,0.034968529225265554
207546568,51.6129686,-0.0112538,3,,,POINT (-0.0112538 51.6129686),81,60,8160,51.6128548515,-0.011056189000000044,0.018605355246822986
207544504,51.6124781,-0.002743,3,,,POINT (-0.002743 51.6124781),81,61,8161,51.6128548515,-0.002812007,0.042162962513927836
241781613,51.6131902,0.0052665,3,,,POINT (0.0052665 51.6131902),81,62,8162,51.6128548515,0.005432174999999989,0.03900434244336776
241781311,51.613723,0.011669,1,,,POINT (0.011669 51.613723),81,63,8163,51.6128548515,0.013676356999999978,0.16890817420646118
248950271,51.6125642,0.0221077,3,,,POINT (0.0221077 51.6125642),81,64,8164,51.6128548515,0.021920538999999968,0.03480700868614868
230120076,51.612925,0.0310034,1,turning_circle,,POINT (0.0310034 51.612925),81,65,8165,51.6128548515,0.030164720999999957,0.058432801019198316
277323594,51.6127292,0.0393785,1,turning_circle,,POINT (0.0393785 51.6127292),81,66,8166,51.6128548515,0.038408902999999946,0.06839208571732634
1433563220,51.6127245,0.043521,1,,,POINT (0.043521 51.6127245),81,67,8167,51.6128548515,0.046653084999999934,0.21675259486486734
25640057,51.6137926,0.0943155,3,,,POINT (0.0943155 51.6137926),81,73,8173,51.6128548515,0.09611817699999997,0.16237616604081045
366633788,51.6130975,0.1025965,1,,,POINT (0.1025965 51.6130975),81,74,8174,51.6128548515,0.10436235899999996,0.12487993827875056
227194039,51.6132658,0.1125477,4,,,POINT (0.1125477 51.6132658),81,75,8175,51.6128548515,0.11260654099999995,0.04587565351156292
767202748,51.6131228,0.1210345,3,,,POINT (0.1210345 51.6131228),81,76,8176,51.6128548515,0.12085072299999994,0.03238422728724163
767202764,51.6113251,0.1462514,1,,,POINT (0.1462514 51.6113251),81,79,8179,51.6128548515,0.1455832689999999,0.17624587615373938
244739609,51.6111569,0.160935,1,,,POINT (0.160935 51.6111569),81,81,8181,51.6128548515,0.162071633,0.20446675508125045
1138048402,51.6135374,0.1768525,1,,,POINT (0.1768525 51.6135374),81,83,8183,51.6128548515,0.17855999699999997,0.1402162295153777
60097268,51.6113623,0.2069634,3,,,POINT (0.2069634 51.6113623),81,86,8186,51.6128548515,0.20329254299999994,0.30297296441080757
7767682678,51.6130827,0.2124678,1,,,POINT (0.2124678 51.6130827),81,87,8187,51.6128548515,0.21153672499999993,0.06910167367571038
253066886,51.6126683,0.2195767,3,,,POINT (0.2195767 51.6126683),81,88,8188,51.6128548515,0.21978090699999991,0.02508215874329996
253057901,51.6127516,0.2284121,3,,,POINT (0.2284121 51.6127516),81,89,8189,51.6128548515,0.2280250889999999,0.029084676373475702
36489382,51.6117854,0.2386874,1,,,POINT (0.2386874 51.6117854),81,90,8190,51.6128548515,0.2362692709999999,0.20498967639513607
204470,51.6128698,0.2577812,3,motorway_junction,28,POINT (0.2577812 51.6128698),81,93,8193,51.6128548515,0.26100181699999997,0.22238632939727127
606117330,51.6174255,-0.4441314,1,,,POINT (-0.4441314 51.6174255),82,7,8207,51.6167866325,-0.447997835,0.27623875716350593
383326693,51.6162183,-0.4392373,3,,,POINT (-0.4392373 51.6162183),82,8,8208,51.6167866325,-0.43975365299999997,0.07255805775783081
383222724,51.6166957,-0.4313968,3,,,POINT (-0.4313968 51.6166957),82,9,8209,51.6167866325,-0.431509471,0.012757434483772681
904164170,51.6166678,-0.4240585,1,,,POINT (-0.4240585 51.6166678),82,10,8210,51.6167866325,-0.423265289,0.05633719957677826
383358709,51.6157578,-0.4153802,1,,,POINT (-0.4153802 51.6157578),82,11,8211,51.6167866325,-0.415021107,0.11705672629136854
52815489,51.6149258,-0.3781788,1,,,POINT (-0.3781788 51.6149258),82,15,8215,51.6167866325,-0.382044379,0.337709315818292
36683620,51.6156363,-0.3748063,1,,,POINT (-0.3748063 51.6156363),82,16,8216,51.6167866325,-0.373800197,0.14555642485774123
36683626,51.6167128,-0.3646576,3,,,POINT (-0.3646576 51.6167128),82,17,8217,51.6167866325,-0.365556015,0.06257020997225007
60084341,51.6167906,-0.3402227,1,,,POINT (-0.3402227 51.6167906),82,20,8220,51.6167866325,-0.340823469,0.041481206837210606
582473217,51.6159797,-0.3324449,1,,,POINT (-0.3324449 51.6159797),82,21,8221,51.6167866325,-0.332579287,0.09020526750668542
59932207,51.6170602,-0.3247369,1,,,POINT (-0.3247369 51.6170602),82,22,8222,51.6167866325,-0.324335105,0.041169157416054744
6290536436,51.6169668,-0.3158087,3,,,POINT (-0.3158087 51.6169668),82,23,8223,51.6167866325,-0.316090923,0.02794696981452708
2574930547,51.6169663,-0.3077262,3,,,POINT (-0.3077262 51.6169663),82,24,8224,51.6167866325,-0.30784674100000003,0.021642293996082477
106221720,51.6160167,-0.3014899,3,,,POINT (-0.3014899 51.6160167),82,25,8225,51.6167866325,-0.29960255900000005,0.1559162281098577
906652717,51.6175379,-0.2907815,1,,,POINT (-0.2907815 51.6175379),82,26,8226,51.6167866325,-0.291358377,0.09254619826145422
76595938,51.6177963,-0.2831519,3,,,POINT (-0.2831519 51.6177963),82,27,8227,51.6167866325,-0.283114195,0.1123000805357763
76598334,51.6172017,-0.2756663,3,,,POINT (-0.2756663 51.6172017),82,28,8228,51.6167866325,-0.274870013,0.07178223578204602
25424945,51.6162895,-0.2672107,3,,,POINT (-0.2672107 51.6162895),82,29,8229,51.6167866325,-0.266625831,0.06845709892522103
26869189,51.6163983,-0.2583509,3,,,POINT (-0.2583509 51.6163983),82,30,8230,51.6167866325,-0.258381649,0.04323276215230788
26867661,51.6172109,-0.2497717,1,turning_circle,,POINT (-0.2497717 51.6172109),82,31,8231,51.6167866325,-0.250137467,0.053510298694160435
16387938,51.6168096,-0.2425057,3,,,POINT (-0.2425057 51.6168096),82,32,8232,51.6167866325,-0.241893285,0.04235998214684191
16387945,51.6170729,-0.2364198,3,,,POINT (-0.2364198 51.6170729),82,33,8233,51.6167866325,-0.23364910300000002,0.19392676196227895
15022299,51.6165237,-0.2262197,3,,,POINT (-0.2262197 51.6165237),82,34,8234,51.6167866325,-0.22540492100000004,0.06339875926581787
21452139,51.617265,-0.2178448,3,,,POINT (-0.2178448 51.617265),82,35,8235,51.6167866325,-0.217160739,0.07113370139187519
829890415,51.6159287,-0.2112451,1,,,POINT (-0.2112451 51.6159287),82,36,8236,51.6167866325,-0.208916557,0.1869439512951431
199630,51.6163795,-0.1979046,4,,,POINT (-0.1979046 51.6163795),82,37,8237,51.6167866325,-0.20067237500000001,0.19638540648709263
450570,51.6162266,-0.1915024,3,,,POINT (-0.1915024 51.6162266),82,38,8238,51.6167866325,-0.19242819300000003,0.08923927534002242
56160911,51.6162782,-0.1845018,3,,,POINT (-0.1845018 51.6162782),82,39,8239,51.6167866325,-0.18418401100000004,0.060643515469283656
196056,51.6167689,-0.176788,3,,,POINT (-0.176788 51.6167689),82,40,8240,51.6167866325,-0.175939829,0.058593423319375164
271169,51.6171436,-0.1680128,3,,,POINT (-0.1680128 51.6171436),82,41,8241,51.6167866325,-0.167695647,0.045332272107252214
200100,51.6168973,-0.1592816,3,,,POINT (-0.1592816 51.6168973),82,42,8242,51.6167866325,-0.15945146500000001,0.016999251937479934
21547737,51.6166629,-0.1500587,4,,,POINT (-0.1500587 51.6166629),82,43,8243,51.6167866325,-0.15120728300000003,0.0804863231353391
1449468325,51.6171211,-0.1421329,3,,,POINT (-0.1421329 51.6171211),82,44,8244,51.6167866325,-0.14296310100000004,0.06832774509222492
875405245,51.6164744,-0.1348695,3,,,POINT (-0.1348695 51.6164744),82,45,8245,51.6167866325,-0.13471891900000005,0.03624189791250455
7342287767,51.6161,-0.1268362,1,,,POINT (-0.1268362 51.6161),82,46,8246,51.6167866325,-0.126474737,0.08032537004860583
25696811,51.616524,-0.1183889,3,,,POINT (-0.1183889 51.616524),82,47,8247,51.6167866325,-0.11823055500000001,0.031182707051308746
8703304027,51.617677,-0.1091032,3,,,POINT (-0.1091032 51.617677),82,48,8248,51.6167866325,-0.10998637300000003,0.11627539069092221
25696938,51.6162092,-0.1011628,3,,,POINT (-0.1011628 51.6162092),82,49,8249,51.6167866325,-0.10174219100000004,0.07564959155681762
918326106,51.6172443,-0.0927344,3,,,POINT (-0.0927344 51.6172443),82,50,8250,51.6167866325,-0.09349800900000005,0.07327608699159387
1447059110,51.6168783,-0.0849148,1,,,POINT (-0.0849148 51.6168783),82,51,8251,51.6167866325,-0.085253827,0.025530429232500262
25420819,51.6170795,-0.0772535,3,,,POINT (-0.0772535 51.6170795),82,52,8252,51.6167866325,-0.07700964500000002,0.036660180191224356
6172162698,51.6178957,-0.0667618,3,,,POINT (-0.0667618 51.6178957),82,53,8253,51.6167866325,-0.06876546300000003,0.18532576463743414
25420718,51.6165911,-0.0607198,3,,,POINT (-0.0607198 51.6165911),82,54,8254,51.6167866325,-0.06052128100000003,0.025701920132358908
24972690,51.6164267,-0.0524211,3,,,POINT (-0.0524211 51.6164267),82,55,8255,51.6167866325,-0.05227709900000004,0.04123909719307895
1446889552,51.6169635,-0.0454252,3,,,POINT (-0.0454252 51.6169635),82,56,8256,51.6167866325,-0.04403291700000005,0.09811833604230234
250323623,51.6153029,-0.0316838,3,,,POINT (-0.0316838 51.6153029),82,57,8257,51.6167866325,-0.03578873500000001,0.3279440188206335
32907305,51.6169328,-0.0278179,3,,,POINT (-0.0278179 51.6169328),82,58,8258,51.6167866325,-0.02754455300000002,0.024906620718216633
71221946,51.6170044,-0.0182236,3,,,POINT (-0.0182236 51.6170044),82,59,8259,51.6167866325,-0.01930037100000003,0.07818740282807292
235728114,51.6177118,-0.0106457,3,,,POINT (-0.0106457 51.6177118),82,60,8260,51.6167866325,-0.011056189000000044,0.10670643305830743
241783959,51.6163554,-0.0022907,1,turning_circle,,POINT (-0.0022907 51.6163554),82,61,8261,51.6167866325,-0.002812007,0.05995634337912161
241782026,51.6164146,0.0043824,3,,,POINT (0.0043824 51.6164146),82,62,8262,51.6167866325,0.005432174999999989,0.08345448835920574
129977191,51.6161434,0.0121107,3,mini_roundabout,,POINT (0.0121107 51.6161434),82,63,8263,51.6167866325,0.013676356999999978,0.12961852114802744
230113361,51.616857,0.0218527,3,,,POINT (0.0218527 51.616857),82,64,8264,51.6167866325,0.021920538999999968,0.009119261588564746
230116536,51.6169257,0.0293084,3,,,POINT (0.0293084 51.6169257),82,65,8265,51.6167866325,0.030164720999999957,0.06111164049173908
230121581,51.6165336,0.0390141,3,,,POINT (0.0390141 51.6165336),82,66,8266,51.6167866325,0.038408902999999946,0.050374515704282134
1433565932,51.6167715,0.0462439,3,,,POINT (0.0462439 51.6167715),82,67,8267,51.6167866325,0.046653084999999934,0.028301408628107094
25735966,51.6156274,0.1148048,3,,,POINT (0.1148048 51.6156274),82,75,8275,51.6167866325,0.11260654099999995,0.19912666820517164
558762211,51.6160381,0.1175205,4,,,POINT (0.1175205 51.6160381),82,76,8276,51.6167866325,0.12085072299999994,0.24453155564145748
3913611543,51.6163638,0.1802817,1,,,POINT (0.1802817 51.6163638),82,83,8283,51.6167866325,0.17855999699999997,0.12783245083219263
3913611552,51.6158735,0.1838998,3,,,POINT (0.1838998 51.6158735),82,84,8284,51.6167866325,0.18680417899999996,0.22476952681652396
253067370,51.6174103,0.2128275,1,,,POINT (0.2128275 51.6174103),82,87,8287,51.6167866325,0.21153672499999993,0.11292168977513946
25880879,51.6167388,0.2190486,3,,,POINT (0.2190486 51.6167388),82,88,8288,51.6167866325,0.21978090699999991,0.05083964293399111
8236676266,51.6166368,0.227258,1,,,POINT (0.227258 51.6166368),82,89,8289,51.6167866325,0.2280250889999999,0.05552087744426662
8849251204,51.6187572,-0.4412931,1,,,POINT (-0.4412931 51.6187572),83,8,8308,51.62071841350001,-0.43975365299999997,0.24259685709592638
60084125,51.6214541,-0.3575717,3,,,POINT (-0.3575717 51.6214541),83,18,8318,51.62071841350001,-0.35731183299999997,0.08374871588835443
7156676623,51.6206634,-0.3422724,3,,,POINT (-0.3422724 51.6206634),83,20,8320,51.62071841350001,-0.340823469,0.10021673264345371
1814782332,51.6215826,-0.3237305,1,,,POINT (-0.3237305 51.6215826),83,22,8322,51.62071841350001,-0.324335105,0.10476686824017024
1814908870,51.620505,-0.3156117,3,,,POINT (-0.3156117 51.620505),83,23,8323,51.62071841350001,-0.316090923,0.04071485616417716
523525166,51.6200249,-0.3078984,1,,,POINT (-0.3078984 51.6200249),83,24,8324,51.62071841350001,-0.30784674100000003,0.07719760797734135
26983448,51.6203998,-0.3003028,3,,,POINT (-0.3003028 51.6203998),83,25,8325,51.62071841350001,-0.29960255900000005,0.05993473768272177
894727973,51.6210979,-0.2919076,3,,,POINT (-0.2919076 51.6210979),83,26,8326,51.62071841350001,-0.291358377,0.05672960344027648
76581731,51.6212919,-0.2820769,3,,,POINT (-0.2820769 51.6212919),83,27,8327,51.62071841350001,-0.283114195,0.09588862928124844
906652448,51.6207393,-0.2751219,1,,,POINT (-0.2751219 51.6207393),83,28,8328,51.62071841350001,-0.274870013,0.017543914846100277
32032578,51.6216822,-0.2663028,3,,,POINT (-0.2663028 51.6216822),83,29,8329,51.62071841350001,-0.266625831,0.10946389403969065
11050166503,51.6213953,-0.2587434,1,turning_circle,,POINT (-0.2587434 51.6213953),83,30,8330,51.62071841350001,-0.258381649,0.07930147278542334
17148699,51.6213424,-0.2498403,3,,,POINT (-0.2498403 51.6213424),83,31,8331,51.62071841350001,-0.250137467,0.07235356391369313
7997418206,51.6213778,-0.2421833,3,,,POINT (-0.2421833 51.6213778),83,32,8332,51.62071841350001,-0.241893285,0.07600493961487734
277371625,51.6204028,-0.2338121,1,,,POINT (-0.2338121 51.6204028),83,33,8333,51.62071841350001,-0.23364910300000002,0.03685456760837318
903865783,51.6187715,-0.2237983,1,,,POINT (-0.2237983 51.6187715),83,34,8334,51.62071841350001,-0.22540492100000004,0.24324785619535927
21431134,51.619357,-0.215585,3,,,POINT (-0.215585 51.619357),83,35,8335,51.62071841350001,-0.217160739,0.1864160906842021
275249,51.6190229,-0.1973331,3,,,POINT (-0.1973331 51.6190229),83,37,8337,51.62071841350001,-0.20067237500000001,0.297812263789788
662863,51.6214176,-0.1939673,3,,,POINT (-0.1939673 51.6214176),83,38,8338,51.62071841350001,-0.19242819300000003,0.1316603559047454
902515487,51.6208201,-0.184566,1,,,POINT (-0.184566 51.6208201),83,39,8339,51.62071841350001,-0.18418401100000004,0.028693133749659268
196051,51.6209294,-0.1766224,3,,,POINT (-0.1766224 51.6209294),83,40,8340,51.62071841350001,-0.175939829,0.052639653435528226
200107,51.6222781,-0.1657511,3,,,POINT (-0.1657511 51.6222781),83,41,8341,51.62071841350001,-0.167695647,0.21931476220943064
2097644,51.6205693,-0.1595341,4,,,POINT (-0.1595341 51.6205693),83,42,8342,51.62071841350001,-0.15945146500000001,0.017534653886970845
29081790,51.6206995,-0.1509364,3,,,POINT (-0.1509364 51.6206995),83,43,8343,51.62071841350001,-0.15120728300000003,0.01881882804161746
6319799139,51.6204494,-0.1425627,1,,,POINT (-0.1425627 51.6204494),83,44,8344,51.62071841350001,-0.14296310100000004,0.04072952807254274
25756803,51.6218996,-0.1352092,3,,,POINT (-0.1352092 51.6218996),83,45,8345,51.62071841350001,-0.13471891900000005,0.1356330753840043
25719077,51.6204405,-0.126258,3,,,POINT (-0.126258 51.6204405),83,46,8346,51.62071841350001,-0.126474737,0.034334495886081444
25532928,51.6213661,-0.1181611,3,,,POINT (-0.1181611 51.6213661),83,47,8347,51.62071841350001,-0.11823055500000001,0.07217889529967987
7727529332,51.6216149,-0.1090894,1,,,POINT (-0.1090894 51.6216149),83,48,8348,51.62071841350001,-0.10998637300000003,0.11735242652799938
25703649,51.6211051,-0.1020094,3,,,POINT (-0.1020094 51.6211051),83,49,8349,51.62071841350001,-0.10174219100000004,0.046787728699994674
201202,51.6205404,-0.094197,4,,,POINT (-0.094197 51.6205404),83,50,8350,51.62071841350001,-0.09349800900000005,0.05215823988630486
25809403,51.6202635,-0.0854738,3,,,POINT (-0.0854738 51.6202635),83,51,8351,51.62071841350001,-0.085253827,0.052814520090542987
25809740,51.6210846,-0.0762444,3,,,POINT (-0.0762444 51.6210846),83,52,8352,51.62071841350001,-0.07700964500000002,0.06670059150256319
25813553,51.6210235,-0.0682987,1,turning_circle,,POINT (-0.0682987 51.6210235),83,53,8353,51.62071841350001,-0.06876546300000003,0.046789052504239176
25420669,51.6205858,-0.0595088,3,,,POINT (-0.0595088 51.6205858),83,54,8354,51.62071841350001,-0.06052128100000003,0.07143720223541578
24984387,51.6196286,-0.0513378,1,,,POINT (-0.0513378 51.6196286),83,55,8355,51.62071841350001,-0.05227709900000004,0.1374414884086579
25572858,51.6196167,-0.0454193,3,,,POINT (-0.0454193 51.6196167),83,56,8356,51.62071841350001,-0.04403291700000005,0.15546192650380222
8581685427,51.6197556,-0.0375532,1,,,POINT (-0.0375532 51.6197556),83,57,8357,51.62071841350001,-0.03578873500000001,0.1621747082859918
6285542353,51.6204017,-0.0251914,3,,,POINT (-0.0251914 51.6204017),83,58,8358,51.62071841350001,-0.02754455300000002,0.16622844378602877
1415362958,51.619996,-0.0195123,3,,,POINT (-0.0195123 51.619996),83,59,8359,51.62071841350001,-0.01930037100000003,0.08165029276948814
11430196301,51.6203904,-0.0107008,1,,,POINT (-0.0107008 51.6203904),83,60,8360,51.62071841350001,-0.011056189000000044,0.04395771975655549
241784119,51.6204896,-0.0032276,1,,,POINT (-0.0032276 51.6204896),83,61,8361,51.62071841350001,-0.002812007,0.03834755363102771
230081361,51.6204532,0.0051639,3,,,POINT (0.0051639 51.6204532),83,62,8362,51.62071841350001,0.005432174999999989,0.03482396999087645
230089815,51.6214158,0.0135238,3,,,POINT (0.0135238 51.6214158),83,63,8363,51.62071841350001,0.013676356999999978,0.0782577808055038
241780707,51.6202037,0.0221665,3,,,POINT (0.0221665 51.6202037),83,64,8364,51.62071841350001,0.021920538999999968,0.05969936547825613
241780563,51.6207952,0.0296939,1,,,POINT (0.0296939 51.6207952),83,65,8365,51.62071841350001,0.030164720999999957,0.03360675145644107
539078957,51.6196535,0.1694711,1,,,POINT (0.1694711 51.6196535),83,82,8382,51.62071841350001,0.17031581499999998,0.13199444897026488
38897768,51.6223637,0.2147615,1,,,POINT (0.2147615 51.6223637),83,87,8387,51.62071841350001,0.21153672499999993,0.2881519134809845
25870716,51.6211886,0.2272524,3,,,POINT (0.2272524 51.6211886),83,89,8389,51.62071841350001,0.2280250889999999,0.07469276040348795
8976703787,51.6252554,-0.3416795,1,,,POINT (-0.3416795 51.6252554),84,20,8420,51.624650194500006,-0.340823469,0.08955790501494584
1814782252,51.6244479,-0.3235492,3,,,POINT (-0.3235492 51.6244479),84,22,8422,51.624650194500006,-0.324335105,0.058730366851533156
606932458,51.6255774,-0.3173634,3,,,POINT (-0.3173634 51.6255774),84,23,8423,51.624650194500006,-0.316090923,0.13544552604431076
8710979199,51.6241357,-0.2993434,1,,,POINT (-0.2993434 51.6241357),84,25,8425,51.624650194500006,-0.29960255900000005,0.05994118641623506
413544035,51.6246412,-0.2921311,1,,,POINT (-0.2921311 51.6246412),84,26,8426,51.624650194500006,-0.291358377,0.05335120993427924
1552717189,51.6227609,-0.2832982,3,,,POINT (-0.2832982 51.6227609),84,27,8427,51.624650194500006,-0.283114195,0.21046363033470147
29278065,51.6247551,-0.273638,3,,,POINT (-0.273638 51.6247551),84,28,8428,51.624650194500006,-0.274870013,0.0858432215224806
32033015,51.624885,-0.2664804,3,,,POINT (-0.2664804 51.624885),84,29,8429,51.624650194500006,-0.266625831,0.027972758508783457
26868342,51.6240712,-0.2582903,3,,,POINT (-0.2582903 51.6240712),84,30,8430,51.624650194500006,-0.258381649,0.06468933838300098
906127029,51.6250867,-0.2505664,1,,,POINT (-0.2505664 51.6250867),84,31,8431,51.624650194500006,-0.250137467,0.05685581284415012
5250519673,51.6253746,-0.2416112,3,,,POINT (-0.2416112 51.6253746),84,32,8432,51.624650194500006,-0.241893285,0.08287046317581656
249617279,51.6242916,-0.2360979,3,,,POINT (-0.2360979 51.6242916),84,33,8433,51.624650194500006,-0.23364910300000002,0.1736825951417535
424873,51.6245132,-0.1936227,1,,,POINT (-0.1936227 51.6245132),84,38,8438,51.624650194500006,-0.19242819300000003,0.0838533746111719
196186,51.6244922,-0.1810359,3,,,POINT (-0.1810359 51.6244922),84,39,8439,51.624650194500006,-0.18418401100000004,0.21802653853400633
16785499,51.6252952,-0.1752089,1,,,POINT (-0.1752089 51.6252952),84,40,8440,51.624650194500006,-0.175939829,0.08769149197372139
200110,51.624758,-0.1685191,3,,,POINT (-0.1685191 51.624758),84,41,8441,51.624650194500006,-0.167695647,0.05809393245416337
1145566432,51.6253338,-0.1597737,1,,,POINT (-0.1597737 51.6253338),84,42,8442,51.624650194500006,-0.15945146500000001,0.07920128512975212
33499328,51.6240298,-0.1502754,1,,,POINT (-0.1502754 51.6240298),84,43,8443,51.624650194500006,-0.15120728300000003,0.09432466755740891
265272472,51.6264184,-0.145841,1,,,POINT (-0.145841 51.6264184),84,44,8444,51.624650194500006,-0.14296310100000004,0.2795059459891421
1989538053,51.6246692,-0.1337377,1,,,POINT (-0.1337377 51.6246692),84,45,8445,51.624650194500006,-0.13471891900000005,0.06776745888536048
858976283,51.6247538,-0.1257726,3,,,POINT (-0.1257726 51.6247538),84,46,8446,51.624650194500006,-0.126474737,0.04981945940816692
25532920,51.6236441,-0.1166376,3,,,POINT (-0.1166376 51.6236441),84,47,8447,51.624650194500006,-0.11823055500000001,0.15686830268611557
25533106,51.6251877,-0.1111632,1,,,POINT (-0.1111632 51.6251877),84,48,8448,51.624650194500006,-0.10998637300000003,0.10085463554301229
25764404,51.6245171,-0.1013271,3,,,POINT (-0.1013271 51.6245171),84,49,8449,51.624650194500006,-0.10174219100000004,0.032250354839972954
251514409,51.6240562,-0.0941318,3,,,POINT (-0.0941318 51.6240562),84,50,8450,51.624650194500006,-0.09349800900000005,0.07922554834536508
251513125,51.6239363,-0.0852356,3,,,POINT (-0.0852356 51.6239363),84,51,8451,51.624650194500006,-0.085253827,0.07939141779827034
25813372,51.6244326,-0.0784583,3,,,POINT (-0.0784583 51.6244326),84,52,8452,51.624650194500006,-0.07700964500000002,0.10288771392243494
25813689,51.6243512,-0.068278,4,,,POINT (-0.068278 51.6243512),84,53,8453,51.624650194500006,-0.06876546300000003,0.04730406472792717
25915788,51.6245854,-0.0605165,3,,,POINT (-0.0605165 51.6245854),84,54,8454,51.624650194500006,-0.06052128100000003,0.007212374866643101
24972583,51.6249854,-0.0525234,4,,,POINT (-0.0525234 51.6249854),84,55,8455,51.624650194500006,-0.05227709900000004,0.04096788095659287
248810419,51.6244647,-0.044374,3,,,POINT (-0.044374 51.6244647),84,56,8456,51.624650194500006,-0.04403291700000005,0.03130202903393068
6367934595,51.6260671,-0.0335315,1,,,POINT (-0.0335315 51.6260671),84,57,8457,51.624650194500006,-0.03578873500000001,0.22158904474363297
6285542363,51.6229548,-0.0237426,3,,,POINT (-0.0237426 51.6229548),84,58,8458,51.624650194500006,-0.02754455300000002,0.3231461480818024
71219197,51.6246304,-0.0192237,3,,,POINT (-0.0192237 51.6246304),84,59,8459,51.624650194500006,-0.01930037100000003,0.005732105094489723
230070012,51.6245596,-0.0118897,1,,,POINT (-0.0118897 51.6245596),84,60,8460,51.624650194500006,-0.011056189000000044,0.05841332218168622
230076088,51.6249638,-0.0034962,3,,,POINT (-0.0034962 51.6249638),84,61,8461,51.624650194500006,-0.002812007,0.05870874414840595
248845495,51.6233121,0.0053788,1,,,POINT (0.0053788 51.6233121),84,62,8462,51.624650194500006,0.005432174999999989,0.14883493484691362
230088823,51.6246266,0.0125495,3,,,POINT (0.0125495 51.6246266),84,63,8463,51.624650194500006,0.013676356999999978,0.07783229893897899
230092280,51.6248485,0.0219466,3,,,POINT (0.0219466 51.6248485),84,64,8464,51.624650194500006,0.021920538999999968,0.02212383072898097
4026499395,51.6246326,0.0288512,3,,,POINT (0.0288512 51.6246326),84,65,8465,51.624650194500006,0.030164720999999957,0.09069476899090126
1224948999,51.625522,0.2201468,3,,,POINT (0.2201468 51.625522),84,88,8488,51.624650194500006,0.21978090699999991,0.10017675962793995
6103059362,51.6276304,-0.3393875,3,,,POINT (-0.3393875 51.6276304),85,20,8520,51.628581975500005,-0.340823469,0.14498403717557232
1814782424,51.6286519,-0.3313646,1,,,POINT (-0.3313646 51.6286519),85,21,8521,51.628581975500005,-0.332579287,0.08420345543634404
614535,51.6281772,-0.3268212,4,,,POINT (-0.3268212 51.6281772),85,22,8522,51.628581975500005,-0.324335105,0.1774078978581479
148192817,51.6287558,-0.3178554,3,,,POINT (-0.3178554 51.6287558),85,23,8523,51.628581975500005,-0.316090923,0.12331695809095396
4085821076,51.6303917,-0.2973435,3,,,POINT (-0.2973435 51.6303917),85,25,8525,51.628581975500005,-0.29960255900000005,0.25457429274955395
34182519,51.6281302,-0.2803067,3,,,POINT (-0.2803067 51.6281302),85,27,8527,51.628581975500005,-0.283114195,0.20019360637383066
34182495,51.6283302,-0.2764517,3,,,POINT (-0.2764517 51.6283302),85,28,8528,51.628581975500005,-0.274870013,0.11270864552871496
32033020,51.6284652,-0.2673499,3,,,POINT (-0.2673499 51.6284652),85,29,8529,51.628581975500005,-0.266625831,0.051638158921247235
255321572,51.6266791,-0.2587835,3,,,POINT (-0.2587835 51.6266791),85,30,8530,51.628581975500005,-0.258381649,0.21340053198873607
17148682,51.627837,-0.2507466,1,,,POINT (-0.2507466 51.627837),85,31,8531,51.628581975500005,-0.250137467,0.0928972335731481
201984,51.6272859,-0.2414937,3,traffic_signals,,POINT (-0.2414937 51.6272859),85,32,8532,51.628581975500005,-0.241893285,0.14673264258767066
201966,51.6304121,-0.2360256,3,traffic_signals,,POINT (-0.2360256 51.6304121),85,33,8533,51.628581975500005,-0.23364910300000002,0.2613804940447099
306265145,51.6304286,-0.1979326,1,,,POINT (-0.1979326 51.6304286),85,37,8537,51.628581975500005,-0.20067237500000001,0.27915020529948364
662881,51.628117,-0.1925302,1,turning_circle,,POINT (-0.1925302 51.628117),85,38,8538,51.628581975500005,-0.19242819300000003,0.05218015183776236
222204,51.6287598,-0.185037,3,,,POINT (-0.185037 51.6287598),85,39,8539,51.628581975500005,-0.18418401100000004,0.06210904208967279
9426952397,51.6279525,-0.1763708,3,,,POINT (-0.1763708 51.6279525),85,40,8540,51.628581975500005,-0.175939829,0.07605373012609146
2919808,51.6278222,-0.1684636,3,,,POINT (-0.1684636 51.6278222),85,41,8541,51.628581975500005,-0.167695647,0.0997361443253833
21547410,51.6288235,-0.1596732,4,,,POINT (-0.1596732 51.6288235),85,42,8542,51.628581975500005,-0.15945146500000001,0.030911332883080293
1678213621,51.6281751,-0.1504568,1,,,POINT (-0.1504568 51.6281751),85,43,8543,51.628581975500005,-0.15120728300000003,0.06877763948650503
23710462,51.6284542,-0.1410456,3,,,POINT (-0.1410456 51.6284542),85,44,8544,51.628581975500005,-0.14296310100000004,0.13311610513016273
26603855,51.6278181,-0.1352519,1,turning_circle,,POINT (-0.1352519 51.6278181),85,45,8545,51.628581975500005,-0.13471891900000005,0.09256404125372204
1464417214,51.6287725,-0.1263626,1,,,POINT (-0.1263626 51.6287725),85,46,8546,51.628581975500005,-0.126474737,0.02255505944988726
251518406,51.6287511,-0.1183207,3,,,POINT (-0.1183207 51.6287511),85,47,8547,51.628581975500005,-0.11823055500000001,0.01980843157618706
25764110,51.6290374,-0.1109929,3,,,POINT (-0.1109929 51.6290374),85,48,8548,51.628581975500005,-0.10998637300000003,0.08597267422581886
25764187,51.6285695,-0.1013107,3,,,POINT (-0.1013107 51.6285695),85,49,8549,51.628581975500005,-0.10174219100000004,0.02981595938540083
26004973,51.6283599,-0.0943082,3,,,POINT (-0.0943082 51.6283599),85,50,8550,51.628581975500005,-0.09349800900000005,0.06113283271057387
26004909,51.6292955,-0.0879607,3,,,POINT (-0.0879607 51.6292955),85,51,8551,51.628581975500005,-0.085253827,0.20298826542395448
608554070,51.6281994,-0.0761361,1,,,POINT (-0.0761361 51.6281994),85,52,8552,51.628581975500005,-0.07700964500000002,0.07379283355032967
251876688,51.6286576,-0.069258,3,,,POINT (-0.069258 51.6286576),85,53,8553,51.628581975500005,-0.06876546300000003,0.03502186990377062
946299920,51.6286549,-0.0602777,3,,,POINT (-0.0602777 51.6286549),85,54,8554,51.628581975500005,-0.06052128100000003,0.01866643327263543
946300169,51.6286285,-0.0519756,3,,,POINT (-0.0519756 51.6286285),85,55,8555,51.628581975500005,-0.05227709900000004,0.021444321025211686
248811700,51.6287418,-0.0443036,3,,,POINT (-0.0443036 51.6287418),85,56,8556,51.628581975500005,-0.04403291700000005,0.025786024715263058
71214483,51.6283945,-0.0184267,3,,,POINT (-0.0184267 51.6283945),85,59,8559,51.628581975500005,-0.01930037100000003,0.06380669638559394
360953278,51.6287293,-0.0117423,1,,,POINT (-0.0117423 51.6287293),85,60,8560,51.628581975500005,-0.011056189000000044,0.05011198674159552
6223596725,51.6282086,-0.002561,1,,,POINT (-0.002561 51.6282086),85,61,8561,51.628581975500005,-0.002812007,0.044987598083082316
230099025,51.6285721,0.0058117,1,,,POINT (0.0058117 51.6285721),85,62,8562,51.628581975500005,0.005432174999999989,0.026219721708302432
230102174,51.6283008,0.0135612,1,,,POINT (0.0135612 51.6283008),85,63,8563,51.628581975500005,0.013676356999999978,0.0322598933532209
230103381,51.6286944,0.018605,1,,,POINT (0.018605 51.6286944),85,64,8564,51.628581975500005,0.021920538999999968,0.22919597884491053
30204490,51.6272081,0.2155798,3,,,POINT (0.2155798 51.6272081),85,87,8587,51.628581975500005,0.21153672499999993,0.3181545233560964
1224949001,51.6296864,0.2242318,1,,,POINT (0.2242318 51.6296864),85,89,8589,51.628581975500005,0.2280250889999999,0.28919824501999053
490147,51.6332485,-0.3330771,3,mini_roundabout,,POINT (-0.3330771 51.6332485),86,21,8621,51.6325137565,-0.332579287,0.08863036141868447
1814805083,51.6323554,-0.32208,1,turning_circle,,POINT (-0.32208 51.6323554),86,22,8622,51.6325137565,-0.324335105,0.1566382781564096
4730348786,51.6315073,-0.303965,3,,,POINT (-0.303965 51.6315073),86,24,8624,51.6325137565,-0.30784674100000003,0.29035145814892194
4033355931,51.6318263,-0.2991402,3,,,POINT (-0.2991402 51.6318263),86,25,8625,51.6325137565,-0.29960255900000005,0.08283533726480995
1078587856,51.6331513,-0.2673416,3,,,POINT (-0.2673416 51.6331513),86,29,8629,51.6325137565,-0.266625831,0.0864066577013677
817888846,51.6308853,-0.2454578,1,,,POINT (-0.2454578 51.6308853),86,32,8632,51.6325137565,-0.241893285,0.3054770670255796
201956,51.6344724,-0.2073015,3,,,POINT (-0.2073015 51.6344724),86,36,8636,51.6325137565,-0.208916557,0.2446588689516716
198806,51.6331271,-0.2008674,3,,,POINT (-0.2008674 51.6331271),86,37,8637,51.6325137565,-0.20067237500000001,0.06951628833059388
222153,51.6314202,-0.1921775,3,,,POINT (-0.1921775 51.6314202),86,38,8638,51.6325137565,-0.19242819300000003,0.12282281716462196
198793,51.6321195,-0.184791,3,,,POINT (-0.184791 51.6321195),86,39,8639,51.6325137565,-0.18418401100000004,0.06063819541955312
196019,51.6326856,-0.1756549,3,,,POINT (-0.1756549 51.6326856),86,40,8640,51.6325137565,-0.175939829,0.027419913880771116
449165,51.632794,-0.1666749,3,,,POINT (-0.1666749 51.632794),86,41,8641,51.6325137565,-0.167695647,0.07703476802367008
21448842,51.6322719,-0.1593544,3,,,POINT (-0.1593544 51.6322719),86,42,8642,51.6325137565,-0.15945146500000001,0.02771509213211834
1705796924,51.6322905,-0.1511042,1,,,POINT (-0.1511042 51.6322905),86,43,8643,51.6325137565,-0.15120728300000003,0.025824390880181715
23709309,51.6324551,-0.1431297,3,,,POINT (-0.1431297 51.6324551),86,44,8644,51.6325137565,-0.14296310100000004,0.013219535948357496
25721663,51.6329877,-0.1345736,3,,,POINT (-0.1345736 51.6329877),86,45,8645,51.6325137565,-0.13471891900000005,0.05364603633178054
1464346512,51.6321536,-0.1265871,3,,,POINT (-0.1265871 51.6321536),86,46,8646,51.6325137565,-0.126474737,0.040791563703469265
23195297,51.6322049,-0.1223384,3,,,POINT (-0.1223384 51.6322049),86,47,8647,51.6325137565,-0.11823055500000001,0.2855928533142827
25764080,51.6310448,-0.109411,3,,,POINT (-0.109411 51.6310448),86,48,8648,51.6325137565,-0.10998637300000003,0.16809875348964162
2299787929,51.6327545,-0.102356,3,,,POINT (-0.102356 51.6327545),86,49,8649,51.6325137565,-0.10174219100000004,0.05011331872669859
26025301,51.6331367,-0.094431,3,,,POINT (-0.094431 51.6331367),86,50,8650,51.6325137565,-0.09349800900000005,0.09457602141156712
26005419,51.6328721,-0.0851,3,,,POINT (-0.0851 51.6328721),86,51,8651,51.6325137565,-0.085253827,0.041236168801737805
25967545,51.6338355,-0.0776275,1,,,POINT (-0.0776275 51.6338355),86,52,8652,51.6325137565,-0.07700964500000002,0.15303255005521377
3982613748,51.6328283,-0.0695491,3,,,POINT (-0.0695491 51.6328283),86,53,8653,51.6325137565,-0.06876546300000003,0.06440927875820378
19744583,51.6316254,-0.0597197,3,,,POINT (-0.0597197 51.6316254),86,54,8654,51.6325137565,-0.06052128100000003,0.1132187075643157
19812184,51.632975,-0.0517906,1,,,POINT (-0.0517906 51.632975),86,55,8655,51.6325137565,-0.05227709900000004,0.06130172834692879
1457327163,51.6323812,-0.0421963,1,,,POINT (-0.0421963 51.6323812),86,56,8656,51.6325137565,-0.04403291700000005,0.12761575992828836
71227714,51.6326837,-0.0117336,3,,,POINT (-0.0117336 51.6326837),86,60,8660,51.6325137565,-0.011056189000000044,0.05042858505577441
71231411,51.6326629,-0.0022539,3,,,POINT (-0.0022539 51.6326629),86,61,8661,51.6325137565,-0.002812007,0.04193822173236772
71233615,51.6327335,0.0056838,3,,,POINT (0.0056838 51.6327335),86,62,8662,51.6325137565,0.005432174999999989,0.02997742808403953
230104323,51.6339492,0.0142514,3,,,POINT (0.0142514 51.6339492),86,63,8663,51.6325137565,0.013676356999999978,0.16447431206657714
257908708,51.6365733,-0.3068229,3,,,POINT (-0.3068229 51.6365733),87,24,8724,51.6364455375,-0.30784674100000003,0.07207231063780403
27540624,51.6360593,-0.2863645,1,,,POINT (-0.2863645 51.6360593),87,27,8727,51.6364455375,-0.283114195,0.2283887892057867
2329125548,51.6368073,-0.2693163,3,,,POINT (-0.2693163 51.6368073),87,29,8729,51.6364455375,-0.266625831,0.18998415422544096
409485072,51.6383162,-0.2505816,1,,,POINT (-0.2505816 51.6383162),87,31,8731,51.6364455375,-0.250137467,0.2102542407589798
27471404,51.6350546,-0.2136113,1,,,POINT (-0.2136113 51.6350546),87,35,8735,51.6364455375,-0.217160739,0.28970221040603794
204627,51.6373352,-0.2097135,1,,,POINT (-0.2097135 51.6373352),87,36,8736,51.6364455375,-0.208916557,0.11318668537650571
614520,51.6370331,-0.2003506,3,,,POINT (-0.2003506 51.6370331),87,37,8737,51.6364455375,-0.20067237500000001,0.06900476300574905
1663407834,51.6382218,-0.1806162,1,,,POINT (-0.1806162 51.6382218),87,39,8739,51.6364455375,-0.18418401100000004,0.31565068220707176
480038,51.6367883,-0.1759835,1,turning_circle,,POINT (-0.1759835 51.6367883),87,40,8740,51.6364455375,-0.175939829,0.03823242712854297
10555581857,51.6358698,-0.166505,3,,,POINT (-0.166505 51.6358698),87,41,8741,51.6364455375,-0.167695647,0.10416556794947315
23691726,51.6367026,-0.1602908,3,,,POINT (-0.1602908 51.6367026),87,42,8742,51.6364455375,-0.15945146500000001,0.06459366006784802
1713286222,51.6360772,-0.1497244,1,,,POINT (-0.1497244 51.6360772),87,43,8743,51.6364455375,-0.15120728300000003,0.11023022088534491
33501303,51.6364208,-0.1428173,3,,,POINT (-0.1428173 51.6364208),87,44,8744,51.6364455375,-0.14296310100000004,0.010431374850912799
23198864,51.6362384,-0.134662,1,,,POINT (-0.134662 51.6362384),87,45,8745,51.6364455375,-0.13471891900000005,0.02336520750064558
23196910,51.6363403,-0.1278627,1,,,POINT (-0.1278627 51.6363403),87,46,8746,51.6364455375,-0.126474737,0.0964997841305895
23171635,51.6364067,-0.1178265,3,,,POINT (-0.1178265 51.6364067),87,47,8747,51.6364455375,-0.11823055500000001,0.028217496516828554
7486829860,51.6371694,-0.1092177,3,,,POINT (-0.1092177 51.6371694),87,48,8748,51.6364455375,-0.10998637300000003,0.0963986926498146
25972592,51.6365117,-0.1024968,3,,,POINT (-0.1024968 51.6365117),87,49,8749,51.6364455375,-0.10174219100000004,0.05259490371638523
13878679,51.6360789,-0.0942336,3,,,POINT (-0.0942336 51.6360789),87,50,8750,51.6364455375,-0.09349800900000005,0.06510907827644433
858978073,51.6363819,-0.0859437,1,,,POINT (-0.0859437 51.6363819),87,51,8751,51.6364455375,-0.085253827,0.04813324627790334
24955460,51.6359838,-0.0772785,3,,,POINT (-0.0772785 51.6359838),87,52,8752,51.6364455375,-0.07700964500000002,0.05459270110027283
27018463,51.635852,-0.0679413,3,,,POINT (-0.0679413 51.635852),87,53,8753,51.6364455375,-0.06876546300000003,0.08712595259979204
10592917,51.6367397,-0.0618428,3,,,POINT (-0.0618428 51.6367397),87,54,8754,51.6364455375,-0.06052128100000003,0.09688994496994682
19751231,51.6362157,-0.0526139,3,,,POINT (-0.0526139 51.6362157),87,55,8755,51.6364455375,-0.05227709900000004,0.03454589185392341
1460468364,51.6357786,-0.0451831,3,,,POINT (-0.0451831 51.6357786),87,56,8756,51.6364455375,-0.04403291700000005,0.10863063538093923
18668248,51.6379957,-0.0366426,3,,,POINT (-0.0366426 51.6379957),87,57,8757,51.6364455375,-0.03578873500000001,0.18216436706524133
1437874079,51.6365281,-0.0113711,1,,,POINT (-0.0113711 51.6365281),87,60,8760,51.6364455375,-0.011056189000000044,0.023592435989536347
71234046,51.6358194,0.0004739,1,,,POINT (0.0004739 51.6358194),87,61,8761,51.6364455375,-0.002812007,0.2372191803678228
361099449,51.6361195,0.0059088,3,,,POINT (0.0059088 51.6361195),87,62,8762,51.6364455375,0.005432174999999989,0.04895213401999679
409485103,51.641281,-0.2562182,3,,,POINT (-0.2562182 51.641281),88,30,8830,51.64037731850001,-0.258381649,0.1799589464288584
1019989668,51.6413455,-0.2527824,1,,,POINT (-0.2527824 51.6413455),88,31,8831,51.64037731850001,-0.250137467,0.2119020722502744
222296,51.6404406,-0.2410437,3,,,POINT (-0.2410437 51.6404406),88,32,8832,51.64037731850001,-0.241893285,0.05904808009328553
21580455,51.6419232,-0.2154537,3,,,POINT (-0.2154537 51.6419232),88,35,8835,51.64037731850001,-0.217160739,0.20838292090815397
1599247588,51.6417852,-0.2093865,3,,,POINT (-0.2093865 51.6417852),88,36,8836,51.64037731850001,-0.208916557,0.15987279087055517
276885,51.6406663,-0.1893212,1,,,POINT (-0.1893212 51.6406663),88,38,8838,51.64037731850001,-0.19242819300000003,0.21679832878675734
276886,51.6402272,-0.1838531,1,,,POINT (-0.1838531 51.6402272),88,39,8839,51.64037731850001,-0.18418401100000004,0.028285765170860355
245672,51.6403306,-0.1753903,3,,,POINT (-0.1753903 51.6403306),88,40,8840,51.64037731850001,-0.175939829,0.038275565379109575
1701774432,51.6403783,-0.1672415,3,,,POINT (-0.1672415 51.6403783),88,41,8841,51.64037731850001,-0.167695647,0.031339536127389364
21539478,51.6411334,-0.1583986,3,,,POINT (-0.1583986 51.6411334),88,42,8842,51.64037731850001,-0.15945146500000001,0.11111638133219923
60937009,51.6402512,-0.1430001,3,,,POINT (-0.1430001 51.6402512),88,44,8844,51.64037731850001,-0.14296310100000004,0.014254263112235573
330035093,51.6401613,-0.1340101,1,,,POINT (-0.1340101 51.6401613),88,45,8845,51.64037731850001,-0.13471891900000005,0.05449322054565493
10151171437,51.640249,-0.1265869,1,,,POINT (-0.1265869 51.640249),88,46,8846,51.64037731850001,-0.126474737,0.016232517804362
23161623,51.6386543,-0.1162285,3,,,POINT (-0.1162285 51.6386543),88,47,8847,51.64037731850001,-0.11823055500000001,0.23620935971978607
311959389,51.6401074,-0.1101883,1,,,POINT (-0.1101883 51.6401074),88,48,8848,51.64037731850001,-0.10998637300000003,0.033090520680306684
251446059,51.6408046,-0.1024471,1,,,POINT (-0.1024471 51.6408046),88,49,8849,51.64037731850001,-0.10174219100000004,0.06799656284702836
256624374,51.6400707,-0.0944338,3,,,POINT (-0.0944338 51.6400707),88,50,8850,51.64037731850001,-0.09349800900000005,0.0730242479090249
7258188,51.6399517,-0.0858965,3,,,POINT (-0.0858965 51.6399517),88,51,8851,51.64037731850001,-0.085253827,0.06485875718102153
11483870,51.6403052,-0.0769708,4,,,POINT (-0.0769708 51.6403052),88,52,8852,51.64037731850001,-0.07700964500000002,0.008455369026799286
788694194,51.6406531,-0.0682594,1,,,POINT (-0.0682594 51.6406531),88,53,8853,51.64037731850001,-0.06876546300000003,0.046474788428338985
12951830,51.6405293,-0.0610469,3,,,POINT (-0.0610469 51.6405293),88,54,8854,51.64037731850001,-0.06052128100000003,0.04001508367317952
7348939,51.6405326,-0.0522774,3,,,POINT (-0.0522774 51.6405326),88,55,8855,51.64037731850001,-0.05227709900000004,0.01726652749441507
25811983,51.6404877,-0.0440802,3,,,POINT (-0.0440802 51.6404877),88,56,8856,51.64037731850001,-0.04403291700000005,0.012700155147610354
920077,51.6404352,-0.0355631,3,,,POINT (-0.0355631 51.6404352),88,57,8857,51.64037731850001,-0.03578873500000001,0.016848175262531944
248902273,51.6410092,-0.0273729,3,,,POINT (-0.0273729 51.6410092),88,58,8858,51.64037731850001,-0.02754455300000002,0.07125348730022754
21413863,51.6407387,-0.0113539,3,,,POINT (-0.0113539 51.6407387),88,60,8860,51.64037731850001,-0.011056189000000044,0.045130876720319194
24967482,51.6390811,-0.0051658,3,,,POINT (-0.0051658 51.6390811),88,61,8861,51.64037731850001,-0.002812007,0.21715895610947344
40675757,51.6433341,-0.2552284,3,,,POINT (-0.2552284 51.6433341),89,30,8930,51.644309099500006,-0.258381649,0.24309426685475308
257898091,51.6434645,-0.2542515,3,,,POINT (-0.2542515 51.6434645),89,31,8931,51.644309099500006,-0.250137467,0.2990071246249817
26362895,51.6436675,-0.2399782,3,,,POINT (-0.2399782 51.6436675),89,32,8932,51.644309099500006,-0.241893285,0.15017245055024567
260407523,51.6454349,-0.2366082,3,,,POINT (-0.2366082 51.6454349),89,33,8933,51.644309099500006,-0.23364910300000002,0.2394987433024153
15214950,51.6452491,-0.2236113,1,,,POINT (-0.2236113 51.6452491),89,34,8934,51.644309099500006,-0.22540492100000004,0.16199313343287775
21580457,51.6445852,-0.2167954,1,turning_circle,,POINT (-0.2167954 51.6445852),89,35,8935,51.644309099500006,-0.217160739,0.039724409085993444
198862,51.6444309,-0.2089686,4,,,POINT (-0.2089686 51.6444309),89,36,8936,51.644309099500006,-0.208916557,0.014011582602848039
4228494124,51.6444537,-0.2010014,3,,,POINT (-0.2010014 51.6444537),89,37,8937,51.644309099500006,-0.20067237500000001,0.027820086770824815
1599485196,51.6448984,-0.1945608,1,,,POINT (-0.1945608 51.6448984),89,38,8938,51.644309099500006,-0.19242819300000003,0.16108164294550653
195414,51.6442782,-0.1843323,3,,,POINT (-0.1843323 51.6442782),89,39,8939,51.644309099500006,-0.18418401100000004,0.010793568560018424
198824,51.6435356,-0.1757994,3,,,POINT (-0.1757994 51.6435356),89,40,8940,51.644309099500006,-0.175939829,0.08655332942770685
21264564,51.6446355,-0.1671916,3,,,POINT (-0.1671916 51.6446355),89,41,8941,51.644309099500006,-0.167695647,0.050268128855044426
1016719013,51.6441715,-0.1600726,3,,,POINT (-0.1600726 51.6441715),89,42,8942,51.644309099500006,-0.15945146500000001,0.045508229282589824
21539531,51.644026,-0.152223,3,,,POINT (-0.152223 51.644026),89,43,8943,51.644309099500006,-0.15120728300000003,0.07683071136587308
676832811,51.6452677,-0.1431962,2,,,POINT (-0.1431962 51.6452677),89,44,8944,51.644309099500006,-0.14296310100000004,0.10779815705804546
12780102,51.6451879,-0.1345144,3,,,POINT (-0.1345144 51.6451879),89,45,8945,51.644309099500006,-0.13471891900000005,0.09873187813985936
7894956614,51.6435899,-0.1263454,3,,,POINT (-0.1263454 51.6435899),89,46,8946,51.644309099500006,-0.126474737,0.08046776093977674
10988049,51.6445597,-0.1185467,3,,,POINT (-0.1185467 51.6445597),89,47,8947,51.644309099500006,-0.11823055500000001,0.03538854717748787
2097611,51.6439835,-0.1094783,3,mini_roundabout,,POINT (-0.1094783 51.6439835),89,48,8948,51.644309099500006,-0.10998637300000003,0.050396882123312836
13878401,51.6442344,-0.1015568,4,,,POINT (-0.1015568 51.6442344),89,49,8949,51.644309099500006,-0.10174219100000004,0.01525231527659245
11483875,51.6458105,-0.0919162,3,,,POINT (-0.0919162 51.6458105),89,50,8950,51.644309099500006,-0.09349800900000005,0.19945987385834085
7258193,51.6431739,-0.0848628,3,,,POINT (-0.0848628 51.6431739),89,51,8951,51.644309099500006,-0.085253827,0.12907990970563574
3053109493,51.6445529,-0.0761421,1,,,POINT (-0.0761421 51.6445529),89,52,8952,51.644309099500006,-0.07700964500000002,0.06571379109909481
12588633,51.6451152,-0.0682356,3,,,POINT (-0.0682356 51.6451152),89,53,8953,51.644309099500006,-0.06876546300000003,0.0968039075619586
497179,51.6446141,-0.0605756,3,,,POINT (-0.0605756 51.6446141),89,54,8954,51.644309099500006,-0.06052128100000003,0.034120987614245944
7348904,51.64408,-0.0525077,3,,,POINT (-0.0525077 51.64408),89,55,8955,51.644309099500006,-0.05227709900000004,0.030035719172462734
3137401636,51.6442353,-0.0436749,1,,,POINT (-0.0436749 51.6442353),89,56,8956,51.644309099500006,-0.04403291700000005,0.026030890315488955
251786584,51.6435266,-0.0365222,3,,,POINT (-0.0365222 51.6435266),89,57,8957,51.644309099500006,-0.03578873500000001,0.10065852577277372
250324296,51.6435667,-0.0111655,3,,,POINT (-0.0111655 51.6435667),89,60,8960,51.644309099500006,-0.011056189000000044,0.08289492476517614
1413837684,51.6428327,-0.0064054,3,,,POINT (-0.0064054 51.6428327),89,61,8961,51.644309099500006,-0.002812007,0.29737412540636804
195772,51.647944,-0.2514945,3,,,POINT (-0.2514945 51.647944),90,31,9031,51.648240880500005,-0.250137467,0.09927809408563353
9454111597,51.6480181,-0.239821,3,,,POINT (-0.239821 51.6480181),90,32,9032,51.648240880500005,-0.241893285,0.14510794629640508
1619544852,51.6477227,-0.2319169,3,,,POINT (-0.2319169 51.6477227),90,33,9033,51.648240880500005,-0.23364910300000002,0.13267853265807936
10270679,51.6481908,-0.2252406,3,,,POINT (-0.2252406 51.6481908),90,34,9034,51.648240880500005,-0.22540492100000004,0.012631145983901054
204621,51.6482163,-0.2181017,4,,,POINT (-0.2181017 51.6482163),90,35,9035,51.648240880500005,-0.217160739,0.06497921263170177
685568,51.6478128,-0.2081067,1,,,POINT (-0.2081067 51.6478128),90,36,9036,51.648240880500005,-0.208916557,0.07340279421589212
608494,51.6482774,-0.2007794,3,,,POINT (-0.2007794 51.6482774),90,37,9037,51.648240880500005,-0.20067237500000001,0.008427117685041886
198827,51.6478567,-0.1926106,3,,,POINT (-0.1926106 51.6478567),90,38,9038,51.648240880500005,-0.19242819300000003,0.04453419594632464
17806459,51.6487761,-0.1844233,3,,,POINT (-0.1844233 51.6487761),90,39,9039,51.648240880500005,-0.18418401100000004,0.06176122400016695
228050,51.6477253,-0.1752243,4,,,POINT (-0.1752243 51.6477253),90,40,9040,51.648240880500005,-0.175939829,0.07565677255554892
196840,51.6487795,-0.1667242,3,,,POINT (-0.1667242 51.6487795),90,41,9041,51.648240880500005,-0.167695647,0.0898850878506487
21539708,51.6480729,-0.1593155,1,,,POINT (-0.1593155 51.6480729),90,42,9042,51.648240880500005,-0.15945146500000001,0.020901943836189665
1911597663,51.6492623,-0.1497485,1,,,POINT (-0.1497485 51.6492623),90,43,9043,51.648240880500005,-0.15120728300000003,0.15175514413246485
12780076,51.6489211,-0.1447066,3,,,POINT (-0.1447066 51.6489211),90,44,9044,51.648240880500005,-0.14296310100000004,0.14209540951641722
12780094,51.6473457,-0.1353241,3,,,POINT (-0.1353241 51.6473457),90,45,9045,51.648240880500005,-0.13471891900000005,0.10794254038847512
12780008,51.6484142,-0.1251747,3,,,POINT (-0.1251747 51.6484142),90,46,9046,51.648240880500005,-0.126474737,0.09174306998056812
11500970874,51.6479307,-0.1190065,3,,,POINT (-0.1190065 51.6479307),90,47,9047,51.648240880500005,-0.11823055500000001,0.06368484411319186
24923841,51.6486134,-0.1101441,3,,,POINT (-0.1101441 51.6486134),90,48,9048,51.648240880500005,-0.10998637300000003,0.04282791787786894
11216965143,51.6472418,-0.1003145,1,,,POINT (-0.1003145 51.6472418),90,49,9049,51.648240880500005,-0.10174219100000004,0.1484748122158162
256622438,51.6483882,-0.0939933,1,,,POINT (-0.0939933 51.6483882),90,50,9050,51.648240880500005,-0.09349800900000005,0.03789602866705438
12588667,51.6482981,-0.0839805,1,,,POINT (-0.0839805 51.6482981),90,51,9051,51.648240880500005,-0.085253827,0.08808334325588005
13764367,51.6487413,-0.0769737,3,,,POINT (-0.0769737 51.6487413),90,52,9052,51.648240880500005,-0.07700964500000002,0.0556993483383118
12952247,51.6469866,-0.0695871,3,,,POINT (-0.0695871 51.6469866),90,53,9053,51.648240880500005,-0.06876546300000003,0.15055065355396233
497185,51.6489894,-0.0602976,4,,,POINT (-0.0602976 51.6489894),90,54,9054,51.648240880500005,-0.06052128100000003,0.0846502483921744
1993512730,51.6485344,-0.0512854,3,,,POINT (-0.0512854 51.6485344),90,55,9055,51.648240880500005,-0.05227709900000004,0.0758077830104706
13032127,51.6481403,-0.0435502,3,,,POINT (-0.0435502 51.6481403),90,56,9056,51.648240880500005,-0.04403291700000005,0.03513281948873576
1128116438,51.6487318,-0.0370306,1,,,POINT (-0.0370306 51.6487318),90,57,9057,51.648240880500005,-0.03578873500000001,0.10159354726035813
18668311,51.6485259,-0.0295326,3,,,POINT (-0.0295326 51.6485259),90,58,9058,51.648240880500005,-0.02754455300000002,0.14077882589771656
1445426687,51.6501028,-0.0230571,1,mini_roundabout,,POINT (-0.0230571 51.6501028),90,59,9059,51.648240880500005,-0.01930037100000003,0.3317282495700426
158718349,51.6463617,-0.0091235,1,turning_circle,,POINT (-0.0091235 51.6463617),90,60,9060,51.648240880500005,-0.011056189000000044,0.24787948266204882
1617775362,51.6511877,-0.2242187,1,,,POINT (-0.2242187 51.6511877),91,34,9134,51.6521726615,-0.22540492100000004,0.13672072158412493
195459,51.6527315,-0.2170512,3,,,POINT (-0.2170512 51.6527315),91,35,9135,51.6521726615,-0.217160739,0.06259782625030406
685563,51.6520155,-0.2087948,3,,,POINT (-0.2087948 51.6520155),91,36,9136,51.6521726615,-0.208916557,0.01938953110086654
26340424,51.651619,-0.2005737,1,,,POINT (-0.2005737 51.651619),91,37,9137,51.6521726615,-0.20067237500000001,0.06193958180339271
1651597302,51.6524048,-0.1924247,3,,,POINT (-0.1924247 51.6524048),91,38,9138,51.6521726615,-0.19242819300000003,0.02581374830179616
13594513,51.6522315,-0.1839952,3,,,POINT (-0.1839952 51.6522315),91,39,9139,51.6521726615,-0.18418401100000004,0.014576650925902603
573769,51.6521424,-0.1763189,3,,,POINT (-0.1763189 51.6521424),91,40,9140,51.6521726615,-0.175939829,0.02636736903820267
573776,51.6523276,-0.1669244,3,,,POINT (-0.1669244 51.6523276),91,41,9141,51.6521726615,-0.167695647,0.05592727421834205
11120057,51.6522526,-0.1595158,3,,,POINT (-0.1595158 51.6522526),91,42,9142,51.6521726615,-0.15945146500000001,0.009935263464430081
25721877,51.6518512,-0.1501028,3,,,POINT (-0.1501028 51.6518512),91,43,9143,51.6521726615,-0.15120728300000003,0.08416510744050809
12780055,51.6516551,-0.1241552,3,,,POINT (-0.1241552 51.6516551),91,46,9146,51.6521726615,-0.126474737,0.17005766116550425
7019718,51.6504964,-0.1190053,3,,,POINT (-0.1190053 51.6504964),91,47,9147,51.6521726615,-0.11823055500000001,0.1939040763184939
24923579,51.6522415,-0.1112893,1,,,POINT (-0.1112893 51.6522415),91,48,9148,51.6521726615,-0.10998637300000003,0.09021302085592965
256619621,51.6534552,-0.0992766,1,,,POINT (-0.0992766 51.6534552),91,49,9149,51.6521726615,-0.10174219100000004,0.22197058068003708
7095202963,51.6528757,-0.0931664,1,,,POINT (-0.0931664 51.6528757),91,50,9150,51.6521726615,-0.09349800900000005,0.08145299922358645
25306557,51.6522801,-0.0857764,3,,,POINT (-0.0857764 51.6522801),91,51,9151,51.6521726615,-0.085253827,0.03797965090085772
7272737478,51.6524384,-0.0769478,3,,,POINT (-0.0769478 51.6524384),91,52,9152,51.6521726615,-0.07700964500000002,0.029855217639678824
10356698,51.6521322,-0.0685724,4,,,POINT (-0.0685724 51.6521322),91,53,9153,51.6521726615,-0.06876546300000003,0.014058606509245297
3274980765,51.6517599,-0.0598413,3,,,POINT (-0.0598413 51.6517599),91,54,9154,51.6521726615,-0.06052128100000003,0.06562942425244091
10913645,51.6527407,-0.0504657,3,,,POINT (-0.0504657 51.6527407),91,55,9155,51.6521726615,-0.05227709900000004,0.14002166850737202
7446931,51.6512718,-0.0431481,3,,,POINT (-0.0431481 51.6512718),91,56,9156,51.6521726615,-0.04403291700000005,0.11730543047403945
26917963,51.6520445,-0.0351935,3,,,POINT (-0.0351935 51.6520445),91,57,9157,51.6521726615,-0.03578873500000001,0.043467287461975763
18668302,51.6524741,-0.0282102,3,,,POINT (-0.0282102 51.6524741),91,58,9158,51.6521726615,-0.02754455300000002,0.0568536460347683
1445426780,51.6515055,-0.0232692,1,,,POINT (-0.0232692 51.6515055),91,59,9159,51.6521726615,-0.01930037100000003,0.28367977055199584
195601,51.6559354,-0.2506557,3,,,POINT (-0.2506557 51.6559354),92,31,9231,51.6561044425,-0.250137467,0.04038977561373571
8569169,51.655996,-0.2339314,1,,,POINT (-0.2339314 51.655996),92,33,9233,51.6561044425,-0.23364910300000002,0.022904770119340955
15214965,51.6553245,-0.2224688,1,,,POINT (-0.2224688 51.6553245),92,34,9234,51.6561044425,-0.22540492100000004,0.22033071153883665
1848442,51.6562439,-0.2168736,3,,,POINT (-0.2168736 51.6562439),92,35,9235,51.6561044425,-0.217160739,0.025155744972393184
13559749,51.6562286,-0.209206,3,,,POINT (-0.209206 51.6562286),92,36,9236,51.6561044425,-0.208916557,0.02427476377098187
1629086378,51.65681,-0.2005697,1,,,POINT (-0.2005697 51.65681),92,37,9237,51.6561044425,-0.20067237500000001,0.078773479117397
13594507,51.6558161,-0.1902517,1,,,POINT (-0.1902517 51.6558161),92,38,9238,51.6561044425,-0.19242819300000003,0.15352697333026
615399,51.6557541,-0.1844808,4,,,POINT (-0.1844808 51.6557541),92,39,9239,51.6561044425,-0.18418401100000004,0.044008619376914304
21264550,51.6548565,-0.1758344,1,,,POINT (-0.1758344 51.6548565),92,40,9240,51.6561044425,-0.175939829,0.1389553375967965
1890396495,51.6567815,-0.1680361,3,,,POINT (-0.1680361 51.6567815),92,41,9241,51.6561044425,-0.167695647,0.07886346556768847
21540841,51.655532,-0.1599151,1,,,POINT (-0.1599151 51.655532),92,42,9242,51.6561044425,-0.15945146500000001,0.07123616273377317
200151,51.6560799,-0.1527319,3,,,POINT (-0.1527319 51.6560799),92,43,9243,51.6561044425,-0.15120728300000003,0.10520826263448323
364663827,51.6565974,-0.1378878,1,,,POINT (-0.1378878 51.6565974),92,45,9245,51.6561044425,-0.13471891900000005,0.22536580510235463
21104611,51.6557557,-0.1116352,3,,,POINT (-0.1116352 51.6557557),92,48,9248,51.6561044425,-0.10998637300000003,0.12017042240686177
256586764,51.6558572,-0.1015004,3,,,POINT (-0.1015004 51.6558572),92,49,9249,51.6561044425,-0.10174219100000004,0.032156233353138775
256578828,51.6562158,-0.0939308,3,,,POINT (-0.0939308 51.6562158),92,50,9250,51.6561044425,-0.09349800900000005,0.03232117990989045
25300477,51.6559792,-0.087302,1,,,POINT (-0.087302 51.6559792),92,51,9251,51.6561044425,-0.085253827,0.1419742265529693
10220648076,51.6561619,-0.077337,2,,,POINT (-0.077337 51.6561619),92,52,9252,51.6561044425,-0.07700964500000002,0.023468356479721043
22966328,51.6574112,-0.0680841,3,,,POINT (-0.0680841 51.6574112),92,53,9253,51.6561044425,-0.06876546300000003,0.15271758782071596
10913660,51.655785,-0.0524813,3,,,POINT (-0.0524813 51.655785),92,55,9255,51.6561044425,-0.05227709900000004,0.03821160098534003
18162242,51.6564011,-0.04508,1,turning_circle,,POINT (-0.04508 51.6564011),92,56,9256,51.6561044425,-0.04403291700000005,0.07940667486519697
18162502,51.656045,-0.035698,1,turning_circle,,POINT (-0.035698 51.656045),92,57,9257,51.6561044425,-0.03578873500000001,0.009103055445335555
1445477395,51.6562476,-0.0294031,3,,,POINT (-0.0294031 51.6562476),92,58,9258,51.6561044425,-0.02754455300000002,0.1291926023393781
590807,51.6567926,-0.0205799,1,,,POINT (-0.0205799 51.6567926),92,59,9259,51.6561044425,-0.01930037100000003,0.11681610958366091
1601750651,51.6592109,-0.2152376,1,,,POINT (-0.2152376 51.6592109),93,35,9335,51.66003622350001,-0.217160739,0.16130436282653557
13559767,51.6587798,-0.2097674,3,,,POINT (-0.2097674 51.6587798),93,36,9336,51.66003622350001,-0.208916557,0.151534692074844
197705,51.6600892,-0.1999825,3,,,POINT (-0.1999825 51.6600892),93,37,9337,51.66003622350001,-0.20067237500000001,0.047948797872306104
199474,51.6610013,-0.1931273,3,,,POINT (-0.1931273 51.6610013),93,38,9338,51.66003622350001,-0.19242819300000003,0.11764833951142142
199469,51.658209,-0.1832709,3,,,POINT (-0.1832709 51.658209),93,39,9339,51.66003622350001,-0.18418401100000004,0.21271673460619414
2068954,51.6587189,-0.1763914,1,,,POINT (-0.1763914 51.6587189),93,40,9340,51.66003622350001,-0.175939829,0.1497549005052638
256598395,51.6599035,-0.10589,1,,,POINT (-0.10589 51.6599035),93,48,9348,51.66003622350001,-0.10998637300000003,0.2829416338775231
14421803,51.6600153,-0.1018817,1,,,POINT (-0.1018817 51.6600153),93,49,9349,51.66003622350001,-0.10174219100000004,0.009900194377678877
256551765,51.6600456,-0.0927694,3,,,POINT (-0.0927694 51.6600456),93,50,9350,51.66003622350001,-0.09349800900000005,0.050268168570946105
11379316,51.6597582,-0.086571,3,,,POINT (-0.086571 51.6597582),93,51,9351,51.66003622350001,-0.085253827,0.09597069099530431
20916757,51.6594668,-0.0773412,3,,,POINT (-0.0773412 51.6594668),93,52,9352,51.66003622350001,-0.07700964500000002,0.06732067586270106
1077550529,51.6599522,-0.0675052,1,,,POINT (-0.0675052 51.6599522),93,53,9353,51.66003622350001,-0.06876546300000003,0.08743004990963732
11600388,51.6600671,-0.0600855,3,,,POINT (-0.0600855 51.6600671),93,54,9354,51.66003622350001,-0.06052128100000003,0.03025435373998845
12427567,51.659937,-0.0529016,3,mini_roundabout,,POINT (-0.0529016 51.659937),93,55,9355,51.66003622350001,-0.05227709900000004,0.0444668539810467
20828569,51.660588,-0.0442125,3,,,POINT (-0.0442125 51.660588),93,56,9356,51.66003622350001,-0.04403291700000005,0.06259268263705109
18466623,51.6598434,-0.0351121,3,,,POINT (-0.0351121 51.6598434),93,57,9357,51.66003622350001,-0.03578873500000001,0.05136178628451894
1445477393,51.6603362,-0.028993,3,,,POINT (-0.028993 51.6603362),93,58,9358,51.66003622350001,-0.02754455300000002,0.10533043305528414
18668283,51.6586346,-0.0216605,1,,,POINT (-0.0216605 51.6586346),93,59,9359,51.66003622350001,-0.01930037100000003,0.2253736874380027
1634691514,51.6642949,-0.1992768,3,,,POINT (-0.1992768 51.6642949),94,37,9437,51.663968004500006,-0.20067237500000001,0.10288879052551815
19191799,51.6640867,-0.1834984,3,,,POINT (-0.1834984 51.6640867),94,39,9439,51.663968004500006,-0.18418401100000004,0.04909466728182582
19191949,51.6640149,-0.1774062,3,,,POINT (-0.1774062 51.6640149),94,40,9440,51.663968004500006,-0.175939829,0.10127157834343671
19192388,51.6635031,-0.1708188,3,,,POINT (-0.1708188 51.6635031),94,41,9441,51.663968004500006,-0.167695647,0.2215247618648705
25722414,51.6653712,-0.1085936,3,,,POINT (-0.1085936 51.6653712),94,48,9448,51.663968004500006,-0.10998637300000003,0.18322735865697662
25722447,51.6641431,-0.1013815,3,,,POINT (-0.1013815 51.6641431),94,49,9449,51.663968004500006,-0.10174219100000004,0.03159029480525891
1020895132,51.6640652,-0.0932808,3,,,POINT (-0.0932808 51.6640652),94,50,9450,51.663968004500006,-0.09349800900000005,0.018472674950660906
11377851,51.6639895,-0.0849659,3,,,POINT (-0.0849659 51.6639895),94,51,9451,51.663968004500006,-0.085253827,0.02000197571832635
256509677,51.6637558,-0.0763809,3,,,POINT (-0.0763809 51.6637558),94,52,9452,51.663968004500006,-0.07700964500000002,0.04936931438620147
615099,51.6640392,-0.0684498,4,,,POINT (-0.0684498 51.6640392),94,53,9453,51.663968004500006,-0.06876546300000003,0.0231662633289821
11600858,51.6639533,-0.0604077,3,,,POINT (-0.0604077 51.6639533),94,54,9454,51.663968004500006,-0.06052128100000003,0.008002628952779527
12427577,51.6648516,-0.0524225,3,,,POINT (-0.0524225 51.6648516),94,55,9455,51.663968004500006,-0.05227709900000004,0.09876180188521151
20828383,51.6642135,-0.0445175,3,,,POINT (-0.0445175 51.6642135),94,56,9456,51.663968004500006,-0.04403291700000005,0.04315336957764761
20828440,51.6634415,-0.0356931,1,,,POINT (-0.0356931 51.6634415),94,57,9457,51.663968004500006,-0.03578873500000001,0.05891504113417564
5766534759,51.6632801,-0.0270736,3,,,POINT (-0.0270736 51.6632801),94,58,9458,51.663968004500006,-0.02754455300000002,0.08310268007980265
26675276,51.6657121,-0.017117,1,,,POINT (-0.017117 51.6657121),94,59,9459,51.663968004500006,-0.01930037100000003,0.2455340587011235
26083059,51.6642382,-0.0123037,1,,,POINT (-0.0123037 51.6642382),94,60,9460,51.663968004500006,-0.011056189000000044,0.09113666375772515
27409400,51.666663,-0.197972,3,,,POINT (-0.197972 51.666663),95,37,9537,51.667899785500005,-0.20067237500000001,0.23150843682070393
1634705459,51.6675444,-0.1960354,1,,,POINT (-0.1960354 51.6675444),95,38,9538,51.667899785500005,-0.19242819300000003,0.25189164668893166
13590370,51.6681159,-0.1732098,3,,,POINT (-0.1732098 51.6681159),95,40,9540,51.667899785500005,-0.175939829,0.18980384839575923
13590375,51.6686,-0.1686847,3,,,POINT (-0.1686847 51.6686),95,41,9541,51.667899785500005,-0.167695647,0.10351225013513887
200120,51.6676635,-0.1577094,3,mini_roundabout,,POINT (-0.1577094 51.6676635),95,42,9542,51.667899785500005,-0.15945146500000001,0.12298144720916747
3021028488,51.667533,-0.1105086,3,,,POINT (-0.1105086 51.667533),95,48,9548,51.667899785500005,-0.10998637300000003,0.05441061714965322
7020546,51.6672968,-0.0914635,1,turning_circle,,POINT (-0.0914635 51.6672968),95,50,9550,51.667899785500005,-0.09349800900000005,0.15550815247842079
2345124,51.6678108,-0.0842596,3,mini_roundabout,,POINT (-0.0842596 51.6678108),95,51,9551,51.667899785500005,-0.085253827,0.0692773571094143
11721388,51.6684091,-0.0762849,3,,,POINT (-0.0762849 51.6684091),95,52,9552,51.667899785500005,-0.07700964500000002,0.07553479961718085
7470215,51.6679552,-0.0678863,3,,,POINT (-0.0678863 51.6679552),95,53,9553,51.667899785500005,-0.06876546300000003,0.06094388145641628
256776013,51.6678709,-0.05995,3,,,POINT (-0.05995 51.6678709),95,54,9554,51.667899785500005,-0.06052128100000003,0.03952920710660601
1128497467,51.6675298,-0.0529898,1,,,POINT (-0.0529898 51.6675298),95,55,9555,51.667899785500005,-0.05227709900000004,0.06409707688527463
257033918,51.6679454,-0.0440603,3,,,POINT (-0.0440603 51.6679454),95,56,9556,51.667899785500005,-0.04403291700000005,0.005412257868406059
8096691,51.6685574,-0.0362203,1,,,POINT (-0.0362203 51.6685574),95,57,9557,51.667899785500005,-0.03578873500000001,0.07894840983686781
8490511037,51.6677121,-0.0269898,2,,,POINT (-0.0269898 51.6677121),95,58,9558,51.667899785500005,-0.02754455300000002,0.043580640832692995
24942239,51.6674441,-0.0191515,1,,,POINT (-0.0191515 51.6674441),95,59,9559,51.667899785500005,-0.01930037100000003,0.0516996220417036
26083149,51.6679619,-0.0120511,3,,,POINT (-0.0120511 51.6679619),95,60,9560,51.667899785500005,-0.011056189000000044,0.06896090178952409
197728,51.6719294,-0.166951,3,,,POINT (-0.166951 51.6719294),96,41,9641,51.6718315665,-0.167695647,0.05248986175383539
197731,51.6715202,-0.16075,3,mini_roundabout,,POINT (-0.16075 51.6715202),96,42,9642,51.6718315665,-0.15945146500000001,0.09600642199193145
257111288,51.6730749,-0.0941401,3,,,POINT (-0.0941401 51.6730749),96,50,9650,51.6718315665,-0.09349800900000005,0.1451696016045127
459290,51.6709435,-0.08347,3,,,POINT (-0.08347 51.6709435),96,51,9651,51.6718315665,-0.085253827,0.15774449731283802
11721453,51.6703469,-0.0789344,1,,,POINT (-0.0789344 51.6703469),96,52,9652,51.6718315665,-0.07700964500000002,0.21182905133990948
24580955,51.6716781,-0.052676,1,,,POINT (-0.052676 51.6716781),96,55,9655,51.6718315665,-0.05227709900000004,0.032371131260821584
24909881,51.6725757,-0.0440992,3,,,POINT (-0.0440992 51.6725757),96,56,9656,51.6718315665,-0.04403291700000005,0.082870019163957
24910278,51.6715045,-0.034975,3,,,POINT (-0.034975 51.6715045),96,57,9657,51.6718315665,-0.03578873500000001,0.0668692804225391
24912519,51.6714891,-0.0275843,3,,,POINT (-0.0275843 51.6714891),96,58,9658,51.6718315665,-0.02754455300000002,0.03817905218876905
5761696375,51.6712737,-0.0193272,3,,,POINT (-0.0193272 51.6712737),96,59,9659,51.6718315665,-0.01930037100000003,0.06205950850813563
26082933,51.671868,-0.0132407,3,,,POINT (-0.0132407 51.671868),96,60,9660,51.6718315665,-0.011056189000000044,0.15069648505637256
256612940,51.67662,-0.1267828,3,,,POINT (-0.1267828 51.67662),97,46,9746,51.6757633475,-0.126474737,0.097595104474906
459295,51.6743124,-0.0993437,1,,,POINT (-0.0993437 51.6743124),97,49,9749,51.6757633475,-0.10174219100000004,0.23104667179565352
7087876,51.674605,-0.059804,3,,,POINT (-0.059804 51.674605),97,54,9754,51.6757633475,-0.06052128100000003,0.13797204835616073
24604871,51.6759833,-0.0530156,1,,,POINT (-0.0530156 51.6759833),97,55,9755,51.6757633475,-0.05227709900000004,0.05649081198025205
257040182,51.6756491,-0.0433584,1,,,POINT (-0.0433584 51.6756491),97,56,9756,51.6757633475,-0.04403291700000005,0.04821389719148616
1117052014,51.6759129,-0.0360108,3,,,POINT (-0.0360108 51.6759129),97,57,9757,51.6757633475,-0.03578873500000001,0.02260528516137832
24910218,51.6760622,-0.0288509,3,,,POINT (-0.0288509 51.6760622),97,58,9758,51.6757633475,-0.02754455300000002,0.09601076400265934
29881774,51.6762557,-0.018105,3,,,POINT (-0.018105 51.6762557),97,59,9759,51.6757633475,-0.01930037100000003,0.09894944762274155
9484041181,51.6808716,-0.1473,3,,,POINT (-0.1473 51.6808716),98,43,9843,51.67969512850001,-0.15120728300000003,0.29947572430026054
9484041194,51.6813281,-0.140604,3,,,POINT (-0.140604 51.6813281),98,44,9844,51.67969512850001,-0.14296310100000004,0.24377408369262432
257111852,51.680831,-0.1011074,3,,,POINT (-0.1011074 51.680831),98,49,9849,51.67969512850001,-0.10174219100000004,0.13367121285880526
257110208,51.679978,-0.0609408,3,,,POINT (-0.0609408 51.679978),98,54,9854,51.67969512850001,-0.06052128100000003,0.04273145398262165
257063097,51.6800447,-0.0517544,3,,,POINT (-0.0517544 51.6800447),98,55,9855,51.67969512850001,-0.05227709900000004,0.05300655579291628
1116198194,51.6796773,-0.045249,1,,,POINT (-0.045249 51.6796773),98,56,9856,51.67969512850001,-0.04403291700000005,0.08386897292543274
24910098,51.6797494,-0.0352865,1,turning_circle,,POINT (-0.0352865 51.6797494),98,57,9857,51.67969512850001,-0.03578873500000001,0.03514959332954918
8578781179,51.6791187,-0.0276518,1,,,POINT (-0.0276518 51.6791187),98,58,9858,51.67969512850001,-0.02754455300000002,0.06452104413943129
25389732,51.6793422,-0.0193581,3,,,POINT (-0.0193581 51.6793422),98,59,9859,51.67969512850001,-0.01930037100000003,0.03944518959297565
2181505199,51.6819196,-0.1441047,3,,,POINT (-0.1441047 51.6819196),99,44,9944,51.683626909500006,-0.14296310100000004,0.2055121268876554
18356405,51.6855928,-0.1136889,3,,,POINT (-0.1136889 51.6855928),99,48,9948,51.683626909500006,-0.10998637300000003,0.33606224795701667
257113422,51.6834396,-0.0989266,3,,,POINT (-0.0989266 51.6834396),99,49,9949,51.683626909500006,-0.10174219100000004,0.19522488003213184
195967,51.6825738,-0.0589929,3,motorway_junction,25,POINT (-0.0589929 51.6825738),99,54,9954,51.683626909500006,-0.06052128100000003,0.1575286625234116
4940971163,51.6832878,-0.0532468,3,,,POINT (-0.0532468 51.6832878),99,55,9955,51.683626909500006,-0.05227709900000004,0.0767535648727729
251740756,51.6821919,-0.0432339,1,turning_circle,,POINT (-0.0432339 51.6821919),99,56,9956,51.683626909500006,-0.04403291700000005,0.16880673235669266
24911992,51.6822305,-0.036761,3,,,POINT (-0.036761 51.6822305),99,57,9957,51.683626909500006,-0.03578873500000001,0.16912406760981283
