Starting node index,Ending node index,Travel cost from the starting node to the ending node
57.0,58.0,0.002881026783978082
57.0,157.0,0.00028503040188761756
58.0,59.0,0.0015137393434800786
59.0,60.0,0.0017822471265233428
60.0,61.0,0.0020772578511094935
60.0,160.0,0.0005181555943949205
61.0,62.0,0.0008923930580189909
61.0,161.0,0.000706463445620178
62.0,63.0,0.0023728391116976544
62.0,162.0,0.001002112813014104
68.0,168.0,0.001439079608638722
70.0,170.0,0.0004234736591563269
155.0,156.0,0.0015938103588578915
155.0,255.0,0.0015332206266492837
156.0,157.0,0.0012300921103724045
160.0,161.0,0.002602058154615608
161.0,162.0,0.0006189173935183672
167.0,168.0,0.002925752980004043
168.0,169.0,0.0018176003961265811
169.0,170.0,0.0013139720849392968
169.0,269.0,0.0014754268060478528
170.0,270.0,0.0012108737341251614
173.0,174.0,0.0008002450249767485
269.0,270.0,0.002637770107495717
269.0,369.0,0.0010300196163155473
270.0,271.0,0.0024150139212849703
270.0,370.0,0.001181537781877488
271.0,272.0,0.0008491462359314423
271.0,371.0,0.0013867217637249618
275.0,375.0,0.0012452150215924319
353.0,354.0,0.0006720522673099837
353.0,453.0,0.0010169679100155869
366.0,466.0,0.001433383891355611
369.0,370.0,0.0015062280969363143
370.0,371.0,0.0025551488802022363
371.0,471.0,0.00015103377105890053
377.0,477.0,0.0005014152969347058
452.0,453.0,0.0020003470023973657
452.0,552.0,0.00045284357122457
460.0,461.0,0.0011478076842398593
460.0,560.0,0.0008104124628857468
461.0,462.0,0.0018440638410858051
461.0,561.0,0.0007873468930522717
462.0,463.0,0.0014540528326027486
465.0,466.0,0.0017039751788108296
465.0,565.0,0.0014234817350436031
466.0,566.0,0.0011328903653926984
468.0,568.0,0.0007780644767609683
471.0,472.0,0.001773645187178389
477.0,478.0,0.0022479938656502474
477.0,577.0,0.00126188931764901
478.0,578.0,0.0010045875024078318
549.0,550.0,0.0011054173872348295
549.0,649.0,0.001009578293149455
550.0,551.0,0.0025193902377359367
550.0,650.0,0.000624576928809694
551.0,552.0,0.0015193509403694382
552.0,652.0,0.001719465434372993
556.0,656.0,0.0014245619572368958
560.0,561.0,0.001416010681456751
560.0,660.0,0.0007564136434524568
561.0,661.0,0.001093489995384659
564.0,565.0,0.0012903108966444716
564.0,664.0,0.0014102468897338881
565.0,566.0,0.0022696112883036695
565.0,665.0,0.0002474776757629822
566.0,567.0,0.0012021790756790863
566.0,666.0,0.001396648158985894
567.0,568.0,0.002259460849405936
567.0,667.0,0.0012638014480089372
568.0,569.0,0.0027812208290603087
569.0,570.0,0.002039528065509399
570.0,670.0,0.00034313743602533967
575.0,576.0,0.0017850872275598742
575.0,675.0,0.0009889631337934948
576.0,577.0,0.001580722145097138
576.0,676.0,0.001043125649190785
577.0,578.0,0.002009837729768051
578.0,579.0,0.001484704206230197
579.0,679.0,0.0006227481192233772
647.0,747.0,0.00027203281052189083
649.0,650.0,0.0018280864995947796
650.0,750.0,0.0018553218723410016
652.0,653.0,0.0020194084703199027
652.0,752.0,0.0013496922501078522
653.0,753.0,0.001310552326309354
660.0,661.0,0.0018876614315079209
660.0,760.0,0.0012913173815887716
661.0,761.0,0.0014500088965208552
664.0,665.0,0.002406529999813028
664.0,764.0,0.0015357112814576102
665.0,666.0,0.002062584058893036
665.0,765.0,0.0010825411447148536
666.0,667.0,0.0014152038475073183
666.0,766.0,0.0005749691122116511
667.0,767.0,0.0006457994270675416
670.0,770.0,0.0014876679333732997
672.0,772.0,0.00028499154373171185
675.0,676.0,0.002115477158940708
676.0,776.0,0.0006922618074127437
679.0,680.0,0.0023500526653671603
679.0,779.0,0.0015928548490088516
746.0,747.0,0.002208045221457581
747.0,847.0,0.001657601429778271
750.0,751.0,0.0012756971505807056
750.0,850.0,0.0007127597772060678
751.0,752.0,0.001514636646195141
751.0,851.0,0.0010171720257691691
752.0,753.0,0.002349399144462177
752.0,852.0,0.001191896648200043
753.0,754.0,0.0025656266076728115
757.0,857.0,0.0011018698153569641
760.0,761.0,0.0019901972816787562
761.0,762.0,0.0010112449802097863
761.0,861.0,0.00034702352946337686
762.0,763.0,0.002123082259357845
762.0,862.0,0.0008839600726304447
763.0,764.0,0.0022969016086893577
764.0,765.0,0.0007429944885393868
764.0,864.0,0.0009267166179598363
765.0,766.0,0.0025977582739738344
766.0,767.0,0.0013706640908698411
766.0,866.0,0.0007662362364158587
767.0,768.0,0.0024421680306648107
767.0,867.0,0.0010177334277701269
768.0,769.0,0.002024642081949069
768.0,868.0,0.0008677513238249517
769.0,770.0,0.002075332563711098
769.0,869.0,0.0008452765937863507
770.0,771.0,0.002144300466352797
770.0,870.0,0.0012958322113612612
771.0,772.0,0.0007206071467890795
771.0,871.0,0.0004750823191842816
774.0,874.0,0.0015786509968947872
776.0,777.0,0.001349448161286092
776.0,876.0,0.0013115145748307236
777.0,778.0,0.002845606749008306
777.0,877.0,0.0003334035992623123
778.0,779.0,0.0015900523922195429
778.0,878.0,0.0013442640997958107
779.0,879.0,0.0005205038424448675
843.0,844.0,0.002048737450236622
843.0,943.0,0.0006990380318683496
844.0,845.0,0.0011603007584232879
847.0,947.0,0.0009994190962753077
849.0,850.0,0.002210250386269086
849.0,949.0,0.0007978347259893787
850.0,851.0,0.002366881959456506
850.0,950.0,0.0009588462494049011
851.0,852.0,0.0012446196607799145
851.0,951.0,0.0013129984958077012
852.0,952.0,0.000749074121833028
856.0,857.0,0.0012739879316540008
857.0,957.0,0.001042137826774584
861.0,862.0,0.0011889207248590998
862.0,962.0,0.0009069463324771929
864.0,964.0,0.0010795569693122652
866.0,867.0,0.0014967329254082606
866.0,966.0,0.0010954534084138367
867.0,868.0,0.0021711794122093
867.0,967.0,0.0009755829283076821
868.0,869.0,0.001688621224549533
868.0,968.0,0.0016391106979086953
869.0,870.0,0.0011269075782868033
869.0,969.0,0.0014957666796686466
870.0,871.0,0.0030286678523733543
871.0,971.0,0.0008774185603222168
873.0,874.0,0.0027828662346579647
873.0,973.0,0.0010158358331888654
876.0,877.0,0.0023163066161454
877.0,878.0,0.0019756028851965965
877.0,977.0,0.0010874762158314983
878.0,879.0,0.0028338988496412173
878.0,978.0,0.0009359223525501268
879.0,979.0,0.0013443373720888009
941.0,942.0,0.0023637964231304014
941.0,1041.0,0.00032644192439333614
942.0,943.0,0.0014477955829465794
947.0,948.0,0.002387246949940314
947.0,1047.0,0.0008732329872420559
948.0,949.0,0.0016032548955168156
948.0,1048.0,0.0006595745598495776
949.0,950.0,0.0022624950143591152
949.0,1049.0,0.0010011841189348145
950.0,951.0,0.0011063463517356036
951.0,952.0,0.0022423491543468966
951.0,1051.0,0.0006709062527650502
952.0,953.0,0.002053856122029821
952.0,1052.0,0.0009679364131997664
953.0,1053.0,0.0006830113103033851
955.0,1055.0,0.001254338008671956
959.0,1059.0,0.0015676139448216856
964.0,965.0,0.00251002349391388
965.0,966.0,0.0020097536615218668
965.0,1065.0,0.0012087911647602515
966.0,967.0,0.0015818805675524184
967.0,968.0,0.0008145943837273601
967.0,1067.0,0.000948977807956716
968.0,969.0,0.0023771298407960946
968.0,1068.0,0.001979862391683784
969.0,1069.0,0.0007177570967905319
971.0,972.0,0.0019302863544038672
971.0,1071.0,0.0013993121167218065
972.0,973.0,0.001984505804980004
973.0,1073.0,0.000963195644715426
975.0,1075.0,0.0011744353238935495
977.0,978.0,0.0020710810534596827
978.0,979.0,0.0014658954567089765
979.0,1079.0,0.0014845487731991647
983.0,984.0,0.0022838503979025165
983.0,1083.0,0.0004818790304600091
984.0,1084.0,0.00016182227905814047
1039.0,1040.0,0.000605107436741072
1039.0,1139.0,0.0014258248595105012
1040.0,1041.0,0.0023613717411707607
1040.0,1140.0,0.0005219894634939013
1044.0,1045.0,0.002394079382559821
1044.0,1144.0,0.0007041091960828932
1045.0,1145.0,0.0016554105231021369
1047.0,1048.0,0.001747631371313226
1048.0,1049.0,0.002116366116720235
1048.0,1148.0,0.0009170560070151079
1049.0,1149.0,0.0014261817906522489
1051.0,1052.0,0.002149720430660513
1051.0,1151.0,0.0008454779121927099
1052.0,1053.0,0.0024130408533626956
1053.0,1054.0,0.0013113421712134653
1054.0,1055.0,0.0019113124757621175
1054.0,1154.0,0.0005924368658355263
1055.0,1155.0,0.0012697439505654233
1058.0,1059.0,0.002455643380053731
1059.0,1060.0,0.0016559034905450827
1060.0,1061.0,0.001818493346151694
1060.0,1160.0,0.0014559710024553063
1063.0,1163.0,0.0007978288663641524
1065.0,1165.0,0.0013406038042636128
1067.0,1068.0,0.001915894115028533
1067.0,1167.0,0.0017087869966736487
1068.0,1069.0,0.00038658662677284615
1068.0,1168.0,0.0011301831709961071
1069.0,1070.0,0.0031311889690661663
1069.0,1169.0,0.001463465612852537
1070.0,1071.0,0.001741751546576173
1070.0,1170.0,0.0012625202929078595
1071.0,1171.0,0.0007924769081813136
1073.0,1074.0,0.0021502409376606716
1073.0,1173.0,0.000940849360951113
1074.0,1075.0,0.0020115371858355265
1074.0,1174.0,0.001401234430776489
1075.0,1076.0,0.002144512424771648
1076.0,1176.0,0.00040848222727664986
1083.0,1084.0,0.0026838327835395593
1083.0,1183.0,0.0013381699630459925
1084.0,1085.0,0.0017791528995572208
1084.0,1184.0,0.0016936501557284222
1085.0,1185.0,0.001200274676895432
1137.0,1138.0,0.002093523866593898
1137.0,1237.0,0.0002696159119971241
1138.0,1139.0,0.0014686771258535754
1139.0,1140.0,0.0018497019705885124
1140.0,1240.0,0.0014518724806267696
1144.0,1145.0,0.0013876891042301162
1144.0,1244.0,0.0008005701530732885
1145.0,1146.0,0.0015118091711581578
1145.0,1245.0,0.0005810335102223215
1146.0,1246.0,0.0009308666177231192
1148.0,1149.0,0.0008218817433171192
1149.0,1150.0,0.002801627814324613
1150.0,1151.0,0.0012278262295621315
1151.0,1251.0,0.0013178602733178203
1154.0,1155.0,0.0018347649222707253
1154.0,1254.0,0.0010679866338108108
1155.0,1156.0,0.0018886392985429591
1155.0,1255.0,0.0003696541085968811
1156.0,1157.0,0.000963305652428124
1156.0,1256.0,0.0005619166931127256
1157.0,1257.0,0.0006326003872877292
1160.0,1260.0,0.00046296514987829383
1162.0,1163.0,0.0014843076129971756
1163.0,1164.0,0.0017867192336792073
1163.0,1263.0,0.000626023521916986
1164.0,1165.0,0.0020082819647648676
1164.0,1264.0,0.001239208473178045
1165.0,1166.0,0.0023693924896477673
1165.0,1265.0,0.0007486586672118595
1166.0,1167.0,0.0011143544319475217
1166.0,1266.0,0.0010136458158549915
1167.0,1168.0,0.0034941751787802766
1167.0,1267.0,0.0012891134201509318
1168.0,1169.0,0.0013488713578399371
1168.0,1268.0,0.000598298403805979
1169.0,1170.0,0.0013454010740295477
1170.0,1171.0,0.002119571157097726
1170.0,1270.0,0.00021547723777374985
1171.0,1271.0,0.0008933518735647937
1173.0,1174.0,0.00046357663875501784
1173.0,1273.0,0.001562516217516754
1176.0,1276.0,0.0012785800405131637
1178.0,1278.0,0.001395832454129649
1180.0,1181.0,0.0025548660728109047
1180.0,1280.0,0.0013800224092418707
1181.0,1182.0,0.0007862122486968481
1181.0,1281.0,0.0012133488575004879
1182.0,1183.0,0.002289870723425114
1183.0,1184.0,0.0025502602239772174
1184.0,1185.0,0.000432459535678366
1184.0,1284.0,0.00060106468869827
1235.0,1236.0,0.0018139407377308207
1235.0,1335.0,0.0012253649415611921
1236.0,1237.0,0.0012887730056135927
1240.0,1241.0,0.0015797621403235733
1241.0,1242.0,0.001797544227550188
1241.0,1341.0,0.0006868435775354245
1242.0,1243.0,0.0021602066961289557
1242.0,1342.0,0.00040826834312955395
1243.0,1244.0,0.0018983368405006335
1244.0,1245.0,0.0023457734076414802
1244.0,1344.0,0.0013122342969196662
1245.0,1246.0,0.0011879416862783606
1245.0,1345.0,0.0017344394627626491
1246.0,1247.0,0.0027771829792072244
1246.0,1346.0,0.0011145932217677935
1247.0,1347.0,0.0007332108905349855
1251.0,1252.0,0.0021649578333078376
1252.0,1253.0,0.0018749472765919877
1252.0,1352.0,0.0009402483182632323
1253.0,1254.0,0.0016262682743013424
1253.0,1353.0,0.0016439289674422424
1254.0,1255.0,0.001892760029692363
1254.0,1354.0,0.0012696624315129614
1255.0,1256.0,0.0018738803723815274
1255.0,1355.0,0.001264018291006879
1256.0,1257.0,0.0013792911295303137
1256.0,1356.0,0.00043463685992490696
1257.0,1357.0,0.0010197740926308385
1259.0,1260.0,0.0029826006269696452
1260.0,1261.0,0.0006056462086070835
1263.0,1264.0,0.001701091452569575
1263.0,1363.0,0.0013042148020966978
1264.0,1265.0,0.0020021458313528957
1264.0,1364.0,0.0007255640150912679
1265.0,1266.0,0.0031626038718120214
1265.0,1365.0,0.0014040089458404927
1266.0,1267.0,0.0011308840126201983
1266.0,1366.0,0.0008338511258043852
1267.0,1268.0,0.0026822503555782784
1267.0,1367.0,0.0008111214767171826
1268.0,1368.0,0.0007080386571385378
1270.0,1271.0,0.0016767031699142882
1271.0,1272.0,0.0022458864018463564
1271.0,1371.0,0.0015426824332905858
1272.0,1273.0,0.002785928852286064
1272.0,1372.0,0.0013983552374120891
1273.0,1373.0,0.0006675167114003141
1276.0,1376.0,0.0010878770197022755
1278.0,1279.0,0.0022159672583325876
1279.0,1280.0,0.001552293335682741
1279.0,1379.0,0.0011436232989929611
1280.0,1281.0,0.001900160248506883
1280.0,1380.0,0.0010166034084141034
1281.0,1381.0,0.001344634857502369
1286.0,1287.0,0.0019400698647222786
1286.0,1386.0,0.0010715466625452297
1287.0,1387.0,0.0009117432588164137
1334.0,1335.0,0.0007899320793595423
1338.0,1339.0,0.001825536723815925
1339.0,1439.0,0.0009396496421591016
1341.0,1342.0,0.0018100582007217778
1342.0,1442.0,0.0014923146752592268
1344.0,1345.0,0.0006116083714243831
1344.0,1444.0,0.0012522161035501023
1345.0,1346.0,0.0027615627550353844
1346.0,1347.0,0.0021356812215315925
1346.0,1446.0,0.0008104316874358641
1347.0,1348.0,0.0007831589366160687
1347.0,1447.0,0.0015568132836014936
1348.0,1349.0,0.0033592186130112322
1352.0,1353.0,0.00037596704642854834
1352.0,1452.0,0.0002563465817987347
1353.0,1354.0,0.002537760339354334
1353.0,1453.0,0.00015811419923391205
1354.0,1355.0,0.002412976274230316
1354.0,1454.0,0.0006374225678432505
1355.0,1356.0,0.0019117720392344455
1355.0,1455.0,0.0011318997835482322
1356.0,1357.0,0.0017328782588504588
1357.0,1358.0,0.001208955466507813
1357.0,1457.0,0.0008010558345099771
1362.0,1363.0,0.001498732050767264
1363.0,1364.0,0.0016459952430068687
1363.0,1463.0,0.0011749216527051408
1364.0,1365.0,0.001965675774383841
1365.0,1366.0,0.0022922902455836136
1365.0,1465.0,0.0008164340328534604
1366.0,1367.0,0.0012971583172457053
1366.0,1466.0,0.0009608531469473139
1367.0,1368.0,0.0026614641722177606
1368.0,1369.0,0.0021944545951101844
1368.0,1468.0,0.0009355483151582682
1369.0,1469.0,0.0015349334904134677
1371.0,1372.0,0.002132887847497321
1372.0,1373.0,0.0015960400245609123
1373.0,1374.0,0.002388698160086004
1373.0,1473.0,0.0007200836687466911
1374.0,1375.0,0.0006251555486436792
1374.0,1474.0,0.0016178522954832701
1375.0,1376.0,0.0025089886588026155
1375.0,1475.0,0.0014851845710182525
1376.0,1377.0,0.0026266543624926704
1376.0,1476.0,0.0010953138454360036
1377.0,1477.0,0.0013741421906084891
1379.0,1380.0,0.00237055822961636
1379.0,1479.0,0.0008897388437085757
1380.0,1381.0,0.0014407364297471224
1380.0,1480.0,0.0012324999350883158
1381.0,1382.0,0.0022068898590553287
1381.0,1481.0,0.001051347754076368
1382.0,1383.0,0.002338080999452751
1382.0,1482.0,0.0011918852042049914
1383.0,1483.0,0.0009311767286634784
1385.0,1386.0,0.001031110629370617
1385.0,1485.0,0.001318693432913163
1386.0,1387.0,0.0026327339896007143
1386.0,1486.0,0.0007630033092958936
1387.0,1388.0,0.0012810267951918236
1387.0,1487.0,0.0011229319881436207
1388.0,1488.0,0.0006901225688243552
1423.0,1424.0,0.001227562935250475
1436.0,1437.0,0.0008601185499674927
1436.0,1536.0,0.0009966620941938666
1437.0,1537.0,0.0010722660910399413
1439.0,1440.0,0.0018999138612052038
1440.0,1540.0,0.0010554910942268767
1442.0,1542.0,0.0010678153866668237
1444.0,1544.0,0.0006050826803028116
1446.0,1447.0,0.001061825616565061
1447.0,1547.0,0.0011399839691861393
1450.0,1451.0,0.0018934997121736608
1450.0,1550.0,0.0009115014646160709
1451.0,1452.0,0.0028966922946699297
1452.0,1453.0,0.00019999932499876428
1452.0,1552.0,0.0010758360562877166
1453.0,1454.0,0.0027106208237229804
1453.0,1553.0,0.0010499792236061782
1454.0,1455.0,0.0015471792947166821
1454.0,1554.0,0.0005797366729828429
1455.0,1555.0,0.0011135681927929148
1460.0,1461.0,0.0012878157166295464
1460.0,1560.0,0.0004729089552930612
1461.0,1561.0,0.0004939141018458639
1463.0,1563.0,0.00016805630008994725
1465.0,1466.0,0.0017823778751991646
1465.0,1565.0,0.0007494824080667203
1468.0,1469.0,0.0015218302796304668
1469.0,1569.0,0.000699225857648807
1473.0,1474.0,0.0015034249233005891
1473.0,1573.0,0.0008830460576904998
1474.0,1475.0,0.0026751629333550578
1474.0,1574.0,0.0017067800151159699
1475.0,1476.0,0.0009565358330953384
1475.0,1575.0,0.0011428465863826246
1476.0,1477.0,0.0025830209368102354
1476.0,1576.0,0.0017147503170999079
1477.0,1577.0,0.0014287716857488996
1479.0,1480.0,0.001084776705132761
1479.0,1579.0,0.0010252395086027333
1480.0,1481.0,0.002231349647635076
1480.0,1580.0,0.001179375597509829
1481.0,1482.0,0.0015088075854800165
1481.0,1581.0,0.0008273935581091105
1482.0,1483.0,0.002429356474459645
1482.0,1582.0,0.0014957199269947914
1483.0,1583.0,0.0012036863711087466
1485.0,1486.0,0.0020311642597290965
1486.0,1487.0,0.0017120722473072789
1486.0,1586.0,0.000996383911949784
1487.0,1488.0,0.0027852256102509415
1534.0,1535.0,0.0009636678940377141
1534.0,1634.0,0.0012701764680587795
1535.0,1536.0,0.0021913302010422154
1536.0,1537.0,0.0017471116850391287
1536.0,1636.0,0.00039103637938560885
1537.0,1538.0,0.001888212917018924
1540.0,1640.0,0.000562748576189387
1542.0,1543.0,0.0020058171726257084
1543.0,1544.0,0.0027844787124343497
1544.0,1644.0,0.0014022392449207638
1547.0,1548.0,0.001314267191251077
1547.0,1647.0,0.0012982378249004726
1548.0,1549.0,0.0020491956983169804
1548.0,1648.0,0.0006623176050802034
1549.0,1550.0,0.0020176159099293215
1549.0,1649.0,0.0009753142519243917
1552.0,1553.0,0.0013277067221341477
1552.0,1652.0,0.0013196136404276585
1553.0,1554.0,0.002364973025216148
1553.0,1653.0,0.001703354396477672
1554.0,1555.0,0.002122929735059466
1554.0,1654.0,0.0007893992272632656
1555.0,1556.0,0.0010964972047390197
1555.0,1655.0,0.0016196181926622435
1556.0,1656.0,0.0013931122747320266
1560.0,1561.0,0.0016725635473730945
1560.0,1660.0,0.0014799751687125495
1563.0,1663.0,0.0016672142573801536
1569.0,1570.0,0.0024605164193712515
1570.0,1670.0,0.0006594931766137924
1573.0,1574.0,0.00320500476442752
1574.0,1575.0,0.00044811161555986275
1574.0,1674.0,0.001295293931892334
1575.0,1576.0,0.0025768658424527866
1575.0,1675.0,0.0005815605385480184
1576.0,1577.0,0.0026902872709060363
1576.0,1676.0,0.0002696743406394621
1579.0,1580.0,0.001377973530224252
1579.0,1679.0,0.0010996851594885957
1580.0,1581.0,0.002632517215517263
1580.0,1680.0,0.0007089871649052709
1581.0,1582.0,0.001458825366519222
1581.0,1681.0,0.0016943466056234947
1582.0,1583.0,0.001076053205007223
1592.0,1593.0,0.0024282806777630368
1592.0,1692.0,0.0009097466240679697
1634.0,1734.0,0.0008300737617795527
1636.0,1736.0,0.0013031927140629946
1639.0,1640.0,0.0012308481791022553
1640.0,1641.0,0.0017936770751724312
1640.0,1740.0,0.0008551681296670504
1641.0,1741.0,0.001368746674877596
1644.0,1645.0,0.0020385880015338365
1645.0,1646.0,0.0010265977303682856
1645.0,1745.0,0.0011970691416934719
1646.0,1647.0,0.0024214058003558946
1646.0,1746.0,0.0005844850810761814
1647.0,1648.0,0.001843560297359921
1647.0,1747.0,0.0016794492698515337
1648.0,1649.0,0.0024564508319936604
1648.0,1748.0,0.0014533494830948073
1649.0,1749.0,0.0013542681602978837
1651.0,1652.0,0.002440575884908937
1651.0,1751.0,0.000928840271521206
1652.0,1653.0,0.0029243089200698667
1653.0,1654.0,0.001134567763511299
1653.0,1753.0,0.0018783130436637577
1654.0,1655.0,0.001307667453904103
1654.0,1754.0,0.0012205883253557487
1655.0,1656.0,0.002715560336284436
1655.0,1755.0,0.000585640794340755
1656.0,1657.0,0.0011047910390657321
1656.0,1756.0,0.0005200637845441227
1657.0,1658.0,0.0017999978722211343
1658.0,1758.0,0.0005220759044421454
1662.0,1663.0,0.0011499031698361812
1662.0,1762.0,0.0018014397714063762
1663.0,1664.0,0.0014967553173461563
1663.0,1763.0,0.0011358165036661674
1664.0,1764.0,0.0011033264294837792
1666.0,1667.0,0.0018375004462573572
1666.0,1766.0,0.0007449449979678421
1667.0,1668.0,0.002581883382338399
1667.0,1767.0,0.0005820115892356143
1668.0,1768.0,0.001367834511186558
1670.0,1671.0,0.0026308482776473824
1674.0,1675.0,0.0019134631979741542
1674.0,1774.0,0.001083640387769528
1675.0,1676.0,0.0024099359742533943
1675.0,1775.0,0.0014252475223610302
1679.0,1680.0,0.0013733932430295705
1679.0,1779.0,0.0010641278729584813
1680.0,1681.0,0.001794055230476473
1680.0,1780.0,0.0014642763434557667
1681.0,1781.0,0.0011763253716590989
1684.0,1784.0,0.0007599626635528059
1691.0,1692.0,0.0012946662774635125
1691.0,1791.0,0.0017274035313135602
1729.0,1829.0,0.0015180495018262353
1734.0,1735.0,0.0015712376904845255
1734.0,1834.0,0.00031590974977169006
1735.0,1736.0,0.003189708000742302
1735.0,1835.0,0.0015898007736840842
1736.0,1737.0,0.0005372993392864402
1736.0,1836.0,0.0007843849310158862
1737.0,1837.0,0.000783095581650023
1740.0,1741.0,0.002021994149348435
1740.0,1840.0,0.0013077280757079772
1741.0,1742.0,0.0015728730908753706
1741.0,1841.0,0.0005525168051792112
1742.0,1842.0,0.0008839711590318209
1745.0,1746.0,0.0019876255683601443
1745.0,1845.0,0.001593521047868046
1746.0,1747.0,0.00288977503795771
1746.0,1846.0,0.0011382666559268109
1747.0,1748.0,0.00035377111244405343
1748.0,1749.0,0.0023604441319378263
1748.0,1848.0,0.0008160120648595076
1749.0,1750.0,0.001621465269439542
1749.0,1849.0,0.0006153498598338584
1750.0,1751.0,0.0025415137398804156
1750.0,1850.0,0.0007560402237936322
1751.0,1851.0,0.0007325837358289349
1753.0,1754.0,0.002401800990923238
1753.0,1853.0,0.0013960560339780711
1754.0,1755.0,0.0018864255749965672
1754.0,1854.0,0.000773271452984034
1755.0,1756.0,0.002280327682592891
1756.0,1856.0,0.001483171116227153
1758.0,1858.0,0.0014292862309564407
1762.0,1763.0,0.0017480208980437274
1762.0,1862.0,0.0005951714794935432
1763.0,1764.0,0.0022401267196291534
1763.0,1863.0,0.001998859099584275
1766.0,1767.0,0.00191026470678848
1766.0,1866.0,0.0010288997667411003
1767.0,1768.0,0.0017073430645302967
1767.0,1867.0,0.0008443675088501257
1768.0,1868.0,0.0010645130764844247
1772.0,1773.0,0.00223988254156279
1772.0,1872.0,0.00040395392064147503
1773.0,1774.0,0.002248533646624111
1773.0,1873.0,0.0017098036612413566
1774.0,1775.0,0.0009973239894831012
1774.0,1874.0,0.0006975679823484117
1775.0,1875.0,0.0007054055925517773
1777.0,1877.0,0.0016200224504628262
1779.0,1780.0,0.0022948068328288913
1779.0,1879.0,0.001175255142507894
1780.0,1781.0,0.001330354013035914
1780.0,1880.0,0.0010927132103165972
1781.0,1881.0,0.0005180027895681065
1827.0,1828.0,0.003039818654130111
1827.0,1927.0,0.0016687664096576142
1828.0,1829.0,0.0009400243879815844
1828.0,1928.0,0.0006290857493262618
1834.0,1835.0,0.00150869380922735
1834.0,1934.0,0.0014915119610649098
1835.0,1836.0,0.002914093823129188
1835.0,1935.0,0.0012215645418894386
1836.0,1837.0,0.0006328195398365404
1836.0,1936.0,0.0010057576646522722
1837.0,1937.0,0.0012628268804513948
1840.0,1841.0,0.0022847557856358566
1841.0,1842.0,0.002184630744542054
1841.0,1941.0,0.001324251411175682
1842.0,1843.0,0.001959758036085278
1842.0,1942.0,0.0008647032843686004
1843.0,1844.0,0.0013356150081512443
1844.0,1845.0,0.003097678879419255
1844.0,1944.0,0.0012555831832267708
1845.0,1846.0,0.0006106737672439387
1845.0,1945.0,0.0007395713420636771
1846.0,1946.0,0.0009197490146809173
1848.0,1849.0,0.002299927172759919
1848.0,1948.0,0.0013445939238300815
1849.0,1850.0,0.0018062841000243484
1849.0,1949.0,0.0007027084815207926
1850.0,1851.0,0.0019504016253066112
1850.0,1950.0,0.0011355270186167896
1851.0,1852.0,0.001510359857782561
1851.0,1951.0,0.0013715539982067748
1852.0,1853.0,0.0020914942624835537
1852.0,1952.0,0.0011868805542269497
1853.0,1854.0,0.0025989248719431035
1853.0,1953.0,0.0011152390640563965
1856.0,1857.0,0.0008795274015056293
1857.0,1858.0,0.002889414406069569
1857.0,1957.0,0.0015015159306479774
1858.0,1859.0,0.001639111298844771
1859.0,1860.0,0.001598149711384723
1860.0,1960.0,0.0011299552424760332
1862.0,1863.0,0.003331832866456768
1863.0,1963.0,0.0014283786087754492
1865.0,1866.0,0.002874279186161678
1865.0,1965.0,0.0017277595029393932
1866.0,1867.0,0.001653816788523148
1866.0,1966.0,0.0005796313742385984
1867.0,1868.0,0.002315823870677752
1867.0,1967.0,0.0011003409289844334
1868.0,1869.0,0.0015765345920719185
1868.0,1968.0,0.0010320858200729753
1869.0,1870.0,0.0016890758479122954
1869.0,1969.0,0.0008588082032665041
1872.0,1873.0,0.0016728574027685317
1872.0,1972.0,0.0014400312843819993
1873.0,1874.0,0.003019667672112539
1874.0,1875.0,0.001494408304313117
1874.0,1974.0,0.000861253208994247
1875.0,1975.0,0.0011765942461209695
1877.0,1878.0,0.0028418598311668306
1878.0,1879.0,0.0009859401300259824
1878.0,1978.0,0.0016534997580896168
1879.0,1880.0,0.002466986609205805
1880.0,1881.0,0.0017211117250193317
1880.0,1980.0,0.0011617970433734288
1883.0,1983.0,0.0009131931887594166
1893.0,1993.0,0.0003690971823262709
1927.0,1928.0,0.0015902282729213923
1927.0,2027.0,0.001199396152236733
1932.0,1933.0,0.0006679072091245798
1932.0,2032.0,0.0010206910257264717
1933.0,1934.0,0.0033388955314595206
1933.0,2033.0,0.0015741220695986943
1934.0,1935.0,0.0019508383761860334
1935.0,1936.0,0.001785241860364728
1935.0,2035.0,0.0009568331515976713
1936.0,1937.0,0.0016370511598607289
1936.0,2036.0,0.0007051774599322036
1937.0,2037.0,0.001270444666252394
1941.0,1942.0,0.002558131325792898
1941.0,2041.0,0.0007214230658882205
1944.0,1945.0,0.0014161868591390338
1945.0,1946.0,0.0016841013300868766
1946.0,1947.0,0.0017822079620509476
1946.0,2046.0,0.00115589536723374
1947.0,1948.0,0.0029251662192082014
1947.0,2047.0,0.0009548295031071404
1948.0,1949.0,0.001456049192163228
1948.0,2048.0,0.0019958708500315363
1949.0,1950.0,0.002164298142586151
1949.0,2049.0,0.0013329895911054525
1950.0,1951.0,0.0022013747386575217
1950.0,2050.0,0.001628597203117321
1951.0,1952.0,0.0002064969733435127
1951.0,2051.0,0.0017597785684565531
1952.0,1953.0,0.0030420503365327046
1952.0,2052.0,0.0011865211333964487
1953.0,2053.0,0.0008333238146108478
1957.0,2057.0,0.0003821791333922352
1960.0,2060.0,4.1891407234174106e-05
1965.0,1966.0,0.0017238305978258348
1965.0,2065.0,0.00012289442623406152
1966.0,1967.0,0.001811713465204311
1966.0,2066.0,0.001268029479149127
1967.0,1968.0,0.0018831706507907832
1967.0,2067.0,0.0006753898799936516
1968.0,1969.0,0.002332318796819952
1968.0,2068.0,0.0005575607590181121
1971.0,1972.0,0.0028442426707294133
1971.0,2071.0,0.0006784199436918722
1972.0,2072.0,0.0015343862127896561
1974.0,1975.0,0.0013594587342023782
1975.0,1976.0,0.0012119077728940254
1975.0,2075.0,0.0005450608865073098
1982.0,1983.0,0.0010161188168721824
1982.0,2082.0,0.000875124042636495
1983.0,1984.0,0.0034283902184550166
1993.0,2093.0,0.0015781891458239586
2026.0,2027.0,0.0009526393703796256
2026.0,2126.0,0.0007556137240690622
2031.0,2032.0,0.0010769290413016066
2031.0,2131.0,0.001258528553511998
2032.0,2033.0,0.0025403281441578364
2032.0,2132.0,0.0017310311984498105
2033.0,2133.0,0.0006888957613436974
2035.0,2036.0,0.002413107368104153
2035.0,2135.0,0.0006604279597371287
2036.0,2037.0,0.0017657825460683887
2036.0,2136.0,0.0012025548345056256
2037.0,2038.0,0.0009022430991711145
2037.0,2137.0,0.0008986647038805153
2038.0,2138.0,0.0011366348930080788
2041.0,2141.0,0.0014157835604407028
2043.0,2143.0,0.0009346890926907602
2046.0,2047.0,0.0021339222900561734
2046.0,2146.0,0.001183016458041347
2047.0,2048.0,0.0006430205750986374
2047.0,2147.0,0.0013493293185879486
2048.0,2049.0,0.0020556945419984334
2048.0,2148.0,0.0014619000547227586
2049.0,2050.0,0.0018913462216114364
2050.0,2051.0,0.0017611636664444208
2050.0,2150.0,0.0006306648000314558
2051.0,2052.0,0.002595628180228673
2051.0,2151.0,0.0013862044906853615
2052.0,2053.0,0.0020580739466794337
2052.0,2152.0,0.0007972329270696314
2053.0,2153.0,0.0009199411394209598
2055.0,2056.0,0.0018407175666011323
2055.0,2155.0,0.0012230232131860135
2056.0,2057.0,0.0025335639916924473
2056.0,2156.0,0.0006489175987802852
2057.0,2058.0,0.0022183619835370464
2058.0,2158.0,0.0013624468907068475
2062.0,2162.0,0.0009573123889310515
2065.0,2066.0,0.0014880156349977374
2065.0,2165.0,0.001718818550633895
2066.0,2067.0,0.0013996008323804295
2066.0,2166.0,0.0012811552794263284
2067.0,2068.0,0.0026115954300006496
2067.0,2167.0,0.0006605585666721516
2068.0,2168.0,0.0013954443199239498
2070.0,2071.0,0.0019263969191219762
2071.0,2072.0,0.001996964145897441
2072.0,2073.0,0.0015298591373058528
2072.0,2172.0,0.0011670347081385206
2081.0,2082.0,0.0007576511070408566
2085.0,2185.0,0.0013765655995994753
2090.0,2190.0,0.0009433743530548687
2092.0,2093.0,0.0016293265173073666
2093.0,2094.0,0.00214554494010265
2093.0,2193.0,0.0009146805890591181
2094.0,2095.0,0.0012291192944550477
2118.0,2218.0,0.0013397770859336097
2120.0,2121.0,0.0018644146346776475
2121.0,2221.0,0.0008313821744522096
2130.0,2131.0,0.001798647705916881
2131.0,2132.0,0.00246307790579213
2131.0,2231.0,0.0008282946818606207
2132.0,2133.0,0.0016442661889125958
2133.0,2233.0,0.0011745275177719654
2135.0,2136.0,0.0013815285628598656
2135.0,2235.0,0.0020430508486081866
2136.0,2137.0,0.0013886081160629268
2136.0,2236.0,0.0006462767518645457
2137.0,2138.0,0.0019472251076847033
2138.0,2238.0,0.0013414385002668721
2141.0,2142.0,0.0013611240685554062
2141.0,2241.0,0.0005655981789190467
2142.0,2143.0,0.0020333329904370836
2142.0,2242.0,0.0015500510088385087
2145.0,2146.0,0.003240067525530357
2145.0,2245.0,0.0015131385164647423
2146.0,2147.0,0.0007373891848921093
2146.0,2246.0,0.000702419938498177
2147.0,2148.0,0.002803754614797651
2147.0,2247.0,0.0013657165884614698
2148.0,2248.0,0.0014731582569420397
2150.0,2151.0,0.002573387856503986
2151.0,2152.0,0.0019500055487104043
2151.0,2251.0,0.001101590236888329
2152.0,2153.0,0.0016193643475131381
2152.0,2252.0,0.0013101237536975576
2153.0,2154.0,0.0013657830903896781
2154.0,2155.0,0.003144926296433288
2154.0,2254.0,0.0013452428256637112
2155.0,2156.0,0.0011020428349213195
2155.0,2255.0,0.0008207982943444767
2156.0,2256.0,0.0007063272895735895
2162.0,2163.0,0.001496333281726127
2162.0,2262.0,0.0008132042609325825
2163.0,2164.0,0.002678423836886116
2163.0,2263.0,0.0010608544857829783
2164.0,2165.0,0.002056520439966502
2164.0,2264.0,0.0011748408615638063
2165.0,2166.0,0.002345756443026594
2165.0,2265.0,0.00027600733685764534
2166.0,2167.0,0.0008719513403804486
2166.0,2266.0,0.0002621471533315567
2167.0,2168.0,0.0018851472091058396
2167.0,2267.0,0.00162949675973828
2168.0,2169.0,0.002127713761294333
2168.0,2268.0,0.0014769866959466536
2169.0,2269.0,0.001240847730384084
2177.0,2277.0,0.0008915270719423643
2184.0,2185.0,0.001699391402826585
2184.0,2284.0,0.0012825316097481803
2189.0,2190.0,0.0009344136343167651
2189.0,2289.0,0.0010509397318630809
2190.0,2191.0,0.0030642510357346015
2190.0,2290.0,0.0012447261064220036
2193.0,2293.0,0.0009720636656080685
2196.0,2197.0,0.0014970385599575406
2215.0,2216.0,0.0032732030994118075
2215.0,2315.0,0.0009254400574822315
2216.0,2217.0,0.0014825428155720009
2216.0,2316.0,0.0015041663771009739
2217.0,2218.0,0.0007335218333490383
2217.0,2317.0,0.0013224798675211004
2218.0,2318.0,0.0010353449328645147
2221.0,2222.0,0.0022347018525971495
2221.0,2321.0,0.001278454915121904
2222.0,2223.0,0.0025182383862534844
2223.0,2224.0,0.000700496402559432
2223.0,2323.0,0.0012622053398728677
2224.0,2225.0,0.001747784025559822
2228.0,2328.0,0.0011903970472063442
2233.0,2234.0,0.002707490147719587
2233.0,2333.0,0.0009606840271390656
2234.0,2235.0,0.0012457271972634717
2234.0,2334.0,0.00123831387377853
2235.0,2236.0,0.003383897362510338
2235.0,2335.0,0.0010351664262315576
2238.0,2239.0,0.0009635112090684421
2238.0,2338.0,0.0010339846227093532
2239.0,2240.0,0.002098003253095629
2239.0,2339.0,0.0004600561922223478
2240.0,2241.0,0.0027502274087789547
2241.0,2242.0,0.0022609016121892664
2242.0,2342.0,0.0016089876195908197
2245.0,2246.0,0.003151868361782323
2246.0,2247.0,0.002398263592685098
2247.0,2248.0,0.0005208162919861557
2248.0,2249.0,0.0025363612932701213
2248.0,2348.0,0.0011872442461421588
2249.0,2349.0,0.0014035776608357572
2251.0,2252.0,0.0018184917761706664
2251.0,2351.0,0.0012004733441436332
2252.0,2352.0,0.0008319337052882338
2254.0,2255.0,0.0018695083444590583
2255.0,2256.0,0.0012550613251952015
2262.0,2263.0,0.001421150913872245
2263.0,2264.0,0.001836512891323669
2263.0,2363.0,0.0010571160059331883
2264.0,2265.0,0.0026039909254840666
2264.0,2364.0,0.0006339118629602849
2265.0,2266.0,0.002424556571828915
2265.0,2365.0,0.0015666902086883061
2266.0,2267.0,0.0011856476120701348
2266.0,2366.0,0.0011811077046599006
2267.0,2268.0,0.0019410160766979456
2267.0,2367.0,0.0010537402573658962
2268.0,2269.0,0.0024275614842884916
2269.0,2369.0,0.0009141656140947834
2275.0,2276.0,0.002688446131131916
2275.0,2375.0,0.0005600678976700914
2276.0,2277.0,0.0019128908724742998
2276.0,2376.0,0.0009233878762472429
2283.0,2284.0,0.001992174814116461
2283.0,2383.0,0.0010705221389599963
2284.0,2384.0,0.0010409277112233962
2287.0,2387.0,0.0010108976209258404
2289.0,2290.0,0.0008294289601880465
2290.0,2390.0,0.001425136239101372
2293.0,2294.0,0.001654506089441789
2293.0,2393.0,0.0014466423746062238
2294.0,2295.0,0.002798733115178932
2294.0,2394.0,0.0009975461493109932
2295.0,2395.0,0.001425282122945046
2314.0,2315.0,0.0014783756559144379
2314.0,2414.0,0.0010959124235063503
2315.0,2316.0,0.0015586482925928982
2315.0,2415.0,0.0009406027960850251
2316.0,2317.0,0.0026633173017874333
2317.0,2318.0,0.0009551025337628446
2317.0,2417.0,0.0011006103624812975
2318.0,2319.0,0.002830417589331979
2318.0,2418.0,0.000976166020713879
2319.0,2419.0,0.0008912473786770783
2323.0,2423.0,0.0015020631844200898
2327.0,2328.0,0.0022385291175234853
2327.0,2427.0,0.0007160001745860436
2328.0,2329.0,0.000905067494719547
2332.0,2333.0,0.0011651938980275936
2333.0,2334.0,0.0021562826461295
2333.0,2433.0,0.0015803244350460798
2334.0,2335.0,0.0018666335071458756
2334.0,2434.0,0.0013022195897770495
2335.0,2435.0,0.0012473169003902828
2337.0,2338.0,0.0019005996527406137
2337.0,2437.0,0.0008576249588194382
2338.0,2339.0,0.0018167720302773775
2338.0,2438.0,0.000522326114609062
2342.0,2442.0,0.0005354497642151257
2344.0,2444.0,0.0008933626643197046
2348.0,2349.0,0.001458761536374536
2349.0,2350.0,0.002056579670229088
2349.0,2449.0,0.0006487371193331939
2350.0,2351.0,0.0013085056858873694
2350.0,2450.0,0.0011649896995236586
2351.0,2352.0,0.0019288644586909279
2351.0,2451.0,0.0011355615086773505
2352.0,2353.0,0.002221290735135752
2352.0,2452.0,0.00062212237541912
2358.0,2458.0,0.0016484822231333273
2363.0,2364.0,0.0017745843738748556
2364.0,2365.0,0.001252509033899101
2365.0,2366.0,0.0028052543717099524
2365.0,2465.0,0.001193088517256093
2366.0,2367.0,0.0012064502807816687
2366.0,2466.0,0.0012681053978247938
2367.0,2467.0,0.0017433471398427243
2369.0,2370.0,0.0021149571059476467
2370.0,2470.0,0.0010076606224317664
2375.0,2376.0,0.0017400854978985628
2376.0,2476.0,0.0006156977261611091
2383.0,2384.0,0.0017365394668713832
2387.0,2388.0,0.0020292231838807506
2387.0,2487.0,0.0011430360318021415
2388.0,2488.0,0.0012673635824023818
2390.0,2391.0,0.0013813194597923823
2390.0,2490.0,0.0007008800824639653
2393.0,2394.0,0.00167140046667411
2393.0,2493.0,0.0006227505600142248
2394.0,2395.0,0.0022568432909695264
2395.0,2396.0,0.0012302546077930983
2395.0,2495.0,0.0007567550330237883
2396.0,2397.0,0.003150859351034033
2396.0,2496.0,0.0009011753935814333
2397.0,2398.0,0.0005921226393243807
2398.0,2498.0,0.0010784173589115191
2414.0,2415.0,0.0020853203111270606
2414.0,2514.0,0.001356958960320916
2415.0,2515.0,0.0014912442120576946
2417.0,2418.0,0.0019747258341349795
2417.0,2517.0,0.0005892065512245695
2418.0,2419.0,0.0013844020803219406
2419.0,2519.0,0.0014228994623679942
2423.0,2523.0,0.0009009643555680314
2425.0,2426.0,0.002832360489061959
2425.0,2525.0,0.0010342375984256085
2426.0,2427.0,0.0012017315923278935
2430.0,2530.0,0.0015515862657298827
2433.0,2434.0,0.0025323376019010272
2434.0,2435.0,0.0010094361693530108
2434.0,2534.0,0.0006621309915751446
2435.0,2436.0,0.0030475229712008957
2435.0,2535.0,0.002277907127168345
2436.0,2437.0,0.0013994842621480302
2437.0,2438.0,0.002378071474955661
2437.0,2537.0,0.0007817991110302328
2438.0,2538.0,0.0013485098627734184
2440.0,2441.0,0.0023597705524048204
2441.0,2442.0,0.0007856978554120315
2441.0,2541.0,0.0017180709764165272
2442.0,2542.0,0.001688719520819566
2444.0,2445.0,0.0021450107808585433
2444.0,2544.0,0.0006178981307630148
2449.0,2450.0,0.0006883013075660896
2449.0,2549.0,0.0008877058352829726
2450.0,2451.0,0.0026451642236355
2450.0,2550.0,0.0011875946193881642
2451.0,2452.0,0.0019393934541498572
2455.0,2555.0,0.000862663804734428
2465.0,2466.0,0.0021211951819665583
2465.0,2565.0,0.0011681150029008588
2466.0,2467.0,0.0024324029867600363
2466.0,2566.0,0.0009157643637993358
2467.0,2468.0,0.0009532181334806111
2467.0,2567.0,0.0008605708628576604
2468.0,2568.0,0.0012655182693238189
2476.0,2477.0,0.0011277599788962155
2476.0,2576.0,0.0016566854167274407
2477.0,2577.0,0.0008141605247120391
2479.0,2480.0,0.0007429659009681663
2486.0,2487.0,0.0031885909270398397
2486.0,2586.0,0.0015315259220790379
2487.0,2488.0,0.00043517547035888324
2488.0,2489.0,0.0019118622570678035
2489.0,2490.0,0.003045486150025803
2489.0,2589.0,0.0019502116321058762
2490.0,2590.0,0.0008587870632490077
2492.0,2493.0,0.001392681216217024
2493.0,2593.0,0.0010354285731041068
2495.0,2496.0,0.0014919404311171196
2495.0,2595.0,0.001113987401184928
2496.0,2596.0,0.0009866142914046238
2513.0,2514.0,0.0018116040406226288
2513.0,2613.0,0.000429694135401222
2514.0,2515.0,0.0008012662229249471
2514.0,2614.0,0.0007338138864895144
2515.0,2516.0,0.0025554749538977367
2515.0,2615.0,0.0006152518590017928
2516.0,2517.0,0.002001251308556884
2516.0,2616.0,0.0004308058611469793
2519.0,2520.0,0.0025295914077178953
2520.0,2620.0,0.0007726058827105956
2523.0,2623.0,0.0002098331718277828
2528.0,2529.0,0.002225590950735464
2528.0,2628.0,0.0019023692202089165
2529.0,2530.0,0.0033161528206638227
2529.0,2629.0,0.0009184361981142747
2530.0,2630.0,0.0017670419717688399
2532.0,2632.0,0.00084368540345326
2534.0,2535.0,0.002624886422304767
2535.0,2635.0,0.0006703219301186264
2537.0,2538.0,0.0015791476308434807
2537.0,2637.0,0.0011632776151856048
2538.0,2539.0,0.002456431177541998
2538.0,2638.0,0.0008254380897442373
2539.0,2639.0,0.0012261793996023228
2541.0,2542.0,0.0030275172171269882
2541.0,2641.0,0.0012003987754088188
2542.0,2543.0,0.0023892469964391875
2542.0,2642.0,0.000668475317423174
2543.0,2544.0,0.0014044003560240723
2543.0,2643.0,0.001339425197611689
2544.0,2644.0,0.0014010681389529005
2548.0,2549.0,0.0020304674363309867
2549.0,2550.0,0.002190300673423225
2550.0,2650.0,0.0007717844906487713
2555.0,2655.0,0.0009526918337042769
2559.0,2659.0,0.001809962878068852
2562.0,2563.0,0.0008391464711241981
2562.0,2662.0,0.0006007568892630054
2563.0,2564.0,0.002921423195978464
2564.0,2565.0,0.0017833509721871894
2564.0,2664.0,0.0013746907506753043
2565.0,2566.0,0.0011724773814453995
2565.0,2665.0,0.0006362508389002432
2566.0,2567.0,0.0022318977149503377
2566.0,2666.0,0.0015048194742221573
2567.0,2568.0,0.0016234467191760425
2567.0,2667.0,0.0014537800693390666
2568.0,2569.0,0.0023865519311338564
2568.0,2668.0,0.0008666003577206744
2569.0,2669.0,0.0008507693753284031
2575.0,2576.0,0.0004761118881102876
2575.0,2675.0,0.0011644571482029543
2576.0,2577.0,0.0024456124386338807
2576.0,2676.0,0.0009647639815028909
2577.0,2677.0,0.0006294086430940867
2589.0,2590.0,0.0012489575333055056
2589.0,2689.0,0.0012755985732166688
2590.0,2591.0,0.0013579104536015892
2590.0,2690.0,0.000923872891688639
2591.0,2691.0,0.0005214273966726948
2593.0,2594.0,0.0015685927610453823
2594.0,2595.0,0.0031033180516990186
2595.0,2596.0,0.0015194275830060242
2595.0,2695.0,0.0007350108910758544
2596.0,2597.0,0.0013310015777592771
2596.0,2696.0,0.0016732932946714062
2613.0,2614.0,0.0017431188628435302
2613.0,2713.0,0.0008796117609498271
2614.0,2615.0,0.0014389256026633313
2614.0,2714.0,0.000685056997630063
2615.0,2616.0,0.0019269237919547436
2615.0,2715.0,0.0011937384847566087
2618.0,2718.0,0.0010421077487484515
2620.0,2621.0,0.0008420409075579799
2620.0,2720.0,0.0008602210181091203
2621.0,2622.0,0.003217791602947686
2621.0,2721.0,0.001254876830610849
2622.0,2623.0,0.001343779453632582
2626.0,2627.0,0.002313960822918219
2627.0,2628.0,0.002902365023562545
2628.0,2629.0,0.0009432096797642748
2629.0,2630.0,0.0014801233901271331
2629.0,2729.0,0.001419671187282197
2630.0,2730.0,0.0014715574232765792
2632.0,2633.0,0.0024277509756968248
2632.0,2732.0,0.0002085388453027514
2635.0,2636.0,0.0009013746501888889
2635.0,2735.0,0.0015409671411204735
2636.0,2637.0,0.002786632744011697
2636.0,2736.0,0.0011753022121969638
2637.0,2638.0,0.0016551548114902203
2637.0,2737.0,0.0007838471789835899
2638.0,2639.0,0.001215529288005977
2638.0,2738.0,0.0008676338398210697
2639.0,2640.0,0.0031434791187474275
2639.0,2739.0,0.0011550581846778102
2640.0,2641.0,0.001653803292413883
2640.0,2740.0,0.0017070532651348928
2641.0,2642.0,0.0014904768666436847
2641.0,2741.0,0.0007167448639514859
2642.0,2643.0,0.001985757593464208
2642.0,2742.0,0.000961682530776258
2643.0,2644.0,0.0018722776850661571
2643.0,2743.0,0.001149896521429435
2646.0,2647.0,0.001966693379762585
2646.0,2746.0,0.0009916586610321811
2650.0,2750.0,0.001088290962932672
2658.0,2659.0,0.003070754013267687
2658.0,2758.0,0.0010912877713994114
2659.0,2660.0,0.0024306860533603487
2659.0,2759.0,0.0013174104333909245
2664.0,2665.0,0.0015440080958320419
2665.0,2666.0,0.002508919657940087
2665.0,2765.0,0.0011947766402096494
2666.0,2667.0,0.0007627278479248871
2666.0,2766.0,0.0011351261824142922
2667.0,2668.0,0.00264965675135447
2667.0,2767.0,0.0009318629620285254
2668.0,2669.0,0.0011763122077067761
2668.0,2768.0,0.000979748054344699
2669.0,2670.0,0.0018036950185657528
2675.0,2676.0,0.0019234406879330803
2676.0,2677.0,0.001112966100112701
2677.0,2678.0,0.0028247974263647547
2678.0,2679.0,0.0009289120141321255
2689.0,2690.0,0.002428101958320436
2689.0,2789.0,0.0008849352179705077
2690.0,2691.0,0.0004485463298241422
2690.0,2790.0,0.0016464888611848368
2691.0,2692.0,0.0019909741786358457
2691.0,2791.0,0.0016495025007542212
2692.0,2792.0,0.0017117470870439357
2695.0,2696.0,0.000226884992893251
2698.0,2798.0,0.0015594382385960203
2713.0,2714.0,0.0024883863064246235
2714.0,2715.0,0.0016170989363662295
2714.0,2814.0,0.001110580857028999
2715.0,2815.0,0.0006062273171030173
2718.0,2719.0,0.0016398552375129923
2719.0,2720.0,0.002784937760525026
2719.0,2819.0,0.0011947821977221068
2720.0,2721.0,0.0010912429839408063
2720.0,2820.0,0.0010103049886038703
2721.0,2821.0,0.0013538172550236086
2729.0,2730.0,0.0010352484242926807
2730.0,2731.0,0.001745192599686184
2730.0,2830.0,0.0010490925697961245
2731.0,2732.0,0.002034712906038439
2731.0,2831.0,0.001106689825560851
2732.0,2832.0,0.0014087908609857556
2734.0,2735.0,0.001181548560154273
2734.0,2834.0,0.001779284086366957
2735.0,2736.0,0.002766514406252531
2736.0,2737.0,0.0011203664132775802
2736.0,2836.0,0.0012132011416139381
2737.0,2738.0,0.0018128147312953427
2737.0,2837.0,0.0009066455536743167
2738.0,2739.0,0.0025436928902674116
2738.0,2838.0,0.0012936004019759918
2739.0,2740.0,0.0012628064974503123
2740.0,2741.0,0.002486138121664947
2741.0,2742.0,0.002286282069212221
2741.0,2841.0,0.0013686922261739462
2742.0,2743.0,0.0021526218896959597
2746.0,2846.0,0.0007692179015121179
2750.0,2751.0,0.0014795238761171538
2750.0,2850.0,0.0007784090762572015
2751.0,2851.0,0.0012025296004682393
2754.0,2854.0,0.0012164455104958173
2758.0,2759.0,0.0013754951762910029
2758.0,2858.0,0.0008406858212187845
2763.0,2863.0,0.001311733772531093
2765.0,2766.0,0.001319982818069796
2765.0,2865.0,0.0005672402841832402
2766.0,2767.0,0.0025530325379829735
2766.0,2866.0,0.0010959530829342205
2767.0,2768.0,0.001482185983605638
2767.0,2867.0,0.001654007693451895
2768.0,2868.0,0.000497086763051286
2788.0,2789.0,0.0016007517296568632
2788.0,2888.0,0.000912178080198277
2789.0,2790.0,0.0014047093115658802
2790.0,2791.0,0.00254400127751522
2791.0,2792.0,0.0024341303272422564
2791.0,2891.0,0.0009287225635264848
2792.0,2793.0,0.0018612406856719486
2792.0,2892.0,0.0006782537873109104
2793.0,2893.0,0.0003429695321785181
2814.0,2815.0,0.002550905574496792
2814.0,2914.0,0.000999471160160762
2815.0,2816.0,0.0017787877332608338
2815.0,2915.0,0.0014882624835677093
2816.0,2916.0,0.0012098266198117436
2819.0,2820.0,0.0020978522397922285
2819.0,2919.0,0.0006426966469478729
2820.0,2821.0,0.0007563654407767065
2820.0,2920.0,0.0007539509068939522
2821.0,2822.0,0.00203305044206913
2821.0,2921.0,0.0010119334859545151
2822.0,2823.0,0.0027154904179532624
2823.0,2824.0,0.0010922390077271406
2827.0,2828.0,0.0018321196385611908
2827.0,2927.0,0.0005584876901090177
2828.0,2928.0,0.0015311644849597909
2830.0,2831.0,0.001765670099424042
2830.0,2930.0,0.0005666752332688452
2831.0,2832.0,0.002015166050229578
2832.0,2833.0,0.002526684982343597
2832.0,2932.0,0.0005881901903312703
2833.0,2834.0,0.0009704346706515983
2833.0,2933.0,0.0014237796072454024
2834.0,2934.0,0.0009651014454455383
2836.0,2837.0,0.001873427076244334
2837.0,2838.0,0.001981893026881744
2837.0,2937.0,0.0010464506199561812
2838.0,2938.0,0.0010737416495577633
2841.0,2941.0,0.000952807472683409
2845.0,2846.0,0.0020174489857244524
2846.0,2946.0,0.0006665620751245696
2850.0,2851.0,0.0020770985941938576
2851.0,2852.0,0.0011944088789023568
2851.0,2951.0,0.0008389136427506346
2852.0,2853.0,0.002434602811548483
2853.0,2854.0,0.0025418014477929006
2853.0,2953.0,0.0012602311057876134
2854.0,2954.0,0.0011654116740419376
2856.0,2857.0,0.0024764572437261426
2856.0,2956.0,0.001004641632620081
2857.0,2858.0,0.0008063492667571322
2857.0,2957.0,0.0007852104749655069
2858.0,2958.0,0.0010718113500035769
2862.0,2863.0,0.0008769853419527944
2863.0,2864.0,0.0021056638216961007
2863.0,2963.0,0.0012941809765279141
2864.0,2865.0,0.0027807735920062087
2864.0,2964.0,0.0015201737565222443
2865.0,2866.0,0.0019695176719184953
2865.0,2965.0,0.0008801228607395947
2866.0,2867.0,0.001145844129888584
2866.0,2966.0,0.0005390786306287605
2867.0,2868.0,0.002427250125142437
2867.0,2967.0,0.0010429294511113182
2868.0,2869.0,0.0017862347913979158
2868.0,2968.0,0.001116825859303655
2877.0,2878.0,0.0010058234437496634
2877.0,2977.0,0.00027318539492602744
2880.0,2980.0,0.0008214351465576802
2884.0,2984.0,0.000549204014912981
2886.0,2887.0,0.001934694366043168
2887.0,2888.0,0.0025472510437726426
2887.0,2987.0,0.0007806258130504853
2888.0,2988.0,0.0011573883920295357
2891.0,2892.0,0.0020307944873868477
2891.0,2991.0,0.0006159585862670068
2892.0,2893.0,0.0020537044212834356
2892.0,2992.0,0.0007077612945033398
2893.0,2894.0,0.0015572159323612028
2893.0,2993.0,0.0008332567071427392
2894.0,2895.0,0.0015261701412360251
2894.0,2994.0,0.0005180926944085952
2895.0,2896.0,0.0018652884066545836
2895.0,2995.0,0.0004901539554076578
2896.0,2996.0,0.0012188469387123695
2914.0,2915.0,0.0020002379183488915
2915.0,2916.0,0.0014952137807018677
2915.0,3015.0,0.0009987321963348859
2916.0,3016.0,0.0011622392954953762
2919.0,2920.0,0.0013095607240585939
2919.0,3019.0,0.0011984086114523727
2920.0,2921.0,0.0016458605682122959
2920.0,3020.0,0.001381385167139837
2921.0,3021.0,0.000361052309230646
2927.0,2928.0,0.002940431949560642
2927.0,3027.0,0.0015720195673040159
2928.0,3028.0,0.0012636574258913316
2932.0,2933.0,0.0014631018453956372
2932.0,3032.0,0.0008904412950896555
2933.0,2934.0,0.0024739685123298144
2933.0,3033.0,0.0014890569666725297
2937.0,2938.0,0.0022043883550764065
2938.0,2939.0,0.002156180238291423
2938.0,3038.0,0.0006564247481613112
2939.0,2940.0,0.0017050415244224118
2939.0,3039.0,0.0010629364280179867
2940.0,2941.0,0.003143776272256599
2940.0,3040.0,0.00044545074924113854
2941.0,2942.0,0.0013610500835740148
2941.0,3041.0,0.0019366477041512452
2942.0,2943.0,0.0007686295921973438
2943.0,3043.0,0.0012728732576347953
2946.0,2947.0,0.0014366533959163348
2946.0,3046.0,0.0010419554932950255
2947.0,2948.0,0.00244891910850499
2948.0,3048.0,0.0005536180994144401
2953.0,2954.0,0.0024669456601232043
2953.0,3053.0,0.001459232500323288
2954.0,2955.0,0.0021390264537874165
2954.0,3054.0,0.00038839835221185406
2955.0,2956.0,0.0012321065051364964
2955.0,3055.0,0.0007776505256276106
2956.0,2957.0,0.003075106463197907
2957.0,2958.0,0.0013832771595022615
2957.0,3057.0,0.0013058062834914689
2958.0,2959.0,0.0014941749462498326
2958.0,3058.0,0.000559572345636148
2959.0,2960.0,0.00210135872235134
2960.0,2961.0,0.002641281062287304
2960.0,3060.0,0.0013100561896360423
2963.0,2964.0,0.0013337719820121646
2963.0,3063.0,0.001500805716936909
2964.0,2965.0,0.0025417067041663627
2964.0,3064.0,0.0004321770239134631
2965.0,2966.0,0.0018693289705135176
2965.0,3065.0,0.0012387952857506595
2966.0,2967.0,0.002104455981957848
2966.0,3066.0,0.0010879100744093334
2967.0,2968.0,0.001275165655904298
2967.0,3067.0,0.0008929111265998876
2977.0,3077.0,0.0016444168115162697
2984.0,2985.0,0.002201536402152295
2984.0,3084.0,0.0007624096667832234
2985.0,3085.0,0.0009479595455474349
2987.0,2988.0,0.001300864670132999
2990.0,2991.0,0.002017728705748437
2990.0,3090.0,0.0016537468064965102
2991.0,2992.0,0.0014155155385942955
2992.0,2993.0,0.0023951065153764643
2992.0,3092.0,0.0008624012813108903
2993.0,2994.0,0.001246474773110101
2994.0,2995.0,0.001368925666352936
2995.0,2996.0,0.0027050702689586487
2995.0,3095.0,0.0012807807384553273
2996.0,2997.0,0.0016974320899536403
2996.0,3096.0,0.0002874028531519649
2997.0,3097.0,0.001272355453482751
3015.0,3016.0,0.0010746335049684266
3015.0,3115.0,0.0005506569258614077
3016.0,3017.0,0.0019945126422257777
3017.0,3018.0,0.0026661862388061104
3017.0,3117.0,0.0016899575645535874
3018.0,3019.0,0.0012877412550665365
3019.0,3020.0,0.0030239418264903805
3020.0,3021.0,0.0010236343585476575
3020.0,3120.0,0.0015319501460550184
3021.0,3121.0,0.001554727323357727
3027.0,3028.0,0.0031531023865397855
3028.0,3029.0,0.0017218697656928383
3028.0,3128.0,0.0007886264578368763
3029.0,3129.0,0.0011639440407529417
3031.0,3032.0,0.002254364167564809
3031.0,3131.0,0.0010128677110059672
3032.0,3033.0,0.0018588120937845954
3033.0,3133.0,0.0009278880158722961
3038.0,3039.0,0.0013915890197889224
3038.0,3138.0,0.0008934270423540639
3039.0,3040.0,0.0026497205437555557
3039.0,3139.0,0.0011703361055645713
3040.0,3041.0,0.0012860099260881357
3040.0,3140.0,0.0011004367314838349
3041.0,3141.0,0.000969495838056713
3043.0,3044.0,0.0014935556568131396
3044.0,3045.0,0.0024399953647498266
3045.0,3046.0,0.0019254309543579695
3045.0,3145.0,0.0009432934061040051
3046.0,3146.0,0.0007026303508972146
3048.0,3049.0,0.0017697984574527117
3049.0,3050.0,0.001928537399170424
3049.0,3149.0,0.001002669561722273
3053.0,3054.0,0.0013265818482089834
3053.0,3153.0,0.000726501713694694
3054.0,3055.0,0.0024298342433176677
3054.0,3154.0,0.000703698038933717
3055.0,3155.0,0.0007346663188139148
3057.0,3058.0,0.0022096387487548974
3057.0,3157.0,0.0008448452876117503
3058.0,3158.0,0.0015609827833801262
3060.0,3160.0,0.0006245610938845137
3062.0,3063.0,0.0005707007797446086
3063.0,3064.0,0.0015801699275711381
3063.0,3163.0,0.0011669186646927924
3064.0,3065.0,0.003695197084054032
3064.0,3164.0,0.0010972170660353239
3065.0,3066.0,0.001130234121764081
3065.0,3165.0,0.001084856976751895
3066.0,3067.0,0.0018560570923334533
3066.0,3166.0,0.0007770781813980555
3071.0,3072.0,0.001700003088232543
3072.0,3172.0,0.0016917221196153954
3076.0,3077.0,0.0001630480297327069
3076.0,3176.0,0.00198819251583076
3083.0,3084.0,0.0025879771888484165
3084.0,3085.0,0.002478700758461775
3084.0,3184.0,0.0014359353641457654
3090.0,3190.0,0.0004908407582918146
3092.0,3192.0,0.0011595535218335683
3095.0,3096.0,0.0012406320405339104
3096.0,3097.0,0.002024649130097083
3097.0,3098.0,0.0021216562893173314
3114.0,3115.0,0.0018259250723947247
3115.0,3215.0,0.0012161262475576457
3117.0,3217.0,0.0009401732234046639
3120.0,3121.0,0.0025034471274624826
3121.0,3122.0,0.0014646700652358408
3128.0,3129.0,0.0019499305962013185
3128.0,3228.0,0.0005370969837937611
3129.0,3130.0,0.001299583202416024
3129.0,3229.0,0.00100824902182237
3130.0,3131.0,0.0026811397315325233
3131.0,3231.0,0.0009572684471926638
3133.0,3134.0,0.002399716316567349
3134.0,3234.0,0.001247476160095168
3136.0,3137.0,0.002751425499626995
3136.0,3236.0,0.0011217292454054975
3137.0,3138.0,0.0007407446253604571
3137.0,3237.0,0.0007833039001560629
3138.0,3139.0,0.0019281515500598383
3138.0,3238.0,0.0007736092359790329
3139.0,3140.0,0.00201409268902794
3140.0,3141.0,0.002033296695025581
3140.0,3240.0,0.0010321764626226575
3141.0,3142.0,0.002229861560725349
3142.0,3242.0,0.0007425084511298353
3145.0,3146.0,0.0017943709761352854
3146.0,3147.0,0.0021423617294935612
3146.0,3246.0,0.0011693780654674715
3149.0,3249.0,0.0009911227623245844
3151.0,3152.0,0.0020904638049961998
3151.0,3251.0,0.000387162033258921
3152.0,3153.0,0.001434159858593299
3153.0,3154.0,0.0021071930927183237
3153.0,3253.0,0.000925329654769021
3154.0,3155.0,0.0019344086279793602
3154.0,3254.0,0.0012725592559863705
3157.0,3158.0,0.0030094823558223394
3158.0,3159.0,0.0011658224993538956
3159.0,3160.0,0.002754942062912265
3159.0,3259.0,0.0007691925246659985
3160.0,3161.0,0.0013097838943885586
3163.0,3164.0,0.0017146043333683854
3163.0,3263.0,0.000539985370172115
3164.0,3165.0,0.0032264399514018724
3164.0,3264.0,0.0007500019866645741
3165.0,3166.0,0.0013268114447797415
3165.0,3265.0,0.0007666231929718233
3166.0,3266.0,0.0008997788672781561
3172.0,3272.0,0.0008415939282098784
3175.0,3176.0,0.0007030540875352532
3175.0,3275.0,0.0016983235557425167
3176.0,3276.0,0.00037900696563433333
3180.0,3280.0,0.000846761477629637
3199.0,3299.0,0.0010256912059693239
3213.0,3313.0,0.0008457142898127219
3215.0,3315.0,0.0006347892642494759
3217.0,3317.0,0.0009716155052268143
3225.0,3226.0,0.0025107467116381676
3226.0,3227.0,0.0014944390921012001
3227.0,3228.0,0.0018507358374435265
3227.0,3327.0,0.001333219325542545
3228.0,3229.0,0.0012727307374299631
3228.0,3328.0,0.0014637733465242204
3231.0,3232.0,0.00221314300712836
3231.0,3331.0,0.0011948817723968995
3232.0,3332.0,0.0015343078178788687
3234.0,3235.0,0.0014238695797036361
3235.0,3236.0,0.0022125464153328117
3235.0,3335.0,0.001021252471237704
3236.0,3237.0,0.0018900516871238194
3237.0,3238.0,0.0007810918063841532
3237.0,3337.0,0.0012887924929969703
3240.0,3340.0,0.0015297360327877457
3242.0,3243.0,0.0017239321129325436
3243.0,3343.0,0.0009949747735488047
3246.0,3346.0,0.0006723944452482681
3249.0,3349.0,0.0008851288098317327
3251.0,3351.0,0.0008663712195177371
3253.0,3254.0,0.001200911195717452
3253.0,3353.0,0.001700179990475265
3254.0,3354.0,0.0010705002241935858
3262.0,3263.0,0.001472346851116251
3262.0,3362.0,0.0006307848840940752
3263.0,3264.0,0.0010623973079780951
3263.0,3363.0,0.0014242588844724838
3264.0,3265.0,0.0034659928591964156
3264.0,3364.0,0.0014497293023178444
3265.0,3266.0,0.0007626957060320076
3265.0,3365.0,0.0020744651672161183
3266.0,3267.0,0.0018916081544548351
3266.0,3366.0,0.0006890159432057812
3267.0,3367.0,0.0012466949025265082
3272.0,3273.0,0.0010294013891579204
3272.0,3372.0,0.0007541961548554107
3273.0,3373.0,0.0008716041876922062
3275.0,3276.0,0.001964574755511849
3275.0,3375.0,0.0005923834062532731
3276.0,3376.0,0.0018479054873003467
3280.0,3281.0,0.0024795380315699414
3280.0,3380.0,0.00046667367613652727
3281.0,3381.0,0.0013060823748922664
3285.0,3385.0,0.0013682999744225786
3295.0,3296.0,0.001715693087355362
3295.0,3395.0,0.0009186914280656117
3296.0,3297.0,0.001725857479632026
3296.0,3396.0,0.001268834559742749
3297.0,3298.0,0.001863046161532514
3298.0,3299.0,0.0018217817487280478
3313.0,3413.0,0.0009037187892269791
3315.0,3316.0,0.0017272902709152052
3315.0,3415.0,0.001252580472463766
3316.0,3317.0,0.0016587431416587397
3316.0,3416.0,0.0010543400068327438
3317.0,3417.0,0.0009522497256515963
3321.0,3421.0,0.0006578069017553037
3324.0,3424.0,0.0011209507750129567
3327.0,3328.0,0.001836474230692943
3327.0,3427.0,0.0007381190418915973
3328.0,3428.0,0.0012313279010901183
3330.0,3331.0,0.0021905897516421398
3330.0,3430.0,0.0009880484401058871
3331.0,3332.0,0.0011959781268901244
3331.0,3431.0,0.00105945016400214
3332.0,3333.0,0.003224854988987781
3332.0,3432.0,0.00108000668516546
3337.0,3437.0,0.00041748736507564606
3343.0,3344.0,0.0016080482237798342
3343.0,3443.0,0.0013227164359784964
3344.0,3444.0,0.00046271465288835013
3348.0,3349.0,0.0019863041559631113
3348.0,3448.0,0.0012253100709589577
3349.0,3350.0,0.0010617348303591865
3349.0,3449.0,0.0006138933213520553
3350.0,3351.0,0.003256847870257127
3353.0,3354.0,0.0014503974800060874
3353.0,3453.0,0.0005537497629799212
3354.0,3355.0,0.0023394803568325315
3355.0,3356.0,0.0008040745487841896
3355.0,3455.0,0.0013516928127329728
3360.0,3361.0,0.0006517285477893743
3360.0,3460.0,0.0018403179073187234
3361.0,3362.0,0.0029848190983713
3361.0,3461.0,0.0007594638635207522
3362.0,3363.0,0.0013396113802152207
3362.0,3462.0,0.0012217477481051688
3363.0,3364.0,0.002643473351483481
3363.0,3463.0,0.000716475128666529
3364.0,3365.0,0.0008358165947147436
3365.0,3366.0,0.002642762834611502
3365.0,3465.0,0.0011064857387273522
3366.0,3367.0,0.002355996477076938
3367.0,3368.0,0.002233857188810587
3367.0,3467.0,0.0008674875503478597
3368.0,3468.0,0.001225611765609295
3372.0,3373.0,0.0009385047682345362
3373.0,3374.0,0.002699773060832708
3374.0,3375.0,0.001365736552194646
3374.0,3474.0,0.001143749290715098
3375.0,3376.0,0.0030993430078001196
3375.0,3475.0,0.0009468616900032337
3376.0,3476.0,0.0013934490159328021
3380.0,3381.0,0.0017669928409601574
3381.0,3382.0,0.0024808113370426072
3381.0,3481.0,0.0007782086159896924
3382.0,3482.0,0.0012190628736877768
3392.0,3492.0,0.0004308206703451578
3394.0,3395.0,0.0019029836205285708
3395.0,3396.0,0.0013550058044156025
3396.0,3496.0,0.000940812250135352
3413.0,3414.0,0.00193655582155541
3414.0,3415.0,0.0013728273671511043
3415.0,3416.0,0.0016338191852224562
3415.0,3515.0,0.0011209238377341134
3416.0,3417.0,0.001261937874857421
3417.0,3418.0,0.0031268801224224115
3418.0,3419.0,0.00227140464470749
3423.0,3424.0,0.0011858456771439154
3423.0,3523.0,0.0014078190970414999
3424.0,3524.0,0.0010160594962896486
3426.0,3427.0,0.0023130975444194983
3426.0,3526.0,0.0010054183706279607
3427.0,3428.0,0.0022468355792093758
3427.0,3527.0,0.0008705608824192371
3428.0,3429.0,0.0016440412707717205
3428.0,3528.0,0.0007389430086232519
3429.0,3430.0,0.0021208531160829447
3429.0,3529.0,0.0011709584535756798
3430.0,3431.0,0.0012665008211615058
3430.0,3530.0,0.0008878153186344577
3431.0,3432.0,0.0022690478377502777
3431.0,3531.0,0.0006612209917993558
3432.0,3532.0,0.0010052064464521298
3436.0,3437.0,0.002112213381739248
3436.0,3536.0,0.0010549984502396398
3437.0,3438.0,0.0011063665983775304
3438.0,3439.0,0.003268358906240336
3438.0,3538.0,0.0006335285313228262
3439.0,3539.0,0.0008150978959650088
3441.0,3541.0,0.0006184018919761326
3443.0,3444.0,0.0023780107590175618
3443.0,3543.0,0.0005912564333699802
3444.0,3445.0,0.0008233627693790428
3444.0,3544.0,0.0008142741184670288
3445.0,3545.0,0.001486185594059088
3448.0,3449.0,0.0006113418847081298
3449.0,3549.0,0.0016124300294916016
3452.0,3453.0,0.002712889087301373
3452.0,3552.0,0.0012583517234866547
3453.0,3553.0,0.0013702489737246043
3455.0,3555.0,0.0004890424316997801
3460.0,3461.0,0.001520207202982651
3460.0,3560.0,0.00012801703011794583
3461.0,3462.0,0.001862767309676674
3461.0,3561.0,0.0005874644670137554
3462.0,3463.0,0.0022598001416054823
3462.0,3562.0,0.0010619484968703067
3463.0,3563.0,0.0011025619619793362
3465.0,3565.0,0.000751248414305367
3467.0,3468.0,0.0013815358301543347
3467.0,3567.0,0.0004735247511976853
3474.0,3475.0,0.0021044833403956655
3474.0,3574.0,0.0007652134473466278
3475.0,3476.0,0.0015710296559903808
3475.0,3575.0,0.001116219731952539
3476.0,3477.0,0.0021554221860223444
3476.0,3576.0,0.0013655823995619082
3477.0,3577.0,0.0010115412843799726
3481.0,3482.0,0.0015020277926840989
3481.0,3581.0,0.0015988281270974158
3482.0,3582.0,0.000468444511124077
3488.0,3489.0,0.00196605929208666
3488.0,3588.0,0.0011652196531107815
3489.0,3490.0,0.002878644861736115
3492.0,3493.0,0.0016444099519281547
3496.0,3497.0,0.0016776907760370665
3496.0,3596.0,0.001173766931722159
3497.0,3597.0,0.0007506131427078775
3499.0,3599.0,0.001090289030486548
3522.0,3523.0,0.0011818152985980672
3522.0,3622.0,0.001056230296858483
3523.0,3524.0,0.001506241361800412
3523.0,3623.0,0.0007716362420200539
3524.0,3624.0,0.0015359863345752879
3526.0,3527.0,0.001284656101841997
3527.0,3528.0,0.0026710311754079286
3527.0,3627.0,0.0013809695869248177
3528.0,3529.0,0.002225692784280805
3529.0,3530.0,0.002000821441308589
3530.0,3531.0,0.000938697102370599
3530.0,3630.0,0.0012635582297633853
3531.0,3532.0,0.0020036300182417212
3531.0,3631.0,0.0008561636876217773
3535.0,3536.0,0.0012115520005334523
3535.0,3635.0,0.000532738444268147
3536.0,3636.0,0.0010161433806274397
3538.0,3539.0,0.002582467788763481
3541.0,3542.0,0.0017077698351941578
3541.0,3641.0,0.0010702241681067562
3542.0,3543.0,0.0020276361853154286
3542.0,3642.0,0.0010991318119350794
3543.0,3544.0,0.0024636584341177097
3543.0,3643.0,0.0012535451846642212
3544.0,3545.0,0.0012250692429403485
3544.0,3644.0,0.0009937547383569601
3545.0,3546.0,0.0021937045402697333
3545.0,3645.0,0.00036688747593626223
3546.0,3547.0,0.002455088210228423
3547.0,3647.0,0.000499775799735558
3551.0,3552.0,0.0020024001223528255
3552.0,3553.0,0.0020039474668765134
3552.0,3652.0,0.0005442160324712419
3553.0,3554.0,0.001927917438585045
3553.0,3653.0,0.0006893225805090601
3554.0,3555.0,0.0010266168564758381
3554.0,3654.0,0.0007945479217784084
3555.0,3655.0,0.0009475406745898195
3560.0,3561.0,0.0018084817942133203
3560.0,3660.0,0.0013127907982629263
3561.0,3562.0,0.001586493517162875
3561.0,3661.0,0.0014481571806910056
3562.0,3563.0,0.00244075672896712
3562.0,3662.0,0.0009229260533748263
3563.0,3564.0,0.0022016572780528382
3563.0,3663.0,0.0009250280536245709
3564.0,3565.0,0.0015874744501876133
3564.0,3664.0,0.0014079730182051137
3565.0,3566.0,0.0011646704469503463
3565.0,3665.0,0.0007817501007347891
3566.0,3567.0,0.0028195675164823
3566.0,3666.0,0.0012462784480174343
3573.0,3574.0,0.0022737895790939716
3573.0,3673.0,0.0007158662025857996
3574.0,3575.0,0.00223585324205369
3575.0,3576.0,0.0021616824743703016
3575.0,3675.0,0.0005403990007396176
3576.0,3577.0,0.00110510239344659
3576.0,3676.0,0.001039578707940312
3577.0,3578.0,0.0026981240964797414
3577.0,3677.0,0.0006480149689589522
3578.0,3579.0,0.0017286555469498213
3578.0,3678.0,0.0012566885055609297
3579.0,3580.0,0.0019252960395742594
3579.0,3679.0,0.0010885666952474718
3580.0,3581.0,0.002409694275214365
3581.0,3582.0,0.0006178722278913384
3582.0,3682.0,0.0018172302936046469
3584.0,3684.0,0.001033703656764229
3587.0,3588.0,0.001955145544454563
3587.0,3687.0,0.000868271674073654
3588.0,3688.0,0.0011345887933544698
3591.0,3691.0,0.0008963728353799808
3595.0,3596.0,0.0022478228444428668
3595.0,3695.0,0.0009299115925716304
3596.0,3597.0,0.0014795662675261363
3597.0,3598.0,0.00293180490653791
3597.0,3697.0,0.0010189005937784653
3598.0,3599.0,0.0014099007234561198
3598.0,3698.0,0.0003314483519313685
3599.0,3699.0,0.0007483019844937676
3614.0,3714.0,0.0013807277827291265
3616.0,3716.0,0.001519405242192584
3621.0,3622.0,0.0018138943105920247
3621.0,3721.0,0.0008356736743520755
3622.0,3623.0,0.002339721370163811
3622.0,3722.0,0.0013237879021974627
3623.0,3624.0,0.001328908668796341
3623.0,3723.0,0.0009893946078285273
3624.0,3625.0,0.001975121457024336
3624.0,3724.0,0.00012250689776425447
3630.0,3631.0,0.0019372888194584617
3630.0,3730.0,0.0009301015697213792
3631.0,3731.0,0.0009474628488742657
3633.0,3634.0,0.003133363689392244
3633.0,3733.0,0.0012632318631161635
3634.0,3635.0,0.0011989223994907229
3635.0,3636.0,0.00212051243099393
3635.0,3735.0,0.0010897242587010175
3636.0,3637.0,0.001942049147164265
3637.0,3737.0,0.001259508574800985
3640.0,3641.0,0.0023378710700125704
3640.0,3740.0,0.0011539484390543746
3641.0,3642.0,0.0020049172202362903
3641.0,3741.0,0.0008313286353780005
3642.0,3643.0,0.0015437750645734072
3642.0,3742.0,0.0014865400263706424
3643.0,3644.0,0.00235006469059837
3643.0,3743.0,0.0007446082728528927
3644.0,3645.0,0.0009986594865118265
3644.0,3744.0,0.0011237500967733074
3647.0,3648.0,0.001814517462026641
3647.0,3747.0,0.000814300644726983
3648.0,3748.0,0.0006058691607922128
3652.0,3653.0,0.0013339085800762936
3652.0,3752.0,0.0016560623327640102
3653.0,3654.0,0.0021383124771649606
3653.0,3753.0,0.0007422349223773973
3654.0,3655.0,0.0015256901192578656
3654.0,3754.0,0.0008745967299254707
3655.0,3755.0,0.001370010832070985
3659.0,3660.0,0.0008288140080865927
3660.0,3661.0,0.0023342476518140557
3660.0,3760.0,0.0004083982002864513
3661.0,3662.0,0.00221295546272345
3662.0,3663.0,0.001559105169640316
3663.0,3664.0,0.001729520005666301
3663.0,3763.0,0.0006875776101664989
3664.0,3665.0,0.0027432643930178427
3664.0,3764.0,0.0009540139411977675
3665.0,3666.0,0.0013683148321931677
3665.0,3765.0,0.0011990458289822545
3672.0,3673.0,0.0007091577046049438
3672.0,3772.0,0.000998638773529201
3675.0,3676.0,0.0023081705417927097
3676.0,3677.0,0.0015561739395068895
3676.0,3776.0,0.0004253832389740346
3677.0,3678.0,0.0022008424568784064
3677.0,3777.0,0.0009599903801598386
3678.0,3679.0,0.002400413599778166
3678.0,3778.0,0.0012670822112257943
3679.0,3779.0,0.0007619340194529394
3682.0,3683.0,0.0012527918661936806
3683.0,3684.0,0.0017678456182597284
3684.0,3685.0,0.0022913021996236447
3687.0,3688.0,0.0004469456454666447
3687.0,3787.0,0.0011705812103405232
3688.0,3689.0,0.0020672499244161224
3688.0,3788.0,0.001758793279495579
3689.0,3690.0,0.0024462730121554994
3689.0,3789.0,0.0013548730014298618
3690.0,3691.0,0.0012945078176655697
3690.0,3790.0,0.001041321876274268
3691.0,3791.0,0.0010773922034238315
3693.0,3694.0,0.0027962092697079834
3694.0,3695.0,0.0015252719167412041
3694.0,3794.0,0.0006084511237601525
3697.0,3698.0,0.002481750809408421
3697.0,3797.0,0.0008173900537653925
3698.0,3699.0,0.0014774425538747072
3708.0,3709.0,0.0013570203609377652
3708.0,3808.0,0.0004610461148270275
3709.0,3710.0,0.0026573175214867103
3709.0,3809.0,0.000610935675828065
3710.0,3711.0,0.001879305243966861
3713.0,3714.0,0.002518720441017385
3714.0,3715.0,0.002685624456248713
3714.0,3814.0,0.0009948280906782597
3715.0,3716.0,0.0008847187236634606
3716.0,3717.0,0.0022213839289954903
3717.0,3718.0,0.00247849924954557
3717.0,3817.0,0.0008017608683362421
3718.0,3719.0,0.0012645405054811918
3719.0,3720.0,0.0019778196303
3719.0,3819.0,0.0007704884295076047
3720.0,3721.0,0.0022194469085789707
3720.0,3820.0,0.0010175402940410866
3721.0,3722.0,0.0011929415786208206
3721.0,3821.0,0.0010101295857450324
3722.0,3723.0,0.0022191246585092743
3722.0,3822.0,0.0010636501774514346
3723.0,3724.0,0.0020040485822450855
3726.0,3826.0,0.0008736977337707423
3728.0,3729.0,0.001996124535193391
3728.0,3828.0,0.0007093477708419897
3729.0,3730.0,0.0016649821740790816
3729.0,3829.0,0.0011622753933560781
3730.0,3731.0,0.002327799014090256
3730.0,3830.0,0.0014455491136559785
3731.0,3831.0,0.0007744707224949488
3733.0,3833.0,0.0013280285087323798
3735.0,3835.0,0.000995540039373844
3737.0,3837.0,0.0006521966881261145
3739.0,3740.0,0.0011477619134663813
3740.0,3741.0,0.002347295925102277
3740.0,3840.0,0.0003077235285104774
3741.0,3742.0,0.0020832170434219644
3741.0,3841.0,0.0012152756765447888
3742.0,3743.0,0.0028732986270137524
3743.0,3744.0,0.0008036405975309439
3743.0,3843.0,0.001235523731053791
3744.0,3844.0,0.0014120084596044046
3746.0,3747.0,0.0015063027716896362
3746.0,3846.0,0.0012923316331372343
3747.0,3748.0,0.0017623462769848985
3748.0,3749.0,0.0024781382245559467
3751.0,3752.0,0.0014748406354585502
3752.0,3753.0,0.0027159352661654656
3752.0,3852.0,0.0015241689998153638
3753.0,3754.0,0.0016519962621022388
3753.0,3853.0,0.0011965388125781725
3754.0,3755.0,0.002175494008265784
3755.0,3855.0,0.000954218266435129
3760.0,3860.0,0.0013097136328276166
3763.0,3764.0,0.002075846661003564
3763.0,3863.0,0.0011052955668035033
3764.0,3765.0,0.0013441312026730699
3764.0,3864.0,0.0007918924485072246
3765.0,3865.0,0.0010868562462459867
3767.0,3867.0,0.0008552308928015805
3772.0,3872.0,0.0008539816684258903
3774.0,3874.0,0.0008510741742066949
3776.0,3777.0,0.0025227817662254928
3776.0,3876.0,0.0010432838587872309
3777.0,3778.0,0.002081697124945687
3777.0,3877.0,0.001588212895049343
3778.0,3779.0,0.0012453198183616076
3778.0,3878.0,0.0007070571829726009
3779.0,3780.0,0.0025432335657588675
3779.0,3879.0,0.0011877037719872322
3780.0,3781.0,0.0011890234312252328
3780.0,3880.0,0.0009877327675041655
3786.0,3787.0,0.002295177746929167
3786.0,3886.0,0.0015495628577100696
3787.0,3788.0,0.002173995239185498
3787.0,3887.0,0.001253634236930139
3788.0,3789.0,0.0017826840718423436
3788.0,3888.0,0.0005522142337891816
3789.0,3790.0,0.0006740409854003813
3789.0,3889.0,0.0006345408182331901
3790.0,3791.0,0.0017450323378092629
3790.0,3890.0,0.0013563205852603559
3791.0,3891.0,0.0007043879754740668
3794.0,3894.0,0.0013588485198868443
3797.0,3897.0,0.0011289173087530838
3808.0,3809.0,0.001273319951935957
3819.0,3820.0,0.0016616888096145897
3820.0,3821.0,0.002036456788150095
3820.0,3920.0,0.0009558914792022249
3821.0,3822.0,0.002232057519420394
3821.0,3921.0,0.0006722144003232914
3822.0,3922.0,0.0009423026955304414
3825.0,3826.0,0.0014323610194349912
3825.0,3925.0,0.0014155495611219814
3826.0,3926.0,0.001062505025872693
3828.0,3829.0,0.0006911713897438362
3829.0,3830.0,0.0019540420696594644
3829.0,3929.0,0.0005742710161565813
3830.0,3831.0,0.0029255576100972237
3830.0,3930.0,0.0013501091659560676
3831.0,3832.0,0.0008968776114940918
3831.0,3931.0,0.0009454787623196729
3832.0,3833.0,0.0022809188718590054
3832.0,3932.0,0.0011919773026391898
3833.0,3834.0,0.0011150144124634747
3833.0,3933.0,0.0008903758363725872
3834.0,3835.0,0.0031488376585655327
3834.0,3934.0,0.0009580789789981872
3837.0,3838.0,0.0009273017416144152
3837.0,3937.0,0.0007642411399546445
3838.0,3938.0,0.0013246987657594734
3840.0,3841.0,0.0022359956529477906
3840.0,3940.0,0.0016645583948909151
3841.0,3941.0,0.001730550091732187
3843.0,3844.0,0.0024829015787984346
3843.0,3943.0,0.001289495533143998
3844.0,3845.0,0.0007721815136356215
3844.0,3944.0,0.0019612263637827335
3845.0,3846.0,0.0018876552704358202
3845.0,3945.0,0.0013473692033025445
3846.0,3946.0,0.0011370480069019294
3852.0,3853.0,0.002896465905201777
3852.0,3952.0,0.0007626319492387318
3853.0,3953.0,0.0011931337645007488
3855.0,3856.0,0.0015586910694555508
3856.0,3857.0,0.0007643596077764039
3856.0,3956.0,0.0011885294485222053
3857.0,3858.0,0.002484653899439492
3857.0,3957.0,0.001025240562016433
3858.0,3859.0,0.001719776395349156
3858.0,3958.0,0.0008042426748237638
3859.0,3860.0,0.0027313972138808583
3859.0,3959.0,0.0007177423841489985
3862.0,3863.0,0.0009617793561948138
3862.0,3962.0,0.0008887688788423185
3863.0,3864.0,0.0019574779743327005
3863.0,3963.0,0.0008794782544208437
3864.0,3865.0,0.0013525059778056658
3864.0,3964.0,0.0014592224127910015
3865.0,3866.0,0.0032974514780355715
3865.0,3965.0,0.0008880409224787795
3866.0,3867.0,0.0011527098550810552
3866.0,3966.0,0.0008403572871109391
3867.0,3868.0,0.0016893447783088286
3867.0,3967.0,0.0010561863519252827
3868.0,3968.0,0.0005189212849753936
3871.0,3872.0,0.0019631777937820566
3871.0,3971.0,0.0012758757188661163
3872.0,3873.0,0.0008625076289519975
3872.0,3972.0,0.0008552363942185509
3873.0,3874.0,0.0026782500928777876
3873.0,3973.0,0.0007538036083703628
3874.0,3974.0,0.0013839871133798165
3876.0,3877.0,0.0006194988377729535
3876.0,3976.0,0.0011971306027334535
3877.0,3878.0,0.003450609282431396
3877.0,3977.0,0.0018902997566556253
3878.0,3879.0,0.0013214001362194692
3879.0,3880.0,0.0013446474184689917
3879.0,3979.0,0.0009244127757708929
3880.0,3980.0,0.0016169351873181494
3885.0,3886.0,0.0005376604969685018
3886.0,3887.0,0.0019356173382150596
3887.0,3888.0,0.0032337094643766374
3888.0,3889.0,0.0013699017665514167
3889.0,3890.0,0.0019423157235631387
3889.0,3989.0,0.0007559363068376087
3890.0,3891.0,0.0007851640147133968
3890.0,3990.0,0.0011065850622491657
3891.0,3892.0,0.0034430289644439803
3891.0,3991.0,0.0009718391327803978
3892.0,3893.0,0.001552522093240689
3892.0,3992.0,0.0011798995762395779
3893.0,3894.0,0.0011283010679777276
3893.0,3993.0,0.0012638913758697707
3894.0,3895.0,0.0022870173807821624
3894.0,3994.0,0.00062678140527356
3895.0,3896.0,0.0014992828052104586
3896.0,3897.0,0.002277517033964878
3897.0,3898.0,0.001550832241088471
3898.0,3899.0,0.001790387413382619
3898.0,3998.0,0.0008960628828387706
3913.0,4013.0,0.001220994615058899
3920.0,3921.0,0.0010781739609171579
3920.0,4020.0,0.0006883080705552846
3921.0,3922.0,0.001955707237804004
3921.0,4021.0,0.0010787404368032079
3922.0,3923.0,0.002822023701176526
3922.0,4022.0,0.000662999012066852
3923.0,3924.0,0.0008422233551756371
3923.0,4023.0,0.0010693677010287213
3924.0,3925.0,0.0027170752161099145
3924.0,4024.0,0.0011526145669735483
3925.0,3926.0,0.0014787056299345785
3925.0,4025.0,0.0005766148281154246
3926.0,3927.0,0.001204786142848739
3927.0,4027.0,0.0007285246529804841
3929.0,3930.0,0.002853991108955376
3930.0,3931.0,0.0013618027023032475
3930.0,4030.0,0.0010168010326524401
3931.0,3932.0,0.002305597469204543
3931.0,4031.0,0.001270326170716521
3932.0,3933.0,0.0017113551706175413
3932.0,4032.0,0.001472261298140394
3933.0,3934.0,0.001552847610037646
3934.0,4034.0,0.0013128617291992793
3936.0,3937.0,0.002434983903437183
3936.0,4036.0,0.0009248309304973947
3937.0,3938.0,0.0008995972543315532
3937.0,4037.0,0.0013373883542172561
3938.0,3939.0,0.001967744020445867
3938.0,4038.0,0.000765677928371548
3939.0,3940.0,0.0026950287215535065
3939.0,4039.0,0.0011290674382000755
3940.0,3941.0,0.00209417933568207
3941.0,3942.0,0.002205571411222739
3941.0,4041.0,0.0005139547937327239
3942.0,3943.0,0.00029293789444452604
3942.0,4042.0,0.0012990521544607486
3943.0,3944.0,0.001965271291704377
3943.0,4043.0,0.0015177366306432013
3944.0,3945.0,0.0027301248121650336
3944.0,4044.0,0.0017779244106554907
3945.0,3946.0,0.0025272046612807592
3945.0,4045.0,0.0008238218800208333
3946.0,3947.0,0.001582525254141445
3946.0,4046.0,0.0015754231748949393
3947.0,3948.0,0.0011013840973984348
3948.0,3949.0,0.002276869748142229
3948.0,4048.0,0.0008439518291944308
3949.0,4049.0,0.0008446445228641098
3951.0,3952.0,0.0024676233788820984
3951.0,4051.0,0.0005066998026430163
3952.0,3953.0,0.0015685952090965015
3952.0,4052.0,0.0016678976107663871
3953.0,3954.0,0.001733018551545849
3953.0,4053.0,0.0005483440161060438
3956.0,3957.0,0.0007250085861561894
3956.0,4056.0,0.0004168280820675374
3957.0,3958.0,0.0032106601205981918
3957.0,4057.0,0.001225435669466506
3958.0,3959.0,0.0010927415888489494
3958.0,4058.0,0.0008173171783274781
3959.0,4059.0,0.0012751363378096547
3961.0,3962.0,0.0012415693295190577
3961.0,4061.0,0.0010951612301388894
3962.0,3963.0,0.0023471016701452603
3962.0,4062.0,0.0013802455578656142
3963.0,3964.0,0.001834750884997818
3963.0,4063.0,0.0011144542161970613
3964.0,3965.0,0.0014003039134415259
3964.0,4064.0,0.0008517079135497709
3965.0,3966.0,0.0025088563290866644
3965.0,4065.0,0.0017426294213068708
3966.0,3967.0,0.002053465794698343
3966.0,4066.0,0.001214621331939948
3967.0,3968.0,0.0013715174989761348
3967.0,4067.0,0.001414430192693272
3968.0,3969.0,0.0024265350131402316
3968.0,4068.0,0.001582829191670469
3969.0,4069.0,0.0007355713153775744
3971.0,3972.0,0.002406688739742019
3971.0,4071.0,0.001584520346984312
3972.0,3973.0,0.0017276481702011277
3973.0,3974.0,0.002985850868681527
3973.0,4073.0,0.001205242315890352
3974.0,3975.0,0.0015061286864026721
3974.0,4074.0,0.0015323595041635211
3975.0,3976.0,0.0010062934015488026
3976.0,3977.0,0.002879495407184821
3977.0,4077.0,0.000768675224004333
3979.0,3980.0,0.0020917308478859446
3979.0,4079.0,0.0012640559876796497
3980.0,4080.0,0.0005332436685065198
3983.0,3984.0,0.002670034121504698
3983.0,4083.0,0.0004555619387079311
3984.0,4084.0,0.0010937560696967102
3989.0,3990.0,0.002052067876558081
3989.0,4089.0,0.001562612635942084
3990.0,3991.0,0.0009613393625565608
3990.0,4090.0,0.0009724809509700152
3991.0,3992.0,0.0031434017306099828
3991.0,4091.0,0.000620925317570073
3992.0,3993.0,0.002211493985974035
3992.0,4092.0,0.001080287970863424
3993.0,3994.0,0.000951080995500957
3994.0,4094.0,0.0017077451829850263
3998.0,4098.0,0.0010774337381009825
4012.0,4013.0,0.0012697622809016754
4013.0,4113.0,0.0012147927436380313
4017.0,4018.0,0.0004220433271579067
4020.0,4021.0,0.0014118749307217822
4020.0,4120.0,0.0011778885006705347
4021.0,4022.0,0.0013636246184336007
4021.0,4121.0,0.0008410228177682913
4022.0,4023.0,0.002643193258163288
4022.0,4122.0,0.0015017219349797376
4023.0,4024.0,0.002182757027247547
4023.0,4123.0,0.001057707946457538
4024.0,4025.0,0.002052801814594041
4025.0,4125.0,0.0006985560249527564
4027.0,4127.0,0.0008360984152634106
4030.0,4031.0,0.0016087650543196537
4031.0,4032.0,0.0015767000031709447
4031.0,4131.0,0.000979878507771971
4032.0,4132.0,0.0010778093801781026
4034.0,4035.0,0.001973225595312517
4034.0,4134.0,0.0006039612653199547
4035.0,4036.0,0.0016128231459151775
4035.0,4135.0,0.001419118575029197
4036.0,4037.0,0.0017780316785708035
4036.0,4136.0,0.0010250855037508555
4037.0,4038.0,0.0015891338080853581
4037.0,4137.0,0.0013086708715315456
4038.0,4039.0,0.003126608085449973
4038.0,4138.0,0.0016294100588883898
4039.0,4139.0,0.0011935178130248205
4041.0,4042.0,0.0015659274631987577
4042.0,4043.0,0.002337466262857509
4042.0,4142.0,0.0010325671939351519
4043.0,4044.0,0.0025347017576040913
4043.0,4143.0,0.0007153235351904229
4044.0,4045.0,0.0007975886471108405
4044.0,4144.0,0.0013572942532833262
4045.0,4046.0,0.0019516024620807842
4045.0,4145.0,0.000819752413841611
4046.0,4146.0,0.0006970535847406212
4048.0,4049.0,0.001330761890797473
4048.0,4148.0,0.0014105808732565936
4051.0,4052.0,0.0007320363993683406
4051.0,4151.0,0.0013001201790603608
4052.0,4053.0,0.0024627432692018686
4052.0,4152.0,0.0017376165198351484
4053.0,4153.0,0.0013389218423806091
4056.0,4057.0,0.0018145199750900926
4056.0,4156.0,0.0012749326609696298
4057.0,4058.0,0.002269200193901141
4057.0,4157.0,0.001044705188079632
4058.0,4059.0,0.0014994262269290256
4058.0,4158.0,0.0012797057200832707
4059.0,4060.0,0.001771062870143101
4059.0,4159.0,0.0006974891683711612
4060.0,4061.0,0.0015331696611920378
4060.0,4160.0,0.0009604874647789144
4061.0,4062.0,0.002174886847631178
4061.0,4161.0,0.000855023210208137
4062.0,4063.0,0.0015196530952832185
4063.0,4064.0,0.002610460495774855
4063.0,4163.0,0.0016493492656198185
4064.0,4065.0,0.002292117034533983
4064.0,4164.0,0.000914719421461625
4065.0,4066.0,0.0013433531330210074
4065.0,4165.0,0.0009427067942900083
4066.0,4067.0,0.00098689657006268
4067.0,4068.0,0.0024954267150136384
4067.0,4167.0,0.0013710190698875305
4068.0,4069.0,0.0030564461585308143
4068.0,4168.0,0.000938455949950929
4069.0,4070.0,0.001104436983264144
4069.0,4169.0,0.0009784593706430747
4070.0,4071.0,0.002299837318159433
4071.0,4171.0,0.00028695483965040326
4073.0,4074.0,0.0011944116040963904
4073.0,4173.0,0.001275653655971648
4074.0,4174.0,0.0008407267154036846
4077.0,4078.0,0.0022284738903563823
4077.0,4177.0,0.0014366342923633573
4078.0,4079.0,0.0018425366454963318
4078.0,4178.0,0.001134970805791635
4079.0,4080.0,0.002240258014157115
4080.0,4081.0,0.0020133556193580315
4080.0,4180.0,0.0011507993960675898
4081.0,4181.0,0.0007751506821273345
4083.0,4084.0,0.002108206595663765
4083.0,4183.0,0.001125480008709638
4086.0,4087.0,0.0016250243321248691
4087.0,4088.0,0.002301746432602965
4087.0,4187.0,0.0011305316448483743
4088.0,4089.0,0.001982608488835032
4088.0,4188.0,0.001475374189820677
4089.0,4090.0,0.002378895886750981
4090.0,4091.0,0.0004741831924486746
4090.0,4190.0,0.0008730380633191108
4091.0,4092.0,0.002646419311068826
4091.0,4191.0,0.0013236364531133112
4092.0,4192.0,0.0010244530687205358
4094.0,4095.0,0.0010854103601864438
4094.0,4194.0,0.0010105368870054743
4095.0,4195.0,0.001378561801298193
4098.0,4099.0,0.003235768709286554
4099.0,4199.0,0.0010931245949113632
4120.0,4121.0,0.0023568942021231615
4120.0,4220.0,0.001213062360308485
4121.0,4122.0,0.0016844611156089037
4121.0,4221.0,0.0017550213702378417
4122.0,4123.0,0.001320833074237752
4122.0,4222.0,0.001458680612746928
4123.0,4223.0,0.0011814535538931087
4125.0,4126.0,0.0008416250055691035
4126.0,4127.0,0.0023333389059462467
4126.0,4226.0,0.0014949683742484182
4131.0,4132.0,0.0027330180039651796
4131.0,4231.0,0.0012131394808545762
4132.0,4133.0,0.0019053590029181604
4132.0,4232.0,0.0015167242926779174
4133.0,4134.0,0.002035373118128358
4133.0,4233.0,0.0010031258993744875
4134.0,4135.0,0.0010392899547290557
4134.0,4234.0,0.0010382269212435894
4135.0,4136.0,0.0028674205411838953
4135.0,4235.0,0.0018777788927374587
4136.0,4137.0,0.001568400385743478
4136.0,4236.0,0.0013840036777395181
4137.0,4138.0,0.0028481446048257784
4137.0,4237.0,0.0011180509872126332
4138.0,4139.0,0.001209007646791607
4138.0,4238.0,0.0012926306355619673
4142.0,4143.0,0.002960985525125034
4143.0,4144.0,0.0008946956633407236
4143.0,4243.0,0.0017344958575927372
4144.0,4145.0,0.0020335996164440135
4144.0,4244.0,0.0007162854877752662
4145.0,4146.0,0.00195350009214232
4146.0,4147.0,0.0016296221463889778
4147.0,4148.0,0.0029480094504597
4151.0,4152.0,0.0023663025884280405
4151.0,4251.0,0.0012401076485525626
4152.0,4153.0,0.0005544251437299871
4152.0,4252.0,0.0007269965955912208
4155.0,4156.0,0.0018708398140951992
4155.0,4255.0,0.0010591631083089715
4156.0,4157.0,0.001574888370647237
4156.0,4256.0,0.0008372058886565167
4157.0,4158.0,0.002110325192950387
4157.0,4257.0,0.000782389992263055
4158.0,4159.0,0.001711262837790669
4158.0,4258.0,0.0008797586032544
4159.0,4160.0,0.002369158407536229
4159.0,4259.0,0.0010132335762324067
4160.0,4161.0,0.001782006680683003
4160.0,4260.0,0.0005150138347675249
4161.0,4261.0,0.001044343817906382
4163.0,4164.0,0.0010231538789451985
4163.0,4263.0,0.001512519282524319
4164.0,4165.0,0.001723621588399913
4164.0,4264.0,0.0008099854443145413
4167.0,4168.0,0.002395989576354776
4167.0,4267.0,0.0010644605441257457
4168.0,4169.0,0.001632980799029527
4168.0,4268.0,0.0007991245459855035
4171.0,4172.0,0.0014658327906008155
4171.0,4271.0,0.0009023971298734291
4172.0,4173.0,0.002790337015487471
4172.0,4272.0,0.0008940762495467812
4173.0,4174.0,0.0011627323681745135
4173.0,4273.0,0.0006551722368970772
4174.0,4175.0,0.0019982898413390075
4174.0,4274.0,0.0009761599151767238
4175.0,4275.0,0.0007793410357446545
4177.0,4178.0,0.0010932611764799057
4178.0,4278.0,0.0012734563557515242
4180.0,4181.0,0.0028199614820059522
4180.0,4280.0,0.0011627705706633471
4181.0,4281.0,0.001388417433628038
4183.0,4283.0,0.001111410837629075
4185.0,4285.0,0.0006324839918924985
4187.0,4188.0,0.0011081185857112646
4187.0,4287.0,0.0006621685586021418
4190.0,4191.0,0.0016442788388833691
4191.0,4192.0,0.0015615798986923684
4192.0,4193.0,0.0029712997997516093
4193.0,4194.0,0.002033841186031882
4193.0,4293.0,0.001128955929168426
4194.0,4195.0,0.0007216271959951944
4194.0,4294.0,0.0009489770703218142
4195.0,4295.0,0.0012942480133237596
4197.0,4297.0,0.0015546344039680377
4199.0,4299.0,0.0007734150373512726
4214.0,4314.0,0.000500623011856852
4218.0,4219.0,0.0008533661465049502
4218.0,4318.0,0.00042787972609429465
4219.0,4220.0,0.002783476919250624
4220.0,4221.0,0.0011119217238633038
4220.0,4320.0,0.0006241343204773218
4221.0,4222.0,0.0018383333674824574
4221.0,4321.0,0.0006826594612248987
4222.0,4223.0,0.0032342427490839308
4223.0,4224.0,0.0008400531471289122
4223.0,4323.0,0.0011870544932694206
4224.0,4324.0,0.0003189340370649414
4226.0,4326.0,0.00022113916432815658
4228.0,4328.0,0.0012938510153790456
4231.0,4232.0,0.0010637560857638263
4231.0,4331.0,0.00048085242018772086
4232.0,4233.0,0.00334917506559448
4232.0,4332.0,0.0012723071641710627
4233.0,4234.0,0.00071057230455497
4234.0,4235.0,0.0033342004888727936
4234.0,4334.0,0.0011273750972955157
4235.0,4236.0,0.00043072047780275016
4235.0,4335.0,0.001289651891012919
4236.0,4237.0,0.0017309076520707273
4236.0,4336.0,0.001142842185083278
4237.0,4238.0,0.0025592212096654356
4237.0,4337.0,0.0012754239491211958
4238.0,4338.0,0.001374928161762473
4243.0,4244.0,0.001992203867580547
4243.0,4343.0,0.0011858583389254577
4244.0,4344.0,0.0016842590685527642
4251.0,4252.0,0.002835187727470536
4251.0,4351.0,0.0012597450059451194
4252.0,4352.0,0.0010620582140333588
4254.0,4255.0,0.001665424870716625
4255.0,4256.0,0.002019327932754082
4255.0,4355.0,0.0008360861020274388
4256.0,4257.0,0.0015222133161953066
4256.0,4356.0,0.00088067438931141
4257.0,4258.0,0.0018064349199464612
4257.0,4357.0,0.0008730341803169879
4258.0,4259.0,0.001749925489842421
4258.0,4358.0,0.00036782979759368936
4259.0,4260.0,0.0025261215034118787
4259.0,4359.0,0.0011431436873823185
4260.0,4261.0,0.001634408311897272
4260.0,4360.0,0.0011134025372681947
4261.0,4262.0,0.0018059610100999563
4261.0,4361.0,0.0008139876227599283
4262.0,4263.0,0.0019395251016676187
4262.0,4362.0,0.0007761955552540368
4263.0,4264.0,0.0016600096686467676
4263.0,4363.0,0.0003523287385375568
4264.0,4364.0,0.0015344609639850433
4266.0,4267.0,0.0026425358313558345
4266.0,4366.0,0.0011185852225024746
4267.0,4268.0,0.002221304161973304
4267.0,4367.0,0.001282642993980351
4270.0,4271.0,0.00226676184898199
4270.0,4370.0,0.0006510968668332267
4271.0,4272.0,0.0011364664051351319
4271.0,4371.0,0.0017990701876247081
4272.0,4273.0,0.0021307328551466373
4273.0,4274.0,0.0021234762536928393
4273.0,4373.0,0.0014855372395209294
4274.0,4275.0,0.0015666831843095252
4274.0,4374.0,0.0009150774065638934
4275.0,4375.0,0.0011433587057469335
4278.0,4279.0,0.002343988278554249
4278.0,4378.0,0.0006895760509163882
4279.0,4280.0,0.0023391748374157408
4279.0,4379.0,0.0009341060539375503
4280.0,4281.0,0.0019440615448075925
4280.0,4380.0,0.0008054022411228244
4281.0,4282.0,0.0021439367248123533
4281.0,4381.0,0.0012952619040175514
4282.0,4283.0,0.0016755155922878765
4282.0,4382.0,0.0008145730476786196
4285.0,4385.0,0.001339800858338031
4287.0,4387.0,0.001376929351855833
4293.0,4294.0,0.002113509242941346
4293.0,4393.0,0.001183157478947677
4294.0,4295.0,0.0017025504779592628
4294.0,4394.0,0.0011407492494006093
4295.0,4395.0,0.0004483006691982282
4297.0,4397.0,0.0007629724634626197
4299.0,4300.0,0.18888868586154112
4300.0,4301.0,0.002965710252200037
4300.0,4400.0,0.0006927533832462639
4320.0,4321.0,0.0021272201602091528
4320.0,4420.0,0.0011439023122644884
4323.0,4324.0,0.0012044226832798842
4323.0,4423.0,0.001159732490707114
4324.0,4424.0,0.000894022326346299
4328.0,4329.0,0.002123478302220557
4328.0,4428.0,0.0007349622099092501
4329.0,4429.0,0.0010418393158245461
4331.0,4332.0,0.0017801969385434463
4332.0,4432.0,0.0010982036286578977
4334.0,4335.0,0.0017520940756696258
4334.0,4434.0,0.0013426294537183026
4335.0,4336.0,0.002105083658670137
4335.0,4435.0,0.0006153014545744478
4336.0,4337.0,0.0015134259578845682
4336.0,4436.0,0.0011373014551936203
4337.0,4338.0,0.0011539037481524256
4337.0,4437.0,0.0007112701666760038
4338.0,4438.0,0.0004846351720599199
4343.0,4344.0,0.002136042031421362
4343.0,4443.0,0.0012262390509199918
4344.0,4345.0,0.001029828378905838
4344.0,4444.0,0.0014865317924618075
4345.0,4346.0,0.0020966939690853763
4345.0,4445.0,0.000602878760610344
4348.0,4448.0,0.0015989944902987205
4351.0,4352.0,0.0013490630007520483
4351.0,4451.0,0.001368677566121047
4352.0,4353.0,0.0015778940807296914
4352.0,4452.0,0.0009318624630316442
4353.0,4453.0,0.0003844632232087822
4355.0,4356.0,0.0020912657626415694
4355.0,4455.0,0.0011195483062351212
4356.0,4357.0,0.0021873786412048984
4356.0,4456.0,0.0010657673010624682
4357.0,4358.0,0.0015144966160406772
4357.0,4457.0,0.0007814201046810921
4358.0,4359.0,0.0022400780544436874
4358.0,4458.0,0.0009483721737774556
4359.0,4360.0,0.0018307356581442693
4359.0,4459.0,0.0006922538551721214
4360.0,4361.0,0.0022456814578201297
4361.0,4362.0,0.0013970146742247934
4361.0,4461.0,0.0011273335708585105
4362.0,4363.0,0.0022310097848282093
4362.0,4462.0,0.001140796441090583
4363.0,4364.0,0.0024013929478528527
4363.0,4463.0,0.001160692573424191
4364.0,4365.0,0.0014624182883150635
4365.0,4366.0,0.0027579383785719088
4365.0,4465.0,0.0014730369309705266
4366.0,4367.0,0.0008856303122648905
4367.0,4467.0,0.0013418535240460468
4369.0,4370.0,0.0023415955671295206
4369.0,4469.0,0.0015667486652263733
4370.0,4371.0,0.0010072246472360201
4370.0,4470.0,0.001488268161318542
4371.0,4471.0,0.0012828350049790842
4373.0,4374.0,0.0011072348305580842
4373.0,4473.0,0.0008921751229430275
4374.0,4375.0,0.0020790005892256072
4374.0,4474.0,0.0005633207700774759
4375.0,4475.0,0.001042355625494666
4378.0,4379.0,0.002208804291919032
4379.0,4380.0,0.00212060789633538
4379.0,4479.0,0.0013829684088911653
4380.0,4381.0,0.0010323492626043492
4380.0,4480.0,0.000974077168398169
4381.0,4382.0,0.002638471423002423
4381.0,4481.0,0.0011677896599988542
4382.0,4482.0,0.0008463980682860877
4384.0,4385.0,0.0017652501834025146
4385.0,4485.0,0.00045484986533782837
4389.0,4390.0,0.0015770774552951229
4389.0,4489.0,0.0016237334879824657
4390.0,4391.0,0.002365652935237852
4390.0,4490.0,0.0010697308119338692
4391.0,4491.0,0.0013865295128489806
4393.0,4394.0,0.0025870279955972656
4394.0,4395.0,0.001741107765188706
4394.0,4494.0,0.0004652084479007848
4395.0,4396.0,0.0022415508939115595
4395.0,4495.0,0.0012597036159355016
4396.0,4397.0,0.0024738626073411876
4397.0,4398.0,0.0015610018449701015
4397.0,4497.0,0.0004994964364213372
4398.0,4498.0,0.0010646635900571988
4419.0,4420.0,0.0023275567017796398
4419.0,4519.0,0.0014148217202164261
4420.0,4520.0,0.0010191003336255003
4422.0,4423.0,0.0013735090025186302
4422.0,4522.0,0.0008039052804920223
4423.0,4424.0,0.0020554728920603514
4423.0,4523.0,0.0011613511527540543
4424.0,4425.0,0.003308675077731096
4424.0,4524.0,0.0013496577232744106
4425.0,4525.0,0.0010163048459968962
4427.0,4428.0,0.001270465965699328
4427.0,4527.0,0.0010116838488383238
4428.0,4429.0,0.0034292325919945774
4428.0,4528.0,0.0005870376904456159
4429.0,4430.0,0.0010087680060390286
4429.0,4529.0,0.001478491988481952
4430.0,4530.0,0.0008013654659394234
4432.0,4433.0,0.0006260518349158726
4432.0,4532.0,0.0004457911282236062
4433.0,4434.0,0.0032423827735170107
4433.0,4533.0,0.001302930147784914
4434.0,4435.0,0.0012355391454739078
4435.0,4436.0,0.0023119479687047674
4436.0,4437.0,0.0018252439617755462
4436.0,4536.0,0.000816117865263661
4437.0,4438.0,0.0014231799464588702
4437.0,4537.0,0.000659405125855612
4441.0,4442.0,0.001487908417881339
4442.0,4443.0,0.0016243027704218422
4442.0,4542.0,0.001299773399481449
4443.0,4444.0,0.0017606413036164064
4443.0,4543.0,0.0009278120337647785
4444.0,4445.0,0.0023713831111820296
4448.0,4449.0,0.0007818732186220617
4448.0,4548.0,0.0016751297501928337
4449.0,4549.0,0.000793603477817565
4451.0,4452.0,0.0023023321328597963
4451.0,4551.0,0.0012458059238902308
4452.0,4453.0,0.001347712302385454
4452.0,4552.0,0.0007000444914412016
4453.0,4454.0,0.003158205492047031
4454.0,4455.0,0.0012072738090420391
4454.0,4554.0,0.001300151548859573
4455.0,4456.0,0.002010611101133758
4455.0,4555.0,0.0012688596809726572
4456.0,4457.0,0.0019235301089415508
4457.0,4458.0,0.0014616550619077015
4457.0,4557.0,0.0009355535740965404
4458.0,4459.0,0.0019695469555210403
4458.0,4558.0,0.0016379975122085362
4459.0,4559.0,0.00106962371888525
4461.0,4462.0,0.0017355450152617571
4461.0,4561.0,0.0007228765039786278
4462.0,4463.0,0.0024815300783990863
4465.0,4565.0,0.0008501602260761945
4467.0,4468.0,0.000988865597541013
4467.0,4567.0,0.001419864490014368
4468.0,4469.0,0.0029116119143868936
4469.0,4470.0,0.0023352646316846014
4470.0,4471.0,0.0009433904175899091
4470.0,4570.0,0.0020210106011583845
4471.0,4472.0,0.0027453344076812736
4471.0,4571.0,0.00128638955996833
4472.0,4473.0,0.0009206745407574725
4472.0,4572.0,0.001828024685283743
4473.0,4474.0,0.0017140381121787827
4473.0,4573.0,0.0013672603007490478
4474.0,4475.0,0.0015999549524909667
4474.0,4574.0,0.0014628996308687764
4475.0,4476.0,0.0024681875982177056
4475.0,4575.0,0.0008987835167595559
4476.0,4477.0,0.0019050559466852993
4477.0,4577.0,0.0007500574511353226
4479.0,4480.0,0.0017464297352026844
4479.0,4579.0,0.0011480528559269427
4480.0,4481.0,0.0017380831107856388
4481.0,4482.0,0.0011319445436943066
4482.0,4483.0,0.002097515542254229
4482.0,4582.0,0.0011021521129163222
4483.0,4583.0,0.0006338994399755053
4485.0,4486.0,0.0021558676211685503
4489.0,4490.0,0.0017743509263951896
4490.0,4491.0,0.002034090649405818
4490.0,4590.0,0.0011071415130872845
4491.0,4492.0,0.00269589577877178
4492.0,4592.0,0.001707337728745452
4494.0,4495.0,0.0012585822539668255
4494.0,4594.0,0.0014855427324742417
4495.0,4595.0,0.0016268247754439693
4497.0,4498.0,0.0011706264519485384
4497.0,4597.0,0.0008800584185193458
4498.0,4499.0,0.002165976124060358
4499.0,4599.0,0.0008947418007388038
4519.0,4520.0,0.0025139762548603934
4520.0,4521.0,0.001009574747108612
4520.0,4620.0,0.0013304652456969225
4521.0,4522.0,0.0026899103665361107
4522.0,4523.0,0.0016924892968639895
4522.0,4622.0,0.0011871037233507854
4523.0,4524.0,0.0011579870551948963
4523.0,4623.0,0.0007148615320461621
4524.0,4525.0,0.0031995381697992186
4524.0,4624.0,0.000880651832454416
4525.0,4526.0,0.0014093449719636655
4525.0,4625.0,0.0004464292553138187
4526.0,4527.0,0.0026887795670154048
4527.0,4528.0,0.0004038006067360308
4527.0,4627.0,0.0020152401668300565
4528.0,4529.0,0.0029396637937016464
4528.0,4628.0,0.0015225490468300646
4529.0,4530.0,0.0018805358863892914
4529.0,4629.0,0.0013597804859615831
4532.0,4533.0,0.001382826359309337
4536.0,4537.0,0.0018683914391786228
4536.0,4636.0,0.0005835767130398022
4537.0,4637.0,0.0010992943645802469
4540.0,4640.0,0.0008691633793447232
4542.0,4543.0,0.0015612065366248146
4542.0,4642.0,0.0008572204967242842
4543.0,4643.0,0.0005639630927620915
4548.0,4549.0,0.0019522007914135994
4551.0,4552.0,0.00171993328358967
4551.0,4651.0,0.001317627280379525
4552.0,4652.0,0.0009860250402480147
4554.0,4555.0,0.001563116352034556
4554.0,4654.0,0.0009093157867286494
4557.0,4558.0,0.0017322612331852128
4558.0,4559.0,0.0018448984416486991
4558.0,4658.0,0.0011131549442905152
4559.0,4560.0,0.0020012010718570205
4560.0,4561.0,0.0011735587799507194
4560.0,4660.0,0.0014442084683304562
4561.0,4661.0,0.001509125524930996
4565.0,4566.0,0.002323585406220143
4565.0,4665.0,0.0009338565896289782
4566.0,4567.0,0.0012295629996057927
4566.0,4666.0,0.0005586017633324463
4570.0,4571.0,0.0021033314170617167
4570.0,4670.0,0.0005022627400076618
4571.0,4572.0,0.001643729089600795
4571.0,4671.0,0.0010132017814827978
4572.0,4573.0,0.002011820580966411
4573.0,4574.0,0.002758964510464107
4573.0,4673.0,0.0011920350036839444
4574.0,4575.0,0.001508276503164259
4574.0,4674.0,0.0011055161509466224
4575.0,4675.0,0.0012370817474996441
4582.0,4583.0,0.00199844556843588
4582.0,4682.0,0.0009375179411608075
4583.0,4584.0,0.0018487080245402864
4583.0,4683.0,0.0010143252042631506
4584.0,4684.0,0.0009240221696463005
4594.0,4595.0,0.0025821443201338007
4594.0,4694.0,0.0009067016102284435
4595.0,4596.0,0.0016450542726612952
4595.0,4695.0,0.0006846933693234074
4596.0,4597.0,0.0026292148048413172
4596.0,4696.0,0.0006105909596489597
4622.0,4623.0,0.0011279244832878717
4623.0,4624.0,0.0020473354439375377
4624.0,4625.0,0.0027976992493839435
4624.0,4724.0,0.0006634465163019842
4625.0,4725.0,0.0009584896973898179
4627.0,4628.0,0.0031271072415252343
4628.0,4629.0,0.0009232907721825831
4628.0,4728.0,0.0015008010994106637
4629.0,4729.0,0.0010251030484775862
4631.0,4731.0,0.0009439411263453898
4635.0,4636.0,0.001930088997947822
4635.0,4735.0,0.0012474859718640062
4636.0,4637.0,0.0013902266038314489
4637.0,4638.0,0.001198992118405588
4637.0,4737.0,0.0010622602176460065
4638.0,4639.0,0.0034403634284765326
4638.0,4738.0,0.0014728584623106063
4639.0,4640.0,0.0011678711059012426
4639.0,4739.0,0.0010966534001217972
4640.0,4641.0,0.0021186522626427933
4640.0,4740.0,0.0011276382443003892
4641.0,4642.0,0.001661645365293644
4641.0,4741.0,0.0015892586982594978
4642.0,4643.0,0.0018522326041850192
4642.0,4742.0,0.000688232664143097
4643.0,4743.0,0.0015980072121283865
4646.0,4647.0,0.0019186096007262567
4651.0,4652.0,0.002318891383829608
4651.0,4751.0,0.0010195929089545218
4652.0,4653.0,0.0015420995168922188
4652.0,4752.0,0.0008253029140879373
4653.0,4654.0,0.0026423460522800274
4654.0,4754.0,0.001407940286381847
4658.0,4758.0,0.001467274088235594
4660.0,4661.0,0.002423874687354955
4660.0,4760.0,0.0008642194223701499
4661.0,4761.0,0.0005906504888670486
4663.0,4664.0,0.0019138922278964527
4664.0,4665.0,0.0024975235774662317
4664.0,4764.0,0.0012206565200721963
4665.0,4666.0,0.0022287058352326345
4668.0,4669.0,0.0014157683214433173
4668.0,4768.0,0.0012317000162331742
4669.0,4670.0,0.002343569160490429
4670.0,4671.0,0.002246998647084567
4671.0,4771.0,0.001133542787020276
4673.0,4674.0,0.0015764984046935176
4673.0,4773.0,0.0006934902450631619
4674.0,4675.0,0.0018896006191784433
4674.0,4774.0,0.0006624181760798561
4675.0,4676.0,0.0024562734416186025
4675.0,4775.0,0.0015514133040546796
4676.0,4776.0,0.001428356429607445
4680.0,4681.0,0.0028872375620999846
4681.0,4682.0,0.0017539569236441994
4681.0,4781.0,0.0007172929248184048
4682.0,4683.0,0.0020549053554847793
4682.0,4782.0,0.0011034593830297553
4683.0,4684.0,0.0010651463045043645
4683.0,4783.0,0.0013886608405230957
4684.0,4685.0,0.0018833368923275335
4684.0,4784.0,0.0014717618897117993
4685.0,4686.0,0.001952843160626309
4685.0,4785.0,0.0002458593093617067
4686.0,4687.0,0.002261129808304449
4691.0,4791.0,0.0013882236851459192
4693.0,4694.0,0.0016397488252776766
4693.0,4793.0,0.001446342435249209
4694.0,4695.0,0.001493118109862482
4694.0,4794.0,0.0007751163009508087
4695.0,4696.0,0.002525023122665964
4696.0,4796.0,0.0011241488958319034
4724.0,4725.0,0.002100812473782301
4724.0,4824.0,0.0009064141492742722
4725.0,4726.0,0.0012361087856644028
4725.0,4825.0,0.0011866567827274884
4726.0,4826.0,0.0010245069887563206
4728.0,4729.0,0.0022456901767607404
4728.0,4828.0,0.0008507750877898304
4729.0,4730.0,0.00179852509017812
4730.0,4731.0,0.0019094174635213407
4731.0,4831.0,0.0007567997687600514
4737.0,4738.0,0.0017002128102090884
4737.0,4837.0,0.0016328117833990519
4738.0,4739.0,0.0015984871378903025
4738.0,4838.0,0.0013633753885098701
4739.0,4740.0,0.002089204425134026
4740.0,4741.0,0.00081421597257487
4741.0,4742.0,0.0028216247961061675
4741.0,4841.0,0.0008383836353365726
4742.0,4743.0,0.001600043340038982
4742.0,4842.0,0.0007010553187926984
4743.0,4843.0,0.0008394808693475377
4751.0,4752.0,0.002282654351845747
4751.0,4851.0,0.0013039823810182213
4754.0,4755.0,0.0014160367403423407
4754.0,4854.0,0.0015415229385231054
4757.0,4758.0,0.0020100623000287392
4757.0,4857.0,0.0015331800155212562
4758.0,4759.0,0.0034742358886527434
4759.0,4760.0,0.0011334903660826636
4760.0,4761.0,0.002195957415343308
4760.0,4860.0,0.0007667734019906006
4764.0,4864.0,0.0006754394495438269
4767.0,4768.0,0.0008128370377879428
4767.0,4867.0,0.0010948911544109224
4771.0,4772.0,0.0015144615544812209
4771.0,4871.0,0.0011316592596704142
4772.0,4773.0,0.001753114263246998
4772.0,4872.0,0.0010068696291000807
4773.0,4774.0,0.0013454253230858442
4773.0,4873.0,0.0011000389311263444
4774.0,4775.0,0.0031512731554084877
4775.0,4776.0,0.0007797153647321269
4775.0,4875.0,0.0008950764213174438
4776.0,4777.0,0.0020279782863731285
4776.0,4876.0,0.000790859608276468
4777.0,4877.0,0.000615509163217177
4779.0,4879.0,0.001458672646620354
4781.0,4782.0,0.001456166487734764
4781.0,4881.0,0.0009941474991210556
4782.0,4783.0,0.00252309511909511
4783.0,4784.0,0.0020976915693210257
4783.0,4883.0,0.0007622674596182998
4784.0,4785.0,0.001100482135248799
4784.0,4884.0,0.0006307300611184218
4785.0,4885.0,0.0009315244494925513
4788.0,4789.0,0.0015641772310068822
4789.0,4790.0,0.0021733069019347876
4789.0,4889.0,0.0009878518967935891
4790.0,4791.0,0.0018693425796254288
4791.0,4792.0,0.0022803379793351754
4791.0,4891.0,0.0008136121188911296
4792.0,4793.0,0.0007758737655057953
4792.0,4892.0,0.0011097835149244042
4793.0,4794.0,0.002202378126026769
4793.0,4893.0,0.0014621218724857389
4796.0,4797.0,0.0019517693716214692
4797.0,4798.0,0.002758170989985934
4819.0,4820.0,0.0011669468582574077
4824.0,4825.0,0.0017486942614416948
4824.0,4924.0,0.0010878468320506965
4825.0,4826.0,0.0017317590594536397
4825.0,4925.0,0.0007133890172956223
4826.0,4827.0,0.0010857994750411576
4827.0,4828.0,0.0026213452138168546
4827.0,4927.0,0.0012315088834425442
4831.0,4832.0,0.0020267723231778972
4831.0,4931.0,0.0017753157465647059
4832.0,4932.0,0.0007219135682337705
4837.0,4838.0,0.0016555731243286821
4837.0,4937.0,0.0006216096926514851
4838.0,4938.0,0.001231504120986325
4841.0,4842.0,0.0023168792912018283
4842.0,4843.0,0.0012812836141922392
4843.0,4844.0,0.0015789309959584846
4843.0,4943.0,0.0008127364763560991
4844.0,4944.0,0.0017212865537145725
4846.0,4946.0,0.0007379175089395954
4848.0,4948.0,0.001810757565219059
4850.0,4851.0,0.0014747159896062805
4850.0,4950.0,0.0005272905935060578
4851.0,4951.0,0.000591174804943598
4853.0,4854.0,0.0013428566602581475
4853.0,4953.0,0.0006272103634371004
4854.0,4954.0,0.0007039551477197958
4856.0,4857.0,0.0027954429005075973
4856.0,4956.0,0.0008267383745740762
4860.0,4960.0,0.0013403599068853049
4862.0,4863.0,0.0015567323629955448
4862.0,4962.0,0.0006279546002722075
4863.0,4864.0,0.0023226557773376004
4863.0,4963.0,0.001063453887100429
4864.0,4865.0,0.0010934907818553731
4864.0,4964.0,0.001674092903637142
4865.0,4866.0,0.002242550556842956
4866.0,4867.0,0.0019080820789474631
4866.0,4966.0,0.0014342327914260392
4867.0,4967.0,0.0014191915480294805
4870.0,4871.0,0.001101931526912293
4871.0,4872.0,0.002693067747013059
4871.0,4971.0,0.0018050573231901835
4872.0,4873.0,0.0019882765853866773
4872.0,4972.0,0.0010660046200629944
4875.0,4876.0,0.0011210925965334274
4875.0,4975.0,0.0014856983071961948
4876.0,4877.0,0.001988767306649073
4876.0,4976.0,0.0009382720554313015
4877.0,4977.0,0.0018660630321587106
4879.0,4880.0,0.0024302549866219818
4879.0,4979.0,0.0007909310968740755
4880.0,4881.0,0.0015128870546078498
4880.0,4980.0,0.001589123270859912
4881.0,4981.0,0.0014874289562878953
4883.0,4884.0,0.002275264347278908
4883.0,4983.0,0.0011620999096518638
4884.0,4885.0,0.0016575085942461282
4884.0,4984.0,0.0008249775572694249
4885.0,4886.0,0.0015751401112279158
4885.0,4985.0,0.0009441916595689854
4886.0,4887.0,0.002335904272439399
4886.0,4986.0,0.0004378441389364801
4889.0,4989.0,0.001049805505793184
4891.0,4892.0,0.002267942161960934
4891.0,4991.0,0.0015504512923627473
4892.0,4893.0,0.0021875731256347157
4893.0,4993.0,0.0010071293511770911
4918.0,5018.0,0.0008155684704559426
4923.0,4924.0,0.0020374412286002534
4923.0,5023.0,0.0013740028820941085
4924.0,4925.0,0.002312156054421613
4925.0,5025.0,0.0012577256457588725
4927.0,5027.0,0.0004582322227852807
4929.0,4930.0,0.0021001740594531
4929.0,5029.0,0.0009609182379334038
4930.0,4931.0,0.002599372041474196
4930.0,5030.0,0.0006748632157711312
4931.0,4932.0,0.0017240206060251458
4932.0,4933.0,0.000677845948573638
4932.0,5032.0,0.000884753355463265
4937.0,4938.0,0.0007423856814392575
4937.0,5037.0,0.0012308459854967388
4938.0,4939.0,0.002534155954158784
4939.0,4940.0,0.0021272632183158492
4939.0,5039.0,0.000728974567454697
4943.0,4944.0,0.0019183934971751912
4944.0,4945.0,0.0012138993697996228
4945.0,4946.0,0.0020378538612960692
4948.0,4949.0,0.0006930211035761687
4948.0,5048.0,0.0012398619479589827
4949.0,4950.0,0.002995009838046815
4949.0,5049.0,0.000616411713060732
4950.0,4951.0,0.0006933493275400833
4950.0,5050.0,0.0008819200247201453
4951.0,4952.0,0.002355753034594381
4951.0,5051.0,0.0011271396763465615
4952.0,4953.0,0.002521258499241895
4952.0,5052.0,0.0011963143608592747
4953.0,4954.0,0.0013943670248537249
4954.0,4955.0,0.0025075832867524177
4954.0,5054.0,0.0009105981550582589
4955.0,4956.0,0.0011125646498081686
4960.0,4961.0,0.0018127846259265738
4960.0,5060.0,0.0012093318237798635
4961.0,4962.0,0.0017247779712183462
4962.0,4963.0,0.0022030745425426113
4962.0,5062.0,0.0010476360293534966
4963.0,4964.0,0.0011441467126218417
4963.0,5063.0,0.0011885626992325083
4966.0,4967.0,0.003161680883644098
4966.0,5066.0,0.00027100636523425735
4967.0,5067.0,0.001561904734610359
4971.0,4972.0,0.0010730450596317155
4971.0,5071.0,0.0006102098081818173
4974.0,4975.0,0.002545321040654871
4974.0,5074.0,0.0007141019605072588
4975.0,4976.0,0.0009575340411696548
4975.0,5075.0,0.0011402830745045767
4976.0,4977.0,0.0024983697184358727
4976.0,5076.0,0.000453260465958074
4977.0,5077.0,0.000907149557680735
4979.0,4980.0,0.002088530279885444
4980.0,4981.0,0.002185100100682131
4980.0,5080.0,0.001008054323933021
4981.0,4982.0,0.0029209265327979055
4981.0,5081.0,0.0005409163059085741
4982.0,4983.0,0.0009959926606161412
4982.0,5082.0,0.001194800891364138
4983.0,4984.0,0.0019002789532073935
4983.0,5083.0,0.0006677717574142071
4984.0,4985.0,0.0022180194498696033
4984.0,5084.0,0.0011893494230028516
4985.0,4986.0,0.0013748596182884248
4985.0,5085.0,0.0013785517763198437
4986.0,5086.0,0.0012762328196688725
4989.0,4990.0,0.0016158622744539173
4990.0,4991.0,0.002280924466088556
4991.0,5091.0,0.001321144541675856
4993.0,5093.0,0.0009479323657271847
4996.0,4997.0,0.0019768081141071725
5020.0,5021.0,0.0019218605152299024
5023.0,5123.0,0.0008578276342020021
5025.0,5026.0,0.001626230518714559
5026.0,5027.0,0.0021916213290626317
5026.0,5126.0,0.0014391093669303804
5027.0,5028.0,0.0024406485715894968
5027.0,5127.0,0.0011008448800835591
5028.0,5029.0,0.001355402423636144
5028.0,5128.0,0.0007425570954480873
5029.0,5030.0,0.0028017242869332994
5030.0,5130.0,0.0013927443124992663
5037.0,5137.0,0.0010261427580975024
5039.0,5139.0,0.0009610409044404444
5041.0,5042.0,0.002247338187722326
5041.0,5141.0,0.0007303453703518087
5048.0,5049.0,0.002206585348451532
5048.0,5148.0,0.0011583394407542625
5049.0,5050.0,0.0024476592123902595
5050.0,5051.0,0.0011598399587862832
5050.0,5150.0,0.0013440012388378137
5051.0,5052.0,0.0026250473290974343
5051.0,5151.0,0.0011365214032361887
5054.0,5154.0,0.0013009785125077393
5059.0,5060.0,0.0008913038763514027
5060.0,5160.0,0.00072119258176679
5062.0,5063.0,0.0016779234368704608
5063.0,5163.0,0.0012126966685840508
5066.0,5067.0,0.0019328680917245602
5066.0,5166.0,0.0015409781471556732
5067.0,5068.0,0.0017399925890650581
5067.0,5167.0,0.0005322712090621481
5068.0,5168.0,0.0014348925604411717
5071.0,5171.0,0.0016782585766144588
5074.0,5075.0,0.0019063703784938403
5074.0,5174.0,0.0008736007154278558
5075.0,5076.0,0.002032071307802921
5076.0,5077.0,0.0019210356842072351
5076.0,5176.0,0.0013486954066740308
5077.0,5078.0,0.0016728960906162902
5077.0,5177.0,0.0005200207784280504
5078.0,5178.0,0.0011518283292204566
5080.0,5081.0,0.001786341434329046
5080.0,5180.0,0.0014371476263788398
5081.0,5082.0,0.0015885198424961606
5081.0,5181.0,0.0009371065307650339
5082.0,5083.0,0.0024901699721106094
5082.0,5182.0,0.0011816588424751605
5083.0,5084.0,0.0016169903308298876
5084.0,5085.0,0.0023247195981454427
5084.0,5184.0,0.001368551997553738
5085.0,5086.0,0.002132197223522022
5085.0,5185.0,0.0004969460835937623
5091.0,5092.0,0.0022132005467187417
5092.0,5093.0,0.002030276995879091
5095.0,5195.0,0.0010253628674732496
5119.0,5219.0,0.0005368378619283487
5122.0,5123.0,0.0012542386096738008
5123.0,5124.0,0.0023699578835918696
5123.0,5223.0,0.001007502858554873
5124.0,5224.0,0.0007902777043526276
5126.0,5127.0,0.0011480699847985119
5127.0,5128.0,0.002968520052147085
5127.0,5227.0,0.0015977282434736643
5128.0,5228.0,0.001294281553602504
5130.0,5131.0,0.0010423505408450782
5130.0,5230.0,0.0010608095116423273
5131.0,5231.0,0.000790275217880141
5133.0,5134.0,0.001132284067715335
5134.0,5234.0,0.0005808356480131227
5136.0,5137.0,0.0011694737705505453
5136.0,5236.0,0.0001802112649050666
5137.0,5138.0,0.0021350050538590177
5138.0,5139.0,0.0023451512573819176
5139.0,5140.0,0.002086259643477619
5139.0,5239.0,0.0007874617578038634
5140.0,5141.0,0.0017417762715110782
5140.0,5240.0,0.0014722513406346515
5141.0,5241.0,0.0014865753294076374
5143.0,5144.0,0.002510095705346628
5143.0,5243.0,0.0014082026274691364
5144.0,5145.0,0.0017494192179120425
5144.0,5244.0,0.0015931261971332304
5145.0,5146.0,0.001728436938392817
5145.0,5245.0,0.001104687743212147
5146.0,5246.0,0.0010160508304167077
5148.0,5248.0,0.0005135006523865517
5150.0,5151.0,0.001914614530395584
5151.0,5251.0,0.0009806600073386297
5154.0,5254.0,0.0003640387341998553
5160.0,5161.0,0.0014267660249668627
5160.0,5260.0,0.001092541134239271
5161.0,5261.0,0.000983253237982662
5166.0,5167.0,0.0014741802230400416
5166.0,5266.0,0.0006688627960954335
5167.0,5168.0,0.001918859674390946
5167.0,5267.0,0.001006103622896043
5168.0,5169.0,0.0011749447008250209
5168.0,5268.0,0.0009995328208709567
5169.0,5170.0,0.002318001432268348
5169.0,5269.0,0.001018622059454363
5170.0,5171.0,0.0020460744585670165
5170.0,5270.0,0.0011905379498335072
5171.0,5172.0,0.001908662217364693
5171.0,5271.0,0.0005394000834287397
5172.0,5173.0,0.0027904761690436012
5172.0,5272.0,0.0012467601934577498
5173.0,5174.0,0.0009951723519068378
5174.0,5274.0,0.000772545772107078
5176.0,5177.0,0.0014476746492217115
5176.0,5276.0,0.001213997429982468
5177.0,5178.0,0.002104555183405678
5178.0,5179.0,0.001330008409747756
5178.0,5278.0,0.0011190749483421156
5179.0,5180.0,0.001875285711564654
5180.0,5181.0,0.0021217275249196064
5180.0,5280.0,0.0007894791004216201
5181.0,5182.0,0.00266369950257301
5181.0,5281.0,0.0014119440392592756
5182.0,5282.0,0.0007782832003814758
5184.0,5185.0,0.0026705077363685568
5184.0,5284.0,0.0007199760134852755
5185.0,5285.0,0.0012276353285938135
5194.0,5195.0,0.0011595327334750713
5195.0,5196.0,0.002442682934807272
5196.0,5296.0,0.00023797756196769604
5201.0,5202.0,0.001473431783285666
5201.0,5301.0,0.0007964559560946393
5202.0,5302.0,0.000581152596141505
5219.0,5220.0,0.0023932195720396034
5220.0,5221.0,0.001180803539967614
5221.0,5321.0,0.001102811212312027
5223.0,5224.0,0.0019975244804507526
5223.0,5323.0,0.0013429619354255818
5224.0,5225.0,0.0023094705735294857
5224.0,5324.0,0.001319647051297556
5225.0,5325.0,0.00036180049751305843
5227.0,5228.0,0.0007251825839058664
5227.0,5327.0,0.0011062166379150204
5228.0,5229.0,0.0024213852440282744
5229.0,5230.0,0.0019750420375256226
5229.0,5329.0,0.0010425082541603145
5230.0,5231.0,0.001944529014954093
5230.0,5330.0,0.0007255625403799813
5231.0,5331.0,0.0012870671505395039
5239.0,5240.0,0.001014062251540173
5239.0,5339.0,0.00084347806136175
5240.0,5241.0,0.0031251646388631526
5241.0,5242.0,0.001498600480448025
5241.0,5341.0,0.0005612878049629817
5242.0,5243.0,0.0013363009578685832
5242.0,5342.0,0.0006223732722445321
5243.0,5244.0,0.001953878371342439
5243.0,5343.0,0.001183151778087526
5244.0,5245.0,0.0029580816908934132
5245.0,5246.0,0.0017300592157500048
5248.0,5249.0,0.00264875350684016
5249.0,5349.0,0.0010549452355447895
5259.0,5260.0,0.0011185139471637127
5259.0,5359.0,0.0009479962974622317
5260.0,5261.0,0.001606587616658494
5260.0,5360.0,0.000623853356165041
5261.0,5262.0,0.0024013457976727933
5266.0,5267.0,0.0005283467138162836
5267.0,5268.0,0.0023666635269933584
5268.0,5269.0,0.0020877213439537573
5268.0,5368.0,0.001021113181774898
5269.0,5270.0,0.0024570004578755708
5270.0,5271.0,0.0007985347393807016
5270.0,5370.0,0.0010378415148787432
5271.0,5272.0,0.002342782117483063
5271.0,5371.0,0.0012850630879468641
5272.0,5372.0,0.001099100618689504
5274.0,5275.0,0.00245353795568782
5275.0,5276.0,0.0010902906860089617
5276.0,5376.0,0.001037778801095923
5278.0,5378.0,0.0008473936806466665
5280.0,5281.0,0.0020657530951201804
5280.0,5380.0,0.0010515464659223701
5281.0,5282.0,0.0017001824637371847
5281.0,5381.0,0.0006796210193949924
5282.0,5283.0,0.0022988293651335216
5282.0,5382.0,0.0009185726862935282
5283.0,5284.0,0.0007137489334485781
5283.0,5383.0,0.0007743717776368758
5284.0,5285.0,0.0026205355273298163
5291.0,5292.0,0.003165761109117754
5291.0,5391.0,0.0006475016988382445
5292.0,5293.0,0.000985271155570497
5292.0,5392.0,0.0013376728449064584
5296.0,5297.0,0.001730057608867154
5297.0,5298.0,0.0028373950817609937
5298.0,5398.0,0.0005719610913376971
5301.0,5302.0,0.0014000595165920438
5301.0,5401.0,0.0012838388411309167
5302.0,5402.0,0.0006065281032216578
5306.0,5406.0,0.0006024764891730147
5321.0,5421.0,0.0009096462829051285
5323.0,5324.0,0.001717042075780705
5323.0,5423.0,0.00031117204244553864
5324.0,5325.0,0.003087514736806433
5324.0,5424.0,0.0008542135622938018
5325.0,5326.0,0.001985067578195235
5325.0,5425.0,0.002015483061205258
5326.0,5327.0,0.0009522697621998996
5326.0,5426.0,0.0013202769747304261
5329.0,5330.0,0.0011450943585575972
5329.0,5429.0,0.0007581143779175807
5330.0,5331.0,0.002475283725151338
5331.0,5431.0,0.0010825423640701826
5335.0,5435.0,0.0008254624158629672
5339.0,5439.0,0.0005936682575313755
5341.0,5342.0,0.0012299577756983348
5341.0,5441.0,0.0007669978161623938
5342.0,5343.0,0.0026582060962230224
5342.0,5442.0,0.0010396353591495076
5343.0,5443.0,0.0008137681488010597
5349.0,5449.0,0.00045270879161070533
5358.0,5359.0,0.0024437824002966403
5358.0,5458.0,0.0005795340369614917
5359.0,5360.0,0.0018051504092465149
5359.0,5459.0,0.0008723313877132383
5360.0,5460.0,0.000822061141276321
5364.0,5365.0,0.0022508802056097022
5364.0,5464.0,0.001462578083390712
5370.0,5371.0,0.001984668042771571
5370.0,5470.0,0.0007295307053148888
5371.0,5372.0,0.0022837666999938463
5371.0,5471.0,0.001245111794174589
5372.0,5373.0,0.0006855027060499292
5372.0,5472.0,0.0007406880652422977
5373.0,5473.0,0.002002999013978862
5376.0,5377.0,0.0008187320746127512
5376.0,5476.0,0.0012150131686534294
5377.0,5378.0,0.0015280133539989813
5377.0,5477.0,0.0008271535830772312
5378.0,5379.0,0.0025668593748000416
5378.0,5478.0,0.0022021688513790567
5379.0,5380.0,0.002605856651851576
5379.0,5479.0,0.0007989469319030571
5380.0,5381.0,0.0011326449090508363
5380.0,5480.0,0.0012490071456947864
5381.0,5382.0,0.0027664521575475483
5381.0,5481.0,0.0016068471769280228
5382.0,5383.0,0.0013258140141061952
5382.0,5482.0,0.001353857222897681
5383.0,5483.0,0.0009618546511794628
5390.0,5391.0,0.0010049156482008269
5390.0,5490.0,0.001768745238866423
5391.0,5392.0,0.0019178425404605972
5392.0,5492.0,0.0011142386997384291
5394.0,5494.0,0.0007653392711733577
5401.0,5402.0,0.0011338403767739821
5406.0,5506.0,0.0010838719712205703
5419.0,5420.0,0.001716319702153302
5420.0,5421.0,0.0017207607271205432
5421.0,5422.0,0.0020295191548738937
5421.0,5521.0,0.0010011521063226828
5422.0,5423.0,0.001557668209216045
5422.0,5522.0,0.0005880754458381304
5423.0,5424.0,0.0021039643057808506
5423.0,5523.0,0.0020230242361367117
5424.0,5425.0,0.001375071347239697
5424.0,5524.0,0.0008903725343898457
5425.0,5426.0,0.002370498084791995
5425.0,5525.0,0.0007973853522619754
5426.0,5526.0,0.001559571922034397
5428.0,5429.0,0.0017277714721555704
5428.0,5528.0,0.0016213823238247032
5429.0,5529.0,0.001548699635175595
5431.0,5432.0,0.0014337019808876197
5431.0,5531.0,0.00041184100087234476
5432.0,5532.0,0.0005738652542153761
5434.0,5435.0,0.0020362709569206753
5434.0,5534.0,0.0005249673608899993
5435.0,5436.0,0.0014118014201722838
5435.0,5535.0,0.0013010076248818202
5436.0,5536.0,0.0011765515203328812
5439.0,5440.0,0.0007648957118459599
5440.0,5441.0,0.0030613873799305268
5441.0,5442.0,0.002057925387374479
5442.0,5443.0,0.0017566184019304066
5443.0,5444.0,0.0011889483504338182
5444.0,5445.0,0.0030440023603804873
5445.0,5446.0,0.0017188610647749282
5448.0,5449.0,0.0019504227874993854
5457.0,5458.0,0.001075947140893736
5457.0,5557.0,0.0014504680761679581
5458.0,5459.0,0.002203802969868111
5458.0,5558.0,0.0014585775844974881
5459.0,5460.0,0.002172716523156873
5459.0,5559.0,0.0006087566344606957
5460.0,5560.0,0.0015306842946898223
5463.0,5464.0,0.0013612494260784027
5464.0,5564.0,0.0014463498919685355
5466.0,5467.0,0.001896705103594574
5467.0,5567.0,0.0011943515897738656
5469.0,5470.0,0.0019512608667216745
5469.0,5569.0,0.0006343001261243593
5470.0,5471.0,0.0027675193892731115
5470.0,5570.0,0.001091865490803377
5471.0,5472.0,0.0018408486222392813
5471.0,5571.0,0.00098214245911677
5472.0,5473.0,0.002409013345749829
5472.0,5572.0,0.0006138943313016368
5473.0,5474.0,0.0007295552892003979
5473.0,5573.0,0.0007218401000250041
5474.0,5574.0,0.0012827795134003608
5476.0,5477.0,0.0022715768003758333
5476.0,5576.0,0.0010958091302768669
5477.0,5478.0,0.0025479294672339356
5477.0,5577.0,0.001557105946945122
5478.0,5479.0,0.0005497858674057446
5478.0,5578.0,0.00109434075589197
5479.0,5480.0,0.002217120411705046
5479.0,5579.0,0.0011487965268066598
5480.0,5481.0,0.0026067701030208336
5480.0,5580.0,0.0007924361740870692
5481.0,5482.0,0.0013339800635694388
5481.0,5581.0,0.0008560481878904773
5482.0,5483.0,0.0028313374030661843
5482.0,5582.0,0.0009826201555053367
5483.0,5484.0,0.0018322079194246772
5483.0,5583.0,0.0010130385037155551
5484.0,5485.0,0.0008758505009421933
5484.0,5584.0,0.0016480571258289723
5485.0,5585.0,0.0013707653227285682
5490.0,5590.0,0.00040199830845227526
5492.0,5493.0,0.000874399782707928
5493.0,5494.0,0.0031299499884183102
5493.0,5593.0,0.0011698540507267784
5496.0,5497.0,0.001760552586547597
5496.0,5596.0,0.0009654089547965929
5497.0,5597.0,0.0007788567326543793
5503.0,5603.0,0.0006491798287086713
5505.0,5506.0,0.002738903729596659
5505.0,5605.0,0.00041296004649354917
5506.0,5507.0,0.0013637322207826804
5507.0,5607.0,0.0013276659594953345
5511.0,5512.0,0.0017486172622959788
5512.0,5612.0,0.0015729971392193605
5521.0,5522.0,0.0015790850040449745
5521.0,5621.0,0.0006686513291733766
5522.0,5523.0,0.0029590313448827417
5522.0,5622.0,0.0013665127478345996
5523.0,5524.0,0.0006014956442072092
5524.0,5525.0,0.0020439933463677618
5524.0,5624.0,0.0008551215410695396
5525.0,5526.0,0.0030391137277173907
5525.0,5625.0,0.0010716047498934029
5526.0,5527.0,0.0010632243460346024
5527.0,5528.0,0.001268578803228291
5527.0,5627.0,0.0009668586918467429
5528.0,5529.0,0.002083161659593688
5529.0,5629.0,0.0010172685240376251
5531.0,5532.0,0.0008416873112975966
5532.0,5533.0,0.002859549371841883
5533.0,5534.0,0.0014827154548323754
5533.0,5633.0,9.627429563648152e-05
5534.0,5535.0,0.0031021950551186517
5535.0,5536.0,0.0017562585373463687
5535.0,5635.0,0.0013627835117856384
5538.0,5638.0,0.00042344125920860823
5555.0,5556.0,0.0017892055723148128
5556.0,5557.0,0.0021813433223576814
5556.0,5656.0,0.0017179455288217978
5557.0,5558.0,0.0022486575773116024
5557.0,5657.0,0.0011217595642584633
5558.0,5559.0,0.0016598696394595346
5559.0,5560.0,0.0006619714948532002
5560.0,5561.0,0.0023297952377835896
5560.0,5660.0,0.0015693597420593072
5561.0,5562.0,0.0013755784419657903
5561.0,5661.0,0.0008486287822144058
5562.0,5662.0,0.0017649866656736695
5564.0,5565.0,0.0019874163378622535
5565.0,5665.0,0.0008728472088544866
5567.0,5667.0,0.0005843790636226547
5569.0,5570.0,0.002382527802565803
5569.0,5669.0,0.001080484599614019
5570.0,5571.0,0.0010441370839120096
5570.0,5670.0,0.001513848542620437
5571.0,5572.0,0.0025153774368867486
5571.0,5671.0,0.0010947540454338055
5572.0,5573.0,0.002247204138480173
5572.0,5672.0,0.001487617844072052
5573.0,5574.0,0.0005882196953509273
5573.0,5673.0,0.001110171234538777
5574.0,5575.0,0.00317537225849164
5574.0,5674.0,0.0017763428779381618
5575.0,5576.0,0.0019100501040549567
5575.0,5675.0,0.0010758599908890839
5576.0,5577.0,0.0014288267774648343
5576.0,5676.0,0.0006776252651733253
5577.0,5578.0,0.002063507065652807
5577.0,5677.0,0.0005232275699890943
5578.0,5579.0,0.0018031519431265352
5578.0,5678.0,0.0011524416688053632
5579.0,5580.0,0.001624521471079955
5579.0,5679.0,0.0013579137122790724
5580.0,5581.0,0.0023194652875173937
5581.0,5582.0,0.002224818846557269
5581.0,5681.0,0.0008695095686690679
5582.0,5583.0,0.0016601391538059848
5582.0,5682.0,0.0012190573161212108
5583.0,5584.0,0.0012382774567895234
5583.0,5683.0,0.0015669209041883744
5584.0,5585.0,0.003134137626205853
5584.0,5684.0,0.00020289149809843827
5585.0,5586.0,0.0020099791889473377
5585.0,5685.0,0.0005530049638098318
5586.0,5587.0,0.0005442328362024109
5586.0,5686.0,0.0004936667904564929
5587.0,5687.0,0.0007205981543127695
5590.0,5591.0,0.0016363553434385653
5590.0,5690.0,0.0010257078043943465
5591.0,5691.0,0.0011625083397544713
5593.0,5693.0,0.0012118557752500887
5595.0,5596.0,0.0013561059840597465
5595.0,5695.0,0.000906789881946376
5596.0,5597.0,0.0021236642413525646
5596.0,5696.0,0.0011111266804492794
5597.0,5598.0,0.0022564682005295493
5597.0,5697.0,0.0017364929052585047
5598.0,5698.0,0.0010393695396744397
5603.0,5604.0,0.002210131806024655
5603.0,5703.0,0.0016186863346540534
5604.0,5605.0,0.0006153255804861344
5604.0,5704.0,0.0008896376902986956
5612.0,5712.0,0.001567109421833221
5621.0,5622.0,0.00295552595995976
5624.0,5625.0,0.0016228278929075446
5625.0,5725.0,0.001057289444762029
5629.0,5729.0,0.0011647835550028086
5633.0,5733.0,0.0009081348908584186
5635.0,5735.0,0.0005807706001520217
5638.0,5639.0,0.0018680819066636176
5638.0,5738.0,0.0011356465383175031
5639.0,5640.0,0.0020582928168748167
5639.0,5739.0,0.000557481927952326
5640.0,5641.0,0.0015888474974019417
5640.0,5740.0,0.0007798919989334432
5641.0,5642.0,0.002160840206956364
5644.0,5744.0,0.0003010974925162241
5646.0,5647.0,0.0027199112650965066
5646.0,5746.0,0.0003237215624547971
5647.0,5648.0,0.0019678517754144367
5647.0,5747.0,0.00038169434106150886
5648.0,5649.0,0.0018661745925824724
5648.0,5748.0,0.00021736835095929945
5649.0,5749.0,0.001223412395720524
5654.0,5754.0,0.0009424992360711972
5656.0,5657.0,0.002264495840137726
5656.0,5756.0,0.001490947034606978
5657.0,5757.0,0.0005159130546883205
5660.0,5661.0,0.000932870033821673
5660.0,5760.0,0.0016143943043767494
5661.0,5662.0,0.0024678408964110316
5661.0,5761.0,0.0009092411341331674
5665.0,5666.0,0.002508801173867353
5665.0,5765.0,0.0010888141163651471
5666.0,5667.0,0.001901433735369924
5666.0,5766.0,0.0013869445014127225
5667.0,5668.0,0.0006045144994137872
5667.0,5767.0,0.0010608339596747756
5668.0,5669.0,0.002475122788873196
5668.0,5768.0,0.0012931927389224279
5669.0,5670.0,0.0019715342375928647
5670.0,5671.0,0.0019831332834684893
5670.0,5770.0,0.0007131358706426814
5671.0,5672.0,0.0016926249259660534
5671.0,5771.0,0.0009133282706689703
5672.0,5673.0,0.0023144839597629137
5672.0,5772.0,0.0011402610578265086
5673.0,5674.0,0.0028817022816387
5674.0,5675.0,0.0007399304291612286
5674.0,5774.0,0.0012477928714351443
5675.0,5676.0,0.0021614759864499147
5675.0,5775.0,0.001077940044718408
5676.0,5677.0,0.0017495483560044927
5676.0,5776.0,0.0007729678453853514
5677.0,5678.0,0.0016186339178463748
5677.0,5777.0,0.0015498132661744537
5678.0,5679.0,0.0032068927172579607
5678.0,5778.0,0.000457540085675939
5679.0,5779.0,0.0012570707418474894
5681.0,5682.0,0.001424130152057358
5682.0,5683.0,0.0020895801611808254
5682.0,5782.0,0.00043364503917321575
5683.0,5684.0,0.0012919190764112687
5683.0,5783.0,0.0006174297773842882
5684.0,5685.0,0.0032652686214151372
5684.0,5784.0,0.0020886203412787577
5685.0,5686.0,0.001599225065461349
5685.0,5785.0,0.0014061384924688284
5686.0,5687.0,0.0011170156041889364
5686.0,5786.0,0.001157516557117719
5687.0,5688.0,0.0024165149140861113
5687.0,5787.0,0.0006381600504548255
5688.0,5788.0,0.0005570644486946821
5690.0,5691.0,0.002390272011717435
5690.0,5790.0,0.0010904098908201209
5691.0,5692.0,0.0011540392930921406
5692.0,5693.0,0.002583492374674213
5693.0,5694.0,0.0016758708333282609
5694.0,5695.0,0.001495456385187891
5694.0,5794.0,0.0009333962288351147
5695.0,5696.0,0.0016724945590346953
5695.0,5795.0,0.0005983318560789561
5696.0,5697.0,0.003119880260523015
5696.0,5796.0,0.0009445911125971114
5697.0,5698.0,0.0008203536127796185
5697.0,5797.0,0.0008507996238825593
5698.0,5798.0,0.0011184628111833555
5703.0,5704.0,0.0014491651148150378
5723.0,5823.0,0.0013284716519366493
5725.0,5726.0,0.000964647153106722
5725.0,5825.0,0.0012697903488372059
5726.0,5826.0,0.000805608496729927
5729.0,5730.0,0.0004830282496919929
5729.0,5829.0,0.0013437049713376358
5730.0,5731.0,0.0030315206695648374
5731.0,5732.0,0.002163349477084472
5731.0,5831.0,0.0012260108196880655
5732.0,5733.0,0.0016455587075518948
5733.0,5734.0,0.0012777378643525834
5733.0,5833.0,0.0015431543020742698
5734.0,5735.0,0.002463303753092196
5734.0,5834.0,0.0015022812785863168
5735.0,5736.0,0.0019110034641507693
5735.0,5835.0,0.0014248038636929018
5736.0,5737.0,0.0019188640519853975
5736.0,5836.0,0.0004577952380704341
5737.0,5738.0,0.0022450456209172297
5737.0,5837.0,0.001406972018201912
5738.0,5739.0,0.0016120221617584242
5738.0,5838.0,0.0009154520249645771
5739.0,5740.0,0.0015212706038051488
5739.0,5839.0,0.001050578326450428
5740.0,5840.0,0.001236794894067588
5744.0,5844.0,0.0014161187273663241
5746.0,5747.0,0.0023299692294103196
5747.0,5748.0,0.0023405813166815985
5748.0,5749.0,0.0022455663071939114
5748.0,5848.0,0.001366434813668967
5749.0,5849.0,0.0006657264378084886
5752.0,5753.0,0.001333473423057709
5752.0,5852.0,0.0007766612260209846
5753.0,5754.0,0.0024840124899041423
5753.0,5853.0,0.0008235089920600045
5754.0,5755.0,0.0022033237097613483
5754.0,5854.0,0.0006314692708270594
5755.0,5756.0,0.0018301346398553555
5756.0,5757.0,0.001414231922283052
5756.0,5856.0,0.0007971213834764915
5757.0,5758.0,0.0019971760488244755
5757.0,5857.0,0.0015024652874521503
5758.0,5858.0,0.0004380250791925965
5760.0,5761.0,0.002051656552642171
5760.0,5860.0,0.000751229478920237
5765.0,5766.0,0.0005848948794442772
5766.0,5767.0,0.0024576450943941375
5766.0,5866.0,0.001122587056757829
5767.0,5768.0,0.002171056906210103
5767.0,5867.0,0.0011241804703902636
5768.0,5868.0,0.0009080315082657856
5770.0,5771.0,0.0018006046206757269
5770.0,5870.0,0.001223783220181258
5771.0,5772.0,0.002072114584187093
5772.0,5872.0,0.0012599540507504659
5774.0,5775.0,0.0017377817613264783
5774.0,5874.0,0.0011468480108535286
5775.0,5776.0,0.0017464658284657693
5775.0,5875.0,0.0006172889517858705
5776.0,5777.0,0.0032583660813355958
5776.0,5876.0,0.001228569416026833
5777.0,5778.0,0.0010867377282492978
5778.0,5779.0,0.0021961980693923273
5778.0,5878.0,0.001181933064938985
5782.0,5783.0,0.001895674064812048
5782.0,5882.0,0.0013902406266541524
5783.0,5784.0,0.002969950710029077
5783.0,5883.0,0.000966793597413868
5784.0,5785.0,0.0010343066179842458
5785.0,5786.0,0.0030094228233994934
5786.0,5787.0,0.0013310456979387403
5786.0,5886.0,0.0015836729460331636
5787.0,5788.0,0.0017169755385557921
5788.0,5789.0,0.0014711322510230509
5788.0,5888.0,0.00087236320990954
5789.0,5790.0,0.002509006835383382
5790.0,5890.0,0.000560134314252032
5794.0,5795.0,0.002239376665502853
5794.0,5894.0,0.0013225816950177027
5795.0,5796.0,0.0014493152486604356
5795.0,5895.0,0.0016096543138183828
5796.0,5797.0,0.0030112123555141104
5796.0,5896.0,0.0010064247463159794
5797.0,5798.0,0.002058727084875604
5797.0,5897.0,0.0009629976375842414
5798.0,5898.0,0.0010940715195979086
5808.0,5908.0,0.001508771609621945
5822.0,5823.0,0.0024106505034942453
5823.0,5824.0,0.0012359949595365377
5823.0,5923.0,0.00022404055436645352
5824.0,5825.0,0.0013985853888832543
5825.0,5826.0,0.002231280226686017
5825.0,5925.0,0.0015480622242006056
5826.0,5827.0,0.001363999871701069
5826.0,5926.0,0.00044404461487429345
5827.0,5828.0,0.002426363379627681
5827.0,5927.0,0.0013665195571215421
5828.0,5829.0,0.00180698990589333
5828.0,5928.0,0.0010406208627574088
5833.0,5834.0,0.0014634369033205477
5833.0,5933.0,0.0005236871680665136
5834.0,5835.0,0.0023840520485085915
5835.0,5836.0,0.002716192697508788
5836.0,5837.0,0.0009305312944762593
5836.0,5936.0,0.001535878240617983
5837.0,5838.0,0.0026440027628574143
5837.0,5937.0,0.0012589542962321437
5838.0,5839.0,0.0016930976345147072
5838.0,5938.0,0.001460849222193823
5839.0,5840.0,0.0017321081259549867
5839.0,5939.0,0.000605657469201126
5840.0,5841.0,0.0020746358355142706
5840.0,5940.0,0.000612571701925285
5841.0,5842.0,0.00249967308262533
5841.0,5941.0,0.001205330867435345
5842.0,5843.0,0.0004490795141179651
5842.0,5942.0,0.0015491244623986788
5843.0,5844.0,0.0022220570874756512
5844.0,5944.0,0.0005040114482835186
5848.0,5849.0,0.0008791823758481928
5849.0,5850.0,0.0021867247517696523
5849.0,5949.0,0.0014385136530494756
5850.0,5851.0,0.0022422719125921387
5850.0,5950.0,0.0002118533691026345
5851.0,5852.0,0.002315811531623215
5852.0,5853.0,0.0014588751454469185
5852.0,5952.0,0.0011014240100861888
5853.0,5854.0,0.0022748465728486883
5854.0,5954.0,0.0016920199762416382
5856.0,5857.0,0.0013392591571460943
5856.0,5956.0,0.0011288405556152505
5857.0,5858.0,0.0015105127142788226
5857.0,5957.0,0.0009260850770835487
5858.0,5859.0,0.002694883294318837
5858.0,5958.0,0.0008494286314917259
5859.0,5860.0,0.0013345706313269646
5866.0,5867.0,0.001241000966961178
5866.0,5966.0,0.0009204856109671131
5867.0,5868.0,0.002211811682761787
5868.0,5869.0,0.0021179003966194207
5868.0,5968.0,0.0015336853816837455
5869.0,5870.0,0.0022708498541288715
5869.0,5969.0,0.0010589436717799564
5872.0,5873.0,0.0016045466961104983
5872.0,5972.0,0.001589837941427283
5873.0,5874.0,0.001103924055358841
5873.0,5973.0,0.0013822731025367248
5874.0,5875.0,0.0022403252487084684
5874.0,5974.0,0.00036422965282992167
5875.0,5876.0,0.0015905598668396002
5875.0,5975.0,0.0006032341668069743
5878.0,5978.0,0.001443606819742
5880.0,5881.0,0.0021529812121800006
5880.0,5980.0,0.0013549338766164526
5881.0,5882.0,0.002241674537037576
5882.0,5883.0,0.0005489677768314553
5882.0,5982.0,0.001008105728586071
5886.0,5986.0,0.0015375823262526321
5890.0,5891.0,0.0012529097373703247
5890.0,5990.0,0.0013984731280924656
5891.0,5991.0,0.001650996141726637
5893.0,5894.0,0.0025170311658782767
5893.0,5993.0,0.0010895391411037995
5894.0,5895.0,0.002245126277071952
5894.0,5994.0,0.0013718106283312325
5895.0,5896.0,0.0008722784245870232
5895.0,5995.0,0.0009012385366821614
5896.0,5897.0,0.0022471142405315705
5896.0,5996.0,0.0013057655876938584
5897.0,5898.0,0.002592200950929438
5897.0,5997.0,0.0008917260790178129
5898.0,5998.0,0.0010514294365317944
5906.0,5907.0,0.000885408843416271
5907.0,5908.0,0.002872008441839876
5912.0,6012.0,0.0017087311227946922
5925.0,5926.0,0.000997019207438109
5925.0,6025.0,0.001503632046079036
5926.0,5927.0,0.002398853436539733
5926.0,6026.0,0.0010206575625530748
5927.0,5928.0,0.0018374198894116085
5927.0,6027.0,0.001351185227867329
5928.0,6028.0,0.0005683845617162628
5932.0,5933.0,0.002308779012811839
5932.0,6032.0,0.0009579770613091485
5933.0,6033.0,0.0012235522792253628
5936.0,5937.0,0.002265217993924238
5936.0,6036.0,0.0008055655715067134
5937.0,5938.0,0.0016319067681703039
5938.0,5939.0,0.0021765524344700402
5938.0,6038.0,0.001050993834429866
5939.0,5940.0,0.001860349370413452
5939.0,6039.0,0.00079736706728993
5940.0,5941.0,0.002863133332557529
5940.0,6040.0,0.0008931886810750084
5941.0,5942.0,0.00040370328212703955
5941.0,6041.0,0.0014919268916404188
5942.0,6042.0,0.001562750907854013
5944.0,6044.0,0.0014602846434875088
5946.0,5947.0,0.0021266431976239737
5946.0,6046.0,0.0007489108091066472
5947.0,6047.0,0.0012426686203455427
5949.0,5950.0,0.00146772494698446
5952.0,6052.0,0.00036945283866826573
5954.0,5955.0,0.0025469523297468517
5954.0,6054.0,0.0011218249640663031
5955.0,5956.0,0.0019274212928164672
5955.0,6055.0,0.0006093717748593185
5956.0,5957.0,0.001763665756315237
5956.0,6056.0,0.0005385612314346693
5957.0,5958.0,0.0021738585993569246
5957.0,6057.0,0.001050874654753862
5958.0,6058.0,0.0012367275083859774
5961.0,6061.0,0.0009113538555335512
5963.0,5964.0,0.002190041981332313
5963.0,6063.0,0.0005341149314542771
5964.0,5965.0,0.001842300094989665
5964.0,6064.0,0.0012911956977934148
5965.0,5966.0,0.001209758575087756
5965.0,6065.0,0.0017343471451795763
5966.0,6066.0,0.001024751765062768
5968.0,5969.0,0.0014963217367929937
5971.0,5972.0,0.0015859886411944647
5971.0,6071.0,0.0012056656626067907
5972.0,5973.0,0.0018141165480760689
5973.0,5974.0,0.0021986318040998114
5974.0,5975.0,0.0022180346615865145
5977.0,5978.0,0.0026045797684085656
5978.0,5979.0,0.001589145207336492
5978.0,6078.0,0.0004382176628104147
5979.0,5980.0,0.0009288239445665079
5979.0,6079.0,0.0005407833022555282
5980.0,6080.0,0.0008376326879933509
5982.0,6082.0,0.0007580892097902856
5984.0,5985.0,0.002048207631076871
5984.0,6084.0,0.0013038551338294191
5985.0,5986.0,0.0017054582873821064
5985.0,6085.0,0.0009055036278232115
5986.0,5987.0,0.001734321841527362
5986.0,6086.0,0.0005130380297833942
5989.0,5990.0,0.00037338518985053894
5989.0,6089.0,0.0014293076505806817
5990.0,5991.0,0.0033525309424369456
5990.0,6090.0,0.0015164530787327088
5991.0,6091.0,0.0008382338695156128
5993.0,5994.0,0.0012753150395097691
5993.0,6093.0,0.0009793665350633712
5994.0,5995.0,0.0027405128315699774
5994.0,6094.0,0.0006308806305472034
5995.0,5996.0,0.0022795921038638606
5996.0,5997.0,0.0010447975880518165
5996.0,6096.0,0.0011902289737689723
5997.0,5998.0,0.002181448108481605
5997.0,6097.0,0.00067661489785694
5998.0,6098.0,0.001289416806156094
6012.0,6013.0,0.0002549198501467797
6020.0,6120.0,0.0007459469149998387
6025.0,6026.0,0.0009154556952685095
6025.0,6125.0,0.000846540489286004
6026.0,6027.0,0.0022598628918591573
6026.0,6126.0,0.0011020334023997959
6027.0,6028.0,0.002509772918014471
6027.0,6127.0,0.00020357180551134357
6032.0,6033.0,0.0022032360381949298
6032.0,6132.0,0.0014893643879220493
6033.0,6034.0,0.001288600655749901
6033.0,6133.0,0.0014931766138032872
6034.0,6035.0,0.0012715630066978535
6034.0,6134.0,0.0011016613862740703
6035.0,6036.0,0.0025691719619366994
6035.0,6135.0,0.00048636901628323437
6038.0,6039.0,0.0026875000465127375
6038.0,6138.0,0.0003306479245349514
6039.0,6040.0,0.0016448974800878373
6039.0,6139.0,0.0012889701354173472
6040.0,6041.0,0.0019020040825405672
6040.0,6140.0,0.0010971185988735124
6041.0,6042.0,0.0030078470988400873
6044.0,6045.0,0.002154386576267565
6044.0,6144.0,0.0006518910645172771
6045.0,6046.0,0.0023462955866637757
6046.0,6047.0,0.0017321483337176182
6046.0,6146.0,0.0012665457986240092
6051.0,6052.0,0.0013077473762165767
6051.0,6151.0,0.001391659987209794
6052.0,6152.0,0.0015033070910505661
6054.0,6055.0,0.0019023510349039949
6054.0,6154.0,0.0011091490161411369
6055.0,6056.0,0.0018378372180361683
6056.0,6057.0,0.0016056079720769643
6056.0,6156.0,0.0011230982726319137
6057.0,6058.0,0.00202864104759784
6057.0,6157.0,0.0008065557885259026
6058.0,6059.0,0.0016597242240804888
6058.0,6158.0,0.001113512716589923
6059.0,6159.0,0.0011853070910140125
6063.0,6064.0,0.0014235043273556447
6063.0,6163.0,0.0006246610040674121
6064.0,6065.0,0.0010642308255268279
6064.0,6164.0,0.0011364726569501277
6065.0,6066.0,0.00189149991541125
6071.0,6171.0,0.001015206742491601
6076.0,6176.0,0.0008041793954107819
6078.0,6079.0,0.0015247667395373672
6078.0,6178.0,0.0010919537398626155
6079.0,6080.0,0.0012819047468512897
6079.0,6179.0,0.0012380684310634201
6080.0,6180.0,0.001207232309873759
6082.0,6083.0,0.0016025326985741133
6083.0,6084.0,0.0026597921309753692
6083.0,6183.0,0.0014132351325948317
6084.0,6085.0,0.0018423166095975546
6084.0,6184.0,0.0007415683380459326
6085.0,6086.0,0.0022204145671471578
6086.0,6186.0,0.0013302882431995109
6089.0,6090.0,0.0018971518125855665
6090.0,6091.0,0.00207970282492467
6091.0,6092.0,0.0012874546089082103
6091.0,6191.0,0.0007579007388837667
6092.0,6093.0,0.0023820398149486943
6092.0,6192.0,0.0009741639287123068
6093.0,6094.0,0.0018661861884607983
6093.0,6193.0,0.000544983385066634
6094.0,6194.0,0.0014869363705316296
6096.0,6097.0,0.001842469334887407
6096.0,6196.0,0.001442695400976124
6097.0,6098.0,0.0024742589052078544
6097.0,6197.0,0.0012974837995130268
6098.0,6198.0,0.0006727747394150727
6105.0,6106.0,0.0011394988723124253
6124.0,6125.0,0.001370254899644762
6124.0,6224.0,0.0015197951769885343
6125.0,6126.0,0.0013741238117436945
6125.0,6225.0,0.0008720096387092907
6126.0,6127.0,0.002717330463893349
6126.0,6226.0,0.0006798664942442967
6127.0,6227.0,0.0009981204436366549
6132.0,6133.0,0.002735538915826014
6132.0,6232.0,0.0010052302074641684
6133.0,6134.0,0.0017704928861762349
6133.0,6233.0,0.001020200593019896
6134.0,6135.0,0.0018878634934755391
6135.0,6235.0,0.0009628418353976367
6137.0,6138.0,0.0015892272493250729
6137.0,6237.0,0.0005669407464617704
6138.0,6139.0,0.0028244710124198263
6138.0,6238.0,0.0018635011403278575
6139.0,6140.0,0.0014167081315494855
6139.0,6239.0,0.0013946652824261855
6140.0,6240.0,0.00040745425510224474
6143.0,6144.0,0.0011093051203348464
6143.0,6243.0,0.0007411348122997244
6144.0,6244.0,0.0007375698746537524
6149.0,6150.0,0.0015517474826789938
6150.0,6151.0,0.001478318023971917
6151.0,6152.0,0.0021495033310042918
6151.0,6251.0,0.0010748274000951298
6152.0,6252.0,0.0008087565764816866
6154.0,6254.0,0.001548323383530779
6156.0,6157.0,0.00215869521933966
6156.0,6256.0,0.0009528287674097982
6157.0,6158.0,0.00120600766581338
6157.0,6257.0,0.0009390287588788179
6158.0,6159.0,0.0027592914688376728
6158.0,6258.0,0.0006541430195246063
6159.0,6160.0,0.001923376918338983
6159.0,6259.0,0.0004999679289715909
6160.0,6260.0,0.00120889237320305
6163.0,6164.0,0.0018457363191952715
6164.0,6264.0,0.0010291901913634532
6167.0,6168.0,0.001635456648768092
6167.0,6267.0,0.0004706405209931973
6168.0,6169.0,0.003204634838792394
6168.0,6268.0,0.0012018343687872101
6169.0,6269.0,0.0011341274443382849
6171.0,6172.0,0.001298535486615453
6171.0,6271.0,0.0003615270114383992
6172.0,6272.0,0.0010040641463575045
6174.0,6175.0,0.002163602609075562
6175.0,6176.0,0.002060183457850876
6175.0,6275.0,0.0012495292753652812
6176.0,6177.0,0.001265381385197872
6176.0,6276.0,0.0003445177789302332
6177.0,6178.0,0.0019988841912427164
6177.0,6277.0,0.0013741188194654943
6178.0,6179.0,0.0020494145359095006
6178.0,6278.0,0.0013804034555135669
6179.0,6180.0,0.0027563059790222987
6179.0,6279.0,0.0006228107658033111
6180.0,6181.0,0.001295585751693886
6180.0,6280.0,0.0016763391661558974
6183.0,6184.0,0.0009295189508567956
6191.0,6192.0,0.002443379299249536
6191.0,6291.0,0.0010564804068235397
6192.0,6193.0,0.0022399874575543804
6192.0,6292.0,0.0007611517916918979
6193.0,6194.0,0.0013386044860244318
6193.0,6293.0,0.001318809478279782
6194.0,6195.0,0.0027927622491007316
6194.0,6294.0,0.000596394877571799
6195.0,6196.0,0.0017154969921280487
6195.0,6295.0,0.001828232405907878
6196.0,6197.0,0.0008889164752662461
6196.0,6296.0,0.0012266594678242827
6197.0,6198.0,0.002391907893293949
6197.0,6297.0,0.0006930196245451344
6223.0,6224.0,0.001065681777079696
6224.0,6225.0,0.0025471640740242674
6225.0,6226.0,0.0016896092713993484
6226.0,6227.0,0.0027967832450868607
6227.0,6228.0,0.0006804698670759936
6227.0,6327.0,0.001620660636896843
6228.0,6328.0,0.0018277536513449748
6230.0,6231.0,0.0006359685526816537
6230.0,6330.0,0.0011208285506738064
6231.0,6232.0,0.002036044876714725
6232.0,6233.0,0.002909275820543776
6232.0,6332.0,0.0012940639744621427
6235.0,6236.0,0.0021983270480070735
6235.0,6335.0,0.001679715443165755
6236.0,6237.0,0.002121028887120863
6236.0,6336.0,0.0009913972412747627
6237.0,6238.0,0.002356251281168003
6237.0,6337.0,0.0014713029089897043
6238.0,6239.0,0.0008442738003751201
6239.0,6240.0,0.0018863408732256262
6239.0,6339.0,0.00035140138019173144
6243.0,6244.0,0.0014476557878164609
6244.0,6245.0,0.0028158180782851152
6244.0,6344.0,0.0007635801267726798
6245.0,6345.0,0.0010692182190705619
6248.0,6348.0,0.001558438850261056
6251.0,6252.0,0.002000586996359352
6251.0,6351.0,0.001890295257363147
6252.0,6253.0,0.0023034926698380837
6252.0,6352.0,0.001018022249263215
6253.0,6254.0,0.002366925248080231
6254.0,6255.0,0.00108095765411729
6254.0,6354.0,0.0005479369398047858
6255.0,6256.0,0.0025339996093136615
6255.0,6355.0,0.001186790916713128
6256.0,6257.0,0.0019232787109519263
6256.0,6356.0,0.0007210197778132602
6257.0,6258.0,0.0008293237305192097
6257.0,6357.0,0.0004906049327097475
6258.0,6259.0,0.002705406004650648
6258.0,6358.0,0.0009273955898140707
6259.0,6260.0,0.0013675030274182564
6260.0,6261.0,0.0020566042886272133
6261.0,6361.0,0.0005079809642087851
6264.0,6265.0,0.0023185663522958555
6264.0,6364.0,0.0007174750797103203
6265.0,6266.0,0.0012976815171682945
6265.0,6365.0,0.0010138855014247298
6266.0,6267.0,0.0016767683948586518
6267.0,6268.0,0.0025157108418893074
6267.0,6367.0,0.0014772171573604702
6268.0,6269.0,0.0009294895480851566
6269.0,6270.0,0.0031044707954817645
6269.0,6369.0,0.002004550645407737
6270.0,6271.0,0.0017613487843140096
6270.0,6370.0,0.0007703056601112441
6271.0,6272.0,0.0015541290615655695
6271.0,6371.0,0.0018685158709539817
6272.0,6273.0,0.0024223397490860782
6272.0,6372.0,0.000261212939955659
6273.0,6373.0,0.001275613283878313
6275.0,6276.0,0.0015215013013462552
6275.0,6375.0,0.001162319667733211
6276.0,6277.0,0.002393376180210677
6276.0,6376.0,0.000845200851869496
6277.0,6278.0,0.0011923638119290167
6277.0,6377.0,0.0015172926052636584
6278.0,6279.0,0.0024641581544210217
6278.0,6378.0,0.0004987414259928649
6279.0,6280.0,0.0018285778353678169
6279.0,6379.0,0.001354957977210384
6280.0,6380.0,0.00022807378192308427
6285.0,6385.0,0.001045196694401809
6287.0,6288.0,0.0014056997865819025
6290.0,6291.0,0.002223659778383619
6290.0,6390.0,0.0013168678141690648
6291.0,6292.0,0.0015122064739962159
6291.0,6391.0,0.001918545078960055
6292.0,6293.0,0.0013220567688259695
6293.0,6294.0,0.0027963950007101122
6293.0,6393.0,0.0014388236479828365
6294.0,6295.0,0.0010630244117635632
6294.0,6394.0,0.001108161504475432
6295.0,6296.0,0.0021095014695421176
6296.0,6297.0,0.0018418900428637988
6296.0,6396.0,0.0007819159161907057
6297.0,6397.0,0.0007793644205338184
6316.0,6416.0,0.0014716571237899509
6327.0,6328.0,0.002375751672628365
6327.0,6427.0,0.0003681071854804735
6328.0,6329.0,0.0005589284390690408
6328.0,6428.0,0.0012352893264306229
6329.0,6330.0,0.003275943993720845
6330.0,6430.0,0.0014343131631557938
6332.0,6432.0,0.0012651338269112561
6335.0,6336.0,0.0010905058688518976
6335.0,6435.0,0.0014054014835622496
6336.0,6337.0,0.001085590456849704
6336.0,6436.0,0.0006480060802131453
6337.0,6437.0,0.0011920462952414702
6339.0,6439.0,0.0007315831941740491
6341.0,6342.0,0.0014404210009574593
6342.0,6442.0,0.0014801924537050134
6344.0,6345.0,0.0018728204452108548
6344.0,6444.0,0.0015175543647631025
6345.0,6445.0,0.0013851227887807446
6348.0,6349.0,0.0020688105108963954
6348.0,6448.0,0.0009847956640837102
6349.0,6350.0,0.0030112836814222108
6349.0,6449.0,0.0006127579783272088
6350.0,6351.0,0.002192563727694384
6350.0,6450.0,0.0014316470689396473
6351.0,6352.0,0.0012861631972656325
6351.0,6451.0,0.0014390110666692643
6354.0,6355.0,0.002047701018214763
6354.0,6454.0,0.0016011544834909099
6355.0,6356.0,0.0017412833945112869
6355.0,6455.0,0.000497723668313865
6356.0,6357.0,0.002226560693087153
6356.0,6456.0,0.0014865434067032291
6357.0,6358.0,0.001295057994840417
6357.0,6457.0,0.0010895149241741476
6358.0,6458.0,0.0011480704159536476
6361.0,6461.0,0.0013039306615056723
6364.0,6365.0,0.0018462165880529212
6365.0,6465.0,0.001598276624997347
6367.0,6467.0,0.001655209183156312
6369.0,6370.0,0.001420089701393797
6369.0,6469.0,0.0007119059558642587
6370.0,6371.0,0.0015048761045346373
6370.0,6470.0,0.001306894903962446
6371.0,6372.0,0.0022987097467923293
6371.0,6471.0,0.0009137588576878404
6372.0,6373.0,0.0019052288707655494
6372.0,6472.0,0.0017799338667495311
6373.0,6374.0,0.00311180903816425
6373.0,6473.0,0.0005707979064442038
6374.0,6375.0,0.0019445012445354847
6374.0,6474.0,0.001116807508031045
6375.0,6376.0,0.001245504853461981
6375.0,6475.0,0.0005742209069705849
6376.0,6377.0,0.0014090517272249145
6376.0,6476.0,0.0014249398373234294
6377.0,6378.0,0.0019050297897929074
6378.0,6379.0,0.0028509216264217146
6378.0,6478.0,0.0012231192623793465
6379.0,6380.0,0.0017986289917599502
6379.0,6479.0,0.0010439416123527521
6380.0,6381.0,0.00230587559291477
6381.0,6481.0,0.0007507247231802544
6389.0,6390.0,0.0014467278424087628
6389.0,6489.0,0.001655668774243392
6390.0,6391.0,0.0020926479326446126
6391.0,6491.0,0.0011009537683298637
6393.0,6394.0,0.0007566208892171738
6393.0,6493.0,0.001164588038753551
6396.0,6397.0,0.0017838958966265167
6397.0,6497.0,0.0005803015250768243
6416.0,6417.0,0.002346056778937125
6424.0,6425.0,0.0019516007993441904
6424.0,6524.0,0.0018914986492228065
6425.0,6426.0,0.0031207774111589315
6425.0,6525.0,0.0009565994877669631
6426.0,6427.0,0.0016114182386958455
6426.0,6526.0,0.0010501465135871798
6427.0,6428.0,0.0019495200050268853
6430.0,6530.0,0.0006801545780189525
6432.0,6532.0,0.0016330952513556557
6434.0,6435.0,0.0013569222601165427
6434.0,6534.0,0.0013882229287793789
6435.0,6436.0,0.002267556839420628
6435.0,6535.0,0.0014130400171262836
6436.0,6437.0,0.0019062148593480966
6436.0,6536.0,0.001145193280634842
6437.0,6438.0,0.0026204144500448136
6438.0,6439.0,0.0010200931035952074
6438.0,6538.0,0.0010801558868974198
6439.0,6440.0,0.0025969686675042206
6439.0,6539.0,0.0008856896183175793
6440.0,6540.0,0.0014745049677802908
6442.0,6443.0,0.0015955635556121224
6442.0,6542.0,0.0012439623547359424
6443.0,6444.0,0.0013276712130647257
6443.0,6543.0,0.0012370004729130924
6444.0,6445.0,0.0018902326232504284
6444.0,6544.0,0.0012080169535217406
6445.0,6446.0,0.0022438761864240634
6445.0,6545.0,0.0009816275108225877
6446.0,6447.0,0.002198902785483049
6446.0,6546.0,0.0009891790181757257
6447.0,6448.0,0.0018894565620836364
6448.0,6449.0,0.001853833231442048
6448.0,6548.0,0.0007963865204746521
6449.0,6450.0,0.0021320258019079737
6450.0,6451.0,0.001439761007946278
6450.0,6550.0,0.0005250859453466615
6451.0,6551.0,0.001309935021289246
6454.0,6455.0,0.0014490324530542324
6454.0,6554.0,0.0008221274110491157
6455.0,6456.0,0.0020863432531597922
6456.0,6457.0,0.0020786232005825258
6456.0,6556.0,0.0012252817023038322
6457.0,6458.0,0.0012056392827035109
6457.0,6557.0,0.0014479522264186802
6458.0,6558.0,0.0009438667755618435
6460.0,6461.0,0.0014835633892753771
6460.0,6560.0,0.0012105200411394105
6461.0,6462.0,0.002684440554380315
6462.0,6562.0,0.0015864009108633751
6465.0,6466.0,0.0024307816129796756
6465.0,6565.0,0.0005252354234057711
6466.0,6467.0,0.0013992678549874858
6467.0,6468.0,0.0035225701639568477
6467.0,6567.0,0.00079620944480264
6468.0,6469.0,0.0011568778025360014
6468.0,6568.0,0.0013310644950583173
6469.0,6470.0,0.002192038106420844
6470.0,6471.0,0.0017318154895947673
6470.0,6570.0,0.0007104861504624012
6471.0,6472.0,0.002374261860031471
6472.0,6473.0,0.0016299035462260826
6472.0,6572.0,0.00020226715007721802
6473.0,6474.0,0.002132184384615178
6473.0,6573.0,0.001028930498136856
6474.0,6475.0,0.00224407000113579
6475.0,6476.0,0.0021907998836039554
6475.0,6575.0,0.0009791837876500279
6476.0,6576.0,0.0011809432924599949
6478.0,6479.0,0.0016414770178103369
6478.0,6578.0,0.0016444424130970118
6479.0,6579.0,0.0010237458327077961
6481.0,6482.0,0.001180850172545001
6481.0,6581.0,0.0011258019053091465
6482.0,6582.0,0.0017553410637280004
6486.0,6487.0,0.0021035849067722874
6487.0,6587.0,0.0008815491421383933
6489.0,6589.0,0.0008525470661482435
6491.0,6492.0,0.002131637129062184
6492.0,6493.0,0.0016619435429637056
6492.0,6592.0,0.0009396176296788989
6524.0,6525.0,0.0012534135151671363
6525.0,6526.0,0.0017041900392844474
6529.0,6530.0,0.0016675226175383029
6530.0,6531.0,0.0012820221292941967
6530.0,6630.0,0.001009518880455895
6531.0,6532.0,0.002117345774785245
6531.0,6631.0,0.0012501117430046627
6534.0,6535.0,0.0020650517693270093
6534.0,6634.0,0.0007368114073520417
6535.0,6536.0,0.0012242812503668423
6535.0,6635.0,0.0008557016536154534
6536.0,6636.0,0.001051663049648958
6538.0,6539.0,0.0017189538969982598
6538.0,6638.0,0.0011184819399527044
6539.0,6540.0,0.003052903211699748
6539.0,6639.0,0.001518447114659177
6540.0,6640.0,0.0014828078398766399
6542.0,6543.0,0.002960363560442962
6542.0,6642.0,0.001867512240924565
6543.0,6544.0,0.0011058832126421732
6543.0,6643.0,0.0013419777680760453
6544.0,6545.0,0.002509549732522004
6544.0,6644.0,0.0007024398123667828
6545.0,6546.0,0.002204308744255025
6548.0,6648.0,0.001304588900767492
6550.0,6551.0,0.0022537974376581438
6550.0,6650.0,0.0012233372470394051
6551.0,6552.0,0.0020340818592183467
6551.0,6651.0,0.0007802508955485544
6552.0,6553.0,0.0022757283691162483
6552.0,6652.0,0.001276528327144889
6553.0,6554.0,0.0016554720052000117
6553.0,6653.0,0.0009230854781623831
6554.0,6654.0,0.0012272963660019316
6556.0,6557.0,0.002686444998505618
6556.0,6656.0,0.0008964238394854155
6557.0,6558.0,0.001990902760055716
6557.0,6657.0,0.00022422366066026357
6558.0,6559.0,0.0018020560063443187
6558.0,6658.0,0.0006924750464819092
6559.0,6560.0,0.0012163658207956307
6559.0,6659.0,0.0009714352937776363
6560.0,6660.0,0.0014124243165594315
6562.0,6563.0,0.001786165725793367
6562.0,6662.0,0.0006623791814406648
6563.0,6564.0,0.0012035884761829986
6563.0,6663.0,0.0009107243545711357
6564.0,6565.0,0.0021503428796356846
6564.0,6664.0,0.0014403129173885568
6565.0,6665.0,0.0012223722591703937
6567.0,6568.0,0.0018742500713619524
6567.0,6667.0,0.0007294421155930089
6570.0,6670.0,0.0012120191500164669
6572.0,6573.0,0.0016160952509054964
6572.0,6672.0,0.0014216638772926557
6575.0,6576.0,0.0020014851335946513
6576.0,6577.0,0.0022841991441202754
6577.0,6578.0,0.0024159697224925753
6578.0,6579.0,0.0009127267279974198
6578.0,6678.0,0.0016303598253157156
6579.0,6580.0,0.0015884476982282142
6580.0,6581.0,0.0033729337927097154
6581.0,6582.0,0.0011016095360887252
6581.0,6681.0,0.0009414093689803253
6582.0,6682.0,0.0009407880632709625
6585.0,6685.0,0.001018994023540598
6587.0,6588.0,0.0012173063583193092
6588.0,6589.0,0.0024811169279179536
6588.0,6688.0,0.0009946905297617012
6589.0,6590.0,0.001781024070583656
6589.0,6689.0,0.00039818931427128436
6592.0,6692.0,0.0010175075527940106
6598.0,6698.0,0.0006461725001875874
6630.0,6631.0,0.0021565300137028026
6631.0,6731.0,0.0008163703142561511
6634.0,6635.0,0.0018935709809774018
6634.0,6734.0,0.001201721585892811
6635.0,6636.0,0.0023026327301588975
6635.0,6735.0,0.0012716017379640469
6636.0,6637.0,0.001553018753911764
6636.0,6736.0,0.0008310800021670557
6637.0,6638.0,0.0031169288538560307
6637.0,6737.0,0.0008751171178772952
6638.0,6639.0,0.0012820628728732277
6638.0,6738.0,0.0011832298339697794
6639.0,6640.0,0.0013282174407830384
6639.0,6739.0,0.0009942204634787067
6642.0,6643.0,0.001817003701151921
6642.0,6742.0,0.0009851398377892465
6643.0,6644.0,0.0017155063392498685
6644.0,6744.0,0.0015960263061743976
6647.0,6648.0,0.0019824895586108785
6647.0,6747.0,0.0010515801871512883
6648.0,6649.0,0.001649500494089176
6648.0,6748.0,0.0010480239024007161
6649.0,6650.0,0.002782772072951409
6649.0,6749.0,0.0011411374150389327
6650.0,6651.0,0.0019522211990452016
6650.0,6750.0,0.0005363222911632679
6651.0,6652.0,0.0011353542266624409
6651.0,6751.0,0.0009440830101235654
6652.0,6653.0,0.0022755956978338047
6652.0,6752.0,0.0007773223591276038
6653.0,6654.0,0.0020278177161674317
6653.0,6753.0,0.0008629542340138291
6654.0,6655.0,0.0018955770757217217
6654.0,6754.0,0.0008229886633493879
6655.0,6656.0,0.001754206296306255
6655.0,6755.0,0.0013349903557698837
6656.0,6657.0,0.0019496351453546356
6656.0,6756.0,0.0014447563289319068
6657.0,6658.0,0.0024524248775451853
6657.0,6757.0,0.0015644179812346107
6658.0,6659.0,0.001838154718732761
6658.0,6758.0,0.0011662539560446843
6659.0,6660.0,0.0014572259845342568
6659.0,6759.0,0.001147261735612783
6660.0,6661.0,0.0021066364897630806
6660.0,6760.0,0.0008983438372861429
6661.0,6662.0,0.0020464068632603553
6661.0,6761.0,0.0011896319094561964
6662.0,6663.0,0.0017509037009501042
6662.0,6762.0,0.0009835826757260016
6663.0,6664.0,0.0011248321874821308
6663.0,6763.0,0.0009693730448014028
6664.0,6665.0,0.002485739169744392
6664.0,6764.0,0.0005799207014809366
6665.0,6666.0,0.002269481879196377
6665.0,6765.0,0.0005280486720018313
6666.0,6667.0,0.0018680405696889907
6667.0,6767.0,0.0015404981142488469
6669.0,6670.0,0.0013888367254648757
6669.0,6769.0,0.0007912367597609726
6670.0,6671.0,0.0012380524383080393
6670.0,6770.0,0.001203255654460749
6671.0,6672.0,0.002716467132140393
6671.0,6771.0,0.0015977121893468306
6672.0,6772.0,0.0010567604127702072
6678.0,6778.0,0.0011370207429923379
6681.0,6682.0,0.0011270231807731228
6682.0,6782.0,0.0004161773660365698
6685.0,6686.0,0.0016534090026347407
6685.0,6785.0,0.0014316473378559046
6686.0,6786.0,0.0006142705023038926
6688.0,6689.0,0.002005776440683149
6688.0,6788.0,0.00154589173295197
6689.0,6789.0,0.0010984011516735888
6691.0,6692.0,0.0024848518285790913
6695.0,6696.0,0.0019084126230982691
6698.0,6798.0,0.0010580675829065436
6709.0,6809.0,0.00044640744841811634
6711.0,6811.0,0.0005168841746475936
6714.0,6715.0,0.0013080582135383818
6729.0,6829.0,0.0009256000702231396
6731.0,6732.0,0.002423035224671539
6731.0,6831.0,0.0011851144079809642
6732.0,6733.0,0.0023413537729274703
6732.0,6832.0,0.0014783666459966156
6733.0,6734.0,0.001094698154744868
6733.0,6833.0,0.0007686613428594401
6734.0,6735.0,0.0028943273018100907
6734.0,6834.0,0.0008401835156678589
6735.0,6736.0,0.0016702490652603823
6735.0,6835.0,0.0013644124010036484
6736.0,6737.0,0.0015199838584670675
6736.0,6836.0,0.001074237985735624
6737.0,6738.0,0.0022793619216793836
6737.0,6837.0,0.0006831152757778807
6738.0,6739.0,0.0011267447270779246
6738.0,6838.0,0.001066563247067738
6739.0,6839.0,0.0013123863188838672
6742.0,6842.0,0.0012460770441690581
6746.0,6747.0,0.0014631698807731394
6746.0,6846.0,0.0012036735853169658
6747.0,6748.0,0.001655580683626912
6747.0,6847.0,0.0013918066280857455
6748.0,6749.0,0.0031369656453332905
6748.0,6848.0,0.0011995635914781866
6749.0,6750.0,0.001883250713526953
6749.0,6849.0,0.001041341408953406
6750.0,6751.0,0.0014718878014320432
6750.0,6850.0,0.0014537695862839085
6751.0,6752.0,0.0018854131536622284
6751.0,6851.0,0.0010664674866078191
6752.0,6753.0,0.002576853402892562
6752.0,6852.0,0.0013327769505815748
6753.0,6754.0,0.0015393389815123997
6753.0,6853.0,0.0010979554089292202
6754.0,6755.0,0.0015370199998696531
6754.0,6854.0,0.0007203995696825202
6755.0,6756.0,0.002552920376744995
6755.0,6855.0,0.00035485098280893095
6756.0,6757.0,0.0014339891108374862
6757.0,6758.0,0.002037874345979051
6757.0,6857.0,0.0009723204924318914
6758.0,6759.0,0.001773429911217499
6758.0,6858.0,0.0010294178209117294
6759.0,6760.0,0.0016144134197905306
6759.0,6859.0,0.0005897306588623959
6760.0,6761.0,0.0016340303577349797
6760.0,6860.0,0.0009383739339990784
6761.0,6762.0,0.0025390193008325854
6762.0,6763.0,0.0020962172334946503
6763.0,6764.0,0.0009196100532290742
6763.0,6863.0,0.000923271769307658
6764.0,6765.0,0.00261351541032427
6767.0,6768.0,0.001562317976598169
6767.0,6867.0,0.0012106333590283732
6768.0,6769.0,0.001529443016264541
6768.0,6868.0,0.0008334519302319817
6769.0,6770.0,0.0009560075575015091
6769.0,6869.0,0.001337174610888385
6770.0,6771.0,0.0033837769090173577
6770.0,6870.0,0.0017588227113631639
6771.0,6772.0,0.00094272808911052
6771.0,6871.0,0.00042885545350581776
6775.0,6875.0,0.0011795692137355302
6777.0,6778.0,0.0013623993614210023
6777.0,6877.0,0.0008869506976176009
6778.0,6779.0,0.0018867118301430263
6778.0,6878.0,0.0012484067646447274
6782.0,6783.0,0.0025261199120390756
6785.0,6786.0,0.002056537828487675
6785.0,6885.0,0.0016406139856774255
6788.0,6789.0,0.0006873448115751347
6793.0,6893.0,0.0016319343124006464
6797.0,6798.0,0.0006906917474526059
6797.0,6897.0,0.0011431842414928112
6798.0,6898.0,0.0011396545617026312
6809.0,6810.0,0.00039172452054750666
6810.0,6811.0,0.0035276176805318585
6810.0,6910.0,0.0016481630168169864
6811.0,6812.0,0.0004671271882476325
6826.0,6827.0,0.00256094884369071
6826.0,6926.0,0.0013707610769209632
6827.0,6828.0,0.0006897613790283367
6827.0,6927.0,0.0013170381923072695
6828.0,6829.0,0.0034127050414597374
6828.0,6928.0,0.00039518322332848636
6829.0,6830.0,0.0014761889445456544
6830.0,6831.0,0.0019232769119393663
6831.0,6832.0,0.0012400908353809095
6831.0,6931.0,0.001462974863074226
6832.0,6833.0,0.002672581570316381
6833.0,6834.0,0.0017967530854290307
6833.0,6933.0,0.0016176223601307074
6834.0,6835.0,0.0021389777581826723
6835.0,6836.0,0.0021653314411425027
6835.0,6935.0,0.000730107553720067
6836.0,6837.0,0.0010988866547557827
6836.0,6936.0,0.00037270237455555854
6837.0,6838.0,0.003337900485334857
6837.0,6937.0,0.0013742703700538132
6838.0,6839.0,0.00077137011220262
6839.0,6840.0,0.002058307180670325
6840.0,6841.0,0.002109650324105857
6840.0,6940.0,0.0012320730010804718
6841.0,6842.0,0.0013966951170529581
6841.0,6941.0,0.0010879866956879408
6842.0,6843.0,0.002088574681451285
6843.0,6943.0,0.00042747478287956224
6845.0,6846.0,0.0015816820571782362
6846.0,6847.0,0.0020576620835310224
6846.0,6946.0,0.0008225012644366293
6847.0,6848.0,0.002079980942219318
6847.0,6947.0,0.00021587348146630432
6848.0,6849.0,0.0015812850090986825
6848.0,6948.0,0.0006581922895283815
6849.0,6850.0,0.0029481670525934606
6849.0,6949.0,0.0011011203975899988
6850.0,6851.0,0.0016421522127988634
6850.0,6950.0,0.0006341025547961292
6851.0,6852.0,0.0022023363457927287
6851.0,6951.0,0.0009084414400494606
6852.0,6853.0,0.001889722842112141
6852.0,6952.0,0.0007642737205976491
6853.0,6854.0,0.0016791167440057813
6854.0,6855.0,0.0010244347905065021
6855.0,6955.0,0.0011318751742137817
6857.0,6858.0,0.0019421752186658155
6858.0,6859.0,0.0022530184309061986
6858.0,6958.0,0.0009115941311727443
6859.0,6860.0,0.0020187987021989713
6859.0,6959.0,0.0013114191282744133
6860.0,6960.0,0.0006314829847256656
6863.0,6963.0,0.0012932544567916496
6866.0,6867.0,0.0012744839308516027
6867.0,6868.0,0.0023462900950204156
6868.0,6869.0,0.002082597272637746
6868.0,6968.0,0.0012312671602824363
6869.0,6870.0,0.0018297404515390206
6869.0,6969.0,0.001321385836914462
6870.0,6871.0,0.002073537407427678
6870.0,6970.0,0.001186037693326897
6875.0,6876.0,0.0022610306256222413
6875.0,6975.0,0.0011625424078290695
6876.0,6877.0,0.0010719895381964238
6877.0,6878.0,0.0027693094175260955
6877.0,6977.0,0.000494059935635445
6880.0,6881.0,0.0021913763369171917
6880.0,6980.0,0.0006538290067006133
6881.0,6981.0,0.0009675136174757925
6884.0,6885.0,0.0018901763753682178
6884.0,6984.0,0.0009269384553497596
6885.0,6985.0,0.0006660785839567266
6887.0,6987.0,0.00025704980062310066
6893.0,6894.0,0.000889619525416004
6893.0,6993.0,0.0012606144533557485
6894.0,6994.0,0.000828042710251919
6897.0,6898.0,0.00099652184120629
6897.0,6997.0,0.0009472846721038798
6898.0,6998.0,0.000901992599747331
6910.0,7010.0,0.0002416730229009546
6926.0,6927.0,0.0004549589541936104
6926.0,7026.0,0.0017426143864917015
6927.0,6928.0,0.0019713897889558516
6927.0,7027.0,0.0008165435995696826
6931.0,7031.0,0.0017424592563415173
6933.0,7033.0,0.0014049326318356134
6935.0,6936.0,0.0027487653319262844
6935.0,7035.0,0.0007647705669006719
6936.0,6937.0,0.0005600268654299594
6937.0,7037.0,0.0005202715540950377
6940.0,6941.0,0.00105127811734212
6943.0,7043.0,0.0013220217623010084
6946.0,6947.0,0.0015334847439737347
6947.0,6948.0,0.002053352042393077
6947.0,7047.0,0.0013061052407859432
6948.0,6949.0,0.0012587924531074041
6948.0,7048.0,0.0012541626848260935
6949.0,6950.0,0.003326664505176305
6949.0,7049.0,0.0005471873171081164
6950.0,6951.0,0.0009715834755698494
6950.0,7050.0,0.0016793450628166838
6951.0,6952.0,0.00269058767744169
6955.0,7055.0,0.0012986741315680404
6958.0,6959.0,0.0019241456545698737
6958.0,7058.0,0.0006486196497244192
6959.0,6960.0,0.0027344387888561393
6959.0,7059.0,0.0008297312396194806
6960.0,6961.0,0.0014715115527908103
6960.0,7060.0,0.0013210865414490132
6961.0,6962.0,0.002433186199205113
6962.0,6963.0,0.0008243360540457044
6962.0,7062.0,0.00134337117729873
6963.0,6964.0,0.0018730305122985037
6963.0,7063.0,0.0007164226755203677
6964.0,6965.0,0.00270395222036246
6964.0,7064.0,0.0008263164526993737
6965.0,7065.0,0.0011750133829084052
6968.0,6969.0,0.001398692307121565
6968.0,7068.0,0.0007117408025440465
6969.0,6970.0,0.0024366065295820796
6969.0,7069.0,0.0007863621811895311
6970.0,7070.0,0.0005120905583967336
6974.0,6975.0,0.0010558164850001915
6974.0,7074.0,0.0003737853127129127
6975.0,7075.0,0.001407075356899311
6977.0,7077.0,0.0015507662138419633
6979.0,6980.0,0.0022374326827862678
6979.0,7079.0,0.0011281000177273098
6980.0,6981.0,0.0025217504079504114
6980.0,7080.0,0.001432985055749506
6981.0,6982.0,0.0014877663559848507
6982.0,7082.0,0.0016127230946444038
6984.0,6985.0,0.001653322972077817
6984.0,7084.0,0.001865027468966899
6985.0,6986.0,0.0007388400977232264
6986.0,6987.0,0.0026454943923586104
6986.0,7086.0,0.0017518860978996656
6987.0,6988.0,0.001681355955769349
6987.0,7087.0,0.00117884258914949
6988.0,6989.0,0.0013971274995501905
6988.0,7088.0,0.0011418864479416518
6989.0,6990.0,0.0025806917309121073
6990.0,6991.0,0.0013035177367419065
6990.0,7090.0,0.000759338455498245
6991.0,6992.0,0.0033467031418987817
6992.0,6993.0,0.001380016177439962
6993.0,6994.0,0.002092948773859549
6993.0,7093.0,0.0006956678661510422
6994.0,6995.0,0.0018122156383842002
6994.0,7094.0,0.0013037144779403799
6995.0,6996.0,0.0024578446004577623
6995.0,7095.0,0.0011914313282794461
6996.0,6997.0,0.0009844968765829487
6997.0,6998.0,0.0012957201086651708
6997.0,7097.0,0.0013808161535812972
7023.0,7123.0,0.0007272284097849188
7025.0,7026.0,0.001460915124161374
7026.0,7027.0,0.001974105047864097
7026.0,7126.0,0.0008655468213792866
7027.0,7127.0,0.0008918582454594542
7029.0,7030.0,0.00040056921998459297
7030.0,7031.0,0.002165552977878503
7030.0,7130.0,0.0009445813940564863
7031.0,7032.0,0.0018696455412731655
7031.0,7131.0,0.00019515780793631253
7032.0,7033.0,0.003130120804378095
7033.0,7034.0,0.002060151693444139
7033.0,7133.0,0.0015268991748010239
7034.0,7035.0,0.0015242475520728588
7034.0,7134.0,0.0007460020710468209
7035.0,7135.0,0.0016051592132897076
7037.0,7137.0,0.0019044667101291615
7042.0,7043.0,0.000771047728742839
7042.0,7142.0,0.001532971014080131
7043.0,7044.0,0.002372821632571625
7043.0,7143.0,0.0008249303546394969
7044.0,7045.0,0.001738457330508565
7044.0,7144.0,0.0010597017033098868
7045.0,7145.0,0.0011468520131237571
7047.0,7048.0,0.0019953813595400653
7047.0,7147.0,0.0013760866978513948
7048.0,7049.0,0.0018178627560963038
7049.0,7050.0,0.0023254299580942436
7050.0,7150.0,0.0002466465081849436
7055.0,7056.0,0.002467270110871351
7055.0,7155.0,0.001293079630182811
7056.0,7057.0,0.001245206268053208
7056.0,7156.0,0.0008194856496589278
7057.0,7058.0,0.001640712884693574
7058.0,7059.0,0.002257154602591505
7058.0,7158.0,0.0010241847733670182
7059.0,7060.0,0.0019671900391170045
7059.0,7159.0,0.00058382696922506
7060.0,7160.0,0.0011556854805705944
7062.0,7063.0,0.0022456544925699012
7062.0,7162.0,0.0008667561883276343
7063.0,7064.0,0.0020311839035403447
7063.0,7163.0,0.0009021300183447848
7064.0,7065.0,0.002588956932820551
7064.0,7164.0,0.0010193705950202394
7065.0,7066.0,0.0013570999705262055
7065.0,7165.0,0.0006684904786152998
7066.0,7166.0,0.001567526985415972
7068.0,7069.0,0.0015943549479337338
7069.0,7070.0,0.0027081945277252495
7069.0,7169.0,0.0013400229736825876
7074.0,7075.0,0.0021917022448318764
7075.0,7076.0,0.0018485205246364074
7075.0,7175.0,0.0014924546827280272
7076.0,7077.0,0.001986376915391191
7077.0,7177.0,0.0005953952972586126
7079.0,7080.0,0.0027714302751466325
7079.0,7179.0,0.0014307483146943141
7082.0,7083.0,0.0022473126195522294
7082.0,7182.0,0.0007016189635404591
7083.0,7084.0,0.0006581948799558276
7083.0,7183.0,0.0007728371432570558
7086.0,7087.0,0.001932757462797701
7087.0,7088.0,0.002327012303362845
7087.0,7187.0,0.0005819812110354285
7088.0,7188.0,0.001714014180225058
7090.0,7190.0,0.0018362466854983145
7093.0,7094.0,0.0016855405216131953
7093.0,7193.0,0.001007836494674856
7094.0,7095.0,0.002031949007726326
7094.0,7194.0,0.000790170741043401
7095.0,7195.0,0.00097725874772602
7122.0,7123.0,0.0009285492340201483
7123.0,7223.0,0.0008567431412087324
7126.0,7127.0,0.0014146218045817754
7127.0,7128.0,0.0013972728080079862
7127.0,7227.0,0.0006622141421084995
7128.0,7228.0,0.0010386932030210401
7130.0,7131.0,0.0015461965981076844
7130.0,7230.0,0.0009182081735654143
7133.0,7134.0,0.002818676671773408
7133.0,7233.0,0.0008958295429394611
7134.0,7135.0,0.0011939143897278974
7134.0,7234.0,0.0011071984691091372
7135.0,7136.0,0.001898687472966175
7135.0,7235.0,0.00124049211202599
7136.0,7137.0,0.002972738821356499
7136.0,7236.0,0.000966737322128074
7137.0,7138.0,0.002328248966498664
7137.0,7237.0,0.0005015323120199929
7138.0,7238.0,0.0017658637093530335
7141.0,7142.0,0.0009324672219439868
7141.0,7241.0,0.000733596142300065
7142.0,7143.0,0.0014900959767745708
7143.0,7144.0,0.0027466279780851794
7143.0,7243.0,0.0008375120357356127
7144.0,7145.0,0.0016511269636219417
7144.0,7244.0,0.0010671059788043551
7145.0,7146.0,0.002342845289386571
7145.0,7245.0,0.0009309768310742781
7146.0,7147.0,0.0014753711939721919
7147.0,7247.0,0.0009735074986846037
7150.0,7250.0,0.0012740361376318745
7154.0,7155.0,0.0010447919314387254
7154.0,7254.0,0.0007208629897583021
7155.0,7156.0,0.0027689264381705373
7155.0,7255.0,0.0004308626811406882
7158.0,7159.0,0.0020489460949483463
7158.0,7258.0,0.0006533722139744992
7159.0,7160.0,0.0014291748423482234
7159.0,7259.0,0.0011764385746874063
7160.0,7161.0,0.0015349070721058621
7160.0,7260.0,0.0006830160320239735
7161.0,7162.0,0.002373488339975944
7162.0,7163.0,0.002228983346729883
7162.0,7262.0,0.001069780856060699
7163.0,7164.0,0.0022183017671182728
7163.0,7263.0,0.0010484766568688742
7164.0,7165.0,0.002325470973802301
7165.0,7166.0,0.0008135652032850977
7165.0,7265.0,0.0016840047505858114
7166.0,7167.0,0.003221186826311045
7166.0,7266.0,0.0009200437435243652
7167.0,7267.0,0.0012197755367262702
7171.0,7271.0,0.00046677227852123397
7173.0,7273.0,0.0011662686568728548
7175.0,7275.0,0.0008164925596770699
7177.0,7178.0,0.0015207517417384327
7177.0,7277.0,0.0016192935064448565
7178.0,7179.0,0.0022122494253590625
7178.0,7278.0,0.0012680113327575755
7181.0,7182.0,0.0012443377355049279
7181.0,7281.0,0.0008293022669685457
7182.0,7183.0,0.003101124352553521
7182.0,7282.0,0.0011684583090566455
7183.0,7283.0,0.0003584701382282456
7187.0,7188.0,0.0011768837580672616
7188.0,7189.0,0.001804889074153809
7189.0,7190.0,0.0018303324561398735
7189.0,7289.0,0.0008547731043942731
7190.0,7191.0,0.0029269895541323364
7190.0,7290.0,0.0006644032811498216
7191.0,7192.0,0.0015106219546929362
7191.0,7291.0,0.0011357970989576062
7192.0,7193.0,0.0015701761047730164
7192.0,7292.0,0.00047395008176077735
7193.0,7194.0,0.002636147676060491
7193.0,7293.0,0.001091554872649676
7194.0,7195.0,0.0014384848869564092
7195.0,7196.0,0.0026512676911244915
7196.0,7296.0,0.0011040112544715283
7227.0,7228.0,0.0013256478642529532
7228.0,7328.0,0.001169664268068116
7232.0,7233.0,0.001211997392737298
7232.0,7332.0,0.0010504296739906377
7233.0,7234.0,0.002411128573925581
7233.0,7333.0,0.0017506978322915792
7234.0,7235.0,0.0026837107817351204
7234.0,7334.0,0.0011862473814494986
7235.0,7236.0,0.0014673706314356654
7235.0,7335.0,0.00126478107591772
7236.0,7237.0,0.002092767700916572
7236.0,7336.0,0.0009261251805231994
7237.0,7238.0,0.001143206127520628
7237.0,7337.0,0.001260661782555517
7238.0,7239.0,0.0027669759088224475
7239.0,7339.0,0.000984181334919339
7243.0,7244.0,0.0016729836370995548
7244.0,7245.0,0.002401423232168601
7245.0,7345.0,0.001098812363418171
7247.0,7248.0,0.0026682465290900586
7247.0,7347.0,0.0019408294747363577
7248.0,7249.0,0.0017394812013936858
7248.0,7348.0,0.0014668993864630855
7249.0,7250.0,0.0027714039655023282
7250.0,7350.0,0.000807663122842759
7253.0,7254.0,0.003189222703105584
7253.0,7353.0,0.0008646666987932219
7254.0,7255.0,0.0018275314279108954
7254.0,7354.0,0.0009964600393358287
7257.0,7258.0,0.0018596829649161041
7257.0,7357.0,0.0013578185224841512
7258.0,7259.0,0.0021620549969882147
7258.0,7358.0,0.001010354813914818
7259.0,7260.0,0.0013868397636353528
7259.0,7359.0,0.0004979680310965663
7260.0,7360.0,0.0006426304225590127
7262.0,7263.0,0.0013297834786158127
7262.0,7362.0,0.0005068864172569367
7263.0,7363.0,0.0011542776875595323
7265.0,7266.0,0.0016878437279556056
7265.0,7365.0,0.0009829283239392353
7266.0,7267.0,0.0021122532281906453
7266.0,7366.0,0.0009357318633032735
7267.0,7268.0,0.0021624672251844075
7267.0,7367.0,0.0008856207596952593
7268.0,7368.0,0.0011567871584645996
7271.0,7272.0,0.0026933000668330435
7271.0,7371.0,0.00138325465840948
7272.0,7273.0,0.0008773741334206726
7272.0,7372.0,0.0009387844054972895
7273.0,7373.0,0.0014558237702401865
7275.0,7276.0,0.0007402282958656553
7276.0,7277.0,0.0024596436672818154
7277.0,7278.0,0.0021117381892647724
7280.0,7281.0,0.003419380226006116
7280.0,7380.0,0.0005052593888283269
7281.0,7282.0,0.0011876950155659143
7282.0,7283.0,0.0026075667297308534
7283.0,7383.0,0.0017501333234930124
7289.0,7290.0,0.0015654198286726843
7289.0,7389.0,0.001240719730645461
7290.0,7291.0,0.0022045694591008645
7290.0,7390.0,0.0007531359770938163
7291.0,7292.0,0.0017197422713879263
7292.0,7293.0,0.0017193436538401072
7292.0,7392.0,0.0008753038615267807
7296.0,7297.0,0.001329904936452485
7328.0,7329.0,0.0018307016414479801
7328.0,7428.0,0.00047903595898568817
7329.0,7429.0,0.0002946917881442705
7331.0,7332.0,0.0011454111794464076
7331.0,7431.0,0.001085135627464624
7332.0,7333.0,0.003028454708262984
7332.0,7432.0,0.0010981991531586687
7333.0,7334.0,0.0012428961541491909
7333.0,7433.0,0.0011074170533284771
7334.0,7335.0,0.0018534858240627184
7334.0,7434.0,0.00072897032175566
7335.0,7336.0,0.0022239867018488445
7335.0,7435.0,0.0008968281050464874
7336.0,7337.0,0.0019674460221310473
7336.0,7436.0,0.0009257818587560597
7339.0,7340.0,0.0013741972383898475
7339.0,7439.0,0.001304940036935943
7340.0,7440.0,0.0012641530326681664
7345.0,7346.0,0.0014521231524907271
7345.0,7445.0,0.0013930998528461156
7346.0,7347.0,0.002433238781952973
7346.0,7446.0,0.0011635798769297806
7347.0,7348.0,0.0012529989146048757
7348.0,7448.0,0.001281265425272707
7350.0,7351.0,0.0013361393377949928
7350.0,7450.0,0.0014090898800301174
7351.0,7352.0,0.001997541751752777
7351.0,7451.0,0.0010491519480010992
7352.0,7353.0,0.001614484004256022
7352.0,7452.0,0.0013986848465611004
7353.0,7354.0,0.00261900769376498
7353.0,7453.0,0.0009177333054869446
7354.0,7454.0,0.0010085746377909398
7356.0,7357.0,0.0010324785034074868
7356.0,7456.0,0.000963613501358223
7357.0,7358.0,0.002119017437399145
7357.0,7457.0,0.0010810227472127958
7358.0,7359.0,0.0029318600955707654
7358.0,7458.0,0.0009945482441847302
7359.0,7360.0,0.0015149260212959305
7359.0,7459.0,0.0009102261312487391
7360.0,7361.0,0.0019256307356298687
7360.0,7460.0,0.0010721549748058433
7361.0,7362.0,0.0021639092148253653
7361.0,7461.0,0.0010429288086858275
7362.0,7363.0,0.0019816315096405877
7362.0,7462.0,0.0010461061561868976
7363.0,7364.0,0.0013394829188911966
7363.0,7463.0,0.0009887051785059666
7364.0,7365.0,0.002239919949462703
7364.0,7464.0,0.0009982586488465196
7365.0,7366.0,0.0012601506655952606
7365.0,7465.0,0.0006342899809978386
7366.0,7367.0,0.003049352024610496
7367.0,7368.0,0.0007554785106134047
7367.0,7467.0,0.001956036300785752
7368.0,7369.0,0.0029313205283631777
7368.0,7468.0,0.0008541634972361632
7369.0,7469.0,0.00048268466932167034
7371.0,7372.0,0.002430929159806949
7371.0,7471.0,0.0013375562530185156
7372.0,7373.0,0.00145703936803499
7373.0,7374.0,0.0019758271837379236
7373.0,7473.0,0.0013405441656284339
7374.0,7474.0,0.00030155613076136395
7379.0,7380.0,0.0006090804955007135
7385.0,7386.0,0.0030604200299955624
7385.0,7485.0,0.0003334706733746919
7386.0,7387.0,0.001088253688254612
7386.0,7486.0,0.0009678662562551728
7387.0,7487.0,0.0010475229687201808
7389.0,7390.0,0.001724586156155372
7389.0,7489.0,0.00028439275658386165
7390.0,7490.0,0.0012456237714509174
7392.0,7492.0,0.0011880036742316488
7428.0,7429.0,0.001333313481518542
7428.0,7528.0,0.0010585963631167992
7429.0,7430.0,0.002959453714792607
7429.0,7529.0,0.0011625744750386076
7430.0,7431.0,0.0017365024445709107
7430.0,7530.0,0.0011803419038589696
7431.0,7432.0,0.0011205872746017332
7431.0,7531.0,0.0010679370861631152
7432.0,7433.0,0.0016170923319329417
7433.0,7434.0,0.0017431374730640166
7433.0,7533.0,0.001207756597992076
7434.0,7435.0,0.0031632398834111914
7434.0,7534.0,0.0015111415056192285
7435.0,7436.0,0.001283246324755792
7435.0,7535.0,0.0012381043978602884
7436.0,7536.0,0.000642079683528818
7438.0,7439.0,0.0028932716170454115
7438.0,7538.0,0.0008156553806634033
7439.0,7440.0,0.0006762998743163448
7439.0,7539.0,0.0016738397175383073
7440.0,7441.0,0.0018207076563794302
7440.0,7540.0,0.000977671734276168
7443.0,7543.0,0.00040649921279323334
7445.0,7446.0,0.0032611964920870274
7445.0,7545.0,0.0011638853251095592
7446.0,7546.0,0.0011951864666208808
7448.0,7449.0,0.0007919924557726125
7448.0,7548.0,0.0009336961604282317
7449.0,7450.0,0.0016435846342673587
7449.0,7549.0,0.001392820106832301
7450.0,7451.0,0.0025493174400220467
7450.0,7550.0,0.0005137895288911264
7451.0,7452.0,0.002775608059507048
7451.0,7551.0,0.0009947415795064074
7452.0,7453.0,0.00013556430208555822
7452.0,7552.0,0.0019235434099611384
7453.0,7454.0,0.0021162483502652576
7453.0,7553.0,0.002065742486371484
7454.0,7455.0,0.0022850809788713435
7454.0,7554.0,0.0011802218774453342
7455.0,7456.0,0.001478393621469151
7455.0,7555.0,0.0005947394807834323
7456.0,7457.0,0.002526181628465795
7456.0,7556.0,0.0011904157467011805
7457.0,7458.0,0.002021427438716879
7457.0,7557.0,0.0007786963785711418
7458.0,7459.0,0.002861726933165171
7458.0,7558.0,0.00098123373871528
7459.0,7460.0,0.0005280729589743244
7460.0,7461.0,0.0023216602895328236
7460.0,7560.0,0.0012220070212574546
7461.0,7462.0,0.0026839407594050698
7461.0,7561.0,0.0009675400405199773
7462.0,7463.0,0.001979398034756567
7463.0,7464.0,0.002004240646729676
7463.0,7563.0,0.0014342245988663651
7464.0,7465.0,0.0015036093674892699
7464.0,7564.0,0.0010223948601251682
7465.0,7565.0,0.0007253094374184648
7467.0,7468.0,0.0024172880444820292
7468.0,7469.0,0.0026587556356311016
7471.0,7571.0,0.00047685578532848544
7473.0,7474.0,0.0022612458734068202
7473.0,7573.0,0.0013457840131297681
7477.0,7478.0,0.0014254328325114139
7477.0,7577.0,0.0018657778913922763
7485.0,7486.0,0.0023017986445373123
7485.0,7585.0,0.0011268029153300887
7486.0,7487.0,0.0014008685341602423
7489.0,7490.0,0.0021704733884572074
7489.0,7589.0,0.0012470737748826915
7490.0,7491.0,0.0014105350226066725
7491.0,7492.0,0.0013811201142552225
7491.0,7591.0,0.0007071926258088097
7492.0,7592.0,0.0011783765442371994
7495.0,7595.0,0.0014139310591427708
7528.0,7529.0,0.0008618093582692069
7529.0,7530.0,0.002257447897515979
7529.0,7629.0,0.000756972086667066
7530.0,7531.0,0.0016482440504973737
7530.0,7630.0,0.00136569811085378
7531.0,7631.0,0.0015299820913964484
7533.0,7534.0,0.0021647962536926377
7533.0,7633.0,0.0010233486453792944
7534.0,7535.0,0.0013170773135998887
7534.0,7634.0,0.0010358666419914098
7535.0,7536.0,0.0017436962837604597
7535.0,7635.0,0.0011918249577809363
7536.0,7537.0,0.0023936856288991125
7536.0,7636.0,0.0014954609490022833
7537.0,7538.0,0.002148774208705657
7537.0,7637.0,0.0009355468347464712
7538.0,7539.0,0.0015608855979858758
7538.0,7638.0,0.0010660765310243155
7539.0,7540.0,0.002727506058655164
7539.0,7639.0,0.000568626705317757
7540.0,7640.0,0.0012294092321102972
7542.0,7543.0,0.0022500317175542443
7542.0,7642.0,0.0005515596522591421
7545.0,7546.0,0.002814218118767178
7545.0,7645.0,0.001487508309219553
7546.0,7547.0,0.0014244740011666766
7546.0,7646.0,0.0008147373196314542
7547.0,7548.0,0.0015906554246602079
7547.0,7647.0,0.0005016466684827177
7548.0,7549.0,0.002801997234117302
7548.0,7648.0,0.0011058103363612082
7549.0,7550.0,0.000506681773897811
7549.0,7649.0,0.001224723091152984
7550.0,7551.0,0.003430067022668992
7550.0,7650.0,0.001757588760206116
7551.0,7552.0,0.0004457377928782
7552.0,7553.0,0.0034807188122571576
7553.0,7554.0,0.0015086126938353146
7553.0,7653.0,0.0009486507945546767
7554.0,7555.0,0.0013686886607259254
7555.0,7556.0,0.0014332301141120423
7555.0,7655.0,0.0008821862048304957
7556.0,7557.0,0.002868130837322601
7556.0,7656.0,0.0005508223397839437
7557.0,7558.0,0.0020267199831254857
7558.0,7658.0,0.0012247676840924347
7560.0,7561.0,0.0018146615579768346
7560.0,7660.0,0.0010970304827121614
7561.0,7661.0,0.00048439142229776065
7563.0,7564.0,0.0025854804737218697
7563.0,7663.0,0.0011229176283253466
7564.0,7565.0,0.00217992715933365
7565.0,7566.0,0.001147878051015304
7565.0,7665.0,0.0006991817860882104
7566.0,7666.0,0.0014234254072497587
7570.0,7571.0,0.0017068532245038048
7571.0,7572.0,0.0023006883339557215
7571.0,7671.0,0.0008227910670390578
7572.0,7573.0,0.0011147809874560322
7572.0,7672.0,0.001927268170235615
7573.0,7673.0,0.0008089025281199071
7575.0,7576.0,0.0014473286081617509
7575.0,7675.0,0.0008438927064526623
7576.0,7577.0,0.0010925535593286928
7576.0,7676.0,0.000720661834701129
7577.0,7677.0,0.0014645689502385901
7585.0,7685.0,0.0010498362920021592
7588.0,7589.0,0.0031598604842619283
7588.0,7688.0,0.0007804797050545234
7589.0,7689.0,0.0005813961214205231
7591.0,7592.0,0.0017045118304084847
7592.0,7593.0,0.0023673415490798795
7592.0,7692.0,0.0012096854549808946
7593.0,7693.0,0.0007361600709096166
7629.0,7630.0,0.0015812425493892523
7629.0,7729.0,0.0014459072446067896
7630.0,7631.0,0.0034229194001610904
7630.0,7730.0,0.0004599257548831354
7631.0,7731.0,0.0008142102001329062
7633.0,7634.0,0.0027941389102905246
7633.0,7733.0,0.001546107764678178
7634.0,7635.0,0.0019372186711879215
7634.0,7734.0,0.0003487396736855181
7635.0,7636.0,0.0019645566039188005
7635.0,7735.0,0.000752738712970338
7636.0,7637.0,0.002342386496715907
7636.0,7736.0,0.0008235741193141272
7637.0,7638.0,0.001484073680785332
7637.0,7737.0,0.0012765176262008833
7638.0,7639.0,0.0012262171137282327
7638.0,7738.0,0.001408271255827695
7639.0,7640.0,0.002080420786764165
7639.0,7739.0,0.0004963803481184413
7640.0,7641.0,0.0023170072011108123
7640.0,7740.0,0.0010576212223635275
7641.0,7642.0,0.0011163374265873906
7641.0,7741.0,0.0009662103290677852
7642.0,7742.0,0.001488776185325331
7644.0,7645.0,0.002268853212528542
7644.0,7744.0,0.001132638556642711
7645.0,7646.0,0.001192014752425806
7645.0,7745.0,0.0017758834928001516
7646.0,7647.0,0.0016956457472003337
7646.0,7746.0,0.0008310659961759772
7647.0,7648.0,0.002469086381639812
7648.0,7649.0,0.0017024440460701035
7648.0,7748.0,0.0017129149249168296
7649.0,7650.0,0.00171730049205155
7649.0,7749.0,0.0002723079323121561
7650.0,7750.0,0.0006005585483558361
7653.0,7753.0,0.0010034589179389124
7655.0,7656.0,0.0014941311622477212
7655.0,7755.0,0.0013669523034837343
7656.0,7756.0,0.0009380719481966535
7658.0,7659.0,0.0024789074226360805
7658.0,7758.0,0.0005761013192164492
7659.0,7660.0,0.0015868514139638478
7659.0,7759.0,0.0002636315800487133
7660.0,7661.0,0.0011097680658601037
7660.0,7760.0,0.0003462483646121726
7661.0,7662.0,0.0027232941963735093
7662.0,7663.0,0.001588348299335018
7662.0,7762.0,0.0011249368204458256
7663.0,7763.0,0.00046994674166458684
7665.0,7666.0,0.0013797528546800018
7666.0,7667.0,0.0013833360835311314
7669.0,7769.0,0.0018256230991125196
7671.0,7672.0,0.0016340000397808742
7671.0,7771.0,0.0012550722887581568
7672.0,7673.0,0.0024664153847244936
7672.0,7772.0,0.00019550739116385666
7675.0,7676.0,0.002259591042644486
7675.0,7775.0,0.0011950528230997319
7676.0,7677.0,0.0015035407709807155
7676.0,7776.0,0.0017762491745268321
7677.0,7777.0,0.0009318450783217676
7681.0,7781.0,0.0010662818858084599
7685.0,7686.0,0.0015624377267586804
7685.0,7785.0,0.00144678319384664
7686.0,7687.0,0.002844194089720136
7686.0,7786.0,0.000790522086977956
7687.0,7688.0,0.000608610351538663
7687.0,7787.0,0.0009268957708346799
7688.0,7689.0,0.003221574177323888
7689.0,7690.0,0.0006572521357899879
7692.0,7693.0,0.0012575802161288018
7729.0,7730.0,0.0005724297860870156
7729.0,7829.0,0.001300652486253951
7730.0,7731.0,0.0027829692362652935
7730.0,7830.0,0.0017620126787283215
7731.0,7732.0,0.002460519248045073
7731.0,7831.0,0.001413107161537856
7732.0,7733.0,0.001589681332845323
7732.0,7832.0,0.0013394604921398029
7733.0,7734.0,0.0019143391366197846
7733.0,7833.0,0.0005544666716782537
7734.0,7735.0,0.0024625607017896315
7734.0,7834.0,0.0009920755263586125
7735.0,7736.0,0.001313435361942427
7735.0,7835.0,0.0008692160663501533
7736.0,7737.0,0.0020040805422932846
7736.0,7836.0,0.001152539890848595
7737.0,7738.0,0.0019217760665590738
7737.0,7837.0,0.0011084626110044685
7738.0,7739.0,0.0019565232863420112
7738.0,7838.0,0.0005736853580159157
7739.0,7740.0,0.001933165593009479
7739.0,7839.0,0.0013292998006445827
7740.0,7741.0,0.0025473287695145946
7741.0,7742.0,0.0021999297170601567
7741.0,7841.0,0.0007634381703824662
7742.0,7743.0,0.001470930837940429
7742.0,7842.0,0.0012396385158638132
7743.0,7744.0,0.0014326697456147832
7743.0,7843.0,0.0007550964574130613
7744.0,7745.0,0.0014482292429032336
7744.0,7844.0,0.00045593214407631076
7745.0,7746.0,0.002275698398294595
7745.0,7845.0,0.0012365425103907557
7746.0,7846.0,0.0015995050015617193
7748.0,7749.0,0.0027891117223948995
7748.0,7848.0,0.0008926987229745588
7749.0,7750.0,0.0017535047077213701
7749.0,7849.0,0.0013712687737981119
7750.0,7751.0,0.002205161309292328
7750.0,7850.0,0.0014322046257430779
7751.0,7851.0,0.00025030928868249056
7753.0,7754.0,0.0020221109489837277
7753.0,7853.0,0.0007385661920220505
7754.0,7755.0,0.0022529287893762566
7754.0,7854.0,0.0006060245704576063
7755.0,7756.0,0.0017043570547277632
7755.0,7855.0,0.0009385170696423194
7756.0,7757.0,0.002610671921172714
7756.0,7856.0,0.0013991112357546207
7757.0,7758.0,0.0010903964095677527
7758.0,7759.0,0.002446242443013383
7758.0,7858.0,0.0013913981205956984
7759.0,7760.0,0.0014799249068787503
7759.0,7859.0,0.0014080838398328145
7760.0,7860.0,0.0014341039432397267
7762.0,7763.0,0.002041903007000223
7762.0,7862.0,0.0007888813155348008
7763.0,7764.0,0.0029457449872654843
7763.0,7863.0,0.0009541718975102231
7764.0,7864.0,0.0019405037799500328
7769.0,7770.0,0.0003077659662792542
7770.0,7771.0,0.0023228687177711915
7770.0,7870.0,0.0014200762303454228
7771.0,7772.0,0.0016103638470860305
7771.0,7871.0,0.00045390625683911336
7772.0,7872.0,0.0019441775896226299
7774.0,7775.0,0.0029342798946248665
7775.0,7776.0,0.0008889063505220379
7775.0,7875.0,0.00031438781783244604
7776.0,7777.0,0.0028066534039662074
7776.0,7876.0,0.0010693929539671255
7777.0,7778.0,0.002180467594347994
7777.0,7877.0,0.0009907962050796266
7781.0,7782.0,0.0009264233697398324
7781.0,7881.0,0.0009447333168658766
7785.0,7786.0,0.0010470275306792135
7785.0,7885.0,0.0014091488849649841
7786.0,7787.0,0.0023637756280999083
7787.0,7887.0,0.0007989037113468005
7791.0,7891.0,0.0018913893570592713
7829.0,7830.0,0.0025695154893480843
7829.0,7929.0,0.0005040596790046631
7830.0,7831.0,0.0010468713865616137
7831.0,7832.0,0.0027400817451305962
7831.0,7931.0,0.0008974426444080462
7832.0,7833.0,0.0022091021931998
7833.0,7834.0,0.0016072670126648211
7833.0,7933.0,0.0015891817548636831
7834.0,7835.0,0.0014582542062343193
7834.0,7934.0,0.0014785367530076156
7835.0,7836.0,0.0019118552507958137
7835.0,7935.0,0.0009302501007797665
7836.0,7837.0,0.0013324504118353638
7836.0,7936.0,0.000360180898996306
7837.0,7838.0,0.0023816064830276995
7837.0,7937.0,0.0013871671564763437
7838.0,7839.0,0.0030012401769937062
7838.0,7938.0,0.001112649684311178
7839.0,7939.0,0.0013560584426964193
7841.0,7842.0,0.002335097970108123
7841.0,7941.0,0.0009269145861436641
7842.0,7843.0,0.002231908873587485
7843.0,7844.0,0.00096261245576728
7843.0,7943.0,0.0010279803208251915
7844.0,7845.0,0.0023328924278670058
7845.0,7846.0,0.0010540446337811429
7845.0,7945.0,0.0008662977144165433
7846.0,7847.0,0.0030519755700204577
7846.0,7946.0,0.0010700997430121806
7847.0,7848.0,0.0019178941289869009
7847.0,7947.0,0.0007787715968072521
7848.0,7849.0,0.0019394717889144768
7848.0,7948.0,0.0009312021477604251
7849.0,7850.0,0.0024060416663065445
7849.0,7949.0,0.0012456832382279
7850.0,7851.0,0.0016020931464809083
7850.0,7950.0,0.0004129050496192157
7851.0,7852.0,0.0016997835450437713
7851.0,7951.0,0.001396693012083582
7852.0,7853.0,0.0018714798689805268
7853.0,7854.0,0.0024516650280979957
7853.0,7953.0,0.0009708126080775563
7854.0,7855.0,0.0021508816889833915
7854.0,7954.0,0.0012377580377439848
7855.0,7856.0,0.002048180014061304
7855.0,7955.0,0.00028453049045550766
7856.0,7956.0,0.0008219371569639615
7858.0,7859.0,0.001769232602005954
7858.0,7958.0,0.0005745317832798801
7859.0,7860.0,0.0020198582747307
7859.0,7959.0,0.0006066531298844296
7860.0,7861.0,0.0008049147532504315
7860.0,7960.0,0.0006269750313960443
7861.0,7862.0,0.0027722536554221585
7862.0,7863.0,0.001794459041048696
7862.0,7962.0,0.001308076255426009
7863.0,7864.0,0.001212047565072856
7863.0,7963.0,0.0012841634514331025
7864.0,7865.0,0.0030348909848625385
7864.0,7964.0,0.0008216248900770363
7865.0,7965.0,0.0005368962655849415
7870.0,7871.0,0.0011066644703783908
7870.0,7970.0,0.001328553111471309
7871.0,7872.0,0.002881638993697585
7871.0,7971.0,0.0011967083061465906
7872.0,7873.0,0.0014526729604431162
7872.0,7972.0,0.000721187576154307
7875.0,7876.0,0.0015454482877144704
7875.0,7975.0,0.0015643446455262358
7876.0,7877.0,0.0019838478016213318
7879.0,7979.0,0.001093363402534318
7883.0,7983.0,0.0017490858069280357
7887.0,7888.0,0.002740318306328825
7887.0,7987.0,0.0011330195850007558
7888.0,7889.0,0.0008265027162694632
7888.0,7988.0,0.0012893556413968415
7889.0,7989.0,0.0008984536771581928
7933.0,7934.0,0.001458293718700506
7933.0,8033.0,0.0007227985611465436
7934.0,7935.0,0.0027515638262632022
7934.0,8034.0,0.001124695247609361
7935.0,7936.0,0.001404528977984972
7935.0,8035.0,0.0010221373391046042
7936.0,7937.0,0.002230067608840331
7936.0,8036.0,0.001359705504878851
7937.0,7938.0,0.0020780079403120485
7937.0,8037.0,0.0008743580044828638
7938.0,7939.0,0.0019964651411935974
7938.0,8038.0,0.0003182997957886607
7939.0,7940.0,0.001423994058976214
7939.0,8039.0,0.0010096386729914314
7940.0,7941.0,0.002304517832432532
7940.0,8040.0,0.0009935479555623786
7943.0,8043.0,0.0009379022763579794
7945.0,7946.0,0.0023878599498288297
7945.0,8045.0,0.0013872784363592996
7946.0,7947.0,0.0026301346467435924
7946.0,8046.0,0.0010625280655119902
7947.0,7948.0,0.001340253949816913
7947.0,8047.0,0.0013959090407348316
7948.0,7949.0,0.0011020889483164308
7948.0,8048.0,0.0011092749343636103
7949.0,7950.0,0.0029498388718698994
7949.0,8049.0,0.001382292545015074
7950.0,7951.0,0.0011187297081959103
7950.0,8050.0,0.000873535671851301
7951.0,8051.0,0.0011966381240780747
7953.0,7954.0,0.0010456100085585633
7954.0,7955.0,0.0029235471400334773
7954.0,8054.0,0.00039306092403231776
7955.0,7956.0,0.0015848911950036028
7955.0,8055.0,0.001890684119570784
7956.0,7957.0,0.001444878282069153
7956.0,8056.0,0.0009271223651712418
7957.0,7958.0,0.002335874881067224
7957.0,8057.0,0.000523545604511699
7958.0,7959.0,0.0022028778654297953
7958.0,8058.0,0.0009448727162996538
7959.0,7960.0,0.0017107183111197812
7960.0,8060.0,0.0010638983128119096
7962.0,7963.0,0.002354887447416688
7962.0,8062.0,0.0007589131241424023
7963.0,7964.0,0.0015054907273048923
7963.0,8063.0,0.0004445175474632096
7964.0,7965.0,0.002165649456860325
7964.0,8064.0,0.0012052919024051509
7965.0,7966.0,0.0016459208790219368
7965.0,8065.0,0.0011954000669234946
7966.0,7967.0,0.0017159864947031548
7966.0,8066.0,0.0008199050188904138
7967.0,7968.0,0.0019831110533708733
7967.0,8067.0,0.0011943123293338361
7968.0,8068.0,0.0009680752295163467
7970.0,7971.0,0.0021320139047389113
7970.0,8070.0,0.0006061619008193133
7971.0,7972.0,0.002698981248545124
7974.0,7975.0,0.0015902988932902033
7974.0,8074.0,0.0009340191057969394
7978.0,7979.0,0.0012650269918074166
7978.0,8078.0,0.0010047345967989596
7979.0,7980.0,0.0016422915697278432
7980.0,8080.0,0.0008923078000323951
7982.0,7983.0,0.0013030832513695402
7982.0,8082.0,0.0007687595527919222
7983.0,7984.0,0.0020919646077310543
7983.0,8083.0,0.001107762578355857
7984.0,8084.0,0.0008233731717768656
7986.0,7987.0,0.0025674807730536164
7987.0,7988.0,0.0015477077275765458
7987.0,8087.0,0.0010153057175074347
7988.0,7989.0,0.0011922619930194412
7988.0,8088.0,0.0005038248604421254
7989.0,7990.0,0.0027985564850475436
7989.0,8089.0,0.0011780511915831038
7990.0,8090.0,0.0017453573846086567
8033.0,8034.0,0.0018002474968737642
8033.0,8133.0,0.0009446789348823099
8034.0,8035.0,0.002847757688076536
8034.0,8134.0,0.0014511288984815963
8035.0,8036.0,0.0018556587752064854
8035.0,8135.0,0.0006488101725438992
8036.0,8037.0,0.0018238531739148609
8036.0,8136.0,0.0012124195519683052
8037.0,8038.0,0.0018253551325717308
8038.0,8039.0,0.0026783693714653818
8039.0,8040.0,0.0014556748297610367
8039.0,8139.0,0.0016097749656394037
8042.0,8043.0,0.0015884412611108418
8042.0,8142.0,0.0012154427711741102
8043.0,8044.0,0.002287205117605752
8043.0,8143.0,0.0014495130803121822
8044.0,8045.0,0.0018585423589467063
8044.0,8144.0,0.0012041506425635084
8045.0,8046.0,0.002763992440293161
8045.0,8145.0,0.0011056667942963372
8046.0,8047.0,0.0008522940807027086
8046.0,8146.0,0.001815773523871933
8047.0,8048.0,0.0027675458948315944
8047.0,8147.0,0.0006884432365863951
8048.0,8049.0,0.0018043053649533787
8048.0,8148.0,0.0017094146044768681
8049.0,8050.0,0.002029021793870477
8049.0,8149.0,0.0010905205454233371
8050.0,8051.0,0.0011791514788183342
8050.0,8150.0,0.0014797130600236734
8051.0,8052.0,0.0016096904205470948
8051.0,8151.0,0.0008743019615646673
8052.0,8152.0,0.0010694386611686485
8054.0,8055.0,0.0015188716634393093
8054.0,8154.0,0.0013767333692475104
8055.0,8056.0,0.0029742180585824846
8055.0,8155.0,0.001501194031429898
8056.0,8057.0,0.0010035068161204429
8056.0,8156.0,0.001103693277135268
8057.0,8058.0,0.0025470888421883484
8057.0,8157.0,0.0006558637739642818
8058.0,8158.0,0.0012233832841730373
8060.0,8061.0,0.0005072863589726258
8060.0,8160.0,0.0013876965950812444
8061.0,8062.0,0.0026891503211979575
8062.0,8063.0,0.0023604357669716283
8062.0,8162.0,0.0006025477989352114
8063.0,8064.0,0.002257405016827565
8063.0,8163.0,0.0010843858400031029
8064.0,8065.0,0.0012740923435920154
8065.0,8066.0,0.0017414583601110625
8065.0,8165.0,0.0010825784451986952
8066.0,8067.0,0.002657437128136648
8066.0,8166.0,0.00100020530392474
8067.0,8068.0,0.0016259681300691015
8067.0,8167.0,0.0013652493764856103
8068.0,8168.0,0.00114910671828224
8070.0,8170.0,0.0012265821293290964
8074.0,8174.0,0.0007522961384979588
8076.0,8176.0,0.001002415652311945
8078.0,8178.0,0.0007704945749330236
8080.0,8081.0,0.0019121478708514607
8081.0,8082.0,0.0020165495282791963
8082.0,8083.0,0.0013347553783370637
8082.0,8182.0,0.0011225919873188524
8083.0,8084.0,0.0016139088605000157
8084.0,8184.0,0.001015976791070353
8087.0,8088.0,0.002269083255413489
8088.0,8089.0,0.0011766158421511335
8088.0,8188.0,0.0011247439930980475
8089.0,8090.0,0.002276844906882976
8089.0,8189.0,0.0009925982168035162
8090.0,8190.0,0.000577995821781707
8132.0,8133.0,0.0010539197929631764
8132.0,8232.0,0.0014403727885536409
8133.0,8134.0,0.0029730143524710584
8133.0,8233.0,0.0011325428557006924
8134.0,8135.0,0.0016085116256977347
8134.0,8234.0,0.0009650290824644399
8135.0,8136.0,0.0019064017834664114
8135.0,8235.0,0.00138685145924793
8136.0,8236.0,0.0003661290073187576
8139.0,8239.0,0.0008495774243687555
8142.0,8143.0,0.001979414605382459
8143.0,8144.0,0.0015482848865757508
8143.0,8243.0,0.0006697806879897145
8144.0,8145.0,0.0019471071285372605
8144.0,8244.0,0.0007348270885048172
8145.0,8146.0,0.0014407343752420837
8145.0,8245.0,0.000581697464323501
8146.0,8147.0,0.002789523991651081
8146.0,8246.0,0.0012120946538975027
8147.0,8148.0,0.0010631817906633573
8148.0,8149.0,0.002710803644678015
8148.0,8248.0,0.0008327548738988623
8149.0,8150.0,0.0012440989188958313
8149.0,8249.0,0.0015255075286637254
8150.0,8151.0,0.0027092043130767848
8150.0,8250.0,0.0018599849730571041
8151.0,8152.0,0.0020153501184655134
8152.0,8153.0,0.0019429610907061082
8152.0,8252.0,0.0010323192626302059
8153.0,8154.0,0.0008405598729408536
8153.0,8253.0,0.0005816715654084225
8154.0,8155.0,0.0036519145252866315
8154.0,8254.0,0.001023323531439354
8155.0,8156.0,0.0013761128333099474
8155.0,8255.0,0.0009315139612481151
8156.0,8157.0,0.0017129114308682431
8156.0,8256.0,0.0009512250312120705
8157.0,8158.0,0.0013874806665310842
8157.0,8257.0,0.0009738403411224685
8158.0,8159.0,0.0020875295758385286
8158.0,8258.0,0.0009282237768984679
8159.0,8160.0,0.0018915929186803086
8159.0,8259.0,0.0009278829074850895
8160.0,8260.0,0.001569381394053661
8162.0,8163.0,0.0014680754510582974
8162.0,8262.0,0.0006914793561637063
8163.0,8263.0,0.0009475848563552134
8165.0,8166.0,0.001982976197537696
8165.0,8265.0,0.0009733272419899029
8166.0,8167.0,0.002348564131549214
8166.0,8266.0,0.0011903052591691937
8167.0,8168.0,0.0021980370447285337
8168.0,8268.0,0.000741752546336443
8170.0,8171.0,0.0033163799435529683
8170.0,8270.0,0.0007371890530917241
8171.0,8271.0,0.0017386769251353002
8173.0,8174.0,0.0025978274769507116
8174.0,8274.0,0.0011284748025551428
8178.0,8179.0,0.002239264890538339
8178.0,8278.0,0.0013945502823518446
8179.0,8279.0,0.0008568717348581153
8184.0,8185.0,0.002446443044504693
8184.0,8284.0,0.0014495518824842466
8185.0,8186.0,0.0005705349244346831
8185.0,8285.0,0.0004674643301858569
8188.0,8189.0,0.0020778301302080086
8188.0,8288.0,0.000689693047662388
8189.0,8190.0,0.0016897953603912334
8189.0,8289.0,0.0007499585321892795
8231.0,8232.0,0.001148713476026379
8232.0,8233.0,0.0030055772224321826
8232.0,8332.0,0.0007219163524930278
8233.0,8234.0,0.0012509503147605505
8234.0,8235.0,0.0026874106961907963
8234.0,8334.0,0.0007920551748398368
8235.0,8236.0,0.0018683959162883771
8236.0,8237.0,0.001632789530219869
8236.0,8336.0,0.001341065315339541
8237.0,8337.0,0.0009880262800192378
8241.0,8341.0,0.0005738352725283675
8243.0,8244.0,0.002788672718337663
8243.0,8343.0,0.0011906257934355383
8244.0,8245.0,0.0012848020937108603
8244.0,8344.0,0.0014014303907085306
8245.0,8246.0,0.0012895749105801615
8245.0,8345.0,0.0007765922739763494
8246.0,8346.0,0.00028023854124527097
8248.0,8249.0,0.0010774276495429168
8248.0,8348.0,0.0011460689726156654
8249.0,8250.0,0.003666599650902668
8249.0,8349.0,0.0009452939489906268
8250.0,8350.0,0.0010640330117037305
8252.0,8253.0,0.0018234255811523728
8252.0,8352.0,0.0008328822365770552
8253.0,8254.0,0.0010432307510800886
8253.0,8353.0,0.0010688684577589347
8254.0,8255.0,0.003673801895856399
8255.0,8256.0,0.0014565499407858003
8256.0,8257.0,0.0017659909173047361
8256.0,8356.0,0.0006505943743988547
8257.0,8258.0,0.0014894519965407329
8257.0,8357.0,0.0009969889116714183
8258.0,8259.0,0.0023564412871956908
8258.0,8358.0,0.0008585076179080531
8259.0,8260.0,0.001999268751318794
8259.0,8359.0,0.0008263647862763874
8262.0,8263.0,0.0015364725998206843
8262.0,8362.0,0.0011738802536868868
8263.0,8264.0,0.0029489872651471617
8263.0,8363.0,0.0012862223213752947
8264.0,8265.0,0.0012121253565538824
8264.0,8364.0,0.0008637285279554904
8265.0,8266.0,0.0018896764934769844
8265.0,8365.0,0.0013925340103552446
8266.0,8366.0,0.0007487360683182527
8268.0,8269.0,0.001750642516334553
8268.0,8368.0,0.001249299151523032
8269.0,8270.0,0.0015545943522352699
8269.0,8369.0,0.0005394304867223042
8270.0,8271.0,0.0015115275518492427
8271.0,8371.0,0.0014953400950959547
8274.0,8275.0,0.0008338558148734
8274.0,8374.0,0.0015215666268692705
8278.0,8279.0,0.0017075512437429408
8279.0,8379.0,0.0015285928856346653
8281.0,8381.0,0.0013849511471543119
8283.0,8284.0,0.0020350864453394556
8284.0,8285.0,0.0024420493954881413
8285.0,8385.0,0.0013077686416174009
8288.0,8289.0,0.002016636598397744
8289.0,8389.0,0.0017269566439242975
8336.0,8337.0,0.0019573776181411474
8336.0,8436.0,0.00044887117305399967
8337.0,8338.0,0.0021044387208942637
8337.0,8437.0,0.0008419008255137232
8338.0,8438.0,0.001040581207788284
8340.0,8341.0,0.0025860690826042558
8341.0,8342.0,0.0022625480878870046
8341.0,8441.0,0.0013903825372956814
8342.0,8343.0,0.002090119329128891
8343.0,8344.0,0.00172994519277377
8343.0,8443.0,0.00107305210031943
8344.0,8345.0,0.0016745419075071871
8344.0,8444.0,0.0004668452848633347
8345.0,8346.0,0.001596783783110597
8346.0,8347.0,0.0026551869237403905
8347.0,8348.0,0.0016838038484338939
8347.0,8447.0,0.0006964468106044673
8348.0,8349.0,0.0018360847529453855
8348.0,8448.0,0.0008303281399564739
8349.0,8350.0,0.0019284139493380213
8349.0,8449.0,0.000963918015185733
8350.0,8351.0,0.0025677697482446547
8351.0,8352.0,0.0010740004655470157
8351.0,8451.0,0.0005343231700036001
8352.0,8353.0,0.0025272945158801817
8353.0,8453.0,0.0010475403810812228
8356.0,8357.0,0.0018863587596212024
8356.0,8456.0,0.0010338319060616804
8357.0,8358.0,0.0022323472064175497
8357.0,8457.0,0.000985376374795116
8358.0,8359.0,0.0022601812869766638
8358.0,8458.0,0.000936273170604006
8359.0,8459.0,0.0007648023339403038
8361.0,8362.0,0.001150866599566475
8361.0,8461.0,0.0011286549605619344
8362.0,8363.0,0.002564963644966956
8362.0,8462.0,0.001114578772451614
8363.0,8364.0,0.0025259691605405794
8363.0,8463.0,0.0010217830346986694
8364.0,8365.0,0.001888644090346113
8364.0,8464.0,0.0018441848632933964
8365.0,8366.0,0.0016621184855477628
8365.0,8465.0,0.0003592666140920278
8368.0,8369.0,0.0018915206686678627
8368.0,8468.0,0.0007128319297024988
8369.0,8469.0,0.0011224917861567595
8377.0,8477.0,0.0006921726518757318
8379.0,8380.0,0.002693954064196238
8379.0,8479.0,0.0011706890278765948
8380.0,8381.0,0.0005180110037422898
8380.0,8480.0,0.0011010940604716216
8381.0,8382.0,0.0020697072377512185
8381.0,8481.0,0.0012328553037555877
8385.0,8485.0,0.0013475862013288074
8389.0,8489.0,0.0009606654776747407
8435.0,8436.0,0.002085688653658456
8436.0,8437.0,0.00132193482819676
8437.0,8438.0,0.0016222436931607623
8437.0,8537.0,0.0008925324924050367
8438.0,8439.0,0.0024848917501572483
8439.0,8539.0,0.0007023886815735867
8441.0,8541.0,0.00018085731945165822
8443.0,8444.0,0.0017981832720842701
8443.0,8543.0,0.0010041235232803713
8447.0,8448.0,0.001690759361943674
8447.0,8547.0,0.0014008472043716051
8448.0,8449.0,0.0012957863789988993
8448.0,8548.0,0.0011484586932032916
8449.0,8549.0,0.000908312721477701
8451.0,8551.0,0.0008940057382339838
8453.0,8553.0,0.0008360136960644627
8455.0,8456.0,0.0011950077196404834
8455.0,8555.0,0.0007111740433984353
8456.0,8457.0,0.0024442345713947327
8456.0,8556.0,0.0009634405430554772
8457.0,8458.0,0.0019197421180980857
8457.0,8557.0,0.0010466244503150599
8458.0,8459.0,0.002378305196983499
8458.0,8558.0,0.0008410304631848054
8459.0,8460.0,0.0017693818044733302
8459.0,8559.0,0.001178724005016934
8460.0,8461.0,0.0020164195520780627
8460.0,8560.0,0.0010676066738234784
8461.0,8462.0,0.0014407050392075814
8461.0,8561.0,0.0012888865000431407
8462.0,8463.0,0.001673586857620693
8462.0,8562.0,0.000783248013084608
8463.0,8464.0,0.0014696399899293687
8463.0,8563.0,0.0009340734500018409
8464.0,8465.0,0.003470034940746092
8464.0,8564.0,0.0019247360338509384
8467.0,8468.0,0.0014759790276284753
8468.0,8469.0,0.002174243466128118
8469.0,8470.0,0.002574218646502187
8470.0,8570.0,0.0011378101115764234
8479.0,8480.0,0.0010923932304797276
8480.0,8481.0,0.002025077097297721
8480.0,8580.0,0.0007196591554343174
8481.0,8581.0,0.0009238181693403284
8483.0,8484.0,0.0019345516095469692
8483.0,8583.0,0.0016678420129020057
8484.0,8485.0,0.0024123988476216617
8484.0,8584.0,0.0018188950766873154
8485.0,8486.0,0.002280714688427347
8486.0,8487.0,0.002471938186929477
8489.0,8490.0,0.001977153168067501
8489.0,8589.0,0.0007018264244127864
8490.0,8590.0,0.0009895015563440765
8537.0,8637.0,0.0005436008094162619
8539.0,8540.0,0.0017897126165953945
8539.0,8639.0,0.0005061162317113923
8540.0,8541.0,0.0015263241497132365
8540.0,8640.0,0.0009753200295293485
8541.0,8641.0,0.0012534330855706966
8547.0,8548.0,0.00200500685784367
8547.0,8647.0,0.0007807898052627515
8548.0,8549.0,0.0013436488566585445
8548.0,8648.0,0.0007338353084983642
8549.0,8550.0,0.00232017841770811
8549.0,8649.0,0.0011040393561843932
8550.0,8551.0,0.001416157519487803
8550.0,8650.0,0.001238199466966528
8551.0,8552.0,0.002601088683609367
8552.0,8553.0,0.002148304766554314
8552.0,8652.0,0.0009022294442081252
8555.0,8556.0,0.0013253460566956248
8556.0,8557.0,0.0022010835922337954
8556.0,8656.0,0.0010938136267239515
8557.0,8558.0,0.0013022308627883906
8557.0,8657.0,0.0008424939168930928
8558.0,8559.0,0.0019401560375390927
8558.0,8658.0,0.001185677633254117
8559.0,8560.0,0.0016782316467040517
8560.0,8561.0,0.0020114108605651417
8560.0,8660.0,0.0011923821912452177
8561.0,8562.0,0.0019963568944452643
8561.0,8661.0,0.0010385636716141778
8562.0,8563.0,0.0024472009010298385
8562.0,8662.0,0.001218705682276238
8563.0,8564.0,0.002499342043418359
8563.0,8663.0,0.0008215469858745863
8564.0,8664.0,0.0014828021041238813
8566.0,8666.0,0.002132456904603906
8570.0,8670.0,0.001156217250346553
8580.0,8581.0,0.0024038804337990012
8581.0,8582.0,0.001669763055046745
8582.0,8583.0,0.0028802667550073585
8582.0,8682.0,0.0010172478999706108
8583.0,8584.0,0.002233849934530035
8583.0,8683.0,0.000670573940737154
8584.0,8684.0,0.0014657164937374966
8588.0,8589.0,0.0009616722570610595
8589.0,8590.0,0.0019729306652796165
8589.0,8689.0,0.0011743353609557526
8590.0,8690.0,0.0012431144436444892
8636.0,8637.0,0.001848006758645186
8637.0,8638.0,0.002604506458045254
8637.0,8737.0,0.0011421214515088315
8638.0,8639.0,0.0010153915156233633
8639.0,8640.0,0.0025297620540282372
8639.0,8739.0,0.0010539883206173305
8640.0,8641.0,0.001235345526562732
8640.0,8740.0,0.001396624394747564
8641.0,8642.0,0.002118900943885909
8642.0,8742.0,0.0012305597588097184
8647.0,8648.0,0.00207021070425219
8648.0,8649.0,0.0011613872265540573
8648.0,8748.0,0.001709941615961578
8649.0,8650.0,0.0012062659947144592
8649.0,8749.0,0.0009228661712243826
8652.0,8752.0,0.0014558963493331238
8654.0,8754.0,0.0010895098439257806
8656.0,8657.0,0.0027527846356009177
8657.0,8658.0,0.0015875122204253766
8658.0,8758.0,0.0010140856028933744
8660.0,8661.0,0.001985477599974173
8660.0,8760.0,0.0008177836510978091
8661.0,8662.0,0.0013620011637309052
8661.0,8761.0,0.0011642785319723368
8662.0,8663.0,0.0028057333622425523
8662.0,8762.0,0.0007651118153559105
8663.0,8664.0,0.001055107624842648
8663.0,8763.0,0.0009406468519069349
8664.0,8665.0,0.0029949635607129962
8665.0,8666.0,0.001879294527209902
8665.0,8765.0,0.000735114637315558
8666.0,8667.0,0.0012037558930281856
8666.0,8766.0,0.0005352667372405202
8667.0,8668.0,0.0012807643499095035
8668.0,8669.0,0.002497256038134673
8669.0,8670.0,0.0018913745610007284
8669.0,8769.0,0.0007594602359522926
8670.0,8671.0,0.00216813590210544
8670.0,8770.0,0.0008922439688764601
8671.0,8672.0,0.0016205359915781531
8671.0,8771.0,0.0006075959924169969
8672.0,8772.0,0.0006107272140665731
8679.0,8779.0,0.0008481396406250876
8682.0,8683.0,0.0020443091008941865
8682.0,8782.0,0.0008156742119256196
8683.0,8684.0,0.0018618217530161543
8683.0,8783.0,0.0007768229463643107
8689.0,8690.0,0.0023337155889260972
8739.0,8740.0,0.0006681269714668411
8739.0,8839.0,0.00113683846697842
8740.0,8840.0,0.0012546127689417902
8748.0,8749.0,0.0022840935116581512
8748.0,8848.0,0.000798568682083644
8749.0,8849.0,0.0009571405957333164
8751.0,8752.0,0.001439260452455516
8751.0,8851.0,0.0007989286388643836
8752.0,8753.0,0.003553158642672519
8752.0,8852.0,0.0013114991612668682
8753.0,8754.0,0.0006365412241167335
8753.0,8853.0,0.0018556919248623282
8754.0,8755.0,0.0020250223529638366
8755.0,8855.0,0.0013137783679190356
8758.0,8759.0,0.001787871105532968
8759.0,8760.0,0.0019785916026303025
8760.0,8761.0,0.001092383568166339
8761.0,8762.0,0.0026848434926458513
8761.0,8861.0,0.000897102457911896
8762.0,8763.0,0.0020761904368341577
8762.0,8862.0,0.0016413590009511513
8763.0,8863.0,0.00087512276852846
8765.0,8766.0,0.0016318033000340317
8765.0,8865.0,0.0019286821044442347
8769.0,8770.0,0.001989755789035304
8769.0,8869.0,0.0009461765638655417
8770.0,8771.0,0.002367232688182765
8770.0,8870.0,0.0009826255848498348
8771.0,8772.0,0.0017095101345122733
8771.0,8871.0,0.000935920765878024
8772.0,8872.0,0.0009676918207767053
8776.0,8777.0,0.0012335850396302842
8776.0,8876.0,0.0005359511358326529
8777.0,8877.0,0.001288560018005144
8782.0,8783.0,0.0009467106685784213
8782.0,8882.0,0.0016729710696856066
8783.0,8883.0,0.0017002992236672507
8839.0,8840.0,0.0018380707412931742
8839.0,8939.0,0.0006700812637263294
8843.0,8943.0,0.0003450232455965097
8847.0,8848.0,0.001348112910701459
8847.0,8947.0,0.0009395234589986105
8848.0,8849.0,0.0032955737118146363
8848.0,8948.0,0.0011544692849970544
8849.0,8850.0,0.0009153406196601343
8850.0,8851.0,0.0014222856042306394
8851.0,8852.0,0.002686790138808611
8851.0,8951.0,0.0013067326964609288
8852.0,8853.0,0.0008500025470546884
8853.0,8953.0,0.0016624321760540732
8855.0,8856.0,0.0016573782006534129
8855.0,8955.0,0.0004994401866038684
8856.0,8857.0,0.001608669005731063
8861.0,8862.0,0.0019962174656085996
8861.0,8961.0,0.0006476388654231057
8862.0,8863.0,0.001985290729339372
8862.0,8962.0,0.0007061349729334321
8863.0,8864.0,0.001814717013751251
8863.0,8963.0,0.0008168629321982272
8864.0,8865.0,0.0010705035917736637
8864.0,8964.0,0.0009135733413347064
8865.0,8965.0,0.0014016815080432718
8869.0,8870.0,0.0013335081139601377
8870.0,8871.0,0.001957049176694468
8870.0,8970.0,0.0006944213418418698
8871.0,8872.0,0.001546881508067141
8871.0,8971.0,0.0011318714503000924
8872.0,8873.0,0.002116456985152549
8872.0,8972.0,0.0012121971209339358
8876.0,8877.0,0.00023048004252138653
8877.0,8878.0,0.0025259749563289265
8877.0,8977.0,0.0009500693132579339
8878.0,8978.0,0.000641407491380532
8880.0,8980.0,0.0011297661350934275
8882.0,8883.0,0.0030586528047481516
8883.0,8983.0,0.0008219928953441964
8890.0,8990.0,0.0010163596705944976
8947.0,8948.0,0.0018618109248791908
8947.0,9047.0,0.0009666180062450662
8948.0,9048.0,0.0007339887873807803
8951.0,9051.0,0.0017239999825997177
8953.0,8954.0,0.0020201416410735207
8953.0,9053.0,0.0009592051136246199
8954.0,8955.0,0.00213572056458695
8954.0,9054.0,0.0010908709639584175
8958.0,8959.0,0.0026617275762179544
8958.0,9058.0,0.0005758403337743915
8959.0,8960.0,0.0014034679119948078
8959.0,9059.0,0.0015418904792487483
8960.0,8961.0,0.0018178239656252238
8960.0,9060.0,0.0014935597477159148
8961.0,8962.0,0.0010266013101494964
8961.0,9061.0,0.0009831591580164326
8962.0,8963.0,0.001935176459654438
8962.0,9062.0,0.0013253603774052315
8963.0,8964.0,0.002576435401868289
8963.0,9063.0,0.0017552240569253805
8964.0,8965.0,0.0018298812311183423
8964.0,9064.0,0.0015136984772396037
8965.0,8966.0,0.0017741650684193414
8965.0,9065.0,0.0007455330442083654
8970.0,8971.0,0.0021077046709629664
8970.0,9070.0,0.0006110494660772794
8971.0,8972.0,0.0018013352491971866
8971.0,9071.0,0.0008359055448985935
8972.0,9072.0,0.0010723486000383646
8977.0,8978.0,0.0016875411846816307
8977.0,9077.0,0.0010223698156775973
8978.0,9078.0,0.0017178511460546868
8983.0,9083.0,0.0005864333210178816
8988.0,8989.0,0.0008926907303219559
8988.0,9088.0,0.001306900703957589
8989.0,8990.0,0.0028502928498657393
8990.0,9090.0,0.0007987812278707281
9045.0,9046.0,0.0028287707931186614
9045.0,9145.0,0.0015950581964302036
9046.0,9047.0,0.0025512849331265426
9046.0,9146.0,0.000638833139402832
9047.0,9048.0,0.0015160881669619025
9047.0,9147.0,0.0017976986399299618
9048.0,9049.0,0.002367948667094862
9048.0,9148.0,0.0012317234835744185
9049.0,9050.0,0.0012754870795117334
9049.0,9149.0,0.0011562892587921184
9050.0,9051.0,0.0013020948698148262
9050.0,9150.0,0.0008002460746531514
9051.0,9052.0,0.0022272124281253526
9052.0,9053.0,0.002173366699386079
9053.0,9054.0,0.0023515388153286794
9053.0,9153.0,0.0009631402026710904
9054.0,9154.0,0.0007395183432463678
9056.0,9057.0,0.0007449826038234852
9057.0,9058.0,0.0022617554686576464
9057.0,9157.0,0.001125354455268013
9058.0,9059.0,0.0015976295596912091
9058.0,9158.0,0.0010960913511194317
9059.0,9060.0,0.0014024871942370657
9059.0,9159.0,0.0006096198241552555
9060.0,9061.0,0.0027270409237850944
9060.0,9160.0,0.0011750843544170852
9061.0,9062.0,0.0019862789960121297
9061.0,9161.0,0.0013027680875765217
9062.0,9063.0,0.002353240678299084
9062.0,9162.0,0.001058689652353339
9063.0,9064.0,0.001923547101060715
9063.0,9163.0,0.0008556671373839195
9064.0,9065.0,0.0018231566690759715
9064.0,9164.0,0.0008076830318879443
9065.0,9165.0,0.0011055628430780627
9070.0,9071.0,0.0022019722273454606
9071.0,9072.0,0.0028109239263981642
9072.0,9172.0,0.0012913459064085046
9077.0,9078.0,0.0024759643959477253
9077.0,9177.0,0.0010497346569475566
9078.0,9079.0,0.0007296065035344629
9082.0,9083.0,0.0018105293038220456
9082.0,9182.0,0.0014055238454033325
9083.0,9183.0,0.0009994491682946637
9144.0,9145.0,0.001986550402078755
9145.0,9146.0,0.0017916738905283
9145.0,9245.0,0.0015087592385781292
9146.0,9147.0,0.000601070087428567
9147.0,9148.0,0.0028441443792460146
9147.0,9247.0,0.001257392623644166
9148.0,9149.0,0.001430817626394217
9148.0,9248.0,0.00039518026266976156
9149.0,9150.0,0.002060217124479685
9149.0,9249.0,0.001083000212376319
9150.0,9250.0,0.0012849510691137717
9153.0,9154.0,0.0019154892455975961
9153.0,9253.0,0.0005078680931112877
9154.0,9155.0,0.0024911977621216545
9154.0,9254.0,0.0013334407223425345
9155.0,9255.0,0.0018877698217750513
9157.0,9158.0,0.0025048002754709327
9158.0,9159.0,0.0011890103658082404
9158.0,9258.0,0.0010111240675614414
9159.0,9160.0,0.0015359447711421723
9159.0,9259.0,0.0013704807076320338
9160.0,9161.0,0.0026045444918453282
9160.0,9260.0,0.001417376520198277
9161.0,9162.0,0.0012771243087510546
9161.0,9261.0,0.0006349248223232542
9162.0,9163.0,0.0026737444343093763
9162.0,9262.0,0.0006902789291333472
9163.0,9164.0,0.0022938200278136657
9163.0,9263.0,0.0009042577729828072
9164.0,9165.0,0.001250698508834013
9164.0,9264.0,0.0013388775672201242
9165.0,9166.0,0.0022403371732840583
9165.0,9265.0,0.0012856237707786723
9166.0,9266.0,0.0008870973847284654
9172.0,9173.0,0.001222563086307388
9172.0,9272.0,0.0013506938402161686
9181.0,9182.0,0.0009353780679479154
9182.0,9183.0,0.0020412159611369386
9182.0,9282.0,0.0005413522420771753
9241.0,9242.0,0.0015352229968306186
9247.0,9248.0,0.0020178497268128815
9248.0,9249.0,0.002018360309756485
9248.0,9348.0,0.0009966058649210324
9249.0,9250.0,0.001442605202402982
9250.0,9251.0,0.002262271612782901
9250.0,9350.0,0.0005898882097459056
9251.0,9252.0,0.0024786476353040074
9251.0,9351.0,0.0014510051688390944
9252.0,9253.0,0.001707611808930571
9252.0,9352.0,0.0017458005040666348
9253.0,9254.0,0.0015757698975422667
9253.0,9353.0,0.001562032758940499
9254.0,9255.0,0.0012605059500057443
9254.0,9354.0,0.0010939614481331778
9255.0,9355.0,0.00027148843437644504
9258.0,9259.0,0.001345968573183857
9259.0,9260.0,0.0024737030076386218
9259.0,9359.0,0.0007616853156036953
9260.0,9261.0,0.0020072310579501386
9260.0,9360.0,0.0005937585788870889
9261.0,9262.0,0.001002158854673808
9261.0,9361.0,0.0008880155685516537
9262.0,9263.0,0.00226110200123752
9262.0,9362.0,0.001276882155877599
9263.0,9264.0,0.0017783265448168756
9263.0,9363.0,0.0008776449509930041
9264.0,9265.0,0.00302493652495394
9265.0,9266.0,0.0016937852579352415
9269.0,9270.0,0.0013886152130808773
9270.0,9271.0,0.00254220936391967
9270.0,9370.0,0.0013769395665734897
9271.0,9272.0,0.0013330129631779623
9276.0,9376.0,0.000766448230476072
9280.0,9380.0,0.0002974707548649005
9282.0,9382.0,0.001340715454522092
9343.0,9344.0,0.0016523080614699835
9344.0,9444.0,0.0007373831636303947
9350.0,9351.0,0.0015525697311235388
9351.0,9352.0,0.0014446532940472412
9351.0,9451.0,0.0007962521020387194
9352.0,9353.0,0.0020650679335073316
9352.0,9452.0,0.0010265380119609466
9353.0,9354.0,0.0029950937815034226
9353.0,9453.0,0.0011408973398145878
9354.0,9355.0,0.0010347113848796661
9354.0,9454.0,0.001159745424651057
9355.0,9356.0,0.0021820526231050626
9356.0,9357.0,0.002649912092881519
9356.0,9456.0,0.0010313606789055696
9357.0,9457.0,0.0006516677988031412
9359.0,9360.0,0.0027965203092412652
9359.0,9459.0,0.0006149017807760429
9360.0,9361.0,0.0019407632364611253
9360.0,9460.0,0.0006306664490795264
9361.0,9362.0,0.00151052045335364
9361.0,9461.0,0.0015684327368458832
9362.0,9363.0,0.0016999677761648606
9362.0,9462.0,0.001386937507607756
9370.0,9470.0,0.001287415772001776
9380.0,9381.0,0.002035675664245198
9381.0,9382.0,0.002427352772054302
9382.0,9383.0,0.0005511425405463641
9444.0,9445.0,0.0023436555762317637
9445.0,9545.0,0.0011865960264556754
9451.0,9452.0,0.0016539792320345457
9451.0,9551.0,0.0008144172947533515
9452.0,9453.0,0.0019849552942070667
9452.0,9552.0,0.0010228097965901933
9453.0,9454.0,0.0015831470083349328
9454.0,9554.0,0.0004891706961785694
9456.0,9457.0,0.0020437304543410046
9456.0,9556.0,0.0007211232349649829
9457.0,9458.0,0.0022864708526460593
9457.0,9557.0,0.001200482586296962
9458.0,9459.0,0.0006202278452313261
9458.0,9558.0,0.000907133970259128
9459.0,9460.0,0.003614174352462555
9459.0,9559.0,0.0014828428439964693
9460.0,9461.0,0.0004985861811199854
9460.0,9560.0,0.001642120120456468
9461.0,9462.0,0.0024181678022832877
9461.0,9561.0,0.0007422321200276063
9462.0,9562.0,0.00037880898880186565
9469.0,9470.0,0.0022193697123280747
9485.0,9585.0,0.00017683268928408188
9551.0,9552.0,0.001583606848305243
9551.0,9651.0,0.0007837393699474922
9552.0,9652.0,0.0009423975063661231
9554.0,9555.0,0.0033170177358582582
9554.0,9654.0,0.0011267874422436848
9555.0,9556.0,0.0011033921741608291
9556.0,9557.0,0.00245285960666294
9556.0,9656.0,0.0013393193532508574
9557.0,9558.0,0.001612861953174969
9557.0,9657.0,0.0012837104424291126
9558.0,9559.0,0.0019684409770173617
9558.0,9658.0,0.0013154522150148453
9559.0,9560.0,0.0015179377194075722
9559.0,9659.0,0.0015359920475058345
9560.0,9561.0,0.0018246640923741785
9560.0,9660.0,0.001283992309163247
9561.0,9562.0,0.0018364983120057522
9561.0,9661.0,0.0014559402254186798
9562.0,9563.0,0.0027456820154562584
9562.0,9662.0,0.0007256750236849062
9566.0,9666.0,0.0009886829876142858
9568.0,9668.0,0.0009283303129808544
9575.0,9576.0,0.0005270940143845458
9575.0,9675.0,0.001008995346868258
9576.0,9676.0,0.0009780437822529795
9580.0,9680.0,0.0009594642098580929
9583.0,9584.0,0.000995453072725225
9584.0,9585.0,0.002842080646287165
9584.0,9684.0,0.0003880481671145623
9649.0,9650.0,0.001182386844480025
9650.0,9651.0,0.001436492885467814
9650.0,9750.0,0.0013426809635926798
9651.0,9652.0,0.002494566393183455
9652.0,9653.0,0.00245708963613446
9653.0,9654.0,0.000728802744231582
9656.0,9657.0,0.0005128672537826205
9657.0,9658.0,0.002308522334741204
9658.0,9659.0,0.003071936314444146
9659.0,9660.0,0.0006406641085621547
9660.0,9661.0,0.0015697221410175286
9661.0,9662.0,0.001982057004730579
9662.0,9762.0,0.0016661489759325192
9666.0,9766.0,0.0015724792685476304
9668.0,9669.0,0.002239082457168358
9669.0,9670.0,0.0006621349182757365
9670.0,9671.0,0.0035440606907894143
9670.0,9770.0,0.0011272063963673968
9671.0,9672.0,0.0014122337271148778
9672.0,9673.0,0.001298203759045455
9673.0,9674.0,0.0027645906188802174
9673.0,9773.0,0.0007910454158865006
9674.0,9675.0,0.0019979414831271486
9675.0,9676.0,0.0008361000956826674
9675.0,9775.0,0.0009891624992863766
9676.0,9677.0,0.002945229912927025
9676.0,9776.0,0.0010099074908104385
9677.0,9678.0,0.0021536660093894903
9677.0,9777.0,0.0010146282570446669
9678.0,9679.0,0.0018632998604624286
9679.0,9680.0,0.0017045060662841454
9684.0,9784.0,0.0017892137770586156
9750.0,9850.0,0.0009551633577555631
9762.0,9862.0,0.0015688665080238887
9770.0,9870.0,0.00146313641195715
9773.0,9873.0,0.0012661020061595345
9775.0,9776.0,0.0008349666460403399
9775.0,9875.0,0.0006644002709239431
9776.0,9777.0,0.0029466936590015064
9776.0,9876.0,0.0010677359458256888
9783.0,9784.0,0.0026277323227456937
9784.0,9785.0,0.0008179113949562966
9784.0,9884.0,0.0007384430377474924
9785.0,9885.0,0.00047982482220098775
9849.0,9850.0,0.0014073508908579286
9850.0,9851.0,0.0015525375486606
9853.0,9854.0,0.002124701362545302
9854.0,9855.0,0.0021656772843621592
9855.0,9856.0,0.002422664320535836
9856.0,9857.0,0.0013200986516172504
9857.0,9957.0,0.0006812823937294956
9860.0,9960.0,0.0015949484568472362
9862.0,9863.0,0.0032861342303690654
9862.0,9962.0,0.0009681805306855258
9863.0,9963.0,0.00022141844999712322
9868.0,9869.0,0.00190719899328768
9869.0,9870.0,0.003209798537291611
9869.0,9969.0,0.0014595989928720002
9870.0,9871.0,0.0022361790827215462
9870.0,9970.0,0.0011580613541608846
9871.0,9872.0,0.0016506462370830892
9871.0,9971.0,0.0010187469263744729
9872.0,9873.0,0.0014688726459435079
9875.0,9876.0,0.001376503545218576
9875.0,9975.0,0.001037480611864835
9876.0,9976.0,0.00046176285039230773
9879.0,9880.0,0.003073138086711963
9884.0,9885.0,0.0014589281168034293
9884.0,9984.0,0.0008383568810477952
9885.0,9985.0,0.0008130301962421385
9957.0,9958.0,0.0022350693054130227
9958.0,9959.0,0.002596831627194653
9959.0,9960.0,0.0021012301658791723
9960.0,9961.0,0.001215233315046933
9961.0,9962.0,0.0016022866285406888
9962.0,9963.0,0.0025313473191168174
9963.0,9964.0,0.0006337163797791402
9966.0,9967.0,0.003092747762104062
9969.0,9970.0,0.0017353195354170472
9970.0,9971.0,0.002133021305566142
9975.0,9976.0,0.0015158059572382065
9983.0,9984.0,0.0023976413618393413
9984.0,9985.0,0.0010310821548254738
