grid_index,y,x
57,48.8166869,2.3351407
58,48.8165202,2.3380169
59,48.8164436,2.3395287
60,48.8164665,2.3413108
61,48.8161612,2.3433655
62,48.8161096,2.3442564
63,48.8164472,2.3466051
68,48.8161943,2.3558387
70,48.8164158,2.360159
72,48.816423,2.3640264
155,48.8169814,2.3321297
156,48.8167639,2.3337086
157,48.8168821,2.334933
160,48.8167806,2.3408987
161,48.8168548,2.3434997
162,48.8170943,2.3440704
164,48.8167746,2.348606
167,48.8175186,2.3541904
168,48.8169537,2.3570611
169,48.8169525,2.3588787
170,48.8168383,2.3601877
173,48.817415,2.3662898
174,48.8172831,2.3670791
255,48.8184432,2.3316672
269,48.8178824,2.3577332
270,48.8180359,2.3603665
271,48.8180277,2.3627815
272,48.8183684,2.3635593
275,48.8179013,2.3689195
353,48.8193109,2.3287115
354,48.818966,2.3292883
364,48.8191092,2.3487515
366,48.8191751,2.3528729
369,48.8188684,2.3580311
370,48.8188776,2.3595373
371,48.8192178,2.3620697
373,48.8189151,2.3657482
375,48.8186072,2.3699453
377,48.8192587,2.3729912
452,48.8198018,2.3257586
453,48.8196516,2.3277533
460,48.8196777,2.3416196
461,48.8196735,2.3427674
462,48.8194879,2.3446021
463,48.8197469,2.3460329
465,48.8196824,2.3500617
466,48.8200378,2.3517282
468,48.8199678,2.3567973
471,48.8193334,2.3619725
472,48.8194684,2.363741
477,48.819449,2.3734551
478,48.8200091,2.3756322
549,48.8208951,2.3206322
550,48.8206585,2.321712
551,48.8205511,2.3242291
552,48.8202529,2.3257189
554,48.8209283,2.3299648
556,48.8201969,2.3332824
560,48.8204633,2.3414206
561,48.8204578,2.3428366
564,48.8206833,2.3494358
565,48.8209563,2.3506969
566,48.8202251,2.3528455
567,48.8203333,2.3540428
568,48.8205586,2.356291
569,48.8204187,2.3590687
570,48.8207714,2.3610775
573,48.820591,2.3659933
575,48.8210158,2.3702865
576,48.8206737,2.3720385
577,48.8207002,2.373619
578,48.8210133,2.3756043
579,48.820768,2.3770686
647,48.8218171,2.3170789
649,48.8211174,2.3196474
650,48.821235,2.3214717
652,48.8216776,2.3266816
653,48.8212727,2.32866
656,48.8214843,2.3338923
660,48.8211717,2.3411554
661,48.8215379,2.3430072
664,48.8212363,2.3481385
665,48.8211505,2.3505435
666,48.8215919,2.3525583
667,48.8215952,2.3539735
670,48.8210593,2.3608908
672,48.8218222,2.3633358
675,48.8215316,2.3694427
676,48.8215991,2.3715571
679,48.8212681,2.3766975
680,48.8212048,2.3790467
746,48.8222268,2.3146735
747,48.8219899,2.3168688
750,48.822658,2.3226622
751,48.8223979,2.3239111
752,48.822065,2.3253887
753,48.8222003,2.3277342
754,48.822257,2.3302992
757,48.8222943,2.3349455
760,48.8221114,2.3420411
761,48.8226283,2.343963
762,48.8223438,2.3449334
763,48.8222826,2.3470556
764,48.8221798,2.3493502
765,48.8221343,2.3500918
766,48.8221517,2.3526895
767,48.8222355,2.3540576
768,48.8221017,2.3564961
769,48.8222051,2.3585181
770,48.8225121,2.3605706
771,48.8226114,2.3627126
772,48.8220469,2.3631605
774,48.8226528,2.3670649
776,48.8222851,2.37165
777,48.8224854,2.3729845
778,48.8223218,2.3758254
779,48.8227137,2.3773664
843,48.823469,2.3090903
844,48.8233373,2.3111348
845,48.8228,2.3121632
847,48.8236134,2.3172033
849,48.8234137,2.31986
850,48.8229831,2.3220279
851,48.8233042,2.3243729
852,48.8232351,2.3256156
856,48.8232685,2.3342543
857,48.8232298,2.3355277
861,48.8227916,2.3436568
862,48.8232123,2.3447688
864,48.822971,2.3488677
866,48.8228708,2.3529541
867,48.8231877,2.3544169
868,48.8229657,2.3565767
869,48.8230115,2.3582647
870,48.8230485,2.359391
871,48.8229849,2.362419
873,48.8233236,2.36572
874,48.8233044,2.3685028
876,48.8233653,2.3709062
877,48.8227768,2.3731465
878,48.8233992,2.3750215
879,48.8229654,2.377822
941,48.8244362,2.3046846
942,48.823927,2.3069929
943,48.8236151,2.3084067
947,48.8239672,2.3162686
948,48.824282,2.318635
949,48.8241205,2.3202301
950,48.8238318,2.3224741
951,48.8242743,2.3234881
952,48.8239781,2.3257108
953,48.8240972,2.3277612
955,48.8237599,2.3320365
957,48.8242024,2.335902
959,48.824469,2.3383302
962,48.8240912,2.344545
964,48.824,2.3485412
965,48.8239185,2.3510499
966,48.8239612,2.3530592
967,48.8241395,2.354631
968,48.8241519,2.3554455
969,48.8244351,2.3578057
971,48.8236767,2.3618793
972,48.8243338,2.3636943
973,48.8243386,2.3656788
975,48.8241556,2.370388
977,48.8237952,2.3735279
978,48.82416,2.3755666
979,48.8240505,2.3770284
983,48.8243384,2.384691
984,48.8244564,2.3869718
1039,48.8250635,2.3018429
1040,48.8249336,2.3024339
1041,48.8247459,2.3047878
1044,48.8251041,2.3111791
1045,48.8246788,2.3135351
1047,48.8247471,2.3166614
1048,48.8248992,2.3184024
1049,48.8250815,2.3205109
1051,48.8248695,2.3237977
1052,48.8249168,2.3259469
1053,48.8244878,2.3283215
1054,48.8252176,2.329411
1055,48.8247479,2.3312637
1058,48.8253116,2.3375299
1059,48.8246312,2.3398894
1060,48.8246278,2.3415453
1061,48.8251937,2.3432735
1063,48.8249621,2.3466552
1065,48.8250483,2.3514797
1067,48.8248043,2.3553082
1068,48.8250544,2.3572077
1069,48.8251193,2.3575888
1070,48.8251537,2.3607198
1071,48.8249543,2.3624501
1073,48.8252822,2.3658721
1074,48.8244825,2.3678681
1075,48.8251513,2.3697652
1076,48.825144,2.3719097
1079,48.8250346,2.3781399
1083,48.8247558,2.3844502
1084,48.8245138,2.3871231
1085,48.8251136,2.3887981
1137,48.8261209,2.2970244
1138,48.8260122,2.2991151
1139,48.8254397,2.3004676
1140,48.8254424,2.3023173
1144,48.8258081,2.3111915
1145,48.8260188,2.3125631
1146,48.8257004,2.314041
1148,48.8255688,2.319029
1149,48.82617,2.3195894
1150,48.8259096,2.3223789
1151,48.8256882,2.3235866
1154,48.8255564,2.329897
1155,48.8259438,2.3316904
1156,48.8260922,2.3335732
1157,48.8260889,2.3345365
1160,48.8260728,2.3413669
1162,48.825648,2.3451066
1163,48.825757,2.3465869
1164,48.8257029,2.3483728
1165,48.8258123,2.3503781
1166,48.8259409,2.352744
1167,48.8256373,2.3538162
1168,48.826183,2.3572675
1169,48.8261615,2.3586162
1170,48.8261632,2.3599616
1171,48.8256122,2.3620083
1173,48.8254856,2.3667907
1174,48.8257117,2.3671954
1176,48.8255162,2.372078
1178,48.8256119,2.3747632
1180,48.8254514,2.3794109
1181,48.8257153,2.3819521
1182,48.8258876,2.3827192
1183,48.8259724,2.3850075
1184,48.8261524,2.3875514
1185,48.8258193,2.3878272
1235,48.8268419,2.2938764
1236,48.8266561,2.2956808
1237,48.8263766,2.2969389
1240,48.8264767,2.3033362
1241,48.8266986,2.3049003
1242,48.8268893,2.3066877
1243,48.8268529,2.3088476
1244,48.8264405,2.3107006
1245,48.8263443,2.3130444
1246,48.8266175,2.3142005
1247,48.8264006,2.3169692
1251,48.8267719,2.3243365
1252,48.8269198,2.3264964
1253,48.8268963,2.3283712
1254,48.8266216,2.3299741
1255,48.8262834,2.3318364
1256,48.8266448,2.3336751
1257,48.8264679,2.335043
1259,48.8269153,2.3386333
1260,48.8264816,2.3415842
1261,48.8263814,2.3421815
1263,48.8263822,2.3465548
1264,48.8269249,2.348167
1265,48.8265177,2.3501273
1266,48.8268031,2.353277
1267,48.8267827,2.3544077
1268,48.8267543,2.3570898
1270,48.826327,2.3598216
1271,48.8263456,2.3614982
1272,48.8266453,2.363724
1273,48.8270179,2.3664849
1276,48.8264908,2.3712504
1278,48.8268201,2.3754622
1279,48.8262393,2.3776007
1280,48.8267845,2.3790541
1281,48.8263086,2.3808937
1284,48.8264114,2.387009
1286,48.8265208,2.390552
1287,48.8268046,2.3924712
1334,48.8273784,2.2921344
1335,48.8275799,2.2928982
1338,48.8278574,2.2993062
1339,48.8275727,2.3011094
1341,48.8273803,2.3049842
1342,48.8272841,2.3067917
1344,48.8274151,2.3115793
1345,48.8277795,2.3120705
1346,48.8275428,2.3148219
1347,48.827132,2.3169177
1348,48.8274484,2.3176341
1349,48.8275884,2.3209904
1352,48.8278475,2.3266495
1353,48.8278404,2.3270254
1354,48.8278229,2.3295631
1355,48.8275414,2.3319596
1356,48.8270582,2.3338093
1357,48.8273727,2.3355134
1358,48.8272003,2.33671
1362,48.8278937,2.3456404
1363,48.8275657,2.3471028
1364,48.8273732,2.3487375
1365,48.8278201,2.3506517
1366,48.827561,2.3529293
1367,48.8275733,2.3542264
1368,48.8274318,2.3568841
1369,48.8272689,2.3590725
1371,48.8275781,2.362426
1372,48.8277737,2.3645499
1373,48.8275863,2.3661349
1374,48.8272904,2.3685052
1375,48.8273743,2.3691247
1376,48.8275103,2.37163
1377,48.827082,2.3742215
1379,48.8273392,2.3772875
1380,48.8276138,2.3796421
1381,48.8276399,2.3810826
1382,48.827369,2.3832728
1383,48.827529,2.3856054
1385,48.8274456,2.3892676
1386,48.8275604,2.3902923
1387,48.8275955,2.3929248
1388,48.8277066,2.394201
1423,48.827939,2.2710869
1424,48.827959,2.2723143
1436,48.8286999,2.2958218
1437,48.8284765,2.2966524
1439,48.8284779,2.3013615
1440,48.8284571,2.3032613
1442,48.8286544,2.3073827
1444,48.8284392,2.3108587
1446,48.8279964,2.3154935
1447,48.8285906,2.3163735
1450,48.8286055,2.3220611
1451,48.8282509,2.3239211
1452,48.8280469,2.3268106
1453,48.8279971,2.3270043
1454,48.8284501,2.3296768
1455,48.828401,2.3312232
1457,48.8281736,2.3354976
1460,48.8283549,2.3415989
1461,48.8285833,2.3428663
1463,48.8286332,2.3475936
1465,48.8285498,2.3510179
1466,48.8285131,2.3527999
1468,48.8283266,2.356611
1469,48.8284768,2.3581254
1473,48.8281995,2.3657574
1474,48.8283186,2.3672561
1475,48.8286332,2.3699127
1476,48.8281064,2.3707111
1477,48.828096,2.3732941
1479,48.8280727,2.3777911
1480,48.8285018,2.3787874
1481,48.8286888,2.3810109
1482,48.8282295,2.3824481
1483,48.8281057,2.3848743
1485,48.8283975,2.388355
1486,48.8283178,2.3903846
1487,48.8283535,2.3920963
1488,48.8279396,2.3948506
1534,48.8292137,2.2923201
1535,48.8290972,2.2932767
1536,48.8296066,2.295408
1537,48.8294284,2.297146
1538,48.8291455,2.2990129
1540,48.829474,2.3029785
1542,48.8291295,2.3064264
1543,48.8291378,2.3084322
1544,48.8289325,2.3112091
1547,48.8292285,2.3173183
1548,48.8294601,2.318612
1549,48.8291627,2.3206395
1550,48.8292991,2.3226525
1552,48.829042,2.3264017
1553,48.8287805,2.3277034
1554,48.8288795,2.3300663
1555,48.8289574,2.3321878
1556,48.8289428,2.3332842
1560,48.8288197,2.3415117
1561,48.8289666,2.3431778
1563,48.8287858,2.347664
1565,48.8289476,2.3503827
1569,48.8290244,2.3576906
1570,48.8294625,2.3601118
1573,48.8289992,2.3653829
1574,48.8294197,2.3685602
1575,48.8293158,2.3689961
1576,48.8295977,2.3715575
1577,48.8291873,2.3742163
1579,48.8290881,2.3779328
1580,48.8296024,2.3792112
1581,48.8290057,2.3817752
1582,48.8295644,2.3831228
1583,48.8288915,2.3839625
1586,48.8293049,2.3905203
1592,48.8295648,2.401323
1593,48.8291844,2.4037213
1626,48.8300514,2.2759392
1630,48.8303712,2.2847333
1634,48.8304836,2.2922936
1636,48.8299323,2.2956244
1639,48.830192,2.3019117
1640,48.830016,2.3031299
1641,48.8299408,2.304922
1644,48.8302986,2.3108928
1645,48.8298988,2.3128918
1646,48.8303795,2.3137989
1647,48.8297886,2.3161471
1648,48.8296807,2.3179875
1649,48.8301097,2.3204062
1651,48.8302331,2.3234593
1652,48.8302624,2.3258997
1653,48.8300689,2.3288176
1654,48.829644,2.3298696
1655,48.8301389,2.33108
1656,48.8302394,2.3337937
1657,48.8301976,2.3348977
1658,48.8303723,2.3366892
1660,48.8302846,2.341301
1662,48.8303332,2.3458868
1663,48.8303305,2.3470367
1664,48.8299337,2.3484799
1666,48.8299102,2.3527821
1667,48.8303532,2.3545654
1668,48.8297754,2.3570818
1670,48.8298839,2.3596045
1671,48.830241,2.362211
1674,48.8302063,2.3675311
1675,48.8297453,2.3693882
1676,48.8297197,2.371798
1679,48.8300214,2.3773512
1680,48.830115,2.3787214
1681,48.8301386,2.3805153
1684,48.8300325,2.3866791
1691,48.8298178,2.4008005
1692,48.8300892,2.4020664
1729,48.8311034,2.2829836
1734,48.8311874,2.2918535
1735,48.8305216,2.2932767
1736,48.8309508,2.2964374
1737,48.8307275,2.2969261
1740,48.8308562,2.3032892
1741,48.8312647,2.3052695
1742,48.8313171,2.3068415
1745,48.8309535,2.3123256
1746,48.8306879,2.3142954
1747,48.8311355,2.3171503
1748,48.8310473,2.3174929
1749,48.8313378,2.3198354
1750,48.8312189,2.3214525
1751,48.8309992,2.3239845
1753,48.8306847,2.3270431
1754,48.8307875,2.3294427
1755,48.8306706,2.3313255
1756,48.8307241,2.3336052
1758,48.8308933,2.3367227
1762,48.8311038,2.3442585
1763,48.8306297,2.345941
1764,48.8309873,2.3481524
1766,48.8306421,2.3526433
1767,48.8309342,2.3545311
1768,48.8308507,2.3562364
1772,48.8312351,2.3638752
1773,48.8305397,2.3660044
1774,48.8310663,2.3681904
1775,48.8311558,2.3691837
1777,48.8310482,2.3743874
1779,48.8310681,2.377543
1780,48.8310625,2.3798378
1781,48.8311179,2.381167
1784,48.8307916,2.3866429
1791,48.8307588,2.3993519
1827,48.8314808,2.2776601
1828,48.8319256,2.2806672
1829,48.8316204,2.2815563
1834,48.831449,2.2920306
1835,48.8321075,2.293388
1836,48.8317184,2.296276
1837,48.8315088,2.2968731
1840,48.8321268,2.3029798
1841,48.8318166,2.3052434
1842,48.8319841,2.3074216
1843,48.8314307,2.3093016
1844,48.8320976,2.3104588
1845,48.8319688,2.3135538
1846,48.8318162,2.3141451
1848,48.8317688,2.3178741
1849,48.8318526,2.3201725
1850,48.8317638,2.3219766
1851,48.8317295,2.3239267
1852,48.8314758,2.3254156
1853,48.832025,2.3274337
1854,48.8313718,2.3299492
1856,48.8320171,2.3343318
1857,48.8317885,2.3351811
1858,48.8314285,2.338048
1859,48.8320621,2.3395597
1860,48.8319484,2.3411538
1862,48.8316883,2.3443707
1863,48.8315778,2.3477007
1865,48.8320676,2.3499045
1866,48.8316654,2.3527505
1867,48.8317685,2.3544011
1868,48.8318007,2.3567167
1869,48.8318213,2.3582931
1870,48.8319952,2.3599732
1872,48.8315837,2.3636711
1873,48.8320827,2.3652678
1874,48.8317593,2.3682701
1875,48.8315726,2.3697528
1877,48.8317197,2.3729131
1878,48.8313818,2.3757348
1879,48.8318033,2.3766261
1880,48.8318615,2.3790924
1881,48.8314396,2.380761
1883,48.8317093,2.3847978
1885,48.8321596,2.3885816
1890,48.8317176,2.3979421
1893,48.8320819,2.4035609
1927,48.832751,2.2787424
1928,48.8324374,2.2803014
1932,48.8326932,2.2883604
1933,48.8324322,2.2889752
1934,48.8329198,2.2922783
1935,48.8329947,2.2942277
1936,48.8326812,2.2959852
1937,48.8325305,2.2976153
1939,48.8326325,2.3010023
1941,48.832922,2.3045142
1942,48.8327732,2.307068
1944,48.8327368,2.3115395
1945,48.8322287,2.3128614
1946,48.8326702,2.3144866
1947,48.8329513,2.3162465
1948,48.8323167,2.319102
1949,48.8324437,2.3205525
1950,48.8326319,2.3227086
1951,48.8326864,2.3249093
1952,48.8326214,2.3251053
1953,48.8328919,2.3281353
1957,48.833051,2.3359939
1960,48.8330726,2.3412677
1963,48.8326622,2.346771
1965,48.8329929,2.3513636
1966,48.8322237,2.3529063
1967,48.8328495,2.3546065
1968,48.8328074,2.3564892
1969,48.8325125,2.3588028
1971,48.832687,2.3620399
1972,48.8323844,2.364868
1974,48.8326046,2.3684351
1975,48.8327487,2.3697869
1976,48.8326354,2.3709935
1978,48.8327329,2.3747816
1980,48.8329781,2.3787715
1982,48.8330292,2.3833934
1983,48.8323019,2.384103
1984,48.8330601,2.3874465
1986,48.832878,2.3902588
1989,48.8325455,2.3965729
1991,48.8326583,2.399883
1993,48.8322931,2.4038636
2026,48.8334992,2.2767248
2027,48.8331553,2.2776132
2031,48.8333824,2.2863855
2032,48.8331028,2.2874255
2033,48.833712,2.2898917
2035,48.8338269,2.2937555
2036,48.8333723,2.2961254
2037,48.8337803,2.2978434
2038,48.8334997,2.2987009
2041,48.83331,2.3051224
2043,48.8336301,2.3090052
2046,48.8337163,2.3149783
2047,48.833401,2.3170888
2048,48.8336965,2.3176599
2049,48.8334711,2.3197032
2050,48.8337933,2.3215669
2051,48.8332458,2.3232408
2052,48.8335716,2.3258159
2053,48.8336822,2.327871
2055,48.8332819,2.3315819
2056,48.8337679,2.3333573
2057,48.833411,2.3358656
2058,48.8337827,2.3380526
2060,48.8331134,2.3412772
2062,48.8338647,2.3457564
2065,48.8331149,2.3513784
2066,48.8334887,2.3528187
2067,48.8334002,2.3542155
2068,48.833254,2.356823
2070,48.8339274,2.3598546
2071,48.8332469,2.3616568
2072,48.8333207,2.3636524
2073,48.833824,2.3650971
2075,48.8332783,2.369658
2081,48.833642,2.3819421
2082,48.8335564,2.3826949
2085,48.8338856,2.3889828
2088,48.8336313,2.3948808
2090,48.8336402,2.3985065
2092,48.8334469,2.4020516
2093,48.8338538,2.4036293
2094,48.8333363,2.4057115
2095,48.8339231,2.4067915
2118,48.8344887,2.2617073
2120,48.8343323,2.2651008
2121,48.83457,2.26695
2126,48.8341341,2.2771345
2130,48.8344462,2.2840518
2131,48.8345208,2.2858489
2132,48.8345902,2.288311
2133,48.8343989,2.2899441
2135,48.8341647,2.294323
2136,48.8344841,2.2956671
2137,48.8340564,2.2969882
2138,48.8346265,2.2988501
2141,48.8347253,2.3051594
2142,48.8343446,2.3064662
2143,48.8344154,2.3084983
2145,48.8339936,2.3123789
2146,48.834765,2.3155258
2147,48.8343666,2.3161463
2148,48.8343841,2.31895
2150,48.8343836,2.3217889
2151,48.8340841,2.3243448
2152,48.8342121,2.3262906
2153,48.8346021,2.3278623
2154,48.8341265,2.3291426
2155,48.8342836,2.3322836
2156,48.8344165,2.3333776
2158,48.834607,2.3369678
2162,48.8341573,2.3448449
2163,48.8339996,2.3463329
2164,48.8345189,2.3489605
2165,48.8347913,2.3509989
2166,48.8346586,2.3533409
2167,48.8339453,2.3538424
2168,48.8341093,2.3557204
2169,48.8345661,2.3577985
2172,48.8344802,2.3637848
2174,48.8345714,2.367376
2177,48.8344579,2.3731375
2184,48.8345784,2.3862117
2185,48.8347399,2.3879034
2189,48.8345886,2.3968912
2190,48.8341736,2.3977284
2191,48.8346807,2.4007504
2193,48.8342905,2.404433
2196,48.8343082,2.4098701
2197,48.8343583,2.4113663
2215,48.8351005,2.2552294
2216,48.8352603,2.2584987
2217,48.8348349,2.2599189
2218,48.8351857,2.2605631
2221,48.8354004,2.2669096
2222,48.8354973,2.2691422
2223,48.8354709,2.2716603
2224,48.8352948,2.2723383
2225,48.8348198,2.2740203
2228,48.8352771,2.280995
2231,48.8352546,2.2854647
2233,48.8351269,2.2890224
2234,48.8348462,2.2917153
2235,48.8354993,2.2927761
2236,48.8349499,2.2961151
2238,48.8356315,2.2997386
2239,48.8355214,2.3006958
2240,48.8353968,2.3027901
2241,48.835153,2.3055295
2242,48.8351503,2.3077904
2245,48.8353905,2.3117973
2246,48.8351529,2.3149402
2247,48.8350378,2.3173357
2248,48.8352923,2.3177901
2249,48.8350992,2.3203191
2251,48.8351053,2.3239317
2252,48.8353948,2.325727
2254,48.835165,2.3299977
2255,48.8349858,2.3318586
2256,48.8350705,2.3331108
2260,48.8353782,2.3416844
2262,48.8349574,2.3449903
2263,48.8350578,2.3464079
2264,48.8354212,2.3482081
2265,48.8349419,2.3507676
2266,48.8348738,2.3531912
2267,48.8355413,2.3541711
2268,48.8355334,2.3561121
2269,48.8355614,2.3585395
2275,48.8352646,2.3694487
2276,48.835541,2.3721229
2277,48.8348853,2.3739199
2281,48.8350072,2.3802768
2283,48.8352923,2.38535
2284,48.8351891,2.3873395
2287,48.8352787,2.392795
2289,48.8356232,2.3970758
2290,48.8354094,2.3978772
2293,48.8350454,2.4038206
2294,48.834913,2.4054698
2295,48.8350889,2.408263
2314,48.8359601,2.2542974
2315,48.8358504,2.2557717
2316,48.8361663,2.257298
2317,48.8361567,2.2599613
2318,48.8361589,2.2609164
2319,48.8363796,2.2637382
2321,48.8365088,2.2675467
2323,48.8357923,2.2704397
2327,48.8361634,2.2783463
2328,48.8363903,2.2805733
2329,48.8361877,2.2814554
2332,48.8359462,2.2885417
2333,48.8358091,2.2896988
2334,48.8360784,2.2918382
2335,48.8359636,2.2937013
2337,48.8361469,2.297233
2338,48.8364517,2.299109
2339,48.8359527,2.3008559
2342,48.8362957,2.3066604
2344,48.8362689,2.3102899
2348,48.8358752,2.3188244
2349,48.8364921,2.3201463
2350,48.8361984,2.3221818
2351,48.8362216,2.3234901
2352,48.8361673,2.3254182
2353,48.836017,2.3276344
2358,48.8358733,2.3377495
2363,48.8360726,2.346704
2364,48.8359953,2.3484769
2365,48.8361105,2.3497241
2366,48.8358433,2.3525166
2367,48.8364135,2.3535798
2369,48.8363095,2.3580141
2370,48.8359729,2.3601021
2375,48.8356684,2.3698368
2376,48.8362129,2.3714895
2378,48.8356807,2.3753779
2383,48.8363194,2.3850482
2384,48.836057,2.3867648
2387,48.8360773,2.3921752
2388,48.8358926,2.394196
2390,48.8362971,2.3989921
2391,48.8361958,2.4003697
2393,48.8364708,2.4040676
2394,48.8358964,2.4056372
2395,48.8364456,2.4078262
2396,48.8360544,2.4089926
2397,48.8361683,2.4121414
2398,48.8362172,2.4127315
2414,48.8368099,2.2536054
2415,48.8367875,2.2556906
2417,48.8371916,2.2595867
2418,48.836909,2.2615411
2419,48.8367126,2.2629115
2423,48.8372908,2.2705431
2425,48.837062,2.2744356
2426,48.8371395,2.2772669
2427,48.8368734,2.2784388
2430,48.8368606,2.2836148
2433,48.8373627,2.2894094
2434,48.8373765,2.2919417
2435,48.8367528,2.2927354
2436,48.8368743,2.2957805
2437,48.8370025,2.2971741
2438,48.8367488,2.2995386
2440,48.8367705,2.3032805
2441,48.837042,2.3056246
2442,48.8367284,2.306345
2444,48.8370855,2.3106522
2445,48.8369185,2.3127907
2449,48.8367592,2.3207375
2450,48.837033,2.321369
2451,48.8372329,2.3240066
2452,48.8366188,2.3258462
2455,48.8369723,2.3314555
2458,48.8370025,2.3365485
2465,48.836936,2.3505855
2466,48.837098,2.3527005
2467,48.8372105,2.3551303
2468,48.836865,2.3560187
2470,48.8365766,2.3592953
2476,48.8366689,2.3719032
2477,48.8372125,2.3728913
2479,48.8371386,2.3775682
2480,48.8367773,2.3782174
2482,48.8369969,2.3831953
2486,48.8370497,2.3900187
2487,48.8366244,2.3931788
2488,48.8369384,2.3934801
2489,48.8368064,2.3953874
2490,48.8367179,2.3984316
2492,48.8371542,2.4021719
2493,48.8366973,2.4034875
2495,48.8371969,2.4079169
2496,48.8368714,2.4093729
2498,48.8372272,2.4131095
2513,48.8381616,2.2524299
2514,48.8380118,2.2542353
2515,48.8381238,2.2550287
2516,48.8379868,2.2575805
2517,48.8377806,2.2595711
2519,48.8381058,2.2632007
2520,48.8382348,2.265727
2523,48.8381854,2.27065
2525,48.837727,2.2752277
2528,48.8373895,2.2796078
2529,48.8378847,2.2817776
2530,48.8374219,2.2850613
2532,48.8381365,2.2876752
2534,48.8380377,2.2919768
2535,48.838059,2.2946016
2537,48.8377508,2.2974005
2538,48.837969,2.2989645
2539,48.8380027,2.3014207
2541,48.8380418,2.3042274
2542,48.8381523,2.3072529
2543,48.8376062,2.3095789
2544,48.8376072,2.3109833
2548,48.8374351,2.3181938
2549,48.8374831,2.3202237
2550,48.8376033,2.3224107
2555,48.8377803,2.3311533
2557,48.8376632,2.3356024
2559,48.8373842,2.3387025
2562,48.8376837,2.3455218
2563,48.8374939,2.3463392
2564,48.8376546,2.3492562
2565,48.8380281,2.351
2566,48.8378346,2.3521564
2567,48.83763,2.3543789
2568,48.838127,2.3559244
2569,48.8380596,2.35831
2575,48.8378411,2.3703684
2576,48.8379353,2.3708351
2577,48.8379275,2.3732807
2586,48.8374899,2.3914856
2589,48.8376814,2.3971303
2590,48.8375748,2.3983747
2591,48.8380996,2.3996271
2593,48.8376805,2.4038122
2594,48.8380859,2.4053275
2595,48.8381861,2.4084292
2596,48.8377204,2.4098755
2597,48.8379802,2.4111809
2613,48.8385408,2.2522278
2614,48.8386937,2.2539642
2615,48.8386137,2.2554009
2616,48.838318,2.257305
2618,48.8387956,2.2612896
2620,48.8389741,2.2655026
2621,48.8387501,2.2663143
2622,48.8388003,2.2695317
2623,48.8383384,2.2707936
2626,48.8390875,2.2761707
2627,48.8383937,2.2783782
2628,48.8382984,2.281279
2629,48.8387399,2.2821125
2630,48.8382916,2.2835231
2632,48.8389774,2.2877437
2633,48.8387912,2.2901643
2635,48.8383347,2.2939906
2636,48.8386482,2.2948357
2637,48.8388948,2.2976114
2638,48.83874,2.2992593
2639,48.8387821,2.3004741
2640,48.838643,2.3036145
2641,48.8386397,2.3052683
2642,48.838602,2.3067583
2643,48.8386531,2.3087434
2644,48.8389524,2.3105916
2646,48.8386563,2.3145718
2647,48.8390085,2.3165067
2650,48.838374,2.3223698
2655,48.8386726,2.3308195
2658,48.8386486,2.3366482
2659,48.8388881,2.3397096
2660,48.8383919,2.3420891
2662,48.8382757,2.345624
2664,48.8390291,2.3492333
2665,48.8385973,2.3507157
2666,48.8389144,2.3532045
2667,48.839022,2.3539596
2668,48.8386847,2.3565877
2669,48.8387118,2.3577637
2670,48.8385874,2.3595631
2675,48.838876,2.3698346
2676,48.8383778,2.3716924
2677,48.8383393,2.3728047
2678,48.8387756,2.3755956
2679,48.8385569,2.3764984
2681,48.8385963,2.3811933
2685,48.8384055,2.388983
2687,48.8385607,2.3931833
2689,48.8386478,2.3962977
2690,48.8384332,2.3987163
2691,48.8382798,2.3991378
2692,48.8388291,2.4010515
2695,48.8389206,2.4084566
2696,48.838893,2.4086818
2698,48.8382698,2.4134672
2713,48.8392559,2.2517156
2714,48.8393359,2.2542027
2715,48.8397503,2.2557658
2718,48.8397606,2.261683
2719,48.8395688,2.2633116
2720,48.8395965,2.2660964
2721,48.8396526,2.2671862
2725,48.8394208,2.2753528
2729,48.8397097,2.2831493
2730,48.8396086,2.2841796
2731,48.8391886,2.2858735
2732,48.8391076,2.2879066
2734,48.8392633,2.2919595
2735,48.8395889,2.2930953
2736,48.8392559,2.2958417
2737,48.8393302,2.2969596
2738,48.8394552,2.2987681
2739,48.8395806,2.3013087
2740,48.8399499,2.3025163
2741,48.8392569,2.3049039
2742,48.839466,2.3071806
2743,48.8396446,2.3093258
2746,48.8396334,2.3147411
2750,48.8394551,2.3222449
2751,48.8393858,2.3237228
2754,48.8393486,2.3300328
2758,48.8395524,2.3372598
2759,48.8396461,2.3386321
2763,48.8398098,2.3472299
2765,48.8397522,2.3510218
2766,48.8396472,2.3523376
2767,48.8392587,2.3548609
2768,48.8396207,2.3562982
2782,48.8399472,2.3823697
2788,48.8394448,2.3945351
2789,48.8395175,2.3961342
2790,48.8395826,2.3975374
2791,48.8396331,2.4000809
2792,48.8397194,2.4025135
2793,48.8397599,2.4043743
2798,48.8397727,2.4138833
2814,48.8403689,2.2537949
2815,48.8399987,2.2563188
2816,48.8402149,2.2580844
2819,48.8407603,2.2634001
2820,48.8403844,2.265464
2821,48.8405756,2.2661958
2822,48.8407145,2.2682241
2823,48.8403015,2.270908
2824,48.8402228,2.2719974
2827,48.8403352,2.2780205
2828,48.8400846,2.2798354
2830,48.8406575,2.2841595
2831,48.8402952,2.2858876
2832,48.8405163,2.2878906
2833,48.8399897,2.2903618
2834,48.8407438,2.2909726
2836,48.8404633,2.2957232
2837,48.8400232,2.2975442
2838,48.8405518,2.2994543
2841,48.840624,2.3049699
2845,48.8402326,2.3126824
2846,48.8404011,2.3146928
2850,48.8401689,2.3219344
2851,48.8405618,2.323974
2852,48.8403669,2.3251524
2853,48.8403706,2.327587
2854,48.8405618,2.3301216
2856,48.8405472,2.3337063
2857,48.840252,2.3361651
2858,48.8403403,2.3369666
2862,48.840616,2.3451951
2863,48.840298,2.3460124
2864,48.8401478,2.3481127
2865,48.8403037,2.3508891
2866,48.8406252,2.3528322
2867,48.8406571,2.3539776
2868,48.8401157,2.3563437
2869,48.8399885,2.3581254
2871,48.840258,2.3619839
2874,48.840737,2.3684764
2877,48.8406081,2.3737358
2878,48.8401305,2.374621
2880,48.8404205,2.3789998
2884,48.8404351,2.3866216
2886,48.8401074,2.3904905
2887,48.8403572,2.392409
2888,48.840255,2.3949542
2891,48.8405003,2.4004133
2892,48.8403938,2.4024413
2893,48.8400886,2.4044722
2894,48.8407975,2.4058587
2895,48.8406684,2.4073794
2896,48.8406356,2.4092444
2914,48.8413165,2.2541127
2915,48.8414718,2.2561069
2916,48.8413211,2.2575945
2919,48.8413086,2.2637354
2920,48.8409813,2.2650034
2921,48.8415203,2.2665585
2927,48.8408839,2.2779164
2928,48.8412448,2.2808346
2930,48.8410734,2.2845444
2932,48.8411044,2.2879009
2933,48.8410018,2.2893604
2934,48.8411926,2.291827
2937,48.8409161,2.2969985
2938,48.841567,2.2991046
2939,48.8411421,2.3012185
2940,48.8416775,2.3028373
2941,48.8408972,2.3058827
2942,48.8412654,2.307193
2943,48.8414778,2.3079317
2946,48.8410501,2.3145408
2947,48.8408954,2.3159691
2948,48.8415678,2.3183239
2951,48.8412107,2.3234423
2953,48.8415816,2.3272382
2954,48.8416499,2.3297042
2955,48.8413243,2.3318183
2956,48.8413081,2.3330503
2957,48.8410355,2.3361133
2958,48.8412844,2.337474
2959,48.841419,2.3389621
2960,48.8408498,2.3409849
2961,48.8412715,2.3435923
2963,48.8409278,2.347143
2964,48.8416611,2.3482571
2965,48.841173,2.3507515
2966,48.8411208,2.3526201
2967,48.8414041,2.3547054
2968,48.8411637,2.3559577
2977,48.8408296,2.3738957
2980,48.8409252,2.3783517
2984,48.8409492,2.3868148
2985,48.8411094,2.3890105
2987,48.8410443,2.3927795
2988,48.8410135,2.39408
2990,48.8411027,2.3989094
2991,48.840861,2.4009126
2992,48.8410892,2.4023096
2993,48.8408911,2.4046965
2994,48.8413155,2.4058685
2995,48.8411337,2.4072253
2996,48.8416787,2.4098749
2997,48.841043,2.4114488
3013,48.8423755,2.2516132
3015,48.84247,2.2560743
3016,48.8423934,2.2571462
3017,48.8417046,2.259018
3018,48.8423187,2.2616125
3019,48.8421582,2.2628902
3020,48.8420226,2.2659111
3021,48.8416877,2.2668784
3027,48.8424273,2.2776178
3028,48.8425068,2.2807699
3029,48.8416898,2.2822856
3031,48.8418325,2.2862996
3032,48.8417131,2.2885508
3033,48.8420967,2.2903696
3035,48.8419471,2.2933723
3038,48.8422102,2.2992357
3039,48.8420162,2.3006137
3040,48.8418276,2.3032567
3041,48.8422304,2.304478
3043,48.841855,2.3091474
3044,48.8422975,2.3105739
3045,48.8420802,2.3130042
3046,48.8420172,2.3149286
3048,48.8417196,2.3188563
3049,48.8422093,2.320557
3050,48.8419334,2.3224657
3053,48.8424523,2.3284092
3054,48.8420367,2.329669
3055,48.8420496,2.3320988
3057,48.8419776,2.3352091
3058,48.8418408,2.3374145
3060,48.8421207,2.3413028
3062,48.8419427,2.3457955
3063,48.8421794,2.3463148
3064,48.8418084,2.3478508
3065,48.8421354,2.3515315
3066,48.842208,2.3526594
3067,48.8422763,2.3545142
3071,48.8418239,2.3614952
3072,48.841856,2.3631949
3074,48.8419094,2.367868
3076,48.8417484,2.372414
3077,48.8418005,2.3725685
3079,48.8421014,2.3764201
3083,48.8423212,2.3844595
3084,48.8416955,2.3869707
3085,48.8419567,2.3894356
3090,48.8423442,2.3978169
3092,48.8419511,2.4022802
3095,48.8417446,2.408351
3096,48.8417265,2.4095915
3097,48.8423128,2.4115294
3098,48.8418774,2.4136059
3114,48.8426438,2.2545377
3115,48.8429539,2.2563371
3117,48.8430195,2.2600796
3120,48.8431036,2.2648256
3121,48.843176,2.267328
3122,48.8426204,2.2686832
3128,48.8431428,2.2803036
3129,48.8428525,2.2822318
3130,48.8431076,2.2835061
3131,48.8428375,2.2861736
3133,48.8425606,2.289566
3134,48.8427578,2.2919576
3136,48.8427878,2.2952579
3137,48.842929,2.2980057
3138,48.8429574,2.2987459
3139,48.8431856,2.3006605
3140,48.8427262,2.3026215
3141,48.8431921,2.3046007
3142,48.8430734,2.3068274
3145,48.8429995,2.3127928
3146,48.8426047,2.3145432
3147,48.8430984,2.3166279
3149,48.8432109,2.3205107
3151,48.8433561,2.3242612
3152,48.8429925,2.3263198
3153,48.8426818,2.3277199
3154,48.8427225,2.3298267
3155,48.842702,2.331761
3157,48.8425856,2.3346225
3158,48.8433982,2.3375202
3159,48.8433633,2.3386855
3160,48.8427417,2.3413694
3161,48.8431564,2.3426118
3163,48.8433228,2.3465479
3164,48.8428499,2.348196
3165,48.8432125,2.351402
3166,48.8429835,2.3527089
3172,48.8432233,2.3641911
3175,48.8431945,2.370327
3176,48.8431756,2.3710298
3180,48.8432289,2.3787912
3182,48.8428943,2.3832729
3184,48.8426521,2.3858998
3186,48.843336,2.3913259
3190,48.8427115,2.3974913
3192,48.8429457,2.4016841
3194,48.8429327,2.4052536
3199,48.8431961,2.4145143
3213,48.8439119,2.2518269
3215,48.84365,2.2553399
3217,48.8437295,2.2594633
3219,48.8435682,2.2632197
3225,48.8434167,2.2748807
3226,48.843865,2.2773511
3227,48.8437552,2.2788415
3228,48.8435277,2.2806782
3229,48.843811,2.281919
3231,48.8437783,2.2863504
3232,48.8439889,2.2885535
3234,48.8439552,2.2923075
3235,48.8435345,2.2936678
3236,48.8437265,2.295872
3237,48.8436732,2.2977613
3238,48.8437036,2.2985418
3240,48.8437358,2.3024068
3242,48.8437592,2.3065428
3243,48.8442425,2.3081976
3246,48.8437738,2.3145177
3249,48.8441721,2.320269
3251,48.8437431,2.3242724
3253,48.8435717,2.3279735
3254,48.8438016,2.3291522
3259,48.8438888,2.3392472
3262,48.8440732,2.3457448
3263,48.8434414,2.3470747
3264,48.8435966,2.3481257
3265,48.8439599,2.3515726
3266,48.8437934,2.3523169
3267,48.8436688,2.3542044
3272,48.8439888,2.3645408
3273,48.8436829,2.3655237
3275,48.8441152,2.3688999
3276,48.8434138,2.370735
3280,48.8440259,2.3790772
3281,48.8441445,2.3815539
3285,48.843703,2.3881764
3295,48.8439723,2.4082753
3296,48.8437092,2.4099707
3297,48.8441642,2.4116355
3298,48.843958,2.4134871
3299,48.8438487,2.4153056
3313,48.8446734,2.2521948
3315,48.8442846,2.2553554
3316,48.8444034,2.2570786
3317,48.844375,2.2587371
3321,48.8450531,2.2667138
3324,48.8445008,2.2718911
3327,48.8448156,2.2780334
3328,48.8447472,2.2798686
3330,48.8447668,2.2838996
3331,48.8449429,2.2860831
3332,48.8448361,2.2872743
3333,48.8446574,2.2904942
3335,48.8445515,2.2937609
3337,48.8449557,2.2976341
3340,48.8446021,2.3036676
3343,48.8445311,2.3091498
3344,48.8449989,2.3106883
3346,48.8442761,2.3149647
3348,48.8445867,2.3183543
3349,48.8450571,2.3202841
3350,48.8447218,2.3212915
3351,48.8445656,2.3245446
3353,48.8450593,2.3287967
3354,48.8443584,2.3300665
3355,48.8449619,2.3323268
3356,48.8443847,2.3328866
3358,48.8442654,2.3375669
3360,48.8443318,2.3420496
3361,48.8449097,2.3423509
3362,48.8445318,2.3453117
3363,48.844793,2.3466256
3364,48.8445074,2.3492536
3365,48.8451021,2.3498409
3366,48.8444763,2.3524085
3367,48.8447931,2.3547431
3368,48.8448196,2.3569768
3372,48.844646,2.3641708
3373,48.8444364,2.3650856
3374,48.8447117,2.3677713
3375,48.8446585,2.369136
3376,48.8444983,2.3722312
3380,48.8443395,2.3787316
3381,48.8448154,2.3804333
3382,48.8448229,2.3829141
3385,48.8450481,2.3884273
3392,48.8448398,2.4020338
3394,48.8446689,2.4057273
3395,48.844626,2.4076298
3396,48.8445007,2.408979
3413,48.8454852,2.2525919
3414,48.8454311,2.2545277
3415,48.8454124,2.2559004
3416,48.8453547,2.2575332
3417,48.8453255,2.2587948
3418,48.8452396,2.2619205
3419,48.8451755,2.264191
3421,48.8455295,2.2671674
3423,48.8453084,2.2715954
3424,48.8451898,2.2727753
3426,48.8453801,2.276237
3427,48.845343,2.2785498
3428,48.8455694,2.2807852
3429,48.8454745,2.2824265
3430,48.8455132,2.284547
3431,48.8459445,2.2857378
3432,48.8456473,2.2879873
3434,48.8454134,2.292133
3436,48.8452797,2.2957062
3437,48.8453306,2.2978178
3438,48.8459633,2.2987254
3439,48.8456828,2.3019817
3441,48.8459475,2.3043215
3443,48.8457462,2.3086272
3444,48.8453628,2.3109741
3445,48.845342,2.3117972
3448,48.8455173,2.3191514
3449,48.8452506,2.3197015
3452,48.8456679,2.3256213
3453,48.8453287,2.3283129
3455,48.8459308,2.3313843
3460,48.8459728,2.3412166
3461,48.8455903,2.3426879
3462,48.8454852,2.3445477
3463,48.845486,2.3468075
3465,48.8459391,2.3505646
3467,48.8456478,2.3545947
3468,48.8455188,2.3559702
3474,48.8458467,2.3676301
3475,48.845425,2.3696919
3476,48.8454987,2.3712612
3477,48.8458439,2.3733888
3481,48.8453347,2.3810129
3482,48.8459254,2.3823939
3488,48.8457219,2.3934232
3489,48.8455474,2.3953815
3490,48.8453024,2.3982497
3492,48.8451549,2.4023276
3493,48.8454389,2.4039473
3496,48.8454087,2.4092253
3497,48.845434,2.4109028
3499,48.845295,2.4156144
3515,48.8461208,2.2550317
3522,48.8468363,2.2698508
3523,48.8465869,2.271006
3524,48.8461517,2.272448
3526,48.8460724,2.2769661
3527,48.8461595,2.2782478
3528,48.8462968,2.2809153
3529,48.8464042,2.2831384
3530,48.8461852,2.2851272
3531,48.8465559,2.2859896
3532,48.8466525,2.2879909
3535,48.846618,2.2940415
3536,48.8461915,2.2951755
3538,48.8463269,2.2992442
3539,48.8464821,2.301822
3541,48.8461128,2.3049174
3542,48.8463138,2.3066133
3543,48.8463373,2.3086408
3544,48.8461675,2.3110986
3545,48.8467839,2.3121573
3546,48.8460883,2.3142378
3547,48.8467767,2.3165944
3549,48.846493,2.3207293
3551,48.846262,2.3242003
3552,48.846822,2.3261228
3553,48.8466856,2.3281221
3554,48.8462958,2.3300102
3555,48.8462747,2.3310366
3560,48.8460884,2.3411616
3561,48.8461056,2.34297
3562,48.8465458,2.3444942
3563,48.8465812,2.3469347
3564,48.8461621,2.3490961
3565,48.8466898,2.3505933
3566,48.8463956,2.3517202
3567,48.8461163,2.3545259
3573,48.846796,2.3653419
3574,48.8466116,2.3676082
3575,48.846531,2.3698426
3576,48.8466464,2.3720012
3577,48.8468115,2.3730939
3578,48.8460755,2.3756897
3579,48.8462793,2.3774063
3580,48.8464983,2.3793191
3581,48.846772,2.3817132
3582,48.8462905,2.3821004
3584,48.846582,2.3874691
3587,48.8465608,2.3924939
3588,48.8463047,2.3944322
3591,48.8464646,2.4000737
3595,48.8465481,2.4073416
3596,48.8465246,2.4095893
3597,48.8461743,2.4110268
3598,48.8466043,2.4139269
3599,48.8463426,2.4153123
3614,48.8469384,2.2544301
3616,48.8471879,2.2584684
3621,48.8474885,2.2671017
3622,48.8473101,2.2689068
3623,48.8473201,2.2712465
3624,48.8476858,2.2725241
3625,48.8471424,2.274423
3627,48.8473887,2.2788772
3630,48.847115,2.2842716
3631,48.8473884,2.2861895
3633,48.8471601,2.289294
3634,48.8468721,2.2924141
3635,48.8469325,2.2936115
3636,48.8470436,2.2957291
3637,48.8473301,2.2976499
3640,48.8473729,2.3030128
3641,48.8470984,2.3053345
3642,48.8471393,2.307339
3643,48.8475781,2.3088191
3644,48.8471607,2.3111318
3645,48.8471498,2.3121304
3647,48.8472304,2.3163848
3648,48.8473943,2.3181919
3650,48.8475665,2.3227914
3652,48.8469742,2.3266453
3653,48.8473465,2.3279262
3654,48.8470894,2.330049
3655,48.8470549,2.3315743
3659,48.8476543,2.3400873
3660,48.8473672,2.3408648
3661,48.8475365,2.3431929
3662,48.8469463,2.3453257
3663,48.8474941,2.3467854
3664,48.8474442,2.3485142
3665,48.8471299,2.3512394
3666,48.8472787,2.3525996
3670,48.846846,2.3609481
3672,48.8472595,2.3648817
3673,48.8474791,2.365556
3675,48.8468478,2.3694048
3676,48.8475999,2.371587
3677,48.8474581,2.3731367
3678,48.8472797,2.3753303
3679,48.8473185,2.3777304
3682,48.847004,2.3837717
3683,48.8471479,2.3850162
3684,48.8473461,2.3867729
3685,48.847607,2.3890493
3687,48.8469461,2.393272
3688,48.8471465,2.3936715
3689,48.8473365,2.39573
3690,48.8473554,2.3981762
3691,48.8471047,2.3994462
3693,48.8474221,2.4034109
3694,48.8474149,2.4062071
3695,48.847392,2.4077322
3697,48.8471144,2.4114197
3698,48.8469342,2.4138949
3699,48.8470891,2.4153642
3708,48.8482671,2.2422994
3709,48.848032,2.2436359
3710,48.847998,2.246293
3711,48.8482092,2.2481604
3713,48.8479914,2.2513016
3714,48.8481739,2.2538137
3715,48.8479515,2.2564901
3716,48.8482034,2.2573382
3717,48.848125,2.2595582
3718,48.8485528,2.2619995
3719,48.8480291,2.2631505
3720,48.8478534,2.2651205
3721,48.8483017,2.2672942
3722,48.8485561,2.2684597
3723,48.8480941,2.2706302
3724,48.8477745,2.2726086
3726,48.8484963,2.2757502
3728,48.8484361,2.2808862
3729,48.8485141,2.2828808
3730,48.8480233,2.2844718
3731,48.8481148,2.2867978
3733,48.8481058,2.2901315
3735,48.8480039,2.2934125
3737,48.8485424,2.2973083
3739,48.8480692,2.3015006
3740,48.8484447,2.3025852
3741,48.8477593,2.3048302
3742,48.8485135,2.3067721
3743,48.8477529,2.3095429
3744,48.8479419,2.310324
3746,48.8479679,2.3144753
3747,48.8479377,2.3159813
3748,48.8477955,2.3177379
3749,48.8482314,2.3201774
3751,48.8480856,2.3237764
3752,48.8478333,2.3252295
3753,48.8480887,2.3279334
3754,48.8478164,2.3295628
3755,48.8484227,2.3316521
3760,48.8477262,2.3410595
3763,48.848112,2.347087
3764,48.848144,2.3491626
3765,48.8480778,2.3505051
3767,48.8485358,2.3536183
3772,48.8482577,2.3649113
3774,48.8480159,2.3676438
3776,48.8480012,2.3714459
3777,48.8479384,2.3739679
3778,48.84835,2.3760085
3779,48.8477149,2.3770797
3780,48.848351,2.3795421
3781,48.8480436,2.3806907
3786,48.8477817,2.3905698
3787,48.8480382,2.3928506
3788,48.8482871,2.3950103
3789,48.8481806,2.3967898
3790,48.8481116,2.3974603
3791,48.8481547,2.3992048
3794,48.847985,2.4064197
3797,48.8479313,2.4113914
3808,48.8486827,2.2420998
3809,48.8485816,2.2433691
3814,48.8489341,2.253172
3817,48.8489018,2.2593597
3819,48.8487092,2.2635126
3820,48.8488699,2.2651665
3821,48.8493024,2.2671565
3822,48.8490918,2.2693786
3825,48.8487245,2.2750512
3826,48.849014,2.276454
3828,48.8490586,2.2812263
3829,48.8491544,2.2819108
3830,48.8493315,2.2838568
3831,48.8488877,2.2867485
3832,48.8490693,2.2876268
3833,48.8494102,2.2898821
3834,48.8489997,2.2909188
3835,48.8487613,2.2940586
3837,48.848978,2.2977937
3838,48.8487024,2.2986791
3840,48.8486043,2.3023221
3841,48.8489377,2.3045331
3843,48.8488296,2.3089369
3844,48.8488324,2.3114198
3845,48.8487897,2.3121908
3846,48.8491836,2.3140369
3852,48.849225,2.325851
3853,48.8489755,2.3287367
3855,48.8486644,2.3325752
3856,48.8489776,2.3341021
3857,48.8491145,2.3348541
3858,48.8493119,2.3373309
3859,48.8490773,2.3390346
3860,48.8488358,2.3417553
3862,48.849369,2.3457032
3863,48.8491193,2.346632
3864,48.8486094,2.3485219
3865,48.8489335,2.349835
3866,48.8487195,2.3531255
3867,48.849178,2.3541831
3868,48.8491657,2.3558724
3871,48.8489033,2.3625131
3872,48.8489914,2.3644743
3873,48.848826,2.3653208
3874,48.8487894,2.3679988
3876,48.8488977,2.3719795
3877,48.8486286,2.3725375
3878,48.8490555,2.3759616
3879,48.8488869,2.3772722
3880,48.8485871,2.378583
3885,48.8493371,2.389563
3886,48.8492566,2.3900946
3887,48.8489668,2.3920084
3888,48.8487905,2.3952373
3889,48.8487883,2.3966072
3890,48.8489264,2.3985446
3891,48.8488486,2.3993259
3892,48.8488784,2.4027688
3893,48.8489146,2.4043209
3894,48.8489359,2.405449
3895,48.848974,2.4077357
3896,48.8490158,2.4092344
3897,48.8490538,2.4115116
3898,48.8491046,2.4130616
3899,48.8489724,2.4148471
3913,48.8499511,2.252098
3920,48.8497223,2.2655991
3921,48.8497726,2.2666761
3922,48.8496624,2.2686287
3923,48.8496135,2.2714503
3924,48.8499368,2.272228
3925,48.8501355,2.2749378
3926,48.8500758,2.2764153
3927,48.8500296,2.2776192
3929,48.8496996,2.2820912
3930,48.8501839,2.2849038
3931,48.8496105,2.286139
3932,48.849961,2.2884178
3933,48.8502734,2.2901004
3934,48.8497195,2.2915511
3936,48.8498057,2.2959973
3937,48.8494376,2.2984043
3938,48.8499405,2.2991502
3939,48.8498987,2.3011175
3940,48.8494246,2.3037705
3941,48.8502016,2.3057152
3942,48.8495509,2.3078226
3943,48.8497519,2.3080357
3944,48.8501438,2.3099615
3945,48.8500413,2.3126897
3946,48.8494407,2.3151445
3947,48.849889,2.3166622
3948,48.8501667,2.317728
3949,48.8496994,2.3199564
3951,48.8502335,2.32414
3952,48.849588,2.3265217
3953,48.8499498,2.328048
3954,48.8501089,2.3297737
3956,48.8501628,2.3340132
3957,48.8501331,2.3347376
3958,48.8498427,2.3379351
3959,48.849795,2.3390268
3961,48.849929,2.3436478
3962,48.8495986,2.3448446
3963,48.8498051,2.3471826
3964,48.8499851,2.3490085
3965,48.8496447,2.3503668
3966,48.8495209,2.3528726
3967,48.849976,2.354875
3968,48.849578,2.3561875
3969,48.8502611,2.3585159
3971,48.8496799,2.3615008
3972,48.8496314,2.363907
3973,48.8495132,2.3656306
3974,48.8500511,2.3685676
3975,48.84943,2.3699397
3976,48.8494979,2.3709437
3977,48.8500645,2.3737669
3979,48.8497732,2.3770095
3980,48.8501287,2.3790708
3983,48.8500842,2.384689
3984,48.8496757,2.3873276
3989,48.8494264,2.3962019
3990,48.8499713,2.3981803
3991,48.8497997,2.3991262
3992,48.8499459,2.4022662
3993,48.8501701,2.4044663
3994,48.8494342,2.4050688
3998,48.8499784,2.4128631
4012,48.8507163,2.2497476
4013,48.8504718,2.2509936
4017,48.8505339,2.2602737
4018,48.8508888,2.2605021
4020,48.8503699,2.2658323
4021,48.8507148,2.2672014
4022,48.8503137,2.2685047
4023,48.8506333,2.2711285
4024,48.8503715,2.2732955
4025,48.850548,2.2753407
4027,48.8507015,2.2779008
4030,48.8506542,2.2840023
4031,48.8507642,2.2856073
4032,48.8507643,2.287184
4034,48.8508971,2.2921315
4035,48.8504225,2.2940468
4036,48.8506596,2.2956421
4037,48.850302,2.2973838
4038,48.8506735,2.2989289
4039,48.8505319,2.3020523
4041,48.8504243,2.305252
4042,48.8503734,2.3068171
4043,48.8508231,2.3091109
4044,48.8507199,2.3116435
4045,48.8508245,2.3124342
4046,48.8508214,2.3143858
4048,48.8503704,2.318547
4049,48.8505393,2.319867
4051,48.850432,2.3246062
4052,48.8507068,2.3252847
4053,48.8503948,2.3277276
4056,48.8505787,2.3339854
4057,48.8507594,2.3357909
4058,48.8506508,2.3380575
4059,48.8509698,2.3395226
4060,48.8508803,2.3412914
4061,48.8506264,2.3428034
4062,48.8509748,2.3449502
4063,48.8506265,2.3464294
4064,48.8508365,2.3490314
4065,48.851112,2.3513069
4066,48.8507012,2.3525859
4067,48.8504134,2.3535299
4068,48.8511377,2.3559179
4069,48.8508471,2.3589605
4070,48.8505867,2.3600338
4071,48.8510567,2.3622851
4073,48.850613,2.3661236
4074,48.8508902,2.3672854
4077,48.8505629,2.3731817
4078,48.8506177,2.3754095
4079,48.8510217,2.3772072
4080,48.8505503,2.3793973
4081,48.850412,2.3814059
4083,48.8504684,2.3844442
4084,48.8504472,2.3865523
4086,48.8504738,2.3905772
4087,48.850604,2.392197
4088,48.85067,2.3944978
4089,48.8509679,2.3964579
4090,48.8507021,2.3988219
4091,48.8504162,2.3992002
4092,48.8509196,2.4017983
4094,48.8504998,2.4064033
4095,48.8503587,2.4074795
4098,48.8510369,2.412662
4099,48.8509952,2.4158975
4113,48.8512097,2.2519586
4120,48.8513943,2.2652509
4121,48.8514515,2.2676071
4122,48.8515966,2.2692853
4123,48.8515526,2.2706054
4125,48.8511954,2.2750783
4126,48.8512643,2.2759171
4127,48.8514649,2.2782418
4131,48.8517112,2.2853556
4132,48.8513802,2.2880685
4133,48.8516789,2.2899503
4134,48.8514807,2.291976
4135,48.8513932,2.2930116
4136,48.8516598,2.2958666
4137,48.8516097,2.2974342
4138,48.851581,2.3002822
4139,48.8515853,2.3014912
4142,48.8513939,2.3066597
4143,48.8513257,2.3096199
4144,48.8514584,2.3105047
4145,48.8516386,2.3125303
4146,48.8515121,2.3144797
4147,48.8517926,2.316085
4148,48.8516952,2.3190314
4151,48.8517052,2.324343
4152,48.8517017,2.3267093
4153,48.8516499,2.3272613
4155,48.85138,2.3319045
4156,48.851826,2.3337214
4157,48.8516757,2.3352891
4158,48.8517476,2.3373982
4159,48.8515203,2.3390943
4160,48.8518287,2.3414433
4161,48.8513977,2.3431724
4163,48.8516851,2.3476942
4164,48.8516956,2.3487173
4165,48.8514343,2.350421
4167,48.8516311,2.3541599
4168,48.8518338,2.3565473
4169,48.8512836,2.3580848
4171,48.8513429,2.3622643
4172,48.8515158,2.3637199
4173,48.8518343,2.366492
4174,48.8516523,2.3676404
4175,48.85139,2.3696214
4177,48.8518657,2.3737872
4178,48.8516045,2.3748488
4180,48.8515233,2.3787828
4181,48.8511673,2.3815802
4183,48.8515831,2.3845996
4185,48.8517346,2.3886993
4187,48.8516384,2.3926532
4188,48.8519258,2.3937234
4190,48.8513256,2.3982108
4191,48.8515773,2.3998357
4192,48.8518516,2.401373
4193,48.8512251,2.4042775
4194,48.8515042,2.4062921
4195,48.8516507,2.4069987
4197,48.8513118,2.4111171
4199,48.8516829,2.4150478
4214,48.8525179,2.2538844
4218,48.8526707,2.2616612
4219,48.852724,2.2625129
4220,48.8526066,2.2652939
4221,48.852725,2.2663995
4222,48.8526079,2.2682341
4223,48.8523689,2.2714595
4224,48.8527837,2.27219
4226,48.8527583,2.2758633
4228,48.8524833,2.2804688
4231,48.8526078,2.2861728
4232,48.8526479,2.2872358
4233,48.85246,2.2905797
4234,48.8522222,2.2912493
4235,48.8524303,2.294577
4236,48.8526781,2.2949293
4237,48.8523932,2.2966366
4238,48.8522774,2.2991932
4243,48.8527049,2.3085681
4244,48.8521745,2.3104884
4251,48.8527479,2.3236717
4252,48.8523931,2.3264846
4254,48.8522684,2.3300292
4255,48.8524168,2.331688
4256,48.8526627,2.3336923
4257,48.852453,2.3352
4258,48.8525344,2.3370046
4259,48.8524745,2.3387535
4260,48.8523153,2.3412746
4261,48.8524076,2.3429064
4262,48.8524777,2.344711
4263,48.8527598,2.3466299
4264,48.8523487,2.3482382
4266,48.8526464,2.3522069
4267,48.8524483,2.354842
4268,48.852444,2.3570633
4270,48.8523738,2.3604658
4271,48.8521226,2.3627186
4272,48.8524043,2.3638196
4273,48.8521858,2.3659391
4274,48.8525466,2.3680317
4275,48.8521662,2.3695515
4278,48.8528292,2.3744998
4279,48.8524655,2.3768154
4280,48.8526269,2.379149
4281,48.8524649,2.3810863
4282,48.8525211,2.3832295
4283,48.8526532,2.3848998
4285,48.8522946,2.3889933
4287,48.8522216,2.3923396
4293,48.8523258,2.4040265
4294,48.8524404,2.4061369
4295,48.8526451,2.4078271
4297,48.8527796,2.4116294
4299,48.8521068,2.4156947
4300,48.8533643,2.2268102
4301,48.85288,2.2297361
4314,48.8530141,2.253818
4318,48.8530352,2.2618853
4320,48.8530192,2.2648256
4321,48.8531287,2.26695
4323,48.8533383,2.2707744
4324,48.8529353,2.2719094
4326,48.8529741,2.275815
4328,48.8537096,2.2800562
4329,48.8531743,2.2821111
4331,48.8528906,2.2865617
4332,48.8533873,2.2882712
4334,48.8529872,2.2920774
4335,48.8534369,2.2937708
4336,48.853323,2.2958728
4337,48.8534277,2.2973826
4338,48.8534846,2.2985351
4343,48.8533773,2.3095449
4344,48.8533639,2.3116809
4345,48.8531939,2.3126966
4346,48.8536931,2.314733
4348,48.8532418,2.3174991
4351,48.8530991,2.3248815
4352,48.8534144,2.3261932
4353,48.8537211,2.327741
4355,48.8531454,2.3312779
4356,48.8534714,2.3333436
4357,48.8532648,2.3355212
4358,48.852902,2.3369916
4359,48.853552,2.3391353
4360,48.8533828,2.3409582
4361,48.8531692,2.3431937
4362,48.8532442,2.3445887
4363,48.8530613,2.3468122
4364,48.8535773,2.3491575
4365,48.85315,2.3505561
4366,48.8528801,2.3533008
4367,48.853419,2.3540036
4369,48.8533327,2.3578164
4370,48.8529271,2.3601226
4371,48.8529653,2.3611291
4373,48.8535418,2.3665458
4374,48.8533737,2.3676402
4375,48.8532974,2.3697178
4378,48.8532065,2.375077
4379,48.8532731,2.3772848
4380,48.8533915,2.3794021
4381,48.8535745,2.3804181
4382,48.8533142,2.3830437
4384,48.8530004,2.3864908
4385,48.8533843,2.3882138
4387,48.8535496,2.3927034
4389,48.8529627,2.3969494
4390,48.8534114,2.3984613
4391,48.8529444,2.4007804
4393,48.8532489,2.4032864
4394,48.8535461,2.4058563
4395,48.8529381,2.4074878
4396,48.8533385,2.4096933
4397,48.8533209,2.4121671
4398,48.8534883,2.4137191
4400,48.8537868,2.2262612
4419,48.8538189,2.2631207
4420,48.8539825,2.2654425
4422,48.8539726,2.2689868
4423,48.8543939,2.2702941
4424,48.8537619,2.27225
4425,48.8542033,2.2755291
4427,48.8543033,2.2782955
4428,48.8542564,2.2795651
4429,48.8537773,2.2829607
4430,48.854429,2.2837307
4432,48.8544184,2.2886492
4433,48.8539671,2.2890831
4434,48.85431,2.2923073
4435,48.8539897,2.2935006
4436,48.8544552,2.2957652
4437,48.8541168,2.2975588
4438,48.8537572,2.2989358
4441,48.8542721,2.3054471
4442,48.8540882,2.3069236
4443,48.8540912,2.3085479
4444,48.853913,2.3102995
4445,48.8537961,2.312668
4448,48.8539821,2.3189164
4449,48.8542104,2.3196642
4451,48.8539979,2.3238493
4452,48.8543438,2.3261255
4453,48.8538385,2.3273749
4454,48.8544657,2.3304702
4455,48.8542019,2.3316483
4456,48.8544959,2.3336373
4457,48.8540461,2.3355075
4458,48.8538497,2.3369559
4459,48.8542008,2.3388939
4461,48.8542965,2.343185
4462,48.8543358,2.3449201
4463,48.8540695,2.3473873
4465,48.8543844,2.3497523
4467,48.8543758,2.3549444
4468,48.8543089,2.355931
4469,48.8545234,2.3588347
4470,48.8540335,2.361118
4471,48.8538627,2.3620458
4472,48.8539852,2.3647884
4473,48.8537421,2.3656764
4474,48.853876,2.3673852
4475,48.8540313,2.3689776
4476,48.8543312,2.3714275
4477,48.8543166,2.3733325
4479,48.8543672,2.3781307
4480,48.8542443,2.3798728
4481,48.8538232,2.3815591
4482,48.8540705,2.3826637
4483,48.8545537,2.3847048
4485,48.8537665,2.3879672
4486,48.8541923,2.3900806
4489,48.8543665,2.3961334
4490,48.8543265,2.3979073
4491,48.8540316,2.3999199
4492,48.8539799,2.4026153
4494,48.8539904,2.4057184
4495,48.8540879,2.4069732
4497,48.8537919,2.4120008
4498,48.8543149,2.4130481
4499,48.8542533,2.4152132
4519,48.8552294,2.2632312
4520,48.85496,2.2657307
4521,48.8546214,2.2666818
4522,48.8546787,2.2693711
4523,48.8553766,2.270913
4524,48.8550945,2.2720361
4525,48.855176,2.2752346
4526,48.8554099,2.2766244
4527,48.8547119,2.279221
4528,48.8548422,2.2796032
4529,48.8551893,2.2825223
4530,48.8548984,2.2843802
4532,48.8548522,2.2885465
4533,48.8549615,2.289925
4536,48.8552713,2.2957598
4537,48.8547762,2.2975614
4540,48.8549317,2.3031055
4542,48.8553699,2.3071396
4543,48.8550123,2.3086593
4548,48.8554189,2.3180552
4549,48.8549506,2.3199504
4551,48.8550133,2.3245711
4552,48.855024,2.326291
4554,48.854835,2.3292236
4555,48.8551102,2.3307623
4557,48.8547693,2.336101
4558,48.8552786,2.3377567
4559,48.8550187,2.3395832
4560,48.855279,2.3415674
4561,48.8546205,2.3425388
4565,48.8550649,2.3502619
4566,48.8552916,2.3525744
4567,48.8552187,2.3538018
4570,48.8553558,2.3595896
4571,48.855095,2.3616767
4572,48.8550744,2.3633203
4573,48.8550653,2.3653321
4574,48.8551582,2.3680895
4575,48.8547347,2.3695371
4577,48.8547839,2.3727458
4579,48.8547366,2.3770437
4582,48.8549427,2.3833375
4583,48.8547012,2.3853213
4584,48.8551202,2.3871219
4588,48.8549817,2.3934843
4590,48.8550957,2.3987036
4592,48.8552433,2.4014669
4594,48.855414,2.4052939
4595,48.8554413,2.4078759
4596,48.8552597,2.4095109
4597,48.854669,2.4120729
4599,48.8551478,2.4151924
4620,48.8558456,2.2647378
4622,48.855841,2.2691297
4623,48.855554,2.2702205
4624,48.8559539,2.2722284
4625,48.8555542,2.2749974
4627,48.8561877,2.2778487
4628,48.8556048,2.280921
4629,48.8562072,2.2816207
4631,48.8558465,2.2855542
4635,48.8555675,2.2940284
4636,48.855826,2.2959411
4637,48.8558511,2.2973311
4638,48.8562912,2.2984464
4639,48.8557368,2.3018418
4640,48.8557954,2.3030082
4641,48.85577,2.3051267
4642,48.8561326,2.3067483
4643,48.8555557,2.3085084
4646,48.856168,2.3150233
4647,48.8557078,2.3168859
4651,48.8556487,2.3234168
4652,48.8558337,2.3257283
4653,48.8560373,2.3272569
4654,48.8554998,2.329844
4656,48.8556589,2.3335083
4658,48.8556694,2.3367144
4660,48.8561313,2.3404015
4661,48.8561022,2.3428252
4663,48.8561977,2.3464808
4664,48.8556672,2.3483197
4665,48.8558191,2.3508126
4666,48.8556124,2.3530317
4668,48.8558238,2.3563573
4669,48.8555133,2.3577386
4670,48.8554573,2.3600815
4671,48.8559067,2.3622831
4673,48.8561801,2.3657542
4674,48.8559452,2.3673131
4675,48.8559257,2.3692026
4676,48.8556896,2.3716475
4678,48.8557643,2.3750856
4680,48.8557065,2.3787055
4681,48.8558322,2.38159
4682,48.8558802,2.3833433
4683,48.8557131,2.3853914
4684,48.8557603,2.3864555
4685,48.8562262,2.3882803
4686,48.8555802,2.3901232
4687,48.8559326,2.3923567
4691,48.8556409,2.4006374
4693,48.8557589,2.404283
4694,48.8560999,2.4058869
4695,48.8558987,2.4073664
4696,48.8557411,2.4098865
4721,48.8570207,2.2665471
4724,48.8565091,2.2725916
4725,48.8564627,2.2746919
4726,48.8567645,2.2758906
4728,48.8569343,2.2802247
4729,48.8567877,2.2824656
4730,48.8567972,2.2842641
4731,48.8565704,2.28616
4735,48.856764,2.2936754
4737,48.8564477,2.29821
4738,48.8564543,2.2999102
4739,48.856771,2.301477
4740,48.8567753,2.3035662
4741,48.8571275,2.3043003
4742,48.856728,2.3070935
4743,48.8571485,2.3086373
4749,48.8564712,2.3211157
4751,48.8564094,2.3240957
4752,48.8563434,2.3263774
4754,48.8568149,2.3303468
4755,48.8563151,2.3316717
4757,48.8564779,2.3346093
4758,48.8571228,2.3365131
4759,48.8564302,2.3399176
4760,48.8567498,2.3410051
4761,48.8565642,2.3431932
4764,48.8567219,2.3489342
4767,48.8567026,2.3549917
4768,48.8569105,2.3557775
4771,48.8568962,2.3628361
4772,48.8564644,2.3642877
4773,48.8568275,2.3660028
4774,48.8566074,2.3673301
4775,48.8568139,2.3704746
4776,48.8570516,2.3712172
4777,48.8567324,2.3732199
4779,48.8567734,2.377876
4781,48.8564447,2.3812167
4782,48.8567337,2.3826439
4783,48.8570794,2.3851432
4784,48.8570058,2.3872396
4785,48.856456,2.3881929
4788,48.8565575,2.3944294
4789,48.8567515,2.3959815
4790,48.8570723,2.398131
4791,48.8568685,2.3999892
4792,48.8565624,2.4022489
4793,48.8564601,2.403018
4794,48.8564951,2.4052201
4796,48.8566726,2.4092572
4797,48.8569838,2.411184
4798,48.8566902,2.4139265
4801,48.8573179,2.2286117
4814,48.8577212,2.2545792
4817,48.8578055,2.259891
4819,48.8576692,2.2635387
4820,48.8573541,2.2646623
4822,48.8573069,2.2693073
4824,48.857301,2.2730326
4825,48.8576481,2.2747465
4826,48.8576041,2.2764777
4827,48.8576296,2.2775632
4828,48.8577839,2.28018
4831,48.8573034,2.2859717
4832,48.8579327,2.2878983
4834,48.8578051,2.2913886
4837,48.8578883,2.2974414
4838,48.8575157,2.2990545
4841,48.8574121,2.3050889
4842,48.857356,2.3074051
4843,48.8579803,2.308524
4844,48.8572593,2.3099287
4846,48.8579445,2.3151472
4848,48.8574083,2.3181129
4850,48.8577858,2.3224239
4851,48.857698,2.323896
4853,48.857709,2.3279733
4854,48.8579425,2.3292957
4856,48.8576193,2.3327512
4857,48.8576919,2.3355457
4860,48.8573177,2.3415203
4862,48.8576865,2.3454202
4863,48.8572927,2.3469263
4864,48.8573196,2.3492488
4865,48.8578749,2.3501908
4866,48.8572829,2.3523538
4867,48.8575068,2.3542487
4870,48.8576782,2.3607458
4871,48.8572504,2.3617613
4872,48.8574587,2.3644463
4873,48.8578554,2.3663946
4875,48.8574425,2.3698374
4876,48.857779,2.3709068
4877,48.8571876,2.3728056
4879,48.8579304,2.3769877
4880,48.8573175,2.3793394
4881,48.8573693,2.3808514
4883,48.8576206,2.3846064
4884,48.8575237,2.3868796
4885,48.8573262,2.3885253
4886,48.8579688,2.3899634
4887,48.8577134,2.3922853
4889,48.8571916,2.3968659
4891,48.8574697,2.399441
4892,48.8575315,2.4017081
4893,48.8576312,2.4038934
4895,48.8577499,2.4075757
4909,48.8585667,2.2448738
4915,48.8582744,2.2556226
4918,48.8583078,2.2613379
4923,48.8583577,2.2706024
4924,48.8583153,2.2726394
4925,48.8583314,2.2749515
4927,48.8587799,2.278003
4929,48.8587354,2.2821964
4930,48.8584582,2.2842782
4931,48.8588472,2.2868483
4932,48.8583383,2.2884955
4933,48.8588251,2.2889672
4937,48.8582298,2.2979608
4938,48.8586493,2.2985733
4939,48.8587189,2.3011065
4940,48.8587353,2.3032337
4943,48.8580286,2.3093353
4944,48.8584005,2.3112173
4945,48.8584417,2.3124305
4946,48.8581961,2.3144535
4948,48.8588669,2.3191859
4949,48.8586446,2.3198423
4950,48.8581579,2.3227975
4951,48.8581279,2.3234902
4952,48.8584473,2.3258242
4953,48.8582212,2.3283353
4954,48.8585208,2.3296971
4955,48.8585945,2.3322036
4956,48.8582658,2.3332665
4960,48.8586555,2.3416031
4961,48.8582382,2.3433672
4962,48.8582218,2.3450919
4963,48.8582906,2.3472939
4964,48.8587317,2.3483496
4966,48.858696,2.3521085
4967,48.8584984,2.355264
4969,48.8586836,2.3587623
4971,48.8587067,2.3628278
4972,48.8583304,2.3638327
4974,48.8585562,2.3678345
4975,48.8588314,2.3703649
4976,48.8586304,2.3713011
4977,48.8587694,2.3737956
4979,48.8585544,2.3765017
4980,48.8587156,2.378584
4981,48.8588542,2.3807647
4982,48.8585347,2.3836681
4983,48.8587824,2.3846328
4984,48.8582283,2.3864505
4985,48.8582595,2.3886683
4986,48.8584006,2.3900359
4989,48.8582414,2.3968625
4990,48.8585981,2.3984385
4991,48.8583642,2.4007074
4993,48.8586084,2.4041371
4996,48.8587499,2.4095377
4997,48.8588245,2.4115131
4999,48.8587061,2.4147117
5018,48.859119,2.2612536
5020,48.8592808,2.2658963
5021,48.8590108,2.2677991
5023,48.8593471,2.2715558
5025,48.8595292,2.2745679
5026,48.8594221,2.2761906
5027,48.859074,2.2783544
5028,48.8595667,2.2807448
5029,48.8596909,2.2820945
5030,48.8589052,2.2847838
5032,48.8592116,2.2883536
5035,48.859119,2.2933612
5037,48.8593576,2.2974678
5039,48.8594203,2.3013051
5041,48.8592274,2.3051352
5042,48.8596471,2.307343
5048,48.8592447,2.318005
5049,48.85914,2.3202091
5050,48.8590281,2.3226542
5051,48.8592118,2.3237994
5052,48.8594906,2.3264096
5054,48.8594308,2.3296641
5059,48.8589898,2.339848
5060,48.8593916,2.3406436
5062,48.8592688,2.3450554
5063,48.8593379,2.3467319
5066,48.8589339,2.3522383
5067,48.859518,2.3540808
5068,48.8589615,2.3557294
5071,48.8589107,2.3622527
5074,48.8592518,2.367673
5075,48.8596219,2.3695431
5076,48.8590421,2.3714907
5077,48.859555,2.373342
5078,48.8591447,2.3749638
5080,48.8591522,2.3794926
5081,48.8590336,2.381275
5082,48.8593813,2.382825
5083,48.8589538,2.3852782
5084,48.85935,2.3868459
5085,48.8595465,2.3891623
5086,48.8589217,2.3912009
5091,48.8594319,2.3999293
5092,48.8591448,2.4021238
5093,48.859556,2.404112
5095,48.8595698,2.4072826
5119,48.8602447,2.2632831
5122,48.8603044,2.2697365
5123,48.8599412,2.270937
5124,48.8601678,2.2732961
5126,48.8605805,2.2770445
5127,48.8601468,2.2781075
5128,48.8602319,2.2810748
5130,48.8602866,2.2846064
5131,48.8599802,2.2856027
5133,48.8601469,2.2901238
5134,48.8603649,2.2912349
5136,48.8605421,2.2956191
5137,48.8599112,2.2966038
5138,48.8605335,2.2986461
5139,48.8603254,2.300982
5140,48.8598321,2.3030091
5141,48.8598484,2.3047508
5143,48.8598303,2.3088513
5144,48.8599466,2.3113587
5145,48.8599548,2.3131081
5146,48.8599661,2.3148365
5148,48.8603698,2.3182805
5150,48.8599923,2.3217179
5151,48.8603311,2.3236023
5154,48.8605863,2.3302619
5156,48.8601003,2.3333956
5160,48.8600431,2.3409529
5161,48.8604054,2.3423329
5163,48.8604443,2.3462354
5166,48.8602865,2.3529766
5167,48.8599372,2.3544088
5168,48.8602794,2.3562969
5169,48.860561,2.3574376
5170,48.86046,2.3597534
5171,48.8605263,2.3617984
5172,48.8602174,2.3636819
5173,48.8601124,2.3664704
5174,48.8601004,2.3674655
5176,48.8602752,2.372037
5177,48.8600594,2.3734685
5178,48.8601228,2.3755721
5179,48.8597514,2.3768492
5180,48.8603089,2.3786397
5181,48.8597664,2.3806909
5182,48.8604812,2.3832569
5184,48.8605469,2.3861823
5185,48.8598315,2.3887552
5194,48.859972,2.4057501
5195,48.8604724,2.4067961
5196,48.860599,2.4092355
5201,48.8610808,2.2286332
5202,48.8614147,2.2300683
5219,48.8607007,2.2635664
5220,48.8613241,2.265877
5221,48.8610201,2.267018
5223,48.8609236,2.2711605
5224,48.8609459,2.2731579
5225,48.8612542,2.2754467
5227,48.8612045,2.279305
5228,48.8608512,2.2799383
5229,48.8606661,2.2823526
5230,48.8612785,2.2842303
5231,48.8606238,2.2860613
5234,48.8608771,2.2915088
5236,48.86064,2.2954678
5239,48.8610145,2.3013631
5240,48.861157,2.3023671
5241,48.8611369,2.3054922
5242,48.8611357,2.3069908
5243,48.8611373,2.3083271
5244,48.8611198,2.3102809
5245,48.8610518,2.3132382
5246,48.8609738,2.3149665
5248,48.8607992,2.3179989
5249,48.8611997,2.3206172
5251,48.8611157,2.3241906
5254,48.8608967,2.3300717
5259,48.8612442,2.3398124
5260,48.8611353,2.3409256
5261,48.8613717,2.3425147
5262,48.8610675,2.3448967
5266,48.8608745,2.3532954
5267,48.8607437,2.3538073
5268,48.8612625,2.3561164
5269,48.8612321,2.3582039
5270,48.8612306,2.3606609
5271,48.8608149,2.3613427
5272,48.8614611,2.3635946
5274,48.8607808,2.3678314
5275,48.8609865,2.3702763
5276,48.8612628,2.371331
5278,48.8610771,2.3749876
5280,48.8609566,2.3790911
5281,48.861101,2.3811518
5282,48.8611455,2.3828514
5283,48.8609833,2.3851445
5284,48.8611758,2.3858318
5285,48.86102,2.3884477
5291,48.8610059,2.3996055
5292,48.8607047,2.4027569
5293,48.8610421,2.4036826
5296,48.8606124,2.4094731
5297,48.8607337,2.4111989
5298,48.8611995,2.4139978
5301,48.8617988,2.2289779
5302,48.8619092,2.2303736
5306,48.8620221,2.2381054
5318,48.8620871,2.261875
5321,48.861962,2.2675916
5323,48.8622376,2.2708831
5324,48.8621406,2.2725974
5325,48.8615656,2.2756309
5326,48.8622096,2.2775086
5327,48.8617487,2.2783419
5329,48.8616976,2.2825037
5330,48.8617123,2.2836487
5331,48.8619097,2.2861161
5335,48.8621567,2.2931353
5339,48.8618535,2.3014499
5341,48.8616969,2.3054542
5342,48.8616772,2.306684
5343,48.8617466,2.3093413
5349,48.8619493,2.3198749
5358,48.8622194,2.3370162
5359,48.8621235,2.3394581
5360,48.8616903,2.3412105
5364,48.8615144,2.3479749
5365,48.8619861,2.3501758
5368,48.8618987,2.3569151
5370,48.8622432,2.3604334
5371,48.8616432,2.3623252
5372,48.8619235,2.3645917
5373,48.8617571,2.3652567
5376,48.8619088,2.3721432
5377,48.8620778,2.3729443
5378,48.8617137,2.3744283
5379,48.8619968,2.3769795
5380,48.861886,2.379583
5381,48.8615853,2.380675
5382,48.8618608,2.3834277
5383,48.8616406,2.3847351
5390,48.8619067,2.398869
5391,48.8616132,2.3998301
5392,48.8615827,2.4017477
5394,48.8617912,2.4058065
5398,48.861679,2.413686
5401,48.8628937,2.2296483
5402,48.8624307,2.2306833
5406,48.8625285,2.2384318
5415,48.8630617,2.2562302
5419,48.8624438,2.2637168
5420,48.8626262,2.2654234
5421,48.8627514,2.2671396
5422,48.8629558,2.2691588
5423,48.8623774,2.2706051
5424,48.8629946,2.2726165
5425,48.8626882,2.273957
5426,48.8627948,2.2763251
5428,48.8628222,2.2809738
5429,48.8624397,2.2826587
5431,48.8629418,2.2864427
5432,48.8629589,2.2878763
5434,48.8627794,2.2918395
5435,48.8625473,2.2938625
5436,48.8629912,2.2952027
5439,48.8624269,2.3016037
5440,48.8624148,2.3023685
5441,48.8624635,2.3054295
5442,48.8623414,2.3074838
5443,48.8625524,2.3092277
5444,48.8625767,2.3104164
5445,48.8628341,2.3134495
5446,48.8628885,2.3151675
5448,48.8628941,2.3179455
5449,48.8624,2.3198323
5457,48.8624677,2.3362656
5458,48.8627177,2.3373121
5459,48.8629949,2.3394984
5460,48.8624179,2.3415931
5463,48.8630687,2.3465353
5464,48.8629747,2.3478933
5466,48.8630598,2.3524118
5467,48.8627221,2.3542782
5469,48.862866,2.3578642
5470,48.8626004,2.3597973
5471,48.8628675,2.3625519
5472,48.8626326,2.3643777
5473,48.8631027,2.3667404
5474,48.8626491,2.3673118
5476,48.8629352,2.371493
5477,48.8624082,2.3737026
5478,48.8630703,2.376163
5479,48.862632,2.3764949
5480,48.8627766,2.3787073
5481,48.8630665,2.3812979
5482,48.8629525,2.382627
5483,48.8623432,2.385392
5484,48.8628797,2.3871439
5485,48.8630354,2.3880058
5490,48.8631791,2.3976404
5492,48.8625249,2.4023425
5493,48.8626192,2.4032118
5494,48.8623494,2.4063301
5496,48.8624155,2.4091624
5497,48.8625784,2.4109154
5503,48.8637173,2.2325723
5505,48.8640278,2.2361154
5506,48.8635438,2.2388112
5507,48.8635137,2.2401746
5511,48.8634489,2.2481119
5512,48.8635286,2.2498587
5518,48.8637052,2.2619544
5521,48.8637319,2.2673419
5522,48.8634846,2.2689015
5523,48.8639983,2.2718156
5524,48.8638584,2.2724006
5525,48.863362,2.2743834
5526,48.8639585,2.2773634
5527,48.8635705,2.2783533
5528,48.8637062,2.2796146
5529,48.8636537,2.2816971
5531,48.8632883,2.2866653
5532,48.8633926,2.2875005
5533,48.8640221,2.2902899
5534,48.8631977,2.2915223
5535,48.8636223,2.2945953
5536,48.863335,2.2963279
5538,48.8638804,2.299106
5550,48.8635459,2.3218858
5555,48.8637542,2.3320906
5556,48.8632555,2.3338089
5557,48.8638717,2.3359014
5558,48.8639118,2.3381497
5559,48.8635409,2.3397676
5560,48.8633924,2.3404127
5561,48.8636428,2.342729
5562,48.8633722,2.3440777
5564,48.8638647,2.3490334
5565,48.8634024,2.3509663
5567,48.8637665,2.3548576
5569,48.8633732,2.3582451
5570,48.8633104,2.3606268
5571,48.8633016,2.3616709
5572,48.8632154,2.3641848
5573,48.8637244,2.3663736
5574,48.8638773,2.3669416
5575,48.8637626,2.3701149
5576,48.8638958,2.3720203
5577,48.8639444,2.3734483
5578,48.8639498,2.3755118
5579,48.8634925,2.377256
5580,48.8635501,2.3788795
5581,48.863913,2.3811704
5582,48.8635931,2.3833721
5583,48.8632782,2.3850021
5584,48.8640427,2.3859762
5585,48.8638548,2.3891047
5586,48.8638213,2.3911144
5587,48.863956,2.3916417
5590,48.8634001,2.3979762
5591,48.8634342,2.3996122
5593,48.8634863,2.4039971
5595,48.8637383,2.4076857
5596,48.8633653,2.4089895
5597,48.8633318,2.4111129
5598,48.8634475,2.4133664
5603,48.8640575,2.2331252
5604,48.8645909,2.23527
5605,48.8643178,2.2358214
5607,48.864204,2.2413087
5612,48.8648806,2.2490547
5621,48.8641945,2.2668591
5622,48.8645168,2.269797
5624,48.8644513,2.2730168
5625,48.8644027,2.2746389
5627,48.8641183,2.2775566
5629,48.8644203,2.2823658
5633,48.8640746,2.2903706
5635,48.8645566,2.2936032
5638,48.8640799,2.2994795
5639,48.8645514,2.3012871
5640,48.8646048,2.3033447
5641,48.8644887,2.3049293
5642,48.8646795,2.3070817
5644,48.8646107,2.3103421
5646,48.8646741,2.3136679
5647,48.8648814,2.3163799
5648,48.8647433,2.3183429
5649,48.8644289,2.3201824
5654,48.8644369,2.3301389
5656,48.8645633,2.3326949
5657,48.8644783,2.3349578
5660,48.864109,2.3418089
5661,48.8644887,2.342661
5662,48.8648049,2.3451085
5665,48.8642703,2.3508735
5666,48.864829,2.3533193
5667,48.8642785,2.3551393
5668,48.8648082,2.3554306
5669,48.8643863,2.3578695
5670,48.8645974,2.3598297
5671,48.8643885,2.3618018
5672,48.86453,2.3634885
5673,48.864674,2.3657985
5674,48.8643292,2.3686595
5675,48.8645382,2.3693693
5676,48.8643562,2.3715231
5677,48.8644366,2.3732708
5678,48.8648776,2.3748282
5679,48.8646123,2.3780241
5681,48.8647038,2.3815319
5682,48.8647388,2.3829556
5683,48.8648446,2.3850425
5684,48.8641627,2.3861398
5685,48.8643216,2.3894012
5686,48.8643016,2.3910003
5687,48.8645147,2.3920968
5688,48.8646879,2.3945071
5690,48.864422,2.3980645
5691,48.8642422,2.400448
5692,48.8644132,2.4015893
5693,48.8646874,2.4041582
5694,48.8646275,2.405833
5695,48.8645713,2.4073274
5696,48.8644764,2.4089972
5697,48.8647574,2.4121044
5698,48.8643165,2.4127962
5703,48.8656723,2.2332373
5704,48.865174,2.2345981
5712,48.8652671,2.2505734
5723,48.8655275,2.2706639
5725,48.8653411,2.275126
5726,48.8657184,2.2760138
5729,48.8653806,2.283025
5730,48.8654683,2.2835
5731,48.8650712,2.2865054
5732,48.8649948,2.2886674
5733,48.8649809,2.2903129
5734,48.8649203,2.2915892
5735,48.8649246,2.2940525
5736,48.8657014,2.2957985
5737,48.8650428,2.2976008
5738,48.8651558,2.299843
5739,48.8650835,2.3014534
5740,48.865284,2.3029614
5744,48.864911,2.3103202
5746,48.8649955,2.3137066
5747,48.865047,2.316036
5748,48.8649583,2.3183749
5749,48.8656031,2.3205259
5752,48.8657646,2.3260391
5753,48.8653522,2.3273072
5754,48.8653128,2.3297909
5755,48.8649204,2.331959
5756,48.8657588,2.3335858
5757,48.8649481,2.3347446
5758,48.865612,2.3366282
5760,48.8655331,2.3410485
5761,48.8652925,2.343086
5765,48.8652156,2.3514138
5766,48.8652497,2.3519977
5767,48.8650847,2.3544498
5768,48.8653507,2.3566045
5770,48.8652028,2.3602066
5771,48.8652788,2.3620056
5772,48.8655142,2.3640643
5774,48.8651764,2.3677434
5775,48.8656147,2.369425
5776,48.8649642,2.3710458
5777,48.8656536,2.3742304
5778,48.8651519,2.3751944
5779,48.8656609,2.3773308
5782,48.8650829,2.3826917
5783,48.8652533,2.3845797
5784,48.8657394,2.3875096
5785,48.8649061,2.3881223
5786,48.8654563,2.391081
5787,48.8650951,2.3923621
5788,48.8650435,2.3940783
5789,48.8649662,2.3955474
5790,48.8655103,2.3979967
5794,48.8651331,2.4050484
5795,48.8651683,2.4072875
5796,48.8653798,2.4087213
5797,48.865521,2.4117292
5798,48.864961,2.4137103
5808,48.8663166,2.2415724
5815,48.8661274,2.2551367
5822,48.8659607,2.2691869
5823,48.8665368,2.2715277
5824,48.8664413,2.27276
5825,48.8661163,2.2741203
5826,48.8664616,2.2763247
5827,48.866433,2.2776884
5828,48.8665588,2.2801115
5829,48.8659854,2.2818251
5831,48.866259,2.2862017
5833,48.8663815,2.2896651
5834,48.8663501,2.2911282
5835,48.866242,2.2935098
5836,48.8659106,2.2962057
5837,48.8663313,2.2970357
5838,48.8660538,2.2996651
5839,48.8661296,2.3013565
5840,48.866518,2.3030445
5841,48.8663919,2.3051153
5842,48.8661445,2.3076027
5843,48.8662541,2.3080382
5844,48.8663258,2.3102591
5848,48.8661314,2.3190756
5849,48.8658611,2.3199122
5850,48.8666176,2.3219639
5851,48.8663538,2.3241906
5852,48.8663851,2.3265062
5853,48.8659313,2.3278927
5854,48.8658216,2.3301649
5856,48.8663093,2.3341623
5857,48.8662468,2.3355001
5858,48.8658889,2.3369676
5859,48.8661063,2.3396537
5860,48.8662809,2.3409768
5866,48.8662268,2.3525504
5867,48.865977,2.353766
5868,48.8660076,2.3559776
5869,48.8659179,2.3580936
5870,48.8664224,2.3603077
5872,48.8665303,2.3648093
5873,48.8660184,2.36633
5874,48.866272,2.3674044
5875,48.8661921,2.3696433
5876,48.8661783,2.3712338
5878,48.8662918,2.374882
5880,48.8661028,2.3791913
5881,48.8666087,2.381284
5882,48.8662199,2.3834917
5883,48.8660328,2.3840078
5886,48.8661639,2.3896642
5888,48.8658481,2.3944154
5890,48.8658414,2.3984485
5891,48.8662273,2.3996405
5893,48.8662616,2.4034104
5894,48.8661246,2.4059237
5895,48.8665398,2.4081301
5896,48.8663519,2.4089819
5897,48.8663439,2.411229
5898,48.866051,2.4138046
5903,48.8674747,2.2329899
5906,48.8668894,2.2388854
5907,48.8669533,2.2397685
5908,48.867419,2.2426025
5912,48.8670711,2.249287
5923,48.8667024,2.2716786
5925,48.8666444,2.2755755
5926,48.8668427,2.2765526
5927,48.8669617,2.2789485
5928,48.8673921,2.2807348
5930,48.8668626,2.284289
5932,48.8671049,2.2876783
5933,48.8668087,2.289968
5936,48.8671955,2.2953643
5937,48.8674489,2.2976153
5938,48.8674536,2.2992472
5939,48.8667327,2.3013009
5940,48.867126,2.3031192
5941,48.8672312,2.3059804
5942,48.8670159,2.3063219
5944,48.8668281,2.3102176
5946,48.8671384,2.3139457
5947,48.8670861,2.3160717
5949,48.8670939,2.3206535
5950,48.8667885,2.3220891
5952,48.8674398,2.3261888
5954,48.867079,2.3290327
5955,48.8673689,2.3315631
5956,48.8672117,2.3334841
5957,48.8671374,2.3352462
5958,48.8666409,2.3373626
5961,48.8673275,2.3439549
5963,48.8673648,2.3473319
5964,48.866903,2.3494727
5965,48.8668338,2.3513137
5966,48.8671448,2.3524828
5968,48.8672969,2.3568082
5969,48.8669626,2.3582667
5971,48.8668272,2.3619167
5972,48.8673141,2.3634261
5973,48.8667247,2.3651418
5974,48.8666302,2.3673384
5975,48.8667882,2.3695508
5977,48.8668735,2.3733491
5978,48.8672959,2.3759192
5979,48.8674199,2.3775035
5980,48.8672083,2.3784079
5982,48.8670053,2.3828597
5984,48.8666845,2.3870306
5985,48.8673334,2.3889733
5986,48.8673193,2.3906787
5987,48.866974,2.3923783
5989,48.8666633,2.3970953
5990,48.8668092,2.397439
5991,48.8674718,2.4007254
5993,48.8672939,2.4037589
5994,48.8671632,2.4050275
5995,48.8673619,2.4077608
5996,48.8671323,2.4100288
5997,48.8672213,2.4110698
5998,48.8669329,2.4132321
6012,48.867665,2.2508892
6013,48.8678727,2.251037
6020,48.8678434,2.2657045
6025,48.8681461,2.2754993
6026,48.8678458,2.2763641
6027,48.8682631,2.2785851
6028,48.867857,2.2810618
6032,48.867732,2.2884025
6033,48.867855,2.2906023
6034,48.8678537,2.2918909
6035,48.8680469,2.2931477
6036,48.8679213,2.2957138
6038,48.8683266,2.298662
6039,48.8675267,2.3012277
6040,48.8679651,2.3028131
6041,48.8680204,2.3047143
6042,48.8677363,2.3077087
6044,48.8682863,2.3101396
6045,48.8681729,2.312291
6046,48.8675692,2.3145583
6047,48.868328,2.3161154
6051,48.8679458,2.3245898
6052,48.8675462,2.325835
6054,48.867872,2.3298262
6055,48.8679559,2.3317267
6056,48.8677459,2.3335525
6057,48.8681779,2.3350989
6058,48.8678496,2.3371008
6059,48.8680811,2.3387443
6061,48.8681688,2.3436045
6063,48.8678958,2.3473895
6064,48.8680102,2.3488084
6065,48.8677479,2.3498398
6066,48.8678391,2.3517291
6071,48.8679492,2.362358
6076,48.8682322,2.3716412
6078,48.8676223,2.3756268
6079,48.8678192,2.3771388
6080,48.8680459,2.3784005
6082,48.8676699,2.382495
6083,48.8682578,2.3839858
6084,48.8679235,2.3866245
6085,48.8680795,2.3884602
6086,48.8678322,2.3906668
6089,48.8677927,2.3962193
6090,48.8681857,2.3980753
6091,48.8680837,2.4001525
6092,48.8683061,2.4014206
6093,48.8682723,2.4038024
6094,48.8675523,2.4055241
6096,48.8679397,2.4091543
6097,48.8678939,2.4109962
6098,48.8682036,2.413451
6105,48.8690984,2.2375415
6106,48.8684842,2.2385013
6111,48.8687883,2.248293
6120,48.8684902,2.2653329
6124,48.8686667,2.273351
6125,48.8684235,2.2746995
6126,48.8688839,2.2759942
6127,48.8684453,2.2786759
6132,48.8685242,2.2871413
6133,48.8691212,2.2898109
6134,48.8689071,2.2915684
6135,48.868461,2.2934028
6137,48.8690705,2.2974077
6138,48.8685472,2.2989083
6139,48.8687147,2.3017278
6140,48.869021,2.303111
6143,48.8685511,2.3092901
6144,48.8689063,2.310341
6146,48.8688343,2.3146188
6149,48.8691711,2.3203432
6150,48.8687911,2.3218477
6151,48.8683824,2.3232684
6152,48.8689648,2.3253375
6154,48.8689035,2.3294185
6156,48.8688472,2.3333323
6157,48.8688829,2.3354907
6158,48.8688872,2.3366967
6159,48.8690318,2.3394522
6160,48.8686677,2.3413408
6163,48.8684499,2.3476779
6164,48.8689439,2.3494563
6167,48.8689465,2.3539496
6168,48.8690106,2.3555838
6169,48.8689332,2.3587875
6171,48.8689409,2.3625752
6172,48.8689313,2.3638737
6174,48.8688224,2.3676207
6175,48.8684779,2.3697567
6176,48.8690301,2.3717415
6177,48.8685383,2.3729074
6178,48.8684407,2.3749039
6179,48.8690272,2.3768676
6180,48.8684056,2.3795529
6181,48.8690046,2.3807017
6183,48.8687813,2.3852985
6184,48.8685261,2.3861923
6186,48.8686637,2.3896284
6191,48.8686565,2.3996562
6192,48.8690317,2.4020706
6193,48.8685658,2.4042616
6194,48.8690392,2.4055137
6195,48.8688095,2.408297
6196,48.8691198,2.4099842
6197,48.8691853,2.4108707
6198,48.8688417,2.4132378
6215,48.8697025,2.2566133
6223,48.8695527,2.2711059
6224,48.8696224,2.2721693
6225,48.8692955,2.2746954
6226,48.8694448,2.2763784
6227,48.8693114,2.279172
6228,48.8698804,2.2795452
6230,48.8697349,2.2850247
6231,48.8696273,2.2856515
6232,48.8693778,2.2876722
6233,48.8698282,2.2905464
6235,48.8694128,2.2935482
6236,48.8695337,2.2957432
6237,48.8694114,2.2978607
6238,48.8699281,2.3001596
6239,48.8699066,2.3010036
6240,48.8692431,2.3027694
6243,48.8692827,2.3091716
6244,48.8696029,2.3105834
6245,48.8694642,2.3133958
6248,48.8696233,2.319034
6251,48.8692559,2.3238947
6252,48.8695736,2.3258699
6253,48.8698054,2.3281617
6254,48.8699902,2.3305214
6255,48.8695718,2.3315181
6256,48.8694737,2.3340502
6257,48.8696959,2.3359606
6258,48.8695367,2.3367745
6259,48.869531,2.3394799
6260,48.8697623,2.3408277
6261,48.8697581,2.3428843
6264,48.8698796,2.3490277
6265,48.8695349,2.3513205
6266,48.8696795,2.3526101
6267,48.869312,2.3542461
6268,48.8692522,2.3567611
6269,48.8692191,2.35769
6270,48.8698647,2.3607266
6271,48.8692412,2.3623739
6272,48.8699297,2.3637672
6273,48.8697616,2.3661837
6275,48.8696889,2.3700646
6276,48.8693078,2.3715376
6277,48.8694605,2.3739261
6278,48.8698116,2.3750656
6279,48.8692237,2.3774586
6280,48.8700208,2.3791043
6282,48.8699465,2.3830542
6285,48.8697056,2.3888211
6287,48.8695329,2.3931657
6288,48.8699679,2.3945024
6290,48.8694083,2.3982544
6291,48.8693224,2.4004764
6292,48.8697775,2.4019185
6293,48.8692268,2.4031204
6294,48.8694898,2.4059044
6295,48.8699457,2.4068647
6296,48.8698095,2.4089698
6297,48.8698757,2.4108105
6316,48.8703965,2.2585223
6327,48.8709065,2.2788853
6328,48.8705714,2.2812373
6329,48.8704474,2.2817823
6330,48.8708557,2.2850327
6332,48.8706717,2.2876928
6335,48.8707842,2.2945181
6336,48.8705105,2.2955737
6337,48.8701855,2.2966095
6339,48.8702569,2.3009758
6341,48.8705205,2.3052845
6342,48.8700834,2.306657
6344,48.8702135,2.3110419
6345,48.8704136,2.312904
6348,48.8703495,2.3176551
6349,48.8706572,2.3197009
6350,48.8704222,2.322703
6351,48.8708899,2.3248451
6352,48.8705675,2.3260902
6354,48.8702685,2.3300494
6355,48.8706246,2.3320659
6356,48.8701211,2.3337328
6357,48.8701865,2.3359584
6358,48.870336,2.3372448
6361,48.870231,2.3426988
6364,48.8705196,2.3487034
6365,48.8701459,2.3505114
6367,48.8705998,2.3549698
6369,48.8708931,2.3587927
6370,48.8702331,2.3600501
6371,48.8708496,2.3614229
6372,48.8701371,2.3636084
6373,48.8707718,2.3654048
6374,48.8707793,2.3685166
6375,48.8707815,2.3704611
6376,48.870153,2.3715364
6377,48.8705636,2.3728843
6378,48.8702015,2.3747546
6379,48.8705731,2.3775812
6380,48.8701026,2.3793172
6381,48.8709222,2.3814725
6383,48.8702038,2.3844291
6385,48.8705739,2.3882393
6389,48.8700944,2.3957728
6390,48.8702161,2.3972144
6391,48.8707805,2.3992295
6393,48.8700875,2.4042734
6394,48.8701654,2.405026
6396,48.870591,2.4089443
6397,48.8706506,2.4107272
6416,48.871764,2.2579785
6417,48.8710065,2.2601989
6424,48.8711462,2.2724037
6425,48.871316,2.2743479
6426,48.8713941,2.2774677
6427,48.8712248,2.2790702
6428,48.8717708,2.2809417
6430,48.8715873,2.283799
6432,48.8711631,2.2888586
6434,48.8711063,2.2918637
6435,48.8712924,2.2932078
6436,48.8711503,2.2954709
6437,48.8710981,2.2973764
6438,48.8713971,2.2999797
6439,48.8709858,2.3009132
6440,48.8710843,2.3035083
6442,48.8714127,2.3073081
6443,48.8709386,2.3088316
6444,48.871388,2.3100809
6445,48.8714369,2.3119705
6446,48.8717654,2.3141902
6447,48.8711169,2.3162913
6448,48.871183,2.3181796
6449,48.8711719,2.3200334
6450,48.871718,2.3220943
6451,48.871393,2.3234969
6454,48.8717777,2.3305842
6455,48.8710733,2.3318505
6456,48.8716014,2.3338689
6457,48.8712754,2.3359218
6458,48.8714762,2.3371106
6460,48.8717143,2.3416027
6461,48.8714816,2.3430679
6462,48.8710438,2.3457164
6465,48.871625,2.3499058
6466,48.871158,2.3522913
6467,48.8715698,2.3536286
6468,48.8717748,2.3571452
6469,48.8712403,2.3581712
6470,48.8715058,2.3603471
6471,48.8714858,2.3620788
6472,48.8717095,2.3644425
6473,48.8710194,2.3659191
6474,48.8717294,2.3679296
6475,48.8712438,2.3701205
6476,48.8713505,2.3723087
6478,48.8713818,2.3750754
6479,48.8711284,2.3766972
6481,48.8715578,2.381073
6482,48.8710045,2.3821162
6484,48.8714738,2.3860287
6486,48.8716473,2.3901789
6487,48.8716662,2.3922824
6489,48.8717222,2.3960753
6491,48.8710693,2.4002919
6492,48.8716199,2.4023512
6493,48.8712096,2.4039617
6495,48.8714115,2.4078712
6497,48.8712287,2.4106767
6520,48.8725229,2.264432
6524,48.8725687,2.2736504
6525,48.8721427,2.2748292
6526,48.8717972,2.276498
6529,48.8719512,2.2825386
6530,48.87214,2.2841954
6531,48.8722805,2.2854697
6532,48.8721852,2.2875849
6534,48.8724886,2.2919918
6535,48.8724227,2.2940558
6536,48.872278,2.2952715
6538,48.8723626,2.2994954
6539,48.8718435,2.3011341
6540,48.8724204,2.304132
6542,48.8717902,2.3061228
6543,48.8721542,2.3090607
6544,48.872596,2.3100745
6545,48.8722245,2.3125564
6546,48.8725947,2.3147294
6548,48.8719737,2.3182746
6550,48.8721437,2.3217869
6551,48.8726054,2.3239929
6552,48.8720709,2.3259555
6553,48.8723065,2.328219
6554,48.8721849,2.32987
6556,48.8722064,2.3328034
6557,48.8726456,2.3354537
6558,48.8723662,2.3374249
6559,48.8721203,2.3392101
6560,48.8719069,2.3404076
6562,48.8724279,2.3449412
6563,48.8721683,2.3467084
6564,48.8720024,2.3479005
6565,48.8721309,2.350047
6567,48.8722546,2.3540348
6568,48.8722683,2.355909
6570,48.8720347,2.3598727
6572,48.8718063,2.3642649
6573,48.8720468,2.365863
6575,48.8720371,2.3695465
6576,48.8722446,2.3715372
6577,48.8725268,2.3738039
6578,48.8725629,2.3762196
6579,48.8721037,2.3770084
6580,48.8725317,2.3785381
6581,48.8723171,2.3819042
6582,48.8725297,2.3829851
6585,48.8718064,2.3893099
6587,48.8724417,2.3927016
6588,48.8718698,2.3937762
6589,48.8725709,2.3961562
6590,48.8723274,2.3979205
6592,48.8725479,2.4022039
6598,48.8724615,2.41355
6628,48.8727155,2.2802446
6630,48.8731206,2.2839555
6631,48.8733609,2.2860986
6634,48.8729274,2.2913999
6635,48.8728033,2.2932894
6636,48.8732951,2.2955389
6637,48.8731289,2.297083
6638,48.8732327,2.3001982
6639,48.8733227,2.3014771
6640,48.8729901,2.302763
6642,48.8731936,2.3073549
6643,48.8734934,2.309147
6644,48.87284,2.3107332
6647,48.8728718,2.3159826
6648,48.8732325,2.317932
6649,48.8733917,2.3195738
6650,48.8732288,2.3223518
6651,48.8733219,2.3243018
6652,48.873236,2.3254339
6653,48.8730723,2.3277036
6654,48.873401,2.3297046
6655,48.8729564,2.3315473
6656,48.8729517,2.3333015
6657,48.8726771,2.3352317
6658,48.8730174,2.3376604
6659,48.873048,2.3394983
6660,48.8732126,2.3409462
6661,48.8730775,2.3430485
6662,48.8730722,2.3450949
6663,48.8730686,2.3468458
6664,48.8734427,2.3479066
6665,48.8733046,2.3503885
6666,48.8733866,2.3526565
6667,48.872856,2.3544476
6669,48.8731807,2.3588478
6670,48.8731908,2.3602366
6671,48.8731658,2.3614744
6672,48.873226,2.3641902
6678,48.8732459,2.3747392
6681,48.8732585,2.3819084
6682,48.87347,2.3830154
6685,48.8728235,2.389372
6686,48.8733708,2.3909322
6688,48.8727653,2.3942092
6689,48.8729661,2.3962049
6691,48.872731,2.3992547
6692,48.8734,2.4016478
6695,48.8729144,2.4083915
6696,48.8733437,2.410251
6698,48.8730816,2.4133683
6709,48.87412,2.2447253
6711,48.8743251,2.248324
6714,48.8737685,2.2544891
6715,48.8741162,2.2557501
6719,48.8738452,2.2641325
6729,48.873893,2.2820603
6731,48.8738752,2.2854646
6732,48.8737735,2.2878855
6733,48.8738142,2.2902265
6734,48.8741228,2.2912768
6735,48.873743,2.2941461
6736,48.8740905,2.2957798
6737,48.8739778,2.2972956
6738,48.8742297,2.299561
6739,48.8737179,2.3005648
6742,48.8737055,2.3065132
6744,48.8742701,2.3100246
6746,48.8736819,2.3144522
6747,48.8739198,2.3158959
6748,48.8741994,2.3175277
6749,48.8738005,2.3206392
6750,48.8737376,2.3225214
6751,48.8741867,2.3239231
6752,48.8739267,2.3257905
6753,48.8736422,2.3283516
6754,48.8742207,2.3297781
6755,48.8742709,2.3313143
6756,48.8742811,2.3338672
6757,48.87424,2.3353006
6758,48.8741376,2.3373359
6759,48.8741273,2.3391093
6760,48.8740828,2.3407231
6761,48.8740453,2.3423567
6762,48.8740354,2.3448957
6763,48.8740269,2.3469919
6764,48.8740226,2.3479115
6765,48.8738168,2.3505169
6767,48.874164,2.3552614
6768,48.8738179,2.3567849
6769,48.8737642,2.3583134
6770,48.8738944,2.3592605
6771,48.8742768,2.3626226
6772,48.8740589,2.3635398
6775,48.8740377,2.3703376
6777,48.8743644,2.374193
6778,48.8740695,2.3755231
6779,48.8742123,2.3774044
6782,48.8738234,2.3827956
6783,48.8739244,2.3853197
6785,48.8737892,2.3883151
6786,48.873602,2.3903631
6788,48.8739203,2.3952367
6789,48.8740258,2.3959159
6793,48.8739015,2.4034315
6797,48.873944,2.4123695
6798,48.874089,2.4130448
6809,48.8744469,2.2450293
6810,48.8747452,2.2452832
6811,48.8745181,2.2488035
6812,48.8745072,2.2492705
6816,48.8750155,2.2581825
6823,48.8749379,2.2711087
6826,48.8747828,2.2763386
6827,48.8748185,2.2788993
6828,48.8751461,2.2795063
6829,48.874398,2.282836
6830,48.8748484,2.2842418
6831,48.8748312,2.286165
6832,48.875156,2.2873618
6833,48.8745357,2.2899614
6834,48.8748275,2.2917343
6835,48.8750768,2.2938587
6836,48.8751368,2.2960232
6837,48.874578,2.2969694
6838,48.8750193,2.300278
6839,48.8749392,2.3010452
6840,48.8746251,2.3030794
6841,48.8747794,2.3051834
6842,48.8749503,2.3065696
6843,48.8750141,2.3086572
6845,48.8751798,2.3128296
6846,48.8748836,2.3143833
6847,48.8752113,2.3164147
6848,48.8749339,2.3184761
6849,48.8746457,2.3200309
6850,48.8751301,2.322939
6851,48.8750284,2.324578
6852,48.8748291,2.3267713
6853,48.874697,2.3286564
6854,48.8746772,2.3303354
6855,48.874623,2.3313584
6857,48.8752075,2.3352039
6858,48.8751492,2.3371452
6859,48.8746674,2.3393461
6860,48.8747698,2.3413623
6863,48.8749195,2.3472279
6866,48.8747743,2.3534685
6867,48.8752168,2.3546637
6868,48.8746373,2.3569373
6869,48.8749105,2.3590019
6870,48.8747071,2.3608203
6871,48.8746108,2.3628916
6873,48.8745681,2.3662509
6875,48.875217,2.3703124
6876,48.874652,2.3725017
6877,48.8749539,2.3735303
6878,48.8750483,2.376298
6880,48.8746465,2.3789183
6881,48.8746813,2.3811094
6884,48.8746703,2.3874522
6885,48.875108,2.389291
6887,48.8752147,2.3923814
6893,48.8747839,2.4048043
6894,48.8749266,2.4056824
6897,48.8748851,2.4117205
6898,48.8751674,2.4126762
6910,48.8759869,2.246367
6918,48.8758448,2.2622022
6926,48.875504,2.2775043
6927,48.8756957,2.2779169
6928,48.8753328,2.2798546
6931,48.8760115,2.2870294
6933,48.8759194,2.2891235
6935,48.875717,2.2935077
6936,48.8754383,2.2962423
6937,48.8758928,2.2965695
6940,48.8758299,2.3033372
6941,48.8754241,2.304307
6943,48.8754103,2.3088177
6946,48.8755968,2.314793
6947,48.8754023,2.3163141
6948,48.8755817,2.3183596
6949,48.8756655,2.3196156
6950,48.8757642,2.3229408
6951,48.8756376,2.3239041
6952,48.8755725,2.3265939
6955,48.8752609,2.3322934
6958,48.8760607,2.3371321
6959,48.8759456,2.3390528
6960,48.8752974,2.3417093
6961,48.8756759,2.3431313
6962,48.8759401,2.3455501
6963,48.8758898,2.3463729
6964,48.8757887,2.3482432
6965,48.8753256,2.3509072
6968,48.8757642,2.3564412
6969,48.8754843,2.3578116
6970,48.8757386,2.3602349
6972,48.8755408,2.3642464
6974,48.8760046,2.3683492
6975,48.8753219,2.3691546
6977,48.875278,2.3731574
6979,48.8753837,2.3764359
6980,48.8752511,2.3786694
6981,48.8756475,2.3811598
6982,48.8753843,2.3826241
6984,48.875596,2.3874043
6985,48.8757298,2.3890522
6986,48.8752868,2.3896435
6987,48.8754525,2.3922838
6988,48.8753053,2.3939587
6989,48.8752544,2.3953549
6990,48.8754535,2.3979279
6991,48.8755492,2.3992279
6992,48.8759896,2.4025455
6993,48.8756423,2.4038811
6994,48.8757019,2.4059732
6995,48.8753913,2.4077586
6996,48.8755251,2.4102128
6997,48.8756678,2.4111869
6998,48.876035,2.4124295
7010,48.8761896,2.2462354
7023,48.876709,2.2706465
7025,48.8763229,2.2749746
7026,48.8768109,2.2763516
7027,48.8764234,2.2782873
7029,48.876671,2.2829607
7030,48.8768501,2.283319
7031,48.876817,2.2854843
7032,48.8764288,2.2873132
7033,48.8764013,2.2904432
7034,48.8764263,2.2925032
7035,48.8762841,2.2940208
7037,48.8763148,2.2968738
7039,48.8763501,2.3012108
7042,48.8763928,2.3078886
7043,48.8767126,2.3085902
7044,48.8762835,2.3109239
7045,48.8764693,2.3126524
7047,48.876553,2.3156962
7048,48.8766419,2.3176896
7049,48.8761869,2.3194496
7050,48.8768662,2.3216736
7055,48.8764552,2.3317833
7056,48.8769184,2.3342067
7057,48.8768237,2.3354483
7058,48.8767076,2.3370849
7059,48.8767233,2.339342
7060,48.8765541,2.3413019
7062,48.8765327,2.3443445
7063,48.8765726,2.3465898
7064,48.8765239,2.3486204
7065,48.8764613,2.3512086
7066,48.876279,2.3525534
7068,48.8764638,2.3563103
7069,48.8762665,2.3578924
7070,48.8761021,2.3605956
7074,48.8763001,2.3681203
7075,48.8761314,2.3703055
7076,48.8764327,2.3721293
7077,48.8764981,2.3741146
7079,48.8764251,2.3768696
7080,48.8763067,2.3796385
7082,48.876939,2.3830528
7083,48.8768266,2.3852973
7084,48.8767671,2.3859528
7086,48.8767647,2.3905842
7087,48.8766093,2.3925107
7088,48.8760978,2.3947808
7090,48.8761502,2.3982299
7093,48.876295,2.4036404
7094,48.8767881,2.4052522
7095,48.8764732,2.4072596
7097,48.8768057,2.4119691
7122,48.8772544,2.2695517
7123,48.8774136,2.2704665
7126,48.877034,2.2771879
7127,48.8772646,2.2785836
7128,48.8770963,2.2799707
7130,48.8773777,2.2841025
7131,48.8769771,2.2855959
7133,48.8775143,2.2893979
7134,48.8771016,2.2921862
7135,48.877681,2.2932301
7136,48.8775394,2.2951235
7137,48.8777835,2.2980862
7138,48.8771461,2.3003255
7141,48.8777509,2.3058498
7142,48.8773515,2.3066924
7143,48.8774286,2.3081805
7144,48.8773432,2.3109258
7145,48.877612,2.3125549
7146,48.8773858,2.3148868
7147,48.8777862,2.3163068
7150,48.8770583,2.3218283
7154,48.8775258,2.3304952
7155,48.8777215,2.3315215
7156,48.8777336,2.3342904
7158,48.8776955,2.3373551
7159,48.8773066,2.3393668
7160,48.8775799,2.3407696
7161,48.8773123,2.342281
7162,48.8773422,2.3446543
7163,48.8774262,2.3468817
7164,48.8774234,2.3491
7165,48.8771009,2.351403
7166,48.8777184,2.3519327
7167,48.8773293,2.3551303
7169,48.8775846,2.3581338
7171,48.8774244,2.3613867
7173,48.8773683,2.3658302
7175,48.8775711,2.3699122
7177,48.8770865,2.3742056
7178,48.877348,2.3757037
7179,48.8774016,2.3779153
7181,48.8777082,2.3812665
7182,48.8771876,2.3823967
7183,48.8775792,2.385473
7185,48.8771078,2.387875
7187,48.8771655,2.392682
7188,48.8775088,2.3938077
7189,48.8776652,2.3956058
7190,48.8778035,2.3974309
7191,48.8774303,2.400334
7192,48.8775458,2.4018402
7193,48.8772702,2.403386
7194,48.8770133,2.4060096
7195,48.8774427,2.4073825
7196,48.8772386,2.4100259
7223,48.8782695,2.2704285
7227,48.8778957,2.2787842
7228,48.8781282,2.2800893
7230,48.8781792,2.2845505
7232,48.8781136,2.2880261
7233,48.8783894,2.2892063
7234,48.8780354,2.2915913
7235,48.8783838,2.2942523
7236,48.8783022,2.2957174
7237,48.8782006,2.2978077
7238,48.8782531,2.2989497
7239,48.8778763,2.3016909
7241,48.8781416,2.3052289
7243,48.8782386,2.3083934
7244,48.8779366,2.3100389
7245,48.8785239,2.3123674
7247,48.8783884,2.3155419
7248,48.8778807,2.3181614
7249,48.878261,2.3198588
7250,48.8780545,2.3226225
7253,48.8778593,2.3269497
7254,48.878145,2.3301261
7255,48.8778564,2.3319307
7257,48.8782677,2.3356713
7258,48.878325,2.3375301
7259,48.878438,2.3396892
7260,48.8782002,2.3410555
7262,48.8783464,2.3450231
7263,48.8783315,2.3463528
7265,48.8785497,2.3505446
7266,48.8785884,2.352232
7267,48.8782363,2.3543147
7268,48.878044,2.3564686
7271,48.877835,2.3616087
7272,48.8785897,2.3641941
7273,48.8781006,2.3649225
7275,48.8783808,2.3700173
7276,48.8780281,2.3706681
7277,48.878283,2.3731145
7278,48.8785173,2.3752132
7280,48.8786618,2.3783691
7281,48.878363,2.3817754
7282,48.8782147,2.3829538
7283,48.8779302,2.3855458
7289,48.8780593,2.3963643
7290,48.8782561,2.3979173
7291,48.8785424,2.4001032
7292,48.8780086,2.401738
7293,48.8783612,2.4034208
7296,48.8781628,2.409422
7297,48.8783723,2.4107353
7328,48.8791799,2.2806012
7329,48.879436,2.2824139
7331,48.8793298,2.2864588
7332,48.8790609,2.2875722
7333,48.8794865,2.2905706
7334,48.8792063,2.2917815
7335,48.8794764,2.2936152
7336,48.8792221,2.2958246
7337,48.8794609,2.2977775
7339,48.8788572,2.3017712
7340,48.8791465,2.3031146
7345,48.8789994,2.313358
7346,48.8790076,2.3148101
7347,48.87937,2.3172162
7348,48.8793152,2.318468
7350,48.8787659,2.3222401
7351,48.8790467,2.3235464
7352,48.8793958,2.3255132
7353,48.8787234,2.326981
7354,48.8789831,2.3295871
7356,48.8795151,2.3337825
7357,48.8793032,2.334793
7358,48.8791179,2.3369039
7359,48.878916,2.3398288
7360,48.8787777,2.3413374
7361,48.8792364,2.3432076
7362,48.8787586,2.3453181
7363,48.8790148,2.3472831
7364,48.879398,2.3485666
7365,48.8794977,2.3508043
7366,48.879509,2.3520644
7367,48.8787686,2.3550225
7368,48.8789543,2.3557548
7369,48.8792613,2.35867
7371,48.8789074,2.3624824
7372,48.8792157,2.3648937
7373,48.8786913,2.3662531
7374,48.8795072,2.3680526
7379,48.8788351,2.3780728
7380,48.8790995,2.3786215
7383,48.8793238,2.3844871
7385,48.8791997,2.3882962
7386,48.8794817,2.3913436
7387,48.8791814,2.3923896
7389,48.8792989,2.396417
7390,48.8789835,2.3981125
7392,48.878874,2.4018693
7428,48.8795868,2.280854
7429,48.8796238,2.2821868
7430,48.8801461,2.2850998
7431,48.8803516,2.2868241
7432,48.8801036,2.2879169
7433,48.8797392,2.2894924
7434,48.8796885,2.2912348
7435,48.8799301,2.2943888
7436,48.8801324,2.295656
7438,48.8797212,2.2993531
7439,48.8800811,2.3022239
7440,48.8803785,2.3028313
7441,48.8800559,2.3046232
7443,48.8803677,2.3088528
7445,48.8797418,2.3121792
7446,48.8799918,2.3154308
7448,48.8803774,2.3191845
7449,48.8801268,2.3199358
7450,48.8800082,2.3215751
7451,48.8799232,2.324123
7452,48.8796621,2.3268863
7453,48.8796403,2.3270201
7454,48.8798785,2.3291229
7455,48.8800557,2.3314011
7456,48.8797328,2.3328438
7457,48.8802489,2.3353167
7458,48.8800189,2.337325
7459,48.8797579,2.3401748
7460,48.8796302,2.3406872
7461,48.8802409,2.3429271
7462,48.8797739,2.3455701
7463,48.8799696,2.3475398
7464,48.8796827,2.3495234
7465,48.8801114,2.3509646
7467,48.8801662,2.353654
7468,48.8797605,2.356037
7469,48.8797433,2.3586957
7471,48.8802301,2.3622836
7473,48.8798192,2.3655286
7474,48.8796421,2.3677829
7477,48.8796451,2.3743683
7478,48.8801511,2.3757009
7485,48.8795312,2.3883324
7486,48.8800652,2.3905714
7487,48.8801413,2.3919702
7489,48.8795721,2.396496
7490,48.8801328,2.3985928
7491,48.8799931,2.3999964
7492,48.8799552,2.401377
7495,48.879794,2.4083565
7528,48.8806273,2.2810489
7529,48.8807509,2.2819018
7530,48.880856,2.2841568
7531,48.8805947,2.2857842
7533,48.8808492,2.2899684
7534,48.8809041,2.2921325
7535,48.8807218,2.2934369
7536,48.880555,2.2951726
7537,48.8808965,2.2975418
7538,48.8804809,2.29965
7539,48.8812385,2.3010147
7540,48.8808104,2.3037084
7542,48.8812045,2.3068756
7543,48.8807108,2.3090708
7545,48.8808474,2.3125429
7546,48.8811833,2.315337
7547,48.881062,2.3167563
7548,48.8806708,2.3182981
7549,48.8809061,2.3210902
7550,48.880461,2.3213323
7551,48.8806917,2.3247546
7552,48.8805324,2.3251709
7553,48.8809372,2.328628
7554,48.8805577,2.3300881
7555,48.8806481,2.3314538
7556,48.8809231,2.3328604
7557,48.8809098,2.3357285
7558,48.8809008,2.3377552
7560,48.8808512,2.3407368
7561,48.8811236,2.3425309
7563,48.8808844,2.3464352
7564,48.8805612,2.3490004
7565,48.8808081,2.3511663
7566,48.8805662,2.3522884
7570,48.8806867,2.3602953
7571,48.8806139,2.3620006
7572,48.8804019,2.3642915
7573,48.8811111,2.3651516
7575,48.8807311,2.3704177
7576,48.8811164,2.3718128
7577,48.8806736,2.3728116
7580,48.8804083,2.3796165
7585,48.8806553,2.3882544
7588,48.8811579,2.3937114
7589,48.8807687,2.3968472
7591,48.8806977,2.4000569
7592,48.8810834,2.4017172
7593,48.8808733,2.4040752
7595,48.8805138,2.4071395
7629,48.8815002,2.2817943
7630,48.8819318,2.2833155
7631,48.8817929,2.2867356
7633,48.8815253,2.2892002
7634,48.8819264,2.2919654
7635,48.8818201,2.2938997
7636,48.8818814,2.2958633
7637,48.8815753,2.2981856
7638,48.8815468,2.2996694
7639,48.8817888,2.3008715
7640,48.8817795,2.3029519
7641,48.8815529,2.3052578
7642,48.8814143,2.3063655
7644,48.8818977,2.3112755
7645,48.8819478,2.3135438
7646,48.8817044,2.3147107
7647,48.8813903,2.316377
7648,48.8816383,2.3188336
7649,48.88198,2.3205014
7650,48.8819787,2.3222187
7653,48.881798,2.3282293
7655,48.8815142,2.3316215
7656,48.881413,2.3331122
7658,48.881986,2.3371874
7659,48.8819055,2.339665
7660,48.881821,2.3412496
7661,48.881564,2.3423292
7662,48.8816542,2.345051
7663,48.8819948,2.3466024
7665,48.8814567,2.3514274
7666,48.8819204,2.3527269
7667,48.8817468,2.3540993
7669,48.88128,2.3581073
7671,48.8814274,2.3618773
7672,48.8820941,2.3633691
7673,48.8816108,2.3657877
7675,48.8814944,2.3700578
7676,48.8816352,2.372313
7677,48.8817426,2.3738127
7681,48.8816864,2.3810614
7685,48.8816703,2.3885226
7686,48.8818901,2.3900695
7687,48.881931,2.3929134
7688,48.881915,2.3935218
7689,48.8813283,2.3966895
7690,48.8814817,2.3973286
7692,48.8820103,2.4024945
7693,48.8814535,2.4036221
7729,48.8825876,2.2827473
7730,48.8823907,2.2832848
7731,48.8822538,2.2860644
7732,48.8821517,2.2885228
7733,48.8828872,2.2899321
7734,48.8821524,2.2916998
7735,48.882536,2.2941323
7736,48.8825906,2.2954446
7737,48.8826175,2.2974485
7738,48.8829176,2.2993467
7739,48.8821905,2.3011631
7740,48.8828366,2.3029851
7741,48.8824861,2.3055082
7742,48.8821185,2.3076772
7743,48.8828052,2.308978
7744,48.8826136,2.3103978
7745,48.8824281,2.3118341
7746,48.8822729,2.3141045
7748,48.882866,2.3176391
7749,48.8822056,2.3203489
7750,48.8825596,2.3220663
7751,48.8827582,2.3242625
7753,48.8827072,2.3278047
7754,48.8828617,2.3298209
7755,48.8828044,2.3320731
7756,48.8821763,2.3336575
7757,48.8828591,2.3361773
7758,48.8825608,2.3372261
7759,48.882168,2.3396406
7760,48.8821422,2.3411203
7762,48.8827235,2.3447016
7763,48.8824485,2.3467249
7764,48.8823973,2.3496702
7769,48.8828527,2.3590344
7770,48.882831,2.3593414
7771,48.8826632,2.3616582
7772,48.8821846,2.3631958
7774,48.8825278,2.3669277
7775,48.8826727,2.3698584
7776,48.882344,2.3706843
7777,48.8826123,2.3734781
7778,48.882802,2.3756503
7781,48.8825305,2.3817129
7782,48.882481,2.382638
7785,48.8828163,2.3894057
7786,48.8825942,2.3904289
7787,48.8828481,2.392779
7791,48.8824515,2.4009477
7829,48.8835768,2.2819028
7830,48.8836949,2.2844696
7831,48.8835522,2.2855067
7832,48.8834621,2.2882453
7833,48.883132,2.2904296
7834,48.8830857,2.2920362
7835,48.8831259,2.2934939
7836,48.8837348,2.2953062
7837,48.8832769,2.2965575
7838,48.8833209,2.2989387
7839,48.8832695,2.3019395
7841,48.8830039,2.3049472
7842,48.8832876,2.307265
7843,48.8833547,2.3094959
7844,48.8830692,2.3104152
7845,48.8832704,2.3127394
7846,48.8838057,2.3136474
7847,48.8837369,2.3166986
7848,48.8830886,2.3185036
7849,48.8835765,2.3203807
7850,48.8838036,2.322776
7851,48.8829827,2.3241518
7852,48.8833204,2.3258177
7853,48.8834361,2.3276856
7854,48.883379,2.3301366
7855,48.8837242,2.3322596
7856,48.8834263,2.334286
7858,48.8837421,2.3379613
7859,48.8835737,2.3397225
7860,48.8834366,2.3417377
7861,48.883324,2.3425347
7862,48.8832312,2.3453054
7863,48.883327,2.3470973
7864,48.8837149,2.3482456
7865,48.8837384,2.3512804
7870,48.8836131,2.3605267
7871,48.8830892,2.3615015
7872,48.8837865,2.3642975
7873,48.8831837,2.3656192
7875,48.8829836,2.3699051
7876,48.883094,2.3714466
7877,48.8835967,2.3733657
7879,48.883517,2.3769401
7881,48.8832435,2.3810931
7883,48.8830059,2.3855547
7885,48.8832246,2.388057
7887,48.8834096,2.3922107
7888,48.8832945,2.3949486
7889,48.883436,2.3957629
7891,48.8834242,2.3993256
7929,48.8838672,2.2823148
7931,48.8840449,2.2862568
7933,48.8843964,2.2894669
7934,48.883992,2.290868
7935,48.8840477,2.293619
7936,48.883954,2.2950204
7937,48.8845175,2.2971781
7938,48.8843885,2.2992521
7939,48.884436,2.301248
7940,48.8842578,2.3026608
7941,48.8839308,2.304942
7943,48.8840092,2.3087032
7945,48.8839601,2.3122152
7946,48.8843446,2.3145719
7947,48.8843311,2.317202
7948,48.8840198,2.3185056
7949,48.8844692,2.3195119
7950,48.8840263,2.3224283
7951,48.8842323,2.3235279
7953,48.8838717,2.3285532
7954,48.884409,2.3294502
7955,48.8839958,2.3323444
7956,48.8841625,2.3339205
7957,48.8846735,2.335272
7958,48.884139,2.3375459
7959,48.8841798,2.3397484
7960,48.8839931,2.3414489
7962,48.8844494,2.3448289
7963,48.8846086,2.3471784
7964,48.8844174,2.3486717
7965,48.8839468,2.3507856
7966,48.8842223,2.3524083
7967,48.8846009,2.354082
7968,48.8843178,2.3560448
7970,48.8842935,2.3593856
7971,48.8842858,2.3615176
7972,48.8845021,2.3642079
7974,48.8842944,2.3676079
7975,48.884378,2.369196
7978,48.8842703,2.3758926
7979,48.8845963,2.3771149
7980,48.8845175,2.3787553
7982,48.8842885,2.3829601
7983,48.8841805,2.3842587
7984,48.8841319,2.3863501
7986,48.8840177,2.3904666
7987,48.8841943,2.393028
7988,48.8845179,2.3945415
7989,48.8843334,2.3957194
7990,48.883913,2.3984862
8033,48.885054,2.2891669
8034,48.8851124,2.2909662
8035,48.8850512,2.2938133
8036,48.8851505,2.2956663
8037,48.8853379,2.2974805
8038,48.8847009,2.2991911
8039,48.8852769,2.3018068
8040,48.8850605,2.3032463
8042,48.8850584,2.3070252
8043,48.8849424,2.3086094
8044,48.8851263,2.3108892
8045,48.8852426,2.3127441
8046,48.8848876,2.3154852
8047,48.8853218,2.3162186
8048,48.885027,2.3189704
8049,48.8850314,2.3207747
8050,48.8848202,2.3227927
8051,48.8853917,2.3238241
8052,48.8852091,2.3254234
8054,48.884715,2.3296969
8055,48.8853838,2.3310606
8056,48.8850843,2.3340197
8057,48.8851335,2.335022
8058,48.8850836,2.3375686
8060,48.884988,2.3418258
8061,48.8852944,2.3422301
8062,48.8852031,2.3449177
8063,48.885043,2.3472727
8064,48.8852755,2.3495181
8065,48.8851422,2.3507852
8066,48.8850341,2.3525233
8067,48.8850696,2.3551805
8068,48.8849236,2.3567999
8070,48.8848964,2.3593228
8074,48.8852031,2.3678239
8076,48.8853232,2.3718384
8078,48.8852403,2.3761545
8080,48.8851455,2.3793892
8081,48.8847847,2.381267
8082,48.8849907,2.383273
8083,48.8852393,2.3845844
8084,48.8849352,2.3861694
8087,48.884729,2.3921649
8088,48.8850061,2.394417
8089,48.8854889,2.39549
8090,48.8855032,2.3977668
8130,48.8855683,2.2845371
8132,48.886142,2.2880561
8133,48.8859963,2.2890999
8134,48.8860516,2.2920724
8135,48.8856754,2.2936363
8136,48.8863384,2.2954237
8139,48.8862959,2.3005606
8142,48.8862647,2.307174
8143,48.886286,2.3091533
8144,48.8863157,2.3107013
8145,48.8863441,2.3126482
8146,48.8859946,2.3140459
8147,48.8856643,2.3168158
8148,48.8862047,2.3177314
8149,48.8860689,2.3204388
8150,48.8857495,2.3216412
8151,48.8861071,2.3243267
8152,48.8857954,2.3263178
8153,48.88632,2.3281886
8154,48.8857991,2.3288483
8155,48.8858094,2.3325002
8156,48.8861712,2.3338279
8157,48.8856283,2.3354525
8158,48.8860215,2.3367831
8159,48.8862813,2.3388544
8160,48.8857602,2.3406728
8162,48.8858003,2.3449978
8163,48.8857671,2.3464655
8165,48.8859787,2.350098
8166,48.8859309,2.3520804
8167,48.8861991,2.3544136
8168,48.8860564,2.356607
8170,48.886106,2.3595262
8171,48.8862983,2.362837
8173,48.8855527,2.3657973
8174,48.8856973,2.3683911
8176,48.8857877,2.3709501
8178,48.8857408,2.3755687
8179,48.886027,2.3777896
8182,48.8860958,2.3830756
8184,48.8856742,2.3868666
8185,48.8860268,2.3892875
8186,48.8860911,2.3898544
8188,48.8861289,2.3943509
8189,48.8858588,2.3964111
8190,48.8859778,2.3980967
8231,48.8867401,2.2861148
8232,48.8872549,2.2871417
8233,48.8865799,2.2900705
8234,48.8866549,2.2913192
8235,48.8870185,2.2939819
8236,48.8864662,2.2957668
8237,48.8869328,2.2973315
8239,48.8869037,2.3011542
8241,48.8870175,2.3050189
8243,48.8866871,2.3086169
8244,48.8865383,2.3114016
8245,48.8869254,2.3126267
8246,48.8871963,2.3138875
8248,48.8866245,2.3184506
8249,48.887168,2.3193809
8250,48.8869728,2.3230423
8252,48.8867669,2.3259687
8253,48.8867455,2.327792
8254,48.8868223,2.3288324
8255,48.8867409,2.3325053
8256,48.8871187,2.333912
8257,48.8865913,2.3355974
8258,48.8869098,2.3370524
8259,48.8870275,2.3394059
8260,48.8871502,2.3414014
8262,48.8864874,2.3450755
8263,48.8867056,2.3465964
8264,48.8865523,2.3495414
8265,48.8867071,2.3507436
8266,48.8869964,2.352611
8268,48.8867834,2.3564598
8269,48.8872515,2.3581467
8270,48.8868337,2.3596441
8271,48.8867262,2.3611518
8274,48.886821,2.3684948
8275,48.8866134,2.3693024
8278,48.8871328,2.3754844
8279,48.8864799,2.3770622
8281,48.8866618,2.3813656
8283,48.8866197,2.3848173
8284,48.8871217,2.3867895
8285,48.8864715,2.3891434
8288,48.8868168,2.3943012
8289,48.8866014,2.3963063
8332,48.8875688,2.2877918
8334,48.8873797,2.2916386
8336,48.8878065,2.2957215
8337,48.887858,2.2976782
8338,48.8879817,2.299779
8340,48.8880826,2.3023016
8341,48.8875609,2.3048345
8342,48.8878365,2.3070802
8343,48.8877424,2.3091682
8344,48.887845,2.3108951
8345,48.8876994,2.3125633
8346,48.8873505,2.3141215
8347,48.8879989,2.3166963
8348,48.8877673,2.3183641
8349,48.8876464,2.3201962
8350,48.887502,2.3221192
8351,48.8880352,2.324631
8352,48.8874908,2.3255568
8353,48.8877782,2.3280677
8356,48.8874889,2.333377
8357,48.8875305,2.3352629
8358,48.8876471,2.3374922
8359,48.8877795,2.3397485
8361,48.8872895,2.3434132
8362,48.8875312,2.3445384
8363,48.8878987,2.3470769
8364,48.8874159,2.3495563
8365,48.8879522,2.3513672
8366,48.8876367,2.3529991
8368,48.888006,2.3562029
8369,48.887787,2.3580817
8371,48.8879952,2.3619428
8374,48.8873252,2.3670592
8377,48.8878856,2.3735183
8379,48.8879985,2.3772367
8380,48.88791,2.3799292
8381,48.8875716,2.3803214
8382,48.8876693,2.3823888
8385,48.8877726,2.3892753
8389,48.8880605,2.3953825
8433,48.888495,2.2896777
8435,48.8886836,2.2939317
8436,48.8881882,2.2959577
8437,48.888567,2.2972242
8438,48.8884318,2.2988408
8439,48.8888883,2.3012834
8441,48.8888535,2.3043223
8443,48.8887724,2.3088673
8444,48.8881726,2.3105625
8447,48.8884143,2.3172553
8448,48.8883604,2.3189452
8449,48.8886101,2.3202167
8451,48.8883062,2.3241705
8453,48.8888068,2.3278694
8455,48.8885533,2.3318676
8456,48.8884729,2.3330599
8457,48.8884859,2.3355041
8458,48.8885807,2.3374215
8459,48.8885426,2.3397995
8460,48.8889015,2.3415321
8461,48.8884156,2.3434891
8462,48.8885782,2.3449206
8463,48.8887918,2.3465805
8464,48.8884009,2.3479972
8465,48.8882977,2.3514657
8467,48.888567,2.3545838
8468,48.888703,2.3560535
8469,48.8889011,2.3582187
8470,48.8882219,2.3607017
8477,48.8884739,2.373883
8479,48.8888517,2.3780383
8480,48.8886473,2.3791114
8481,48.8885012,2.3811312
8483,48.8882844,2.3843007
8484,48.8883156,2.386235
8485,48.888921,2.3885702
8486,48.888158,2.3907195
8487,48.8887952,2.3931079
8489,48.8888051,2.3959895
8490,48.8885187,2.3979458
8537,48.8893902,2.2975691
8539,48.8895652,2.3010959
8540,48.8896637,2.3028829
8541,48.8890266,2.3042699
8543,48.8897643,2.3087111
8545,48.8893626,2.3130043
8547,48.8896898,2.3166761
8548,48.8894753,2.3186696
8549,48.8894953,2.3200131
8550,48.8893683,2.3223298
8551,48.8890757,2.3237154
8552,48.8895872,2.3262657
8553,48.8894451,2.3284093
8555,48.8891567,2.332244
8556,48.8892951,2.3335621
8557,48.8895024,2.3357534
8558,48.8893325,2.3370445
8559,48.8893934,2.3389837
8560,48.8895139,2.3406576
8561,48.8894076,2.3426662
8562,48.889317,2.3446605
8563,48.8895718,2.3470944
8564,48.8894785,2.349592
8566,48.8890602,2.3516447
8570,48.889057,2.3599289
8574,48.889688,2.3681174
8576,48.8892514,2.3713185
8578,48.8898349,2.3759602
8580,48.8891094,2.3785597
8581,48.8894061,2.3809452
8582,48.889659,2.3825957
8583,48.8894737,2.38547
8584,48.8893905,2.3877023
8588,48.8892666,2.3948744
8589,48.8894839,2.3958112
8590,48.8894949,2.3977841
8636,48.8900897,2.2956888
8637,48.8899324,2.2975301
8638,48.8899266,2.3001346
8639,48.8900694,2.3011399
8640,48.8902487,2.3036633
8641,48.8901151,2.3048914
8642,48.8901171,2.3070103
8647,48.8902524,2.3172175
8648,48.8899118,2.3192595
8649,48.890582,2.320208
8650,48.8899907,2.3212594
8652,48.8904431,2.3265511
8654,48.8900527,2.3292686
8656,48.8902567,2.3330408
8657,48.890344,2.3357922
8658,48.8904713,2.3373746
8660,48.8905104,2.3413124
8661,48.8902453,2.3432801
8662,48.8905347,2.344611
8663,48.8903306,2.3474093
8664,48.8904353,2.3484592
8665,48.8904666,2.351454
8666,48.890366,2.3533306
8667,48.8903544,2.3545343
8668,48.890409,2.3558139
8669,48.8902896,2.3583083
8670,48.8901818,2.3601966
8671,48.8906918,2.3623039
8672,48.8906067,2.3639222
8679,48.8905562,2.3768534
8682,48.890513,2.3831484
8683,48.8900583,2.3851415
8684,48.8906265,2.3869145
8686,48.8900435,2.3907741
8689,48.8904764,2.3964389
8690,48.8902615,2.3987627
8737,48.8910559,2.2973247
8739,48.8907697,2.3019276
8740,48.8910624,2.3025282
8742,48.8913247,2.3067737
8748,48.891101,2.3180308
8749,48.8915021,2.3202794
8751,48.8914612,2.3238459
8752,48.8910324,2.3252198
8753,48.8911749,2.3287701
8754,48.8911336,2.3294053
8755,48.8909513,2.3314221
8758,48.8913728,2.337839
8759,48.8911833,2.3396168
8760,48.8912785,2.3415931
8761,48.891246,2.342685
8762,48.8907927,2.3453313
8763,48.8912695,2.347352
8765,48.8911838,2.3516153
8766,48.8908898,2.3532204
8769,48.8909604,2.3579522
8770,48.8910365,2.3599405
8771,48.8912993,2.3622931
8772,48.8912124,2.3640004
8776,48.8913515,2.3722417
8777,48.8911309,2.3734554
8779,48.8912396,2.3773557
8782,48.8908791,2.3838773
8783,48.8907641,2.384817
8839,48.8918168,2.3014849
8840,48.8920446,2.3033088
8843,48.8923303,2.3089121
8847,48.8918864,2.3165752
8848,48.8918923,2.3179233
8849,48.8917095,2.3212138
8850,48.8918981,2.3221095
8851,48.8921828,2.323503
8852,48.8919282,2.3261777
8853,48.8916115,2.3269665
8855,48.8921769,2.3318953
8856,48.8918534,2.3335208
8857,48.8918683,2.3351294
8861,48.8920749,2.3430281
8862,48.8923998,2.3449977
8863,48.8920476,2.3469515
8864,48.8917098,2.3487345
8865,48.8918303,2.3497982
8869,48.8916632,2.3585857
8870,48.8920167,2.3598715
8871,48.8921105,2.3618263
8872,48.8919413,2.3633639
8873,48.8917272,2.3654695
8876,48.8918416,2.3724586
8877,48.8920515,2.3725538
8878,48.8921563,2.3750776
8880,48.892308,2.3791234
8882,48.8916595,2.3823975
8883,48.8923712,2.3853722
8890,48.8916292,2.3984172
8939,48.8924751,2.3013598
8941,48.8927805,2.3045949
8943,48.8925605,2.3086551
8947,48.8927952,2.3163369
8948,48.8930166,2.3181855
8951,48.8924443,2.3247833
8953,48.8930872,2.327732
8954,48.8926093,2.3296948
8955,48.892672,2.3318296
8958,48.8929201,2.3374323
8959,48.8926836,2.3400835
8960,48.8925069,2.3414758
8961,48.8926688,2.3432864
8962,48.892528,2.3443033
8963,48.8924428,2.3462366
8964,48.8926205,2.3488069
8965,48.8929791,2.3506013
8966,48.8926428,2.3523433
8970,48.8927035,2.3597689
8971,48.8932422,2.3618066
8972,48.8931294,2.3636044
8975,48.8928994,2.3695477
8977,48.8929134,2.3729535
8978,48.8925964,2.374611
8980,48.8931716,2.3798518
8983,48.8931736,2.3851938
8988,48.8925133,2.3948694
8989,48.8932358,2.3953937
8990,48.8926165,2.3981759
9040,48.8935491,2.3037603
9045,48.8937535,2.311775
9046,48.8937993,2.3146034
9047,48.8933653,2.3171175
9048,48.8936131,2.3186132
9049,48.8941248,2.3209252
9050,48.8937373,2.3221404
9051,48.8935006,2.3234208
9052,48.893865,2.325618
9053,48.894045,2.3277839
9054,48.8936232,2.3300973
9056,48.8939071,2.3343602
9057,48.8938039,2.335098
9058,48.8934881,2.3373376
9059,48.8936971,2.3389215
9060,48.8934243,2.3402972
9061,48.8936145,2.3430176
9062,48.8936533,2.3450035
9063,48.8937978,2.3473523
9064,48.8940657,2.3492571
9065,48.8935967,2.3510189
9067,48.8934254,2.3540003
9070,48.8933074,2.3596757
9071,48.8940754,2.3617394
9072,48.893683,2.3645228
9077,48.8937286,2.3735705
9078,48.8935498,2.37604
9079,48.8934931,2.3767674
9082,48.8936002,2.38308
9083,48.8936746,2.384889
9088,48.8937897,2.3945887
9090,48.8933874,2.3979667
9144,48.8943995,2.3112653
9145,48.8943572,2.3132514
9146,48.894265,2.3150407
9147,48.8943767,2.3156313
9148,48.8948324,2.3184387
9149,48.8944882,2.3198275
9150,48.8944966,2.3218877
9153,48.8949577,2.3280915
9154,48.8943369,2.3299036
9155,48.8944074,2.3323938
9157,48.894853,2.3355052
9158,48.8943861,2.3379661
9159,48.8942628,2.3391487
9160,48.8945423,2.340659
9161,48.8948983,2.3432391
9162,48.8945696,2.3444732
9163,48.8946283,2.3471463
9164,48.8948549,2.3494289
9165,48.8946429,2.3506615
9166,48.8942265,2.3528628
9172,48.8949154,2.3649085
9173,48.8943249,2.365979
9175,48.8941769,2.3701647
9177,48.8946265,2.3741143
9181,48.8944376,2.3814641
9182,48.8947894,2.3823308
9183,48.8945188,2.384354
9241,48.8950511,2.3058553
9242,48.895412,2.3073475
9245,48.8952112,2.3120076
9247,48.8953256,2.3164563
9248,48.8952262,2.3184717
9249,48.8953477,2.3204864
9250,48.8957813,2.3218623
9251,48.8953075,2.3240744
9252,48.8954762,2.3265473
9253,48.8954387,2.3282545
9254,48.8956673,2.3298136
9255,48.8957543,2.3310711
9258,48.8953189,2.3375759
9259,48.8956087,2.3388903
9260,48.8957751,2.3413584
9261,48.8955235,2.3433498
9262,48.8952406,2.3443112
9263,48.8953257,2.3465707
9264,48.8956134,2.3483256
9265,48.8957297,2.3513483
9266,48.8951114,2.3529252
9269,48.8953138,2.358324
9270,48.8953203,2.3597126
9271,48.8953134,2.3622548
9272,48.895095,2.3635698
9276,48.8952791,2.3719452
9280,48.8956881,2.3792665
9282,48.8951429,2.3827408
9343,48.896312,2.3086972
9344,48.8964048,2.3103469
9346,48.8960641,2.3146314
9348,48.8961824,2.3181908
9350,48.896262,2.3222042
9351,48.8967071,2.3236916
9352,48.8964788,2.3251181
9353,48.8965734,2.327181
9354,48.8967004,2.3301734
9355,48.8959702,2.3309065
9356,48.8962549,2.3330699
9357,48.8965942,2.335698
9359,48.8963703,2.3388789
9360,48.8962781,2.3416739
9361,48.8963718,2.3436124
9362,48.8962316,2.3451164
9363,48.8961686,2.3468152
9370,48.8966122,2.3592362
9373,48.8959311,2.3661375
9376,48.8958999,2.3714957
9378,48.8963948,2.3761454
9380,48.8959848,2.3792879
9381,48.8959513,2.3813233
9382,48.8960261,2.3837495
9383,48.8964122,2.3841428
9444,48.89706,2.3106852
9445,48.8967939,2.3130137
9451,48.8973292,2.3241886
9452,48.8972103,2.3258383
9453,48.8975339,2.3277967
9454,48.8975461,2.3293798
9456,48.8970942,2.3336693
9457,48.8972458,2.3357074
9458,48.8972278,2.3379938
9459,48.8967675,2.3384095
9460,48.896803,2.3420235
9461,48.8972217,2.3422942
9462,48.8975513,2.3446898
9469,48.8970785,2.3581902
9470,48.8971441,2.3604086
9485,48.8974366,2.3890596
9487,48.8969996,2.3924099
9545,48.8979066,2.3134259
9551,48.8981284,2.3240319
9552,48.8982081,2.3256135
9554,48.8979407,2.3290907
9555,48.8976528,2.3323952
9556,48.8977926,2.3334897
9557,48.898437,2.3358564
9558,48.8978898,2.3373736
9559,48.8979206,2.3393418
9560,48.897961,2.3408592
9561,48.8978553,2.3426808
9562,48.8978884,2.344517
9563,48.8978426,2.3472623
9566,48.8979651,2.3525397
9568,48.898316,2.3555612
9575,48.8977371,2.3705461
9576,48.8977514,2.371073
9580,48.8979175,2.3798486
9583,48.8976299,2.3854683
9584,48.8982098,2.3862774
9585,48.8976134,2.3890562
9649,48.8991211,2.3212206
9650,48.8988238,2.322365
9651,48.8988772,2.3238005
9652,48.898859,2.326295
9653,48.8989972,2.3287482
9654,48.8989992,2.329477
9656,48.8988174,2.334352
9657,48.8991175,2.3347679
9658,48.8991711,2.3370758
9659,48.8992285,2.3401472
9660,48.899243,2.3407877
9661,48.8992748,2.3423571
9662,48.8985402,2.344198
9666,48.8984574,2.3533971
9668,48.8985134,2.3564683
9669,48.8986926,2.3587002
9670,48.8986994,2.3593623
9671,48.8985877,2.3629046
9672,48.8986184,2.3643165
9673,48.8986414,2.3656145
9674,48.8989941,2.3683565
9675,48.898724,2.3703361
9676,48.8987244,2.3711722
9677,48.8987612,2.3741172
9678,48.898806,2.3762704
9679,48.8988446,2.3781333
9680,48.8988769,2.3798375
9682,48.8988746,2.3832761
9684,48.8985565,2.3864517
9748,48.8996696,2.3190843
9750,48.8999399,2.3216186
9762,48.8994906,2.3455665
9766,48.8996301,2.3523495
9770,48.8998259,2.3594022
9773,48.8994048,2.3658218
9775,48.8997118,2.3702842
9776,48.8997329,2.3711189
9777,48.8997745,2.3740653
9783,48.8999506,2.384817
9784,48.900046,2.387443
9785,48.9000957,2.3882594
9787,48.8996178,2.3920758
9849,48.9004616,2.3206806
9850,48.9007929,2.3220484
9851,48.9006401,2.3235934
9853,48.9009339,2.327614
9854,48.9004601,2.3296852
9855,48.90101,2.3317799
9856,48.9006765,2.3341795
9857,48.9004882,2.3354861
9860,48.900798,2.340582
9862,48.900509,2.3443731
9863,48.9009653,2.3476274
9868,48.900903,2.3556666
9869,48.9004222,2.3575122
9870,48.9004579,2.3607218
9871,48.9004296,2.3629578
9872,48.9009,2.36454
9873,48.9006598,2.3659891
9875,48.9003754,2.3702516
9876,48.9006903,2.3715916
9879,48.9003564,2.3769024
9880,48.9003411,2.3799755
9884,48.9006496,2.3870176
9885,48.9005262,2.3884713
9957,48.9011009,2.3351882
9958,48.9011467,2.3374228
9959,48.9011882,2.3400193
9960,48.9012193,2.3421203
9961,48.9012373,2.3433354
9962,48.9012963,2.3449366
9963,48.9011116,2.3474612
9964,48.9013543,2.3480466
9966,48.9014381,2.3519722
9967,48.9010927,2.3550456
9969,48.9015261,2.3584671
9970,48.9014928,2.3602021
9971,48.9012223,2.3623179
9975,48.9014125,2.3702235
9976,48.9011356,2.3717138
9983,48.9010634,2.384804
9984,48.9014747,2.3871661
9985,48.9012851,2.3881796
