osmid,y,x,street_count,highway,ref,geometry,lat_index,lon_index,grid_index,lat_center,lon_center,distance_to_center
169291311,48.8166869,2.3351407,3,,,POINT (2.3351407 48.8166869),0,57,57,48.8163029105,2.3354749025,0.049212489743030115
169291302,48.8165202,2.3380169,3,,,POINT (2.3380169 48.8165202),0,58,58,48.8163029105,2.3373744695,0.05288061760151926
248898684,48.8164436,2.3395287,3,,,POINT (2.3395287 48.8164436),0,59,59,48.8163029105,2.3392740365,0.024339568779550146
25239973,48.8164665,2.3413108,3,motorway_junction,,POINT (2.3413108 48.8164665),0,60,60,48.8163029105,2.3411736034999997,0.020779742442068976
7366240434,48.8161612,2.3433655,3,,,POINT (2.3433655 48.8161612),0,61,61,48.8163029105,2.3430731705,0.026578855903068552
332494331,48.8161096,2.3442564,3,,,POINT (2.3442564 48.8161096),0,62,62,48.8163029105,2.3449727375,0.056683440525861516
25240275,48.8164472,2.3466051,3,motorway_junction,,POINT (2.3466051 48.8164472),0,63,63,48.8163029105,2.3468723044999997,0.02530189665052754
249076470,48.8161943,2.3558387,3,,,POINT (2.3558387 48.8161943),0,68,68,48.8163029105,2.3563701394999996,0.040742642649373495
166297606,48.8164158,2.360159,4,,,POINT (2.360159 48.8164158),0,70,70,48.8163029105,2.3601692735,0.012575257524477607
25240414,48.816423,2.3640264,3,motorway_junction,,POINT (2.3640264 48.816423),0,72,72,48.8163029105,2.3639684075,0.014012194752502528
1376173594,48.8169814,2.3321297,4,,,POINT (2.3321297 48.8169814),1,55,155,48.8171631315,2.3316757685,0.03889699930225569
249743810,48.8167639,2.3337086,3,traffic_signals,,POINT (2.3337086 48.8167639),1,56,156,48.8171631315,2.3335753355,0.045452195448259736
169290803,48.8168821,2.334933,3,,,POINT (2.334933 48.8168821),1,57,157,48.8171631315,2.3354749025,0.05050530522155965
25240132,48.8167806,2.3408987,3,,,POINT (2.3408987 48.8167806),1,60,160,48.8171631315,2.3411736034999997,0.04705748959095748
168541314,48.8168548,2.3434997,3,,,POINT (2.3434997 48.8168548),1,61,161,48.8171631315,2.3430731705,0.046376144539408
2991140006,48.8170943,2.3440704,3,,,POINT (2.3440704 48.8170943),1,62,162,48.8171631315,2.3449727375,0.06650912033496613
249743393,48.8167746,2.348606,4,,,POINT (2.348606 48.8167746),1,64,164,48.8171631315,2.3487718715,0.044877302423227225
25240342,48.8175186,2.3541904,3,motorway_junction,,POINT (2.3541904 48.8175186),1,67,167,48.8171631315,2.3544705725,0.04453239245919275
7734434072,48.8169537,2.3570611,1,,,POINT (2.3570611 48.8169537),1,68,168,48.8171631315,2.3563701394999996,0.055693289114481306
1941045592,48.8169525,2.3588787,1,,,POINT (2.3588787 48.8169525),1,69,169,48.8171631315,2.3582697065,0.050366215817842154
644165,48.8168383,2.3601877,3,,,POINT (2.3601877 48.8168383),1,70,170,48.8171631315,2.3601692735,0.03614480306959436
25240418,48.817415,2.3662898,3,motorway_junction,,POINT (2.3662898 48.817415),1,73,173,48.8171631315,2.3658679745,0.04169235386617377
7624013417,48.8172831,2.3670791,4,,,POINT (2.3670791 48.8172831),1,74,174,48.8171631315,2.3677675414999997,0.05214147056882386
169290795,48.8184432,2.3316672,3,,,POINT (2.3316672 48.8184432),2,55,255,48.8180233525,2.3316757685,0.046689126977860096
10029617216,48.8178824,2.3577332,3,,,POINT (2.3577332 48.8178824),2,69,269,48.8180233525,2.3582697065,0.042292612342837634
257686885,48.8180359,2.3603665,4,traffic_signals,,POINT (2.3603665 48.8180359),2,70,270,48.8180233525,2.3601692735,0.014507499298776403
257686893,48.8180277,2.3627815,3,,,POINT (2.3627815 48.8180277),2,71,271,48.8180233525,2.3620688404999997,0.052180745771577816
259648564,48.8183684,2.3635593,3,,,POINT (2.3635593 48.8183684),2,72,272,48.8180233525,2.3639684075,0.04867515977664015
343680497,48.8179013,2.3689195,3,,,POINT (2.3689195 48.8179013),2,75,275,48.8180233525,2.3696671085,0.05639480696855136
166417408,48.8193109,2.3287115,3,motorway_junction,,POINT (2.3287115 48.8193109),3,53,353,48.8188835735,2.3278766345,0.07742125891545318
169288607,48.818966,2.3292883,3,,,POINT (2.3292883 48.818966),3,54,354,48.8188835735,2.3297762015,0.036878926113246
247040579,48.8191092,2.3487515,2,,,POINT (2.3487515 48.8191092),3,64,364,48.8188835735,2.3487718715,0.025132817659130363
343694133,48.8191751,2.3528729,3,,,POINT (2.3528729 48.8191751),3,66,366,48.8188835735,2.3525710054999998,0.03923477955441846
1920074478,48.8188684,2.3580311,1,,,POINT (2.3580311 48.8188684),3,69,369,48.8188835735,2.3582697065,0.0175509469514854
34909834,48.8188776,2.3595373,4,,,POINT (2.3595373 48.8188776),3,70,370,48.8188835735,2.3601692735,0.046274929780015454
34909839,48.8192178,2.3620697,4,,,POINT (2.3620697 48.8192178),3,71,371,48.8188835735,2.3620688404999997,0.03716434442619903
7624013442,48.8189151,2.3657482,3,,,POINT (2.3657482 48.8189151),3,73,373,48.8188835735,2.3658679745,0.009444059994892735
169164780,48.8186072,2.3699453,3,,,POINT (2.3699453 48.8186072),3,75,375,48.8188835735,2.3696671085,0.036868249701582374
3000118755,48.8192587,2.3729912,3,,,POINT (2.3729912 48.8192587),3,77,377,48.8188835735,2.3734662424999997,0.054309961351132176
207435310,48.8198018,2.3257586,5,,,POINT (2.3257586 48.8198018),4,52,452,48.8197437945,2.3259770674999998,0.017246389427101595
169287918,48.8196516,2.3277533,3,,,POINT (2.3277533 48.8196516),4,53,453,48.8197437945,2.3278766345,0.01366134532277636
486573283,48.8196777,2.3416196,3,,,POINT (2.3416196 48.8196777),4,60,460,48.8197437945,2.3411736034999997,0.033470106441050064
49896709,48.8196735,2.3427674,3,,,POINT (2.3427674 48.8196735),4,61,461,48.8197437945,2.3430731705,0.02371205260976972
430775,48.8194879,2.3446021,4,,,POINT (2.3446021 48.8194879),4,62,462,48.8197437945,2.3449727375,0.03931920608017606
169298143,48.8197469,2.3460329,4,,,POINT (2.3460329 48.8197469),4,63,463,48.8197437945,2.3468723044999997,0.0614572060792785
247040832,48.8196824,2.3500617,3,,,POINT (2.3500617 48.8196824),4,65,465,48.8197437945,2.3506714385,0.045160448814363784
1836650585,48.8200378,2.3517282,4,,,POINT (2.3517282 48.8200378),4,66,466,48.8197437945,2.3525710054999998,0.06983033593313352
30657578,48.8199678,2.3567973,3,,,POINT (2.3567973 48.8199678),4,68,468,48.8197437945,2.3563701394999996,0.039981137784337394
442138,48.8193334,2.3619725,4,,,POINT (2.3619725 48.8193334),4,71,471,48.8197437945,2.3620688404999997,0.04617569135780819
259647896,48.8194684,2.363741,3,,,POINT (2.363741 48.8194684),4,72,472,48.8197437945,2.3639684075,0.034856002397022384
15032392,48.819449,2.3734551,4,traffic_signals,,POINT (2.3734551 48.819449),4,77,477,48.8197437945,2.3734662424999997,0.03278980255913167
15032421,48.8200091,2.3756322,2,,,POINT (2.3756322 48.8200091),4,78,478,48.8197437945,2.3753658095,0.0353648541563814
364921411,48.8208951,2.3206322,4,traffic_signals,,POINT (2.3206322 48.8208951),5,49,549,48.8206040155,2.3202783664999997,0.04145724931469121
39859734,48.8206585,2.321712,3,,,POINT (2.321712 48.8206585),5,50,550,48.8206040155,2.3221779335,0.034646108086434604
166414150,48.8205511,2.3242291,4,,,POINT (2.3242291 48.8205511),5,51,551,48.8206040155,2.3240775005,0.012562216023445783
308247454,48.8202529,2.3257189,4,,,POINT (2.3257189 48.8202529),5,52,552,48.8206040155,2.3259770674999998,0.04337689645090103
100294683,48.8209283,2.3299648,4,,,POINT (2.3299648 48.8209283),5,54,554,48.8206040155,2.3297762015,0.038612062641563014
289386181,48.8201969,2.3332824,1,,,POINT (2.3332824 48.8201969),5,56,556,48.8206040155,2.3335753355,0.05009251966692248
259706958,48.8204633,2.3414206,3,,,POINT (2.3414206 48.8204633),5,60,560,48.8206040155,2.3411736034999997,0.023912989536047917
49896707,48.8204578,2.3428366,3,,,POINT (2.3428366 48.8204578),5,61,561,48.8206040155,2.3430731705,0.023755408850349068
247040835,48.8206833,2.3494358,3,,,POINT (2.3494358 48.8206833),5,64,564,48.8206040155,2.3487718715,0.04940106183971144
3745577947,48.8209563,2.3506969,3,,,POINT (2.3506969 48.8209563),5,65,565,48.8206040155,2.3506714385,0.03921657785609597
1836650598,48.8202251,2.3528455,4,traffic_signals,,POINT (2.3528455 48.8202251),5,66,566,48.8206040155,2.3525710054999998,0.046680867931519106
247060051,48.8203333,2.3540428,3,,,POINT (2.3540428 48.8203333),5,67,567,48.8206040155,2.3544705725,0.043439517428441404
168363585,48.8205586,2.356291,3,,,POINT (2.356291 48.8205586),5,68,568,48.8206040155,2.3563701394999996,0.007685896844396954
251517741,48.8204187,2.3590687,3,,,POINT (2.3590687 48.8204187),5,69,569,48.8206040155,2.3582697065,0.06201996116753812
251517742,48.8207714,2.3610775,3,,,POINT (2.3610775 48.8207714),5,70,570,48.8206040155,2.3601692735,0.06904950075086826
1774155334,48.820591,2.3659933,3,,,POINT (2.3659933 48.820591),5,73,573,48.8206040155,2.3658679745,0.00928887433985106
15035518,48.8210158,2.3702865,3,,,POINT (2.3702865 48.8210158),5,75,575,48.8206040155,2.3696671085,0.06444333350864435
259642673,48.8206737,2.3720385,3,,,POINT (2.3720385 48.8206737),5,76,576,48.8206040155,2.3715666755,0.03540197039304267
15032401,48.8207002,2.373619,3,,,POINT (2.373619 48.8207002),5,77,577,48.8206040155,2.3734662424999997,0.015474665391355379
15035501,48.8210133,2.3756043,3,,,POINT (2.3756043 48.8210133),5,78,578,48.8206040155,2.3753658095,0.048744863578823704
169165774,48.820768,2.3770686,3,,,POINT (2.3770686 48.820768),5,79,579,48.8206040155,2.3772653765,0.023238677216406572
25239053,48.8218171,2.3170789,3,,,POINT (2.3170789 48.8218171),6,47,647,48.8214642365,2.3164792325,0.05888071245849786
268401942,48.8211174,2.3196474,3,,,POINT (2.3196474 48.8211174),6,49,649,48.8214642365,2.3202783664999997,0.060177048038364996
128064623,48.821235,2.3214717,3,,,POINT (2.3214717 48.821235),6,50,650,48.8214642365,2.3221779335,0.05764634592608298
251490191,48.8216776,2.3266816,3,,,POINT (2.3266816 48.8216776),6,52,652,48.8214642365,2.3259770674999998,0.05677456499610058
251481403,48.8212727,2.32866,3,,,POINT (2.32866 48.8212727),6,53,653,48.8214642365,2.3278766345,0.061178415187421495
1773530002,48.8214843,2.3338923,3,,,POINT (2.3338923 48.8214843),6,56,656,48.8214642365,2.3335753355,0.023312461587127103
247039559,48.8211717,2.3411554,3,,,POINT (2.3411554 48.8211717),6,60,660,48.8214642365,2.3411736034999997,0.032555864103426195
3747261246,48.8215379,2.3430072,4,,,POINT (2.3430072 48.8215379),6,61,661,48.8214642365,2.3430731705,0.009508921081410942
1773477751,48.8212363,2.3481385,3,,,POINT (2.3481385 48.8212363),6,64,664,48.8214642365,2.3487718715,0.05284493248565727
558457800,48.8211505,2.3505435,3,,,POINT (2.3505435 48.8211505),6,65,665,48.8214642365,2.3506714385,0.03612146004311788
1835212510,48.8215919,2.3525583,3,traffic_signals,,POINT (2.3525583 48.8215919),6,66,666,48.8214642365,2.3525710054999998,0.014225977033309583
246998489,48.8215952,2.3539735,1,,,POINT (2.3539735 48.8215952),6,67,667,48.8214642365,2.3544705725,0.039196948858426624
168357230,48.8210593,2.3608908,3,,,POINT (2.3608908 48.8210593),6,70,670,48.8214642365,2.3601692735,0.0694105738808831
168357786,48.8218222,2.3633358,3,,,POINT (2.3633358 48.8218222),6,72,672,48.8214642365,2.3639684075,0.06106820567319024
382017,48.8215316,2.3694427,5,,,POINT (2.3694427 48.8215316),6,75,675,48.8214642365,2.3696671085,0.018056268564566644
15035527,48.8215991,2.3715571,3,,,POINT (2.3715571 48.8215991),6,76,676,48.8214642365,2.3715666755,0.015012514007467503
4068204149,48.8212681,2.3766975,1,turning_circle,,POINT (2.3766975 48.8212681),6,79,679,48.8214642365,2.3772653765,0.046948352762615046
366603,48.8212048,2.3790467,3,,,POINT (2.3790467 48.8212048),6,80,680,48.8214642365,2.3791649434999997,0.030118912080226164
268401380,48.8222268,2.3146735,3,,,POINT (2.3146735 48.8222268),7,46,746,48.8223244575,2.3145796654999997,0.012849533890784385
25239055,48.8219899,2.3168688,3,motorway_junction,,POINT (2.3168688 48.8219899),7,47,747,48.8223244575,2.3164792325,0.04687577280992211
1037154598,48.822658,2.3226622,4,traffic_signals,,POINT (2.3226622 48.822658),7,50,750,48.8223244575,2.3221779335,0.05130755942924919
1037154606,48.8223979,2.3239111,3,,,POINT (2.3239111 48.8223979),7,51,751,48.8223244575,2.3240775005,0.014666193998840563
251489823,48.822065,2.3253887,4,,,POINT (2.3253887 48.822065),7,52,752,48.8223244575,2.3259770674999998,0.051843723587298635
169279721,48.8222003,2.3277342,3,,,POINT (2.3277342 48.8222003),7,53,753,48.8223244575,2.3278766345,0.017301260108081362
1773530054,48.822257,2.3302992,3,,,POINT (2.3302992 48.822257),7,54,754,48.8223244575,2.3297762015,0.039016726368872184
82409081,48.8222943,2.3349455,2,,,POINT (2.3349455 48.8222943),7,57,757,48.8223244575,2.3354749025,0.03890253681563449
1835216983,48.8221114,2.3420411,3,,,POINT (2.3420411 48.8221114),7,60,760,48.8223244575,2.3411736034999997,0.06778464613846094
3747261251,48.8226283,2.343963,3,,,POINT (2.343963 48.8226283),7,61,761,48.8223244575,2.3430731705,0.07338448937826546
1835212514,48.8223438,2.3449334,3,,,POINT (2.3449334 48.8223438),7,62,762,48.8223244575,2.3449727375,0.0035944085523934494
6271862394,48.8222826,2.3470556,3,traffic_signals,,POINT (2.3470556 48.8222826),7,63,763,48.8223244575,2.3468723044999997,0.014203376246445125
100291522,48.8221798,2.3493502,3,traffic_signals,,POINT (2.3493502 48.8221798),7,64,764,48.8223244575,2.3487718715,0.04529217644215382
1835212508,48.8221343,2.3500918,3,,,POINT (2.3500918 48.8221343),7,65,765,48.8223244575,2.3506714385,0.047411731180445116
100287974,48.8221517,2.3526895,4,traffic_signals,,POINT (2.3526895 48.8221517),7,66,766,48.8223244575,2.3525710054999998,0.02107773765503198
100289808,48.8222355,2.3540576,3,,,POINT (2.3540576 48.8222355),7,67,767,48.8223244575,2.3544705725,0.031810870586278524
168363583,48.8221017,2.3564961,4,,,POINT (2.3564961 48.8221017),7,68,768,48.8223244575,2.3563701394999996,0.026430413694249102
168358483,48.8222051,2.3585181,4,traffic_signals,,POINT (2.3585181 48.8222051),7,69,769,48.8223244575,2.3582697065,0.022513073269780165
168357229,48.8225121,2.3605706,3,,,POINT (2.3605706 48.8225121),7,70,770,48.8223244575,2.3601692735,0.036036064812502024
5912562002,48.8226114,2.3627126,3,,,POINT (2.3627126 48.8226114),7,71,771,48.8223244575,2.3620688404999997,0.05691429584230701
1759468552,48.8220469,2.3631605,3,traffic_signals,,POINT (2.3631605 48.8220469),7,72,772,48.8223244575,2.3639684075,0.06671529637078318
382019,48.8226528,2.3670649,3,,,POINT (2.3670649 48.8226528),7,74,774,48.8223244575,2.3677675414999997,0.0630801128599121
15035522,48.8222851,2.37165,4,,,POINT (2.37165 48.8222851),7,76,776,48.8223244575,2.3715666755,0.0075076701287549365
2056770248,48.8224854,2.3729845,3,,,POINT (2.3729845 48.8224854),7,77,777,48.8223244575,2.3734662424999997,0.039549098540465344
15035509,48.8223218,2.3758254,3,traffic_signals,,POINT (2.3758254 48.8223218),7,78,778,48.8223244575,2.3753658095,0.03364806692703452
9659338682,48.8227137,2.3773664,3,,,POINT (2.3773664 48.8227137),7,79,779,48.8223244575,2.3772653765,0.043909148200281536
276973213,48.823469,2.3090903,3,,,POINT (2.3090903 48.823469),8,43,843,48.8231846785,2.3088809645,0.03513370494892871
164348857,48.8233373,2.3111348,3,,,POINT (2.3111348 48.8233373),8,44,844,48.8231846785,2.3107805315,0.030994557713274692
975538950,48.8228,2.3121632,3,,,POINT (2.3121632 48.8228),8,45,845,48.8231846785,2.3126800985,0.057110791096435604
6867079927,48.8236134,2.3172033,3,,,POINT (2.3172033 48.8236134),8,47,847,48.8231846785,2.3164792325,0.07129125554078548
141607250,48.8234137,2.31986,3,,,POINT (2.31986 48.8234137),8,49,849,48.8231846785,2.3202783664999997,0.03983217579209062
141607528,48.8229831,2.3220279,3,,,POINT (2.3220279 48.8229831),8,50,850,48.8231846785,2.3221779335,0.024961064091928272
34909807,48.8233042,2.3243729,3,,,POINT (2.3243729 48.8233042),8,51,851,48.8231846785,2.3240775005,0.025383229875827206
827009036,48.8232351,2.3256156,4,,,POINT (2.3256156 48.8232351),8,52,852,48.8231846785,2.3259770674999998,0.02705009803636091
82408990,48.8232685,2.3342543,1,,,POINT (2.3342543 48.8232685),8,56,856,48.8231846785,2.3335753355,0.05057262042300441
82409088,48.8232298,2.3355277,3,,,POINT (2.3355277 48.8232298),8,57,857,48.8231846785,2.3354749025,0.006333506541606566
247078820,48.8227916,2.3436568,3,,,POINT (2.3436568 48.8227916),8,61,861,48.8231846785,2.3430731705,0.061123046781460216
1835212516,48.8232123,2.3447688,3,,,POINT (2.3447688 48.8232123),8,62,862,48.8231846785,2.3449727375,0.015242712934588327
100291267,48.822971,2.3488677,3,,,POINT (2.3488677 48.822971),8,64,864,48.8231846785,2.3487718715,0.024774050991582124
100290177,48.8228708,2.3529541,3,,,POINT (2.3529541 48.8228708),8,66,866,48.8231846785,2.3525710054999998,0.04477399843494277
100289673,48.8231877,2.3544169,3,,,POINT (2.3544169 48.8231877),8,67,867,48.8231846785,2.3544705725,0.003943651054966948
168363582,48.8229657,2.3565767,4,,,POINT (2.3565767 48.8229657),8,68,868,48.8231846785,2.3563701394999996,0.028662994735433916
168363888,48.8230115,2.3582647,3,,,POINT (2.3582647 48.8230115),8,69,869,48.8231846785,2.3582697065,0.019260058402376986
252659002,48.8230485,2.359391,3,,,POINT (2.359391 48.8230485),8,70,870,48.8231846785,2.3601692735,0.05895457056662178
1759468556,48.8229849,2.362419,3,,,POINT (2.362419 48.8229849),8,71,871,48.8231846785,2.3620688404999997,0.033920874647087144
168356762,48.8233236,2.36572,3,traffic_signals,,POINT (2.36572 48.8233236),8,73,873,48.8231846785,2.3658679745,0.01886733424847599
15035556,48.8233044,2.3685028,3,,,POINT (2.3685028 48.8233044),8,74,874,48.8231846785,2.3677675414999997,0.05544928205773969
15035573,48.8233653,2.3709062,4,,,POINT (2.3709062 48.8233653),8,76,876,48.8231846785,2.3715666755,0.05235799015143859
15035514,48.8227768,2.3731465,3,,,POINT (2.3731465 48.8227768),8,77,877,48.8231846785,2.3734662424999997,0.05103849884592756
386594441,48.8233992,2.3750215,3,,,POINT (2.3750215 48.8233992),8,78,878,48.8231846785,2.3753658095,0.03470400423087522
15035530,48.8229654,2.377822,3,,,POINT (2.377822 48.8229654),8,79,879,48.8231846785,2.3772653765,0.04748762406024104
415140208,48.8244362,2.3046846,3,,,POINT (2.3046846 48.8244362),9,41,941,48.8240448995,2.3050818305,0.05233389470343049
277426923,48.823927,2.3069929,4,,,POINT (2.3069929 48.823927),9,42,942,48.8240448995,2.3069813975,0.013136842570614043
141603609,48.8236151,2.3084067,4,traffic_signals,,POINT (2.3084067 48.8236151),9,43,943,48.8240448995,2.3088809645,0.05907206705722691
141605425,48.8239672,2.3162686,3,,,POINT (2.3162686 48.8239672),9,47,947,48.8240448995,2.3164792325,0.01767543520645878
141606902,48.824282,2.318635,4,,,POINT (2.318635 48.824282),9,48,948,48.8240448995,2.3183787995,0.03235523781316684
141607400,48.8241205,2.3202301,3,,,POINT (2.3202301 48.8241205),9,49,949,48.8240448995,2.3202783664999997,0.009118822436861391
141607715,48.8238318,2.3224741,3,,,POINT (2.3224741 48.8238318),9,50,950,48.8240448995,2.3221779335,0.03211820048054592
141607833,48.8242743,2.3234881,3,,,POINT (2.3234881 48.8242743),9,51,951,48.8240448995,2.3240775005,0.050124547531453255
11521292458,48.8239781,2.3257108,3,,,POINT (2.3257108 48.8239781),9,52,952,48.8240448995,2.3259770674999998,0.020860100830715756
826278651,48.8240972,2.3277612,3,,,POINT (2.3277612 48.8240972),9,53,953,48.8240448995,2.3278766345,0.010258410977824378
82408971,48.8237599,2.3320365,3,,,POINT (2.3320365 48.8237599),9,55,955,48.8240448995,2.3316757685,0.04125158518410314
250528509,48.8242024,2.335902,3,traffic_signals,,POINT (2.335902 48.8242024),9,57,957,48.8240448995,2.3354749025,0.03583752745733713
250549783,48.824469,2.3383302,3,traffic_signals,,POINT (2.3383302 48.824469),9,59,959,48.8240448995,2.3392740365,0.0836546776654885
49894363,48.8240912,2.344545,4,traffic_signals,,POINT (2.344545 48.8240912),9,62,962,48.8240448995,2.3449727375,0.031734118837381274
100287503,48.824,2.3485412,4,,,POINT (2.3485412 48.824),9,64,964,48.8240448995,2.3487718715,0.01760952945922632
251514378,48.8239185,2.3510499,3,,,POINT (2.3510499 48.8239185),9,65,965,48.8240448995,2.3506714385,0.031067436390583562
100288988,48.8239612,2.3530592,3,,,POINT (2.3530592 48.8239612),9,66,966,48.8240448995,2.3525710054999998,0.0369316150129325
251517578,48.8241395,2.354631,3,,,POINT (2.354631 48.8241395),9,67,967,48.8240448995,2.3544705725,0.015766593412818893
251517624,48.8241519,2.3554455,3,,,POINT (2.3554455 48.8241519),9,68,968,48.8240448995,2.3563701394999996,0.06872844566343089
251517810,48.8244351,2.3578057,3,,,POINT (2.3578057 48.8244351),9,69,969,48.8240448995,2.3582697065,0.055103748394188114
123713357,48.8236767,2.3618793,4,traffic_signals,,POINT (2.3618793 48.8236767),9,71,971,48.8240448995,2.3620688404999997,0.04322939969703315
6272792929,48.8243338,2.3636943,3,,,POINT (2.3636943 48.8243338),9,72,972,48.8240448995,2.3639684075,0.0378766846101305
505829788,48.8243386,2.3656788,3,,,POINT (2.3656788 48.8243386),9,73,973,48.8240448995,2.3658679745,0.03547309411159789
15035574,48.8241556,2.370388,3,,,POINT (2.370388 48.8241556),9,75,975,48.8240448995,2.3696671085,0.054191348555626684
259643630,48.8237952,2.3735279,3,,,POINT (2.3735279 48.8237952),9,77,977,48.8240448995,2.3734662424999997,0.028129831978352414
15035547,48.82416,2.3755666,3,,,POINT (2.3755666 48.82416),9,78,978,48.8240448995,2.3753658095,0.019490427619984128
386594447,48.8240505,2.3770284,4,,,POINT (2.3770284 48.8240505),9,79,979,48.8240448995,2.3772653765,0.017359702877496073
2209978433,48.8243384,2.384691,3,,,POINT (2.384691 48.8243384),9,83,983,48.8240448995,2.3848636444999998,0.034997639389918865
15435283,48.8244564,2.3869718,3,,,POINT (2.3869718 48.8244564),9,84,984,48.8240448995,2.3867632115,0.04823755976093772
353705102,48.8250635,2.3018429,3,,,POINT (2.3018429 48.8250635),10,39,1039,48.8249051205,2.3012826965,0.044631922237959976
132773129,48.8249336,2.3024339,3,,,POINT (2.3024339 48.8249336),10,40,1040,48.8249051205,2.3031822635,0.05487654526732497
162317682,48.8247459,2.3047878,3,motorway_junction,,POINT (2.3047878 48.8247459),10,41,1041,48.8249051205,2.3050818305,0.027870684904690537
141605429,48.8251041,2.3111791,4,traffic_signals,,POINT (2.3111791 48.8251041),10,44,1044,48.8249051205,2.3107805315,0.036618033335204685
141605427,48.8246788,2.3135351,3,traffic_signals,,POINT (2.3135351 48.8246788),10,45,1045,48.8249051205,2.3126800985,0.06746148619961652
141605938,48.8247471,2.3166614,3,,,POINT (2.3166614 48.8247471),10,47,1047,48.8249051205,2.3164792325,0.022058747865976273
30560446,48.8248992,2.3184024,4,,,POINT (2.3184024 48.8248992),10,48,1048,48.8249051205,2.3183787995,0.001848887308440899
141609493,48.8250815,2.3205109,3,,,POINT (2.3205109 48.8250815),10,49,1049,48.8249051205,2.3202783664999997,0.025969810549265716
24923830,48.8248695,2.3237977,4,,,POINT (2.3237977 48.8248695),10,51,1051,48.8249051205,2.3240775005,0.020862672216526636
5875496019,48.8249168,2.3259469,3,crossing,,POINT (2.3259469 48.8249168),10,52,1052,48.8249051205,2.3259770674999998,0.002562013504613865
24913016,48.8244878,2.3283215,4,traffic_signals,,POINT (2.3283215 48.8244878),10,53,1053,48.8249051205,2.3278766345,0.05669168243482256
25574317,48.8252176,2.329411,3,,,POINT (2.329411 48.8252176),10,54,1054,48.8249051205,2.3297762015,0.04384127393370968
24913022,48.8247479,2.3312637,3,,,POINT (2.3312637 48.8247479),10,55,1055,48.8249051205,2.3316757685,0.034865769553946074
1347288495,48.8253116,2.3375299,3,,,POINT (2.3375299 48.8253116),10,58,1058,48.8249051205,2.3373744695,0.046608695971596774
27453294,48.8246312,2.3398894,3,,,POINT (2.3398894 48.8246312),10,59,1059,48.8249051205,2.3392740365,0.054379367003473955
250963055,48.8246278,2.3415453,3,,,POINT (2.3415453 48.8246278),10,60,1060,48.8249051205,2.3411736034999997,0.04112565877511151
100292094,48.8251937,2.3432735,5,,,POINT (2.3432735 48.8251937),10,61,1061,48.8249051205,2.3430731705,0.03528102022887836
3764314590,48.8249621,2.3466552,3,,,POINT (2.3466552 48.8249621),10,63,1063,48.8249051205,2.3468723044999997,0.01710979020347789
251514419,48.8250483,2.3514797,3,,,POINT (2.3514797 48.8250483),10,65,1065,48.8249051205,2.3506714385,0.061274434418712824
1806474777,48.8248043,2.3553082,3,,,POINT (2.3553082 48.8248043),10,67,1067,48.8249051205,2.3544705725,0.06233625329067482
507164476,48.8250544,2.3572077,3,,,POINT (2.3572077 48.8250544),10,68,1068,48.8249051205,2.3563701394999996,0.06352195422769685
52025142,48.8251193,2.3575888,3,traffic_signals,,POINT (2.3575888 48.8251193),10,69,1069,48.8249051205,2.3582697065,0.05524383122022008
1759468562,48.8251537,2.3607198,3,,,POINT (2.3607198 48.8251537),10,70,1070,48.8249051205,2.3601692735,0.0488699055826117
7304705,48.8249543,2.3624501,4,traffic_signals,,POINT (2.3624501 48.8249543),10,71,1071,48.8249051205,2.3620688404999997,0.0284413547157826
253318732,48.8252822,2.3658721,3,,,POINT (2.3658721 48.8252822),10,73,1073,48.8249051205,2.3658679745,0.04193041500931007
382015,48.8244825,2.3678681,3,,,POINT (2.3678681 48.8244825),10,74,1074,48.8249051205,2.3677675414999997,0.04756636212865512
15035575,48.8251513,2.3697652,3,,,POINT (2.3697652 48.8251513),10,75,1075,48.8249051205,2.3696671085,0.028300118041054236
15035541,48.825144,2.3719097,3,,,POINT (2.3719097 48.825144),10,76,1076,48.8249051205,2.3715666755,0.0365532674744204
15435242,48.8250346,2.3781399,3,,,POINT (2.3781399 48.8250346),10,79,1079,48.8249051205,2.3772653765,0.06561970461271095
4461544104,48.8247558,2.3844502,3,motorway_junction,,POINT (2.3844502 48.8247558),10,83,1083,48.8249051205,2.3848636444999998,0.03452197816375382
15435282,48.8245138,2.3871231,3,,,POINT (2.3871231 48.8245138),10,84,1084,48.8249051205,2.3867632115,0.050867435223652537
555509547,48.8251136,2.3887981,4,traffic_signals,,POINT (2.3887981 48.8251136),10,85,1085,48.8249051205,2.3886627784999996,0.02520982976250141
176762224,48.8261209,2.2970244,3,,,POINT (2.2970244 48.8261209),11,37,1137,48.8257653415,2.2974835625,0.051893673815312284
162296675,48.8260122,2.2991151,3,motorway_junction,,POINT (2.2991151 48.8260122),11,38,1138,48.8257653415,2.2993831295,0.0337410584180118
132779919,48.8254397,2.3004676,5,,,POINT (2.3004676 48.8254397),11,39,1139,48.8257653415,2.3012826965,0.06979684229580019
162329176,48.8254424,2.3023173,4,traffic_signals,,POINT (2.3023173 48.8254424),11,40,1140,48.8257653415,2.3031822635,0.07279372043621828
141602554,48.8258081,2.3111915,3,,,POINT (2.3111915 48.8258081),11,44,1144,48.8257653415,2.3107805315,0.030458434552139344
34909797,48.8260188,2.3125631,4,,,POINT (2.3125631 48.8260188),11,45,1145,48.8257653415,2.3126800985,0.029455995463359697
674873025,48.8257004,2.314041,3,,,POINT (2.314041 48.8257004),11,46,1146,48.8257653415,2.3145796654999997,0.04008892510354589
82408956,48.8255688,2.319029,3,,,POINT (2.319029 48.8255688),11,48,1148,48.8257653415,2.3183787995,0.052375619006200365
64621796,48.82617,2.3195894,4,,,POINT (2.3195894 48.82617),11,49,1149,48.8257653415,2.3202783664999997,0.06758998962500444
82408915,48.8259096,2.3223789,3,,,POINT (2.3223789 48.8259096),11,50,1150,48.8257653415,2.3221779335,0.021765672113655703
82408905,48.8256882,2.3235866,1,,,POINT (2.3235866 48.8256882),11,51,1151,48.8257653415,2.3240775005,0.03694608054984661
24913012,48.8255564,2.329897,3,,,POINT (2.329897 48.8255564),11,54,1154,48.8257653415,2.3297762015,0.024859279207267975
24913023,48.8259438,2.3316904,4,,,POINT (2.3316904 48.8259438),11,55,1155,48.8257653415,2.3316757685,0.01987256618556091
158609785,48.8260922,2.3335732,1,,,POINT (2.3335732 48.8260922),11,56,1156,48.8257653415,2.3335753355,0.03634534313548463
249661993,48.8260889,2.3345365,3,,,POINT (2.3345365 48.8260889),11,57,1157,48.8257653415,2.3354749025,0.0775469887527919
250554259,48.8260728,2.3413669,3,traffic_signals,,POINT (2.3413669 48.8260728),11,60,1160,48.8257653415,2.3411736034999997,0.037000512699825246
246999320,48.825648,2.3451066,3,,,POINT (2.3451066 48.825648),11,62,1162,48.8257653415,2.3449727375,0.016317900439505213
360937,48.825757,2.3465869,4,traffic_signals,,POINT (2.3465869 48.825757),11,63,1163,48.8257653415,2.3468723044999997,0.02091370090314083
1829061660,48.8257029,2.3483728,3,,,POINT (2.3483728 48.8257029),11,64,1164,48.8257653415,2.3487718715,0.030027906629255374
360935,48.8258123,2.3503781,5,traffic_signals,,POINT (2.3503781 48.8258123),11,65,1165,48.8257653415,2.3506714385,0.02209963481897812
246998815,48.8259409,2.352744,3,,,POINT (2.352744 48.8259409),11,66,1166,48.8257653415,2.3525710054999998,0.023269229162958
251516079,48.8256373,2.3538162,3,,,POINT (2.3538162 48.8256373),11,67,1167,48.8257653415,2.3544705725,0.04997461888360648
360932,48.826183,2.3572675,4,traffic_signals,,POINT (2.3572675 48.826183),11,68,1168,48.8257653415,2.3563701394999996,0.08044971133429928
253316556,48.8261615,2.3586162,3,,,POINT (2.3586162 48.8261615),11,69,1169,48.8257653415,2.3582697065,0.050831688367357436
361704,48.8261632,2.3599616,5,traffic_signals,,POINT (2.3599616 48.8261632),11,70,1170,48.8257653415,2.3601692735,0.0467791334849127
15035572,48.8256122,2.3620083,1,,,POINT (2.3620083 48.8256122),11,71,1171,48.8257653415,2.3620688404999997,0.01759583613201114
253318867,48.8254856,2.3667907,2,,,POINT (2.3667907 48.8254856),11,73,1173,48.8257653415,2.3658679745,0.07436655076177717
253318760,48.8257117,2.3671954,3,,,POINT (2.3671954 48.8257117),11,74,1174,48.8257653415,2.3677675414999997,0.042306391301824224
15035539,48.8255162,2.372078,3,,,POINT (2.372078 48.8255162),11,76,1176,48.8257653415,2.3715666755,0.04656830937257542
15435244,48.8256119,2.3747632,3,,,POINT (2.3747632 48.8256119),11,78,1178,48.8257653415,2.3753658095,0.0472988178498423
15435243,48.8254514,2.3794109,3,,,POINT (2.3794109 48.8254514),11,80,1180,48.8257653415,2.3791649434999997,0.03927863283467466
2710711328,48.8257153,2.3819521,4,,,POINT (2.3819521 48.8257153),11,81,1181,48.8257653415,2.3810645105,0.06521410595974325
2710711343,48.8258876,2.3827192,4,,,POINT (2.3827192 48.8258876),11,82,1182,48.8257653415,2.3829640775,0.022498080440352914
4818186753,48.8259724,2.3850075,3,,,POINT (2.3850075 48.8259724),11,83,1183,48.8257653415,2.3848636444999998,0.02531795924486459
229593999,48.8261524,2.3875514,3,motorway_junction,,POINT (2.3875514 48.8261524),11,84,1184,48.8257653415,2.3867632115,0.07198309104903063
6795554135,48.8258193,2.3878272,3,traffic_signals,,POINT (2.3878272 48.8258193),11,85,1185,48.8257653415,2.3886627784999996,0.06146229303869416
176779541,48.8268419,2.2938764,3,,,POINT (2.2938764 48.8268419),12,35,1235,48.8266255625,2.2936844284999998,0.02785968260520565
7814598609,48.8266561,2.2956808,3,,,POINT (2.2956808 48.8266561),12,36,1236,48.8266255625,2.2955839955,0.007858013455325708
162314294,48.8263766,2.2969389,3,motorway_junction,,POINT (2.2969389 48.8263766),12,37,1237,48.8266255625,2.2974835625,0.04853980641232574
125353236,48.8264767,2.3033362,3,,,POINT (2.3033362 48.8264767),12,40,1240,48.8266255625,2.3031822635,0.020024468154498747
141602066,48.8266986,2.3049003,3,traffic_signals,,POINT (2.3049003 48.8266986),12,41,1241,48.8266255625,2.3050818305,0.015573958012797864
141602256,48.8268893,2.3066877,3,,,POINT (2.3066877 48.8268893),12,42,1242,48.8266255625,2.3069813975,0.03636304516891423
141604682,48.8268529,2.3088476,3,,,POINT (2.3088476 48.8268529),12,43,1243,48.8266255625,2.3088809645,0.025396494203847885
141604160,48.8264405,2.3107006,3,,,POINT (2.3107006 48.8264405),12,44,1244,48.8266255625,2.3107805315,0.02139374863377491
63164022,48.8263443,2.3130444,3,,,POINT (2.3130444 48.8263443),12,45,1245,48.8266255625,2.3126800985,0.041101432196967
64622172,48.8266175,2.3142005,1,,,POINT (2.3142005 48.8266175),12,46,1246,48.8266255625,2.3145796654999997,0.02777092273373396
2996099315,48.8264006,2.3169692,1,,,POINT (2.3169692 48.8264006),12,47,1247,48.8266255625,2.3164792325,0.04372899670722058
30558781,48.8267719,2.3243365,3,traffic_signals,,POINT (2.3243365 48.8267719),12,51,1251,48.8266255625,2.3240775005,0.02498501362949571
5875496030,48.8269198,2.3264964,3,,,POINT (2.3264964 48.8269198),12,52,1252,48.8266255625,2.3259770674999998,0.050157260802101436
24912988,48.8268963,2.3283712,3,,,POINT (2.3283712 48.8268963),12,53,1253,48.8266255625,2.3278766345,0.047085301136240536
24923996,48.8266216,2.3299741,3,,,POINT (2.3299741 48.8266216),12,54,1254,48.8266255625,2.3297762015,0.014493668936132494
82409093,48.8262834,2.3318364,3,,,POINT (2.3318364 48.8262834),12,55,1255,48.8266255625,2.3316757685,0.039822431498286445
82409031,48.8266448,2.3336751,3,,,POINT (2.3336751 48.8266448),12,56,1256,48.8266255625,2.3335753355,0.007609992829994104
6171164114,48.8264679,2.335043,1,,,POINT (2.335043 48.8264679),12,57,1257,48.8266255625,2.3354749025,0.03615223004337866
250549782,48.8269153,2.3386333,3,traffic_signals,,POINT (2.3386333 48.8269153),12,59,1259,48.8266255625,2.3392740365,0.05690321936997429
10792379005,48.8264816,2.3415842,5,,,POINT (2.3415842 48.8264816),12,60,1260,48.8266255625,2.3411736034999997,0.03405433986014848
471617379,48.8263814,2.3421815,3,,,POINT (2.3421815 48.8263814),12,61,1261,48.8266255625,2.3430731705,0.0706951406745823
166338743,48.8263822,2.3465548,3,,,POINT (2.3465548 48.8263822),12,63,1263,48.8266255625,2.3468723044999997,0.035672142860069825
1829061676,48.8269249,2.348167,4,,,POINT (2.348167 48.8269249),12,64,1264,48.8266255625,2.3487718715,0.05539404355227069
1829061667,48.8265177,2.3501273,3,,,POINT (2.3501273 48.8265177),12,65,1265,48.8266255625,2.3506714385,0.04159966925000889
21658186,48.8268031,2.353277,4,,,POINT (2.353277 48.8268031),12,66,1266,48.8266255625,2.3525710054999998,0.055323603311314265
21657873,48.8267827,2.3544077,3,,,POINT (2.3544077 48.8267827),12,67,1267,48.8266255625,2.3544705725,0.018068899105941838
21657548,48.8267543,2.3570898,3,,,POINT (2.3570898 48.8267543),12,68,1268,48.8266255625,2.3563701394999996,0.05459221382656717
644144,48.826327,2.3598216,3,,,POINT (2.3598216 48.826327),12,70,1270,48.8266255625,2.3601692735,0.041831949055625775
360930,48.8263456,2.3614982,3,,,POINT (2.3614982 48.8263456),12,71,1271,48.8266255625,2.3620688404999997,0.05209713530719612
361058,48.8266453,2.363724,4,,,POINT (2.363724 48.8266453),12,72,1272,48.8266255625,2.3639684075,0.018025719238349426
366594,48.8270179,2.3664849,4,traffic_signals,,POINT (2.3664849 48.8270179),12,73,1273,48.8266255625,2.3658679745,0.06279141777284176
933223108,48.8264908,2.3712504,2,,,POINT (2.3712504 48.8264908),12,76,1276,48.8266255625,2.3715666755,0.02757886480781495
15435250,48.8268201,2.3754622,3,,,POINT (2.3754622 48.8268201),12,78,1278,48.8266255625,2.3753658095,0.022753346611187674
2597236732,48.8262393,2.3776007,3,,,POINT (2.3776007 48.8262393),12,79,1279,48.8266255625,2.3772653765,0.04947020333544332
1736637844,48.8267845,2.3790541,3,,,POINT (2.3790541 48.8267845),12,80,1280,48.8266255625,2.3791649434999997,0.019446757397685817
1916193831,48.8263086,2.3808937,3,,,POINT (2.3808937 48.8263086),12,81,1281,48.8266255625,2.3810645105,0.03739698975946211
341104044,48.8264114,2.387009,3,,,POINT (2.387009 48.8264114),12,84,1284,48.8266255625,2.3867632115,0.029846864389772906
7171446402,48.8265208,2.390552,3,,,POINT (2.390552 48.8265208),12,86,1286,48.8266255625,2.3905623455,0.011673650566173078
164460128,48.8268046,2.3924712,4,,,POINT (2.3924712 48.8268046),12,87,1287,48.8266255625,2.3924619125,0.019919667628174608
1461078924,48.8273784,2.2921344,3,,,POINT (2.2921344 48.8273784),13,34,1334,48.8274857835,2.2917848615,0.02823616976160526
1754351082,48.8275799,2.2928982,3,,,POINT (2.2928982 48.8275799),13,35,1335,48.8274857835,2.2936844284999998,0.05849779328082972
141600004,48.8278574,2.2993062,3,,,POINT (2.2993062 48.8278574),13,38,1338,48.8274857835,2.2993831295,0.04170383589243638
141598363,48.8275727,2.3011094,3,traffic_signals,,POINT (2.3011094 48.8275727),13,39,1339,48.8274857835,2.3012826965,0.015947877822327296
88201211,48.8273803,2.3049842,3,,,POINT (2.3049842 48.8273803),13,41,1341,48.8274857835,2.3050818305,0.013735066134185112
141602257,48.8272841,2.3067917,3,,,POINT (2.3067917 48.8272841),13,42,1342,48.8274857835,2.3069813975,0.026377378520618194
4920773520,48.8274151,2.3115793,3,,,POINT (2.3115793 48.8274151),13,44,1344,48.8274857835,2.3107805315,0.058997988231983135
3601290196,48.8277795,2.3120705,3,,,POINT (2.3120705 48.8277795),13,45,1345,48.8274857835,2.3126800985,0.05529899254896274
158587492,48.8275428,2.3148219,3,,,POINT (2.3148219 48.8275428),13,46,1346,48.8274857835,2.3145796654999997,0.01883153910563825
64621851,48.827132,2.3169177,1,,,POINT (2.3169177 48.827132),13,47,1347,48.8274857835,2.3164792325,0.05077183030044637
64621468,48.8274484,2.3176341,1,,,POINT (2.3176341 48.8274484),13,48,1348,48.8274857835,2.3183787995,0.0546723520919033
36597967,48.8275884,2.3209904,4,traffic_signals,,POINT (2.3209904 48.8275884),13,49,1349,48.8274857835,2.3202783664999997,0.053357119476447265
1965461276,48.8278475,2.3266495,3,,,POINT (2.3266495 48.8278475),13,52,1352,48.8274857835,2.3259770674999998,0.06356657786819278
64441586,48.8278404,2.3270254,3,,,POINT (2.3270254 48.8278404),13,53,1353,48.8274857835,2.3278766345,0.0737407411451684
24923999,48.8278229,2.3295631,3,,,POINT (2.3295631 48.8278229),13,54,1354,48.8274857835,2.3297762015,0.04060197205369746
9321229413,48.8275414,2.3319596,1,,,POINT (2.3319596 48.8275414),13,55,1355,48.8274857835,2.3316757685,0.021678078692596824
249661774,48.8270582,2.3338093,1,,,POINT (2.3338093 48.8270582),13,56,1356,48.8274857835,2.3335753355,0.050535825140317826
249662175,48.8273727,2.3355134,3,,,POINT (2.3355134 48.8273727),13,57,1357,48.8274857835,2.3354749025,0.012886238816273085
250349330,48.8272003,2.33671,3,,,POINT (2.33671 48.8272003),13,58,1358,48.8274857835,2.3373744695,0.058083247037245975
49889201,48.8278937,2.3456404,5,,,POINT (2.3456404 48.8278937),13,62,1362,48.8274857835,2.3449727375,0.06667902533318484
166338964,48.8275657,2.3471028,3,,,POINT (2.3471028 48.8275657),13,63,1363,48.8274857835,2.3468723044999997,0.019069902898153024
1829061614,48.8273732,2.3487375,4,,,POINT (2.3487375 48.8273732),13,64,1364,48.8274857835,2.3487718715,0.012769061088720628
1829061642,48.8278201,2.3506517,3,,,POINT (2.3506517 48.8278201),13,65,1365,48.8274857835,2.3506714385,0.03720236878625504
21658444,48.827561,2.3529293,3,,,POINT (2.3529293 48.827561),13,66,1366,48.8274857835,2.3525710054999998,0.027529373573997293
1701682702,48.8275733,2.3542264,3,,,POINT (2.3542264 48.8275733),13,67,1367,48.8274857835,2.3544705725,0.02035148858229189
21658061,48.8274318,2.3568841,3,,,POINT (2.3568841 48.8274318),13,68,1368,48.8274857835,2.3563701394999996,0.038099205198878536
21657552,48.8272689,2.3590725,3,,,POINT (2.3590725 48.8272689),13,69,1369,48.8274857835,2.3582697065,0.06352275312384427
264493102,48.8275781,2.362426,3,,,POINT (2.362426 48.8275781),13,71,1371,48.8274857835,2.3620688404999997,0.028088008154506607
792991,48.8277737,2.3645499,3,,,POINT (2.3645499 48.8277737),13,72,1372,48.8274857835,2.3639684075,0.05326235820250365
792987,48.8275863,2.3661349,3,,,POINT (2.3661349 48.8275863),13,73,1373,48.8274857835,2.3658679745,0.022510494003204585
1689029,48.8272904,2.3685052,4,,,POINT (2.3685052 48.8272904),13,74,1374,48.8274857835,2.3677675414999997,0.05820541306314151
366596,48.8273743,2.3691247,3,,,POINT (2.3691247 48.8273743),13,75,1375,48.8274857835,2.3696671085,0.041595981622735125
386594431,48.8275103,2.37163,3,,,POINT (2.37163 48.8275103),13,76,1376,48.8274857835,2.3715666755,0.005377713463066818
7304709,48.827082,2.3742215,5,,,POINT (2.3742215 48.827082),13,77,1377,48.8274857835,2.3734662424999997,0.07122192555471649
1736637853,48.8273392,2.3772875,3,,,POINT (2.3772875 48.8273392),13,79,1379,48.8274857835,2.3772653765,0.01637960096980389
259262303,48.8276138,2.3796421,3,,,POINT (2.3796421 48.8276138),13,80,1380,48.8274857835,2.3791649434999997,0.037718348990263086
703726824,48.8276399,2.3810826,4,traffic_signals,,POINT (2.3810826 48.8276399),13,81,1381,48.8274857835,2.3810645105,0.0171880582214268
8430318751,48.827369,2.3832728,3,crossing,,POINT (2.3832728 48.827369),13,82,1382,48.8274857835,2.3829640775,0.0260645522290428
2198199211,48.827529,2.3856054,2,,,POINT (2.3856054 48.827529),13,83,1383,48.8274857835,2.3848636444999998,0.05451077119115102
164466087,48.8274456,2.3892676,3,,,POINT (2.3892676 48.8274456),13,85,1385,48.8274857835,2.3886627784999996,0.044499528900441614
164440639,48.8275604,2.3902923,3,,,POINT (2.3902923 48.8275604),13,86,1386,48.8274857835,2.3905623455,0.021438663608575482
164460132,48.8275955,2.3929248,3,,,POINT (2.3929248 48.8275955),13,87,1387,48.8274857835,2.3924619125,0.03601395830169683
25240533,48.8277066,2.394201,3,,,POINT (2.394201 48.8277066),13,88,1388,48.8274857835,2.3943614794999997,0.02721924244282575
260284445,48.827939,2.2710869,3,,,POINT (2.2710869 48.827939),14,23,1423,48.8283460045,2.2708896245,0.04750496302262756
248175283,48.827959,2.2723143,3,,,POINT (2.2723143 48.827959),14,24,1424,48.8283460045,2.2727891915,0.05531992439576747
141600324,48.8286999,2.2958218,3,,,POINT (2.2958218 48.8286999),14,36,1436,48.8283460045,2.2955839955,0.043029706611410555
141600007,48.8284765,2.2966524,3,,,POINT (2.2966524 48.8284765),14,37,1437,48.8283460045,2.2974835625,0.06254867149170522
34909791,48.8284779,2.3013615,4,traffic_signals,,POINT (2.3013615 48.8284779),14,39,1439,48.8283460045,2.3012826965,0.01575978174419284
141596145,48.8284571,2.3032613,3,,,POINT (2.3032613 48.8284571),14,40,1440,48.8283460045,2.3031822635,0.013640965441833425
249550532,48.8286544,2.3073827,3,traffic_signals,,POINT (2.3073827 48.8286544),14,42,1442,48.8283460045,2.3069813975,0.04515400014963826
2996099319,48.8284392,2.3108587,3,,,POINT (2.3108587 48.8284392),14,44,1444,48.8283460045,2.3107805315,0.011837687398593026
64621852,48.8279964,2.3154935,3,,,POINT (2.3154935 48.8279964),14,46,1446,48.8283460045,2.3145796654999997,0.07736960753160242
64621533,48.8285906,2.3163735,3,,,POINT (2.3163735 48.8285906),14,47,1447,48.8283460045,2.3164792325,0.028277607254796285
36598216,48.8286055,2.3220611,4,,,POINT (2.3220611 48.8286055),14,50,1450,48.8283460045,2.3221779335,0.03009534795978948
24913134,48.8282509,2.3239211,3,,,POINT (2.3239211 48.8282509),14,51,1451,48.8283460045,2.3240775005,0.015585499237448149
64127730,48.8280469,2.3268106,3,,,POINT (2.3268106 48.8280469),14,52,1452,48.8283460045,2.3259770674999998,0.06949180445246671
6180929592,48.8279971,2.3270043,3,,,POINT (2.3270043 48.8279971),14,53,1453,48.8283460045,2.3278766345,0.07471817854875179
24912970,48.8284501,2.3296768,3,,,POINT (2.3296768 48.8284501),14,54,1454,48.8283460045,2.3297762015,0.0136719840523876
24912974,48.828401,2.3312232,4,,,POINT (2.3312232 48.828401),14,55,1455,48.8283460045,2.3316757685,0.03368836286092195
249662172,48.8281736,2.3354976,3,,,POINT (2.3354976 48.8281736),14,57,1457,48.8283460045,2.3354749025,0.019242371316932978
2596022334,48.8283549,2.3415989,3,,,POINT (2.3415989 48.8283549),14,60,1460,48.8283460045,2.3411736034999997,0.03114805929671889
49890796,48.8285833,2.3428663,4,traffic_signals,,POINT (2.3428663 48.8285833),14,61,1461,48.8283460045,2.3430731705,0.030422696355399678
1829061638,48.8286332,2.3475936,3,,,POINT (2.3475936 48.8286332),14,63,1463,48.8283460045,2.3468723044999997,0.061706083115428446
21658509,48.8285498,2.3510179,3,,,POINT (2.3510179 48.8285498),14,65,1465,48.8283460045,2.3506714385,0.03401067006276759
21658511,48.8285131,2.3527999,3,,,POINT (2.3527999 48.8285131),14,66,1466,48.8283460045,2.3525710054999998,0.02501931597207556
1701682734,48.8283266,2.356611,3,traffic_signals,,POINT (2.356611 48.8283266),14,68,1468,48.8283460045,2.3563701394999996,0.01776289472550885
361705,48.8284768,2.3581254,3,traffic_signals,,POINT (2.3581254 48.8284768),14,69,1469,48.8283460045,2.3582697065,0.017975213868541135
792988,48.8281995,2.3657574,3,,,POINT (2.3657574 48.8281995),14,73,1473,48.8283460045,2.3658679745,0.018190626010152103
792985,48.8283186,2.3672561,3,,,POINT (2.3672561 48.8283186),14,74,1474,48.8283460045,2.3677675414999997,0.03756211670688273
1689008,48.8286332,2.3699127,4,,,POINT (2.3699127 48.8286332),14,75,1475,48.8283460045,2.3696671085,0.036647220985617186
1689006,48.8281064,2.3707111,3,,,POINT (2.3707111 48.8281064),14,76,1476,48.8283460045,2.3715666755,0.06806102812834107
15435254,48.828096,2.3732941,3,,,POINT (2.3732941 48.828096),14,77,1477,48.8283460045,2.3734662424999997,0.030521888129430547
14956527,48.8280727,2.3777911,4,,,POINT (2.3777911 48.8280727),14,79,1479,48.8283460045,2.3772653765,0.04903636023845123
14956526,48.8285018,2.3787874,4,,,POINT (2.3787874 48.8285018),14,80,1480,48.8283460045,2.3791649434999997,0.03261744402771092
15435269,48.8286888,2.3810109,3,,,POINT (2.3810109 48.8286888),14,81,1481,48.8283460045,2.3810645105,0.03831860450334344
15435273,48.8282295,2.3824481,4,,,POINT (2.3824481 48.8282295),14,82,1482,48.8283460045,2.3829640775,0.039930269364387275
15435281,48.8281057,2.3848743,3,,,POINT (2.3848743 48.8281057),14,83,1483,48.8283460045,2.3848636444999998,0.02673202330385622
84762448,48.8283975,2.388355,3,,,POINT (2.388355 48.8283975),14,85,1485,48.8283460045,2.3886627784999996,0.02324610493864467
2197832031,48.8283178,2.3903846,3,,,POINT (2.3903846 48.8283178),14,86,1486,48.8283460045,2.3905623455,0.013383879917897603
84762429,48.8283535,2.3920963,3,,,POINT (2.3920963 48.8283535),14,87,1487,48.8283460045,2.3924619125,0.026776365436194723
25240534,48.8279396,2.3948506,3,motorway_junction,,POINT (2.3948506 48.8279396),14,88,1488,48.8283460045,2.3943614794999997,0.057655094299572315
597719321,48.8292137,2.2923201,3,,,POINT (2.2923201 48.8292137),15,34,1534,48.8292062255,2.2917848615,0.03918841372638471
141600011,48.8290972,2.2932767,3,,,POINT (2.2932767 48.8290972),15,35,1535,48.8292062255,2.2936844284999998,0.03221404952685758
367829356,48.8296066,2.295408,3,,,POINT (2.295408 48.8296066),15,36,1536,48.8292062255,2.2955839955,0.04634613472966791
141600619,48.8294284,2.297146,3,,,POINT (2.297146 48.8294284),15,37,1537,48.8292062255,2.2974835625,0.0349411784918894
597723324,48.8291455,2.2990129,3,,,POINT (2.2990129 48.8291455),15,38,1538,48.8292062255,2.2993831295,0.02792944832873237
141596896,48.829474,2.3029785,1,,,POINT (2.3029785 48.829474),15,40,1540,48.8292062255,2.3031822635,0.03330214314518747
930283247,48.8291295,2.3064264,3,,,POINT (2.3064264 48.8291295),15,42,1542,48.8292062255,2.3069813975,0.04151214190048475
64624091,48.8291378,2.3084322,3,,,POINT (2.3084322 48.8291378),15,43,1543,48.8292062255,2.3088809645,0.03371933278723921
2996099323,48.8289325,2.3112091,1,,,POINT (2.3112091 48.8289325),15,44,1544,48.8292062255,2.3107805315,0.04371006491048729
249581622,48.8292285,2.3173183,4,traffic_signals,,POINT (2.3173183 48.8292285),15,47,1547,48.8292062255,2.3164792325,0.06146987254958305
63165325,48.8294601,2.318612,3,,,POINT (2.318612 48.8294601),15,48,1548,48.8292062255,2.3183787995,0.03298943563438915
63167002,48.8291627,2.3206395,3,,,POINT (2.3206395 48.8291627),15,49,1549,48.8292062255,2.3202783664999997,0.02687447312903727
360946,48.8292991,2.3226525,4,traffic_signals,,POINT (2.3226525 48.8292991),15,50,1550,48.8292062255,2.3221779335,0.03624092148175805
5050289026,48.829042,2.3264017,3,traffic_signals,,POINT (2.3264017 48.829042),15,52,1552,48.8292062255,2.3259770674999998,0.036050450514688935
24924002,48.8287805,2.3277034,3,traffic_signals,,POINT (2.3277034 48.8287805),15,53,1553,48.8292062255,2.3278766345,0.04900754464493481
24912965,48.8288795,2.3300663,4,,,POINT (2.3300663 48.8288795),15,54,1554,48.8292062255,2.3297762015,0.04208117331472226
24912967,48.8289574,2.3321878,3,,,POINT (2.3321878 48.8289574),15,55,1555,48.8292062255,2.3316757685,0.046586974631665105
24912957,48.8289428,2.3332842,3,,,POINT (2.3332842 48.8289428),15,56,1556,48.8292062255,2.3335753355,0.036223833466987675
49892580,48.8288197,2.3415117,3,,,POINT (2.3415117 48.8288197),15,60,1560,48.8292062255,2.3411736034999997,0.049595947589146316
6140851258,48.8289666,2.3431778,3,,,POINT (2.3431778 48.8289666),15,61,1561,48.8292062255,2.3430731705,0.02772404417411548
166338742,48.8287858,2.347664,3,,,POINT (2.347664 48.8287858),15,63,1563,48.8292062255,2.3468723044999997,0.07445794830313342
1630463677,48.8289476,2.3503827,1,,,POINT (2.3503827 48.8289476),15,65,1565,48.8292062255,2.3506714385,0.03568942700173817
15435231,48.8290244,2.3576906,3,,,POINT (2.3576906 48.8290244),15,69,1569,48.8292062255,2.3582697065,0.046965442859113735
15435233,48.8294625,2.3601118,5,,,POINT (2.3601118 48.8294625),15,70,1570,48.8292062255,2.3601692735,0.028805304873957736
792984,48.8289992,2.3653829,3,,,POINT (2.3653829 48.8289992),15,73,1573,48.8292062255,2.3658679745,0.04231693105758418
8215335905,48.8294197,2.3685602,3,,,POINT (2.3685602 48.8294197),15,74,1574,48.8292062255,2.3677675414999997,0.06269044022925381
7038043773,48.8293158,2.3689961,3,,,POINT (2.3689961 48.8293158),15,75,1575,48.8292062255,2.3696671085,0.050606579636518864
1689012,48.8295977,2.3715575,4,,,POINT (2.3715575 48.8295977),15,76,1576,48.8292062255,2.3715666755,0.043535159591613075
15435252,48.8291873,2.3742163,3,,,POINT (2.3742163 48.8291873),15,77,1577,48.8292062255,2.3734662424999997,0.05494473627454957
14956529,48.8290881,2.3779328,4,,,POINT (2.3779328 48.8290881),15,79,1579,48.8292062255,2.3772653765,0.050590516675428986
7304714,48.8296024,2.3792112,4,traffic_signals,,POINT (2.3792112 48.8296024),15,80,1580,48.8292062255,2.3791649434999997,0.044182529408059786
365930069,48.8290057,2.3817752,3,,,POINT (2.3817752 48.8290057),15,81,1581,48.8292062255,2.3810645105,0.056599850843028834
15435271,48.8295644,2.3831228,3,traffic_signals,,POINT (2.3831228 48.8295644),15,82,1582,48.8292062255,2.3829640775,0.04148727650743425
7304716,48.8288915,2.3839625,3,traffic_signals,,POINT (2.3839625 48.8288915),15,83,1583,48.8292062255,2.3848636444999998,0.07467255708828756
2720107728,48.8293049,2.3905203,4,,,POINT (2.3905203 48.8293049),15,86,1586,48.8292062255,2.3905623455,0.01139559292744275
8220750778,48.8295648,2.401323,4,,,POINT (2.401323 48.8295648),15,92,1592,48.8292062255,2.4019597475,0.06133705627609278
340855540,48.8291844,2.4037213,4,,,POINT (2.4037213 48.8291844),15,93,1593,48.8292062255,2.4038593145,0.010390107421181972
7228489799,48.8300514,2.2759392,2,mini_roundabout,,POINT (2.2759392 48.8300514),16,26,1626,48.8300664465,2.2765883255,0.047544799714401544
125382546,48.8303712,2.2847333,4,,,POINT (2.2847333 48.8303712),16,30,1630,48.8300664465,2.2841865935,0.052438462535494945
141600013,48.8304836,2.2922936,3,,,POINT (2.2922936 48.8304836),16,34,1634,48.8300664465,2.2917848615,0.059483982148948615
116141316,48.8299323,2.2956244,4,,,POINT (2.2956244 48.8299323),16,36,1636,48.8300664465,2.2955839955,0.01520679238960622
139265369,48.830192,2.3019117,3,,,POINT (2.3019117 48.830192),16,39,1639,48.8300664465,2.3012826965,0.048112447196403195
139309538,48.830016,2.3031299,3,,,POINT (2.3031299 48.830016),16,40,1640,48.8300664465,2.3031822635,0.006793885557052343
139309192,48.8299408,2.304922,3,,,POINT (2.304922 48.8299408),16,41,1641,48.8300664465,2.3050818305,0.018222871253081044
8220828356,48.8302986,2.3108928,3,,,POINT (2.3108928 48.8302986),16,44,1644,48.8300664465,2.3107805315,0.027090808775171872
88196523,48.8298988,2.3128918,3,,,POINT (2.3128918 48.8298988),16,45,1645,48.8300664465,2.3126800985,0.024241301001322896
88195739,48.8303795,2.3137989,3,,,POINT (2.3137989 48.8303795),16,46,1646,48.8300664465,2.3145796654999997,0.06691770985231583
88194431,48.8297886,2.3161471,3,,,POINT (2.3161471 48.8297886),16,47,1647,48.8300664465,2.3164792325,0.03931378890702791
152976640,48.8296807,2.3179875,3,,,POINT (2.3179875 48.8296807),16,48,1648,48.8300664465,2.3183787995,0.05157738609826496
158274893,48.8301097,2.3204062,3,traffic_signals,,POINT (2.3204062 48.8301097),16,49,1649,48.8300664465,2.3202783664999997,0.010520964116460363
63111356,48.8302331,2.3234593,3,,,POINT (2.3234593 48.8302331),16,51,1651,48.8300664465,2.3240775005,0.04889892951224147
24924009,48.8302624,2.3258997,3,,,POINT (2.3258997 48.8302624),16,52,1652,48.8300664465,2.3259770674999998,0.022512974838747646
24924004,48.8300689,2.3288176,4,,,POINT (2.3288176 48.8300689),16,53,1653,48.8300664465,2.3278766345,0.06887828385941601
24912961,48.829644,2.3298696,3,,,POINT (2.3298696 48.829644),16,54,1654,48.8300664465,2.3297762015,0.0474688166347612
6344942405,48.8301389,2.33108,3,,,POINT (2.33108 48.8301389),16,55,1655,48.8300664465,2.3316757685,0.04434756784461914
24912996,48.8302394,2.3337937,3,traffic_signals,,POINT (2.3337937 48.8302394),16,56,1656,48.8300664465,2.3335753355,0.02500684022343702
249662126,48.8301976,2.3348977,3,,,POINT (2.3348977 48.8301976),16,57,1657,48.8300664465,2.3354749025,0.04469669450777157
166336183,48.8303723,2.3366892,3,,,POINT (2.3366892 48.8303723),16,58,1658,48.8300664465,2.3373744695,0.06060323452323789
250349381,48.8302846,2.341301,3,,,POINT (2.341301 48.8302846),16,60,1660,48.8300664465,2.3411736034999997,0.025988269252932024
644143,48.8303332,2.3458868,4,traffic_signals,,POINT (2.3458868 48.8303332),16,62,1662,48.8300664465,2.3449727375,0.07318833557118579
21659159,48.8303305,2.3470367,3,,,POINT (2.3470367 48.8303305),16,63,1663,48.8300664465,2.3468723044999997,0.03173166957779735
21659164,48.8299337,2.3484799,3,traffic_signals,,POINT (2.3484799 48.8299337),16,64,1664,48.8300664465,2.3487718715,0.02597391090577123
21658875,48.8299102,2.3527821,3,,,POINT (2.3527821 48.8299102),16,66,1666,48.8300664465,2.3525710054999998,0.02325105995689175
21658878,48.8303532,2.3545654,3,,,POINT (2.3545654 48.8303532),16,67,1667,48.8300664465,2.3544705725,0.03263232120139915
15435230,48.8297754,2.3570818,3,,,POINT (2.3570818 48.8297754),16,68,1668,48.8300664465,2.3563701394999996,0.06132729621099756
15435232,48.8298839,2.3596045,3,,,POINT (2.3596045 48.8298839),16,70,1670,48.8300664465,2.3601692735,0.04605531312813902
792954,48.830241,2.362211,3,,,POINT (2.362211 48.830241),16,71,1671,48.8300664465,2.3620688404999997,0.022022951306317925
792970,48.8302063,2.3675311,4,,,POINT (2.3675311 48.8302063),16,74,1674,48.8300664465,2.3677675414999997,0.023267463201484647
15859525,48.8297453,2.3693882,3,,,POINT (2.3693882 48.8297453),16,75,1675,48.8300664465,2.3696671085,0.0411339623882629
1689013,48.8297197,2.371798,3,,,POINT (2.371798 48.8297197),16,76,1676,48.8300664465,2.3715666755,0.042110795767793634
365929718,48.8300214,2.3773512,3,traffic_signals,,POINT (2.3773512 48.8300214),16,79,1679,48.8300664465,2.3772653765,0.008034644831633566
365929702,48.830115,2.3787214,4,,,POINT (2.3787214 48.830115),16,80,1680,48.8300664465,2.3791649434999997,0.03291275925674327
15435310,48.8301386,2.3805153,4,traffic_signals,,POINT (2.3805153 48.8301386),16,81,1681,48.8300664465,2.3810645105,0.04099441205141149
84762481,48.8300325,2.3866791,3,,,POINT (2.3866791 48.8300325),16,84,1684,48.8300664465,2.3867632115,0.007221868158498502
10606060778,48.8298178,2.4008005,3,,,POINT (2.4008005 48.8298178),16,91,1691,48.8300664465,2.4000601804999997,0.06083639025533277
206092991,48.8300892,2.4020664,3,motorway_junction,,POINT (2.4020664 48.8300892),16,92,1692,48.8300664465,2.4019597475,0.008206599305559016
281675747,48.8311034,2.2829836,3,,,POINT (2.2829836 48.8311034),17,29,1729,48.8309266675,2.2822870265,0.05464356749764155
367823710,48.8311874,2.2918535,3,,,POINT (2.2918535 48.8311874),17,34,1734,48.8309266675,2.2917848615,0.02942424114861851
141600258,48.8305216,2.2932767,3,,,POINT (2.2932767 48.8305216),17,35,1735,48.8309266675,2.2936844284999998,0.05403195586760843
148726565,48.8309508,2.2964374,3,,,POINT (2.2964374 48.8309508),17,36,1736,48.8309266675,2.2955839955,0.06252488820325908
546174059,48.8307275,2.2969261,3,crossing,,POINT (2.2969261 48.8307275),17,37,1737,48.8309266675,2.2974835625,0.04642756379730325
139309881,48.8308562,2.3032892,4,,,POINT (2.3032892 48.8308562),17,40,1740,48.8309266675,2.3031822635,0.01107551809096547
144496998,48.8312647,2.3052695,3,,,POINT (2.3052695 48.8312647),17,41,1741,48.8309266675,2.3050818305,0.04001904048004161
139310596,48.8313171,2.3068415,3,,,POINT (2.3068415 48.8313171),17,42,1742,48.8309266675,2.3069813975,0.044605445360794194
8579744905,48.8309535,2.3123256,3,,,POINT (2.3123256 48.8309535),17,45,1745,48.8309266675,2.3126800985,0.02611945836463302
88194432,48.8306879,2.3142954,3,,,POINT (2.3142954 48.8306879),17,46,1746,48.8309266675,2.3145796654999997,0.033731981110500305
36480663,48.8311355,2.3171503,3,,,POINT (2.3171503 48.8311355),17,47,1747,48.8309266675,2.3164792325,0.054332742194357915
36480662,48.8310473,2.3174929,3,,,POINT (2.3174929 48.8310473),17,48,1748,48.8309266675,2.3183787995,0.06621859814617044
125385881,48.8313378,2.3198354,4,,,POINT (2.3198354 48.8313378),17,49,1749,48.8309266675,2.3202783664999997,0.056046907909767525
36481436,48.8312189,2.3214525,3,,,POINT (2.3214525 48.8312189),17,50,1750,48.8309266675,2.3221779335,0.06225363262479187
36476557,48.8309992,2.3239845,3,,,POINT (2.3239845 48.8309992),17,51,1751,48.8309266675,2.3240775005,0.010554108227689037
2301839480,48.8306847,2.3270431,1,,,POINT (2.3270431 48.8306847),17,53,1753,48.8309266675,2.3278766345,0.06668204768595996
24924005,48.8307875,2.3294427,3,traffic_signals,,POINT (2.3294427 48.8307875),17,54,1754,48.8309266675,2.3297762015,0.028903164846854866
24912999,48.8306706,2.3313255,3,,,POINT (2.3313255 48.8306706),17,55,1755,48.8309266675,2.3316757685,0.038315660177971805
24912997,48.8307241,2.3336052,3,,,POINT (2.3336052 48.8307241),17,56,1756,48.8309266675,2.3335753355,0.022630307134612226
166335615,48.8308933,2.3367227,3,,,POINT (2.3367227 48.8308933),17,58,1758,48.8309266675,2.3373744695,0.04785213939899734
17975526,48.8311038,2.3442585,4,traffic_signals,,POINT (2.3442585 48.8311038),17,62,1762,48.8309266675,2.3449727375,0.05586762280350688
21659163,48.8306297,2.345941,4,traffic_signals,,POINT (2.345941 48.8306297),17,63,1763,48.8309266675,2.3468723044999997,0.07574628324238311
21659155,48.8309873,2.3481524,4,,,POINT (2.3481524 48.8309873),17,64,1764,48.8309266675,2.3487718715,0.04584238026908616
361729,48.8306421,2.3526433,4,traffic_signals,,POINT (2.3526433 48.8306421),17,66,1766,48.8309266675,2.3525710054999998,0.03208190571911335
659902147,48.8309342,2.3545311,3,,,POINT (2.3545311 48.8309342),17,67,1767,48.8309266675,2.3544705725,0.004508953100560383
361706,48.8308507,2.3562364,4,,,POINT (2.3562364 48.8308507),17,68,1768,48.8309266675,2.3563701394999996,0.012930131752302334
506370673,48.8312351,2.3638752,3,,,POINT (2.3638752 48.8312351),17,72,1772,48.8309266675,2.3639684075,0.034968153906813376
792964,48.8305397,2.3660044,3,,,POINT (2.3660044 48.8305397),17,73,1773,48.8309266675,2.3658679745,0.04417240499225538
15859474,48.8310663,2.3681904,1,,,POINT (2.3681904 48.8310663),17,74,1774,48.8309266675,2.3677675414999997,0.03462819188706586
1666520430,48.8311558,2.3691837,3,,,POINT (2.3691837 48.8311558),17,75,1775,48.8309266675,2.3696671085,0.04360273700923884
1689016,48.8310482,2.3743874,3,,,POINT (2.3743874 48.8310482),17,77,1777,48.8309266675,2.3734662424999997,0.06876748059082934
14956517,48.8310681,2.377543,4,,,POINT (2.377543 48.8310681),17,79,1779,48.8309266675,2.3772653765,0.025695992587656143
15435261,48.8310625,2.3798378,3,,,POINT (2.3798378 48.8310625),17,80,1780,48.8309266675,2.3791649434999997,0.05151542927260431
3730979166,48.8311179,2.381167,3,,,POINT (2.381167 48.8311179),17,81,1781,48.8309266675,2.3810645105,0.0225486378772537
6954444988,48.8307916,2.3866429,3,,,POINT (2.3866429 48.8307916),17,84,1784,48.8309266675,2.3867632115,0.017410347150417477
268223189,48.8307588,2.3993519,3,,,POINT (2.3993519 48.8307588),17,91,1791,48.8309266675,2.4000601804999997,0.05510250205160829
162284136,48.8314808,2.2776601,3,,,POINT (2.2776601 48.8314808),18,27,1827,48.8317868885,2.2784878925,0.0694965345967457
5751911426,48.8319256,2.2806672,3,,,POINT (2.2806672 48.8319256),18,28,1828,48.8317868885,2.2803874595,0.025635262595484414
353763952,48.8316204,2.2815563,3,,,POINT (2.2815563 48.8316204),18,29,1829,48.8317868885,2.2822870265,0.05659988847799852
262931591,48.831449,2.2920306,3,,,POINT (2.2920306 48.831449),18,34,1834,48.8317868885,2.2917848615,0.04165522898401827
116147572,48.8321075,2.293388,3,,,POINT (2.293388 48.8321075),18,35,1835,48.8317868885,2.2936844284999998,0.04173402406907946
116142965,48.8317184,2.296276,3,,,POINT (2.296276 48.8317184),18,36,1836,48.8317868885,2.2955839955,0.051221642286160676
116142969,48.8315088,2.2968731,3,,,POINT (2.2968731 48.8315088),18,37,1837,48.8317868885,2.2974835625,0.05433983505033277
17543068,48.8321268,2.3029798,4,traffic_signals,,POINT (2.3029798 48.8321268),18,40,1840,48.8317868885,2.3031822635,0.040597907266339495
139310605,48.8318166,2.3052434,3,,,POINT (2.3052434 48.8318166),18,41,1841,48.8317868885,2.3050818305,0.012279115856443966
144504071,48.8319841,2.3074216,3,,,POINT (2.3074216 48.8319841),18,42,1842,48.8317868885,2.3069813975,0.038975432931743055
88199568,48.8314307,2.3093016,3,traffic_signals,,POINT (2.3093016 48.8314307),18,43,1843,48.8317868885,2.3088809645,0.050166077936768
88198573,48.8320976,2.3104588,3,traffic_signals,,POINT (2.3104588 48.8320976),18,44,1844,48.8317868885,2.3107805315,0.041812103724254715
36476946,48.8319688,2.3135538,3,,,POINT (2.3135538 48.8319688),18,45,1845,48.8317868885,2.3126800985,0.06707448661851077
360978,48.8318162,2.3141451,4,traffic_signals,,POINT (2.3141451 48.8318162),18,46,1846,48.8317868885,2.3145796654999997,0.031975210207145735
36480709,48.8317688,2.3178741,3,,,POINT (2.3178741 48.8317688),18,48,1848,48.8317868885,2.3183787995,0.036996957309792605
88797795,48.8318526,2.3201725,3,,,POINT (2.3201725 48.8318526),18,49,1849,48.8317868885,2.3202783664999997,0.010650677031006655
36481438,48.8317638,2.3219766,4,,,POINT (2.3219766 48.8317638),18,50,1850,48.8317868885,2.3221779335,0.014958866607605481
36481605,48.8317295,2.3239267,3,,,POINT (2.3239267 48.8317295),18,51,1851,48.8317868885,2.3240775005,0.012749910458388835
36476800,48.8314758,2.3254156,3,,,POINT (2.3254156 48.8314758),18,52,1852,48.8317868885,2.3259770674999998,0.053717600691856056
703684349,48.832025,2.3274337,3,,,POINT (2.3274337 48.832025),18,53,1853,48.8317868885,2.3278766345,0.04185872916831918
36473759,48.8313718,2.3299492,3,traffic_signals,,POINT (2.3299492 48.8313718),18,54,1854,48.8317868885,2.3297762015,0.047861277403118054
3002750298,48.8320171,2.3343318,1,,,POINT (2.3343318 48.8320171),18,56,1856,48.8317868885,2.3335753355,0.06100130830212108
249662614,48.8317885,2.3351811,3,,,POINT (2.3351811 48.8317885),18,57,1857,48.8317868885,2.3354749025,0.021506060559819507
166334988,48.8314285,2.338048,3,,,POINT (2.338048 48.8314285),18,58,1858,48.8317868885,2.3373744695,0.06339255142898557
166334525,48.8320621,2.3395597,3,traffic_signals,,POINT (2.3395597 48.8320621),18,59,1859,48.8317868885,2.3392740365,0.03706342590990481
6181512397,48.8319484,2.3411538,4,traffic_signals,,POINT (2.3411538 48.8319484),18,60,1860,48.8317868885,2.3411736034999997,0.018017662927439292
100292375,48.8316883,2.3443707,3,,,POINT (2.3443707 48.8316883),18,62,1862,48.8317868885,2.3449727375,0.045410184941270935
1828852684,48.8315778,2.3477007,3,,,POINT (2.3477007 48.8315778),18,63,1863,48.8317868885,2.3468723044999997,0.06494028352011116
21648733,48.8320676,2.3499045,3,,,POINT (2.3499045 48.8320676),18,65,1865,48.8317868885,2.3506714385,0.06423133013577641
21648725,48.8316654,2.3527505,3,,,POINT (2.3527505 48.8316654),18,66,1866,48.8317868885,2.3525710054999998,0.018844300678194096
769869043,48.8317685,2.3544011,3,,,POINT (2.3544011 48.8317685),18,67,1867,48.8317868885,2.3544705725,0.00548083270116665
361739,48.8318007,2.3567167,3,,,POINT (2.3567167 48.8318007),18,68,1868,48.8317868885,2.3563701394999996,0.025413458476036477
361741,48.8318213,2.3582931,3,traffic_signals,,POINT (2.3582931 48.8318213),18,69,1869,48.8317868885,2.3582697065,0.004192047450293037
361736,48.8319952,2.3599732,3,,,POINT (2.3599732 48.8319952),18,70,1870,48.8317868885,2.3601692735,0.02724901825599908
792958,48.8315837,2.3636711,4,,,POINT (2.3636711 48.8315837),18,72,1872,48.8317868885,2.3639684075,0.031369546342498514
792960,48.8320827,2.3652678,3,,,POINT (2.3652678 48.8320827),18,73,1873,48.8317868885,2.3658679745,0.05488009453944624
1666520431,48.8317593,2.3682701,3,,,POINT (2.3682701 48.8317593),18,74,1874,48.8317868885,2.3677675414999997,0.03691322549822699
15864053,48.8315726,2.3697528,3,,,POINT (2.3697528 48.8315726),18,75,1875,48.8317868885,2.3696671085,0.024639519220345713
15435311,48.8317197,2.3729131,4,,,POINT (2.3729131 48.8317197),18,77,1877,48.8317868885,2.3734662424999997,0.04117164232548661
14956524,48.8313818,2.3757348,2,,,POINT (2.3757348 48.8313818),18,78,1878,48.8317868885,2.3753658095,0.0525207056726619
14956513,48.8318033,2.3766261,3,,,POINT (2.3766261 48.8318033),18,79,1879,48.8317868885,2.3772653765,0.04682836468802372
15435259,48.8318615,2.3790924,3,,,POINT (2.3790924 48.8318615),18,80,1880,48.8317868885,2.3791649434999997,0.009850172904287406
15435263,48.8314396,2.380761,3,,,POINT (2.380761 48.8314396),18,81,1881,48.8317868885,2.3810645105,0.04455110445246537
268209986,48.8317093,2.3847978,3,,,POINT (2.3847978 48.8317093),18,83,1883,48.8317868885,2.3848636444999998,0.009882373454930628
258352543,48.8321596,2.3885816,3,,,POINT (2.3885816 48.8321596),18,85,1885,48.8317868885,2.3886627784999996,0.04186742386358665
360762687,48.8317176,2.3979421,4,,,POINT (2.3979421 48.8317176),18,90,1890,48.8317868885,2.3981606135,0.01775335753524741
206093338,48.8320819,2.4035609,3,,,POINT (2.4035609 48.8320819),18,93,1893,48.8317868885,2.4038593145,0.03941062602909041
673770416,48.832751,2.2787424,3,traffic_signals,,POINT (2.2787424 48.832751),19,27,1927,48.8326471095,2.2784878925,0.02191985624561666
162286787,48.8324374,2.2803014,3,,,POINT (2.2803014 48.8324374),19,28,1928,48.8326471095,2.2803874595,0.024154461822836405
442197,48.8326932,2.2883604,3,,,POINT (2.2883604 48.8326932),19,32,1932,48.8326471095,2.2879857274999997,0.02789900388976191
125383645,48.8324322,2.2889752,3,,,POINT (2.2889752 48.8324322),19,33,1933,48.8326471095,2.2898852945,0.07077133271869007
116147539,48.8329198,2.2922783,3,,,POINT (2.2922783 48.8329198),19,34,1934,48.8326471095,2.2917848615,0.04715789936130709
116143564,48.8329947,2.2942277,3,,,POINT (2.2942277 48.8329947),19,35,1935,48.8326471095,2.2936844284999998,0.05545341405109965
116147645,48.8326812,2.2959852,1,,,POINT (2.2959852 48.8326812),19,36,1936,48.8326471095,2.2955839955,0.02960989711631121
116141321,48.8325305,2.2976153,3,,,POINT (2.2976153 48.8325305),19,37,1937,48.8326471095,2.2974835625,0.016158783374875918
2500391484,48.8326325,2.3010023,3,,,POINT (2.3010023 48.8326325),19,39,1939,48.8326471095,2.3012826965,0.020587884070671462
139312073,48.832922,2.3045142,3,,,POINT (2.3045142 48.832922),19,41,1941,48.8326471095,2.3050818305,0.05158023951907795
139311861,48.8327732,2.307068,3,,,POINT (2.307068 48.8327732),19,42,1942,48.8326471095,2.3069813975,0.015386985799113484
513972750,48.8327368,2.3115395,4,,,POINT (2.3115395 48.8327368),19,44,1944,48.8326471095,2.3107805315,0.05644094787942939
36476947,48.8322287,2.3128614,3,traffic_signals,,POINT (2.3128614 48.8322287),19,45,1945,48.8326471095,2.3126800985,0.048380596049031936
36480971,48.8326702,2.3144866,3,,,POINT (2.3144866 48.8326702),19,46,1946,48.8326471095,2.3145796654999997,0.0072797637940941766
36476891,48.8329513,2.3162465,4,traffic_signals,,POINT (2.3162465 48.8329513),19,47,1947,48.8326471095,2.3164792325,0.03787187899605587
88797711,48.8323167,2.319102,3,,,POINT (2.319102 48.8323167),19,48,1948,48.8326471095,2.3183787995,0.06443549205716266
36480268,48.8324437,2.3205525,3,,,POINT (2.3205525 48.8324437),19,49,1949,48.8326471095,2.3202783664999997,0.030235662050066822
36481440,48.8326319,2.3227086,3,,,POINT (2.3227086 48.8326319),19,50,1950,48.8326471095,2.3221779335,0.03887906988007887
36472431,48.8326864,2.3249093,4,,,POINT (2.3249093 48.8326864),19,51,1951,48.8326471095,2.3240775005,0.0610402929419112
36472566,48.8326214,2.3251053,4,,,POINT (2.3251053 48.8326214),19,52,1952,48.8326471095,2.3259770674999998,0.06387325642371611
568446365,48.8328919,2.3281353,3,,,POINT (2.3281353 48.8328919),19,53,1953,48.8326471095,2.3278766345,0.03315658320743317
100293163,48.833051,2.3359939,4,,,POINT (2.3359939 48.833051),19,57,1957,48.8326471095,2.3354749025,0.05882216789999523
249907843,48.8330726,2.3412677,3,,,POINT (2.3412677 48.8330726),19,60,1960,48.8326471095,2.3411736034999997,0.04781106426387272
2597463119,48.8326622,2.346771,3,,,POINT (2.346771 48.8326622),19,63,1963,48.8326471095,2.3468723044999997,0.00760249688433012
8874682547,48.8329929,2.3513636,3,,,POINT (2.3513636 48.8329929),19,65,1965,48.8326471095,2.3506714385,0.0636013254712464
1731214122,48.8322237,2.3529063,3,,,POINT (2.3529063 48.8322237),19,66,1966,48.8326471095,2.3525710054999998,0.053093619712487675
1981095121,48.8328495,2.3546065,3,traffic_signals,,POINT (2.3546065 48.8328495),19,67,1967,48.8326471095,2.3544705725,0.02460595417338718
361747,48.8328074,2.3564892,4,traffic_signals,,POINT (2.3564892 48.8328074),19,68,1968,48.8326471095,2.3563701394999996,0.01983990682358762
361748,48.8325125,2.3588028,2,,,POINT (2.3588028 48.8325125),19,69,1969,48.8326471095,2.3582697065,0.041792285580131656
6198634678,48.832687,2.3620399,3,traffic_signals,,POINT (2.3620399 48.832687),19,71,1971,48.8326471095,2.3620688404999997,0.004915481278085097
792961,48.8323844,2.364868,3,,,POINT (2.364868 48.8323844),19,72,1972,48.8326471095,2.3639684075,0.07203501163091712
15864050,48.8326046,2.3684351,3,,,POINT (2.3684351 48.8326046),19,74,1974,48.8326471095,2.3677675414999997,0.049090227745258244
15864063,48.8327487,2.3697869,1,,,POINT (2.3697869 48.8327487),19,75,1975,48.8326471095,2.3696671085,0.014299933363298118
15864046,48.8326354,2.3709935,4,,,POINT (2.3709935 48.8326354),19,76,1976,48.8326471095,2.3715666755,0.04197392398870346
382029,48.8327329,2.3747816,3,,,POINT (2.3747816 48.8327329),19,78,1978,48.8326471095,2.3753658095,0.043812462598406175
382039,48.8329781,2.3787715,3,,,POINT (2.3787715 48.8329781),19,80,1980,48.8326471095,2.3791649434999997,0.04673220513157356
268209413,48.8330292,2.3833934,3,,,POINT (2.3833934 48.8330292),19,82,1982,48.8326471095,2.3829640775,0.052844942628861066
558381579,48.8323019,2.384103,3,,,POINT (2.384103 48.8323019),19,83,1983,48.8326471095,2.3848636444999998,0.067625729042216
14956548,48.8330601,2.3874465,3,,,POINT (2.3874465 48.8330601),19,84,1984,48.8326471095,2.3867632115,0.06789843554445545
14956555,48.832878,2.3902588,3,,,POINT (2.3902588 48.832878),19,86,1986,48.8326471095,2.3905623455,0.03395272853743767
15378811,48.8325455,2.3965729,3,,,POINT (2.3965729 48.8325455),19,89,1989,48.8326471095,2.3962610465,0.025469419656686063
130037329,48.8326583,2.399883,3,,,POINT (2.399883 48.8326583),19,91,1991,48.8326471095,2.4000601804999997,0.013028326709859409
268222895,48.8322931,2.4038636,3,,,POINT (2.4038636 48.8322931),19,93,1993,48.8326471095,2.4038593145,0.03936531016812842
1757366871,48.8334992,2.2767248,3,,,POINT (2.2767248 48.8334992),20,26,2026,48.8335073305,2.2765883255,0.010029941637458682
248107539,48.8331553,2.2776132,3,,,POINT (2.2776132 48.8331553),20,27,2027,48.8335073305,2.2784878925,0.07504084171666123
1785132507,48.8333824,2.2863855,3,traffic_signals,,POINT (2.2863855 48.8333824),20,31,2031,48.8335073305,2.2860861605,0.02594263611145119
3158198973,48.8331028,2.2874255,3,,,POINT (2.2874255 48.8331028),20,32,2032,48.8335073305,2.2879857274999997,0.06086709881328068
175077220,48.833712,2.2898917,3,traffic_signals,,POINT (2.2898917 48.833712),20,33,2033,48.8335073305,2.2898852945,0.02276303885783564
148739825,48.8338269,2.2937555,3,,,POINT (2.2937555 48.8338269),20,35,2035,48.8335073305,2.2936844284999998,0.03591325511403847
116141767,48.8333723,2.2961254,3,,,POINT (2.2961254 48.8333723),20,36,2036,48.8335073305,2.2955839955,0.042376746087365184
116141941,48.8337803,2.2978434,3,,,POINT (2.2978434 48.8337803),20,37,2037,48.8335073305,2.2974835625,0.040186779403317024
116141322,48.8334997,2.2987009,4,traffic_signals,,POINT (2.2987009 48.8334997),20,38,2038,48.8335073305,2.2993831295,0.04994230779174693
139311860,48.83331,2.3051224,3,,,POINT (2.3051224 48.83331),20,41,2041,48.8335073305,2.3050818305,0.02214216782838926
5700619789,48.8336301,2.3090052,3,,,POINT (2.3090052 48.8336301),20,43,2043,48.8335073305,2.3088809645,0.01640265163638994
36477660,48.8337163,2.3149783,4,,,POINT (2.3149783 48.8337163),20,46,2046,48.8335073305,2.3145796654999997,0.037299590591365867
36476890,48.833401,2.3170888,3,,,POINT (2.3170888 48.833401),20,47,2047,48.8335073305,2.3164792325,0.04615674341646146
36476888,48.8336965,2.3176599,3,,,POINT (2.3176599 48.8336965),20,48,2048,48.8335073305,2.3183787995,0.056667622271859515
641377098,48.8334711,2.3197032,1,,,POINT (2.3197032 48.8334711),20,49,2049,48.8335073305,2.3202783664999997,0.0422910654851261
36479826,48.8337933,2.3215669,3,,,POINT (2.3215669 48.8337933),20,50,2050,48.8335073305,2.3221779335,0.05487584400257924
36479827,48.8332458,2.3232408,3,,,POINT (2.3232408 48.8332458),20,51,2051,48.8335073305,2.3240775005,0.06779550695578207
36472568,48.8335716,2.3258159,4,,,POINT (2.3258159 48.8335716),20,52,2052,48.8335073305,2.3259770674999998,0.013792341164224724
36475835,48.8336822,2.327871,3,,,POINT (2.327871 48.8336822),20,53,2053,48.8335073305,2.3278766345,0.019448974252037614
510573326,48.8332819,2.3315819,3,crossing,,POINT (2.3315819 48.8332819),20,55,2055,48.8335073305,2.3316757685,0.025991274249719025
661209,48.8337679,2.3333573,3,,,POINT (2.3333573 48.8337679),20,56,2056,48.8335073305,2.3335753355,0.03307835856747724
249907398,48.833411,2.3358656,3,,,POINT (2.3358656 48.833411),20,57,2057,48.8335073305,2.3354749025,0.03053700489484201
2140279457,48.8337827,2.3380526,3,,,POINT (2.3380526 48.8337827),20,58,2058,48.8335073305,2.3373744695,0.058319743849526116
249910847,48.8331134,2.3412772,3,,,POINT (2.3412772 48.8331134),20,60,2060,48.8335073305,2.3411736034999997,0.044454539710852635
245399630,48.8338647,2.3457564,3,,,POINT (2.3457564 48.8338647),20,62,2062,48.8335073305,2.3449727375,0.0697793524732999
10916876654,48.8331149,2.3513784,3,,,POINT (2.3513784 48.8331149),20,65,2065,48.8335073305,2.3506714385,0.06768844150293826
1731116552,48.8334887,2.3528187,1,,,POINT (2.3528187 48.8334887),20,66,2066,48.8335073305,2.3525710054999998,0.018247725024556207
21648029,48.8334002,2.3542155,4,traffic_signals,,POINT (2.3542155 48.8334002),20,67,2067,48.8335073305,2.3544705725,0.022146459697854438
21647889,48.833254,2.356823,3,,,POINT (2.356823 48.833254),20,68,2068,48.8335073305,2.3563701394999996,0.04349946259141563
644154,48.8339274,2.3598546,3,,,POINT (2.3598546 48.8339274),20,70,2070,48.8335073305,2.3601692735,0.05207940679504277
2606206621,48.8332469,2.3616568,3,,,POINT (2.3616568 48.8332469),20,71,2071,48.8335073305,2.3620688404999997,0.04181101281324831
792962,48.8333207,2.3636524,4,,,POINT (2.3636524 48.8333207),20,72,2072,48.8335073305,2.3639684075,0.031074950053502835
382050,48.833824,2.3650971,4,traffic_signals,,POINT (2.3650971 48.833824),20,73,2073,48.8335073305,2.3658679745,0.0665091364442521
15864049,48.8332783,2.369658,4,traffic_signals,,POINT (2.369658 48.8332783),20,75,2075,48.8335073305,2.3696671085,0.025475754613881046
558381400,48.833642,2.3819421,3,,,POINT (2.3819421 48.833642),20,81,2081,48.8335073305,2.3810645105,0.06595656411636433
558381585,48.8335564,2.3826949,3,,,POINT (2.3826949 48.8335564),20,82,2082,48.8335073305,2.3829640775,0.020443734155813024
14956547,48.8338856,2.3889828,3,traffic_signals,,POINT (2.3889828 48.8338856),20,85,2085,48.8335073305,2.3886627784999996,0.048144008273365325
442301,48.8336313,2.3948808,3,,,POINT (2.3948808 48.8336313),20,88,2088,48.8335073305,2.3943614794999997,0.04043344054582691
15378815,48.8336402,2.3985065,3,,,POINT (2.3985065 48.8336402),20,90,2090,48.8335073305,2.3981606135,0.029312498357931312
10200458460,48.8334469,2.4020516,3,,,POINT (2.4020516 48.8334469),20,92,2092,48.8335073305,2.4019597475,0.009505367808357366
268222898,48.8338538,2.4036293,3,,,POINT (2.4036293 48.8338538),20,93,2093,48.8335073305,2.4038593145,0.04204359462953731
368075,48.8333363,2.4057115,3,,,POINT (2.4057115 48.8333363),20,94,2094,48.8335073305,2.4057588814999997,0.01933135201129528
258357503,48.8339231,2.4067915,3,,,POINT (2.4067915 48.8339231),20,95,2095,48.8335073305,2.4076584485,0.07851053556924362
880438434,48.8344887,2.2617073,3,,,POINT (2.2617073 48.8344887),21,18,2118,48.8343675515,2.2613917895,0.026734982574459623
180283627,48.8343323,2.2651008,3,,,POINT (2.2651008 48.8343323),21,20,2120,48.8343675515,2.2651909235,0.007673138977224198
318303215,48.83457,2.26695,4,traffic_signals,,POINT (2.26695 48.83457),21,21,2121,48.8343675515,2.2670904904999998,0.02474860516780327
141589282,48.8341341,2.2771345,4,,,POINT (2.2771345 48.8341341),21,26,2126,48.8343675515,2.2765883255,0.047664853504158354
6198530096,48.8344462,2.2840518,4,,,POINT (2.2840518 48.8344462),21,30,2130,48.8343675515,2.2841865935,0.013183945942397485
175080067,48.8345208,2.2858489,1,,,POINT (2.2858489 48.8345208),21,31,2131,48.8343675515,2.2860861605,0.024329925038803202
175077117,48.8345902,2.288311,3,,,POINT (2.288311 48.8345902),21,32,2132,48.8343675515,2.2879857274999997,0.03434714657570247
116118809,48.8343989,2.2899441,3,,,POINT (2.2899441 48.8343989),21,33,2133,48.8343675515,2.2898852945,0.005538621440885757
116147537,48.8341647,2.294323,3,,,POINT (2.294323 48.8341647),21,35,2135,48.8343675515,2.2936844284999998,0.05189700495724342
116139243,48.8344841,2.2956671,4,traffic_signals,,POINT (2.2956671 48.8344841),21,36,2136,48.8343675515,2.2955839955,0.01431606674984107
116141764,48.8340564,2.2969882,3,,,POINT (2.2969882 48.8340564),21,37,2137,48.8343675515,2.2974835625,0.050116138741264214
116142353,48.8346265,2.2988501,2,,,POINT (2.2988501 48.8346265),21,38,2138,48.8343675515,2.2993831295,0.04848871856047748
36483071,48.8347253,2.3051594,4,traffic_signals,,POINT (2.3051594 48.8347253),21,41,2141,48.8343675515,2.3050818305,0.040182931433616224
36482973,48.8343446,2.3064662,3,,,POINT (2.3064662 48.8343446),21,42,2142,48.8343675515,2.3069813975,0.03779498232789764
125488831,48.8344154,2.3084983,4,traffic_signals,,POINT (2.3084983 48.8344154),21,43,2143,48.8343675515,2.3088809645,0.028509115208957048
249549574,48.8339936,2.3123789,1,,,POINT (2.3123789 48.8339936),21,45,2145,48.8343675515,2.3126800985,0.04706412016645242
36478941,48.834765,2.3155258,3,,,POINT (2.3155258 48.834765),21,46,2146,48.8343675515,2.3145796654999997,0.08215034841555402
36478355,48.8343666,2.3161463,3,,,POINT (2.3161463 48.8343666),21,47,2147,48.8343675515,2.3164792325,0.024368468054898732
36476886,48.8343841,2.31895,3,,,POINT (2.31895 48.8343841),21,48,2148,48.8343675515,2.3183787995,0.04184819165824704
36480043,48.8343836,2.3217889,3,traffic_signals,,POINT (2.3217889 48.8343836),21,50,2150,48.8343675515,2.3221779335,0.028530282352678456
36472283,48.8340841,2.3243448,3,,,POINT (2.3243448 48.8340841),21,51,2151,48.8343675515,2.3240775005,0.03709682857647343
36472569,48.8342121,2.3262906,4,traffic_signals,,POINT (2.3262906 48.8342121),21,52,2152,48.8343675515,2.3259770674999998,0.02872997999726799
36475793,48.8346021,2.3278623,3,,,POINT (2.3278623 48.8346021),21,53,2153,48.8343675515,2.3278766345,0.02610169806629613
36474702,48.8341265,2.3291426,3,,,POINT (2.3291426 48.8341265),21,54,2154,48.8343675515,2.3297762015,0.05356390218135112
510582029,48.8342836,2.3322836,3,,,POINT (2.3322836 48.8342836),21,55,2155,48.8343675515,2.3316757685,0.04545770131109468
36474058,48.8344165,2.3333776,3,,,POINT (2.3333776 48.8344165),21,56,2156,48.8343675515,2.3335753355,0.01546240928490157
21292410,48.834607,2.3369678,4,traffic_signals,,POINT (2.3369678 48.834607),21,58,2158,48.8343675515,2.3373744695,0.039935960359045966
100292741,48.8341573,2.3448449,4,traffic_signals,,POINT (2.3448449 48.8341573),21,62,2162,48.8343675515,2.3449727375,0.025181790744076463
21659597,48.8339996,2.3463329,3,,,POINT (2.3463329 48.8339996),21,63,2163,48.8343675515,2.3468723044999997,0.05685686889574443
6193754797,48.8345189,2.3489605,3,,,POINT (2.3489605 48.8345189),21,64,2164,48.8343675515,2.3487718715,0.021767705856712262
21648918,48.8347913,2.3509989,3,,,POINT (2.3509989 48.8347913),21,65,2165,48.8343675515,2.3506714385,0.052864174401998094
1731209419,48.8346586,2.3533409,3,,,POINT (2.3533409 48.8346586),21,66,2166,48.8343675515,2.3525710054999998,0.06498270477754539
1731116570,48.8339453,2.3538424,3,,,POINT (2.3538424 48.8339453),21,67,2167,48.8343675515,2.3544705725,0.06571510000600982
247757845,48.8341093,2.3557204,3,,,POINT (2.3557204 48.8341093),21,68,2168,48.8343675515,2.3563701394999996,0.0555538285729669
21647887,48.8345661,2.3577985,4,traffic_signals,,POINT (2.3577985 48.8345661),21,69,2169,48.8343675515,2.3582697065,0.04094995218438388
15859515,48.8344802,2.3637848,3,,,POINT (2.3637848 48.8344802),21,72,2172,48.8343675515,2.3639684075,0.018371128949399327
15859479,48.8345714,2.367376,3,,,POINT (2.367376 48.8345714),21,74,2174,48.8343675515,2.3677675414999997,0.03653855922926749
382045,48.8344579,2.3731375,4,traffic_signals,,POINT (2.3731375 48.8344579),21,77,2177,48.8343675515,2.3734662424999997,0.026074617820442753
14956543,48.8345784,2.3862117,3,,,POINT (2.3862117 48.8345784),21,84,2184,48.8343675515,2.3867632115,0.0466812532508918
14956546,48.8347399,2.3879034,3,,,POINT (2.3879034 48.8347399),21,85,2185,48.8343675515,2.3886627784999996,0.06930694886090925
15378813,48.8345886,2.3968912,3,,,POINT (2.3968912 48.8345886),21,89,2189,48.8343675515,2.3962610465,0.052263182743186434
15378814,48.8341736,2.3977284,3,,,POINT (2.3977284 48.8341736),21,90,2190,48.8343675515,2.3981606135,0.038286818148220284
2334245986,48.8346807,2.4007504,3,,,POINT (2.4007504 48.8346807),21,91,2191,48.8343675515,2.4000601804999997,0.0613565582709296
1088437030,48.8342905,2.404433,3,,,POINT (2.404433 48.8342905),21,93,2193,48.8343675515,2.4038593145,0.0428548237452808
206092892,48.8343082,2.4098701,3,,,POINT (2.4098701 48.8343082),21,96,2196,48.8343675515,2.4095580154999996,0.023776596805999743
368078,48.8343583,2.4113663,4,,,POINT (2.4113663 48.8343583),21,97,2197,48.8343675515,2.4114575824999998,0.0067599489708145164
5291742745,48.8351005,2.2552294,3,,,POINT (2.2552294 48.8351005),22,15,2215,48.8352277725,2.2556930885,0.03677056488015996
208911944,48.8352603,2.2584987,3,,,POINT (2.2584987 48.8352603),22,16,2216,48.8352277725,2.2575926555,0.06641327087031137
89163093,48.8348349,2.2599189,3,,,POINT (2.2599189 48.8348349),22,17,2217,48.8352277725,2.2594922225,0.053699947991851
208907968,48.8351857,2.2605631,3,motorway_junction,,POINT (2.2605631 48.8351857),22,18,2218,48.8352277725,2.2613917895,0.06083318192369239
180296377,48.8354004,2.2669096,5,traffic_signals,,POINT (2.2669096 48.8354004),22,21,2221,48.8352277725,2.2670904904999998,0.023318386336800542
180296150,48.8354973,2.2691422,3,,,POINT (2.2691422 48.8354973),22,22,2222,48.8352277725,2.2689900575,0.031971952857380984
280189496,48.8354709,2.2716603,3,motorway_junction,,POINT (2.2716603 48.8354709),22,23,2223,48.8352277725,2.2708896245,0.0625506723595765
25078031,48.8352948,2.2723383,3,motorway_junction,,POINT (2.2723383 48.8352948),22,24,2224,48.8352277725,2.2727891915,0.03383253966355809
25078032,48.8348198,2.2740203,3,motorway_junction,,POINT (2.2740203 48.8348198),22,25,2225,48.8352277725,2.2746887585,0.0667207285388712
34909764,48.8352771,2.280995,3,,,POINT (2.280995 48.8352771),22,28,2228,48.8352277725,2.2803874595,0.04480376940193656
116137021,48.8352546,2.2854647,3,,,POINT (2.2854647 48.8352546),22,31,2231,48.8352277725,2.2860861605,0.04558331130958539
116124379,48.8351269,2.2890224,4,,,POINT (2.2890224 48.8351269),22,33,2233,48.8352277725,2.2898852945,0.06414486704077443
110548702,48.8348462,2.2917153,3,,,POINT (2.2917153 48.8348462),22,34,2234,48.8352277725,2.2917848615,0.04273330544638904
3633222254,48.8354993,2.2927761,3,,,POINT (2.2927761 48.8354993),22,35,2235,48.8352277725,2.2936844284999998,0.07301647026755544
116139382,48.8349499,2.2961151,3,,,POINT (2.2961151 48.8349499),22,36,2236,48.8352277725,2.2955839955,0.04965634713994848
116142358,48.8356315,2.2997386,3,,,POINT (2.2997386 48.8356315),22,38,2238,48.8352277725,2.2993831295,0.0518867243695852
116140169,48.8355214,2.3006958,4,,,POINT (2.3006958 48.8355214),22,39,2239,48.8352277725,2.3012826965,0.05395559981111197
116126870,48.8353968,2.3027901,3,traffic_signals,,POINT (2.3027901 48.8353968),22,40,2240,48.8352277725,2.3031822635,0.03430907805758057
36483203,48.835153,2.3055295,3,,,POINT (2.3055295 48.835153),22,41,2241,48.8352277725,2.3050818305,0.03380404453703847
166203717,48.8351503,2.3077904,3,,,POINT (2.3077904 48.8351503),22,42,2242,48.8352277725,2.3069813975,0.05983549729250318
125487646,48.8353905,2.3117973,4,,,POINT (2.3117973 48.8353905),22,45,2245,48.8352277725,2.3126800985,0.06709901414312802
36477762,48.8351529,2.3149402,3,,,POINT (2.3149402 48.8351529),22,46,2246,48.8352277725,2.3145796654999997,0.027670259278531915
36478356,48.8350378,2.3173357,3,,,POINT (2.3173357 48.8350378),22,47,2247,48.8352277725,2.3164792325,0.06614972875821541
36478357,48.8352923,2.3177901,3,,,POINT (2.3177901 48.8352923),22,48,2248,48.8352277725,2.3183787995,0.043681084509500145
36476885,48.8350992,2.3203191,4,,,POINT (2.3203191 48.8350992),22,49,2249,48.8352277725,2.3202783664999997,0.014604159983457972
21389569,48.8351053,2.3239317,3,,,POINT (2.3239317 48.8351053),22,51,2251,48.8352277725,2.3240775005,0.017301350088083596
36475791,48.8353948,2.325727,4,,,POINT (2.325727 48.8353948),22,52,2252,48.8352277725,2.3259770674999998,0.026075535338757994
36472843,48.835165,2.3299977,4,traffic_signals,,POINT (2.3299977 48.835165),22,54,2254,48.8352277725,2.3297762015,0.017650580691984954
36473079,48.8349858,2.3318586,3,,,POINT (2.3318586 48.8349858),22,55,2255,48.8352277725,2.3316757685,0.030050123588759293
510569646,48.8350705,2.3331108,3,,,POINT (2.3331108 48.8350705),22,56,2256,48.8352277725,2.3335753355,0.038233923867448213
36467166,48.8353782,2.3416844,3,,,POINT (2.3416844 48.8353782),22,60,2260,48.8352277725,2.3411736034999997,0.040957171318958215
21292407,48.8349574,2.3449903,4,traffic_signals,,POINT (2.3449903 48.8349574),22,62,2262,48.8352277725,2.3449727375,0.03009151786806419
287541859,48.8350578,2.3464079,4,traffic_signals,,POINT (2.3464079 48.8350578),22,63,2263,48.8352277725,2.3468723044999997,0.03889174139064207
3375721551,48.8354212,2.3482081,3,,,POINT (2.3482081 48.8354212),22,64,2264,48.8352277725,2.3487718715,0.0465322612995893
21648931,48.8349419,2.3507676,3,,,POINT (2.3507676 48.8349419),22,65,2265,48.8352277725,2.3506714385,0.03255743046817225
21648011,48.8348738,2.3531912,3,traffic_signals,,POINT (2.3531912 48.8348738),22,66,2266,48.8352277725,2.3525710054999998,0.06008110916444608
21647969,48.8355413,2.3541711,3,,,POINT (2.3541711 48.8355413),22,67,2267,48.8352277725,2.3544705725,0.04118055137926935
21647508,48.8355334,2.3561121,3,,,POINT (2.3561121 48.8355334),22,68,2268,48.8352277725,2.3563701394999996,0.03887952570988018
644156,48.8355614,2.3585395,3,,,POINT (2.3585395 48.8355614),22,69,2269,48.8352277725,2.3582697065,0.042025744720478674
15859502,48.8352646,2.3694487,3,traffic_signals,,POINT (2.3694487 48.8352646),22,75,2275,48.8352277725,2.3696671085,0.016501810973486228
382046,48.835541,2.3721229,3,,,POINT (2.3721229 48.835541),22,76,2276,48.8352277725,2.3715666755,0.053576552218341546
14956512,48.8348853,2.3739199,3,,,POINT (2.3739199 48.8348853),22,77,2277,48.8352277725,2.3734662424999997,0.050524073506447574
164410285,48.8350072,2.3802768,3,,,POINT (2.3802768 48.8350072),22,81,2281,48.8352277725,2.3810645105,0.0626539226312414
14956532,48.8352923,2.38535,4,traffic_signals,,POINT (2.38535 48.8352923),22,83,2283,48.8352277725,2.3848636444999998,0.03631298127796307
14956545,48.8351891,2.3873395,4,,,POINT (2.3873395 48.8351891),22,84,2284,48.8352277725,2.3867632115,0.04239805484927474
257712873,48.8352787,2.392795,4,traffic_signals,,POINT (2.392795 48.8352787),22,87,2287,48.8352277725,2.3924619125,0.02502820924438955
8809435,48.8356232,2.3970758,3,,,POINT (2.3970758 48.8356232),22,89,2289,48.8352277725,2.3962610465,0.07409039946224488
15378848,48.8354094,2.3978772,3,traffic_signals,,POINT (2.3978772 48.8354094),22,90,2290,48.8352277725,2.3981606135,0.028951164193641372
245277023,48.8350454,2.4038206,3,,,POINT (2.4038206 48.8350454),22,93,2293,48.8352277725,2.4038593145,0.020475908013376325
1088436935,48.834913,2.4054698,4,,,POINT (2.4054698 48.834913),22,94,2294,48.8352277725,2.4057588814999997,0.04089931352279663
333677006,48.8350889,2.408263,4,,,POINT (2.408263 48.8350889),22,95,2295,48.8352277725,2.4076584485,0.04686517892209678
139270183,48.8359601,2.2542974,3,,,POINT (2.2542974 48.8359601),23,14,2314,48.8360879935,2.2537935215,0.0395259693190299
112413018,48.8358504,2.2557717,3,,,POINT (2.2557717 48.8358504),23,15,2315,48.8360879935,2.2556930885,0.027038448186234878
260660323,48.8361663,2.257298,3,,,POINT (2.257298 48.8361663),23,16,2316,48.8360879935,2.2575926555,0.02325734533594723
260661668,48.8361567,2.2599613,3,,,POINT (2.2599613 48.8361567),23,17,2317,48.8360879935,2.2594922225,0.0351716269643416
1027145617,48.8361589,2.2609164,3,,,POINT (2.2609164 48.8361589),23,18,2318,48.8360879935,2.2613917895,0.035675977991664304
366094508,48.8363796,2.2637382,3,,,POINT (2.2637382 48.8363796),23,19,2319,48.8360879935,2.2632913565,0.046054033650186316
180269744,48.8365088,2.2675467,3,,,POINT (2.2675467 48.8365088),23,21,2321,48.8360879935,2.2670904904999998,0.05748335810967159
180297487,48.8357923,2.2704397,3,,,POINT (2.2704397 48.8357923),23,23,2323,48.8360879935,2.2708896245,0.04653455908237535
5647775594,48.8361634,2.2783463,4,,,POINT (2.2783463 48.8361634),23,27,2327,48.8360879935,2.2784878925,0.01333044121751548
116120352,48.8363903,2.2805733,3,,,POINT (2.2805733 48.8363903),23,28,2328,48.8360879935,2.2803874595,0.03626251641323665
6953649865,48.8361877,2.2814554,3,,,POINT (2.2814554 48.8361877),23,29,2329,48.8360879935,2.2822870265,0.061868354324852215
116137774,48.8359462,2.2885417,3,,,POINT (2.2885417 48.8359462),23,32,2332,48.8360879935,2.2879857274999997,0.04363957310042617
116118812,48.8358091,2.2896988,4,traffic_signals,,POINT (2.2896988 48.8358091),23,33,2333,48.8360879935,2.2898852945,0.03388255631998598
116138680,48.8360784,2.2918382,3,,,POINT (2.2918382 48.8360784),23,34,2334,48.8360879935,2.2917848615,0.004046980263970016
501556367,48.8359636,2.2937013,3,traffic_signals,,POINT (2.2937013 48.8359636),23,35,2335,48.8360879935,2.2936844284999998,0.013886935788356243
116139798,48.8361469,2.297233,4,traffic_signals,,POINT (2.297233 48.8361469),23,37,2337,48.8360879935,2.2974835625,0.019473372521578877
139247101,48.8364517,2.299109,3,,,POINT (2.299109 48.8364517),23,38,2338,48.8360879935,2.2993831295,0.0451456094927601
148947688,48.8359527,2.3008559,3,,,POINT (2.3008559 48.8359527),23,39,2339,48.8360879935,2.3012826965,0.03467122335555241
257149258,48.8362957,2.3066604,3,,,POINT (2.3066604 48.8362957),23,42,2342,48.8360879935,2.3069813975,0.032945120095457935
263332511,48.8362689,2.3102899,3,,,POINT (2.3102899 48.8362689),23,44,2344,48.8360879935,2.3107805315,0.04115982236859071
36478359,48.8358752,2.3188244,3,,,POINT (2.3188244 48.8358752),23,48,2348,48.8360879935,2.3183787995,0.04029293362391195
36479232,48.8364921,2.3201463,4,,,POINT (2.3201463 48.8364921),23,49,2349,48.8360879935,2.3202783664999997,0.04596246233349595
36476880,48.8361984,2.3221818,3,,,POINT (2.3221818 48.8361984),23,50,2350,48.8360879935,2.3221779335,0.012279903841431366
36471649,48.8362216,2.3234901,3,,,POINT (2.3234901 48.8362216),23,51,2351,48.8360879935,2.3240775005,0.045486438019496984
36476106,48.8361673,2.3254182,3,,,POINT (2.3254182 48.8361673),23,52,2352,48.8360879935,2.3259770674999998,0.04184339975423459
36472067,48.836017,2.3276344,3,traffic_signals,,POINT (2.3276344 48.836017),23,53,2353,48.8360879935,2.3278766345,0.019407263845827746
36466893,48.8358733,2.3377495,3,,,POINT (2.3377495 48.8358733),23,58,2358,48.8360879935,2.3373744695,0.036377723313554364
21659621,48.8360726,2.346704,3,,,POINT (2.346704 48.8360726),23,63,2363,48.8360879935,2.3468723044999997,0.012436598877447653
21659624,48.8359953,2.3484769,4,traffic_signals,,POINT (2.3484769 48.8359953),23,64,2364,48.8360879935,2.3487718715,0.023923256229290448
21649683,48.8361105,2.3497241,3,,,POINT (2.3497241 48.8361105),23,65,2365,48.8360879935,2.3506714385,0.06938104285954311
21648013,48.8358433,2.3525166,4,traffic_signals,,POINT (2.3525166 48.8358433),23,66,2366,48.8360879935,2.3525710054999998,0.02749850983388261
21647985,48.8364135,2.3535798,3,,,POINT (2.3535798 48.8364135),23,67,2367,48.8360879935,2.3544705725,0.07456891430791333
247757518,48.8363095,2.3580141,3,,,POINT (2.3580141 48.8363095),23,69,2369,48.8360879935,2.3582697065,0.03092960285669848
15859511,48.8359729,2.3601021,3,,,POINT (2.3601021 48.8359729),23,70,2370,48.8360879935,2.3601692735,0.013709686045025605
15859507,48.8356684,2.3698368,3,,,POINT (2.3698368 48.8356684),23,75,2375,48.8360879935,2.3696671085,0.04828142889961552
382049,48.8362129,2.3714895,4,traffic_signals,,POINT (2.3714895 48.8362129),23,76,2376,48.8360879935,2.3715666755,0.014993626607317925
14956515,48.8356807,2.3753779,3,traffic_signals,,POINT (2.3753779 48.8356807),23,78,2378,48.8360879935,2.3753658095,0.04529761524286405
14956533,48.8363194,2.3850482,3,,,POINT (2.3850482 48.8363194),23,83,2383,48.8360879935,2.3848636444999998,0.029061178279134948
390248,48.836057,2.3867648,2,,,POINT (2.3867648 48.836057),23,84,2384,48.8360879935,2.3867632115,0.0034482804811675908
442296,48.8360773,2.3921752,3,,,POINT (2.3921752 48.8360773),23,87,2387,48.8360879935,2.3924619125,0.021018213155677447
15378820,48.8358926,2.394196,3,,,POINT (2.394196 48.8358926),23,88,2388,48.8360879935,2.3943614794999997,0.024874502631837367
15378831,48.8362971,2.3989921,3,,,POINT (2.3989921 48.8362971),23,90,2390,48.8360879935,2.3981606135,0.06514718405075139
15378833,48.8361958,2.4003697,3,,,POINT (2.4003697 48.8361958),23,91,2391,48.8360879935,2.4000601804999997,0.02562995338853033
159658785,48.8364708,2.4040676,3,,,POINT (2.4040676 48.8364708),23,93,2393,48.8360879935,2.4038593145,0.04521358351631317
1440476485,48.8358964,2.4056372,3,,,POINT (2.4056372 48.8358964),23,94,2394,48.8360879935,2.4057588814999997,0.02309080514695646
130037378,48.8364456,2.4078262,3,,,POINT (2.4078262 48.8364456),23,95,2395,48.8360879935,2.4076584485,0.041616348773978705
268222431,48.8360544,2.4089926,3,,,POINT (2.4089926 48.8360544),23,96,2396,48.8360879935,2.4095580154999996,0.04155114305484818
206092849,48.8361683,2.4121414,3,motorway_junction,,POINT (2.4121414 48.8361683),23,97,2397,48.8360879935,2.4114575824999998,0.05083908392225702
8194889283,48.8362172,2.4127315,3,,,POINT (2.4127315 48.8362172),23,98,2398,48.8360879935,2.4133571495,0.0479923185974687
139262743,48.8368099,2.2536054,4,,,POINT (2.2536054 48.8368099),24,14,2414,48.8369482145,2.2537935215,0.020642437880473208
25077720,48.8367875,2.2556906,3,,,POINT (2.2556906 48.8367875),24,15,2415,48.8369482145,2.2556930885,0.01787156512033255
260618120,48.8371916,2.2595867,3,,,POINT (2.2595867 48.8371916),24,17,2417,48.8369482145,2.2594922225,0.02793262518966851
260617860,48.836909,2.2615411,3,,,POINT (2.2615411 48.836909),24,18,2418,48.8369482145,2.2613917895,0.011765721740520999
260657625,48.8367126,2.2629115,4,,,POINT (2.2629115 48.8367126),24,19,2419,48.8369482145,2.2632913565,0.038200926479572524
1370183136,48.8372908,2.2705431,3,,,POINT (2.2705431 48.8372908),24,23,2423,48.8369482145,2.2708896245,0.04576407010992915
6760443699,48.837062,2.2744356,5,,,POINT (2.2744356 48.837062),24,25,2425,48.8369482145,2.2746887585,0.02243621084471784
116135091,48.8371395,2.2772669,3,,,POINT (2.2772669 48.8371395),24,26,2426,48.8369482145,2.2765883255,0.054027135529224904
367316716,48.8368734,2.2784388,3,,,POINT (2.2784388 48.8368734),24,27,2427,48.8369482145,2.2784878925,0.009061761310970863
116121031,48.8368606,2.2836148,4,traffic_signals,,POINT (2.2836148 48.8368606),24,30,2430,48.8369482145,2.2841865935,0.04296802971935131
116118814,48.8373627,2.2894094,3,,,POINT (2.2894094 48.8373627),24,33,2433,48.8369482145,2.2898852945,0.057769379772491664
116123725,48.8373765,2.2919417,3,,,POINT (2.2919417 48.8373765),24,34,2434,48.8369482145,2.2917848615,0.0489870346382571
142635449,48.8367528,2.2927354,3,,,POINT (2.2927354 48.8367528),24,35,2435,48.8369482145,2.2936844284999998,0.07277803922145866
110548697,48.8368743,2.2957805,3,,,POINT (2.2957805 48.8368743),24,36,2436,48.8369482145,2.2955839955,0.01656477201535023
112014706,48.8370025,2.2971741,3,,,POINT (2.2971741 48.8370025),24,37,2437,48.8369482145,2.2974835625,0.023439795391643255
116126781,48.8367488,2.2995386,4,,,POINT (2.2995386 48.8367488),24,38,2438,48.8369482145,2.2993831295,0.024923018659640462
501556747,48.8367705,2.3032805,3,,,POINT (2.3032805 48.8367705),24,40,2440,48.8369482145,2.3031822635,0.02102828983231317
139250877,48.837042,2.3056246,3,,,POINT (2.3056246 48.837042),24,41,2441,48.8369482145,2.3050818305,0.04107072660283407
597749893,48.8367284,2.306345,3,traffic_signals,,POINT (2.306345 48.8367284),24,42,2442,48.8369482145,2.3069813975,0.05260109831820732
116114649,48.8370855,2.3106522,3,,,POINT (2.3106522 48.8370855),24,44,2444,48.8369482145,2.3107805315,0.017923499937746504
139260301,48.8369185,2.3127907,3,,,POINT (2.3127907 48.8369185),24,45,2445,48.8369482145,2.3126800985,0.008743171754212962
36479233,48.8367592,2.3207375,4,,,POINT (2.3207375 48.8367592),24,49,2449,48.8369482145,2.3202783664999997,0.03963499711024453
36479234,48.837033,2.321369,3,,,POINT (2.321369 48.837033),24,50,2450,48.8369482145,2.3221779335,0.059950879639676165
36472072,48.8372329,2.3240066,3,,,POINT (2.3240066 48.8372329),24,51,2451,48.8369482145,2.3240775005,0.03207807521152153
36472071,48.8366188,2.3258462,3,,,POINT (2.3258462 48.8366188),24,52,2452,48.8369482145,2.3259770674999998,0.03786079242413186
36473226,48.8369723,2.3314555,3,,,POINT (2.3314555 48.8369723),24,55,2455,48.8369482145,2.3316757685,0.016342164870892534
36600643,48.8370025,2.3365485,1,,,POINT (2.3365485 48.8370025),24,58,2458,48.8369482145,2.3373744695,0.06075243583664409
1142990067,48.836936,2.3505855,3,,,POINT (2.3505855 48.836936),24,65,2465,48.8369482145,2.3506714385,0.006434721208527231
1142990134,48.837098,2.3527005,3,,,POINT (2.3527005 48.837098),24,66,2466,48.8369482145,2.3525710054999998,0.019163140586764108
21647972,48.8372105,2.3551303,3,,,POINT (2.3551303 48.8372105),24,67,2467,48.8369482145,2.3544705725,0.05640915888100418
558304066,48.836865,2.3560187,3,,,POINT (2.3560187 48.836865),24,68,2468,48.8369482145,2.3563701394999996,0.027335229311382693
361045,48.8365766,2.3592953,5,traffic_signals,,POINT (2.3592953 48.8365766),24,70,2470,48.8369482145,2.3601692735,0.07615153946206454
15859501,48.8366689,2.3719032,4,,,POINT (2.3719032 48.8366689),24,76,2476,48.8369482145,2.3715666755,0.03963906770874108
15859500,48.8372125,2.3728913,3,traffic_signals,,POINT (2.3728913 48.8372125),24,77,2477,48.8369482145,2.3734662424999997,0.05132521869295324
164409247,48.8371386,2.3775682,3,,,POINT (2.3775682 48.8371386),24,79,2479,48.8369482145,2.3772653765,0.03064924724109339
415004956,48.8367773,2.3782174,3,,,POINT (2.3782174 48.8367773),24,80,2480,48.8369482145,2.3791649434999997,0.07190677082868414
257936418,48.8369969,2.3831953,3,,,POINT (2.3831953 48.8369969),24,82,2482,48.8369482145,2.3829640775,0.01776773110234335
10916046098,48.8370497,2.3900187,4,,,POINT (2.3900187 48.8370497),24,86,2486,48.8369482145,2.3905623455,0.04135810732699948
2626551459,48.8366244,2.3931788,4,,,POINT (2.3931788 48.8366244),24,87,2487,48.8369482145,2.3924619125,0.06363493658739751
9492501780,48.8369384,2.3934801,3,,,POINT (2.3934801 48.8369384),24,88,2488,48.8369482145,2.3943614794999997,0.06451648451078403
15378844,48.8368064,2.3953874,1,,,POINT (2.3953874 48.8368064),24,89,2489,48.8369482145,2.3962610465,0.06585712974999385
8809434,48.8367179,2.3984316,3,,,POINT (2.3984316 48.8367179),24,90,2490,48.8369482145,2.3981606135,0.032391672808654744
15378825,48.8371542,2.4021719,5,traffic_signals,,POINT (2.4021719 48.8371542),24,92,2492,48.8369482145,2.4019597475,0.0276714953362141
704782,48.8366973,2.4034875,4,traffic_signals,,POINT (2.4034875 48.8366973),24,93,2493,48.8369482145,2.4038593145,0.03897395311269806
258357588,48.8371969,2.4079169,3,,,POINT (2.4079169 48.8371969),24,95,2495,48.8369482145,2.4076584485,0.0335032829198017
268222433,48.8368714,2.4093729,3,,,POINT (2.4093729 48.8368714),24,96,2496,48.8369482145,2.4095580154999996,0.016016083469484778
1307776988,48.8372272,2.4131095,3,,,POINT (2.4131095 48.8372272),24,98,2498,48.8369482145,2.4133571495,0.03592870328474924
108270264,48.8381616,2.2524299,3,,,POINT (2.2524299 48.8381616),25,13,2513,48.8378084355,2.2518939545,0.055504060337322775
208917002,48.8380118,2.2542353,3,,,POINT (2.2542353 48.8380118),25,14,2514,48.8378084355,2.2537935215,0.039455734580095096
165164943,48.8381238,2.2550287,4,,,POINT (2.2550287 48.8381238),25,15,2515,48.8378084355,2.2556930885,0.05995057984265116
134600676,48.8379868,2.2575805,3,,,POINT (2.2575805 48.8379868),25,16,2516,48.8378084355,2.2575926555,0.019853169949896457
260618029,48.8377806,2.2595711,3,,,POINT (2.2595711 48.8377806),25,17,2517,48.8378084355,2.2594922225,0.006550268676858033
260617861,48.8381058,2.2632007,3,,,POINT (2.2632007 48.8381058),25,19,2519,48.8378084355,2.2632913565,0.03372453746942841
5021625372,48.8382348,2.265727,3,,,POINT (2.265727 48.8382348),25,20,2520,48.8378084355,2.2651909235,0.0615384200707814
175114384,48.8381854,2.27065,4,,,POINT (2.27065 48.8381854),25,23,2523,48.8378084355,2.2708896245,0.045437432131084275
116136718,48.837727,2.2752277,4,,,POINT (2.2752277 48.837727),25,25,2525,48.8378084355,2.2746887585,0.040469987206223114
305982416,48.8373895,2.2796078,3,,,POINT (2.2796078 48.8373895),25,28,2528,48.8378084355,2.2803874595,0.07366181624913812
116120686,48.8378847,2.2817776,4,,,POINT (2.2817776 48.8378847),25,29,2529,48.8378084355,2.2822870265,0.038235983889555056
141595579,48.8374219,2.2850613,3,,,POINT (2.2850613 48.8374219),25,30,2530,48.8378084355,2.2841865935,0.0771080605344931
116122967,48.8381365,2.2876752,3,,,POINT (2.2876752 48.8381365),25,32,2532,48.8378084355,2.2879857274999997,0.042979403232757
142362010,48.8380377,2.2919768,1,,,POINT (2.2919768 48.8380377),25,34,2534,48.8378084355,2.2917848615,0.029107180745157127
110517369,48.838059,2.2946016,4,traffic_signals,,POINT (2.2946016 48.838059),25,35,2535,48.8378084355,2.2936844284999998,0.07267803525288317
139248385,48.8377508,2.2974005,3,,,POINT (2.2974005 48.8377508),25,37,2537,48.8378084355,2.2974835625,0.00883337697003557
112014080,48.837969,2.2989645,4,,,POINT (2.2989645 48.837969),25,38,2538,48.8378084355,2.2993831295,0.03546096971856954
116126782,48.8380027,2.3014207,3,,,POINT (2.3014207 48.8380027),25,39,2539,48.8378084355,2.3012826965,0.023845876283400055
116112942,48.8380418,2.3042274,4,,,POINT (2.3042274 48.8380418),25,41,2541,48.8378084355,2.3050818305,0.0677038137246273
116113091,48.8381523,2.3072529,3,,,POINT (2.3072529 48.8381523),25,42,2542,48.8378084355,2.3069813975,0.043090956661606714
139251546,48.8376062,2.3095789,3,,,POINT (2.3095789 48.8376062),25,43,2543,48.8378084355,2.3088809645,0.05581126675962385
116114648,48.8376072,2.3109833,3,,,POINT (2.3109833 48.8376072),25,44,2544,48.8378084355,2.3107805315,0.026850196117451496
5775894625,48.8374351,2.3181938,3,,,POINT (2.3181938 48.8374351),25,48,2548,48.8378084355,2.3183787995,0.04366525867312048
36471402,48.8374831,2.3202237,4,traffic_signals,,POINT (2.3202237 48.8374831),25,49,2549,48.8378084355,2.3202783664999997,0.036396230466771325
729079688,48.8376033,2.3224107,3,traffic_signals,,POINT (2.3224107 48.8376033),25,50,2550,48.8378084355,2.3221779335,0.028469487503927696
36594940,48.8377803,2.3311533,3,,,POINT (2.3311533 48.8377803),25,55,2555,48.8378084355,2.3316757685,0.0383660484517354
36466129,48.8376632,2.3356024,3,,,POINT (2.3356024 48.8376632),25,57,2557,48.8378084355,2.3354749025,0.018651466961589737
6340229372,48.8373842,2.3387025,2,crossing,,POINT (2.3387025 48.8373842),25,59,2559,48.8378084355,2.3392740365,0.06304754941716553
367584,48.8376837,2.3455218,4,traffic_signals,,POINT (2.3455218 48.8376837),25,62,2562,48.8378084355,2.3449727375,0.042510981376824276
21659622,48.8374939,2.3463392,3,,,POINT (2.3463392 48.8374939),25,63,2563,48.8378084355,2.3468723044999997,0.05239794993138335
25033670,48.8376546,2.3492562,3,,,POINT (2.3492562 48.8376546),25,64,2564,48.8378084355,2.3487718715,0.03935850284244024
361042,48.8380281,2.351,4,,,POINT (2.351 48.8380281),25,65,2565,48.8378084355,2.3506714385,0.03427605909084232
21659629,48.8378346,2.3521564,3,,,POINT (2.3521564 48.8378346),25,66,2566,48.8378084355,2.3525710054999998,0.030483170075368972
1142990096,48.83763,2.3543789,3,traffic_signals,,POINT (2.3543789 48.83763),25,67,2567,48.8378084355,2.3544705725,0.02094480834004462
21648010,48.838127,2.3559244,4,traffic_signals,,POINT (2.3559244 48.838127),25,68,2568,48.8378084355,2.3563701394999996,0.04815601879494213
6194686158,48.8380596,2.35831,3,,,POINT (2.35831 48.8380596),25,69,2569,48.8378084355,2.3582697065,0.028083480191272103
1914164521,48.8378411,2.3703684,3,,,POINT (2.3703684 48.8378411),25,75,2575,48.8378084355,2.3696671085,0.05145425117425268
4338803424,48.8379353,2.3708351,2,,,POINT (2.3708351 48.8379353),25,76,2576,48.8378084355,2.3715666755,0.05536941783807626
15859498,48.8379275,2.3732807,3,,,POINT (2.3732807 48.8379275),25,77,2577,48.8378084355,2.3734662424999997,0.018965266419223508
15378841,48.8374899,2.3914856,3,,,POINT (2.3914856 48.8374899),25,86,2586,48.8378084355,2.3905623455,0.07629151563141479
1447503261,48.8376814,2.3971303,1,,,POINT (2.3971303 48.8376814),25,89,2589,48.8378084355,2.3962610465,0.06516809318510641
15378828,48.8375748,2.3983747,3,,,POINT (2.3983747 48.8375748),25,90,2590,48.8378084355,2.3981606135,0.03033835390105083
268221926,48.8380996,2.3996271,3,,,POINT (2.3996271 48.8380996),25,91,2591,48.8378084355,2.4000601804999997,0.04530835995777496
704781,48.8376805,2.4038122,3,,,POINT (2.4038122 48.8376805),25,93,2593,48.8378084355,2.4038593145,0.014637721890283572
159658783,48.8380859,2.4053275,4,,,POINT (2.4053275 48.8380859),25,94,2594,48.8378084355,2.4057588814999997,0.044143629329503054
1088437038,48.8381861,2.4084292,3,,,POINT (2.4084292 48.8381861),25,95,2595,48.8378084355,2.4076584485,0.07032452492719019
468015882,48.8377204,2.4098755,3,,,POINT (2.4098755 48.8377204),25,96,2596,48.8378084355,2.4095580154999996,0.025213831933566064
1440519083,48.8379802,2.4111809,3,,,POINT (2.4111809 48.8379802),25,97,2597,48.8378084355,2.4114575824999998,0.027835876957681773
260658130,48.8385408,2.2522278,4,,,POINT (2.2522278 48.8385408),26,13,2613,48.8386686565,2.2518939545,0.02826825488006076
260658944,48.8386937,2.2539642,4,,,POINT (2.2539642 48.8386937),26,14,2614,48.8386686565,2.2537935215,0.012797985073334683
260619450,48.8386137,2.2554009,3,,,POINT (2.2554009 48.8386137),26,15,2615,48.8386686565,2.2556930885,0.02224025667030847
134601073,48.838318,2.257305,3,,,POINT (2.257305 48.838318),26,16,2616,48.8386686565,2.2575926555,0.044311687953034085
260618028,48.8387956,2.2612896,3,,,POINT (2.2612896 48.8387956),26,18,2618,48.8386686565,2.2613917895,0.01597436006730227
260617792,48.8389741,2.2655026,2,,,POINT (2.2655026 48.8389741),26,20,2620,48.8386686565,2.2651909235,0.04091274877905903
5056927490,48.8387501,2.2663143,3,,,POINT (2.2663143 48.8387501),26,21,2621,48.8386686565,2.2670904904999998,0.05752390974049294
175129817,48.8388003,2.2695317,3,crossing,,POINT (2.2695317 48.8388003),26,22,2622,48.8386686565,2.2689900575,0.04225718394850872
1607512761,48.8383384,2.2707936,3,,,POINT (2.2707936 48.8383384),26,23,2623,48.8386686565,2.2708896245,0.037389253671691665
116136721,48.8390875,2.2761707,2,,,POINT (2.2761707 48.8390875),26,26,2626,48.8386686565,2.2765883255,0.05570684066893755
94272532,48.8383937,2.2783782,5,,,POINT (2.2783782 48.8383937),26,27,2627,48.8386686565,2.2784878925,0.03161019588033827
116120001,48.8382984,2.281279,3,,,POINT (2.281279 48.8382984),26,28,2628,48.8386686565,2.2803874595,0.07715208091927565
141790525,48.8387399,2.2821125,4,,,POINT (2.2821125 48.8387399),26,29,2629,48.8386686565,2.2822870265,0.01503014912005599
141595971,48.8382916,2.2835231,1,,,POINT (2.2835231 48.8382916),26,30,2630,48.8386686565,2.2841865935,0.06415467298668545
1366642200,48.8389774,2.2877437,1,,,POINT (2.2877437 48.8389774),26,32,2632,48.8386686565,2.2879857274999997,0.03863095682831267
142634951,48.8387912,2.2901643,3,,,POINT (2.2901643 48.8387912),26,33,2633,48.8386686565,2.2898852945,0.024548431006659766
501556523,48.8383347,2.2939906,3,,,POINT (2.2939906 48.8383347),26,35,2635,48.8386686565,2.2936844284999998,0.0433711648628478
145997239,48.8386482,2.2948357,3,,,POINT (2.2948357 48.8386482),26,36,2636,48.8386686565,2.2955839955,0.054812316761815305
112011214,48.8388948,2.2976114,3,,,POINT (2.2976114 48.8388948),26,37,2637,48.8386686565,2.2974835625,0.026830125465849855
139238000,48.83874,2.2992593,3,,,POINT (2.2992593 48.83874),26,38,2638,48.8386686565,2.2993831295,0.012044267943373857
116125763,48.8387821,2.3004741,3,,,POINT (2.3004741 48.8387821),26,39,2639,48.8386686565,2.3012826965,0.060507728624935024
501556937,48.838643,2.3036145,3,,,POINT (2.3036145 48.838643),26,40,2640,48.8386686565,2.3031822635,0.031762242187412935
157530492,48.8386397,2.3052683,4,,,POINT (2.3052683 48.8386397),26,41,2641,48.8386686565,2.3050818305,0.014021733681245676
137701374,48.838602,2.3067583,3,,,POINT (2.3067583 48.838602),26,42,2642,48.8386686565,2.3069813975,0.017931265934587937
116111863,48.8386531,2.3087434,4,,,POINT (2.3087434 48.8386531),26,43,2643,48.8386686565,2.3088809645,0.010215380100218125
116115178,48.8389524,2.3105916,3,,,POINT (2.3105916 48.8389524),26,44,2644,48.8386686565,2.3107805315,0.03444773459881849
36470367,48.8386563,2.3145718,4,traffic_signals,,POINT (2.3145718 48.8386563),26,46,2646,48.8386686565,2.3145796654999997,0.001489695279064672
5708474534,48.8390085,2.3165067,4,,,POINT (2.3165067 48.8390085),26,47,2647,48.8386686565,2.3164792325,0.037842304355279494
36599971,48.838374,2.3223698,3,,,POINT (2.3223698 48.838374),26,50,2650,48.8386686565,2.3221779335,0.03564659245534332
36594938,48.8386726,2.3308195,3,,,POINT (2.3308195 48.8386726),26,55,2655,48.8386686565,2.3316757685,0.06266877877691515
10543469921,48.8386486,2.3366482,4,,,POINT (2.3366482 48.8386486),26,58,2658,48.8386686565,2.3373744695,0.05319985921074385
1142933406,48.8388881,2.3397096,4,traffic_signals,,POINT (2.3397096 48.8388881),26,59,2659,48.8386686565,2.3392740365,0.04014435946268663
25033632,48.8383919,2.3420891,3,traffic_signals,,POINT (2.3420891 48.8383919),26,60,2660,48.8386686565,2.3411736034999997,0.0737313910023968
25033633,48.8382757,2.345624,3,,,POINT (2.345624 48.8382757),26,62,2662,48.8386686565,2.3449727375,0.06466117993282772
25033566,48.8390291,2.3492333,3,traffic_signals,,POINT (2.3492333 48.8390291),26,64,2664,48.8386686565,2.3487718715,0.05240983804484483
361041,48.8385973,2.3507157,3,,,POINT (2.3507157 48.8385973),26,65,2665,48.8386686565,2.3506714385,0.00857025878514486
17975522,48.8389144,2.3532045,3,,,POINT (2.3532045 48.8389144),26,66,2666,48.8386686565,2.3525710054999998,0.05381650171444942
17975523,48.839022,2.3539596,3,,,POINT (2.3539596 48.839022),26,67,2667,48.8386686565,2.3544705725,0.05424181871266949
610483562,48.8386847,2.3565877,1,turning_circle,,POINT (2.3565877 48.8386847),26,68,2668,48.8386686565,2.3563701394999996,0.016022102541613695
21648536,48.8387118,2.3577637,3,traffic_signals,,POINT (2.3577637 48.8387118),26,69,2669,48.8386686565,2.3582697065,0.03734223861201123
21648349,48.8385874,2.3595631,3,,,POINT (2.3595631 48.8385874),26,70,2670,48.8386686565,2.3601692735,0.04527445662644017
1914164528,48.838876,2.3698346,3,,,POINT (2.3698346 48.838876),26,75,2675,48.8386686565,2.3696671085,0.026111659129221924
15860541,48.8383778,2.3716924,3,,,POINT (2.3716924 48.8383778),26,76,2676,48.8386686565,2.3715666755,0.03362521158567324
15859497,48.8383393,2.3728047,3,,,POINT (2.3728047 48.8383393),26,77,2677,48.8386686565,2.3734662424999997,0.06070705410799608
558382444,48.8387756,2.3755956,3,traffic_signals,,POINT (2.3755956 48.8387756),26,78,2678,48.8386686565,2.3753658095,0.020597060986559126
268210833,48.8385569,2.3764984,3,,,POINT (2.3764984 48.8385569),26,79,2679,48.8386686565,2.3772653765,0.05749142978017366
14956536,48.8385963,2.3811933,3,,,POINT (2.3811933 48.8385963),26,81,2681,48.8386686565,2.3810645105,0.012392571203805493
697290978,48.8384055,2.388983,1,,,POINT (2.388983 48.8384055),26,85,2685,48.8386686565,2.3886627784999996,0.03748984168073988
15378840,48.8385607,2.3931833,3,traffic_signals,,POINT (2.3931833 48.8385607),26,87,2687,48.8386686565,2.3924619125,0.054143348975585044
15378834,48.8386478,2.3962977,3,,,POINT (2.3962977 48.8386478),26,89,2689,48.8386686565,2.3962610465,0.003546042401168033
15378826,48.8384332,2.3987163,3,,,POINT (2.3987163 48.8384332),26,90,2690,48.8386686565,2.3981606135,0.04836762362508268
268221897,48.8382798,2.3991378,3,,,POINT (2.3991378 48.8382798),26,91,2691,48.8386686565,2.4000601804999997,0.08016646088369529
268221908,48.8388291,2.4010515,3,,,POINT (2.4010515 48.8388291),26,92,2692,48.8386686565,2.4019597475,0.06882381222482724
246019613,48.8389206,2.4084566,4,,,POINT (2.4084566 48.8389206),26,95,2695,48.8386686565,2.4076584485,0.06478421344712722
1952938973,48.838893,2.4086818,3,,,POINT (2.4086818 48.838893),26,96,2696,48.8386686565,2.4095580154999996,0.06880815396507542
1307776985,48.8382698,2.4134672,3,,,POINT (2.4134672 48.8382698),26,98,2698,48.8386686565,2.4133571495,0.04507622323111153
139258405,48.8392559,2.2517156,3,,,POINT (2.2517156 48.8392559),27,13,2713,48.8395288775,2.2518939545,0.033041295717171015
676633351,48.8393359,2.2542027,3,,,POINT (2.2542027 48.8393359),27,14,2714,48.8395288775,2.2537935215,0.03684027118839178
260619223,48.8397503,2.2557658,3,,,POINT (2.2557658 48.8397503),27,15,2715,48.8395288775,2.2556930885,0.025189556415456282
208921845,48.8397606,2.261683,3,,,POINT (2.261683 48.8397606),27,18,2718,48.8395288775,2.2613917895,0.033438263388542964
208918728,48.8395688,2.2633116,4,,,POINT (2.2633116 48.8395688),27,19,2719,48.8395288775,2.2632913565,0.0046798746685481896
260617791,48.8395965,2.2660964,4,,,POINT (2.2660964 48.8395965),27,20,2720,48.8395288775,2.2651909235,0.0666926599660848
185865166,48.8396526,2.2671862,3,,,POINT (2.2671862 48.8396526),27,21,2721,48.8395288775,2.2670904904999998,0.015437838075188382
5359042379,48.8394208,2.2753528,2,,,POINT (2.2753528 48.8394208),27,25,2725,48.8395288775,2.2746887585,0.050061914295411694
116147180,48.8397097,2.2831493,3,,,POINT (2.2831493 48.8397097),27,29,2729,48.8395288775,2.2822870265,0.06623127332051351
116147416,48.8396086,2.2841796,3,,,POINT (2.2841796 48.8396086),27,30,2730,48.8395288775,2.2841865935,0.008879500636710566
116147265,48.8391886,2.2858735,3,,,POINT (2.2858735 48.8391886),27,31,2731,48.8395288775,2.2860861605,0.04091302700822903
1366642204,48.8391076,2.2879066,3,,,POINT (2.2879066 48.8391076),27,32,2732,48.8395288775,2.2879857274999997,0.04720051290129446
360983,48.8392633,2.2919595,4,,,POINT (2.2919595 48.8392633),27,34,2734,48.8395288775,2.2917848615,0.03217803451429906
36483339,48.8395889,2.2930953,4,traffic_signals,,POINT (2.2930953 48.8395889),27,35,2735,48.8395288775,2.2936844284999998,0.04362897304010731
112014169,48.8392559,2.2958417,3,,,POINT (2.2958417 48.8392559),27,36,2736,48.8395288775,2.2955839955,0.03573590880586015
112011484,48.8393302,2.2969596,3,,,POINT (2.2969596 48.8393302),27,37,2737,48.8395288775,2.2974835625,0.04425491456254522
112011222,48.8394552,2.2987681,3,,,POINT (2.2987681 48.8394552),27,38,2738,48.8395288775,2.2993831295,0.04575058095463519
138263854,48.8395806,2.3013087,3,,,POINT (2.3013087 48.8395806),27,39,2739,48.8395288775,2.3012826965,0.006057961089222527
113494973,48.8399499,2.3025163,3,,,POINT (2.3025163 48.8399499),27,40,2740,48.8395288775,2.3031822635,0.0675805785622365
116112289,48.8392569,2.3049039,4,,,POINT (2.3049039 48.8392569),27,41,2741,48.8395288775,2.3050818305,0.03292689033662731
116110297,48.839466,2.3071806,3,,,POINT (2.3071806 48.839466),27,42,2742,48.8395288775,2.3069813975,0.016168526528004903
627834146,48.8396446,2.3093258,3,,,POINT (2.3093258 48.8396446),27,43,2743,48.8395288775,2.3088809645,0.035006124544037266
116116513,48.8396334,2.3147411,3,,,POINT (2.3147411 48.8396334),27,46,2746,48.8395288775,2.3145796654999997,0.016573000377633623
36591147,48.8394551,2.3222449,3,,,POINT (2.3222449 48.8394551),27,50,2750,48.8395288775,2.3221779335,0.009556140963355601
9360659649,48.8393858,2.3237228,1,,,POINT (2.3237228 48.8393858),27,51,2751,48.8395288775,2.3240775005,0.030446253285500505
676384938,48.8393486,2.3300328,3,traffic_signals,,POINT (2.3300328 48.8393486),27,54,2754,48.8395288775,2.3297762015,0.02746816013116342
24984936,48.8395524,2.3372598,3,,,POINT (2.3372598 48.8395524),27,58,2758,48.8395288775,2.3373744695,0.008790263426369026
24985056,48.8396461,2.3386321,3,,,POINT (2.3386321 48.8396461),27,59,2759,48.8395288775,2.3392740365,0.04875487169892465
25033634,48.8398098,2.3472299,3,traffic_signals,,POINT (2.3472299 48.8398098),27,63,2763,48.8395288775,2.3468723044999997,0.040751212696276275
25033919,48.8397522,2.3510218,3,,,POINT (2.3510218 48.8397522),27,65,2765,48.8395288775,2.3506714385,0.0356947681022065
25034003,48.8396472,2.3523376,1,,,POINT (2.3523376 48.8396472),27,66,2766,48.8395288775,2.3525710054999998,0.02156133292361794
17975524,48.8392587,2.3548609,3,,,POINT (2.3548609 48.8392587),27,67,2767,48.8395288775,2.3544705725,0.041455705555467084
17809567,48.8396207,2.3562982,4,traffic_signals,,POINT (2.3562982 48.8396207),27,68,2768,48.8395288775,2.3563701394999996,0.011487701591172229
14956538,48.8399472,2.3823697,3,traffic_signals,,POINT (2.3823697 48.8399472),27,82,2782,48.8395288775,2.3829640775,0.06368578130374959
368081,48.8394448,2.3945351,3,,,POINT (2.3945351 48.8394448),27,88,2788,48.8395288775,2.3943614794999997,0.01577522599903821
390197,48.8395175,2.3961342,3,,,POINT (2.3961342 48.8395175),27,89,2789,48.8395288775,2.3962610465,0.009369094283852485
25290522,48.8395826,2.3975374,3,traffic_signals,,POINT (2.3975374 48.8395826),27,90,2790,48.8395288775,2.3981606135,0.045999503485026134
2052058637,48.8396331,2.4000809,3,,,POINT (2.4000809 48.8396331),27,91,2791,48.8395288775,2.4000601804999997,0.011687795869999747
159671407,48.8397194,2.4025135,4,,,POINT (2.4025135 48.8397194),27,92,2792,48.8395288775,2.4019597475,0.045729633175231994
244571708,48.8397599,2.4043743,3,traffic_signals,,POINT (2.4043743 48.8397599),27,93,2793,48.8395288775,2.4038593145,0.04561116249637816
246552638,48.8397727,2.4138833,4,,,POINT (2.4138833 48.8397727),27,98,2798,48.8395288775,2.4133571495,0.04709340142953953
25077712,48.8403689,2.2537949,3,motorway_junction,,POINT (2.2537949 48.8403689),28,14,2814,48.8403890985,2.2537935215,0.0022482353290368805
134594601,48.8399987,2.2563188,4,traffic_signals,,POINT (2.2563188 48.8399987),28,15,2815,48.8403890985,2.2556930885,0.06309820177792354
208921584,48.8402149,2.2580844,3,crossing,,POINT (2.2580844 48.8402149),28,16,2816,48.8403890985,2.2575926555,0.04086957815111951
260618507,48.8407603,2.2634001,3,,,POINT (2.2634001 48.8407603),28,19,2819,48.8403890985,2.2632913565,0.042035925773574075
260617736,48.8403844,2.265464,3,,,POINT (2.265464 48.8403844),28,20,2820,48.8403890985,2.2651909235,0.019991640480580376
260663235,48.8405756,2.2661958,3,,,POINT (2.2661958 48.8405756),28,21,2821,48.8403890985,2.2670904904999998,0.06868247834302553
185869720,48.8407145,2.2682241,3,,,POINT (2.2682241 48.8407145),28,22,2822,48.8403890985,2.2689900575,0.06671910768595513
130236068,48.8403015,2.270908,3,,,POINT (2.270908 48.8403015),28,23,2823,48.8403890985,2.2708896245,0.009832902835658597
5312118009,48.8402228,2.2719974,3,,,POINT (2.2719974 48.8402228),28,24,2824,48.8403890985,2.2727891915,0.06082545101140551
2641511919,48.8403352,2.2780205,3,traffic_signals,,POINT (2.2780205 48.8403352),28,27,2827,48.8403890985,2.2784878925,0.03472671375840065
141579476,48.8400846,2.2798354,3,,,POINT (2.2798354 48.8400846),28,28,2828,48.8403890985,2.2803874595,0.05271368848797637
116131978,48.8406575,2.2841595,4,,,POINT (2.2841595 48.8406575),28,30,2830,48.8403890985,2.2841865935,0.02991067830486706
116120005,48.8402952,2.2858876,4,,,POINT (2.2858876 48.8402952),28,31,2831,48.8403890985,2.2860861605,0.017893527689192563
116146569,48.8405163,2.2878906,4,,,POINT (2.2878906 48.8405163),28,32,2832,48.8403890985,2.2879857274999997,0.015764640833385708
116118819,48.8399897,2.2903618,4,traffic_signals,,POINT (2.2903618 48.8399897),28,33,2833,48.8403890985,2.2898852945,0.05646635078799483
116118820,48.8407438,2.2909726,3,,,POINT (2.2909726 48.8407438),28,34,2834,48.8403890985,2.2917848615,0.0713387367109323
36483363,48.8404633,2.2957232,4,traffic_signals,,POINT (2.2957232 48.8404633),28,36,2836,48.8403890985,2.2955839955,0.013109609687859203
139236568,48.8400232,2.2975442,3,,,POINT (2.2975442 48.8400232),28,37,2837,48.8403890985,2.2974835625,0.04092735595117249
110517378,48.8405518,2.2994543,4,traffic_signals,,POINT (2.2994543 48.8405518),28,38,2838,48.8403890985,2.2993831295,0.018826419868330144
116109852,48.840624,2.3049699,3,,,POINT (2.3049699 48.840624),28,41,2841,48.8403890985,2.3050818305,0.027374210762453294
978607963,48.8402326,2.3126824,3,,,POINT (2.3126824 48.8402326),28,45,2845,48.8403890985,2.3126800985,0.01740265434326787
5708499452,48.8404011,2.3146928,3,,,POINT (2.3146928 48.8404011),28,46,2846,48.8403890985,2.3145796654999997,0.008386484357692053
330493065,48.8401689,2.3219344,3,,,POINT (2.3219344 48.8401689),28,50,2850,48.8403890985,2.3221779335,0.030284723683089685
36591291,48.8405618,2.323974,3,,,POINT (2.323974 48.8405618),28,51,2851,48.8403890985,2.3240775005,0.020643390063865476
158620611,48.8403669,2.3251524,1,,,POINT (2.3251524 48.8403669),28,52,2852,48.8403890985,2.3259770674999998,0.060402878449544575
36593088,48.8403706,2.327587,3,,,POINT (2.327587 48.8403706),28,53,2853,48.8403890985,2.3278766345,0.021296165022385637
36593255,48.8405618,2.3301216,3,,,POINT (2.3301216 48.8405618),28,54,2854,48.8403890985,2.3297762015,0.0317447862645422
36592750,48.8405472,2.3337063,3,,,POINT (2.3337063 48.8405472),28,56,2856,48.8403890985,2.3335753355,0.020023028466411293
24966011,48.840252,2.3361651,3,,,POINT (2.3361651 48.840252),28,57,2857,48.8403890985,2.3354749025,0.05276177287113169
24984664,48.8403403,2.3369666,3,traffic_signals,,POINT (2.3369666 48.8403403),28,58,2858,48.8403890985,2.3373744695,0.03033869103188949
25033530,48.840616,2.3451951,3,traffic_signals,,POINT (2.3451951 48.840616),28,62,2862,48.8403890985,2.3449727375,0.030023139805664144
25033563,48.840298,2.3460124,4,traffic_signals,,POINT (2.3460124 48.840298),28,63,2863,48.8403890985,2.3468723044999997,0.06374129510452838
25033788,48.8401478,2.3481127,3,,,POINT (2.3481127 48.8401478),28,64,2864,48.8403890985,2.3487718715,0.05520048830040254
25033906,48.8403037,2.3508891,3,,,POINT (2.3508891 48.8403037),28,65,2865,48.8403890985,2.3506714385,0.01854495987602124
17809572,48.8406252,2.3528322,4,,,POINT (2.3528322 48.8406252),28,66,2866,48.8403890985,2.3525710054999998,0.03247500374679117
21659758,48.8406571,2.3539776,3,,,POINT (2.3539776 48.8406571),28,67,2867,48.8403890985,2.3544705725,0.046793752123027575
21648576,48.8401157,2.3563437,3,,,POINT (2.3563437 48.8401157),28,68,2868,48.8403890985,2.3563701394999996,0.030462042427816163
21648575,48.8399885,2.3581254,3,,,POINT (2.3581254 48.8399885),28,69,2869,48.8403890985,2.3582697065,0.045779342430406086
1142990126,48.840258,2.3619839,3,traffic_signals,,POINT (2.3619839 48.840258),28,71,2871,48.8403890985,2.3620688404999997,0.015847567422278608
1914164523,48.840737,2.3684764,3,,,POINT (2.3684764 48.840737),28,74,2874,48.8403890985,2.3677675414999997,0.06471267148581566
268210891,48.8406081,2.3737358,3,,,POINT (2.3737358 48.8406081),28,77,2877,48.8403890985,2.3734662424999997,0.03133969768356501
8145449118,48.8401305,2.374621,3,,,POINT (2.374621 48.8401305),28,78,2878,48.8403890985,2.3753658095,0.06162781657665871
367997,48.8404205,2.3789998,4,,,POINT (2.3789998 48.8404205),28,80,2880,48.8403890985,2.3791649434999997,0.012580126066291789
15378802,48.8404351,2.3866216,3,,,POINT (2.3866216 48.8404351),28,84,2884,48.8403890985,2.3867632115,0.011557269719065741
25002675,48.8401074,2.3904905,3,,,POINT (2.3904905 48.8401074),28,86,2886,48.8403890985,2.3905623455,0.03176167807698897
25002615,48.8403572,2.392409,3,,,POINT (2.392409 48.8403572),28,87,2887,48.8403890985,2.3924619125,0.005251278638816358
4359357351,48.840255,2.3949542,3,,,POINT (2.3949542 48.840255),28,88,2888,48.8403890985,2.3943614794999997,0.04586897326725987
159676393,48.8405003,2.4004133,3,,,POINT (2.4004133 48.8405003),28,91,2891,48.8403890985,2.4000601804999997,0.02864849992420338
567392996,48.8403938,2.4024413,3,,,POINT (2.4024413 48.8403938),28,92,2892,48.8403890985,2.4019597475,0.03524578050414473
704780,48.8400886,2.4044722,4,,,POINT (2.4044722 48.8400886),28,93,2893,48.8403890985,2.4038593145,0.05593144166341792
259039136,48.8407975,2.4058587,3,,,POINT (2.4058587 48.8407975),28,94,2894,48.8403890985,2.4057588814999997,0.045995976162148414
246020494,48.8406684,2.4073794,3,,,POINT (2.4073794 48.8406684),28,95,2895,48.8403890985,2.4076584485,0.0371696373002167
2813796665,48.8406356,2.4092444,4,,,POINT (2.4092444 48.8406356),28,96,2896,48.8403890985,2.4095580154999996,0.035750057122026814
260659182,48.8413165,2.2541127,3,,,POINT (2.2541127 48.8413165),29,14,2914,48.8412493195,2.2537935215,0.024523743331629225
275698801,48.8414718,2.2561069,3,,,POINT (2.2561069 48.8414718),29,15,2915,48.8412493195,2.2556930885,0.0391038339755685
208921181,48.8413211,2.2575945,4,,,POINT (2.2575945 48.8413211),29,16,2916,48.8412493195,2.2575926555,0.007982768787098261
260655375,48.8413086,2.2637354,4,traffic_signals,,POINT (2.2637354 48.8413086),29,19,2919,48.8412493195,2.2632913565,0.03315807663477342
1016454674,48.8409813,2.2650034,3,,,POINT (2.2650034 48.8409813),29,20,2920,48.8412493195,2.2651909235,0.032810337231579764
185869350,48.8415203,2.2665585,3,,,POINT (2.2665585 48.8415203),29,21,2921,48.8412493195,2.2670904904999998,0.04923055057123589
141577311,48.8408839,2.2779164,3,traffic_signals,,POINT (2.2779164 48.8408839),29,27,2927,48.8412493195,2.2784878925,0.058311485113435216
116133958,48.8412448,2.2808346,3,,,POINT (2.2808346 48.8412448),29,28,2928,48.8412493195,2.2803874595,0.03272679761033557
116147133,48.8410734,2.2845444,3,,,POINT (2.2845444 48.8410734),29,30,2930,48.8412493195,2.2841865935,0.032685098431161734
116120006,48.8411044,2.2879009,4,traffic_signals,,POINT (2.2879009 48.8411044),29,32,2932,48.8412493195,2.2879857274999997,0.017268736594564207
116146944,48.8410018,2.2893604,3,,,POINT (2.2893604 48.8410018),29,33,2933,48.8412493195,2.2898852945,0.04725558849992454
116118805,48.8411926,2.291827,3,,,POINT (2.291827 48.8411926),29,34,2934,48.8412493195,2.2917848615,0.0070204794129755796
644085,48.8409161,2.2969985,3,,,POINT (2.2969985 48.8409161),29,37,2937,48.8412493195,2.2974835625,0.051312793442896534
36483678,48.841567,2.2991046,4,traffic_signals,,POINT (2.2991046 48.841567),29,38,2938,48.8412493195,2.2993831295,0.04078361524827433
110512079,48.8411421,2.3012185,3,,,POINT (2.3012185 48.8411421),29,39,2939,48.8412493195,2.3012826965,0.012814535210031326
7770313656,48.8416775,2.3028373,3,traffic_signals,,POINT (2.3028373 48.8416775),29,40,2940,48.8412493195,2.3031822635,0.05389041826156367
116110299,48.8408972,2.3058827,3,,,POINT (2.3058827 48.8408972),29,41,2941,48.8412493195,2.3050818305,0.07048515803685781
110555345,48.8412654,2.307193,3,,,POINT (2.307193 48.8412654),29,42,2942,48.8412493195,2.3069813975,0.015588523449889103
110548692,48.8414778,2.3079317,4,traffic_signals,,POINT (2.3079317 48.8414778),29,43,2943,48.8412493195,2.3088809645,0.07396943663502335
36468340,48.8410501,2.3145408,3,,,POINT (2.3145408 48.8410501),29,46,2946,48.8412493195,2.3145796654999997,0.022334050914725116
36469609,48.8408954,2.3159691,3,,,POINT (2.3159691 48.8408954),29,47,2947,48.8412493195,2.3164792325,0.05424475818233993
36469552,48.8415678,2.3183239,3,,,POINT (2.3183239 48.8415678),29,48,2948,48.8412493195,2.3183787995,0.03564059159368319
36591334,48.8412107,2.3234423,3,,,POINT (2.3234423 48.8412107),29,51,2951,48.8412493195,2.3240775005,0.046683618430126445
36592903,48.8415816,2.3272382,3,,,POINT (2.3272382 48.8415816),29,53,2953,48.8412493195,2.3278766345,0.059566019481298874
36592581,48.8416499,2.3297042,3,,,POINT (2.3297042 48.8416499),29,54,2954,48.8412493195,2.3297762015,0.044853103903948824
36594365,48.8413243,2.3318183,3,,,POINT (2.3318183 48.8413243),29,55,2955,48.8412493195,2.3316757685,0.013353474278539086
24965976,48.8413081,2.3330503,3,,,POINT (2.3330503 48.8413081),29,56,2956,48.8412493195,2.3335753355,0.038975431684773215
24966021,48.8410355,2.3361133,4,,,POINT (2.3361133 48.8410355),29,57,2957,48.8412493195,2.3354749025,0.05242151222373361
24984634,48.8412844,2.337474,3,,,POINT (2.337474 48.8412844),29,58,2958,48.8412493195,2.3373744695,0.00826264578292669
24984650,48.841419,2.3389621,4,traffic_signals,,POINT (2.3389621 48.841419),29,59,2959,48.8412493195,2.3392740365,0.029616184839825657
123725572,48.8408498,2.3409849,3,,,POINT (2.3409849 48.8408498),29,60,2960,48.8412493195,2.3411736034999997,0.04652152966271292
15641131,48.8412715,2.3435923,4,traffic_signals,,POINT (2.3435923 48.8412715),29,61,2961,48.8412493195,2.3430731705,0.03807124923992693
25033787,48.8409278,2.347143,3,,,POINT (2.347143 48.8409278),29,63,2963,48.8412493195,2.3468723044999997,0.04087304085670759
25033928,48.8416611,2.3482571,4,traffic_signals,,POINT (2.3482571 48.8416611),29,64,2964,48.8412493195,2.3487718715,0.05929356344219891
11039766784,48.841173,2.3507515,3,,,POINT (2.3507515 48.841173),29,65,2965,48.8412493195,2.3506714385,0.010312480973438724
17809575,48.8411208,2.3526201,4,,,POINT (2.3526201 48.8411208),29,66,2966,48.8412493195,2.3525710054999998,0.014735443643798191
21659773,48.8414041,2.3547054,4,,,POINT (2.3547054 48.8414041),29,67,2967,48.8412493195,2.3544705725,0.0243217110506814
17809569,48.8411637,2.3559577,4,traffic_signals,,POINT (2.3559577 48.8411637),29,68,2968,48.8412493195,2.3563701394999996,0.03164932501678163
32037768,48.8408296,2.3738957,3,,,POINT (2.3738957 48.8408296),29,77,2977,48.8412493195,2.3734662424999997,0.05626662470756353
1313369659,48.8409252,2.3783517,3,,,POINT (2.3783517 48.8409252),29,80,2980,48.8412493195,2.3791649434999997,0.06957737776100324
15378805,48.8409492,2.3868148,3,,,POINT (2.3868148 48.8409492),29,84,2984,48.8412493195,2.3867632115,0.03358464477053077
24667604,48.8411094,2.3890105,3,,,POINT (2.3890105 48.8411094),29,85,2985,48.8412493195,2.3886627784999996,0.02982655097570216
25002088,48.8410443,2.3927795,3,,,POINT (2.3927795 48.8410443),29,87,2987,48.8412493195,2.3924619125,0.03255606392393674
332483510,48.8410135,2.39408,3,traffic_signals,,POINT (2.39408 48.8410135),29,88,2988,48.8412493195,2.3943614794999997,0.03334558324579736
368064,48.8411027,2.3989094,3,,,POINT (2.3989094 48.8411027),29,90,2990,48.8412493195,2.3981606135,0.05717211180947725
159670952,48.840861,2.4009126,3,,,POINT (2.4009126 48.840861),29,91,2991,48.8412493195,2.4000601804999997,0.07586847843508865
159666147,48.8410892,2.4023096,3,,,POINT (2.4023096 48.8410892),29,92,2992,48.8412493195,2.4019597475,0.031185290036545216
259039022,48.8408911,2.4046965,4,,,POINT (2.4046965 48.8408911),29,93,2993,48.8412493195,2.4038593145,0.07307758613137745
246020408,48.8413155,2.4058685,3,,,POINT (2.4058685 48.8413155),29,94,2994,48.8412493195,2.4057588814999997,0.010886190450620281
1433075993,48.8411337,2.4072253,1,,,POINT (2.4072253 48.8411337),29,95,2995,48.8412493195,2.4076584485,0.03420688857973618
177309812,48.8416787,2.4098749,3,,,POINT (2.4098749 48.8416787),29,96,2996,48.8412493195,2.4095580154999996,0.053078915218933924
177308561,48.841043,2.4114488,3,,,POINT (2.4114488 48.841043),29,97,2997,48.8412493195,2.4114575824999998,0.022950683154171175
3854260804,48.8423755,2.2516132,3,,,POINT (2.2516132 48.8423755),30,13,3013,48.8421095405,2.2518939545,0.03600998794479926
134594099,48.84247,2.2560743,4,traffic_signals,,POINT (2.2560743 48.84247),30,15,3015,48.8421095405,2.2556930885,0.048834192699480534
260616987,48.8423934,2.2571462,3,,,POINT (2.2571462 48.8423934),30,16,3016,48.8421095405,2.2575926555,0.04542839492014548
260618395,48.8417046,2.259018,3,,,POINT (2.259018 48.8417046),30,17,3017,48.8421095405,2.2594922225,0.05684942201059352
305921509,48.8423187,2.2616125,3,,,POINT (2.2616125 48.8423187),30,18,3018,48.8421095405,2.2613917895,0.028315952576470932
5528374949,48.8421582,2.2628902,1,crossing,,POINT (2.2628902 48.8421582),30,19,3019,48.8421095405,2.2632913565,0.029851632810703417
123509452,48.8420226,2.2659111,3,,,POINT (2.2659111 48.8420226),30,20,3020,48.8421095405,2.2651909235,0.05358288086799224
175239057,48.8416877,2.2668784,3,,,POINT (2.2668784 48.8416877),30,21,3021,48.8421095405,2.2670904904999998,0.04940777265907519
116133962,48.8424273,2.2776178,4,traffic_signals,,POINT (2.2776178 48.8424273),30,27,3027,48.8421095405,2.2784878925,0.07282078948081944
1759375507,48.8425068,2.2807699,4,,,POINT (2.2807699 48.8425068),30,28,3028,48.8421095405,2.2803874595,0.05229312834013454
140145478,48.8416898,2.2822856,4,,,POINT (2.2822856 48.8416898),30,29,3029,48.8421095405,2.2822870265,0.046673130856045165
116131632,48.8418325,2.2862996,3,,,POINT (2.2862996 48.8418325),30,31,3031,48.8421095405,2.2860861605,0.03453922945396999
160674357,48.8417131,2.2885508,3,,,POINT (2.2885508 48.8417131),30,32,3032,48.8421095405,2.2879857274999997,0.06044258464513348
116130783,48.8420967,2.2903696,4,traffic_signals,,POINT (2.2903696 48.8420967),30,33,3033,48.8421095405,2.2898852945,0.03547091529479987
112040699,48.8419471,2.2933723,3,,,POINT (2.2933723 48.8419471),30,35,3035,48.8421095405,2.2936844284999998,0.029120696796351618
138155611,48.8422102,2.2992357,3,,,POINT (2.2992357 48.8422102),30,38,3038,48.8421095405,2.2993831295,0.015546182374303988
36483675,48.8420162,2.3006137,4,,,POINT (2.3006137 48.8420162),30,39,3039,48.8421095405,2.3012826965,0.050046224812146815
110517384,48.8418276,2.3032567,4,traffic_signals,,POINT (2.3032567 48.8418276),30,40,3040,48.8421095405,2.3031822635,0.03182009801774695
110550432,48.8422304,2.304478,3,,,POINT (2.304478 48.8422304),30,41,3041,48.8421095405,2.3050818305,0.046187486514245236
110557419,48.841855,2.3091474,3,,,POINT (2.3091474 48.841855),30,43,3043,48.8421095405,2.3088809645,0.03436965770340978
110562477,48.8422975,2.3105739,3,,,POINT (2.3105739 48.8422975),30,44,3044,48.8421095405,2.3107805315,0.025796850076477713
201615482,48.8420802,2.3130042,4,traffic_signals,,POINT (2.3130042 48.8420802),30,45,3045,48.8421095405,2.3126800985,0.023941547083635856
36468983,48.8420172,2.3149286,3,,,POINT (2.3149286 48.8420172),30,46,3046,48.8421095405,2.3145796654999997,0.02752256637365734
304488236,48.8417196,2.3188563,3,,,POINT (2.3188563 48.8417196),30,48,3048,48.8421095405,2.3183787995,0.0556878988436715
21348452,48.8422093,2.320557,3,,,POINT (2.320557 48.8422093),30,49,3049,48.8421095405,2.3202783664999997,0.023212771816142612
676374306,48.8419334,2.3224657,3,,,POINT (2.3224657 48.8419334),30,50,3050,48.8421095405,2.3221779335,0.028759319234893013
202800560,48.8424523,2.3284092,3,traffic_signals,,POINT (2.3284092 48.8424523),30,53,3053,48.8421095405,2.3278766345,0.054512054158337916
27018632,48.8420367,2.329669,4,traffic_signals,,POINT (2.329669 48.8420367),30,54,3054,48.8421095405,2.3297762015,0.011276009596555787
36594394,48.8420496,2.3320988,3,,,POINT (2.3320988 48.8420496),30,55,3055,48.8421095405,2.3316757685,0.03166741161268285
24966020,48.8419776,2.3352091,3,,,POINT (2.3352091 48.8419776),30,57,3057,48.8421095405,2.3354749025,0.024364220743787142
24984649,48.8418408,2.3374145,3,,,POINT (2.3374145 48.8418408),30,58,3058,48.8421095405,2.3373744695,0.030025831355806457
25033534,48.8421207,2.3413028,4,traffic_signals,,POINT (2.3413028 48.8421207),30,60,3060,48.8421095405,2.3411736034999997,0.009535863005334787
25033486,48.8419427,2.3457955,3,,,POINT (2.3457955 48.8419427),30,62,3062,48.8421095405,2.3449727375,0.06300426621583476
25033485,48.8421794,2.3463148,4,,,POINT (2.3463148 48.8421794),30,63,3063,48.8421095405,2.3468723044999997,0.04153186415650828
25034306,48.8418084,2.3478508,3,traffic_signals,,POINT (2.3478508 48.8418084),30,64,3064,48.8421095405,2.3487718715,0.07526466095072117
25033933,48.8421354,2.3515315,4,,,POINT (2.3515315 48.8421354),30,65,3065,48.8421095405,2.3506714385,0.06300615136200552
549792393,48.842208,2.3526594,4,,,POINT (2.3526594 48.842208),30,66,3066,48.8421095405,2.3525710054999998,0.012716475766149968
549777227,48.8422763,2.3545142,3,,,POINT (2.3545142 48.8422763),30,67,3067,48.8421095405,2.3544705725,0.018815665228463143
237238103,48.8418239,2.3614952,1,turning_circle,,POINT (2.3614952 48.8418239),30,71,3071,48.8421095405,2.3620688404999997,0.05264148596432067
1142990075,48.841856,2.3631949,3,traffic_signals,,POINT (2.3631949 48.841856),30,72,3072,48.8421095405,2.3639684075,0.0632385190911468
368001,48.8419094,2.367868,4,traffic_signals,,POINT (2.367868 48.8419094),30,74,3074,48.8421095405,2.3677675414999997,0.023437474860120842
164407726,48.8417484,2.372414,3,,,POINT (2.372414 48.8417484),30,76,3076,48.8421095405,2.3715666755,0.07387593854519849
164404052,48.8418005,2.3725685,3,,,POINT (2.3725685 48.8418005),30,77,3077,48.8421095405,2.3734662424999997,0.07414262701753331
25034646,48.8421014,2.3764201,4,traffic_signals,,POINT (2.3764201 48.8421014),30,79,3079,48.8421095405,2.3772653765,0.061865159534281455
3034259850,48.8423212,2.3844595,3,,,POINT (2.3844595 48.8423212),30,83,3083,48.8421095405,2.3848636444999998,0.03779743671546945
1395428384,48.8416955,2.3869707,3,,,POINT (2.3869707 48.8416955),30,84,3084,48.8421095405,2.3867632115,0.04847858457100542
25290282,48.8419567,2.3894356,3,,,POINT (2.3894356 48.8419567),30,85,3085,48.8421095405,2.3886627784999996,0.059054580084063495
247265230,48.8423442,2.3978169,3,,,POINT (2.3978169 48.8423442),30,90,3090,48.8421095405,2.3981606135,0.03624271587511809
159666101,48.8419511,2.4022802,3,,,POINT (2.4022802 48.8419511),30,92,3092,48.8421095405,2.4019597475,0.029331641385751162
345543498,48.8417446,2.408351,1,,,POINT (2.408351 48.8417446),30,95,3095,48.8421095405,2.4076584485,0.0649258973395372
1088436897,48.8417265,2.4095915,3,,,POINT (2.4095915 48.8417265),30,96,3096,48.8421095405,2.4095580154999996,0.04266259294206625
177308558,48.8423128,2.4115294,3,,,POINT (2.4115294 48.8423128),30,97,3097,48.8421095405,2.4114575824999998,0.023204455576248926
206093427,48.8418774,2.4136059,3,,,POINT (2.4136059 48.8418774),30,98,3098,48.8421095405,2.4133571495,0.03158618424982067
1021081007,48.8426438,2.2545377,3,,,POINT (2.2545377 48.8426438),31,14,3114,48.8429697615,2.2537935215,0.0654181344047283
305162663,48.8429539,2.2563371,3,,,POINT (2.2563371 48.8429539),31,15,3115,48.8429697615,2.2556930885,0.047161862676476256
260654577,48.8430195,2.2600796,4,traffic_signals,,POINT (2.2600796 48.8430195),31,17,3117,48.8429697615,2.2594922225,0.04333870490506303
123468439,48.8431036,2.2648256,4,traffic_signals,,POINT (2.2648256 48.8431036),31,20,3120,48.8429697615,2.2651909235,0.030597495115719867
297890747,48.843176,2.267328,1,,,POINT (2.267328 48.843176),31,21,3121,48.8429697615,2.2670904904999998,0.02877507447847419
297890754,48.8426204,2.2686832,3,,,POINT (2.2686832 48.8426204),31,22,3122,48.8429697615,2.2689900575,0.04487067086925172
141575250,48.8431428,2.2803036,3,,,POINT (2.2803036 48.8431428),31,28,3128,48.8429697615,2.2803874595,0.020195965597575576
116133265,48.8428525,2.2822318,3,,,POINT (2.2822318 48.8428525),31,29,3129,48.8429697615,2.2822870265,0.01365086536401721
140145854,48.8431076,2.2835061,3,,,POINT (2.2835061 48.8431076),31,30,3130,48.8429697615,2.2841865935,0.05210385017036901
94258422,48.8428375,2.2861736,3,,,POINT (2.2861736 48.8428375),31,31,3131,48.8429697615,2.2860861605,0.01603856020516772
116130924,48.8425606,2.289566,3,,,POINT (2.289566 48.8425606),31,33,3133,48.8429697615,2.2898852945,0.05114610088633225
8120376093,48.8427578,2.2919576,3,,,POINT (2.2919576 48.8427578),31,34,3134,48.8429697615,2.2917848615,0.026745021069934167
684474620,48.8427878,2.2952579,3,,,POINT (2.2952579 48.8427878),31,36,3136,48.8429697615,2.2955839955,0.03128676157766095
112039658,48.842929,2.2980057,4,,,POINT (2.2980057 48.842929),31,37,3137,48.8429697615,2.2974835625,0.03847800253566824
311068430,48.8429574,2.2987459,3,,,POINT (2.2987459 48.8429574),31,38,3138,48.8429697615,2.2993831295,0.0466528160178027
501556999,48.8431856,2.3006605,3,,,POINT (2.3006605 48.8431856),31,39,3139,48.8429697615,2.3012826965,0.05147039077609322
286994763,48.8427262,2.3026215,3,traffic_signals,,POINT (2.3026215 48.8427262),31,40,3140,48.8429697615,2.3031822635,0.04916810254753184
112017916,48.8431921,2.3046007,3,,,POINT (2.3046007 48.8431921),31,41,3141,48.8429697615,2.3050818305,0.04302214769409617
205083306,48.8430734,2.3068274,4,,,POINT (2.3068274 48.8430734),31,42,3142,48.8429697615,2.3069813975,0.016118531947226525
34909186,48.8429995,2.3127928,4,,,POINT (2.3127928 48.8429995),31,45,3145,48.8429697615,2.3126800985,0.008885728652747062
36469070,48.8426047,2.3145432,3,,,POINT (2.3145432 48.8426047),31,46,3146,48.8429697615,2.3145796654999997,0.040680607017558545
1686421260,48.8430984,2.3166279,3,traffic_signals,,POINT (2.3166279 48.8430984),31,47,3147,48.8429697615,2.3164792325,0.01797126623588082
5586042521,48.8432109,2.3205107,3,,,POINT (2.3205107 48.8432109),31,49,3149,48.8429697615,2.3202783664999997,0.0317494997713601
16820937,48.8433561,2.3242612,3,,,POINT (2.3242612 48.8433561),31,51,3151,48.8429697615,2.3240775005,0.04501313803923468
36592487,48.8429925,2.3263198,3,traffic_signals,,POINT (2.3263198 48.8429925),31,52,3152,48.8429697615,2.3259770674999998,0.025208334098508547
169336597,48.8426818,2.3277199,3,,,POINT (2.3277199 48.8426818),31,53,3153,48.8429697615,2.3278766345,0.03401219849538355
24965951,48.8427225,2.3298267,3,,,POINT (2.3298267 48.8427225),31,54,3154,48.8429697615,2.3297762015,0.02774146849329253
36594332,48.842702,2.331761,3,,,POINT (2.331761 48.842702),31,55,3155,48.8429697615,2.3316757685,0.030420025955483647
24965978,48.8425856,2.3346225,4,traffic_signals,,POINT (2.3346225 48.8425856),31,57,3157,48.8429697615,2.3354749025,0.07560350036284869
24984411,48.8433982,2.3375202,3,,,POINT (2.3375202 48.8433982),31,58,3158,48.8429697615,2.3373744695,0.04881925638928562
24984516,48.8433633,2.3386855,3,traffic_signals,,POINT (2.3386855 48.8433633),31,59,3159,48.8429697615,2.3392740365,0.061398969886460965
25033533,48.8427417,2.3413694,3,,,POINT (2.3413694 48.8427417),31,60,3160,48.8429697615,2.3411736034999997,0.029127267356665938
25033343,48.8431564,2.3426118,3,,,POINT (2.3426118 48.8431564),31,61,3161,48.8429697615,2.3430731705,0.03963136089018179
25033443,48.8433228,2.3465479,3,,,POINT (2.3465479 48.8433228),31,63,3163,48.8429697615,2.3468723044999997,0.04587616993239732
6181384428,48.8428499,2.348196,3,,,POINT (2.348196 48.8428499),31,64,3164,48.8429697615,2.3487718715,0.04419976034620341
25034315,48.8432125,2.351402,3,,,POINT (2.351402 48.8432125),31,65,3165,48.8429697615,2.3506714385,0.05988961738299471
21659821,48.8429835,2.3527089,4,,,POINT (2.3527089 48.8429835),31,66,3166,48.8429697615,2.3525710054999998,0.010206117267773606
1142990141,48.8432233,2.3641911,3,,,POINT (2.3641911 48.8432233),31,72,3172,48.8429697615,2.3639684075,0.032563477297545114
11112627797,48.8431945,2.370327,4,,,POINT (2.370327 48.8431945),31,75,3175,48.8429697615,2.3696671085,0.05437367056746537
268211958,48.8431756,2.3710298,4,,,POINT (2.3710298 48.8431756),31,76,3176,48.8429697615,2.3715666755,0.045469330948934156
2419399455,48.8432289,2.3787912,3,traffic_signals,,POINT (2.3787912 48.8432289),31,80,3180,48.8429697615,2.3791649434999997,0.03972844868554265
25004249,48.8428943,2.3832729,3,,,POINT (2.3832729 48.8428943),31,82,3182,48.8429697615,2.3829640775,0.02410713818527649
14950176,48.8426521,2.3858998,3,,,POINT (2.3858998 48.8426521),31,84,3184,48.8429697615,2.3867632115,0.0723877487808867
24667525,48.843336,2.3913259,3,,,POINT (2.3913259 48.843336),31,86,3186,48.8429697615,2.3905623455,0.06914227258311662
390214,48.8427115,2.3974913,4,traffic_signals,,POINT (2.3974913 48.8427115),31,90,3190,48.8429697615,2.3981606135,0.056778393595177834
244569593,48.8429457,2.4016841,3,,,POINT (2.4016841 48.8429457),31,92,3192,48.8429697615,2.4019597475,0.020348593851524197
244419638,48.8429327,2.4052536,3,,,POINT (2.4052536 48.8429327),31,94,3194,48.8429697615,2.4057588814999997,0.03720553209341419
332204112,48.8431961,2.4145143,3,,,POINT (2.4145143 48.8431961),31,99,3199,48.8429697615,2.4152567164999996,0.059876251803416033
128657996,48.8439119,2.2518269,3,,,POINT (2.2518269 48.8439119),32,13,3213,48.8438299825,2.2518939545,0.010346438464251637
305162553,48.84365,2.2553399,3,,,POINT (2.2553399 48.84365),32,15,3215,48.8438299825,2.2556930885,0.03268854825248403
34819421,48.8437295,2.2594633,4,traffic_signals,,POINT (2.2594633 48.8437295),32,17,3217,48.8438299825,2.2594922225,0.011371842600737958
123456832,48.8435682,2.2632197,3,,,POINT (2.2632197 48.8435682),32,19,3219,48.8438299825,2.2632913565,0.02957742776249062
141573529,48.8434167,2.2748807,4,,,POINT (2.2748807 48.8434167),32,25,3225,48.8438299825,2.2746887585,0.04805359599482542
367296016,48.843865,2.2773511,3,,,POINT (2.2773511 48.843865),32,26,3226,48.8438299825,2.2765883255,0.055954625856235285
141575202,48.8437552,2.2788415,3,,,POINT (2.2788415 48.8437552),32,27,3227,48.8438299825,2.2784878925,0.02717988862215427
116132962,48.8435277,2.2806782,4,,,POINT (2.2806782 48.8435277),32,28,3228,48.8438299825,2.2803874595,0.03978013724605575
116132337,48.843811,2.281919,4,,,POINT (2.281919 48.843811),32,29,3229,48.8438299825,2.2822870265,0.027014368581546384
94258423,48.8437783,2.2863504,4,,,POINT (2.2863504 48.8437783),32,31,3231,48.8438299825,2.2860861605,0.02017267023088513
116129802,48.8439889,2.2885535,3,,,POINT (2.2885535 48.8439889),32,32,3232,48.8438299825,2.2879857274999997,0.045150517163055834
140139447,48.8439552,2.2923075,3,,,POINT (2.2923075 48.8439552),32,34,3234,48.8438299825,2.2917848615,0.040701679373102366
11368161630,48.8435345,2.2936678,3,,,POINT (2.2936678 48.8435345),32,35,3235,48.8438299825,2.2936844284999998,0.032878680955888674
112037093,48.8437265,2.295872,3,,,POINT (2.295872 48.8437265),32,36,3236,48.8438299825,2.2955839955,0.02401244108830021
230351389,48.8436732,2.2977613,4,traffic_signals,,POINT (2.2977613 48.8436732),32,37,3237,48.8438299825,2.2974835625,0.026777074488771115
112016514,48.8437036,2.2985418,3,,,POINT (2.2985418 48.8437036),32,38,3238,48.8438299825,2.2993831295,0.06315112555079641
110571874,48.8437358,2.3024068,3,,,POINT (2.3024068 48.8437358),32,40,3240,48.8438299825,2.3031822635,0.05770587717361378
110571443,48.8437592,2.3065428,3,traffic_signals,,POINT (2.3065428 48.8437592),32,42,3242,48.8438299825,2.3069813975,0.03304704632517199
110567078,48.8442425,2.3081976,3,,,POINT (2.3081976 48.8442425),32,43,3243,48.8438299825,2.3088809645,0.06785874554560567
1271049021,48.8437738,2.3145177,1,,,POINT (2.3145177 48.8437738),32,46,3246,48.8438299825,2.3145796654999997,0.007719452295022583
6360678281,48.8441721,2.320269,3,,,POINT (2.320269 48.8441721),32,49,3249,48.8438299825,2.3202783664999997,0.03804790476281181
367513,48.8437431,2.3242724,5,,,POINT (2.3242724 48.8437431),32,51,3251,48.8438299825,2.3240775005,0.01722652080936074
25256381,48.8435717,2.3279735,3,,,POINT (2.3279735 48.8435717),32,53,3253,48.8438299825,2.3278766345,0.029581558869741592
24959190,48.8438016,2.3291522,3,,,POINT (2.3291522 48.8438016),32,54,3254,48.8438299825,2.3297762015,0.045772689371743835
24984454,48.8438888,2.3392472,3,traffic_signals,,POINT (2.3392472 48.8438888),32,59,3259,48.8438299825,2.3392740365,0.00682869527293535
25033349,48.8440732,2.3457448,3,,,POINT (2.3457448 48.8440732),32,62,3262,48.8438299825,2.3449727375,0.06263779942611201
25033441,48.8434414,2.3470747,3,,,POINT (2.3470747 48.8434414),32,63,3263,48.8438299825,2.3468723044999997,0.04567642572533302
25033351,48.8435966,2.3481257,3,,,POINT (2.3481257 48.8435966),32,64,3264,48.8438299825,2.3487718715,0.05393922062204618
25034317,48.8439599,2.3515726,3,,,POINT (2.3515726 48.8439599),32,65,3265,48.8438299825,2.3506714385,0.06750967862236004
25034323,48.8437934,2.3523169,4,traffic_signals,,POINT (2.3523169 48.8437934),32,66,3266,48.8438299825,2.3525710054999998,0.019034894180149132
25034331,48.8436688,2.3542044,3,,,POINT (2.3542044 48.8436688),32,67,3267,48.8438299825,2.3544705725,0.026469308123662487
235830493,48.8439888,2.3645408,4,traffic_signals,,POINT (2.3645408 48.8439888),32,72,3272,48.8438299825,2.3639684075,0.045457506010536705
247754377,48.8436829,2.3655237,3,,,POINT (2.3655237 48.8436829),32,73,3273,48.8438299825,2.3658679745,0.03003666532158523
25675624,48.8441152,2.3688999,3,,,POINT (2.3688999 48.8441152),32,75,3275,48.8438299825,2.3696671085,0.06448175457310588
11112627796,48.8434138,2.370735,5,,,POINT (2.370735 48.8434138),32,76,3276,48.8438299825,2.3715666755,0.07645718093133293
1282530586,48.8440259,2.3790772,3,,,POINT (2.3790772 48.8440259),32,80,3280,48.8438299825,2.3791649434999997,0.02271159076637535
329416063,48.8441445,2.3815539,1,,,POINT (2.3815539 48.8441445),32,81,3281,48.8438299825,2.3810645105,0.050056520421763
25290116,48.843703,2.3881764,3,,,POINT (2.3881764 48.843703),32,85,3285,48.8438299825,2.3886627784999996,0.038291103776626687
244419806,48.8439723,2.4082753,3,,,POINT (2.4082753 48.8439723),32,95,3295,48.8438299825,2.4076584485,0.04783398925106965
258360211,48.8437092,2.4099707,3,,,POINT (2.4099707 48.8437092),32,96,3296,48.8438299825,2.4095580154999996,0.03305156183401143
177308201,48.8441642,2.4116355,3,,,POINT (2.4116355 48.8441642),32,97,3297,48.8438299825,2.4114575824999998,0.03937796857592613
332201812,48.843958,2.4134871,4,,,POINT (2.4134871 48.843958),32,98,3298,48.8438299825,2.4133571495,0.01711914737001769
249624262,48.8438487,2.4153056,3,,,POINT (2.4153056 48.8438487),32,99,3299,48.8438299825,2.4152567164999996,0.004138649556656882
139250456,48.8446734,2.2521948,4,,,POINT (2.2521948 48.8446734),33,13,3313,48.8446902035,2.2518939545,0.022094316792511
260619967,48.8442846,2.2553554,3,,,POINT (2.2553554 48.8442846),33,15,3315,48.8446902035,2.2556930885,0.05142718776232408
305162657,48.8444034,2.2570786,3,,,POINT (2.2570786 48.8444034),33,16,3316,48.8446902035,2.2575926555,0.04931649448187063
260656210,48.844375,2.2587371,3,,,POINT (2.2587371 48.844375),33,17,3317,48.8446902035,2.2594922225,0.06543630429462827
123469144,48.8450531,2.2667138,3,traffic_signals,,POINT (2.2667138 48.8450531),33,21,3321,48.8446902035,2.2670904904999998,0.04886865706965452
34819216,48.8445008,2.2718911,4,traffic_signals,,POINT (2.2718911 48.8445008),33,24,3324,48.8446902035,2.2727891915,0.06901244345578171
116133270,48.8448156,2.2780334,3,,,POINT (2.2780334 48.8448156),33,27,3327,48.8446902035,2.2784878925,0.03606324594037268
94271799,48.8447472,2.2798686,4,traffic_signals,,POINT (2.2798686 48.8447472),33,28,3328,48.8446902035,2.2803874595,0.038494203797336694
94272854,48.8447668,2.2838996,4,,,POINT (2.2838996 48.8447668),33,30,3330,48.8446902035,2.2841865935,0.022662842021132418
141552825,48.8449429,2.2860831,3,,,POINT (2.2860831 48.8449429),33,31,3331,48.8446902035,2.2860861605,0.028099461301512713
3035151075,48.8448361,2.2872743,3,,,POINT (2.2872743 48.8448361),33,32,3332,48.8446902035,2.2879857274999997,0.054529636430354224
94269263,48.8446574,2.2904942,3,,,POINT (2.2904942 48.8446574),33,33,3333,48.8446902035,2.2898852945,0.04470733380770603
340390915,48.8445515,2.2937609,3,,,POINT (2.2937609 48.8445515),33,35,3335,48.8446902035,2.2936844284999998,0.016406954381268303
7037829278,48.8449557,2.2976341,3,,,POINT (2.2976341 48.8449557),33,37,3337,48.8446902035,2.2974835625,0.03151018271556555
112017915,48.8446021,2.3036676,3,,,POINT (2.3036676 48.8446021),33,40,3340,48.8446902035,2.3031822635,0.03684219902199337
164102622,48.8445311,2.3091498,3,,,POINT (2.3091498 48.8445311),33,43,3343,48.8446902035,2.3088809645,0.026457655416312387
21346786,48.8449989,2.3106883,5,,,POINT (2.3106883 48.8449989),33,44,3344,48.8446902035,2.3107805315,0.034982730778809
1287933963,48.8442761,2.3149647,1,,,POINT (2.3149647 48.8442761),33,46,3346,48.8446902035,2.3145796654999997,0.053982795796271785
36468208,48.8445867,2.3183543,2,,,POINT (2.3183543 48.8445867),33,48,3348,48.8446902035,2.3183787995,0.01164786466082222
260565201,48.8450571,2.3202841,3,traffic_signals,,POINT (2.3202841 48.8450571),33,49,3349,48.8446902035,2.3202783664999997,0.040799186766747396
471633828,48.8447218,2.3212915,3,traffic_signals,,POINT (2.3212915 48.8447218),33,50,3350,48.8446902035,2.3221779335,0.064962173521873
25256261,48.8445656,2.3245446,3,traffic_signals,,POINT (2.3245446 48.8445656),33,51,3351,48.8446902035,2.3240775005,0.03688263696649547
24959181,48.8450593,2.3287967,4,traffic_signals,,POINT (2.3287967 48.8450593),33,53,3353,48.8446902035,2.3278766345,0.07885096407942213
24959184,48.8443584,2.3300665,3,,,POINT (2.3300665 48.8443584),33,54,3354,48.8446902035,2.3297762015,0.04257363619325049
24959180,48.8449619,2.3323268,3,traffic_signals,,POINT (2.3323268 48.8449619),33,55,3355,48.8446902035,2.3316757685,0.056412490155327
317716023,48.8443847,2.3328866,3,,,POINT (2.3328866 48.8443847),33,56,3356,48.8446902035,2.3335753355,0.06077968860949091
24984404,48.8442654,2.3375669,3,,,POINT (2.3375669 48.8442654),33,58,3358,48.8446902035,2.3373744695,0.04929028892958701
470136,48.8443318,2.3420496,4,traffic_signals,,POINT (2.3420496 48.8443318),33,60,3360,48.8446902035,2.3411736034999997,0.07548181372007144
25033163,48.8449097,2.3423509,3,,,POINT (2.3423509 48.8449097),33,61,3361,48.8446902035,2.3430731705,0.058217141185428804
25033079,48.8445318,2.3453117,4,,,POINT (2.3453117 48.8445318),33,62,3362,48.8446902035,2.3449727375,0.030422118338809593
25033048,48.844793,2.3466256,4,traffic_signals,,POINT (2.3466256 48.844793),33,63,3363,48.8446902035,2.3468723044999997,0.021367604071706108
245978167,48.8445074,2.3492536,4,,,POINT (2.3492536 48.8445074),33,64,3364,48.8446902035,2.3487718715,0.040692390473257095
25033084,48.8451021,2.3498409,3,,,POINT (2.3498409 48.8451021),33,65,3365,48.8446902035,2.3506714385,0.0761019631770869
25034326,48.8444763,2.3524085,3,,,POINT (2.3524085 48.8444763),33,66,3366,48.8446902035,2.3525710054999998,0.026592108995044682
25034435,48.8447931,2.3547431,3,,,POINT (2.3547431 48.8447931),33,67,3367,48.8446902035,2.3544705725,0.02299192848622602
25103068,48.8448196,2.3569768,3,,,POINT (2.3569768 48.8448196),33,68,3368,48.8446902035,2.3563701394999996,0.04666735811978741
244580618,48.844646,2.3641708,3,,,POINT (2.3641708 48.844646),33,72,3372,48.8446902035,2.3639684075,0.015604919277635203
1142990138,48.8444364,2.3650856,3,,,POINT (2.3650856 48.8444364),33,73,3373,48.8446902035,2.3658679745,0.06383030186321728
25675623,48.8447117,2.3677713,3,,,POINT (2.3677713 48.8447117),33,74,3374,48.8446902035,2.3677675414999997,0.002406073228165805
117106917,48.8446585,2.369136,4,,,POINT (2.369136 48.8446585),33,75,3375,48.8446902035,2.3696671085,0.0390248341105437
367995,48.8444983,2.3722312,3,traffic_signals,,POINT (2.3722312 48.8444983),33,76,3376,48.8446902035,2.3715666755,0.05310427779535193
1376730500,48.8443395,2.3787316,1,,,POINT (2.3787316 48.8443395),33,80,3380,48.8446902035,2.3791649434999997,0.05026252388694575
247803743,48.8448154,2.3804333,3,,,POINT (2.3804333 48.8448154),33,81,3381,48.8446902035,2.3810645105,0.04824268934287753
1890447487,48.8448229,2.3829141,3,,,POINT (2.3829141 48.8448229),33,82,3382,48.8446902035,2.3829640775,0.015201664509242282
1376158935,48.8450481,2.3884273,1,,,POINT (2.3884273 48.8450481),33,85,3385,48.8446902035,2.3886627784999996,0.04336675017564483
15378852,48.8448398,2.4020338,3,,,POINT (2.4020338 48.8448398),33,92,3392,48.8446902035,2.4019597475,0.01749478968173375
368059,48.8446689,2.4057273,4,traffic_signals,,POINT (2.4057273 48.8446689),33,94,3394,48.8446902035,2.4057588814999997,0.0033094422601063355
244567282,48.844626,2.4076298,3,,,POINT (2.4076298 48.844626),33,95,3395,48.8446902035,2.4076584485,0.0074405525283095745
244420789,48.8445007,2.408979,3,,,POINT (2.408979 48.8445007),33,96,3396,48.8446902035,2.4095580154999996,0.0473215556704992
139249813,48.8454852,2.2525919,3,,,POINT (2.2525919 48.8454852),34,13,3413,48.8455504245,2.2518939545,0.05158554890715668
305161974,48.8454311,2.2545277,3,,,POINT (2.2545277 48.8454311),34,14,3414,48.8455504245,2.2537935215,0.055338769479329905
139247803,48.8454124,2.2559004,4,traffic_signals,,POINT (2.2559004 48.8454124),34,15,3415,48.8455504245,2.2556930885,0.021579815017271214
442216,48.8453547,2.2575332,4,,,POINT (2.2575332 48.8453547),34,16,3416,48.8455504245,2.2575926555,0.02219418939928452
1226636460,48.8453255,2.2587948,4,,,POINT (2.2587948 48.8453255),34,17,3417,48.8455504245,2.2594922225,0.05683389778154419
34819428,48.8452396,2.2619205,4,,,POINT (2.2619205 48.8452396),34,18,3418,48.8455504245,2.2613917895,0.05187867559947915
123456823,48.8451755,2.264191,4,traffic_signals,,POINT (2.264191 48.8451755),34,19,3419,48.8455504245,2.2632913565,0.0779230596603673
305918252,48.8455295,2.2671674,3,,,POINT (2.2671674 48.8455295),34,21,3421,48.8455504245,2.2670904904999998,0.006089947958513331
34819304,48.8453084,2.2715954,4,,,POINT (2.2715954 48.8453084),34,23,3423,48.8455504245,2.2708896245,0.05823729893235645
185868716,48.8451898,2.2727753,3,,,POINT (2.2727753 48.8451898),34,24,3424,48.8455504245,2.2727891915,0.04011249742017334
666986356,48.8453801,2.276237,3,,,POINT (2.276237 48.8453801),34,26,3426,48.8455504245,2.2765883255,0.0319317270036767
141554136,48.845343,2.2785498,4,,,POINT (2.2785498 48.845343),34,27,3427,48.8455504245,2.2784878925,0.02350523479349964
94271793,48.8455694,2.2807852,3,,,POINT (2.2807852 48.8455694),34,28,3428,48.8455504245,2.2803874595,0.02918158926677337
116128852,48.8454745,2.2824265,4,,,POINT (2.2824265 48.8454745),34,29,3429,48.8455504245,2.2822870265,0.01324539343557187
11438472163,48.8455132,2.284547,3,,,POINT (2.284547 48.8455132),34,30,3430,48.8455504245,2.2841865935,0.026696093578576406
160664667,48.8459445,2.2857378,1,,,POINT (2.2857378 48.8459445),34,31,3431,48.8455504245,2.2860861605,0.05069464330604418
14798302,48.8456473,2.2879873,4,traffic_signals,,POINT (2.2879873 48.8456473),34,32,3432,48.8455504245,2.2879857274999997,0.010772678700610066
139227775,48.8454134,2.292133,3,,,POINT (2.292133 48.8454134),34,34,3434,48.8455504245,2.2917848615,0.029684214452095927
315125971,48.8452797,2.2957062,1,,,POINT (2.2957062 48.8452797),34,36,3436,48.8455504245,2.2955839955,0.031403352636615804
138259866,48.8453306,2.2978178,3,,,POINT (2.2978178 48.8453306),34,37,3437,48.8455504245,2.2974835625,0.034578736771529575
1759758109,48.8459633,2.2987254,4,traffic_signals,,POINT (2.2987254 48.8459633),34,38,3438,48.8455504245,2.2993831295,0.06651466565429782
313122759,48.8456828,2.3019817,3,,,POINT (2.3019817 48.8456828),34,39,3439,48.8455504245,2.3012826965,0.0532262649500904
112035228,48.8459475,2.3043215,3,,,POINT (2.3043215 48.8459475),34,41,3441,48.8455504245,2.3050818305,0.07102856713085043
245925191,48.8457462,2.3086272,3,,,POINT (2.3086272 48.8457462),34,43,3443,48.8455504245,2.3088809645,0.02861341447842549
3732081147,48.8453628,2.3109741,4,,,POINT (2.3109741 48.8453628),34,44,3444,48.8455504245,2.3107805315,0.025217021481152267
94262351,48.845342,2.3117972,5,,,POINT (2.3117972 48.845342),34,45,3445,48.8455504245,2.3126800985,0.06863846566503945
21292427,48.8455173,2.3191514,4,traffic_signals,,POINT (2.3191514 48.8455173),34,48,3448,48.8455504245,2.3183787995,0.05665598754730862
5586042526,48.8452506,2.3197015,3,,,POINT (2.3197015 48.8452506),34,49,3449,48.8455504245,2.3202783664999997,0.05379066039135585
25256262,48.8456679,2.3256213,3,traffic_signals,,POINT (2.3256213 48.8456679),34,52,3452,48.8455504245,2.3259770674999998,0.02912713106421847
25256363,48.8453287,2.3283129,4,,,POINT (2.3283129 48.8453287),34,53,3453,48.8455504245,2.3278766345,0.040336321902555844
24959176,48.8459308,2.3313843,3,,,POINT (2.3313843 48.8459308),34,55,3455,48.8455504245,2.3316757685,0.04736922136969243
24984323,48.8459728,2.3412166,4,,,POINT (2.3412166 48.8459728),34,60,3460,48.8455504245,2.3411736034999997,0.04707128267732032
25033162,48.8455903,2.3426879,3,,,POINT (2.3426879 48.8455903),34,61,3461,48.8455504245,2.3430731705,0.028539233887343834
25033073,48.8454852,2.3445477,4,traffic_signals,,POINT (2.3445477 48.8454852),34,62,3462,48.8455504245,2.3449727375,0.03193713343878128
25033047,48.845486,2.3468075,3,,,POINT (2.3468075 48.845486),34,63,3463,48.8455504245,2.3468723044999997,0.008591063958863217
3161155026,48.8459391,2.3505646,3,traffic_signals,,POINT (2.3505646 48.8459391),34,65,3465,48.8455504245,2.3506714385,0.043920169943703055
25034433,48.8456478,2.3545947,3,traffic_signals,,POINT (2.3545947 48.8456478),34,67,3467,48.8455504245,2.3544705725,0.01413303428083568
25103029,48.8455188,2.3559702,3,,,POINT (2.3559702 48.8455188),34,68,3468,48.8455504245,2.3563701394999996,0.029476642925463578
365796646,48.8458467,2.3676301,4,traffic_signals,,POINT (2.3676301 48.8458467),34,74,3474,48.8455504245,2.3677675414999997,0.034445336430033814
117087528,48.845425,2.3696919,3,,,POINT (2.3696919 48.845425),34,75,3475,48.8455504245,2.3696671085,0.014064064792390507
355325465,48.8454987,2.3712612,4,,,POINT (2.3712612 48.8454987),34,76,3476,48.8455504245,2.3715666755,0.02308166933750256
117100910,48.8458439,2.3733888,3,,,POINT (2.3733888 48.8458439),34,77,3477,48.8455504245,2.3734662424999997,0.03312138427992046
25290185,48.8453347,2.3810129,3,,,POINT (2.3810129 48.8453347),34,81,3481,48.8455504245,2.3810645105,0.024282957248032748
25290186,48.8459254,2.3823939,3,,,POINT (2.3823939 48.8459254),34,82,3482,48.8455504245,2.3829640775,0.05898596547125749
25289976,48.8457219,2.3934232,3,,,POINT (2.3934232 48.8457219),34,88,3488,48.8455504245,2.3943614794999997,0.07125815646604967
257712586,48.8455474,2.3953815,4,traffic_signals,,POINT (2.3953815 48.8455474),34,89,3489,48.8455504245,2.3962610465,0.06436291759275216
368061,48.8453024,2.3982497,3,,,POINT (2.3982497 48.8453024),34,90,3490,48.8455504245,2.3981606135,0.02833906892839292
123526863,48.8451549,2.4023276,3,,,POINT (2.4023276 48.8451549),34,92,3492,48.8455504245,2.4019597475,0.05156412642890678
245030676,48.8454389,2.4039473,3,,,POINT (2.4039473 48.8454389),34,93,3493,48.8455504245,2.4038593145,0.013972746650146561
1433143659,48.8454087,2.4092253,4,,,POINT (2.4092253 48.8454087),34,96,3496,48.8455504245,2.4095580154999996,0.029002097334841163
1659448502,48.845434,2.4109028,3,,,POINT (2.4109028 48.845434),34,97,3497,48.8455504245,2.4114575824999998,0.0426111807097648
332199745,48.845295,2.4156144,3,,,POINT (2.4156144 48.845295),34,99,3499,48.8455504245,2.4152567164999996,0.03862317308002648
25077703,48.8461208,2.2550317,3,motorway_junction,,POINT (2.2550317 48.8461208),35,15,3515,48.8464106455,2.2556930885,0.058146647285899765
166452642,48.8468363,2.2698508,3,,,POINT (2.2698508 48.8468363),35,22,3522,48.8464106455,2.2689900575,0.07878614983500808
166449440,48.8465869,2.271006,3,,,POINT (2.271006 48.8465869),35,23,3523,48.8464106455,2.2708896245,0.021368758345394846
244455597,48.8461517,2.272448,3,,,POINT (2.272448 48.8461517),35,24,3524,48.8464106455,2.2727891915,0.038110397001642454
11128825052,48.8460724,2.2769661,4,,,POINT (2.2769661 48.8460724),35,26,3526,48.8464106455,2.2765883255,0.04667740763745613
141571829,48.8461595,2.2782478,4,,,POINT (2.2782478 48.8461595),35,27,3527,48.8464106455,2.2784878925,0.03299290320777916
140107304,48.8462968,2.2809153,4,,,POINT (2.2809153 48.8462968),35,28,3528,48.8464106455,2.2803874595,0.04064639941699245
116128851,48.8464042,2.2831384,4,traffic_signals,,POINT (2.2831384 48.8464042),35,29,3529,48.8464106455,2.2822870265,0.06230349487136481
160664229,48.8461852,2.2851272,3,,,POINT (2.2851272 48.8461852),35,30,3530,48.8464106455,2.2841865935,0.07325215167489427
14798301,48.8465559,2.2859896,4,traffic_signals,,POINT (2.2859896 48.8465559),35,31,3531,48.8464106455,2.2860861605,0.017629485924300053
338733015,48.8466525,2.2879909,3,,,POINT (2.2879909 48.8466525),35,32,3532,48.8464106455,2.2879857274999997,0.026895656779015824
159966763,48.846618,2.2940415,3,,,POINT (2.2940415 48.846618),35,35,3535,48.8464106455,2.2936844284999998,0.034847145361727117
94269217,48.8461915,2.2951755,4,,,POINT (2.2951755 48.8461915),35,36,3536,48.8464106455,2.2955839955,0.038565675805624984
1759758110,48.8463269,2.2992442,3,,,POINT (2.2992442 48.8463269),35,38,3538,48.8464106455,2.2993831295,0.013786450467096995
661244,48.8464821,2.301822,3,,,POINT (2.301822 48.8464821),35,39,3539,48.8464106455,2.3012826965,0.040255470683299814
110569416,48.8461128,2.3049174,4,,,POINT (2.3049174 48.8461128),35,41,3541,48.8464106455,2.3050818305,0.035236875103660775
500474838,48.8463138,2.3066133,3,,,POINT (2.3066133 48.8463138),35,42,3542,48.8464106455,2.3069813975,0.029008491090306412
245925171,48.8463373,2.3086408,4,,,POINT (2.3086408 48.8463373),35,43,3543,48.8464106455,2.3088809645,0.019374285558599616
94262176,48.8461675,2.3110986,3,,,POINT (2.3110986 48.8461675),35,44,3544,48.8464106455,2.3107805315,0.03567477152133008
1219805698,48.8467839,2.3121573,3,,,POINT (2.3121573 48.8467839),35,45,3545,48.8464106455,2.3126800985,0.05644538667752442
94262684,48.8460883,2.3142378,3,,,POINT (2.3142378 48.8460883),35,46,3546,48.8464106455,2.3145796654999997,0.04370973346302707
6349517772,48.8467767,2.3165944,3,,,POINT (2.3165944 48.8467767),35,47,3547,48.8464106455,2.3164792325,0.041566663804865164
21292426,48.846493,2.3207293,3,,,POINT (2.3207293 48.846493),35,49,3549,48.8464106455,2.3202783664999997,0.03424421205473829
6410198440,48.846262,2.3242003,3,traffic_signals,,POINT (2.3242003 48.846262),35,51,3551,48.8464106455,2.3240775005,0.018813334442911788
25256083,48.846822,2.3261228,3,,,POINT (2.3261228 48.846822),35,52,3552,48.8464106455,2.3259770674999998,0.04696718274224806
24959172,48.8466856,2.3281221,4,traffic_signals,,POINT (2.3281221 48.8466856),35,53,3553,48.8464106455,2.3278766345,0.03545944573081453
24959168,48.8462958,2.3300102,3,,,POINT (2.3300102 48.8462958),35,54,3554,48.8464106455,2.3297762015,0.0213605323270824
24959175,48.8462747,2.3310366,3,,,POINT (2.3310366 48.8462747),35,55,3555,48.8464106455,2.3316757685,0.049153451956757827
24984319,48.8460884,2.3411616,4,,,POINT (2.3411616 48.8460884),35,60,3560,48.8464106455,2.3411736034999997,0.035842828854988885
25033161,48.8461056,2.34297,4,traffic_signals,,POINT (2.34297 48.8461056),35,61,3561,48.8464106455,2.3430731705,0.0347495153577348
25033007,48.8465458,2.3444942,3,,,POINT (2.3444942 48.8465458),35,62,3562,48.8464106455,2.3449727375,0.038105718366467096
25033004,48.8465812,2.3469347,3,,,POINT (2.3469347 48.8465812),35,63,3563,48.8464106455,2.3468723044999997,0.019506663040359393
25033092,48.8461621,2.3490961,4,traffic_signals,,POINT (2.3490961 48.8461621),35,64,3564,48.8464106455,2.3487718715,0.036423949523315076
538919293,48.8466898,2.3505933,1,,,POINT (2.3505933 48.8466898),35,65,3565,48.8464106455,2.3506714385,0.03156278854807055
25034407,48.8463956,2.3517202,3,,,POINT (2.3517202 48.8463956),35,66,3566,48.8464106455,2.3525710054999998,0.06228028832176824
25034405,48.8461163,2.3545259,3,traffic_signals,,POINT (2.3545259 48.8461163),35,67,3567,48.8464106455,2.3544705725,0.03297917854439762
5059182789,48.846796,2.3653419,3,,,POINT (2.3653419 48.846796),35,73,3573,48.8464106455,2.3658679745,0.05760185996136559
247351078,48.8466116,2.3676082,1,,,POINT (2.3676082 48.8466116),35,74,3574,48.8464106455,2.3677675414999997,0.025204278242766633
117092530,48.846531,2.3698426,3,,,POINT (2.3698426 48.846531),35,75,3575,48.8464106455,2.3696671085,0.01854740533102852
117091166,48.8466464,2.3720012,4,traffic_signals,,POINT (2.3720012 48.8466464),35,76,3576,48.8464106455,2.3715666755,0.04120941926767446
117100909,48.8468115,2.3730939,3,,,POINT (2.3730939 48.8468115),35,77,3577,48.8464106455,2.3734662424999997,0.052240800652896074
340394507,48.8460755,2.3756897,3,,,POINT (2.3756897 48.8460755),35,78,3578,48.8464106455,2.3753658095,0.0441646787362345
390306,48.8462793,2.3774063,4,traffic_signals,,POINT (2.3774063 48.8462793),35,79,3579,48.8464106455,2.3772653765,0.017878597724653212
255038747,48.8464983,2.3793191,3,traffic_signals,,POINT (2.3793191 48.8464983),35,80,3580,48.8464106455,2.3791649434999997,0.014907936159891536
390316,48.846772,2.3817132,4,traffic_signals,,POINT (2.3817132 48.846772),35,81,3581,48.8464106455,2.3810645105,0.06219071244673835
25290203,48.8462905,2.3821004,3,,,POINT (2.3821004 48.8462905),35,82,3582,48.8464106455,2.3829640775,0.06459637529859473
257936424,48.846582,2.3874691,3,,,POINT (2.3874691 48.846582),35,84,3584,48.8464106455,2.3867632115,0.055055596814478275
24665491,48.8465608,2.3924939,3,,,POINT (2.3924939 48.8465608),35,87,3587,48.8464106455,2.3924619125,0.016859691740637804
558984885,48.8463047,2.3944322,3,,,POINT (2.3944322 48.8463047),35,88,3588,48.8464106455,2.3943614794999997,0.012867131792713024
1432145207,48.8464646,2.4000737,3,,,POINT (2.4000737 48.8464646),35,91,3591,48.8464106455,2.4000601804999997,0.006080484876988831
1851366353,48.8465481,2.4073416,1,,,POINT (2.4073416 48.8465481),35,95,3595,48.8464106455,2.4076584485,0.027769962455062323
244422144,48.8465246,2.4095893,3,,,POINT (2.4095893 48.8465246),35,96,3596,48.8464106455,2.4095580154999996,0.012876295859991897
1088437014,48.8461743,2.4110268,3,,,POINT (2.4110268 48.8461743),35,97,3597,48.8464106455,2.4114575824999998,0.04104067963547993
418866885,48.8466043,2.4139269,3,,,POINT (2.4139269 48.8466043),35,98,3598,48.8464106455,2.4133571495,0.04692405949808151
332043843,48.8463426,2.4153123,1,,,POINT (2.4153123 48.8463426),35,99,3599,48.8464106455,2.4152567164999996,0.00859024497916474
25077305,48.8469384,2.2544301,3,,,POINT (2.2544301 48.8469384),36,14,3614,48.8472708665,2.2537935215,0.059468248825590694
392015112,48.8471879,2.2584684,3,,,POINT (2.2584684 48.8471879),36,16,3616,48.8472708665,2.2575926555,0.06474233285167713
34818778,48.8474885,2.2671017,3,,,POINT (2.2671017 48.8474885),36,21,3621,48.8472708665,2.2670904904999998,0.02421363794801008
34819213,48.8473101,2.2689068,4,traffic_signals,,POINT (2.2689068 48.8473101),36,22,3622,48.8472708665,2.2689900575,0.007493180620519632
166453765,48.8473201,2.2712465,1,,,POINT (2.2712465 48.8473201),36,23,3623,48.8472708665,2.2708896245,0.026681617783403402
34819161,48.8476858,2.2725241,3,,,POINT (2.2725241 48.8476858),36,24,3624,48.8472708665,2.2727891915,0.05005029115473926
89163134,48.8471424,2.274423,4,,,POINT (2.274423 48.8471424),36,25,3625,48.8472708665,2.2746887585,0.02412937186012837
140107707,48.8473887,2.2788772,3,traffic_signals,,POINT (2.2788772 48.8473887),36,27,3627,48.8472708665,2.2784878925,0.031355865818175774
141563417,48.847115,2.2842716,1,,,POINT (2.2842716 48.847115),36,30,3630,48.8472708665,2.2841865935,0.018413983946955117
94271403,48.8473884,2.2861895,3,,,POINT (2.2861895 48.8473884),36,31,3631,48.8472708665,2.2860861605,0.015099075623236943
141789927,48.8471601,2.289294,3,,,POINT (2.289294 48.8471601),36,33,3633,48.8472708665,2.2898852945,0.04498627213307075
94258875,48.8468721,2.2924141,4,traffic_signals,,POINT (2.2924141 48.8468721),36,34,3634,48.8472708665,2.2917848615,0.0639230613840581
116116881,48.8469325,2.2936115,3,,,POINT (2.2936115 48.8469325),36,35,3635,48.8472708665,2.2936844284999998,0.03800120265975651
3273433779,48.8470436,2.2957291,3,traffic_signals,,POINT (2.2957291 48.8470436),36,36,3636,48.8472708665,2.2955839955,0.02741089015461009
7354001564,48.8473301,2.2976499,3,,,POINT (2.2976499 48.8473301),36,37,3637,48.8472708665,2.2974835625,0.013839371431637451
94270517,48.8473729,2.3030128,3,,,POINT (2.3030128 48.8473729),36,40,3640,48.8472708665,2.3031822635,0.016807437703564253
94270578,48.8470984,2.3053345,3,,,POINT (2.3053345 48.8470984),36,41,3641,48.8472708665,2.3050818305,0.026638502307916007
94260585,48.8471393,2.307339,4,,,POINT (2.307339 48.8471393),36,42,3642,48.8472708665,2.3069813975,0.02997907883286751
25287820,48.8475781,2.3088191,3,,,POINT (2.3088191 48.8475781),36,43,3643,48.8472708665,2.3088809645,0.034461423802190694
130096394,48.8471607,2.3111318,3,,,POINT (2.3111318 48.8471607),36,44,3644,48.8472708665,2.3107805315,0.028473529871527032
130096198,48.8471498,2.3121304,3,,,POINT (2.3121304 48.8471498),36,45,3645,48.8472708665,2.3126800985,0.04241655774095533
802783930,48.8472304,2.3163848,3,,,POINT (2.3163848 48.8472304),36,47,3647,48.8472708665,2.3164792325,0.008245911301245424
25255888,48.8473943,2.3181919,3,,,POINT (2.3181919 48.8473943),36,48,3648,48.8472708665,2.3183787995,0.01937569219490338
25255898,48.8475665,2.3227914,3,,,POINT (2.3227914 48.8475665),36,50,3650,48.8472708665,2.3221779335,0.05563906630852133
25256276,48.8469742,2.3266453,3,traffic_signals,,POINT (2.3266453 48.8469742),36,52,3652,48.8472708665,2.3259770674999998,0.05898425350618766
24959161,48.8473465,2.3279262,4,,,POINT (2.3279262 48.8473465),36,53,3653,48.8472708665,2.3278766345,0.009158794452282515
5340576187,48.8470894,2.330049,3,traffic_signals,,POINT (2.330049 48.8470894),36,54,3654,48.8472708665,2.3297762015,0.02838361763104353
24959177,48.8470549,2.3315743,4,,,POINT (2.3315743 48.8470549),36,55,3655,48.8472708665,2.3316757685,0.025136008858398954
7470171527,48.8476543,2.3400873,3,,,POINT (2.3400873 48.8476543),36,59,3659,48.8472708665,2.3392740365,0.07320646764504377
783324776,48.8473672,2.3408648,3,traffic_signals,,POINT (2.3408648 48.8473672),36,60,3660,48.8472708665,2.3411736034999997,0.025006730670410787
24984238,48.8475365,2.3431929,3,,,POINT (2.3431929 48.8475365),36,61,3661,48.8472708665,2.3430731705,0.030809026241639968
25033006,48.8469463,2.3453257,3,,,POINT (2.3453257 48.8469463),36,62,3662,48.8472708665,2.3449727375,0.044379835417354734
25032945,48.8474941,2.3467854,3,,,POINT (2.3467854 48.8474941),36,63,3663,48.8472708665,2.3468723044999997,0.025624044021818757
6200894566,48.8474442,2.3485142,3,,,POINT (2.3485142 48.8474442),36,64,3664,48.8472708665,2.3487718715,0.02696261633396722
361059,48.8471299,2.3512394,4,,,POINT (2.3512394 48.8471299),36,65,3665,48.8472708665,2.3506714385,0.04441769793212174
7049374628,48.8472787,2.3525996,3,,,POINT (2.3525996 48.8472787),36,66,3666,48.8472708665,2.3525710054999998,0.0022664362525533365
382057,48.846846,2.3609481,3,,,POINT (2.3609481 48.846846),36,70,3670,48.8472708665,2.3601692735,0.0740254044096885
4964850341,48.8472595,2.3648817,3,,,POINT (2.3648817 48.8472595),36,72,3672,48.8472708665,2.3639684075,0.06684110955836836
361031,48.8474791,2.365556,4,traffic_signals,,POINT (2.365556 48.8474791),36,73,3673,48.8472708665,2.3658679745,0.032515599099347384
367994,48.8468478,2.3694048,4,traffic_signals,,POINT (2.3694048 48.8468478),36,75,3675,48.8472708665,2.3696671085,0.05080794530597375
117092534,48.8475999,2.371587,3,,,POINT (2.371587 48.8475999),36,76,3676,48.8472708665,2.3715666755,0.036617070341405364
683035635,48.8474581,2.3731367,3,,,POINT (2.3731367 48.8474581),36,77,3677,48.8472708665,2.3734662424999997,0.031857905414923476
117101555,48.8472797,2.3753303,4,traffic_signals,,POINT (2.3753303 48.8472797),36,78,3678,48.8472708665,2.3753658095,0.0027778246517857477
153505343,48.8473185,2.3777304,3,,,POINT (2.3777304 48.8473185),36,79,3679,48.8472708665,2.3772653765,0.03443731309288535
390313,48.847004,2.3837717,4,traffic_signals,,POINT (2.3837717 48.847004),36,82,3682,48.8472708665,2.3829640775,0.0661287881310282
25290181,48.8471479,2.3850162,3,,,POINT (2.3850162 48.8471479),36,83,3683,48.8472708665,2.3848636444999998,0.01765141320553227
368014,48.8473461,2.3867729,4,traffic_signals,,POINT (2.3867729 48.8473461),36,84,3684,48.8472708665,2.3867632115,0.008395569660297279
257033087,48.847607,2.3890493,3,,,POINT (2.3890493 48.847607),36,85,3685,48.8472708665,2.3886627784999996,0.04687141041195528
507901583,48.8469461,2.393272,3,,,POINT (2.393272 48.8469461),36,87,3687,48.8472708665,2.3924619125,0.06941122868531362
390035,48.8471465,2.3936715,4,,,POINT (2.3936715 48.8471465),36,88,3688,48.8472708665,2.3943614794999997,0.052348175265532336
368012,48.8473365,2.39573,4,traffic_signals,,POINT (2.39573 48.8473365),36,89,3689,48.8472708665,2.3962610465,0.039538100409841334
245031673,48.8473554,2.3981762,2,,,POINT (2.3981762 48.8473554),36,90,3690,48.8472708665,2.3981606135,0.009468636929691117
199631879,48.8471047,2.3994462,3,,,POINT (2.3994462 48.8471047),36,91,3691,48.8472708665,2.4000601804999997,0.04857845913396534
24909862,48.8474221,2.4034109,3,,,POINT (2.4034109 48.8474221),36,93,3693,48.8472708665,2.4038593145,0.03687045166653
707939435,48.8474149,2.4062071,4,,,POINT (2.4062071 48.8474149),36,94,3694,48.8472708665,2.4057588814999997,0.036499367267410834
707940618,48.847392,2.4077322,3,,,POINT (2.4077322 48.847392),36,95,3695,48.8472708665,2.4076584485,0.014510330096356381
1659448494,48.8471144,2.4114197,3,,,POINT (2.4114197 48.8471144),36,97,3697,48.8472708665,2.4114575824999998,0.0176177251964505
357575575,48.8469342,2.4138949,3,,,POINT (2.4138949 48.8469342),36,98,3698,48.8472708665,2.4133571495,0.054312075341456344
332042529,48.8470891,2.4153642,1,,,POINT (2.4153642 48.8470891),36,99,3699,48.8472708665,2.4152567164999996,0.02168786398343163
358466962,48.8482671,2.2422994,3,motorway_junction,1.0,POINT (2.2422994 48.8482671),37,8,3708,48.8481310875,2.2423961195,0.01669788140226275
269266233,48.848032,2.2436359,3,,,POINT (2.2436359 48.848032),37,9,3709,48.8481310875,2.2442956865,0.04951965601685874
269264381,48.847998,2.246293,3,,,POINT (2.246293 48.847998),37,10,3710,48.8481310875,2.2461952535,0.01643644359794265
25237497,48.8482092,2.2481604,3,motorway_junction,,POINT (2.2481604 48.8482092),37,11,3711,48.8481310875,2.2480948205,0.009923123309657824
34818785,48.8479914,2.2513016,3,,,POINT (2.2513016 48.8479914),37,13,3713,48.8481310875,2.2518939545,0.04604322594019741
2320354415,48.8481739,2.2538137,3,,,POINT (2.2538137 48.8481739),37,14,3714,48.8481310875,2.2537935215,0.004984251526478281
25288794,48.8479515,2.2564901,3,,,POINT (2.2564901 48.8479515),37,15,3715,48.8481310875,2.2556930885,0.061643624447367346
1166504818,48.8482034,2.2573382,4,,,POINT (2.2573382 48.8482034),37,16,3716,48.8481310875,2.2575926555,0.020281207449551253
34818779,48.848125,2.2595582,5,,,POINT (2.2595582 48.848125),37,17,3717,48.8481310875,2.2594922225,0.00487496981397748
34819406,48.8485528,2.2619995,3,,,POINT (2.2619995 48.8485528),37,18,3718,48.8481310875,2.2613917895,0.06462393270867477
989286407,48.8480291,2.2631505,3,,,POINT (2.2631505 48.8480291),37,19,3719,48.8481310875,2.2632913565,0.015324422215610872
34818711,48.8478534,2.2651205,3,,,POINT (2.2651205 48.8478534),37,20,3720,48.8481310875,2.2651909235,0.031304483251162585
14798308,48.8483017,2.2672942,4,,,POINT (2.2672942 48.8483017),37,21,3721,48.8481310875,2.2670904904999998,0.024126643480220318
14798307,48.8485561,2.2684597,3,,,POINT (2.2684597 48.8485561),37,22,3722,48.8481310875,2.2689900575,0.06115109030539615
34818712,48.8480941,2.2706302,4,,,POINT (2.2706302 48.8480941),37,23,3723,48.8481310875,2.2708896245,0.019423211014568932
303479165,48.8477745,2.2726086,2,,,POINT (2.2726086 48.8477745),37,24,3724,48.8481310875,2.2727891915,0.041794736912678696
185865174,48.8484963,2.2757502,3,,,POINT (2.2757502 48.8484963),37,26,3726,48.8481310875,2.2765883255,0.07355426691316497
141563308,48.8484361,2.2808862,3,,,POINT (2.2808862 48.8484361),37,28,3728,48.8481310875,2.2803874595,0.04982066955138657
160641767,48.8485141,2.2828808,3,traffic_signals,,POINT (2.2828808 48.8485141),37,29,3729,48.8481310875,2.2822870265,0.060840264937561166
94268943,48.8480233,2.2844718,3,,,POINT (2.2844718 48.8480233),37,30,3730,48.8481310875,2.2841865935,0.024066143272198758
94271277,48.8481148,2.2867978,4,,,POINT (2.2867978 48.8481148),37,31,3731,48.8481310875,2.2860861605,0.05210401923753407
94269206,48.8481058,2.2901315,4,,,POINT (2.2901315 48.8481058),37,33,3733,48.8481310875,2.2898852945,0.018233619919985865
94269402,48.8480039,2.2934125,4,traffic_signals,,POINT (2.2934125 48.8480039),37,35,3735,48.8481310875,2.2936844284999998,0.024411750187794012
94270048,48.8485424,2.2973083,3,,,POINT (2.2973083 48.8485424),37,37,3737,48.8481310875,2.2974835625,0.04749982613811635
94259118,48.8480692,2.3015006,4,,,POINT (2.3015006 48.8480692),37,39,3739,48.8481310875,2.3012826965,0.01736622303507157
5387166536,48.8484447,2.3025852,2,,,POINT (2.3025852 48.8484447),37,40,3740,48.8481310875,2.3031822635,0.05589950973453853
174032004,48.8477593,2.3048302,3,,,POINT (2.3048302 48.8477593),37,41,3741,48.8481310875,2.3050818305,0.045255827964142875
244455594,48.8485135,2.3067721,3,,,POINT (2.3067721 48.8485135),37,42,3742,48.8481310875,2.3069813975,0.04519614206074821
94260586,48.8477529,2.3095429,3,,,POINT (2.3095429 48.8477529),37,43,3743,48.8481310875,2.3088809645,0.0641438692308434
94260587,48.8479419,2.310324,3,,,POINT (2.310324 48.8479419),37,44,3744,48.8481310875,2.3107805315,0.039477601293567574
25256232,48.8479679,2.3144753,4,,,POINT (2.3144753 48.8479679),37,46,3746,48.8481310875,2.3145796654999997,0.019687126006501993
25255909,48.8479377,2.3159813,3,,,POINT (2.3159813 48.8479377),37,47,3747,48.8481310875,2.3164792325,0.0423075128845146
230012133,48.8477955,2.3177379,1,,,POINT (2.3177379 48.8477955),37,48,3748,48.8481310875,2.3183787995,0.05993107055821822
470154,48.8482314,2.3201774,3,,,POINT (2.3201774 48.8482314),37,49,3749,48.8481310875,2.3202783664999997,0.013379061243207247
25255899,48.8480856,2.3237764,3,,,POINT (2.3237764 48.8480856),37,51,3751,48.8481310875,2.3240775005,0.022605449852601184
25256089,48.8478333,2.3252295,3,,,POINT (2.3252295 48.8478333),37,52,3752,48.8481310875,2.3259770674999998,0.06394297228183538
24959160,48.8480887,2.3279334,4,,,POINT (2.3279334 48.8480887),37,53,3753,48.8481310875,2.3278766345,0.006282359036175739
21292423,48.8478164,2.3295628,4,traffic_signals,,POINT (2.3295628 48.8478164),37,54,3754,48.8481310875,2.3297762015,0.038317752346766425
24959084,48.8484227,2.3316521,4,traffic_signals,,POINT (2.3316521 48.8484227),37,55,3755,48.8481310875,2.3316757685,0.03247204795891119
4964831518,48.8477262,2.3410595,3,,,POINT (2.3410595 48.8477262),37,60,3760,48.8481310875,2.3411736034999997,0.045789084474063185
25032947,48.848112,2.347087,3,,,POINT (2.347087 48.848112),37,63,3763,48.8481310875,2.3468723044999997,0.0158525591966263
27308705,48.848144,2.3491626,1,,,POINT (2.3491626 48.848144),37,64,3764,48.8481310875,2.3487718715,0.02862665357718272
361060,48.8480778,2.3505051,4,traffic_signals,,POINT (2.3505051 48.8480778),37,65,3765,48.8481310875,2.3506714385,0.013537092920953507
247188062,48.8485358,2.3536183,3,,,POINT (2.3536183 48.8485358),37,67,3767,48.8481310875,2.3544705725,0.0769044310812089
26588378,48.8482577,2.3649113,3,traffic_signals,,POINT (2.3649113 48.8482577),37,72,3772,48.8481310875,2.3639684075,0.07041560096178404
1714196626,48.8480159,2.3676438,3,,,POINT (2.3676438 48.8480159),37,74,3774,48.8481310875,2.3677675414999997,0.01568552317397696
367988,48.8480012,2.3714459,4,traffic_signals,,POINT (2.3714459 48.8480012),37,76,3776,48.8481310875,2.3715666755,0.01693210743165845
1033927705,48.8479384,2.3739679,3,traffic_signals,,POINT (2.3739679 48.8479384),37,77,3777,48.8481310875,2.3734662424999997,0.04250318288830469
14950168,48.84835,2.3760085,4,traffic_signals,,POINT (2.3760085 48.84835),37,78,3778,48.8481310875,2.3753658095,0.05295368392504395
207291586,48.8477149,2.3770797,3,,,POINT (2.3770797 48.8477149),37,79,3779,48.8481310875,2.3772653765,0.04823111404839212
257033088,48.848351,2.3795421,1,,,POINT (2.3795421 48.848351),37,80,3780,48.8481310875,2.3791649434999997,0.03687244219189957
65287256,48.8480436,2.3806907,3,traffic_signals,,POINT (2.3806907 48.8480436),37,81,3781,48.8481310875,2.3810645105,0.0290311614808245
24664155,48.8477817,2.3905698,3,,,POINT (2.3905698 48.8477817),37,86,3786,48.8481310875,2.3905623455,0.03885394650515404
390034,48.8480382,2.3928506,4,traffic_signals,,POINT (2.3928506 48.8480382),37,87,3787,48.8481310875,2.3924619125,0.03025869112649018
390044,48.8482871,2.3950103,3,,,POINT (2.3950103 48.8482871),37,88,3788,48.8481310875,2.3943614794999997,0.050546015345636804
390047,48.8481806,2.3967898,3,,,POINT (2.3967898 48.8481806),37,89,3789,48.8481310875,2.3962610465,0.039080008770535184
24636708,48.8481116,2.3974603,4,,,POINT (2.3974603 48.8481116),37,90,3790,48.8481310875,2.3981606135,0.05128957718501764
707939371,48.8481547,2.3992048,4,,,POINT (2.3992048 48.8481547),37,91,3791,48.8481310875,2.4000601804999997,0.06264546186459803
707939159,48.847985,2.4064197,3,,,POINT (2.4064197 48.847985),37,94,3794,48.8481310875,2.4057588814999997,0.05100953223561154
1659448470,48.8479313,2.4113914,3,,,POINT (2.4113914 48.8479313),37,97,3797,48.8481310875,2.4114575824999998,0.022737069961793647
2320354492,48.8486827,2.2420998,3,,,POINT (2.2420998 48.8486827),38,8,3808,48.8489913085,2.2423961195,0.040591669597047325
269266227,48.8485816,2.2433691,3,,,POINT (2.2433691 48.8485816),38,9,3809,48.8489913085,2.2442956865,0.0816842038286904
25288788,48.8489341,2.253172,3,,,POINT (2.253172 48.8489341),38,14,3814,48.8489913085,2.2537935215,0.04592034607553967
392014907,48.8489018,2.2593597,3,,,POINT (2.2593597 48.8489018),38,17,3817,48.8489913085,2.2594922225,0.013895651913316693
14798312,48.8487092,2.2635126,3,,,POINT (2.2635126 48.8487092),38,19,3819,48.8489913085,2.2632913565,0.03530001966653399
14798311,48.8488699,2.2651665,3,,,POINT (2.2651665 48.8488699),38,20,3820,48.8489913085,2.2651909235,0.013617781999397751
34818644,48.8493024,2.2671565,3,,,POINT (2.2671565 48.8493024),38,21,3821,48.8489913085,2.2670904904999998,0.03492737020786562
34818762,48.8490918,2.2693786,4,,,POINT (2.2693786 48.8490918),38,22,3822,48.8489913085,2.2689900575,0.03054726226152131
29414561,48.8487245,2.2750512,4,,,POINT (2.2750512 48.8487245),38,25,3825,48.8489913085,2.2746887585,0.039793310403532615
5056877397,48.849014,2.276454,3,,,POINT (2.276454 48.849014),38,26,3826,48.8489913085,2.2765883255,0.01014747759985506
675140522,48.8490586,2.2812263,3,,,POINT (2.2812263 48.8490586),38,28,3828,48.8489913085,2.2803874595,0.06183345697659784
141563311,48.8491544,2.2819108,3,traffic_signals,,POINT (2.2819108 48.8491544),38,29,3829,48.8489913085,2.2822870265,0.03296543597898679
141566589,48.8493315,2.2838568,4,,,POINT (2.2838568 48.8493315),38,30,3830,48.8489913085,2.2841865935,0.044869225236300596
315125577,48.8488877,2.2867485,1,mini_roundabout,,POINT (2.2867485 48.8488877),38,31,3831,48.8489913085,2.2860861605,0.049814847189861636
94269214,48.8490693,2.2876268,5,,,POINT (2.2876268 48.8490693),38,32,3832,48.8489913085,2.2879857274999997,0.027657971698882376
94269863,48.8494102,2.2898821,3,,,POINT (2.2898821 48.8494102),38,33,3833,48.8489913085,2.2898852945,0.04657919611116069
94258428,48.8489997,2.2909188,4,,,POINT (2.2909188 48.8489997),38,34,3834,48.8489913085,2.2917848615,0.06337776264132845
94270059,48.8487613,2.2940586,3,,,POINT (2.2940586 48.8487613),38,35,3835,48.8489913085,2.2936844284999998,0.03746616732110756
21346780,48.848978,2.2977937,5,,,POINT (2.2977937 48.848978),38,37,3837,48.8489913085,2.2974835625,0.022741385431748362
94270277,48.8487024,2.2986791,3,,,POINT (2.2986791 48.8487024),38,38,3838,48.8489913085,2.2993831295,0.060710917215540006
5387166534,48.8486043,2.3023221,2,,,POINT (2.3023221 48.8486043),38,40,3840,48.8489913085,2.3031822635,0.07624475284811912
94270669,48.8489377,2.3045331,3,,,POINT (2.3045331 48.8489377),38,41,3841,48.8489913085,2.3050818305,0.04059146068585264
94260793,48.8488296,2.3089369,3,,,POINT (2.3089369 48.8488296),38,43,3843,48.8489913085,2.3088809645,0.0184410948944089
29400086,48.8488324,2.3114198,3,,,POINT (2.3114198 48.8488324),38,44,3844,48.8489913085,2.3107805315,0.05000237300458301
29400085,48.8487897,2.3121908,4,,,POINT (2.3121908 48.8487897),38,45,3845,48.8489913085,2.3126800985,0.042242083878154243
25256235,48.8491836,2.3140369,3,,,POINT (2.3140369 48.8491836),38,46,3846,48.8489913085,2.3145796654999997,0.045104872367097607
25255856,48.849225,2.325851,3,,,POINT (2.325851 48.849225),38,52,3852,48.8489913085,2.3259770674999998,0.02757404325186401
24959159,48.8489755,2.3287367,4,traffic_signals,,POINT (2.3287367 48.8489755),38,53,3853,48.8489913085,2.3278766345,0.06295671825725413
24959083,48.8486644,2.3325752,3,traffic_signals,,POINT (2.3325752 48.8486644),38,55,3855,48.8489913085,2.3316757685,0.07518439903665776
24972211,48.8489776,2.3341021,3,,,POINT (2.3341021 48.8489776),38,56,3856,48.8489913085,2.3335753355,0.038574210258696395
24972212,48.8491145,2.3348541,3,,,POINT (2.3348541 48.8491145),38,57,3857,48.8489913085,2.3354749025,0.04744538823461334
21292419,48.8493119,2.3373309,3,,,POINT (2.3373309 48.8493119),38,58,3858,48.8489913085,2.3373744695,0.03579041785945981
24972331,48.8490773,2.3390346,5,,,POINT (2.3390346 48.8490773),38,59,3859,48.8489913085,2.3392740365,0.019959322470511708
470130,48.8488358,2.3417553,3,,,POINT (2.3417553 48.8488358),38,60,3860,48.8489913085,2.3411736034999997,0.0459419643875362
695200433,48.849369,2.3457032,3,,,POINT (2.3457032 48.849369),38,62,3862,48.8489913085,2.3449727375,0.0679746052228714
25031228,48.8491193,2.346632,3,,,POINT (2.346632 48.8491193),38,63,3863,48.8489913085,2.3468723044999997,0.022621348386114286
25031252,48.8486094,2.3485219,4,traffic_signals,,POINT (2.3485219 48.8486094),38,64,3864,48.8489913085,2.3487718715,0.04623786167551945
25031493,48.8489335,2.349835,5,traffic_signals,,POINT (2.349835 48.8489335),38,65,3865,48.8489913085,2.3506714385,0.06154001073061456
247188122,48.8487195,2.3531255,1,,,POINT (2.3531255 48.8487195),38,66,3866,48.8489913085,2.3525710054999998,0.050593086575785574
25102265,48.849178,2.3541831,3,,,POINT (2.3541831 48.849178),38,67,3867,48.8489913085,2.3544705725,0.02955336599585158
25101543,48.8491657,2.3558724,3,,,POINT (2.3558724 48.8491657),38,68,3868,48.8489913085,2.3563701394999996,0.041260880621323846
25671506,48.8489033,2.3625131,3,,,POINT (2.3625131 48.8489033),38,71,3871,48.8489913085,2.3620688404999997,0.03394818602815254
26588374,48.8489914,2.3644743,3,traffic_signals,,POINT (2.3644743 48.8489914),38,72,3872,48.8489913085,2.3639684075,0.03701684416343421
26588376,48.848826,2.3653208,3,,,POINT (2.3653208 48.848826),38,73,3873,48.8489913085,2.3658679745,0.04405547916767091
361036,48.8487894,2.3679988,3,traffic_signals,,POINT (2.3679988 48.8487894),38,74,3874,48.8489913085,2.3677675414999997,0.028113959337669966
354164160,48.8488977,2.3719795,3,,,POINT (2.3719795 48.8488977),38,76,3876,48.8489913085,2.3715666755,0.03195001213126615
367989,48.8486286,2.3725375,4,traffic_signals,,POINT (2.3725375 48.8486286),38,77,3877,48.8489913085,2.3734662424999997,0.07902438011071089
65277086,48.8490555,2.3759616,4,,,POINT (2.3759616 48.8490555),38,78,3878,48.8489913085,2.3753658095,0.044175242585724125
65280673,48.8488869,2.3772722,4,,,POINT (2.3772722 48.8488869),38,79,3879,48.8489913085,2.3772653765,0.011620426643816042
65280677,48.8485871,2.378583,3,,,POINT (2.378583 48.8485871),38,80,3880,48.8489913085,2.3791649434999997,0.0619140061080708
25009134,48.8493371,2.389563,3,,,POINT (2.389563 48.8493371),38,85,3885,48.8489913085,2.3886627784999996,0.0762712687602858
25001426,48.8492566,2.3900946,3,,,POINT (2.3900946 48.8492566),38,86,3886,48.8489913085,2.3905623455,0.04518383377925266
390033,48.8489668,2.3920084,5,traffic_signals,,POINT (2.3920084 48.8489668),38,87,3887,48.8489913085,2.3924619125,0.033295850283747354
390042,48.8487905,2.3952373,3,,,POINT (2.3952373 48.8487905),38,88,3888,48.8489913085,2.3943614794999997,0.06786368729671509
390053,48.8487883,2.3966072,3,,,POINT (2.3966072 48.8487883),38,89,3889,48.8489913085,2.3962610465,0.03392786844106861
390153,48.8489264,2.3985446,3,,,POINT (2.3985446 48.8489264),38,90,3890,48.8489913085,2.3981606135,0.029009037818562785
123500200,48.8488486,2.3993259,4,,,POINT (2.3993259 48.8488486),38,91,3891,48.8489913085,2.4000601804999997,0.056022735542542744
24909749,48.8488784,2.4027688,3,,,POINT (2.4027688 48.8488784),38,92,3892,48.8489913085,2.4019597475,0.06051619436649003
24909744,48.8489146,2.4043209,3,,,POINT (2.4043209 48.8489146),38,93,3893,48.8489913085,2.4038593145,0.03483526267889088
24909739,48.8489359,2.405449,4,,,POINT (2.405449 48.8489359),38,94,3894,48.8489913085,2.4057588814999997,0.023496616773828784
24909738,48.848974,2.4077357,4,,,POINT (2.4077357 48.848974),38,95,3895,48.8489913085,2.4076584485,0.005971266241729076
24909711,48.8490158,2.4092344,4,,,POINT (2.4092344 48.8490158),38,96,3896,48.8489913085,2.4095580154999996,0.02383546947829276
442316,48.8490538,2.4115116,5,,,POINT (2.4115116 48.8490538),38,97,3897,48.8489913085,2.4114575824999998,0.007994214279901676
247805454,48.8491046,2.4130616,4,,,POINT (2.4130616 48.8491046),38,98,3898,48.8489913085,2.4133571495,0.02502734300210606
130043444,48.8489724,2.4148471,3,motorway_junction,,POINT (2.4148471 48.8489724),38,99,3899,48.8489913085,2.4152567164999996,0.03004585748155712
1148017380,48.8499511,2.252098,3,motorway_junction,,POINT (2.252098 48.8499511),39,13,3913,48.8498515295,2.2518939545,0.018587325519958307
34818774,48.8497223,2.2655991,4,,,POINT (2.2655991 48.8497223),39,20,3920,48.8498515295,2.2651909235,0.03314342253597074
295147841,48.8497726,2.2666761,3,,,POINT (2.2666761 48.8497726),39,21,3921,48.8498515295,2.2670904904999998,0.03156568156123872
34818642,48.8496624,2.2686287,4,traffic_signals,,POINT (2.2686287 48.8496624),39,22,3922,48.8498515295,2.2689900575,0.033784274385198536
14802818,48.8496135,2.2714503,3,,,POINT (2.2714503 48.8496135),39,23,3923,48.8498515295,2.2708896245,0.048821823564211136
29414562,48.8499368,2.272228,4,traffic_signals,,POINT (2.272228 48.8499368),39,24,3924,48.8498515295,2.2727891915,0.04214288520454189
34819155,48.8501355,2.2749378,3,,,POINT (2.2749378 48.8501355),39,25,3925,48.8498515295,2.2746887585,0.036456857567854786
34819157,48.8500758,2.2764153,3,,,POINT (2.2764153 48.8500758),39,26,3926,48.8498515295,2.2765883255,0.02796736111971009
5193393414,48.8500296,2.2776192,1,,,POINT (2.2776192 48.8500296),39,27,3927,48.8498515295,2.2784878925,0.06657488614838787
6431742701,48.8496996,2.2820912,3,,,POINT (2.2820912 48.8496996),39,29,3929,48.8498515295,2.2822870265,0.022151993785832127
141566590,48.8501839,2.2849038,4,,,POINT (2.2849038 48.8501839),39,30,3930,48.8498515295,2.2841865935,0.0641858033677167
335690031,48.8496105,2.286139,5,traffic_signals,,POINT (2.286139 48.8496105),39,31,3931,48.8498515295,2.2860861605,0.027078691555445525
94257976,48.849961,2.2884178,5,traffic_signals,,POINT (2.2884178 48.849961),39,32,3932,48.8498515295,2.2879857274999997,0.03387719095781792
94258075,48.8502734,2.2901004,3,,,POINT (2.2901004 48.8502734),39,33,3933,48.8498515295,2.2898852945,0.04947987590180214
151351827,48.8497195,2.2915511,3,,,POINT (2.2915511 48.8497195),39,34,3934,48.8498515295,2.2917848615,0.02254089048205242
173999126,48.8498057,2.2959973,3,,,POINT (2.2959973 48.8498057),39,36,3936,48.8498515295,2.2955839955,0.030667906153191433
1928784695,48.8494376,2.2984043,3,,,POINT (2.2984043 48.8494376),39,37,3937,48.8498515295,2.2974835625,0.08159220612506614
159936180,48.8499405,2.2991502,3,,,POINT (2.2991502 48.8499405),39,38,3938,48.8498515295,2.2993831295,0.01970665746159008
94266440,48.8498987,2.3011175,5,,,POINT (2.3011175 48.8498987),39,39,3939,48.8498515295,2.3012826965,0.013176398523375871
470172,48.8494246,2.3037705,4,traffic_signals,,POINT (2.3037705 48.8494246),39,40,3940,48.8498515295,2.3031822635,0.06407963611853193
116147990,48.8502016,2.3057152,3,,,POINT (2.3057152 48.8502016),39,41,3941,48.8498515295,2.3050818305,0.06052241791706217
10713114739,48.8495509,2.3078226,3,,,POINT (2.3078226 48.8495509),39,42,3942,48.8498515295,2.3069813975,0.07004281437714215
130096486,48.8497519,2.3080357,3,,,POINT (2.3080357 48.8497519),39,43,3943,48.8498515295,2.3088809645,0.06283249669599178
245926172,48.8501438,2.3099615,1,,,POINT (2.3099615 48.8501438),39,44,3944,48.8498515295,2.3107805315,0.06817333300563834
244483517,48.8500413,2.3126897,3,,,POINT (2.3126897 48.8500413),39,45,3945,48.8498515295,2.3126800985,0.02111320858714897
25255912,48.8494407,2.3151445,4,traffic_signals,,POINT (2.3151445 48.8494407),39,46,3946,48.8498515295,2.3145796654999997,0.06160324318942672
25256047,48.849889,2.3166622,3,,,POINT (2.3166622 48.849889),39,47,3947,48.8498515295,2.3164792325,0.014021116613204864
25256046,48.8501667,2.317728,3,,,POINT (2.317728 48.8501667),39,48,3948,48.8498515295,2.3183787995,0.0591247713080817
25256058,48.8496994,2.3199564,3,,,POINT (2.3199564 48.8496994),39,49,3949,48.8498515295,2.3202783664999997,0.029002556083101858
470153,48.8502335,2.32414,4,traffic_signals,,POINT (2.32414 48.8502335),39,51,3951,48.8498515295,2.3240775005,0.042718663411768436
25255857,48.849588,2.3265217,3,,,POINT (2.3265217 48.849588),39,52,3952,48.8498515295,2.3259770674999998,0.049464837648596445
25255328,48.8499498,2.328048,3,,,POINT (2.328048 48.8499498),39,53,3953,48.8498515295,2.3278766345,0.016632055536561732
24959082,48.8501089,2.3297737,3,traffic_signals,,POINT (2.3297737 48.8501089),39,54,3954,48.8498515295,2.3297762015,0.028618879180872463
24969670,48.8501628,2.3340132,3,,,POINT (2.3340132 48.8501628),39,56,3956,48.8498515295,2.3335753355,0.047163913525280085
24969677,48.8501331,2.3347376,3,,,POINT (2.3347376 48.8501331),39,57,3957,48.8498515295,2.3354749025,0.062375404234180344
24972308,48.8498427,2.3379351,3,,,POINT (2.3379351 48.8498427),39,58,3958,48.8498515295,2.3373744695,0.04103314297224172
24972328,48.849795,2.3390268,3,,,POINT (2.3390268 48.849795),39,59,3959,48.8498515295,2.3392740365,0.01915127316726531
9758456411,48.849929,2.3436478,4,,,POINT (2.3436478 48.849929),39,61,3961,48.8498515295,2.3430731705,0.04291904939240029
470133,48.8495986,2.3448446,4,traffic_signals,,POINT (2.3448446 48.8495986),39,62,3962,48.8498515295,2.3449727375,0.029646128395324
25031209,48.8498051,2.3471826,3,,,POINT (2.3471826 48.8498051),39,63,3963,48.8498515295,2.3468723044999997,0.023283940759143744
470137,48.8499851,2.3490085,4,traffic_signals,,POINT (2.3490085 48.8499851),39,64,3964,48.8498515295,2.3487718715,0.02281164223487996
25034464,48.8496447,2.3503668,4,traffic_signals,,POINT (2.3503668 48.8496447),39,65,3965,48.8498515295,2.3506714385,0.03202797757139424
470138,48.8495209,2.3528726,3,,,POINT (2.3528726 48.8495209),39,66,3966,48.8498515295,2.3525710054999998,0.04287892356609906
368145,48.849976,2.354875,4,traffic_signals,,POINT (2.354875 48.849976),39,67,3967,48.8498515295,2.3544705725,0.032668693450745696
507255428,48.849578,2.3561875,3,traffic_signals,,POINT (2.3561875 48.849578),39,68,3968,48.8498515295,2.3563701394999996,0.03322150937878433
382073,48.8502611,2.3585159,3,,,POINT (2.3585159 48.8502611),39,69,3969,48.8498515295,2.3582697065,0.048975403812930314
214843848,48.8496799,2.3615008,3,,,POINT (2.3615008 48.8496799),39,71,3971,48.8498515295,2.3620688404999997,0.045735642001158296
26588359,48.8496314,2.363907,4,traffic_signals,,POINT (2.363907 48.8496314),39,72,3972,48.8498515295,2.3639684075,0.024886267020986313
26588350,48.8495132,2.3656306,4,,,POINT (2.3656306 48.8495132),39,73,3973,48.8498515295,2.3658679745,0.04143643547605187
26588388,48.8500511,2.3685676,3,,,POINT (2.3685676 48.8500511),39,74,3974,48.8498515295,2.3677675414999997,0.06260520011812257
153501361,48.84943,2.3699397,3,,,POINT (2.3699397 48.84943),39,75,3975,48.8498515295,2.3696671085,0.05093924991419525
6475356205,48.8494979,2.3709437,3,,,POINT (2.3709437 48.8494979),39,76,3976,48.8498515295,2.3715666755,0.06020004669011605
207281263,48.8500645,2.3737669,3,,,POINT (2.3737669 48.8500645),39,77,3977,48.8498515295,2.3734662424999997,0.032322766175520545
14956570,48.8497732,2.3770095,3,,,POINT (2.3770095 48.8497732),39,79,3979,48.8498515295,2.3772653765,0.020649317156443376
65287255,48.8501287,2.3790708,3,,,POINT (2.3790708 48.8501287),39,80,3980,48.8498515295,2.3791649434999997,0.03158038245595651
368000,48.8500842,2.384689,4,traffic_signals,,POINT (2.384689 48.8500842),39,83,3983,48.8498515295,2.3848636444999998,0.028855585421715454
25008903,48.8496757,2.3873276,3,,,POINT (2.3873276 48.8496757),39,84,3984,48.8498515295,2.3867632115,0.0456908195957953
368007,48.8494264,2.3962019,2,,,POINT (2.3962019 48.8494264),39,89,3989,48.8498515295,2.3962610465,0.04746993405378466
294282580,48.8499713,2.3981803,3,,,POINT (2.3981803 48.8499713),39,90,3990,48.8498515295,2.3981606135,0.013395545640514388
206156015,48.8497997,2.3991262,3,,,POINT (2.3991262 48.8497997),39,91,3991,48.8498515295,2.4000601804999997,0.0685820641569968
60912639,48.8499459,2.4022662,4,,,POINT (2.4022662 48.8499459),39,92,3992,48.8498515295,2.4019597475,0.024757043336465893
257404555,48.8501701,2.4044663,3,,,POINT (2.4044663 48.8501701),39,93,3993,48.8498515295,2.4038593145,0.05680966479454672
306598642,48.8494342,2.4050688,3,,,POINT (2.4050688 48.8494342),39,94,3994,48.8498515295,2.4057588814999997,0.06857853189346533
249685381,48.8499784,2.4128631,3,,,POINT (2.4128631 48.8499784),39,98,3998,48.8498515295,2.4133571495,0.03880478856283466
358161787,48.8507163,2.2497476,2,,,POINT (2.2497476 48.8507163),40,12,4012,48.8507117505,2.2499943875,0.018064240883508387
3881610822,48.8504718,2.2509936,1,,,POINT (2.2509936 48.8504718),40,13,4013,48.8507117505,2.2518939545,0.07107608034796452
177272231,48.8505339,2.2602737,3,traffic_signals,,POINT (2.2602737 48.8505339),40,17,4017,48.8507117505,2.2594922225,0.06050318244753911
177270209,48.8508888,2.2605021,3,traffic_signals,,POINT (2.2605021 48.8508888),40,18,4018,48.8507117505,2.2613917895,0.06800922640957886
34818760,48.8503699,2.2658323,4,,,POINT (2.2658323 48.8503699),40,20,4020,48.8507117505,2.2651909235,0.06039238870877744
34818714,48.8507148,2.2672014,4,,,POINT (2.2672014 48.8507148),40,21,4021,48.8507117505,2.2670904904999998,0.008122201282543635
34819151,48.8503137,2.2685047,1,,,POINT (2.2685047 48.8503137),40,22,4022,48.8507117505,2.2689900575,0.05674715970403798
297709641,48.8506333,2.2711285,3,,,POINT (2.2711285 48.8506333),40,23,4023,48.8507117505,2.2708896245,0.01953421215248353
34819097,48.8503715,2.2732955,3,,,POINT (2.2732955 48.8503715),40,24,4024,48.8507117505,2.2727891915,0.052951274460355385
34819158,48.850548,2.2753407,3,,,POINT (2.2753407 48.850548),40,25,4025,48.8507117505,2.2746887585,0.05105888135177746
8259843149,48.8507015,2.2779008,4,,,POINT (2.2779008 48.8507015),40,27,4027,48.8507117505,2.2784878925,0.04297200460511979
141567054,48.8506542,2.2840023,4,traffic_signals,,POINT (2.2840023 48.8506542),40,30,4030,48.8507117505,2.2841865935,0.014925965597745358
6319417940,48.8507642,2.2856073,3,,,POINT (2.2856073 48.8507642),40,31,4031,48.8507117505,2.2860861605,0.03551972243514529
340393005,48.8507643,2.287184,3,traffic_signals,,POINT (2.287184 48.8507643),40,32,4032,48.8507117505,2.2879857274999997,0.05895174866935921
9422736429,48.8508971,2.2921315,4,,,POINT (2.2921315 48.8508971),40,34,4034,48.8507117505,2.2917848615,0.032681117274569654
94267208,48.8504225,2.2940468,3,,,POINT (2.2940468 48.8504225),40,35,4035,48.8507117505,2.2936844284999998,0.04168312719044139
94266274,48.8506596,2.2956421,4,,,POINT (2.2956421 48.8506596),40,36,4036,48.8507117505,2.2955839955,0.007190386624071819
159894354,48.850302,2.2973838,4,,,POINT (2.2973838 48.850302),40,37,4037,48.8507117505,2.2974835625,0.046143203114935145
94267985,48.8506735,2.2989289,3,,,POINT (2.2989289 48.8506735),40,38,4038,48.8507117505,2.2993831295,0.03350650881000377
94266791,48.8505319,2.3020523,3,,,POINT (2.3020523 48.8505319),40,39,4039,48.8507117505,2.3012826965,0.059756829902159934
116147905,48.8504243,2.305252,3,,,POINT (2.305252 48.8504243),40,41,4041,48.8507117505,2.3050818305,0.03430257547448421
116147966,48.8503734,2.3068171,4,,,POINT (2.3068171 48.8503734),40,42,4042,48.8507117505,2.3069813975,0.03949678424428387
245926115,48.8508231,2.3091109,3,,,POINT (2.3091109 48.8508231),40,43,4043,48.8507117505,2.3088809645,0.020889034428709412
65306439,48.8507199,2.3116435,4,traffic_signals,,POINT (2.3116435 48.8507199),40,44,4044,48.8507117505,2.3107805315,0.06314890714235431
94262979,48.8508245,2.3124342,3,,,POINT (2.3124342 48.8508245),40,45,4045,48.8507117505,2.3126800985,0.02192934049087564
244483520,48.8508214,2.3143858,4,,,POINT (2.3143858 48.8508214),40,46,4046,48.8507117505,2.3145796654999997,0.018704749513804415
25256045,48.8503704,2.318547,3,,,POINT (2.318547 48.8503704),40,48,4048,48.8507117505,2.3183787995,0.03990182715145471
1205055671,48.8505393,2.319867,1,,,POINT (2.319867 48.8505393),40,49,4049,48.8507117505,2.3202783664999997,0.03568851554245852
25255855,48.850432,2.3246062,3,,,POINT (2.3246062 48.850432),40,51,4051,48.8507117505,2.3240775005,0.04963991571303535
470152,48.8507068,2.3252847,3,,,POINT (2.3252847 48.8507068),40,52,4052,48.8507117505,2.3259770674999998,0.050662724781447184
25253920,48.8503948,2.3277276,4,traffic_signals,,POINT (2.3277276 48.8503948),40,53,4053,48.8507117505,2.3278766345,0.036891762960612286
59854309,48.8505787,2.3339854,3,,,POINT (2.3339854 48.8505787),40,56,4056,48.8507117505,2.3335753355,0.0334532156557508
24969692,48.8507594,2.3357909,3,,,POINT (2.3357909 48.8507594),40,57,4057,48.8507117505,2.3354749025,0.023720475920449662
24972144,48.8506508,2.3380575,3,,,POINT (2.3380575 48.8506508),40,58,4058,48.8507117505,2.3373744695,0.0504340358170006
24972373,48.8509698,2.3395226,3,,,POINT (2.3395226 48.8509698),40,59,4059,48.8507117505,2.3392740365,0.03397209084922378
1756761482,48.8508803,2.3412914,3,traffic_signals,,POINT (2.3412914 48.8508803),40,60,4060,48.8507117505,2.3411736034999997,0.02062872786144748
470131,48.8506264,2.3428034,4,traffic_signals,,POINT (2.3428034 48.8506264),40,61,4061,48.8507117505,2.3430731705,0.02190185259806609
25031257,48.8509748,2.3449502,3,,,POINT (2.3449502 48.8509748),40,62,4062,48.8507117505,2.3449727375,0.02929621758611985
25031285,48.8506265,2.3464294,3,,,POINT (2.3464294 48.8506265),40,63,4063,48.8507117505,2.3468723044999997,0.033764814334980256
25095717,48.8508365,2.3490314,3,,,POINT (2.3490314 48.8508365),40,64,4064,48.8507117505,2.3487718715,0.023516277064970427
368126,48.851112,2.3513069,4,traffic_signals,,POINT (2.3513069 48.851112),40,65,4065,48.8507117505,2.3506714385,0.06436317209444245
25096403,48.8507012,2.3525859,3,,,POINT (2.3525859 48.8507012),40,66,4066,48.8507117505,2.3525710054999998,0.0016012503635777385
25096406,48.8504134,2.3535299,3,,,POINT (2.3535299 48.8504134),40,67,4067,48.8507117505,2.3544705725,0.07640612434899867
382071,48.8511377,2.3559179,4,,,POINT (2.3559179 48.8511377),40,68,4068,48.8507117505,2.3563701394999996,0.057777350720189025
1597826738,48.8508471,2.3589605,1,,,POINT (2.3589605 48.8508471),40,69,4069,48.8507117505,2.3582697065,0.05273759457578755
2035302,48.8505867,2.3600338,2,,,POINT (2.3600338 48.8505867),40,70,4070,48.8507117505,2.3601692735,0.01707645189780589
25671388,48.8510567,2.3622851,4,traffic_signals,,POINT (2.3622851 48.8510567),40,71,4071,48.8507117505,2.3620688404999997,0.04149230657464441
26588372,48.850613,2.3661236,3,,,POINT (2.3661236 48.850613),40,73,4073,48.8507117505,2.3658679745,0.0216888512261919
361032,48.8508902,2.3672854,3,traffic_signals,,POINT (2.3672854 48.8508902),40,74,4074,48.8507117505,2.3677675414999997,0.04047525477353681
248494025,48.8505629,2.3731817,3,,,POINT (2.3731817 48.8505629),40,77,4077,48.8507117505,2.3734662424999997,0.026597151969683624
1352887786,48.8506177,2.3754095,3,,,POINT (2.3754095 48.8506177),40,78,4078,48.8507117505,2.3753658095,0.010935626208666525
14956567,48.8510217,2.3772072,3,,,POINT (2.3772072 48.8510217),40,79,4079,48.8507117505,2.3772653765,0.03472668579556538
367999,48.8505503,2.3793973,3,,,POINT (2.3793973 48.8505503),40,80,4080,48.8507117505,2.3791649434999997,0.02472519141814032
25008866,48.850412,2.3814059,3,,,POINT (2.3814059 48.850412),40,81,4081,48.8507117505,2.3810645105,0.04165208114245035
25008881,48.8504684,2.3844442,4,traffic_signals,,POINT (2.3844442 48.8504684),40,83,4083,48.8507117505,2.3848636444999998,0.040915830824742726
25008900,48.8504472,2.3865523,3,,,POINT (2.3865523 48.8504472),40,84,4084,48.8507117505,2.3867632115,0.03321886854432461
25001430,48.8504738,2.3905772,4,traffic_signals,,POINT (2.3905772 48.8504738),40,86,4086,48.8507117505,2.3905623455,0.026481202825922038
25001580,48.850604,2.392197,3,,,POINT (2.392197 48.850604),40,87,4087,48.8507117505,2.3924619125,0.02278742035124007
2199846273,48.85067,2.3944978,4,,,POINT (2.3944978 48.85067),40,88,4088,48.8507117505,2.3943614794999997,0.011001877019512947
390027,48.8509679,2.3964579,3,,,POINT (2.3964579 48.8509679),40,89,4089,48.8507117505,2.3962610465,0.03191731865141509
206155953,48.8507021,2.3988219,3,,,POINT (2.3988219 48.8507021),40,90,4090,48.8507117505,2.3981606135,0.0483974732788692
206155934,48.8504162,2.3992002,3,,,POINT (2.3992002 48.8504162),40,91,4091,48.8507117505,2.4000601804999997,0.07098908016198895
60913098,48.8509196,2.4017983,4,,,POINT (2.4017983 48.8509196),40,92,4092,48.8507117505,2.4019597475,0.02595573986730552
60912643,48.8504998,2.4064033,3,,,POINT (2.4064033 48.8504998),40,94,4094,48.8507117505,2.4057588814999997,0.05271339662208114
558963058,48.8503587,2.4074795,3,,,POINT (2.4074795 48.8503587),40,95,4095,48.8507117505,2.4076584485,0.04138339229455519
249685273,48.8510369,2.412662,3,,,POINT (2.412662 48.8510369),40,98,4098,48.8507117505,2.4133571495,0.062403841272897546
1964121072,48.8509952,2.4158975,3,,,POINT (2.4158975 48.8509952),40,99,4099,48.8507117505,2.4152567164999996,0.056494432349985614
25077273,48.8512097,2.2519586,3,motorway_junction,,POINT (2.2519586 48.8512097),41,13,4113,48.8515719715,2.2518939545,0.04055949727117612
29414993,48.8513943,2.2652509,3,,,POINT (2.2652509 48.8513943),41,20,4120,48.8515719715,2.2651909235,0.02023768243892927
303481227,48.8514515,2.2676071,3,,,POINT (2.2676071 48.8514515),41,21,4121,48.8515719715,2.2670904904999998,0.04010263415383595
29414991,48.8515966,2.2692853,4,,,POINT (2.2692853 48.8515966),41,22,4122,48.8515719715,2.2689900575,0.021775072406017115
297707357,48.8515526,2.2706054,1,,,POINT (2.2706054 48.8515526),41,23,4123,48.8515719715,2.2708896245,0.02090728230933112
34818939,48.8511954,2.2750783,3,,,POINT (2.2750783 48.8511954),41,25,4125,48.8515719715,2.2746887585,0.05065268200092976
34819159,48.8512643,2.2759171,3,,,POINT (2.2759171 48.8512643),41,26,4126,48.8515719715,2.2765883255,0.05985337139989274
310348609,48.8514649,2.2782418,4,,,POINT (2.2782418 48.8514649),41,27,4127,48.8515719715,2.2784878925,0.02158621799972867
141567847,48.8517112,2.2853556,3,,,POINT (2.2853556 48.8517112),41,31,4131,48.8515719715,2.2860861605,0.05565006488557024
310350260,48.8513802,2.2880685,3,,,POINT (2.2880685 48.8513802),41,32,4132,48.8515719715,2.2879857274999997,0.022167368280374446
243647236,48.8516789,2.2899503,4,traffic_signals,,POINT (2.2899503 48.8516789),41,33,4133,48.8515719715,2.2898852945,0.012805943258483242
94265887,48.8514807,2.291976,3,,,POINT (2.291976 48.8514807),41,34,4134,48.8515719715,2.2917848615,0.017279621702710465
21389558,48.8513932,2.2930116,4,,,POINT (2.2930116 48.8513932),41,35,4135,48.8515719715,2.2936844284999998,0.053091249918442454
159884486,48.8516598,2.2958666,3,,,POINT (2.2958666 48.8516598),41,36,4136,48.8515719715,2.2955839955,0.022867755422422097
94267807,48.8516097,2.2974342,3,,,POINT (2.2974342 48.8516097),41,37,4137,48.8515719715,2.2974835625,0.005535745053760107
94267106,48.851581,2.3002822,3,,,POINT (2.3002822 48.851581),41,38,4138,48.8515719715,2.2993831295,0.06579047575460563
21378259,48.8515853,2.3014912,3,,,POINT (2.3014912 48.8515853),41,39,4139,48.8515719715,2.3012826965,0.015327517200700667
116147961,48.8513939,2.3066597,3,,,POINT (2.3066597 48.8513939),41,42,4142,48.8515719715,2.3069813975,0.03075869118035753
65311768,48.8513257,2.3096199,3,,,POINT (2.3096199 48.8513257),41,43,4143,48.8515719715,2.3088809645,0.060605708867188614
65306441,48.8514584,2.3105047,3,traffic_signals,,POINT (2.3105047 48.8514584),41,44,4144,48.8515719715,2.3107805315,0.023807392975706762
65307297,48.8516386,2.3125303,4,traffic_signals,,POINT (2.3125303 48.8516386),41,45,4145,48.8515719715,2.3126800985,0.013229501018687447
246842023,48.8515121,2.3144797,3,,,POINT (2.3144797 48.8515121),41,46,4146,48.8515719715,2.3145796654999997,0.009890357017086886
25256051,48.8517926,2.316085,3,,,POINT (2.316085 48.8517926),41,47,4147,48.8515719715,2.3164792325,0.03786673436911116
1756960193,48.8516952,2.3190314,4,traffic_signals,,POINT (2.3190314 48.8516952),41,48,4148,48.8515719715,2.3183787995,0.04967631592646135
2734029831,48.8517052,2.324343,3,,,POINT (2.324343 48.8517052),41,51,4151,48.8515719715,2.3240775005,0.024430131623148374
7594346942,48.8517017,2.3267093,4,,,POINT (2.3267093 48.8517017),41,52,4152,48.8515719715,2.3259770674999998,0.05548361748456188
6176080241,48.8516499,2.3272613,3,,,POINT (2.3272613 48.8516499),41,53,4153,48.8515719715,2.3278766345,0.04584880354628787
250524313,48.85138,2.3319045,3,,,POINT (2.3319045 48.85138),41,55,4155,48.8515719715,2.3316757685,0.027124684346565096
24958755,48.851826,2.3337214,3,,,POINT (2.3337214 48.851826),41,56,4156,48.8515719715,2.3335753355,0.030200833607770983
24958752,48.8516757,2.3352891,3,,,POINT (2.3352891 48.8516757),41,57,4157,48.8515719715,2.3354749025,0.017828379870026695
24983566,48.8517476,2.3373982,3,,,POINT (2.3373982 48.8517476),41,58,4158,48.8515719715,2.3373744695,0.01960603246295198
24972375,48.8515203,2.3390943,3,,,POINT (2.3390943 48.8515203),41,59,4159,48.8515719715,2.3392740365,0.014351237348272637
24972424,48.8518287,2.3414433,3,,,POINT (2.3414433 48.8518287),41,60,4160,48.8515719715,2.3411736034999997,0.03470326885170104
367506,48.8513977,2.3431724,4,traffic_signals,,POINT (2.3431724 48.8513977),41,61,4161,48.8515719715,2.3430731705,0.020693582765511004
2399876970,48.8516851,2.3476942,3,,,POINT (2.3476942 48.8516851),41,63,4163,48.8515719715,2.3468723044999997,0.06143763562035646
25095688,48.8516956,2.3487173,4,,,POINT (2.3487173 48.8516956),41,64,4164,48.8515719715,2.3487718715,0.014314997279598942
212523881,48.8514343,2.350421,3,,,POINT (2.350421 48.8514343),41,65,4165,48.8515719715,2.3506714385,0.02387709118419358
382069,48.8516311,2.3541599,3,,,POINT (2.3541599 48.8516311),41,67,4167,48.8515719715,2.3544705725,0.02366289901796239
382077,48.8518338,2.3565473,4,,,POINT (2.3565473 48.8518338),41,68,4168,48.8515719715,2.3563701394999996,0.03186923527538291
382080,48.8512836,2.3580848,3,,,POINT (2.3580848 48.8512836),41,69,4169,48.8515719715,2.3582697065,0.03480276205126471
25671389,48.8513429,2.3622643,3,traffic_signals,,POINT (2.3622643 48.8513429),41,71,4171,48.8515719715,2.3620688404999997,0.0292118120020732
25671390,48.8515158,2.3637199,3,traffic_signals,,POINT (2.3637199 48.8515158),41,72,4172,48.8515719715,2.3639684075,0.019225584552715873
431507192,48.8518343,2.366492,3,,,POINT (2.366492 48.8518343),41,73,4173,48.8515719715,2.3658679745,0.054180696333829916
26401905,48.8516523,2.3676404,3,traffic_signals,,POINT (2.3676404 48.8516523),41,74,4174,48.8515719715,2.3677675414999997,0.012896577689601991
153501214,48.85139,2.3696214,3,,,POINT (2.3696214 48.85139),41,75,4175,48.8515719715,2.3696671085,0.020508830470281236
918101328,48.8518657,2.3737872,3,,,POINT (2.3737872 48.8518657),41,77,4177,48.8515719715,2.3734662424999997,0.040227217177365736
207281261,48.8516045,2.3748488,3,,,POINT (2.3748488 48.8516045),41,78,4178,48.8515719715,2.3753658095,0.038000855581858554
25009257,48.8515233,2.3787828,4,,,POINT (2.3787828 48.8515233),41,80,4180,48.8515719715,2.3791649434999997,0.028479490485277564
25009260,48.8511673,2.3815802,3,,,POINT (2.3815802 48.8511673),41,81,4181,48.8515719715,2.3810645105,0.058723629494499094
207267298,48.8515831,2.3845996,3,,,POINT (2.3845996 48.8515831),41,83,4183,48.8515719715,2.3848636444999998,0.019359086362751965
340402112,48.8517346,2.3886993,1,,,POINT (2.3886993 48.8517346),41,85,4185,48.8515719715,2.3886627784999996,0.0182798318311916
206155655,48.8516384,2.3926532,1,,,POINT (2.3926532 48.8516384),41,87,4187,48.8515719715,2.3924619125,0.01582559912573664
206155654,48.8519258,2.3937234,3,,,POINT (2.3937234 48.8519258),41,88,4188,48.8515719715,2.3943614794999997,0.06105392174238121
11367296623,48.8513256,2.3982108,4,,,POINT (2.3982108 48.8513256),41,90,4190,48.8515719715,2.3981606135,0.027640263274593076
244455586,48.8515773,2.3998357,3,,,POINT (2.3998357 48.8515773),41,91,4191,48.8515719715,2.4000601804999997,0.01643537972787918
125742,48.8518516,2.401373,4,,,POINT (2.401373 48.8518516),41,92,4192,48.8515719715,2.4019597475,0.05300795592926675
258396880,48.8512251,2.4042775,3,,,POINT (2.4042775 48.8512251),41,93,4193,48.8515719715,2.4038593145,0.04923304913508475
1761658049,48.8515042,2.4062921,4,,,POINT (2.4062921 48.8515042),41,94,4194,48.8515719715,2.4057588814999997,0.03973547069126918
60913095,48.8516507,2.4069987,4,,,POINT (2.4069987 48.8516507),41,95,4195,48.8515719715,2.4076584485,0.04905954094149167
1089076031,48.8513118,2.4111171,3,,,POINT (2.4111171 48.8513118),41,97,4197,48.8515719715,2.4114575824999998,0.03817794650869709
25245006,48.8516829,2.4150478,3,,,POINT (2.4150478 48.8516829),41,99,4199,48.8515719715,2.4152567164999996,0.019641874234676504
3881610781,48.8525179,2.2538844,3,,,POINT (2.2538844 48.8525179),42,14,4214,48.8524321925,2.2537935215,0.011620579289657146
295137123,48.8526707,2.2616612,3,traffic_signals,,POINT (2.2616612 48.8526707),42,18,4218,48.8524321925,2.2613917895,0.03304400787143511
34818898,48.852724,2.2625129,4,traffic_signals,,POINT (2.2625129 48.852724),42,19,4219,48.8524321925,2.2632913565,0.0655507446735484
34818743,48.8526066,2.2652939,3,,,POINT (2.2652939 48.8526066),42,20,4220,48.8524321925,2.2651909235,0.02080539634507425
305102761,48.852725,2.2663995,1,,,POINT (2.2663995 48.852725),42,21,4221,48.8524321925,2.2670904904999998,0.06013392679556727
34818420,48.8526079,2.2682341,3,,,POINT (2.2682341 48.8526079),42,22,4222,48.8524321925,2.2689900575,0.058659874585336884
297710609,48.8523689,2.2714595,3,,,POINT (2.2714595 48.8523689),42,23,4223,48.8524321925,2.2708896245,0.042285509721437534
297710644,48.8527837,2.27219,3,,,POINT (2.27219 48.8527837),42,24,4224,48.8524321925,2.2727891915,0.05873408170963527
638521931,48.8527583,2.2758633,4,traffic_signals,,POINT (2.2758633 48.8527583),42,26,4226,48.8524321925,2.2765883255,0.06425660053530481
2689489652,48.8524833,2.2804688,3,,,POINT (2.2804688 48.8524833),42,28,4228,48.8524321925,2.2803874595,0.008228867027705145
675140823,48.8526078,2.2861728,3,,,POINT (2.2861728 48.8526078),42,31,4231,48.8524321925,2.2860861605,0.020529845324561216
141568877,48.8526479,2.2872358,3,,,POINT (2.2872358 48.8526479),42,32,4232,48.8524321925,2.2879857274999997,0.05988281101023859
21346804,48.85246,2.2905797,4,traffic_signals,,POINT (2.2905797 48.85246),42,33,4233,48.8524321925,2.2898852945,0.05090109195279419
21378262,48.8522222,2.2912493,3,,,POINT (2.2912493 48.8522222),42,34,4234,48.8524321925,2.2917848615,0.04561472813301565
249168967,48.8524303,2.294577,1,,,POINT (2.294577 48.8524303),42,35,4235,48.8524321925,2.2936844284999998,0.06530652365207704
249168058,48.8526781,2.2949293,3,,,POINT (2.2949293 48.8526781),42,36,4236,48.8524321925,2.2955839955,0.05515645653573311
159885961,48.8523932,2.2966366,3,,,POINT (2.2966366 48.8523932),42,37,4237,48.8524321925,2.2974835625,0.06212065841260264
249578857,48.8522774,2.2991932,3,,,POINT (2.2991932 48.8522774),42,38,4238,48.8524321925,2.2993831295,0.02212169901846487
49803905,48.8527049,2.3085681,4,traffic_signals,,POINT (2.3085681 48.8527049),42,43,4243,48.8524321925,2.3088809645,0.03799378910715934
65310517,48.8521745,2.3104884,3,,,POINT (2.3104884 48.8521745),42,44,4244,48.8524321925,2.3107805315,0.03574794736882823
25253766,48.8527479,2.3236717,3,,,POINT (2.3236717 48.8527479),42,51,4251,48.8524321925,2.3240775005,0.04597730014814379
11030262634,48.8523931,2.3264846,4,,,POINT (2.3264846 48.8523931),42,52,4252,48.8524321925,2.3259770674999998,0.037387860796444156
25253964,48.8522684,2.3300292,3,,,POINT (2.3300292 48.8522684),42,54,4254,48.8524321925,2.3297762015,0.025968572672473756
260382140,48.8524168,2.331688,3,,,POINT (2.331688 48.8524168),42,55,4255,48.8524321925,2.3316757685,0.0019314170478070961
24958732,48.8526627,2.3336923,3,,,POINT (2.3336923 48.8526627),42,56,4256,48.8524321925,2.3335753355,0.02702218373137328
24958744,48.852453,2.3352,3,,,POINT (2.3352 48.852453),42,57,4257,48.8524321925,2.3354749025,0.020246239264370886
24958919,48.8525344,2.3370046,3,,,POINT (2.3370046 48.8525344),42,58,4258,48.8524321925,2.3373744695,0.029351529539077676
24983568,48.8524745,2.3387535,4,traffic_signals,,POINT (2.3387535 48.8524745),42,59,4259,48.8524321925,2.3392740365,0.03837517513093726
206091857,48.8523153,2.3412746,3,,,POINT (2.3412746 48.8523153),42,60,4260,48.8524321925,2.3411736034999997,0.014951577262659627
25183852,48.8524076,2.3429064,3,,,POINT (2.3429064 48.8524076),42,61,4261,48.8524321925,2.3430731705,0.01250465345715921
25095633,48.8524777,2.344711,4,,,POINT (2.344711 48.8524777),42,62,4262,48.8524321925,2.3449727375,0.019807627547827833
25095625,48.8527598,2.3466299,3,,,POINT (2.3466299 48.8527598),42,63,4263,48.8524321925,2.3468723044999997,0.040516400505060765
361062,48.8523487,2.3482382,3,traffic_signals,,POINT (2.3482382 48.8523487),42,64,4264,48.8524321925,2.3487718715,0.04013534189604288
368125,48.8526464,2.3522069,3,,,POINT (2.3522069 48.8526464),42,66,4266,48.8524321925,2.3525710054999998,0.035735630183331236
382078,48.8524483,2.354842,4,,,POINT (2.354842 48.8524483),42,67,4267,48.8524321925,2.3544705725,0.027234941330092084
382062,48.852444,2.3570633,3,,,POINT (2.3570633 48.852444),42,68,4268,48.8524321925,2.3563701394999996,0.05073299756145123
368140,48.8523738,2.3604658,3,traffic_signals,,POINT (2.3604658 48.8523738),42,70,4270,48.8524321925,2.3601692735,0.022646518464898565
26401691,48.8521226,2.3627186,3,,,POINT (2.3627186 48.8521226),42,71,4271,48.8524321925,2.3620688404999997,0.058695856433406225
26401693,48.8524043,2.3638196,1,,,POINT (2.3638196 48.8524043),42,72,4272,48.8524321925,2.3639684075,0.011320838616899318
26401864,48.8521858,2.3659391,3,traffic_signals,,POINT (2.3659391 48.8521858),42,73,4273,48.8524321925,2.3658679745,0.02788745113049782
568421754,48.8525466,2.3680317,3,,,POINT (2.3680317 48.8525466),42,74,4274,48.8524321925,2.3677675414999997,0.02313847781736978
2481752356,48.8521662,2.3695515,3,,,POINT (2.3695515 48.8521662),42,75,4275,48.8524321925,2.3696671085,0.03076278670962763
206155083,48.8528292,2.3744998,3,,,POINT (2.3744998 48.8528292),42,78,4278,48.8524321925,2.3753658095,0.07722438295497915
249580374,48.8524655,2.3768154,3,,,POINT (2.3768154 48.8524655),42,79,4279,48.8524321925,2.3772653765,0.03313078067108182
25009249,48.8526269,2.379149,3,,,POINT (2.379149 48.8526269),42,80,4280,48.8524321925,2.3791649434999997,0.021681889510854445
25009243,48.8524649,2.3810863,3,,,POINT (2.3810863 48.8524649),42,81,4281,48.8524321925,2.3810645105,0.003970989367945526
25009237,48.8525211,2.3832295,4,,,POINT (2.3832295 48.8525211),42,82,4282,48.8524321925,2.3829640775,0.021791503377129824
25009196,48.8526532,2.3848998,4,,,POINT (2.3848998 48.8526532),42,83,4283,48.8524321925,2.3848636444999998,0.024716882158006548
194188545,48.8522946,2.3889933,3,,,POINT (2.3889933 48.8522946),42,85,4285,48.8524321925,2.3886627784999996,0.02861640639134233
257936411,48.8522216,2.3923396,1,,,POINT (2.3923396 48.8522216),42,87,4287,48.8524321925,2.3924619125,0.02506860776381336
244455433,48.8523258,2.4040265,4,traffic_signals,,POINT (2.4040265 48.8523258),42,93,4293,48.8524321925,2.4038593145,0.0170172514876169
259961346,48.8524404,2.4061369,3,,,POINT (2.4061369 48.8524404),42,94,4294,48.8524321925,2.4057588814999997,0.027673277958615128
60913097,48.8526451,2.4078271,3,,,POINT (2.4078271 48.8526451),42,95,4295,48.8524321925,2.4076584485,0.026697091961477917
249685212,48.8527796,2.4116294,3,,,POINT (2.4116294 48.8527796),42,97,4297,48.8524321925,2.4114575824999998,0.04062398972927774
247277761,48.8521068,2.4156947,3,,,POINT (2.4156947 48.8521068),42,99,4299,48.8524321925,2.4152567164999996,0.0483328760596671
27181017,48.8533643,2.2268102,3,,,POINT (2.2268102 48.8533643),43,0,4300,48.8532924135,2.2271995835,0.029589393239333912
27181031,48.85288,2.2297361,1,,,POINT (2.2297361 48.85288),43,1,4301,48.8532924135,2.2290991505,0.0653818757162694
4435946130,48.8530141,2.253818,1,,,POINT (2.253818 48.8530141),43,14,4314,48.8532924135,2.2537935215,0.030998829836675356
360999,48.8530352,2.2618853,4,traffic_signals,,POINT (2.2618853 48.8530352),43,18,4318,48.8532924135,2.2613917895,0.04606281493241299
34818717,48.8530192,2.2648256,3,,,POINT (2.2648256 48.8530192),43,20,4320,48.8532924135,2.2651909235,0.04046456245801614
305102762,48.8531287,2.26695,3,,,POINT (2.26695 48.8531287),43,21,4321,48.8532924135,2.2670904904999998,0.020905687985344173
979967550,48.8533383,2.2707744,3,,,POINT (2.2707744 48.8533383),43,23,4323,48.8532924135,2.2708896245,0.009854220912811691
34819140,48.8529353,2.2719094,3,,,POINT (2.2719094 48.8529353),43,24,4324,48.8532924135,2.2727891915,0.07563299059856579
34818930,48.8529741,2.275815,3,traffic_signals,,POINT (2.275815 48.8529741),43,26,4326,48.8532924135,2.2765883255,0.06673948813510697
185856688,48.8537096,2.2800562,3,,,POINT (2.2800562 48.8537096),43,28,4328,48.8532924135,2.2803874595,0.05233880538829286
5056877395,48.8531743,2.2821111,3,,,POINT (2.2821111 48.8531743),43,29,4329,48.8532924135,2.2822870265,0.01838946577805093
94268321,48.8528906,2.2865617,3,traffic_signals,,POINT (2.2865617 48.8528906),43,31,4331,48.8532924135,2.2860861605,0.05662881896375935
141569116,48.8533873,2.2882712,3,,,POINT (2.2882712 48.8533873),43,32,4332,48.8532924135,2.2879857274999997,0.023400243184483537
21378261,48.8529872,2.2920774,1,,,POINT (2.2920774 48.8529872),43,34,4334,48.8532924135,2.2917848615,0.0401237819206425
159883856,48.8534369,2.2937708,3,,,POINT (2.2937708 48.8534369),43,35,4335,48.8532924135,2.2936844284999998,0.017264301233322375
158834602,48.853323,2.2958728,3,,,POINT (2.2958728 48.853323),43,36,4336,48.8532924135,2.2955839955,0.021402357239833483
158834766,48.8534277,2.2973826,3,,,POINT (2.2973826 48.8534277),43,37,4337,48.8532924135,2.2974835625,0.016758985917363037
158835639,48.8534846,2.2985351,4,,,POINT (2.2985351 48.8534846),43,38,4338,48.8532924135,2.2993831295,0.06562311269712318
49809410,48.8533773,2.3095449,3,,,POINT (2.3095449 48.8533773),43,43,4343,48.8532924135,2.3088809645,0.049485392658746886
94260215,48.8533639,2.3116809,4,,,POINT (2.3116809 48.8533639),43,44,4344,48.8532924135,2.3107805315,0.06635333270784595
94264937,48.8531939,2.3126966,3,,,POINT (2.3126966 48.8531939),43,45,4345,48.8532924135,2.3126800985,0.011020534718376376
4616566,48.8536931,2.314733,3,traffic_signals,,POINT (2.314733 48.8536931),43,46,4346,48.8532924135,2.3145796654999997,0.0459450223950868
25254124,48.8532418,2.3174991,3,,,POINT (2.3174991 48.8532418),43,48,4348,48.8532924135,2.3183787995,0.06460890063126179
231396378,48.8530991,2.3248815,1,,,POINT (2.3248815 48.8530991),43,51,4351,48.8532924135,2.3240775005,0.06262916664345257
25253716,48.8534144,2.3261932,4,traffic_signals,,POINT (2.3261932 48.8534144),43,52,4352,48.8532924135,2.3259770674999998,0.02083389404313369
25253720,48.8537211,2.327741,3,,,POINT (2.327741 48.8537211),43,53,4353,48.8532924135,2.3278766345,0.04868978191959746
25255858,48.8531454,2.3312779,3,,,POINT (2.3312779 48.8531454),43,55,4355,48.8532924135,2.3316757685,0.03338605501275164
24958725,48.8534714,2.3333436,3,traffic_signals,,POINT (2.3333436 48.8534714),43,56,4356,48.8532924135,2.3335753355,0.02614525391398877
24958034,48.8532648,2.3355212,3,,,POINT (2.3355212 48.8532648),43,57,4357,48.8532924135,2.3354749025,0.004571878052598418
1756761496,48.852902,2.3369916,4,traffic_signals,,POINT (2.3369916 48.852902),43,58,4358,48.8532924135,2.3373744695,0.0516654422065859
25183261,48.853552,2.3391353,3,,,POINT (2.3391353 48.853552),43,59,4359,48.8532924135,2.3392740365,0.030597491856450196
25183164,48.8533828,2.3409582,3,,,POINT (2.3409582 48.8533828),43,60,4360,48.8532924135,2.3411736034999997,0.018691991063845236
25095600,48.8531692,2.3431937,4,traffic_signals,,POINT (2.3431937 48.8531692),43,61,4361,48.8532924135,2.3430731705,0.016293453797794805
25095636,48.8532442,2.3445887,3,,,POINT (2.3445887 48.8532442),43,62,4362,48.8532924135,2.3449727375,0.02860502018681014
367510,48.8530613,2.3468122,4,traffic_signals,,POINT (2.3468122 48.8530613),43,63,4363,48.8532924135,2.3468723044999997,0.026072189814717567
24923329,48.8535773,2.3491575,1,,,POINT (2.3491575 48.8535773),43,64,4364,48.8532924135,2.3487718715,0.04242106922405922
677182851,48.85315,2.3505561,1,,,POINT (2.3505561 48.85315),43,65,4365,48.8532924135,2.3506714385,0.01794382321037334
382067,48.8528801,2.3533008,3,,,POINT (2.3533008 48.8528801),43,66,4366,48.8532924135,2.3525710054999998,0.07037799808372633
382064,48.853419,2.3540036,4,,,POINT (2.3540036 48.853419),43,67,4367,48.8532924135,2.3544705725,0.0369519341794662
368142,48.8533327,2.3578164,4,traffic_signals,,POINT (2.3578164 48.8533327),43,69,4369,48.8532924135,2.3582697065,0.033467350203461914
208381994,48.8529271,2.3601226,4,,,POINT (2.3601226 48.8529271),43,70,4370,48.8532924135,2.3601692735,0.040764294434879444
26401688,48.8529653,2.3611291,3,,,POINT (2.3611291 48.8529653),43,71,4371,48.8532924135,2.3620688404999997,0.07778473671476299
368139,48.8535418,2.3665458,1,,,POINT (2.3665458 48.8535418),43,73,4373,48.8532924135,2.3658679745,0.056819451351930436
26401819,48.8533737,2.3676402,1,,,POINT (2.3676402 48.8533737),43,74,4374,48.8532924135,2.3677675414999997,0.012980853364949538
6554662994,48.8532974,2.3697178,3,,,POINT (2.3697178 48.8532974),43,75,4375,48.8532924135,2.3696671085,0.003750065167442033
430796,48.8532065,2.375077,3,,,POINT (2.375077 48.8532065),43,78,4378,48.8532924135,2.3753658095,0.023189927696578457
244455587,48.8532731,2.3772848,4,traffic_signals,,POINT (2.3772848 48.8532731),43,79,4379,48.8532924135,2.3772653765,0.0025751923900346587
430794,48.8533915,2.3794021,3,traffic_signals,,POINT (2.3794021 48.8533915),43,80,4380,48.8532924135,2.3791649434999997,0.02055409870964434
25009246,48.8535745,2.3804181,4,,,POINT (2.3804181 48.8535745),43,81,4381,48.8532924135,2.3810645105,0.05675065043120435
367905531,48.8533142,2.3830437,3,,,POINT (2.3830437 48.8533142),43,82,4382,48.8532924135,2.3829640775,0.0063092139221066785
194188548,48.8530004,2.3864908,3,,,POINT (2.3864908 48.8530004),43,84,4384,48.8532924135,2.3867632115,0.03809954793815907
195867993,48.8533843,2.3882138,3,,,POINT (2.3882138 48.8533843),43,85,4385,48.8532924135,2.3886627784999996,0.03440180464699075
25034606,48.8535496,2.3927034,4,,,POINT (2.3927034 48.8535496),43,87,4387,48.8532924135,2.3924619125,0.03361560164106004
1299921050,48.8529627,2.3969494,3,,,POINT (2.3969494 48.8529627),43,89,4389,48.8532924135,2.3962610465,0.06229469456550587
152807173,48.8534114,2.3984613,4,,,POINT (2.3984613 48.8534114),43,90,4390,48.8532924135,2.3981606135,0.025671758142569084
60912980,48.8529444,2.4007804,4,,,POINT (2.4007804 48.8529444),43,91,4391,48.8532924135,2.4000601804999997,0.06537780254376364
244455442,48.8532489,2.4032864,3,,,POINT (2.4032864 48.8532489),43,93,4393,48.8532924135,2.4038593145,0.04219567753048879
288157894,48.8535461,2.4058563,3,,,POINT (2.4058563 48.8535461),43,94,4394,48.8532924135,2.4057588814999997,0.02909520430212364
1771597590,48.8529381,2.4074878,3,,,POINT (2.4074878 48.8529381),43,95,4395,48.8532924135,2.4076584485,0.041328933362359856
244455480,48.8533385,2.4096933,3,,,POINT (2.4096933 48.8533385),43,96,4396,48.8532924135,2.4095580154999996,0.011146016240404023
249685113,48.8533209,2.4121671,3,,,POINT (2.4121671 48.8533209),43,97,4397,48.8532924135,2.4114575824999998,0.052008435743632966
2572298835,48.8534883,2.4137191,3,,,POINT (2.4137191 48.8534883),43,98,4398,48.8532924135,2.4133571495,0.03428903924732597
27181011,48.8537868,2.2262612,3,,,POINT (2.2262612 48.8537868),44,0,4400,48.8541526345,2.2271995835,0.0798023717186635
6437919544,48.8538189,2.2631207,1,,,POINT (2.2631207 48.8538189),44,19,4419,48.8541526345,2.2632913565,0.03915379211474501
34818735,48.8539825,2.2654425,3,,,POINT (2.2654425 48.8539825),44,20,4420,48.8541526345,2.2651909235,0.0263948325744444
34818932,48.8539726,2.2689868,3,,,POINT (2.2689868 48.8539726),44,22,4422,48.8541526345,2.2689900575,0.02002034167656804
305102274,48.8543939,2.2702941,3,,,POINT (2.2702941 48.8543939),44,23,4423,48.8541526345,2.2708896245,0.05116760930373243
34819141,48.8537619,2.27225,3,,,POINT (2.27225 48.8537619),44,24,4424,48.8541526345,2.2727891915,0.05868528136297221
34818845,48.8542033,2.2755291,4,traffic_signals,,POINT (2.2755291 48.8542033),44,25,4425,48.8541526345,2.2746887585,0.06174013696226462
34818600,48.8543033,2.2782955,3,traffic_signals,,POINT (2.2782955 48.8543033),44,27,4427,48.8541526345,2.2784878925,0.021881704422366845
277063521,48.8542564,2.2795651,1,,,POINT (2.2795651 48.8542564),44,28,4428,48.8541526345,2.2803874595,0.06126324924428886
4069611774,48.8537773,2.2829607,3,,,POINT (2.2829607 48.8537773),44,29,4429,48.8541526345,2.2822870265,0.06458491766868642
241582236,48.854429,2.2837307,3,,,POINT (2.2837307 48.854429),44,30,4430,48.8541526345,2.2841865935,0.04535310205578871
661235,48.8544184,2.2886492,4,traffic_signals,,POINT (2.2886492 48.8544184),44,32,4432,48.8541526345,2.2879857274999997,0.05682990676637563
141569001,48.8539671,2.2890831,3,,,POINT (2.2890831 48.8539671),44,33,4433,48.8541526345,2.2898852945,0.06221202058746874
21346801,48.85431,2.2923073,3,,,POINT (2.2923073 48.85431),44,34,4434,48.8541526345,2.2917848615,0.04203840211612277
158834411,48.8539897,2.2935006,3,,,POINT (2.2935006 48.8539897),44,35,4435,48.8541526345,2.2936844284999998,0.02256403399798212
21346784,48.8544552,2.2957652,3,,,POINT (2.2957652 48.8544552),44,36,4436,48.8541526345,2.2955839955,0.03616165182059261
204830556,48.8541168,2.2975588,4,,,POINT (2.2975588 48.8541168),44,37,4437,48.8541526345,2.2974835625,0.006795475527669834
7107304058,48.8537572,2.2989358,1,,,POINT (2.2989358 48.8537572),44,38,4438,48.8541526345,2.2993831295,0.05481368907453849
368272,48.8542721,2.3054471,4,traffic_signals,,POINT (2.3054471 48.8542721),44,41,4441,48.8541526345,2.3050818305,0.029843949671539628
36489622,48.8540882,2.3069236,3,,,POINT (2.3069236 48.8540882),44,42,4442,48.8541526345,2.3069813975,0.008319616288201472
262313917,48.8540912,2.3085479,2,,,POINT (2.3085479 48.8540912),44,43,4443,48.8541526345,2.3088809645,0.025307680643764503
49809150,48.853913,2.3102995,3,,,POINT (2.3102995 48.853913),44,44,4444,48.8541526345,2.3107805315,0.04414348774103576
94263090,48.8537961,2.312668,3,,,POINT (2.312668 48.8537961),44,45,4445,48.8541526345,2.3126800985,0.03965470828554229
25254118,48.8539821,2.3189164,1,,,POINT (2.3189164 48.8539821),44,48,4448,48.8541526345,2.3183787995,0.04366533892985694
25254120,48.8542104,2.3196642,3,,,POINT (2.3196642 48.8542104),44,49,4449,48.8541526345,2.3202783664999997,0.045391505647123846
25253764,48.8539979,2.3238493,4,traffic_signals,,POINT (2.3238493 48.8539979),44,51,4451,48.8541526345,2.3240775005,0.023974856824345848
25254299,48.8543438,2.3261255,4,traffic_signals,,POINT (2.3261255 48.8543438),44,52,4452,48.8541526345,2.3259770674999998,0.023870090196074296
25253719,48.8538385,2.3273749,3,,,POINT (2.3273749 48.8538385),44,53,4453,48.8541526345,2.3278766345,0.05067209873550055
470149,48.8544657,2.3304702,4,traffic_signals,,POINT (2.3304702 48.8544657),44,54,4454,48.8541526345,2.3297762015,0.0615627298860503
25253722,48.8542019,2.3316483,3,traffic_signals,,POINT (2.3316483 48.8542019),44,55,4455,48.8541526345,2.3316757685,0.005835082049653339
25183146,48.8544959,2.3336373,3,,,POINT (2.3336373 48.8544959),44,56,4456,48.8541526345,2.3335753355,0.038437673570727006
25186861,48.8540461,2.3355075,3,,,POINT (2.3355075 48.8540461),44,57,4457,48.8541526345,2.3354749025,0.012083791751563619
25186702,48.8538497,2.3369559,4,,,POINT (2.3369559 48.8538497),44,58,4458,48.8541526345,2.3373744695,0.04552480834282087
25183590,48.8542008,2.3388939,3,,,POINT (2.3388939 48.8542008),44,59,4459,48.8541526345,2.3392740365,0.028323205836004138
25183526,48.8542965,2.343185,3,,,POINT (2.343185 48.8542965),44,61,4461,48.8541526345,2.3430731705,0.01796804120257989
676758863,48.8543358,2.3449201,4,traffic_signals,,POINT (2.3449201 48.8543358),44,62,4462,48.8541526345,2.3449727375,0.020727978674642798
2066708518,48.8540695,2.3473873,2,,,POINT (2.3473873 48.8540695),44,63,4463,48.8541526345,2.3468723044999997,0.038796471911206186
677182858,48.8543844,2.3497523,3,,,POINT (2.3497523 48.8543844),44,65,4465,48.8541526345,2.3506714385,0.0720165391115175
368143,48.8543758,2.3549444,4,traffic_signals,,POINT (2.3549444 48.8543758),44,67,4467,48.8541526345,2.3544705725,0.042633031781814046
26401652,48.8543089,2.355931,2,,,POINT (2.355931 48.8543089),44,68,4468,48.8541526345,2.3563701394999996,0.03652670629127619
698058860,48.8545234,2.3588347,4,,,POINT (2.3588347 48.8545234),44,69,4469,48.8541526345,2.3582697065,0.05838173698313899
26401664,48.8540335,2.361118,1,,,POINT (2.361118 48.8540335),44,70,4470,48.8541526345,2.3601692735,0.07066531817140405
26401666,48.8538627,2.3620458,3,,,POINT (2.3620458 48.8538627),44,71,4471,48.8541526345,2.3620688404999997,0.032283287519660996
26401699,48.8539852,2.3647884,1,,,POINT (2.3647884 48.8539852),44,72,4472,48.8541526345,2.3639684075,0.06281632698862383
26401820,48.8537421,2.3656764,1,,,POINT (2.3656764 48.8537421),44,73,4473,48.8541526345,2.3658679745,0.047752721148005675
26401805,48.853876,2.3673852,3,,,POINT (2.3673852 48.853876),44,74,4474,48.8541526345,2.3677675414999997,0.04157792593646643
11253108232,48.8540313,2.3689776,3,traffic_signals,,POINT (2.3689776 48.8540313),44,75,4475,48.8541526345,2.3696671085,0.05222012702681921
8809437,48.8543312,2.3714275,4,,,POINT (2.3714275 48.8543312),44,76,4476,48.8541526345,2.3715666755,0.022314326386484448
248492214,48.8543166,2.3733325,3,,,POINT (2.3733325 48.8543166),44,77,4477,48.8541526345,2.3734662424999997,0.02069199678789778
10048157406,48.8543672,2.3781307,1,,,POINT (2.3781307 48.8543672),44,79,4479,48.8541526345,2.3772653765,0.06765662210466693
252682762,48.8542443,2.3798728,3,,,POINT (2.3798728 48.8542443),44,80,4480,48.8541526345,2.3791649434999997,0.05278293010070883
207263532,48.8538232,2.3815591,3,,,POINT (2.3815591 48.8538232),44,81,4481,48.8541526345,2.3810645105,0.05149079589054086
1759389846,48.8540705,2.3826637,3,,,POINT (2.3826637 48.8540705),44,82,4482,48.8541526345,2.3829640775,0.023798940622580457
1759389847,48.8545537,2.3847048,3,,,POINT (2.3847048 48.8545537),44,83,4483,48.8541526345,2.3848636444999998,0.04608584799697363
153516926,48.8537665,2.3879672,3,,,POINT (2.3879672 48.8537665),44,85,4485,48.8541526345,2.3886627784999996,0.06658415077421248
153517219,48.8541923,2.3900806,4,,,POINT (2.3900806 48.8541923),44,86,4486,48.8541526345,2.3905623455,0.03552121808712253
123498921,48.8543665,2.3961334,4,traffic_signals,,POINT (2.3961334 48.8543665),44,89,4489,48.8541526345,2.3962610465,0.025548835493803112
152807172,48.8543265,2.3979073,4,,,POINT (2.3979073 48.8543265),44,90,4490,48.8541526345,2.3981606135,0.026781495310442823
152807827,48.8540316,2.3999199,4,,,POINT (2.3999199 48.8540316),44,91,4491,48.8541526345,2.4000601804999997,0.016925363722798625
60912977,48.8539799,2.4026153,4,,,POINT (2.4026153 48.8539799),44,92,4492,48.8541526345,2.4019597475,0.05166572727995238
244455441,48.8539904,2.4057184,3,,,POINT (2.4057184 48.8539904),44,94,4494,48.8541526345,2.4057588814999997,0.018281172499241383
1771597592,48.8540879,2.4069732,3,,,POINT (2.4069732 48.8540879),44,95,4495,48.8541526345,2.4076584485,0.05064952717682299
244455502,48.8537919,2.4120008,4,,,POINT (2.4120008 48.8537919),44,97,4497,48.8541526345,2.4114575824999998,0.056467216346630045
244455500,48.8543149,2.4130481,3,,,POINT (2.4130481 48.8543149),44,98,4498,48.8541526345,2.4133571495,0.028927842242285527
2486549618,48.8542533,2.4152132,4,,,POINT (2.4152132 48.8542533),44,99,4499,48.8541526345,2.4152567164999996,0.011637485003022564
295136206,48.8552294,2.2632312,3,,,POINT (2.2632312 48.8552294),45,19,4519,48.8550128555,2.2632913565,0.024477579237938935
289410804,48.85496,2.2657307,3,,,POINT (2.2657307 48.85496),45,20,4520,48.8550128555,2.2651909235,0.039926394984450914
289410803,48.8546214,2.2666818,1,,,POINT (2.2666818 48.8546214),45,21,4521,48.8550128555,2.2670904904999998,0.05280854602418409
1758970586,48.8546787,2.2693711,4,traffic_signals,,POINT (2.2693711 48.8546787),45,22,4522,48.8550128555,2.2689900575,0.04645200084382156
34818848,48.8553766,2.270913,4,,,POINT (2.270913 48.8553766),45,23,4523,48.8550128555,2.2708896245,0.040482683238513846
34818837,48.8550945,2.2720361,3,,,POINT (2.2720361 48.8550945),45,24,4524,48.8550128555,2.2727891915,0.05584097365084247
34817002,48.855176,2.2752346,3,,,POINT (2.2752346 48.855176),45,25,4525,48.8550128555,2.2746887585,0.043862308251195095
34818599,48.8554099,2.2766244,3,,,POINT (2.2766244 48.8554099),45,26,4526,48.8550128555,2.2765883255,0.04422815349235396
34818610,48.8547119,2.279221,3,,,POINT (2.279221 48.8547119),45,27,4527,48.8550128555,2.2784878925,0.06321968046137084
34818590,48.8548422,2.2796032,3,,,POINT (2.2796032 48.8548422),45,28,4528,48.8550128555,2.2803874595,0.060434968672006546
185859373,48.8551893,2.2825223,3,,,POINT (2.2825223 48.8551893),45,29,4529,48.8550128555,2.2822870265,0.026100336218528093
241582419,48.8548984,2.2843802,3,,,POINT (2.2843802 48.8548984),45,30,4530,48.8550128555,2.2841865935,0.01904242032823829
185877802,48.8548522,2.2885465,3,traffic_signals,,POINT (2.2885465 48.8548522),45,32,4532,48.8550128555,2.2879857274999997,0.04474808028735435
4547130999,48.8549615,2.289925,3,,,POINT (2.289925 48.8549615),45,33,4533,48.8550128555,2.2898852945,0.006406891457209353
160018434,48.8552713,2.2957598,4,,,POINT (2.2957598 48.8552713),45,36,4536,48.8550128555,2.2955839955,0.03148482954314856
133128980,48.8547762,2.2975614,1,,,POINT (2.2975614 48.8547762),45,37,4537,48.8550128555,2.2974835625,0.02692404655077379
36487395,48.8549317,2.3031055,4,,,POINT (2.3031055 48.8549317),45,40,4540,48.8550128555,2.3031822635,0.010629013660891046
29434737,48.8553699,2.3071396,3,,,POINT (2.3071396 48.8553699),45,42,4542,48.8550128555,2.3069813975,0.04135432427562442
36489824,48.8550123,2.3086593,3,,,POINT (2.3086593 48.8550123),45,43,4543,48.8550128555,2.3088809645,0.016217660292896882
25254116,48.8554189,2.3180552,3,,,POINT (2.3180552 48.8554189),45,48,4548,48.8550128555,2.3183787995,0.05098086893750347
25253775,48.8549506,2.3199504,4,traffic_signals,,POINT (2.3199504 48.8549506),45,49,4549,48.8550128555,2.3202783664999997,0.024973494142875998
25253725,48.8550133,2.3245711,3,,,POINT (2.3245711 48.8550133),45,51,4551,48.8550128555,2.3240775005,0.03611303734565107
728342886,48.855024,2.326291,3,,,POINT (2.326291 48.855024),45,52,4552,48.8550128555,2.3259770674999998,0.023001508900049955
25253772,48.854835,2.3292236,4,,,POINT (2.3292236 48.854835),45,54,4554,48.8550128555,2.3297762015,0.045007608691226275
25190296,48.8551102,2.3307623,3,,,POINT (2.3307623 48.8551102),45,55,4555,48.8550128555,2.3316757685,0.06770251406160682
25186813,48.8547693,2.336101,3,,,POINT (2.336101 48.8547693),45,57,4557,48.8550128555,2.3354749025,0.053213946333795566
25183693,48.8552786,2.3377567,4,,,POINT (2.3377567 48.8552786),45,58,4558,48.8550128555,2.3373744695,0.040684203142978645
25184021,48.8550187,2.3395832,3,,,POINT (2.3395832 48.8550187),45,59,4559,48.8550128555,2.3392740365,0.022628526207971865
6190019965,48.855279,2.3415674,3,,,POINT (2.3415674 48.855279),45,60,4560,48.8550128555,2.3411736034999997,0.04130228265434063
21305936,48.8546205,2.3425388,3,,,POINT (2.3425388 48.8546205),45,61,4561,48.8550128555,2.3430731705,0.05858241841314176
677185710,48.8550649,2.3502619,4,traffic_signals,,POINT (2.3502619 48.8550649),45,65,4565,48.8550128555,2.3506714385,0.030516617218962618
5041260574,48.8552916,2.3525744,3,,,POINT (2.3525744 48.8552916),45,66,4566,48.8550128555,2.3525710054999998,0.03099596917447442
178801482,48.8552187,2.3538018,3,,,POINT (2.3538018 48.8552187),45,67,4567,48.8550128555,2.3544705725,0.05401803370893515
26401659,48.8553558,2.3595896,3,traffic_signals,,POINT (2.3595896 48.8553558),45,70,4570,48.8550128555,2.3601692735,0.05703339141119361
26401696,48.855095,2.3616767,1,,,POINT (2.3616767 48.855095),45,71,4571,48.8550128555,2.3620688404999997,0.03010889972350835
214885022,48.8550744,2.3633203,1,,,POINT (2.3633203 48.8550744),45,72,4572,48.8550128555,2.3639684075,0.04790846643843727
26401700,48.8550653,2.3653321,3,,,POINT (2.3653321 48.8550653),45,73,4573,48.8550128555,2.3658679745,0.03963725646110796
26666953,48.8551582,2.3680895,1,,,POINT (2.3680895 48.8551582),45,74,4574,48.8550128555,2.3677675414999997,0.028566542057617418
8809449,48.8547347,2.3695371,3,,,POINT (2.3695371 48.8547347),45,75,4575,48.8550128555,2.3696671085,0.03235902875550182
8809438,48.8547839,2.3727458,3,,,POINT (2.3727458 48.8547839),45,77,4577,48.8550128555,2.3734662424999997,0.05853580452282545
9896301408,48.8547366,2.3770437,1,,,POINT (2.3770437 48.8547366),45,79,4579,48.8550128555,2.3772653765,0.034736825486810306
208759442,48.8549427,2.3833375,1,,,POINT (2.3833375 48.8549427),45,82,4582,48.8550128555,2.3829640775,0.02841246042336306
2665180182,48.8547012,2.3853213,4,traffic_signals,,POINT (2.3853213 48.8547012),45,83,4583,48.8550128555,2.3848636444999998,0.04818786164753723
30183055,48.8551202,2.3871219,4,traffic_signals,,POINT (2.3871219 48.8551202),45,84,4584,48.8550128555,2.3867632115,0.02882955041209872
199624819,48.8549817,2.3934843,3,,,POINT (2.3934843 48.8549817),45,88,4588,48.8550128555,2.3943614794999997,0.06427015526835332
152806497,48.8550957,2.3987036,4,,,POINT (2.3987036 48.8550957),45,90,4590,48.8550128555,2.3981606135,0.04078031191025251
244455430,48.8552433,2.4014669,4,,,POINT (2.4014669 48.8552433),45,92,4592,48.8550128555,2.4019597475,0.04423544949463213
5407826888,48.855414,2.4052939,3,,,POINT (2.4052939 48.855414),45,94,4594,48.8550128555,2.4057588814999997,0.056097469462976
268225928,48.8554413,2.4078759,1,,,POINT (2.4078759 48.8554413),45,95,4595,48.8550128555,2.4076584485,0.05022703433802846
244455482,48.8552597,2.4095109,3,,,POINT (2.4095109 48.8552597),45,96,4596,48.8550128555,2.4095580154999996,0.02766346287510272
244455499,48.854669,2.4120729,4,,,POINT (2.4120729 48.854669),45,97,4597,48.8550128555,2.4114575824999998,0.05906409128142845
252260939,48.8551478,2.4151924,3,,,POINT (2.4151924 48.8551478),45,99,4599,48.8550128555,2.4152567164999996,0.015725666086204043
34818920,48.8558456,2.2647378,3,,,POINT (2.2647378 48.8558456),46,20,4620,48.855873076499996,2.2651909235,0.03329160527398617
34818912,48.855841,2.2691297,3,,,POINT (2.2691297 48.855841),46,22,4622,48.855873076499996,2.2689900575,0.010821142230474251
34818843,48.855554,2.2702205,4,traffic_signals,,POINT (2.2702205 48.855554),46,23,4623,48.855873076499996,2.2708896245,0.06045924009603822
34818859,48.8559539,2.2722284,3,,,POINT (2.2722284 48.8559539),46,24,4624,48.855873076499996,2.2727891915,0.042000983977035666
2394065675,48.8555542,2.2749974,1,crossing,,POINT (2.2749974 48.8555542),46,25,4625,48.855873076499996,2.2746887585,0.04203710381623309
34818588,48.8561877,2.2778487,5,,,POINT (2.2778487 48.8561877),46,27,4627,48.855873076499996,2.2784878925,0.05840197303781998
34818603,48.8556048,2.280921,3,,,POINT (2.280921 48.8556048),46,28,4628,48.855873076499996,2.2803874595,0.04912829665929024
34818618,48.8562072,2.2816207,3,,,POINT (2.2816207 48.8562072),46,29,4629,48.855873076499996,2.2822870265,0.061292848669540025
241583357,48.8558465,2.2855542,3,,,POINT (2.2855542 48.8558465),46,31,4631,48.855873076499996,2.2860861605,0.03903096828325368
160014360,48.8555675,2.2940284,3,,,POINT (2.2940284 48.8555675),46,35,4635,48.855873076499996,2.2936844284999998,0.04228290082577299
133129542,48.855826,2.2959411,1,,,POINT (2.2959411 48.855826),46,36,4636,48.855873076499996,2.2955839955,0.026645493676822927
24909759,48.8558511,2.2973311,3,,,POINT (2.2973311 48.8558511),46,37,4637,48.855873076499996,2.2974835625,0.011418898654122486
24909788,48.8562912,2.2984464,3,,,POINT (2.2984464 48.8562912),46,38,4638,48.855873076499996,2.2993831295,0.08281462898304409
21378254,48.8557368,2.3018418,4,,,POINT (2.3018418 48.8557368),46,39,4639,48.855873076499996,2.3012826965,0.043621365840155996
36487359,48.8557954,2.3030082,3,,,POINT (2.3030082 48.8557954),46,40,4640,48.855873076499996,2.3031822635,0.015387493209340365
666946376,48.85577,2.3051267,2,,,POINT (2.3051267 48.85577),46,41,4641,48.855873076499996,2.3050818305,0.011922420856359047
36487657,48.8561326,2.3067483,1,,,POINT (2.3067483 48.8561326),46,42,4642,48.855873076499996,2.3069813975,0.03352005979676243
36489786,48.8555557,2.3085084,3,,,POINT (2.3085084 48.8555557),46,43,4643,48.855873076499996,2.3088809645,0.044591432083643585
25580452,48.856168,2.3150233,3,traffic_signals,,POINT (2.3150233 48.856168),46,46,4646,48.855873076499996,2.3145796654999997,0.04613988509515546
25254115,48.8557078,2.3168859,3,traffic_signals,,POINT (2.3168859 48.8557078),46,47,4647,48.855873076499996,2.3164792325,0.03497072000643448
25253726,48.8556487,2.3234168,3,,,POINT (2.3234168 48.8556487),46,51,4651,48.855873076499996,2.3240775005,0.05439690866525772
25254925,48.8558337,2.3257283,3,,,POINT (2.3257283 48.8558337),46,52,4652,48.855873076499996,2.3259770674999998,0.018719424834067692
262809648,48.8560373,2.3272569,2,,,POINT (2.3272569 48.8560373),46,53,4653,48.855873076499996,2.3278766345,0.04887964180738921
25191274,48.8554998,2.329844,3,,,POINT (2.329844 48.8554998),46,54,4654,48.855873076499996,2.3297762015,0.0418017903414999
25191080,48.8556589,2.3335083,3,,,POINT (2.3335083 48.8556589),46,56,4656,48.855873076499996,2.3335753355,0.024315092361404198
1756949012,48.8556694,2.3367144,3,,,POINT (2.3367144 48.8556694),46,58,4658,48.855873076499996,2.3373744695,0.05333859201858
470142,48.8561313,2.3404015,5,,,POINT (2.3404015 48.8561313),46,60,4660,48.855873076499996,2.3411736034999997,0.06336665887042948
676727427,48.8561022,2.3428252,3,,,POINT (2.3428252 48.8561022),46,61,4661,48.855873076499996,2.3430731705,0.03127653211721582
8615812356,48.8561977,2.3464808,4,,,POINT (2.3464808 48.8561977),46,63,4663,48.855873076499996,2.3468723044999997,0.04608005308541331
677104497,48.8556672,2.3483197,4,traffic_signals,,POINT (2.3483197 48.8556672),46,64,4664,48.855873076499996,2.3487718715,0.04022996735098705
25554711,48.8558191,2.3508126,3,,,POINT (2.3508126 48.8558191),46,65,4665,48.855873076499996,2.3506714385,0.01194493859361234
3657885239,48.8556124,2.3530317,3,,,POINT (2.3530317 48.8556124),46,66,4666,48.855873076499996,2.3525710054999998,0.044454654326408306
699045729,48.8558238,2.3563573,4,,,POINT (2.3563573 48.8558238),46,68,4668,48.855873076499996,2.3563701394999996,0.005559233878084081
26401655,48.8555133,2.3577386,3,,,POINT (2.3577386 48.8555133),46,69,4669,48.855873076499996,2.3582697065,0.05576970373861498
26401645,48.8554573,2.3600815,1,traffic_signals,,POINT (2.3600815 48.8554573),46,70,4670,48.855873076499996,2.3601692735,0.046676089922677966
26401095,48.8559067,2.3622831,3,,,POINT (2.3622831 48.8559067),46,71,4671,48.855873076499996,2.3620688404999997,0.016115198428689987
26401920,48.8561801,2.3657542,3,,,POINT (2.3657542 48.8561801),46,73,4673,48.855873076499996,2.3658679745,0.03513956685964776
26666918,48.8559452,2.3673131,4,traffic_signals,,POINT (2.3673131 48.8559452),46,74,4674,48.855873076499996,2.3677675414999997,0.03420107471385258
8809451,48.8559257,2.3692026,4,,,POINT (2.3692026 48.8559257),46,75,4675,48.855873076499996,2.3696671085,0.034484111369473436
8809445,48.8556896,2.3716475,4,,,POINT (2.3716475 48.8556896),46,76,4676,48.855873076499996,2.3715666755,0.021241326080662443
8809440,48.8557643,2.3750856,3,,,POINT (2.3750856 48.8557643),46,78,4678,48.855873076499996,2.3753658095,0.023802724269058002
130099806,48.8557065,2.3787055,4,traffic_signals,,POINT (2.3787055 48.8557065),46,80,4680,48.855873076499996,2.3791649434999997,0.03837905370868945
153514264,48.8558322,2.38159,3,,,POINT (2.38159 48.8558322),46,81,4681,48.855873076499996,2.3810645105,0.0387132643870708
153515015,48.8558802,2.3833433,3,,,POINT (2.3833433 48.8558802),46,82,4682,48.855873076499996,2.3829640775,0.027755715481107408
194146960,48.8557131,2.3853914,1,,,POINT (2.3853914 48.8557131),46,83,4683,48.855873076499996,2.3848636444999998,0.04251198847536835
195393628,48.8557603,2.3864555,3,,,POINT (2.3864555 48.8557603),46,84,4684,48.855873076499996,2.3867632115,0.025769616579344255
195393625,48.8562262,2.3882803,3,,,POINT (2.3882803 48.8562262),46,85,4685,48.855873076499996,2.3886627784999996,0.048216227455879015
153517221,48.8555802,2.3901232,3,,,POINT (2.3901232 48.8555802),46,86,4686,48.855873076499996,2.3905623455,0.045747272995047564
199624817,48.8559326,2.3923567,3,,,POINT (2.3923567 48.8559326),46,87,4687,48.855873076499996,2.3924619125,0.010151774386841651
152806498,48.8556409,2.4006374,3,,,POINT (2.4006374 48.8556409),46,91,4691,48.855873076499996,2.4000601804999997,0.049496484268418794
244455437,48.8557589,2.404283,3,,,POINT (2.404283 48.8557589),46,93,4693,48.855873076499996,2.4038593145,0.03349663466511558
244455486,48.8560999,2.4058869,3,traffic_signals,,POINT (2.4058869 48.8560999),46,94,4694,48.855873076499996,2.4057588814999997,0.02690449414065993
268225883,48.8558987,2.4073664,3,,,POINT (2.4073664 48.8558987),46,95,4695,48.855873076499996,2.4076584485,0.021555774638283925
2879837947,48.8557411,2.4098865,3,,,POINT (2.4098865 48.8557411),46,96,4696,48.855873076499996,2.4095580154999996,0.028158740150811407
134579176,48.8570207,2.2665471,3,,,POINT (2.2665471 48.8570207),47,21,4721,48.8567332975,2.2670904904999998,0.05100689905360698
34818871,48.8565091,2.2725916,1,,,POINT (2.2725916 48.8565091),47,24,4724,48.8567332975,2.2727891915,0.028817657248744775
34817004,48.8564627,2.2746919,4,traffic_signals,,POINT (2.2746919 48.8564627),47,25,4725,48.8567332975,2.2746887585,0.03008994692970937
260603725,48.8567645,2.2758906,3,,,POINT (2.2758906 48.8567645),47,26,4726,48.8567332975,2.2765883255,0.051163391169843066
34818614,48.8569343,2.2802247,3,,,POINT (2.2802247 48.8569343),47,28,4728,48.8567332975,2.2803874595,0.02532450978328685
34818626,48.8567877,2.2824656,3,,,POINT (2.2824656 48.8567877),47,29,4729,48.8567332975,2.2822870265,0.014396991599162526
11009753444,48.8567972,2.2842641,1,,,POINT (2.2842641 48.8567972),47,30,4730,48.8567332975,2.2841865935,0.009090830032427829
185858517,48.8565704,2.28616,3,,,POINT (2.28616 48.8565704),47,31,4731,48.8567332975,2.2860861605,0.018901776835666587
6900473051,48.856764,2.2936754,1,,,POINT (2.2936754 48.856764),47,35,4735,48.8567332975,2.2936844284999998,0.003477273614475027
24909773,48.8564477,2.29821,3,,,POINT (2.29821 48.8564477),47,37,4737,48.8567332975,2.2974835625,0.061911561659543694
6449290666,48.8564543,2.2999102,1,,,POINT (2.2999102 48.8564543),47,38,4738,48.8567332975,2.2993831295,0.04949094645957036
36487357,48.856771,2.301477,3,,,POINT (2.301477 48.856771),47,39,4739,48.8567332975,2.3012826965,0.014820555796582563
34845786,48.8567753,2.3035662,3,,,POINT (2.3035662 48.8567753),47,40,4740,48.8567332975,2.3031822635,0.028474443985226323
21378251,48.8571275,2.3043003,4,,,POINT (2.3043003 48.8571275),47,41,4741,48.8567332975,2.3050818305,0.07204527332781033
36487707,48.856728,2.3070935,3,,,POINT (2.3070935 48.856728),47,42,4742,48.8567332975,2.3069813975,0.008222551388598277
36489372,48.8571485,2.3086373,1,,,POINT (2.3086373 48.8571485),47,43,4743,48.8567332975,2.3088809645,0.049490442640308926
21378248,48.8564712,2.3211157,4,,,POINT (2.3211157 48.8564712),47,49,4749,48.8567332975,2.3202783664999997,0.06783875171432703
25253773,48.8564094,2.3240957,4,,,POINT (2.3240957 48.8564094),47,51,4751,48.8567332975,2.3240775005,0.036040362360942706
4729508762,48.8563434,2.3263774,3,,,POINT (2.3263774 48.8563434),47,52,4752,48.8567332975,2.3259770674999998,0.052320523877142866
25190668,48.8568149,2.3303468,3,,,POINT (2.3303468 48.8568149),47,54,4754,48.8567332975,2.3297762015,0.0427197475322385
25190293,48.8563151,2.3316717,4,,,POINT (2.3316717 48.8563151),47,55,4755,48.8567332975,2.3316757685,0.04650239295434897
25188963,48.8564779,2.3346093,3,,,POINT (2.3346093 48.8564779),47,57,4757,48.8567332975,2.3354749025,0.06940384044243834
1756949013,48.8571228,2.3365131,3,,,POINT (2.3365131 48.8571228),47,58,4758,48.8567332975,2.3373744695,0.07646589620570382
25188950,48.8564302,2.3399176,3,,,POINT (2.3399176 48.8564302),47,59,4759,48.8567332975,2.3392740365,0.05790268441432733
2734089715,48.8567498,2.3410051,3,,,POINT (2.3410051 48.8567498),47,60,4760,48.8567332975,2.3411736034999997,0.012463544124883385
676728069,48.8565642,2.3431932,3,,,POINT (2.3431932 48.8565642),47,61,4761,48.8567332975,2.3430731705,0.020752284255839654
644160,48.8567219,2.3489342,4,,,POINT (2.3489342 48.8567219),47,64,4764,48.8567332975,2.3487718715,0.011943392961277229
968764519,48.8567026,2.3549917,1,,,POINT (2.3549917 48.8567026),47,67,4767,48.8567332975,2.3544705725,0.03827822065647771
26401002,48.8569105,2.3557775,1,,,POINT (2.3557775 48.8569105),47,68,4768,48.8567332975,2.3563701394999996,0.04762475651108655
26401086,48.8568962,2.3628361,4,traffic_signals,,POINT (2.3628361 48.8568962),47,71,4771,48.8567332975,2.3620688404999997,0.05898295412932151
26401089,48.8564644,2.3642877,4,traffic_signals,,POINT (2.3642877 48.8564644),47,72,4772,48.8567332975,2.3639684075,0.03794310603219019
26401922,48.8568275,2.3660028,4,,,POINT (2.3660028 48.8568275),47,73,4773,48.8567332975,2.3658679745,0.014388100266807148
218155202,48.8566074,2.3673301,3,,,POINT (2.3673301 48.8566074),47,74,4774,48.8567332975,2.3677675414999997,0.03493116891617369
152739326,48.8568139,2.3704746,3,,,POINT (2.3704746 48.8568139),47,75,4775,48.8567332975,2.3696671085,0.059752070005283084
152739363,48.8570516,2.3712172,3,,,POINT (2.3712172 48.8570516),47,76,4776,48.8567332975,2.3715666755,0.04366244176678889
152739592,48.8567324,2.3732199,3,,,POINT (2.3732199 48.8567324),47,77,4777,48.8567332975,2.3734662424999997,0.01802270533122424
151363007,48.8567734,2.377876,4,,,POINT (2.377876 48.8567734),47,79,4779,48.8567332975,2.3772653765,0.04489522847252386
1326727744,48.8564447,2.3812167,3,,,POINT (2.3812167 48.8564447),47,81,4781,48.8567332975,2.3810645105,0.03396727998221755
199182646,48.8567337,2.3826439,3,,,POINT (2.3826439 48.8567337),47,82,4782,48.8567332975,2.3829640775,0.023424243590790338
148944851,48.8570794,2.3851432,4,,,POINT (2.3851432 48.8570794),47,83,4783,48.8567332975,2.3848636444999998,0.043581836684508865
205006636,48.8570058,2.3872396,3,,,POINT (2.3872396 48.8570058),47,84,4784,48.8567332975,2.3867632115,0.04618269949034985
153515888,48.856456,2.3881929,3,,,POINT (2.3881929 48.856456),47,85,4785,48.8567332975,2.3886627784999996,0.0461787723548809
11486190888,48.8565575,2.3944294,3,,,POINT (2.3944294 48.8565575),47,88,4788,48.8567332975,2.3943614794999997,0.020169477228996827
152807169,48.8567515,2.3959815,3,,,POINT (2.3959815 48.8567515),47,89,4789,48.8567332975,2.3962610465,0.020551542628594432
152808341,48.8570723,2.398131,3,traffic_signals,,POINT (2.398131 48.8570723),47,90,4790,48.8567332975,2.3981606135,0.037757566430796266
152808344,48.8568685,2.3999892,4,,,POINT (2.3999892 48.8568685),47,91,4791,48.8567332975,2.4000601804999997,0.01590542754995378
152808346,48.8565624,2.4022489,3,,,POINT (2.4022489 48.8565624),47,92,4792,48.8567332975,2.4019597475,0.02843628224451988
244455431,48.8564601,2.403018,3,,,POINT (2.403018 48.8564601),47,93,4793,48.8567332975,2.4038593145,0.06863914068742502
244455467,48.8564951,2.4052201,3,,,POINT (2.4052201 48.8564951),47,94,4794,48.8567332975,2.4057588814999997,0.04748953849113004
244455473,48.8566726,2.4092572,3,,,POINT (2.4092572 48.8566726),47,96,4796,48.8567332975,2.4095580154999996,0.02301935761320518
244455564,48.8569838,2.411184,3,,,POINT (2.411184 48.8569838),47,97,4797,48.8567332975,2.4114575824999998,0.034299995752343986
25245020,48.8566902,2.4139265,3,motorway_junction,,POINT (2.4139265 48.8566902),47,98,4798,48.8567332975,2.4133571495,0.04192849147214299
428881926,48.8573179,2.2286117,1,,,POINT (2.2286117 48.8573179),48,1,4801,48.857593518499996,2.2290991505,0.047021232882504045
3881610829,48.8577212,2.2545792,1,,,POINT (2.2545792 48.8577212),48,14,4814,48.857593518499996,2.2537935215,0.05920667312338742
358873173,48.8578055,2.259891,3,motorway_junction,,POINT (2.259891 48.8578055),48,17,4817,48.857593518499996,2.2594922225,0.03750637200511853
177268309,48.8576692,2.2635387,5,traffic_signals,,POINT (2.2635387 48.8576692),48,19,4819,48.857593518499996,2.2632913565,0.019956456956156013
361000,48.8573541,2.2646623,4,traffic_signals,,POINT (2.2646623 48.8573541),48,20,4820,48.857593518499996,2.2651909235,0.04695083301697445
34818913,48.8573069,2.2693073,3,,,POINT (2.2693073 48.8573069),48,22,4822,48.857593518499996,2.2689900575,0.039425811307044034
337627158,48.857301,2.2730326,4,traffic_signals,,POINT (2.2730326 48.857301),48,24,4824,48.857593518499996,2.2727891915,0.037082149976634005
260603683,48.8576481,2.2747465,4,,,POINT (2.2747465 48.8576481),48,25,4825,48.857593518499996,2.2746887585,0.007394571905082982
260603682,48.8576041,2.2764777,3,,,POINT (2.2764777 48.8576041),48,26,4826,48.857593518499996,2.2765883255,0.008178308483603004
34818589,48.8576296,2.2775632,3,,,POINT (2.2775632 48.8576296),48,27,4827,48.857593518499996,2.2784878925,0.06776822753522238
34818434,48.8577839,2.28018,3,,,POINT (2.28018 48.8577839),48,28,4828,48.857593518499996,2.2803874595,0.026048053859240056
308768742,48.8573034,2.2859717,3,,,POINT (2.2859717 48.8573034),48,31,4831,48.857593518499996,2.2860861605,0.03332880706985822
185876467,48.8579327,2.2878983,3,,,POINT (2.2878983 48.8579327),48,32,4832,48.857593518499996,2.2879857274999997,0.038253766871426786
205086386,48.8578051,2.2913886,3,,,POINT (2.2913886 48.8578051),48,34,4834,48.857593518499996,2.2917848615,0.037335332426204994
204836247,48.8578883,2.2974414,1,,,POINT (2.2974414 48.8578883),48,37,4837,48.857593518499996,2.2974835625,0.03292302098128934
204834533,48.8575157,2.2990545,3,,,POINT (2.2990545 48.8575157),48,38,4838,48.857593518499996,2.2993831295,0.025551908384971705
36487669,48.8574121,2.3050889,3,,,POINT (2.3050889 48.8574121),48,41,4841,48.857593518499996,2.3050818305,0.02017944573958239
36489313,48.857356,2.3074051,1,,,POINT (2.3074051 48.857356),48,42,4842,48.857593518499996,2.3069813975,0.04072329221185595
36489249,48.8579803,2.308524,3,,,POINT (2.308524 48.8579803),48,43,4843,48.857593518499996,2.3088809645,0.05031593036555221
127864092,48.8572593,2.3099287,4,,,POINT (2.3099287 48.8572593),48,44,4844,48.857593518499996,2.3107805315,0.07255892309959405
4616565,48.8579445,2.3151472,4,traffic_signals,,POINT (2.3151472 48.8579445),48,46,4846,48.857593518499996,2.3145796654999997,0.056982845640378615
25580313,48.8574083,2.3181129,3,,,POINT (2.3181129 48.8574083),48,48,4848,48.857593518499996,2.3183787995,0.028329929580788213
25254128,48.8577858,2.3224239,3,,,POINT (2.3224239 48.8577858),48,50,4850,48.857593518499996,2.3221779335,0.027945309031850152
470160,48.857698,2.323896,3,,,POINT (2.323896 48.857698),48,51,4851,48.857593518499996,2.3240775005,0.017643354752601835
25191291,48.857709,2.3279733,4,,,POINT (2.3279733 48.857709),48,53,4853,48.857593518499996,2.3278766345,0.014659545258526053
149001460,48.8579425,2.3292957,4,,,POINT (2.3292957 48.8579425),48,54,4854,48.857593518499996,2.3297762015,0.05235975758660023
470147,48.8576193,2.3327512,3,,,POINT (2.3327512 48.8576193),48,56,4856,48.857593518499996,2.3335753355,0.06036085573572661
5881319924,48.8576919,2.3355457,3,,,POINT (2.3355457 48.8576919),48,57,4857,48.857593518499996,2.3354749025,0.01210371535391796
2734089737,48.8573177,2.3415203,3,crossing,,POINT (2.3415203 48.8573177),48,60,4860,48.857593518499996,2.3411736034999997,0.039798947761785386
676821316,48.8576865,2.3454202,3,,,POINT (2.3454202 48.8576865),48,62,4862,48.857593518499996,2.3449727375,0.034329695313211464
676890491,48.8572927,2.3469263,3,,,POINT (2.3469263 48.8572927),48,63,4863,48.857593518499996,2.3468723044999997,0.033681938536605976
368133,48.8573196,2.3492488,3,,,POINT (2.3492488 48.8573196),48,64,4864,48.857593518499996,2.3487718715,0.046315604216758836
25554701,48.8578749,2.3501908,2,,,POINT (2.3501908 48.8578749),48,65,4865,48.857593518499996,2.3506714385,0.04706778011745779
25554705,48.8572829,2.3523538,3,traffic_signals,,POINT (2.3523538 48.8572829),48,66,4866,48.857593518499996,2.3525710054999998,0.03801928083167078
26401611,48.8575068,2.3542487,4,,,POINT (2.3542487 48.8575068),48,67,4867,48.857593518499996,2.3544705725,0.018880059271048785
26400956,48.8576782,2.3607458,3,,,POINT (2.3607458 48.8576782),48,70,4870,48.857593518499996,2.3601692735,0.04321623550350827
26400957,48.8572504,2.3617613,3,,,POINT (2.3617613 48.8572504),48,71,4871,48.857593518499996,2.3620688404999997,0.04429306655122586
26401098,48.8574587,2.3644463,3,,,POINT (2.3644463 48.8574587),48,72,4872,48.857593518499996,2.3639684075,0.03804052303449115
26667206,48.8578554,2.3663946,1,,,POINT (2.3663946 48.8578554),48,73,4873,48.857593518499996,2.3658679745,0.048294017235521354
152739328,48.8574425,2.3698374,4,,,POINT (2.3698374 48.8574425),48,75,4875,48.857593518499996,2.3696671085,0.020909279314539293
17809169,48.857779,2.3709068,4,,,POINT (2.3709068 48.857779),48,76,4876,48.857593518499996,2.3715666755,0.05249674364098197
151362823,48.8571876,2.3728056,4,,,POINT (2.3728056 48.8571876),48,77,4877,48.857593518499996,2.3734662424999997,0.06613053689928458
151362738,48.8579304,2.3769877,4,,,POINT (2.3769877 48.8579304),48,79,4879,48.857593518499996,2.3772653765,0.04261326495907559
367916799,48.8573175,2.3793394,3,,,POINT (2.3793394 48.8573175),48,80,4880,48.857593518499996,2.3791649434999997,0.03323982278197392
30183255,48.8573693,2.3808514,3,,,POINT (2.3808514 48.8573693),48,81,4881,48.857593518499996,2.3810645105,0.02940544267954278
30183343,48.8576206,2.3846064,4,traffic_signals,,POINT (2.3846064 48.8576206),48,83,4883,48.857593518499996,2.3848636444999998,0.01905908857407133
148944850,48.8575237,2.3868796,3,,,POINT (2.3868796 48.8575237),48,84,4884,48.857593518499996,2.3867632115,0.011522759630028962
746988337,48.8573262,2.3885253,1,,,POINT (2.3885253 48.8573262),48,85,4885,48.857593518499996,2.3886627784999996,0.03137997245956901
560860385,48.8579688,2.3899634,3,,,POINT (2.3899634 48.8579688),48,86,4886,48.857593518499996,2.3905623455,0.060509145315102326
123498923,48.8577134,2.3922853,3,,,POINT (2.3922853 48.8577134),48,87,4887,48.857593518499996,2.3924619125,0.01856448696935911
346582209,48.8571916,2.3968659,3,,,POINT (2.3968659 48.8571916),48,89,4889,48.857593518499996,2.3962610465,0.06289214042197017
244455571,48.8574697,2.399441,3,,,POINT (2.399441 48.8574697),48,91,4891,48.857593518499996,2.4000601804999997,0.04734465479109073
244455575,48.8575315,2.4017081,3,,,POINT (2.4017081 48.8575315),48,92,4892,48.857593518499996,2.4019597475,0.01965944158030378
203341209,48.8576312,2.4038934,4,,,POINT (2.4038934 48.8576312),48,93,4893,48.857593518499996,2.4038593145,0.004875893259350731
244455484,48.8577499,2.4075757,3,,,POINT (2.4075757 48.8577499),48,95,4895,48.857593518499996,2.4076584485,0.018412482934195597
1758970671,48.8585667,2.2448738,4,,,POINT (2.2448738 48.8585667),49,9,4909,48.8584537395,2.2442956865,0.04411908388343681
2589568355,48.8582744,2.2556226,3,,,POINT (2.2556226 48.8582744),49,15,4915,48.8584537395,2.2556930885,0.020597607269348728
14802823,48.8583078,2.2613379,3,,,POINT (2.2613379 48.8583078),49,18,4918,48.8584537395,2.2613917895,0.016699761345463585
5422165968,48.8583577,2.2706024,3,,,POINT (2.2706024 48.8583577),49,23,4923,48.8584537395,2.2708896245,0.02357063836307531
11026499124,48.8583153,2.2726394,5,,,POINT (2.2726394 48.8583153),49,24,4924,48.8584537395,2.2727891915,0.018895885915491274
34818408,48.8583314,2.2749515,5,,,POINT (2.2749515 48.8583314),49,25,4925,48.8584537395,2.2746887585,0.023548329088040408
34818459,48.8587799,2.278003,3,,,POINT (2.278003 48.8587799),49,27,4927,48.8584537395,2.2784878925,0.05073152415401868
34818554,48.8587354,2.2821964,3,,,POINT (2.2821964 48.8587354),49,29,4929,48.8584537395,2.2822870265,0.03201328249451135
370134456,48.8584582,2.2842782,3,traffic_signals,,POINT (2.2842782 48.8584582),49,30,4930,48.8584537395,2.2841865935,0.006720033757688222
270803125,48.8588472,2.2868483,1,,,POINT (2.2868483 48.8588472),49,31,4931,48.8584537395,2.2860861605,0.07087219446104397
146724409,48.8583383,2.2884955,3,,,POINT (2.2884955 48.8583383),49,32,4932,48.8584537395,2.2879857274999997,0.03944101155684016
185876213,48.8588251,2.2889672,3,,,POINT (2.2889672 48.8588251),49,33,4933,48.8584537395,2.2898852945,0.07884364203456935
204836246,48.8582298,2.2979608,4,,,POINT (2.2979608 48.8582298),49,37,4937,48.8584537395,2.2974835625,0.04288374766640545
34845752,48.8586493,2.2985733,4,,,POINT (2.2985733 48.8586493),49,38,4938,48.8584537395,2.2993831295,0.06310967507458794
204843940,48.8587189,2.3011065,1,,,POINT (2.3011065 48.8587189),49,39,4939,48.8584537395,2.3012826965,0.0321790258821796
1179777317,48.8587353,2.3032337,3,,,POINT (2.3032337 48.8587353),49,40,4940,48.8584537395,2.3031822635,0.03153342537898578
36489250,48.8580286,2.3093353,3,,,POINT (2.3093353 48.8580286),49,43,4943,48.8584537395,2.3088809645,0.05778882617259804
25580479,48.8584005,2.3112173,3,,,POINT (2.3112173 48.8584005),49,44,4944,48.8584537395,2.3107805315,0.03249669558918804
25580477,48.8584417,2.3124305,3,,,POINT (2.3124305 48.8584417),49,45,4945,48.8584537395,2.3126800985,0.018309021290537807
6308595999,48.8581961,2.3144535,3,,,POINT (2.3144535 48.8581961),49,46,4946,48.8584537395,2.3145796654999997,0.03009837546507641
25287890,48.8588669,2.3191859,3,,,POINT (2.3191859 48.8588669),49,48,4948,48.8584537395,2.3183787995,0.07481275180794089
25254922,48.8586446,2.3198423,3,,,POINT (2.3198423 48.8586446),49,49,4949,48.8584537395,2.3202783664999997,0.038315907552964025
1756960219,48.8581579,2.3227975,4,traffic_signals,,POINT (2.3227975 48.8581579),49,50,4950,48.8584537395,2.3221779335,0.05600528107062877
25192854,48.8581279,2.3234902,3,,,POINT (2.3234902 48.8581279),49,51,4951,48.8584537395,2.3240775005,0.05620301068337001
25191373,48.8584473,2.3258242,3,,,POINT (2.3258242 48.8584473),49,52,4952,48.8584537395,2.3259770674999998,0.011206309296671506
470156,48.8582212,2.3283353,4,,,POINT (2.3283353 48.8582212),49,53,4953,48.8584537395,2.3278766345,0.042361866226009626
25190627,48.8585208,2.3296971,4,,,POINT (2.3296971 48.8585208),49,54,4954,48.8584537395,2.3297762015,0.00943882958745697
25191241,48.8585945,2.3322036,3,,,POINT (2.3322036 48.8585945),49,55,4955,48.8584537395,2.3316757685,0.041666329010928156
470146,48.8582658,2.3332665,3,,,POINT (2.3332665 48.8582658),49,56,4956,48.8584537395,2.3335753355,0.030776576180692142
5059182779,48.8586555,2.3416031,3,,,POINT (2.3416031 48.8586555),49,60,4960,48.8584537395,2.3411736034999997,0.03860812060567774
676821311,48.8582382,2.3433672,3,,,POINT (2.3433672 48.8582382),49,61,4961,48.8584537395,2.3430731705,0.03220426478995465
676821317,48.8582218,2.3450919,3,,,POINT (2.3450919 48.8582218),49,62,4962,48.8584537395,2.3449727375,0.027224018268184307
676821358,48.8582906,2.3472939,3,,,POINT (2.3472939 48.8582906),49,63,4963,48.8584537395,2.3468723044999997,0.0357820720163363
25554524,48.8587317,2.3483496,3,,,POINT (2.3483496 48.8587317),49,64,4964,48.8584537395,2.3487718715,0.043699237665096965
25207381,48.858696,2.3521085,3,,,POINT (2.3521085 48.858696),49,66,4966,48.8584537395,2.3525710054999998,0.043249468188922315
26401417,48.8584984,2.355264,3,traffic_signals,,POINT (2.355264 48.8584984),49,67,4967,48.8584537395,2.3544705725,0.058257217430203095
26400941,48.8586836,2.3587623,4,traffic_signals,,POINT (2.3587623 48.8586836),49,69,4969,48.8584537395,2.3582697065,0.044180684816985456
26401081,48.8587067,2.3628278,3,,,POINT (2.3628278 48.8587067),49,71,4971,48.8584537395,2.3620688404999997,0.06224174784771352
26401083,48.8583304,2.3638327,3,,,POINT (2.3638327 48.8583304),49,72,4972,48.8584537395,2.3639684075,0.016931026761231475
1588601898,48.8585562,2.3678345,3,,,POINT (2.3678345 48.8585562),49,74,4974,48.8584537395,2.3677675414999997,0.012401527524778118
774793077,48.8588314,2.3703649,3,,,POINT (2.3703649 48.8588314),49,75,4975,48.8584537395,2.3696671085,0.06610174614518097
152738831,48.8586304,2.3713011,3,,,POINT (2.3713011 48.8586304),49,76,4976,48.8584537395,2.3715666755,0.027628893925816037
34632784,48.8587694,2.3737956,3,,,POINT (2.3737956 48.8587694),49,77,4977,48.8584537395,2.3734662424999997,0.042574213979930005
151362824,48.8585544,2.3765017,3,,,POINT (2.3765017 48.8585544),49,79,4979,48.8584537395,2.3772653765,0.056978819743885335
430789,48.8587156,2.378584,4,traffic_signals,,POINT (2.378584 48.8587156),49,80,4980,48.8584537395,2.3791649434999997,0.05151801821896527
332951211,48.8588542,2.3807647,3,,,POINT (2.3807647 48.8588542),49,81,4981,48.8584537395,2.3810645105,0.049637863944740436
30183253,48.8585347,2.3836681,4,,,POINT (2.3836681 48.8585347),49,82,4982,48.8584537395,2.3829640775,0.05228534611329531
148944950,48.8587824,2.3846328,3,,,POINT (2.3846328 48.8587824),49,83,4983,48.8584537395,2.3848636444999998,0.04025876249598845
148945036,48.8582283,2.3864505,4,,,POINT (2.3864505 48.8582283),49,84,4984,48.8584537395,2.3867632115,0.03393758589276
746980321,48.8582595,2.3886683,3,,,POINT (2.3886683 48.8582595),49,85,4985,48.8584537395,2.3886627784999996,0.02160222392287802
123498361,48.8584006,2.3900359,3,,,POINT (2.3900359 48.8584006),49,86,4986,48.8584537395,2.3905623455,0.038964113225931546
346582375,48.8582414,2.3968625,1,,,POINT (2.3968625 48.8582414),49,89,4989,48.8584537395,2.3962610465,0.049935620870626606
258402437,48.8585981,2.3984385,1,,,POINT (2.3984385 48.8585981),49,90,4990,48.8584537395,2.3981606135,0.02590287021037059
290757022,48.8583642,2.4007074,3,,,POINT (2.4007074 48.8583642),49,91,4991,48.8584537395,2.4000601804999997,0.048384488611682056
566748730,48.8586084,2.4041371,3,,,POINT (2.4041371 48.8586084),49,93,4993,48.8584537395,2.4038593145,0.0266221575986475
2663193353,48.8587499,2.4095377,3,,,POINT (2.4095377 48.8587499),49,96,4996,48.8584537395,2.4095580154999996,0.03296506534055334
244455544,48.8588245,2.4115131,3,,,POINT (2.4115131 48.8588245),49,97,4997,48.8584537395,2.4114575824999998,0.04142626627421114
249689395,48.8587061,2.4147117,3,,,POINT (2.4147117 48.8587061),49,99,4999,48.8584537395,2.4152567164999996,0.04875658613985116
968124676,48.859119,2.2612536,3,,,POINT (2.2612536 48.859119),50,18,5018,48.859313960499996,2.2613917895,0.023919938433300494
177268978,48.8592808,2.2658963,3,traffic_signals,,POINT (2.2658963 48.8592808),50,20,5020,48.859313960499996,2.2651909235,0.05173430423897345
134579178,48.8590108,2.2677991,3,,,POINT (2.2677991 48.8590108),50,21,5021,48.859313960499996,2.2670904904999998,0.06183591362750634
34818097,48.8593471,2.2715558,3,,,POINT (2.2715558 48.8593471),50,23,5023,48.859313960499996,2.2708896245,0.048874016592474236
34817789,48.8595292,2.2745679,3,,,POINT (2.2745679 48.8595292),50,25,5025,48.859313960499996,2.2746887585,0.02551445008224358
34817788,48.8594221,2.2761906,3,,,POINT (2.2761906 48.8594221),50,26,5026,48.859313960499996,2.2765883255,0.031482888685434696
34818463,48.859074,2.2783544,3,,,POINT (2.2783544 48.859074),50,27,5027,48.859313960499996,2.2784878925,0.02841340402410473
34818551,48.8595667,2.2807448,3,,,POINT (2.2807448 48.8595667),50,28,5028,48.859313960499996,2.2803874595,0.03838207025893253
34817815,48.8596909,2.2820945,3,,,POINT (2.2820945 48.8596909),50,29,5029,48.859313960499996,2.2822870265,0.04421691460590599
337626813,48.8589052,2.2847838,3,crossing,,POINT (2.2847838 48.8589052),50,30,5030,48.859313960499996,2.2841865935,0.06304500267546066
185876212,48.8592116,2.2883536,3,,,POINT (2.2883536 48.8592116),50,32,5032,48.859313960499996,2.2879857274999997,0.02922013374480904
205086385,48.859119,2.2933612,4,,,POINT (2.2933612 48.859119),50,35,5035,48.859313960499996,2.2936844284999998,0.03207969960188697
34845749,48.8593576,2.2974678,3,,,POINT (2.2974678 48.8593576),50,37,5037,48.859313960499996,2.2974835625,0.00498762136191722
666941110,48.8594203,2.3013051,3,,,POINT (2.3013051 48.8594203),50,39,5039,48.859313960499996,2.3012826965,0.011937458420738093
470185,48.8592274,2.3051352,3,,,POINT (2.3051352 48.8592274),50,41,5041,48.859313960499996,2.3050818305,0.010386819555390073
25203147,48.8596471,2.307343,3,,,POINT (2.307343 48.8596471),50,42,5042,48.859313960499996,2.3069813975,0.04551920161517795
25287889,48.8592447,2.318005,3,,,POINT (2.318005 48.8592447),50,48,5048,48.859313960499996,2.3183787995,0.028409584326636532
470161,48.85914,2.3202091,3,,,POINT (2.3202091 48.85914),50,49,5049,48.859313960499996,2.3202783664999997,0.019996233844326434
25194426,48.8590281,2.3226542,4,traffic_signals,,POINT (2.3226542 48.8590281),50,50,5050,48.859313960499996,2.3221779335,0.04716278871033023
25193316,48.8592118,2.3237994,4,,,POINT (2.3237994 48.8592118),50,51,5051,48.859313960499996,2.3240775005,0.0233013958470787
25191346,48.8594906,2.3264096,3,,,POINT (2.3264096 48.8594906),50,52,5052,48.859313960499996,2.3259770674999998,0.03724281666070959
227213605,48.8594308,2.3296641,3,,,POINT (2.3296641 48.8594308),50,54,5054,48.859313960499996,2.3297762015,0.015363791239842207
368190,48.8589898,2.339848,3,,,POINT (2.339848 48.8589898),50,59,5059,48.859313960499996,2.3392740365,0.05533834521555913
282187576,48.8593916,2.3406436,3,,,POINT (2.3406436 48.8593916),50,60,5060,48.859313960499996,2.3411736034999997,0.03972254127795806
676821343,48.8592688,2.3450554,3,,,POINT (2.3450554 48.8592688),50,62,5062,48.859313960499996,2.3449727375,0.007860425426331592
676872605,48.8593379,2.3467319,1,,,POINT (2.3467319 48.8593379),50,63,5063,48.859313960499996,2.3468723044999997,0.010610797964552483
411256178,48.8589339,2.3522383,3,,,POINT (2.3522383 48.8589339),50,66,5066,48.859313960499996,2.3525710054999998,0.04876874705223659
26401414,48.859518,2.3540808,3,,,POINT (2.3540808 48.859518),50,67,5067,48.859313960499996,2.3544705725,0.03643919200232891
175048261,48.8589615,2.3557294,3,,,POINT (2.3557294 48.8589615),50,68,5068,48.859313960499996,2.3563701394999996,0.06109989247940167
26401078,48.8589107,2.3622527,3,,,POINT (2.3622527 48.8589107),50,71,5071,48.859313960499996,2.3620688404999997,0.04681441182982598
227073732,48.8592518,2.367673,3,,,POINT (2.367673 48.8592518),50,74,5074,48.859313960499996,2.3677675414999997,0.009778043138856165
152738274,48.8596219,2.3695431,1,,,POINT (2.3695431 48.8596219),50,75,5075,48.859313960499996,2.3696671085,0.03542270451631377
774793082,48.8590421,2.3714907,3,,,POINT (2.3714907 48.8590421),50,76,5076,48.859313960499996,2.3715666755,0.03073622695514238
151363076,48.859555,2.373342,3,,,POINT (2.373342 48.859555),50,77,5077,48.859313960499996,2.3734662424999997,0.028301566913245153
602383486,48.8591447,2.3749638,3,,,POINT (2.3749638 48.8591447),50,78,5078,48.859313960499996,2.3753658095,0.03491631801014407
151362739,48.8591522,2.3794926,3,,,POINT (2.3794926 48.8591522),50,80,5080,48.859313960499996,2.3791649434999997,0.02996830335344097
34096774,48.8590336,2.381275,4,,,POINT (2.381275 48.8590336),50,81,5081,48.859313960499996,2.3810645105,0.03477037271191094
34096462,48.8593813,2.382825,3,,,POINT (2.382825 48.8593813),50,82,5082,48.859313960499996,2.3829640775,0.012632712325855553
148944914,48.8589538,2.3852782,3,,,POINT (2.3852782 48.8589538),50,83,5083,48.859313960499996,2.3848636444999998,0.05023542454268315
148944692,48.85935,2.3868459,4,,,POINT (2.3868459 48.85935),50,84,5084,48.859313960499996,2.3867632115,0.007256163997168024
208359407,48.8595465,2.3891623,3,,,POINT (2.3891623 48.8595465),50,85,5085,48.859313960499996,2.3886627784999996,0.0447659442380119
208361871,48.8589217,2.3912009,3,,,POINT (2.3912009 48.8589217),50,86,5086,48.859313960499996,2.3905623455,0.063911780052992
1528207191,48.8594319,2.3999293,1,,,POINT (2.3999293 48.8594319),50,91,5091,48.859313960499996,2.4000601804999997,0.016237592808195873
15643109,48.8591448,2.4021238,4,traffic_signals,,POINT (2.4021238 48.8591448),50,92,5092,48.859313960499996,2.4019597475,0.02231241676831693
3121884907,48.859556,2.404112,2,,,POINT (2.404112 48.859556),50,93,5093,48.859313960499996,2.4038593145,0.03265046887704223
203341696,48.8595698,2.4072826,3,,,POINT (2.4072826 48.8595698),50,95,5095,48.859313960499996,2.4076584485,0.03956387434509481
25075988,48.8602447,2.2632831,3,motorway_junction,,POINT (2.2632831 48.8602447),51,19,5119,48.8601741815,2.2632913565,0.00786452780759371
34818110,48.8603044,2.2697365,1,,,POINT (2.2697365 48.8603044),51,22,5122,48.8601741815,2.2689900575,0.05649308752615176
34818088,48.8599412,2.270937,3,,,POINT (2.270937 48.8599412),51,23,5123,48.8601741815,2.2708896245,0.02613715836639073
34818085,48.8601678,2.2732961,4,,,POINT (2.2732961 48.8601678),51,24,5124,48.8601741815,2.2727891915,0.03708969127131342
34817798,48.8605805,2.2770445,4,,,POINT (2.2770445 48.8605805),51,26,5126,48.8601741815,2.2765883255,0.056168741374765595
34817774,48.8601468,2.2781075,4,,,POINT (2.2781075 48.8601468),51,27,5127,48.8601741815,2.2784878925,0.02799369515528997
11026373404,48.8602319,2.2810748,4,,,POINT (2.2810748 48.8602319),51,28,5128,48.8601741815,2.2803874595,0.050690317440102065
34818276,48.8602866,2.2846064,4,,,POINT (2.2846064 48.8602866),51,30,5130,48.8601741815,2.2841865935,0.033157497337139075
34818277,48.8599802,2.2856027,3,,,POINT (2.2856027 48.8599802),51,31,5131,48.8601741815,2.2860861605,0.041426123982679745
146724462,48.8601469,2.2901238,3,crossing,,POINT (2.2901238 48.8601469),51,33,5133,48.8601741815,2.2898852945,0.017709629892950357
9119499195,48.8603649,2.2912349,6,,,POINT (2.2912349 48.8603649),51,34,5134,48.8601741815,2.2917848615,0.045479415124484085
470180,48.8605421,2.2956191,4,,,POINT (2.2956191 48.8605421),51,36,5136,48.8601741815,2.2955839955,0.040991193044868084
34845763,48.8599112,2.2966038,3,,,POINT (2.2966038 48.8599112),51,37,5137,48.8601741815,2.2974835625,0.07069098069192559
34845759,48.8605335,2.2986461,3,,,POINT (2.2986461 48.8605335),51,38,5138,48.8601741815,2.2993831295,0.06710752160258734
34845756,48.8603254,2.300982,3,,,POINT (2.300982 48.8603254),51,39,5139,48.8601741815,2.3012826965,0.02768793665350517
34845768,48.8598321,2.3030091,3,,,POINT (2.3030091 48.8598321),51,40,5140,48.8601741815,2.3031822635,0.04009167517742821
205094614,48.8598484,2.3047508,1,,,POINT (2.3047508 48.8598484),51,41,5141,48.8601741815,2.3050818305,0.0435742294190397
25203143,48.8598303,2.3088513,3,,,POINT (2.3088513 48.8598303),51,43,5143,48.8601741815,2.3088809645,0.038299408919697506
25199639,48.8599466,2.3113587,4,traffic_signals,,POINT (2.3113587 48.8599466),51,44,5144,48.8601741815,2.3107805315,0.049288361364978314
470165,48.8599548,2.3131081,4,traffic_signals,,POINT (2.3131081 48.8599548),51,45,5145,48.8601741815,2.3126800985,0.03969158140406164
470164,48.8599661,2.3148365,4,traffic_signals,,POINT (2.3148365 48.8599661),51,46,5146,48.8601741815,2.3145796654999997,0.029805482699336666
25194879,48.8603698,2.3182805,3,,,POINT (2.3182805 48.8603698),51,48,5148,48.8601741815,2.3183787995,0.022909646037792625
160030886,48.8599923,2.3217179,4,,,POINT (2.3217179 48.8599923),51,50,5150,48.8601741815,2.3221779335,0.03926323879558935
25193304,48.8603311,2.3236023,4,traffic_signals,,POINT (2.3236023 48.8603311),51,51,5151,48.8601741815,2.3240775005,0.0388964638858561
227214316,48.8605863,2.3302619,3,,,POINT (2.3302619 48.8605863),51,54,5154,48.8601741815,2.3297762015,0.05798652294409371
25554243,48.8601003,2.3333956,3,,,POINT (2.3333956 48.8601003),51,56,5156,48.8601741815,2.3335753355,0.015504032371730645
9698350999,48.8600431,2.3409529,1,,,POINT (2.3409529 48.8600431),51,60,5160,48.8601741815,2.3411736034999997,0.02175150835769381
25554424,48.8604054,2.3423329,1,,,POINT (2.3423329 48.8604054),51,61,5161,48.8601741815,2.3430731705,0.05994762112862798
3511223722,48.8604443,2.3462354,1,,,POINT (2.3462354 48.8604443),51,63,5163,48.8601741815,2.3468723044999997,0.05543485611752698
26401482,48.8602865,2.3529766,3,crossing,,POINT (2.3529766 48.8602865),51,66,5166,48.8601741815,2.3525710054999998,0.032192604155253136
26401412,48.8599372,2.3544088,2,,,POINT (2.3544088 48.8599372),51,67,5167,48.8601741815,2.3544705725,0.026735814514262116
697887996,48.8602794,2.3562969,3,,,POINT (2.3562969 48.8602794),51,68,5168,48.8601741815,2.3563701394999996,0.012868209654019058
26401625,48.860561,2.3574376,3,,,POINT (2.3574376 48.860561),51,69,5169,48.8601741815,2.3582697065,0.07453535441292913
26401934,48.86046,2.3597534,3,,,POINT (2.3597534 48.86046),51,70,5170,48.8601741815,2.3601692735,0.04399586177654943
332476878,48.8605263,2.3617984,3,,,POINT (2.3617984 48.8605263),51,71,5171,48.8601741815,2.3620688404999997,0.0438682845111214
26402049,48.8602174,2.3636819,3,,,POINT (2.3636819 48.8602174),51,72,5172,48.8601741815,2.3639684075,0.021503329504490312
94141094,48.8601124,2.3664704,3,,,POINT (2.3664704 48.8601124),51,73,5173,48.8601741815,2.3658679745,0.044602699644049615
94141096,48.8601004,2.3674655,3,,,POINT (2.3674655 48.8601004),51,74,5174,48.8601741815,2.3677675414999997,0.023569791924600503
152738277,48.8602752,2.372037,3,,,POINT (2.372037 48.8602752),51,76,5176,48.8601741815,2.3715666755,0.036193730106514596
206153280,48.8600594,2.3734685,1,,,POINT (2.3734685 48.8600594),51,77,5177,48.8601741815,2.3734662424999997,0.012764188887280464
151363033,48.8601228,2.3755721,3,,,POINT (2.3755721 48.8601228),51,78,5178,48.8601741815,2.3753658095,0.016136499386064103
430788,48.8597514,2.3768492,4,traffic_signals,,POINT (2.3768492 48.8597514),51,79,5179,48.8601741815,2.3772653765,0.056008741601584734
34151805,48.8603089,2.3786397,4,traffic_signals,,POINT (2.3786397 48.8603089),51,80,5180,48.8601741815,2.3791649434999997,0.041240948164310044
34096776,48.8597664,2.3806909,3,,,POINT (2.3806909 48.8597664),51,81,5181,48.8601741815,2.3810645105,0.05294360120291597
148944517,48.8604812,2.3832569,4,traffic_signals,,POINT (2.3832569 48.8604812),51,82,5182,48.8601741815,2.3829640775,0.040303095893524224
258675828,48.8605469,2.3861823,3,,,POINT (2.3861823 48.8605469),51,84,5184,48.8601741815,2.3867632115,0.05935979808680072
123488806,48.8598315,2.3887552,4,,,POINT (2.3887552 48.8598315),51,85,5185,48.8601741815,2.3886627784999996,0.03869963062833128
258408623,48.859972,2.4057501,1,,,POINT (2.4057501 48.859972),51,94,5194,48.8601741815,2.4057588814999997,0.022490733674075034
258408724,48.8604724,2.4067961,3,,,POINT (2.4067961 48.8604724),51,95,5195,48.8601741815,2.4076584485,0.07126934642364706
244455550,48.860599,2.4092355,4,,,POINT (2.4092355 48.860599),51,96,5196,48.8601741815,2.4095580154999996,0.0528020002084002
356299716,48.8610808,2.2286332,3,,,POINT (2.2286332 48.8610808),52,1,5201,48.8610344025,2.2290991505,0.03447424340335354
27180835,48.8614147,2.2300683,3,,,POINT (2.2300683 48.8614147),52,2,5202,48.8610344025,2.2309987175,0.08012997840123082
25075984,48.8607007,2.2635664,3,,,POINT (2.2635664 48.8607007),52,19,5219,48.8610344025,2.2632913565,0.04221010493423671
177268697,48.8613241,2.265877,3,,,POINT (2.265877 48.8613241),52,20,5220,48.8610344025,2.2651909235,0.059637230055422326
305343382,48.8610201,2.267018,3,,,POINT (2.267018 48.8610201),52,21,5221,48.8610344025,2.2670904904999998,0.005536296370728716
34818083,48.8609236,2.2711605,4,,,POINT (2.2711605 48.8609236),52,23,5223,48.8610344025,2.2708896245,0.02333358953995557
34817992,48.8609459,2.2731579,3,,,POINT (2.2731579 48.8609459),52,24,5224,48.8610344025,2.2727891915,0.028711639132604112
34817009,48.8612542,2.2754467,4,,,POINT (2.2754467 48.8612542),52,25,5225,48.8610344025,2.2746887585,0.060593786928360656
11026499106,48.8612045,2.279305,4,,,POINT (2.279305 48.8612045),52,27,5227,48.8610344025,2.2784878925,0.06269542008681656
34817812,48.8608512,2.2799383,3,,,POINT (2.2799383 48.8608512),52,28,5228,48.8610344025,2.2803874595,0.0386602917291937
295330571,48.8606661,2.2823526,3,,,POINT (2.2823526 48.8606661),52,29,5229,48.8610344025,2.2822870265,0.041233352418338504
34818327,48.8612785,2.2842303,3,,,POINT (2.2842303 48.8612785),52,30,5230,48.8610344025,2.2841865935,0.027330069849219683
34818512,48.8606238,2.2860613,3,,,POINT (2.2860613 48.8606238),52,31,5231,48.8610344025,2.2860861605,0.04569312147862028
146724486,48.8608771,2.2915088,3,,,POINT (2.2915088 48.8608771),52,34,5234,48.8610344025,2.2917848615,0.026716665839457428
4955856170,48.86064,2.2954678,4,,,POINT (2.2954678 48.86064),52,36,5236,48.8610344025,2.2955839955,0.04467172256316548
1183501163,48.8610145,2.3013631,2,traffic_signals,,POINT (2.3013631 48.8610145),52,39,5239,48.8610344025,2.3012826965,0.006284379272838374
34845775,48.861157,2.3023671,4,,,POINT (2.3023671 48.861157),52,40,5240,48.8610344025,2.3031822635,0.06117055670553961
25203875,48.8611369,2.3054922,4,,,POINT (2.3054922 48.8611369),52,41,5241,48.8610344025,2.3050818305,0.03211073189662741
25203906,48.8611357,2.3069908,4,,,POINT (2.3069908 48.8611357),52,42,5242,48.8610344025,2.3069813975,0.011284749802786858
25203948,48.8611373,2.3083271,3,,,POINT (2.3083271 48.8611373),52,43,5243,48.8610344025,2.3088809645,0.042101756764410976
25199678,48.8611198,2.3102809,4,,,POINT (2.3102809 48.8611198),52,44,5244,48.8610344025,2.3107805315,0.037763265619369095
25199592,48.8610518,2.3132382,4,traffic_signals,,POINT (2.3132382 48.8610518),52,45,5245,48.8610344025,2.3126800985,0.04087302226935013
25195347,48.8609738,2.3149665,4,traffic_signals,,POINT (2.3149665 48.8609738),52,46,5246,48.8610344025,2.3145796654999997,0.029089693613280194
25194863,48.8607992,2.3179989,3,,,POINT (2.3179989 48.8607992),52,48,5248,48.8610344025,2.3183787995,0.03816207530238565
664130869,48.8611997,2.3206172,3,,,POINT (2.3206172 48.8611997),52,49,5249,48.8610344025,2.3202783664999997,0.030858126147827354
21305938,48.8611157,2.3241906,3,traffic_signals,,POINT (2.3241906 48.8611157),52,51,5251,48.8610344025,2.3240775005,0.012254488026563278
368195,48.8608967,2.3300717,4,traffic_signals,,POINT (2.3300717 48.8608967),52,54,5254,48.8610344025,2.3297762015,0.026490381066188954
25554270,48.8612442,2.3398124,1,,,POINT (2.3398124 48.8612442),52,59,5259,48.8610344025,2.3392740365,0.0457739449945687
25554420,48.8611353,2.3409256,3,,,POINT (2.3409256 48.8611353),52,60,5260,48.8610344025,2.3411736034999997,0.021331152678410445
6375859107,48.8613717,2.3425147,3,,,POINT (2.3425147 48.8613717),52,61,5261,48.8610344025,2.3430731705,0.0554593424576398
15643102,48.8610675,2.3448967,4,,,POINT (2.3448967 48.8610675),52,62,5262,48.8610344025,2.3449727375,0.0066697086999128
26401478,48.8608745,2.3532954,3,,,POINT (2.3532954 48.8608745),52,66,5266,48.8610344025,2.3525710054999998,0.055895626359484175
26400923,48.8607437,2.3538073,2,,,POINT (2.3538073 48.8607437),52,67,5267,48.8610344025,2.3544705725,0.05830241682079967
26401624,48.8612625,2.3561164,3,,,POINT (2.3561164 48.8612625),52,68,5268,48.8610344025,2.3563701394999996,0.031429960850818096
26401623,48.8612321,2.3582039,4,traffic_signals,,POINT (2.3582039 48.8612321),52,69,5269,48.8610344025,2.3582697065,0.022503886852472878
26401935,48.8612306,2.3606609,3,,,POINT (2.3606609 48.8612306),52,70,5270,48.8610344025,2.3601692735,0.04206391442481503
26402043,48.8608149,2.3613427,3,,,POINT (2.3613427 48.8608149),52,71,5271,48.8610344025,2.3620688404999997,0.05845909886594885
26401959,48.8614611,2.3635946,4,,,POINT (2.3635946 48.8614611),52,72,5272,48.8610344025,2.3639684075,0.05476262820517765
152737652,48.8607808,2.3678314,4,,,POINT (2.3678314 48.8607808),52,74,5274,48.8610344025,2.3677675414999997,0.02858363319491306
406653331,48.8609865,2.3702763,3,,,POINT (2.3702763 48.8609865),52,75,5275,48.8610344025,2.3696671085,0.044881862955321934
406653718,48.8612628,2.371331,1,,,POINT (2.371331 48.8612628),52,76,5276,48.8610344025,2.3715666755,0.030695678307444473
151360042,48.8610771,2.3749876,3,,,POINT (2.3749876 48.8610771),52,78,5278,48.8610344025,2.3753658095,0.028071837686630286
34760743,48.8609566,2.3790911,3,,,POINT (2.3790911 48.8609566),52,80,5280,48.8610344025,2.3791649434999997,0.010199259799314464
34674540,48.861101,2.3811518,4,traffic_signals,,POINT (2.3811518 48.861101),52,81,5281,48.8610344025,2.3810645105,0.009778230417926272
258676899,48.8611455,2.3828514,3,,,POINT (2.3828514 48.8611455),52,82,5282,48.8610344025,2.3829640775,0.014850984691868003
148944518,48.8609833,2.3851445,4,,,POINT (2.3851445 48.8609833),52,83,5283,48.8610344025,2.3848636444999998,0.021316954868334705
148944519,48.8611758,2.3858318,4,,,POINT (2.3858318 48.8611758),52,84,5284,48.8610344025,2.3867632115,0.06992666733670441
1298884223,48.86102,2.3884477,3,,,POINT (2.3884477 48.86102),52,85,5285,48.8610344025,2.3886627784999996,0.01581509794421014
431493583,48.8610059,2.3996055,1,,,POINT (2.3996055 48.8610059),52,91,5291,48.8610344025,2.4000601804999997,0.03341225184686636
268685315,48.8607047,2.4027569,3,,,POINT (2.4027569 48.8607047),52,92,5292,48.8610344025,2.4019597475,0.0688815934862403
1760382619,48.8610421,2.4036826,2,,,POINT (2.4036826 48.8610421),52,93,5293,48.8610344025,2.4038593145,0.012955633743695582
1089076119,48.8606124,2.4094731,4,,,POINT (2.4094731 48.8606124),52,96,5296,48.8610344025,2.4095580154999996,0.04733392077127998
244455545,48.8607337,2.4111989,4,,,POINT (2.4111989 48.8607337),52,97,5297,48.8610344025,2.4114575824999998,0.038420182389787415
25245027,48.8611995,2.4139978,3,,,POINT (2.4139978 48.8611995),52,98,5298,48.8610344025,2.4133571495,0.05033319397292766
356299715,48.8617988,2.2289779,3,,,POINT (2.2289779 48.8617988),53,1,5301,48.8618946235,2.2290991505,0.013863765205587958
27180826,48.8619092,2.2303736,3,,,POINT (2.2303736 48.8619092),53,2,5302,48.8618946235,2.2309987175,0.045757619089136434
27373463,48.8620221,2.2381054,1,,,POINT (2.2381054 48.8620221),53,6,5306,48.8618946235,2.2385969855,0.03865349432512355
2406388141,48.8620871,2.261875,2,,,POINT (2.261875 48.8620871),53,18,5318,48.8618946235,2.2613917895,0.04132243395703634
296972814,48.861962,2.2675916,3,,,POINT (2.2675916 48.861962),53,21,5321,48.8618946235,2.2670904904999998,0.0374151461581945
34817807,48.8622376,2.2708831,3,,,POINT (2.2708831 48.8622376),53,23,5323,48.8618946235,2.2708896245,0.03814023319667126
34817231,48.8621406,2.2725974,4,,,POINT (2.2725974 48.8621406),53,24,5324,48.8618946235,2.2727891915,0.030739818908003435
34817010,48.8615656,2.2756309,3,,,POINT (2.2756309 48.8615656),53,25,5325,48.8618946235,2.2746887585,0.07802894057610393
34817852,48.8622096,2.2775086,3,,,POINT (2.2775086 48.8622096),53,26,5326,48.8618946235,2.2765883255,0.07588590973412673
34817796,48.8617487,2.2783419,3,,,POINT (2.2783419 48.8617487),53,27,5327,48.8618946235,2.2784878925,0.01942519578902713
34818301,48.8616976,2.2825037,3,,,POINT (2.2825037 48.8616976),53,29,5329,48.8618946235,2.2822870265,0.02704054684901039
34818326,48.8617123,2.2836487,3,,,POINT (2.2836487 48.8617123),53,30,5330,48.8618946235,2.2841865935,0.044264021509029174
34818484,48.8619097,2.2861161,4,,,POINT (2.2861161 48.8619097),53,31,5331,48.8618946235,2.2860861605,0.0027581101198318986
146706953,48.8621567,2.2931353,3,,,POINT (2.2931353 48.8621567),53,35,5335,48.8618946235,2.2936844284999998,0.049627230143279126
470183,48.8618535,2.3014499,3,crossing,,POINT (2.3014499 48.8618535),53,39,5339,48.8618946235,2.3012826965,0.013058176302248878
25203763,48.8616969,2.3054542,4,,,POINT (2.3054542 48.8616969),53,41,5341,48.8618946235,2.3050818305,0.03500550129455269
25203766,48.8616772,2.306684,4,,,POINT (2.306684 48.8616772),53,42,5342,48.8618946235,2.3069813975,0.03252377731560336
25203784,48.8617466,2.3093413,3,,,POINT (2.3093413 48.8617466),53,43,5343,48.8618946235,2.3088809645,0.03748202612409199
8395404619,48.8619493,2.3198749,3,,,POINT (2.3198749 48.8619493),53,49,5349,48.8618946235,2.3202783664999997,0.030134251285030063
693605057,48.8622194,2.3370162,1,,,POINT (2.3370162 48.8622194),53,58,5358,48.8618946235,2.3373744695,0.04462124959802941
15643100,48.8621235,2.3394581,3,,,POINT (2.3394581 48.8621235),53,59,5359,48.8618946235,2.3392740365,0.028792276221715044
8561671317,48.8616903,2.3412105,4,,,POINT (2.3412105 48.8616903),53,60,5360,48.8618946235,2.3411736034999997,0.022879498394074875
411256174,48.8615144,2.3479749,3,,,POINT (2.3479749 48.8615144),53,64,5364,48.8618946235,2.3487718715,0.0720171988639663
11070301702,48.8619861,2.3501758,3,,,POINT (2.3501758 48.8619861),53,65,5365,48.8618946235,2.3506714385,0.03765694994323081
26401984,48.8618987,2.3569151,4,traffic_signals,,POINT (2.3569151 48.8618987),53,68,5368,48.8618946235,2.3563701394999996,0.0398678001668125
227053183,48.8622432,2.3604334,3,,,POINT (2.3604334 48.8622432),53,70,5370,48.8618946235,2.3601692735,0.04330878837718731
26401946,48.8616432,2.3623252,4,,,POINT (2.3623252 48.8616432),53,71,5371,48.8618946235,2.3620688404999997,0.033664288690993034
178888999,48.8619235,2.3645917,6,traffic_signals,,POINT (2.3645917 48.8619235),53,72,5372,48.8618946235,2.3639684075,0.04570831352114592
94139727,48.8617571,2.3652567,4,traffic_signals,,POINT (2.3652567 48.8617571),53,73,5373,48.8618946235,2.3658679745,0.047258777782290984
151354808,48.8619088,2.3721432,4,,,POINT (2.3721432 48.8619088),53,76,5376,48.8618946235,2.3715666755,0.04220365408758272
256413458,48.8620778,2.3729443,4,traffic_signals,,POINT (2.3729443 48.8620778),53,77,5377,48.8618946235,2.3734662424999997,0.04327449077582211
151360041,48.8617137,2.3744283,3,,,POINT (2.3744283 48.8617137),53,78,5378,48.8618946235,2.3753658095,0.07147110142469097
1761555130,48.8619968,2.3769795,4,traffic_signals,,POINT (2.3769795 48.8619968),53,79,5379,48.8618946235,2.3772653765,0.023799559906559544
34760949,48.861886,2.379583,3,,,POINT (2.379583 48.861886),53,80,5380,48.8618946235,2.3791649434999997,0.03059691138873788
34097216,48.8615853,2.380675,3,,,POINT (2.380675 48.8615853),53,81,5381,48.8618946235,2.3810645105,0.04466457427222207
148945399,48.8618608,2.3834277,3,,,POINT (2.3834277 48.8618608),53,82,5382,48.8618946235,2.3829640775,0.03412305779732499
258677333,48.8616406,2.3847351,3,,,POINT (2.3847351 48.8616406),53,83,5383,48.8618946235,2.3848636444999998,0.02977023720938628
332469883,48.8619067,2.398869,3,,,POINT (2.398869 48.8619067),53,90,5390,48.8618946235,2.3981606135,0.05183763562419478
268685518,48.8616132,2.3998301,3,,,POINT (2.3998301 48.8616132),53,91,5391,48.8618946235,2.4000601804999997,0.03553204734163568
4366348292,48.8615827,2.4017477,3,,,POINT (2.4017477 48.8615827),53,92,5392,48.8618946235,2.4019597475,0.03799498673872272
258407091,48.8617912,2.4058065,4,traffic_signals,,POINT (2.4058065 48.8617912),53,94,5394,48.8618946235,2.4057588814999997,0.012016158414436259
212611013,48.861679,2.413686,3,,,POINT (2.413686 48.861679),53,98,5398,48.8618946235,2.4133571495,0.03396417372245887
356299711,48.8628937,2.2296483,3,,,POINT (2.2296483 48.8628937),54,1,5401,48.8627548445,2.2290991505,0.043035994346038324
356300472,48.8624307,2.2306833,3,,,POINT (2.2306833 48.8624307),54,2,5402,48.8627548445,2.2309987175,0.042795901890380406
358913441,48.8625285,2.2384318,3,,,POINT (2.2384318 48.8625285),54,6,5406,48.8627548445,2.2385969855,0.02791878560251231
271464244,48.8630617,2.2562302,2,,,POINT (2.2562302 48.8630617),54,15,5415,48.8627548445,2.2556930885,0.05203798052770361
367887,48.8624438,2.2637168,3,,,POINT (2.2637168 48.8624438),54,19,5419,48.8627548445,2.2632913565,0.04652739472359189
268971759,48.8626262,2.2654234,4,traffic_signals,,POINT (2.2654234 48.8626262),54,20,5420,48.8627548445,2.2651909235,0.02222217277435374
268262474,48.8627514,2.2671396,3,,,POINT (2.2671396 48.8627514),54,21,5421,48.8627548445,2.2670904904999998,0.0036127811674585343
34816424,48.8629558,2.2691588,4,,,POINT (2.2691588 48.8629558),54,22,5422,48.8627548445,2.2689900575,0.025527951557933453
34817989,48.8623774,2.2706051,4,,,POINT (2.2706051 48.8623774),54,23,5423,48.8627548445,2.2708896245,0.046847318668937155
34817196,48.8629946,2.2726165,4,,,POINT (2.2726165 48.8629946),54,24,5424,48.8627548445,2.2727891915,0.02950111517126908
34818036,48.8626882,2.273957,4,,,POINT (2.273957 48.8626882),54,25,5425,48.8627548445,2.2746887585,0.05403960171322883
34817011,48.8627948,2.2763251,4,,,POINT (2.2763251 48.8627948),54,26,5426,48.8627548445,2.2765883255,0.019761178136008667
34817772,48.8628222,2.2809738,4,,,POINT (2.2809738 48.8628222),54,28,5428,48.8627548445,2.2803874595,0.043540504489123076
34818325,48.8624397,2.2826587,1,,,POINT (2.2826587 48.8624397),54,29,5429,48.8627548445,2.2822870265,0.0443529854296204
34816182,48.8629418,2.2864427,3,,,POINT (2.2864427 48.8629418),54,31,5431,48.8627548445,2.2860861605,0.033352570882143794
25624248,48.8629589,2.2878763,3,,,POINT (2.2878763 48.8629589),54,32,5432,48.8627548445,2.2879857274999997,0.024060529937094084
10043029536,48.8627794,2.2918395,3,,,POINT (2.2918395 48.8627794),54,34,5434,48.8627548445,2.2917848615,0.004840489411965355
4616543,48.8625473,2.2938625,3,,,POINT (2.2938625 48.8625473),54,35,5435,48.8627548445,2.2936844284999998,0.026500388700035064
4616542,48.8629912,2.2952027,3,,,POINT (2.2952027 48.8629912),54,36,5436,48.8627548445,2.2955839955,0.038323522559161105
270185391,48.8624269,2.3016037,4,,,POINT (2.3016037 48.8624269),54,39,5439,48.8627548445,2.3012826965,0.04337223555242693
205088968,48.8624148,2.3023685,3,,,POINT (2.3023685 48.8624148),54,40,5440,48.8627548445,2.3031822635,0.0705214387623109
25203159,48.8624635,2.3054295,3,traffic_signals,,POINT (2.3054295 48.8624635),54,41,5441,48.8627548445,2.3050818305,0.04118636208656986
25203509,48.8623414,2.3074838,1,,,POINT (2.3074838 48.8623414),54,42,5442,48.8627548445,2.3069813975,0.05885732449033579
4616532,48.8625524,2.3092277,3,,,POINT (2.3092277 48.8625524),54,43,5443,48.8627548445,2.3088809645,0.03391280092919142
368249,48.8625767,2.3104164,4,traffic_signals,,POINT (2.3104164 48.8625767),54,44,5444,48.8627548445,2.3107805315,0.03319490966685613
4616525,48.8628341,2.3134495,4,,,POINT (2.3134495 48.8628341),54,45,5445,48.8627548445,2.3126800985,0.05696841661537027
25196671,48.8628885,2.3151675,3,,,POINT (2.3151675 48.8628885),54,46,5446,48.8627548445,2.3145796654999997,0.04549658904669274
4616526,48.8628941,2.3179455,3,,,POINT (2.3179455 48.8628941),54,48,5448,48.8627548445,2.3183787995,0.03527646201104456
25196659,48.8624,2.3198323,3,,,POINT (2.3198323 48.8624),54,49,5449,48.8627548445,2.3202783664999997,0.05120149366794451
968757781,48.8624677,2.3362656,1,,,POINT (2.3362656 48.8624677),54,57,5457,48.8627548445,2.3354749025,0.06606818655900519
25554240,48.8627177,2.3373121,3,,,POINT (2.3373121 48.8627177),54,58,5458,48.8627548445,2.3373744695,0.00615424912764705
25581037,48.8629949,2.3394984,3,,,POINT (2.3394984 48.8629949),54,59,5459,48.8627548445,2.3392740365,0.03133499073546278
8547321367,48.8624179,2.3415931,3,,,POINT (2.3415931 48.8624179),54,60,5460,48.8627548445,2.3411736034999997,0.048429530567361136
1716016302,48.8630687,2.3465353,3,,,POINT (2.3465353 48.8630687),54,63,5463,48.8627548445,2.3468723044999997,0.042727999770608704
207782660,48.8629747,2.3478933,3,,,POINT (2.3478933 48.8629747),54,64,5464,48.8627548445,2.3487718715,0.06876104729591988
9586883638,48.8630598,2.3524118,4,,,POINT (2.3524118 48.8630598),54,66,5466,48.8627548445,2.3525710054999998,0.035853658972172554
361075,48.8627221,2.3542782,3,traffic_signals,,POINT (2.3542782 48.8627221),54,67,5467,48.8627548445,2.3544705725,0.014535696229923588
26402086,48.862866,2.3578642,3,,,POINT (2.3578642 48.862866),54,69,5469,48.8627548445,2.3582697065,0.03213530095306165
26401983,48.8626004,2.3597973,4,,,POINT (2.3597973 48.8626004),54,70,5470,48.8627548445,2.3601692735,0.03217656416858318
94138040,48.8628675,2.3625519,4,traffic_signals,,POINT (2.3625519 48.8628675),54,71,5471,48.8627548445,2.3620688404999997,0.037491030637997545
94140444,48.8626326,2.3643777,3,,,POINT (2.3643777 48.8626326),54,72,5472,48.8627548445,2.3639684075,0.03288145263435608
94139827,48.8631027,2.3667404,3,traffic_signals,,POINT (2.3667404 48.8631027),54,73,5473,48.8627548445,2.3658679745,0.07462548092086768
94144255,48.8626491,2.3673118,4,traffic_signals,,POINT (2.3673118 48.8626491),54,74,5474,48.8627548445,2.3677675414999997,0.03535088385670683
5749702260,48.8629352,2.371493,4,,,POINT (2.371493 48.8629352),54,76,5476,48.8627548445,2.3715666755,0.02076616871807846
256414190,48.8624082,2.3737026,3,,,POINT (2.3737026 48.8624082),54,77,5477,48.8627548445,2.3734662424999997,0.04224531120463326
256409832,48.8630703,2.376163,3,,,POINT (2.376163 48.8630703),54,78,5478,48.8627548445,2.3753658095,0.06805198830498384
151360238,48.862632,2.3764949,3,,,POINT (2.3764949 48.862632),54,79,5479,48.8627548445,2.3772653765,0.05799304048574399
34674620,48.8627766,2.3787073,3,,,POINT (2.3787073 48.8627766),54,80,5480,48.8627548445,2.3791649434999997,0.03356447478464433
52842214,48.8630665,2.3812979,1,,,POINT (2.3812979 48.8630665),54,81,5481,48.8627548445,2.3810645105,0.03863174192067563
148945438,48.8629525,2.382627,1,,,POINT (2.382627 48.8629525),54,82,5482,48.8627548445,2.3829640775,0.03303092410522759
34632753,48.8623432,2.385392,3,,,POINT (2.385392 48.8623432),54,83,5483,48.8627548445,2.3848636444999998,0.059908026173415445
10089762253,48.8628797,2.3871439,4,,,POINT (2.3871439 48.8628797),54,84,5484,48.8627548445,2.3867632115,0.03111665346665369
2621009106,48.8630354,2.3880058,3,,,POINT (2.3880058 48.8630354),54,85,5485,48.8627548445,2.3886627784999996,0.05729613480231561
332469880,48.8631791,2.3976404,3,,,POINT (2.3976404 48.8631791),54,90,5490,48.8627548445,2.3981606135,0.060610239050057114
773240541,48.8625249,2.4023425,1,,,POINT (2.4023425 48.8625249),54,92,5492,48.8627548445,2.4019597475,0.03791693711352833
143653508,48.8626192,2.4032118,3,,,POINT (2.4032118 48.8626192),54,93,5493,48.8627548445,2.4038593145,0.049710029061223585
5202514735,48.8623494,2.4063301,3,traffic_signals,,POINT (2.4063301 48.8623494),54,94,5494,48.8627548445,2.4057588814999997,0.061469826642725565
1089076051,48.8624155,2.4091624,3,,,POINT (2.4091624 48.8624155),54,96,5496,48.8627548445,2.4095580154999996,0.047553383260366296
244455548,48.8625784,2.4109154,4,,,POINT (2.4109154 48.8625784),54,97,5497,48.8627548445,2.4114575824999998,0.044248844250701254
361024,48.8637173,2.2325723,3,,,POINT (2.2325723 48.8637173),55,3,5503,48.8636150655,2.2328982845,0.026416844839579234
27180780,48.8640278,2.2361154,3,,,POINT (2.2361154 48.8640278),55,5,5505,48.8636150655,2.2366974185,0.06260066470734722
2406748788,48.8635438,2.2388112,3,,,POINT (2.2388112 48.8635438),55,6,5506,48.8636150655,2.2385969855,0.017559559444853236
2406748806,48.8635137,2.2401746,1,,,POINT (2.2401746 48.8635137),55,7,5507,48.8636150655,2.2404965525,0.02610910174670233
271464117,48.8634489,2.2481119,3,,,POINT (2.2481119 48.8634489),55,11,5511,48.8636150655,2.2480948205,0.018518952462664134
1699824833,48.8635286,2.2498587,2,,,POINT (2.2498587 48.8635286),55,12,5512,48.8636150655,2.2499943875,0.01381866803600205
27117353,48.8637052,2.2619544,1,,,POINT (2.2619544 48.8637052),55,18,5518,48.8636150655,2.2613917895,0.04235773238016538
268262118,48.8637319,2.2673419,3,,,POINT (2.2673419 48.8637319),55,21,5521,48.8636150655,2.2670904904999998,0.02251643899707986
296970241,48.8634846,2.2689015,3,,,POINT (2.2689015 48.8634846),55,22,5522,48.8636150655,2.2689900575,0.015887741682443585
34818142,48.8639983,2.2718156,3,,,POINT (2.2718156 48.8639983),55,23,5523,48.8636150655,2.2708896245,0.08002461155942195
34817194,48.8638584,2.2724006,3,,,POINT (2.2724006 48.8638584),55,24,5524,48.8636150655,2.2727891915,0.03924429540567962
34817811,48.863362,2.2743834,4,,,POINT (2.2743834 48.863362),55,25,5525,48.8636150655,2.2746887585,0.03592742491922354
34816433,48.8639585,2.2773634,4,,,POINT (2.2773634 48.8639585),55,26,5526,48.8636150655,2.2765883255,0.06835809640763568
337627060,48.8635705,2.2783533,3,,,POINT (2.2783533 48.8635705),55,27,5527,48.8636150655,2.2784878925,0.011022219898924416
34818167,48.8637062,2.2796146,3,,,POINT (2.2796146 48.8637062),55,28,5528,48.8636150655,2.2803874595,0.05743565216778227
34817771,48.8636537,2.2816971,4,,,POINT (2.2816971 48.8636537),55,29,5529,48.8636150655,2.2822870265,0.043366407877976874
34816179,48.8632883,2.2866653,3,,,POINT (2.2866653 48.8632883),55,31,5531,48.8636150655,2.2860861605,0.05581157777345192
368305,48.8633926,2.2875005,3,,,POINT (2.2875005 48.8633926),55,32,5532,48.8636150655,2.2879857274999997,0.04326404914841158
25624151,48.8640221,2.2902899,3,,,POINT (2.2902899 48.8640221),55,33,5533,48.8636150655,2.2898852945,0.05407820036182756
25624237,48.8631977,2.2915223,3,,,POINT (2.2915223 48.8631977),55,34,5534,48.8636150655,2.2917848615,0.050226249927347415
25625024,48.8636223,2.2945953,3,,,POINT (2.2945953 48.8636223),55,35,5535,48.8636150655,2.2936844284999998,0.06663509108468292
21305939,48.863335,2.2963279,3,,,POINT (2.2963279 48.863335),55,36,5536,48.8636150655,2.2955839955,0.06269768077533254
270186307,48.8638804,2.299106,3,,,POINT (2.299106 48.8638804),55,38,5538,48.8636150655,2.2993831295,0.035797063970898206
5059182773,48.8635459,2.3218858,3,,,POINT (2.3218858 48.8635459),55,50,5550,48.8636150655,2.3221779335,0.022711407638469187
368205,48.8637542,2.3320906,3,,,POINT (2.3320906 48.8637542),55,55,5555,48.8636150655,2.3316757685,0.034061194751198495
847813980,48.8632555,2.3338089,1,,,POINT (2.3338089 48.8632555),55,56,5556,48.8636150655,2.3335753355,0.04347938158220173
10229624712,48.8638717,2.3359014,4,,,POINT (2.3359014 48.8638717),55,57,5557,48.8636150655,2.3354749025,0.04228069738556006
25581027,48.8639118,2.3381497,3,,,POINT (2.3381497 48.8639118),55,58,5558,48.8636150655,2.3373744695,0.06560856889396045
9074748722,48.8635409,2.3397676,4,,,POINT (2.3397676 48.8635409),55,59,5559,48.8636150655,2.3392740365,0.03703407600960915
25581039,48.8633924,2.3404127,3,,,POINT (2.3404127 48.8633924),55,60,5560,48.8636150655,2.3411736034999997,0.06091863599707186
678855680,48.8636428,2.342729,3,,,POINT (2.342729 48.8636428),55,61,5561,48.8636150655,2.3430731705,0.02536424094455319
11038411399,48.8633722,2.3440777,1,crossing,,POINT (2.3440777 48.8633722),55,62,5562,48.8636150655,2.3449727375,0.07082297380055284
398745,48.8638647,2.3490334,5,traffic_signals,,POINT (2.3490334 48.8638647),55,64,5564,48.8636150655,2.3487718715,0.03371197859083897
9431369513,48.8634024,2.3509663,4,,,POINT (2.3509663 48.8634024),55,65,5565,48.8636150655,2.3506714385,0.032006634950704216
26402096,48.8637665,2.3548576,3,traffic_signals,,POINT (2.3548576 48.8637665),55,67,5567,48.8636150655,2.3544705725,0.03294020305406357
26402088,48.8633732,2.3582451,4,,,POINT (2.3582451 48.8633732),55,69,5569,48.8636150655,2.3582697065,0.026954383190198924
94138282,48.8633104,2.3606268,3,,,POINT (2.3606268 48.8633104),55,70,5570,48.8636150655,2.3601692735,0.04762128045549651
227052554,48.8633016,2.3616709,3,,,POINT (2.3616709 48.8633016),55,71,5571,48.8636150655,2.3620688404999997,0.045412378206519916
94140445,48.8632154,2.3641848,4,,,POINT (2.3641848 48.8632154),55,72,5572,48.8636150655,2.3639684075,0.0471756850339175
94143863,48.8637244,2.3663736,3,traffic_signals,,POINT (2.3663736 48.8637244),55,73,5573,48.8636150655,2.3658679745,0.038933296245475466
94143998,48.8638773,2.3669416,3,,,POINT (2.3669416 48.8638773),55,74,5574,48.8636150655,2.3677675414999997,0.06708594816888258
17809166,48.8637626,2.3701149,4,,,POINT (2.3701149 48.8637626),55,75,5575,48.8636150655,2.3696671085,0.03663434946837559
151359667,48.8638958,2.3720203,3,,,POINT (2.3720203 48.8638958),55,76,5576,48.8636150655,2.3715666755,0.0455580394759481
256582551,48.8639444,2.3734483,1,,,POINT (2.3734483 48.8639444),55,77,5577,48.8636150655,2.3734662424999997,0.03664383813279304
151360584,48.8639498,2.3755118,3,,,POINT (2.3755118 48.8639498),55,78,5578,48.8636150655,2.3753658095,0.03872248637475697
256409987,48.8634925,2.377256,3,,,POINT (2.377256 48.8634925),55,79,5579,48.8636150655,2.3772653765,0.013645910354231482
34097220,48.8635501,2.3788795,3,,,POINT (2.3788795 48.8635501),55,80,5580,48.8636150655,2.3791649434999997,0.022094493180469296
9901902686,48.863913,2.3811704,3,,,POINT (2.3811704 48.863913),55,81,5581,48.8636150655,2.3810645105,0.0340222723593837
260550361,48.8635931,2.3833721,3,,,POINT (2.3833721 48.8635931),55,82,5582,48.8636150655,2.3829640775,0.029946617485408018
148945385,48.8632782,2.3850021,3,,,POINT (2.3850021 48.8632782),55,83,5583,48.8636150655,2.3848636444999998,0.03880282622432605
123489767,48.8640427,2.3859762,4,,,POINT (2.3859762 48.8640427),55,84,5584,48.8636150655,2.3867632115,0.07466820186232309
148943356,48.8638548,2.3891047,3,,,POINT (2.3891047 48.8638548),55,85,5585,48.8636150655,2.3886627784999996,0.04190000627720641
702932776,48.8638213,2.3911144,3,,,POINT (2.3911144 48.8638213),55,86,5586,48.8636150655,2.3905623455,0.046439739622910044
148942796,48.863956,2.3916417,3,traffic_signals,,POINT (2.3916417 48.863956),55,87,5587,48.8636150655,2.3924619125,0.07097169827391228
268685567,48.8634001,2.3979762,4,,,POINT (2.3979762 48.8634001),55,90,5590,48.8636150655,2.3981606135,0.027446923526230196
134515510,48.8634342,2.3996122,3,,,POINT (2.3996122 48.8634342),55,91,5591,48.8636150655,2.4000601804999997,0.038449018779591844
134517352,48.8634863,2.4039971,3,,,POINT (2.4039971 48.8634863),55,93,5593,48.8636150655,2.4038593145,0.01750982001784904
203339756,48.8637383,2.4076857,3,,,POINT (2.4076857 48.8637383),55,95,5595,48.8636150655,2.4076584485,0.013847289723604717
1089076182,48.8633653,2.4089895,3,,,POINT (2.4089895 48.8633653),55,96,5596,48.8636150655,2.4095580154999996,0.05000799468451144
567367734,48.8633318,2.4111129,3,,,POINT (2.4111129 48.8633318),55,97,5597,48.8636150655,2.4114575824999998,0.040346369033335466
32207171,48.8634475,2.4133664,3,,,POINT (2.4133664 48.8634475),55,98,5598,48.8636150655,2.4133571495,0.01864471685511478
27180802,48.8640575,2.2331252,3,,,POINT (2.2331252 48.8640575),56,3,5603,48.8644752865,2.2328982845,0.04933204735971498
14803155,48.8645909,2.23527,3,,,POINT (2.23527 48.8645909),56,4,5604,48.8644752865,2.2347978515,0.036852046945630386
27181929,48.8643178,2.2358214,3,,,POINT (2.2358214 48.8643178),56,5,5605,48.8644752865,2.2366974185,0.06642945934603466
2406748770,48.864204,2.2413087,3,,,POINT (2.2413087 48.864204),56,7,5607,48.8644752865,2.2404965525,0.06662766421906453
271468906,48.8648806,2.2490547,3,crossing,,POINT (2.2490547 48.8648806),56,12,5612,48.8644752865,2.2499943875,0.08219444632827863
5007479956,48.8641945,2.2668591,3,,,POINT (2.2668591 48.8641945),56,21,5621,48.8644752865,2.2670904904999998,0.03551483987481462
34818158,48.8645168,2.269797,3,traffic_signals,,POINT (2.269797 48.8645168),56,22,5622,48.8644752865,2.2689900575,0.05920701737464975
34817412,48.8644513,2.2730168,3,,,POINT (2.2730168 48.8644513),56,24,5624,48.8644752865,2.2727891915,0.016861561590573605
257938597,48.8644027,2.2746389,4,,,POINT (2.2746389 48.8644027),56,25,5625,48.8644752865,2.2746887585,0.00885699390910821
34816999,48.8641183,2.2775566,4,,,POINT (2.2775566 48.8641183),56,27,5627,48.8644752865,2.2784878925,0.07884451674495072
34817753,48.8644203,2.2823658,4,,,POINT (2.2823658 48.8644203),56,29,5629,48.8644752865,2.2822870265,0.008401574697724862
929535353,48.8640746,2.2903706,3,traffic_signals,,POINT (2.2903706 48.8640746),56,33,5633,48.8644752865,2.2898852945,0.056967617735561873
25624234,48.8645566,2.2936032,4,,,POINT (2.2936032 48.8645566),56,35,5635,48.8644752865,2.2936844284999998,0.010819236836710313
583327934,48.8640799,2.2994795,3,,,POINT (2.2994795 48.8640799),56,38,5638,48.8644752865,2.2993831295,0.04452654250475819
123748604,48.8645514,2.3012871,5,,,POINT (2.3012871 48.8645514),56,39,5639,48.8644752865,2.3012826965,0.008469562433164884
25625836,48.8646048,2.3033447,3,,,POINT (2.3033447 48.8646048),56,40,5640,48.8644752865,2.3031822635,0.01867024261867708
25625847,48.8644887,2.3049293,3,,,POINT (2.3049293 48.8644887),56,41,5641,48.8644752865,2.3050818305,0.01125666174192262
241886816,48.8646795,2.3070817,3,,,POINT (2.3070817 48.8646795),56,42,5642,48.8644752865,2.3069813975,0.02386340606190393
368248,48.8646107,2.3103421,4,,,POINT (2.3103421 48.8646107),56,44,5644,48.8644752865,2.3107805315,0.035429502395402566
368247,48.8646741,2.3136679,4,,,POINT (2.3136679 48.8646741),56,46,5646,48.8644752865,2.3145796654999997,0.0702627857095171
728475987,48.8648814,2.3163799,3,,,POINT (2.3163799 48.8648814),56,47,5647,48.8644752865,2.3164792325,0.04573858727133417
25668922,48.8647433,2.3183429,3,,,POINT (2.3183429 48.8647433),56,48,5648,48.8644752865,2.3183787995,0.02991721325557634
7010868068,48.8644289,2.3201824,4,,,POINT (2.3201824 48.8644289),56,49,5649,48.8644752865,2.3202783664999997,0.008711050906203624
968758003,48.8644369,2.3301389,1,,,POINT (2.3301389 48.8644369),56,54,5654,48.8644752865,2.3297762015,0.026872107530638973
25273197,48.8645633,2.3326949,4,traffic_signals,,POINT (2.3326949 48.8645633),56,56,5656,48.8644752865,2.3335753355,0.06514203117621493
10229689292,48.8644783,2.3349578,4,,,POINT (2.3349578 48.8644783),56,57,5657,48.8644752865,2.3354749025,0.037826874948419256
9432324889,48.864109,2.3418089,2,,,POINT (2.3418089 48.864109),56,60,5660,48.8644752865,2.3411736034999997,0.06179360636050379
25207323,48.8644887,2.342661,3,,,POINT (2.342661 48.8644887),56,61,5661,48.8644752865,2.3430731705,0.030186615330730384
8707910344,48.8648049,2.3451085,4,,,POINT (2.3451085 48.8648049),56,62,5662,48.8644752865,2.3449727375,0.03797291935905339
25581538,48.8642703,2.3508735,3,,,POINT (2.3508735 48.8642703),56,65,5665,48.8644752865,2.3506714385,0.027166285977817103
398709,48.864829,2.3533193,4,traffic_signals,,POINT (2.3533193 48.864829),56,66,5666,48.8644752865,2.3525710054999998,0.06740203614226983
26402097,48.8642785,2.3551393,4,,,POINT (2.3551393 48.8642785),56,67,5667,48.8644752865,2.3544705725,0.05358775164481675
26402098,48.8648082,2.3554306,3,,,POINT (2.3554306 48.8648082),56,68,5668,48.8644752865,2.3563701394999996,0.07806152995336164
26402089,48.8643863,2.3578695,1,,,POINT (2.3578695 48.8643863),56,69,5669,48.8644752865,2.3582697065,0.030901644021356395
3924345458,48.8645974,2.3598297,3,,,POINT (2.3598297 48.8645974),56,70,5670,48.8644752865,2.3601692735,0.02830840556947876
175043657,48.8643885,2.3618018,3,,,POINT (2.3618018 48.8643885),56,71,5671,48.8644752865,2.3620688404999997,0.02178742278379576
94138527,48.86453,2.3634885,3,,,POINT (2.3634885 48.86453),56,72,5672,48.8644752865,2.3639684075,0.03562789263480938
94140737,48.864674,2.3657985,4,traffic_signals,,POINT (2.3657985 48.864674),56,73,5673,48.8644752865,2.3658679745,0.022672816097632807
94143999,48.8643292,2.3686595,3,,,POINT (2.3686595 48.8643292),56,74,5674,48.8644752865,2.3677675414999997,0.06723745295588004
94143538,48.8645382,2.3693693,3,,,POINT (2.3693693 48.8645382),56,75,5675,48.8644752865,2.3696671085,0.022880013685023
151357971,48.8643562,2.3715231,2,,,POINT (2.3715231 48.8643562),56,76,5676,48.8644752865,2.3715666755,0.013620050941692836
151359581,48.8644366,2.3732708,3,,,POINT (2.3732708 48.8644366),56,77,5677,48.8644752865,2.3734662424999997,0.014929546842408811
505081278,48.8648776,2.3748282,3,,,POINT (2.3748282 48.8648776),56,78,5678,48.8644752865,2.3753658095,0.059562729411755486
25034650,48.8646123,2.3780241,4,,,POINT (2.3780241 48.8646123),56,79,5679,48.8644752865,2.3772653765,0.057552719321796536
60913380,48.8647038,2.3815319,3,,,POINT (2.3815319 48.8647038),56,81,5681,48.8644752865,2.3810645105,0.04259722661168397
60912024,48.8647388,2.3829556,4,,,POINT (2.3829556 48.8647388),56,82,5682,48.8644752865,2.3829640775,0.02930792545907189
123489766,48.8648446,2.3850425,3,,,POINT (2.3850425 48.8648446),56,83,5683,48.8644752865,2.3848636444999998,0.04309946539433145
123495721,48.8641627,2.3861398,4,,,POINT (2.3861398 48.8641627),56,84,5684,48.8644752865,2.3867632115,0.057338071058566004
148943573,48.8643216,2.3894012,3,,,POINT (2.3894012 48.8643216),56,85,5685,48.8644752865,2.3886627784999996,0.05665355150225867
702932983,48.8643016,2.3910003,3,,,POINT (2.3910003 48.8643016),56,86,5686,48.8644752865,2.3905623455,0.03740710186462394
148943019,48.8645147,2.3920968,3,,,POINT (2.3920968 48.8645147),56,87,5687,48.8644752865,2.3924619125,0.0270646980099619
148944071,48.8646879,2.3945071,3,traffic_signals,,POINT (2.3945071 48.8646879),56,88,5688,48.8644752865,2.3943614794999997,0.025930410591602705
94131393,48.864422,2.3980645,3,,,POINT (2.3980645 48.864422),56,90,5690,48.8644752865,2.3981606135,0.00919439908083202
659451855,48.8642422,2.400448,3,,,POINT (2.400448 48.8642422),56,91,5691,48.8644752865,2.4000601804999997,0.0384255175241658
368044,48.8644132,2.4015893,3,,,POINT (2.4015893 48.8644132),56,92,5692,48.8644752865,2.4019597475,0.027963384779218857
134521839,48.8646874,2.4041582,4,traffic_signals,,POINT (2.4041582 48.8646874),56,93,5693,48.8644752865,2.4038593145,0.032160374831736865
2405282107,48.8646275,2.405833,3,,,POINT (2.405833 48.8646275),56,94,5694,48.8644752865,2.4057588814999997,0.017772523088066493
6206634533,48.8645713,2.4073274,3,,,POINT (2.4073274 48.8645713),56,95,5695,48.8644752865,2.4076584485,0.026464775032235818
899090648,48.8644764,2.4089972,3,,,POINT (2.4089972 48.8644764),56,96,5696,48.8644752865,2.4095580154999996,0.041023128784564156
331861643,48.8647574,2.4121044,3,,,POINT (2.4121044 48.8647574),56,97,5697,48.8644752865,2.4114575824999998,0.05676831647480666
1766431656,48.8643165,2.4127962,3,,,POINT (2.4127962 48.8643165),56,98,5698,48.8644752865,2.4133571495,0.044670289079267414
14803152,48.8656723,2.2332373,3,,,POINT (2.2332373 48.8656723),57,3,5703,48.8653355075,2.2328982845,0.044915663492528256
27180777,48.865174,2.2345981,3,traffic_signals,,POINT (2.2345981 48.865174),57,4,5704,48.8653355075,2.2347978515,0.023151896581541515
358893030,48.8652671,2.2505734,3,,,POINT (2.2505734 48.8652671),57,12,5712,48.8653355075,2.2499943875,0.0430309712717375
305344557,48.8655275,2.2706639,3,,,POINT (2.2706639 48.8655275),57,23,5723,48.8653355075,2.2708896245,0.026988521611415836
257938569,48.8653411,2.275126,3,,,POINT (2.275126 48.8653411),57,25,5725,48.8653355075,2.2746887585,0.03198915441120094
280938176,48.8657184,2.2760138,3,traffic_signals,,POINT (2.2760138 48.8657184),57,26,5726,48.8653355075,2.2765883255,0.05982294815830542
5526066732,48.8653806,2.283025,1,crossing,,POINT (2.283025 48.8653806),57,29,5729,48.8653355075,2.2822870265,0.054213240396216514
34816435,48.8654683,2.2835,3,,,POINT (2.2835 48.8654683),57,30,5730,48.8653355075,2.2841865935,0.052348173479593946
34816455,48.8650712,2.2865054,4,traffic_signals,,POINT (2.2865054 48.8650712),57,31,5731,48.8653355075,2.2860861605,0.04247563150338205
25624150,48.8649948,2.2886674,6,traffic_signals,,POINT (2.2886674 48.8649948),57,32,5732,48.8653355075,2.2879857274999997,0.06262241647366955
25623942,48.8649809,2.2903129,3,,,POINT (2.2903129 48.8649809),57,33,5733,48.8653355075,2.2898852945,0.05032996407510599
25623949,48.8649203,2.2915892,4,,,POINT (2.2915892 48.8649203),57,34,5734,48.8653355075,2.2917848615,0.04833645353226667
25624258,48.8649246,2.2940525,3,,,POINT (2.2940525 48.8649246),57,35,5735,48.8653355075,2.2936844284999998,0.053033317029633854
25625054,48.8657014,2.2957985,3,,,POINT (2.2957985 48.8657014),57,36,5736,48.8653355075,2.2955839955,0.043606074618012095
25625286,48.8650428,2.2976008,3,,,POINT (2.2976008 48.8650428),57,37,5737,48.8653355075,2.2974835625,0.03365839208231735
661227,48.8651558,2.299843,4,,,POINT (2.299843 48.8651558),57,38,5738,48.8653355075,2.2993831295,0.03912603341039591
25625686,48.8650835,2.3014534,3,,,POINT (2.3014534 48.8650835),57,39,5739,48.8653355075,2.3012826965,0.03067807362461699
25625645,48.865284,2.3029614,3,,,POINT (2.3029614 48.865284),57,40,5740,48.8653355075,2.3031822635,0.017140790779012493
25667837,48.864911,2.3103202,5,,,POINT (2.3103202 48.864911),57,44,5744,48.8653355075,2.3107805315,0.05798232330902807
25667904,48.8649955,2.3137066,4,,,POINT (2.3137066 48.8649955),57,46,5746,48.8653355075,2.3145796654999997,0.07421474725034101
728475972,48.865047,2.316036,3,,,POINT (2.316036 48.865047),57,47,5747,48.8653355075,2.3164792325,0.045610439544753564
25668870,48.8649583,2.3183749,3,,,POINT (2.3183749 48.8649583),57,48,5748,48.8653355075,2.3183787995,0.04194453017574149
16820915,48.8656031,2.3205259,4,,,POINT (2.3205259 48.8656031),57,49,5749,48.8653355075,2.3202783664999997,0.034830985530188666
1841262174,48.8657646,2.3260391,1,,,POINT (2.3260391 48.8657646),57,52,5752,48.8653355075,2.3259770674999998,0.04792818177759252
691194134,48.8653522,2.3273072,1,,,POINT (2.3273072 48.8653522),57,53,5753,48.8653355075,2.3278766345,0.04169402397539128
25273121,48.8653128,2.3297909,3,,,POINT (2.3297909 48.8653128),57,54,5754,48.8653355075,2.3297762015,0.002744336439465966
25273148,48.8649204,2.331959,3,,,POINT (2.331959 48.8649204),57,55,5755,48.8653355075,2.3316757685,0.05059419229539436
25273196,48.8657588,2.3335858,4,traffic_signals,,POINT (2.3335858 48.8657588),57,56,5756,48.8653355075,2.3335753355,0.0470742021734179
25273209,48.8649481,2.3347446,3,,,POINT (2.3347446 48.8649481),57,57,5757,48.8653355075,2.3354749025,0.06862497902529087
25273362,48.865612,2.3366282,3,,,POINT (2.3366282 48.865612),57,58,5758,48.8653355075,2.3373744695,0.0626500746405191
338647491,48.8655331,2.3410485,3,,,POINT (2.3410485 48.8655331),57,60,5760,48.8653355075,2.3411736034999997,0.023800795423762636
8547341737,48.8652925,2.343086,4,,,POINT (2.343086 48.8652925),57,61,5761,48.8653355075,2.3430731705,0.004873424748157359
25581601,48.8652156,2.3514138,3,,,POINT (2.3514138 48.8652156),57,65,5765,48.8653355075,2.3506714385,0.055914861193450065
25207356,48.8652497,2.3519977,4,traffic_signals,,POINT (2.3519977 48.8652497),57,66,5766,48.8653355075,2.3525710054999998,0.04300762709506943
26402126,48.8650847,2.3544498,4,traffic_signals,,POINT (2.3544498 48.8650847),57,67,5767,48.8653355075,2.3544705725,0.027929883509978517
175044779,48.8653507,2.3566045,3,,,POINT (2.3566045 48.8653507),57,68,5768,48.8653355075,2.3563701394999996,0.017225911574430316
175043447,48.8652028,2.3602066,3,,,POINT (2.3602066 48.8652028),57,70,5770,48.8653355075,2.3601692735,0.015006869570430905
94138525,48.8652788,2.3620056,3,,,POINT (2.3620056 48.8652788),57,71,5771,48.8653355075,2.3620688404999997,0.007820436999462851
94138623,48.8655142,2.3640643,3,,,POINT (2.3640643 48.8655142),57,72,5772,48.8653355075,2.3639684075,0.02107142857660669
94143743,48.8651764,2.3677434,4,traffic_signals,,POINT (2.3677434 48.8651764),57,74,5774,48.8653355075,2.3677675414999997,0.01777985820393256
17809162,48.8656147,2.369425,4,,,POINT (2.369425 48.8656147),57,75,5775,48.8653355075,2.3696671085,0.03574084546493682
603010640,48.8649642,2.3710458,3,,,POINT (2.3710458 48.8649642),57,76,5776,48.8653355075,2.3715666755,0.0561812662660917
505081275,48.8656536,2.3742304,3,,,POINT (2.3742304 48.8656536),57,77,5777,48.8653355075,2.3734662424999997,0.06614696104128232
94149088,48.8651519,2.3751944,4,,,POINT (2.3751944 48.8651519),57,78,5778,48.8653355075,2.3753658095,0.023958891328795723
243635110,48.8656609,2.3773308,4,traffic_signals,,POINT (2.3773308 48.8656609),57,79,5779,48.8653355075,2.3772653765,0.036497099145732
60912023,48.8650829,2.3826917,4,,,POINT (2.3826917 48.8650829),57,82,5782,48.8653355075,2.3829640775,0.03443733998429882
123479622,48.8652533,2.3845797,3,,,POINT (2.3845797 48.8652533),57,83,5783,48.8653355075,2.3848636444999998,0.022692403484207646
148943607,48.8657394,2.3875096,3,,,POINT (2.3875096 48.8657394),57,84,5784,48.8653355075,2.3867632115,0.07069459786328759
559063588,48.8649061,2.3881223,3,,,POINT (2.3881223 48.8649061),57,85,5785,48.8653355075,2.3886627784999996,0.06199085642453447
5509971973,48.8654563,2.391081,1,,,POINT (2.391081 48.8654563),57,86,5786,48.8653355075,2.3905623455,0.040245672362074485
148943090,48.8650951,2.3923621,3,,,POINT (2.3923621 48.8650951),57,87,5787,48.8653355075,2.3924619125,0.02771119259802983
148942880,48.8650435,2.3940783,3,,,POINT (2.3940783 48.8650435),57,88,5788,48.8653355075,2.3943614794999997,0.038514303090277556
368041,48.8649662,2.3955474,4,,,POINT (2.3955474 48.8649662),57,89,5789,48.8653355075,2.3962610465,0.06641802796826549
6281321083,48.8655103,2.3979967,3,traffic_signals,,POINT (2.3979967 48.8655103),57,90,5790,48.8653355075,2.3981606135,0.022836720974978558
258412355,48.8651331,2.4050484,3,,,POINT (2.4050484 48.8651331),57,94,5794,48.8653355075,2.4057588814999997,0.05663422297033399
203338595,48.8651683,2.4072875,3,,,POINT (2.4072875 48.8651683),57,95,5795,48.8653355075,2.4076584485,0.03289284426960304
2629096046,48.8653798,2.4087213,3,,,POINT (2.4087213 48.8653798),57,96,5796,48.8653355075,2.4095580154999996,0.061401441855482304
76291820,48.865521,2.4117292,4,,,POINT (2.4117292 48.865521),57,97,5797,48.8653355075,2.4114575824999998,0.02863853943653165
206093804,48.864961,2.4137103,3,,,POINT (2.4137103 48.864961),57,98,5798,48.8653355075,2.4133571495,0.04900477473920282
27373407,48.8663166,2.2415724,3,,,POINT (2.2415724 48.8663166),58,8,5808,48.8661957285,2.2423961195,0.0617327475608399
2499759203,48.8661274,2.2551367,2,,,POINT (2.2551367 48.8661274),58,15,5815,48.8661957285,2.2556930885,0.04140087521468452
268262120,48.8659607,2.2691869,3,,,POINT (2.2691869 48.8659607),58,22,5822,48.8661957285,2.2689900575,0.02983783344441123
305344071,48.8665368,2.2715277,3,,,POINT (2.2715277 48.8665368),58,23,5823,48.8661957285,2.2708896245,0.0601387873785841
34817188,48.8664413,2.27276,4,traffic_signals,,POINT (2.27276 48.8664413),58,24,5824,48.8661957285,2.2727891915,0.02738966136240744
34817413,48.8661163,2.2741203,4,,,POINT (2.2741203 48.8661163),58,25,5825,48.8661957285,2.2746887585,0.042508271371074706
34817688,48.8664616,2.2763247,3,,,POINT (2.2763247 48.8664616),58,26,5826,48.8661957285,2.2765883255,0.03529652005113536
34817691,48.866433,2.2776884,3,,,POINT (2.2776884 48.866433),58,27,5827,48.8661957285,2.2784878925,0.06415574756024109
34816712,48.8665588,2.2801115,4,,,POINT (2.2801115 48.8665588),58,28,5828,48.8661957285,2.2803874595,0.04513670371285047
34816711,48.8659854,2.2818251,3,,,POINT (2.2818251 48.8659854),58,29,5829,48.8661957285,2.2822870265,0.04109280972950886
34816457,48.866259,2.2862017,4,traffic_signals,,POINT (2.2862017 48.866259),58,31,5831,48.8661957285,2.2860861605,0.010996446383764713
25623998,48.8663815,2.2896651,3,,,POINT (2.2896651 48.8663815),58,33,5833,48.8661957285,2.2898852945,0.02619389941670643
25623939,48.8663501,2.2911282,3,,,POINT (2.2911282 48.8663501),58,34,5834,48.8661957285,2.2917848615,0.05100728985586277
25624132,48.866242,2.2935098,3,,,POINT (2.2935098 48.866242),58,35,5835,48.8661957285,2.2936844284999998,0.013770714857952912
25625056,48.8659106,2.2962057,3,,,POINT (2.2962057 48.8659106),58,36,5836,48.8661957285,2.2955839955,0.05543658230232477
25625242,48.8663313,2.2970357,4,traffic_signals,,POINT (2.2970357 48.8663313),58,37,5837,48.8661957285,2.2974835625,0.03606147509038684
25624010,48.8660538,2.2996651,3,,,POINT (2.2996651 48.8660538),58,38,5838,48.8661957285,2.2993831295,0.025970327533790815
25625680,48.8661296,2.3013565,3,,,POINT (2.3013565 48.8661296),58,39,5839,48.8661957285,2.3012826965,0.009122068616240073
25625656,48.866518,2.3030445,3,,,POINT (2.3030445 48.866518),58,40,5840,48.8661957285,2.3031822635,0.03722481551579004
25625648,48.8663919,2.3051153,3,,,POINT (2.3051153 48.8663919),58,41,5841,48.8661957285,2.3050818305,0.02195022756039915
25666985,48.8661445,2.3076027,3,,,POINT (2.3076027 48.8661445),58,42,5842,48.8661957285,2.3069813975,0.04580155911583075
25666982,48.8662541,2.3080382,3,,,POINT (2.3080382 48.8662541),58,43,5843,48.8661957285,2.3088809645,0.06198575605491814
7232473964,48.8663258,2.3102591,3,,,POINT (2.3102591 48.8663258),58,44,5844,48.8661957285,2.3107805315,0.04079092011470804
6230294622,48.8661314,2.3190756,3,,,POINT (2.3190756 48.8661314),58,48,5848,48.8661957285,2.3183787995,0.051467839178653586
368250,48.8658611,2.3199122,5,,,POINT (2.3199122 48.8658611),58,49,5849,48.8661957285,2.3202783664999997,0.04584626613844742
368252,48.8666176,2.3219639,4,,,POINT (2.3219639 48.8666176),58,50,5850,48.8661957285,2.3221779335,0.04945346787268733
2436687898,48.8663538,2.3241906,1,,,POINT (2.3241906 48.8663538),58,51,5851,48.8661957285,2.3240775005,0.01942629950660807
25273123,48.8663851,2.3265062,3,,,POINT (2.3265062 48.8663851),58,52,5852,48.8661957285,2.3259770674999998,0.044061328290527106
25273118,48.8659313,2.3278927,4,,,POINT (2.3278927 48.8659313),58,53,5853,48.8661957285,2.3278766345,0.0294265811672431
25272901,48.8658216,2.3301649,3,,,POINT (2.3301649 48.8658216),58,54,5854,48.8661957285,2.3297762015,0.050388826161731855
682294054,48.8663093,2.3341623,3,traffic_signals,,POINT (2.3341623 48.8663093),58,56,5856,48.8661957285,2.3335753355,0.04475293324625186
25272938,48.8662468,2.3355001,4,,,POINT (2.3355001 48.8662468),58,57,5857,48.8661957285,2.3354749025,0.005970496767572838
25207329,48.8658889,2.3369676,4,,,POINT (2.3369676 48.8658889),58,58,5858,48.8661957285,2.3373744695,0.04527408584525514
25581142,48.8661063,2.3396537,3,,,POINT (2.3396537 48.8661063),58,59,5859,48.8661957285,2.3392740365,0.02949762724546232
687994166,48.8662809,2.3409768,1,,,POINT (2.3409768 48.8662809),58,60,5860,48.8661957285,2.3411736034999997,0.017231398416773697
470202,48.8662268,2.3525504,4,,,POINT (2.3525504 48.8662268),58,66,5866,48.8661957285,2.3525710054999998,0.0037694391487678946
470203,48.865977,2.353766,4,traffic_signals,,POINT (2.353766 48.865977),58,67,5867,48.8661957285,2.3544705725,0.05698763038853492
175042755,48.8660076,2.3559776,1,,,POINT (2.3559776 48.8660076),58,68,5868,48.8661957285,2.3563701394999996,0.03552504225765669
175042209,48.8659179,2.3580936,3,,,POINT (2.3580936 48.8659179),58,69,5869,48.8661957285,2.3582697065,0.03347117312902936
175036928,48.8664224,2.3603077,3,traffic_signals,,POINT (2.3603077 48.8664224),58,70,5870,48.8661957285,2.3601692735,0.027162487019113595
420670204,48.8665303,2.3648093,3,traffic_signals,,POINT (2.3648093 48.8665303),58,72,5872,48.8661957285,2.3639684075,0.0718836498016421
94145390,48.8660184,2.36633,4,traffic_signals,,POINT (2.36633 48.8660184),58,73,5873,48.8661957285,2.3658679745,0.03912716409040837
94144709,48.866272,2.3674044,4,,,POINT (2.3674044 48.866272),58,74,5874,48.8661957285,2.3677675414999997,0.027883487424742087
367967,48.8661921,2.3696433,4,traffic_signals,,POINT (2.3696433 48.8661921),58,75,5875,48.8661957285,2.3696671085,0.0017876288963674068
151357346,48.8661783,2.3712338,3,traffic_signals,,POINT (2.3712338 48.8661783),58,76,5876,48.8661957285,2.3715666755,0.024425589341716753
1298778129,48.8662918,2.374882,1,,,POINT (2.374882 48.8662918),58,78,5878,48.8661957285,2.3753658095,0.03696601820415482
252214037,48.8661028,2.3791913,3,,,POINT (2.3791913 48.8661028),58,80,5880,48.8661957285,2.3791649434999997,0.01051148342124384
94149988,48.8666087,2.381284,3,,,POINT (2.381284 48.8666087),58,81,5881,48.8661957285,2.3810645105,0.048645992165658444
3403646375,48.8662199,2.3834917,3,,,POINT (2.3834917 48.8662199),58,82,5882,48.8661957285,2.3829640775,0.03868705775781983
123495120,48.8660328,2.3840078,3,,,POINT (2.3840078 48.8660328),58,83,5883,48.8661957285,2.3848636444999998,0.06517066662195432
148943210,48.8661639,2.3896642,3,,,POINT (2.3896642 48.8661639),58,86,5886,48.8661957285,2.3905623455,0.06579122806611387
567375980,48.8658481,2.3944154,3,,,POINT (2.3944154 48.8658481),58,88,5888,48.8661957285,2.3943614794999997,0.03885522134435452
152749116,48.8658414,2.3984485,3,,,POINT (2.3984485 48.8658414),58,90,5890,48.8661957285,2.3981606135,0.04467390198164181
152749117,48.8662273,2.3996405,3,,,POINT (2.3996405 48.8662273),58,91,5891,48.8661957285,2.4000601804999997,0.030898112573462328
332465423,48.8662616,2.4034104,3,,,POINT (2.4034104 48.8662616),58,93,5893,48.8661957285,2.4038593145,0.03364337959239292
203337694,48.8661246,2.4059237,3,,,POINT (2.4059237 48.8661246),58,94,5894,48.8661957285,2.4057588814999997,0.014418669496911134
502604826,48.8665398,2.4081301,3,,,POINT (2.4081301 48.8665398),58,95,5895,48.8661957285,2.4076584485,0.05151660286218759
1089076082,48.8663519,2.4089819,3,,,POINT (2.4089819 48.8663519),58,96,5896,48.8661957285,2.4095580154999996,0.04557839731488476
1577028144,48.8663439,2.411229,1,crossing,,POINT (2.411229 48.8663439),58,97,5897,48.8661957285,2.4114575824999998,0.023473637232184333
206094254,48.866051,2.4138046,3,,,POINT (2.4138046 48.866051),58,98,5898,48.8661957285,2.4133571495,0.036471879206602636
27180752,48.8674747,2.2329899,3,,,POINT (2.2329899 48.8674747),59,3,5903,48.8670559495,2.2328982845,0.0470426659764182
27373403,48.8668894,2.2388854,3,,,POINT (2.2388854 48.8668894),59,6,5906,48.8670559495,2.2385969855,0.028071620831716635
27373404,48.8669533,2.2397685,3,,,POINT (2.2397685 48.8669533),59,7,5907,48.8670559495,2.2404965525,0.05446291441236009
27373411,48.867419,2.2426025,3,,,POINT (2.2426025 48.867419),59,8,5908,48.8670559495,2.2423961195,0.04309947373528092
359071964,48.8670711,2.249287,3,,,POINT (2.249287 48.8670711),59,12,5912,48.8670559495,2.2499943875,0.051769240146733106
34817243,48.8667024,2.2716786,3,traffic_signals,,POINT (2.2716786 48.8667024),59,23,5923,48.8670559495,2.2708896245,0.06982781823382507
34817689,48.8666444,2.2755755,3,,,POINT (2.2755755 48.8666444),59,25,5925,48.8670559495,2.2746887585,0.07937960498417233
34817259,48.8668427,2.2765526,3,,,POINT (2.2765526 48.8668427),59,26,5926,48.8670559495,2.2765883255,0.023855815315126712
34816713,48.8669617,2.2789485,4,traffic_signals,,POINT (2.2789485 48.8669617),59,27,5927,48.8670559495,2.2784878925,0.035283498695365484
34817741,48.8673921,2.2807348,3,,,POINT (2.2807348 48.8673921),59,28,5928,48.8670559495,2.2803874595,0.04519516674059336
34816662,48.8668626,2.284289,3,,,POINT (2.284289 48.8668626),59,30,5930,48.8670559495,2.2841865935,0.022766991132900455
34816563,48.8671049,2.2876783,3,,,POINT (2.2876783 48.8671049),59,32,5932,48.8670559495,2.2879857274999997,0.02313614450657734
368307,48.8668087,2.289968,5,traffic_signals,,POINT (2.289968 48.8668087),59,33,5933,48.8670559495,2.2898852945,0.02815058643605602
925869772,48.8671955,2.2953643,3,traffic_signals,,POINT (2.2953643 48.8671955),59,36,5936,48.8670559495,2.2955839955,0.02233872760558218
25624053,48.8674489,2.2976153,4,,,POINT (2.2976153 48.8674489),59,37,5937,48.8670559495,2.2974835625,0.04474399454590949
25624008,48.8674536,2.2992472,4,traffic_signals,,POINT (2.2992472 48.8674536),59,38,5938,48.8670559495,2.2993831295,0.045320766049770395
25625668,48.8667327,2.3013009,3,,,POINT (2.3013009 48.8667327),59,39,5939,48.8670559495,2.3012826965,0.03596835800152562
25625658,48.867126,2.3031192,3,,,POINT (2.3031192 48.867126),59,40,5940,48.8670559495,2.3031822635,0.009052638166034372
25625651,48.8672312,2.3059804,3,,,POINT (2.3059804 48.8672312),59,41,5941,48.8670559495,2.3050818305,0.06855371177332654
25625650,48.8670159,2.3063219,4,traffic_signals,,POINT (2.3063219 48.8670159),59,42,5942,48.8670559495,2.3069813975,0.04844405994614196
25667115,48.8668281,2.3102176,3,traffic_signals,,POINT (2.3102176 48.8668281),59,44,5944,48.8670559495,2.3107805315,0.0483460030771126
25667968,48.8671384,2.3139457,3,,,POINT (2.3139457 48.8671384),59,46,5946,48.8670559495,2.3145796654999997,0.047268964932297354
370323449,48.8670861,2.3160717,3,,,POINT (2.3160717 48.8670861),59,47,5947,48.8670559495,2.3164792325,0.029996877558481377
147024201,48.8670939,2.3206535,4,,,POINT (2.3206535 48.8670939),59,49,5949,48.8670559495,2.3202783664999997,0.02776171048510296
1212027401,48.8667885,2.3220891,4,,,POINT (2.3220891 48.8667885),59,50,5950,48.8670559495,2.3221779335,0.03044060421762213
25273493,48.8674398,2.3261888,4,traffic_signals,,POINT (2.3261888 48.8674398),59,52,5952,48.8670559495,2.3259770674999998,0.04540509933986073
25273088,48.867079,2.3290327,2,,,POINT (2.3290327 48.867079),59,54,5954,48.8670559495,2.3297762015,0.05444374058659762
6376058302,48.8673689,2.3315631,2,,,POINT (2.3315631 48.8673689),59,55,5955,48.8670559495,2.3316757685,0.035761040215653433
25273063,48.8672117,2.3334841,4,traffic_signals,,POINT (2.3334841 48.8672117),59,56,5956,48.8670559495,2.3335753355,0.01855991721345136
25272936,48.8671374,2.3352462,3,,,POINT (2.3352462 48.8671374),59,57,5957,48.8670559495,2.3354749025,0.019022807420597105
15643098,48.8666409,2.3373626,3,traffic_signals,,POINT (2.3373626 48.8666409),59,58,5958,48.8670559495,2.3373744695,0.046159564228673705
9153302262,48.8673275,2.3439549,2,,,POINT (2.3439549 48.8673275),59,61,5961,48.8670559495,2.3430731705,0.07121237673872104
10741105911,48.8673648,2.3473319,3,,,POINT (2.3473319 48.8673648),59,63,5963,48.8670559495,2.3468723044999997,0.04805743246499115
25581570,48.866903,2.3494727,3,traffic_signals,,POINT (2.3494727 48.866903),59,64,5964,48.8670559495,2.3487718715,0.0540097510390532
602572738,48.8668338,2.3513137,1,,,POINT (2.3513137 48.8668338),59,65,5965,48.8670559495,2.3506714385,0.053076774450706535
26039468,48.8671448,2.3524828,3,,,POINT (2.3524828 48.8671448),59,66,5966,48.8670559495,2.3525710054999998,0.011799764973166538
361092,48.8672969,2.3568082,1,,,POINT (2.3568082 48.8672969),59,68,5968,48.8670559495,2.3563701394999996,0.0417674053355519
175038101,48.8669626,2.3582667,4,,,POINT (2.3582667 48.8669626),59,69,5969,48.8670559495,2.3582697065,0.010382320055905756
94137695,48.8668272,2.3619167,3,traffic_signals,,POINT (2.3619167 48.8668272),59,71,5971,48.8670559495,2.3620688404999997,0.027763626670204117
332476877,48.8673141,2.3634261,3,traffic_signals,,POINT (2.3634261 48.8673141),59,72,5972,48.8670559495,2.3639684075,0.04896372172733103
367979,48.8667247,2.3651418,3,traffic_signals,,POINT (2.3651418 48.8667247),59,73,5973,48.8670559495,2.3658679745,0.06463758897997722
256587669,48.8666302,2.3673384,3,,,POINT (2.3673384 48.8666302),59,74,5974,48.8670559495,2.3677675414999997,0.0568022815833744
256697274,48.8667882,2.3695508,3,,,POINT (2.3695508 48.8667882),59,75,5975,48.8670559495,2.3696671085,0.030964025562080198
94151145,48.8668735,2.3733491,4,traffic_signals,,POINT (2.3733491 48.8668735),59,77,5977,48.8670559495,2.3734662424999997,0.02202268024071851
35514153,48.8672959,2.3759192,4,,,POINT (2.3759192 48.8672959),59,78,5978,48.8670559495,2.3753658095,0.04848019205667879
8274315677,48.8674199,2.3775035,1,,,POINT (2.3775035 48.8674199),59,79,5979,48.8670559495,2.3772653765,0.044058422449840366
1289287540,48.8672083,2.3784079,1,,,POINT (2.3784079 48.8672083),59,80,5980,48.8670559495,2.3791649434999997,0.05790721246914532
94149921,48.8670053,2.3828597,4,traffic_signals,,POINT (2.3828597 48.8670053),59,82,5982,48.8670559495,2.3829640775,0.00948723230964318
148943606,48.8666845,2.3870306,3,,,POINT (2.3870306 48.8666845),59,84,5984,48.8670559495,2.3867632115,0.04569995095761435
148943753,48.8673334,2.3889733,4,,,POINT (2.3889733 48.8673334),59,85,5985,48.8670559495,2.3886627784999996,0.03831019297541345
702937926,48.8673193,2.3906787,3,,,POINT (2.3906787 48.8673193),59,86,5986,48.8670559495,2.3905623455,0.030494926125819298
353206807,48.866974,2.3923783,3,,,POINT (2.3923783 48.866974),59,87,5987,48.8670559495,2.3924619125,0.010974458331942312
94130205,48.8666633,2.3970953,4,traffic_signals,,POINT (2.3970953 48.8666633),59,89,5989,48.8670559495,2.3962610465,0.07503263268332136
418638616,48.8668092,2.397439,3,,,POINT (2.397439 48.8668092),59,90,5990,48.8670559495,2.3981606135,0.059487809368498866
94131399,48.8674718,2.4007254,3,,,POINT (2.4007254 48.8674718),59,91,5991,48.8670559495,2.4000601804999997,0.06712457644662836
203337186,48.8672939,2.4037589,3,,,POINT (2.4037589 48.8672939),59,93,5993,48.8670559495,2.4038593145,0.027459403101927432
904150573,48.8671632,2.4050275,3,,,POINT (2.4050275 48.8671632),59,94,5994,48.8670559495,2.4057588814999997,0.05480995863330626
6397910538,48.8673619,2.4077608,3,,,POINT (2.4077608 48.8673619),59,95,5995,48.8670559495,2.4076584485,0.034834141893320264
248579166,48.8671323,2.4100288,3,,,POINT (2.4100288 48.8671323),59,96,5996,48.8670559495,2.4095580154999996,0.03546659353539865
248579260,48.8672213,2.4110698,3,,,POINT (2.4110698 48.8672213),59,97,5997,48.8670559495,2.4114575824999998,0.03380211347061289
84791189,48.8669329,2.4132321,3,,,POINT (2.4132321 48.8669329),59,98,5998,48.8670559495,2.4133571495,0.01645822990178167
27117303,48.867665,2.2508892,4,,,POINT (2.2508892 48.867665),60,12,6012,48.8679161705,2.2499943875,0.07115991415857242
2499726192,48.8678727,2.251037,3,,,POINT (2.251037 48.8678727),60,13,6013,48.8679161705,2.2518939545,0.06286695329875033
27117336,48.8678434,2.2657045,3,,,POINT (2.2657045 48.8678434),60,20,6020,48.8679161705,2.2651909235,0.038426534070674756
34817414,48.8681461,2.2754993,4,traffic_signals,,POINT (2.2754993 48.8681461),60,25,6025,48.8679161705,2.2746887585,0.06456380963354029
34817686,48.8678458,2.2763641,3,,,POINT (2.2763641 48.8678458),60,26,6026,48.8679161705,2.2765883255,0.01817170731713557
34817450,48.8682631,2.2785851,1,,,POINT (2.2785851 48.8682631),60,27,6027,48.8679161705,2.2784878925,0.039226558941094926
1761442006,48.867857,2.2810618,7,,,POINT (2.2810618 48.867857),60,28,6028,48.8679161705,2.2803874595,0.04976068240071827
34816582,48.867732,2.2884025,4,traffic_signals,,POINT (2.2884025 48.867732),60,32,6032,48.8679161705,2.2879857274999997,0.03672434129610372
929442064,48.867855,2.2906023,2,,,POINT (2.2906023 48.867855),60,33,6033,48.8679161705,2.2898852945,0.05288371620822063
25623928,48.8678537,2.2918909,4,traffic_signals,,POINT (2.2918909 48.8678537),60,34,6034,48.8679161705,2.2917848615,0.010411958143447914
258156659,48.8680469,2.2931477,4,,,POINT (2.2931477 48.8680469),60,35,6035,48.8679161705,2.2936844284999998,0.04186310329079853
25624047,48.8679213,2.2957138,4,,,POINT (2.2957138 48.8679213),60,36,6036,48.8679161705,2.2955839955,0.009511498338057109
25624030,48.8683266,2.298662,3,,,POINT (2.298662 48.8683266),60,38,6038,48.8679161705,2.2993831295,0.06974900662677318
25625675,48.8675267,2.3012277,3,,,POINT (2.3012277 48.8675267),60,39,6039,48.8679161705,2.3012826965,0.04349356864210569
25625660,48.8679651,2.3028131,4,,,POINT (2.3028131 48.8679651),60,40,6040,48.8679161705,2.3031822635,0.027544651556776288
25625653,48.8680204,2.3047143,3,,,POINT (2.3047143 48.8680204),60,41,6041,48.8679161705,2.3050818305,0.029274439231837767
25626403,48.8677363,2.3077087,3,,,POINT (2.3077087 48.8677363),60,42,6042,48.8679161705,2.3069813975,0.05683328256934669
25667131,48.8682863,2.3101396,3,,,POINT (2.3101396 48.8682863),60,44,6044,48.8679161705,2.3107805315,0.06238258661537131
6511670469,48.8681729,2.312291,1,,,POINT (2.312291 48.8681729),60,45,6045,48.8679161705,2.3126800985,0.04031011827449647
9966672196,48.8675692,2.3145583,3,,,POINT (2.3145583 48.8675692),60,46,6046,48.8679161705,2.3145796654999997,0.03861299645349967
1757030762,48.868328,2.3161154,3,,,POINT (2.3161154 48.868328),60,47,6047,48.8679161705,2.3164792325,0.05296439078409795
25273483,48.8679458,2.3245898,4,traffic_signals,,POINT (2.3245898 48.8679458),60,51,6051,48.8679161705,2.3240775005,0.03761603174012451
25273487,48.8675462,2.325835,3,traffic_signals,,POINT (2.325835 48.8675462),60,52,6052,48.8679161705,2.3259770674999998,0.04243094597260838
11105022047,48.867872,2.3298262,2,,,POINT (2.3298262 48.867872),60,54,6054,48.8679161705,2.3297762015,0.006123511507015293
25272888,48.8679559,2.3317267,3,,,POINT (2.3317267 48.8679559),60,55,6055,48.8679161705,2.3316757685,0.0057787737698881255
25273205,48.8677459,2.3335525,3,,,POINT (2.3335525 48.8677459),60,56,6056,48.8679161705,2.3335753355,0.01900674828349513
25272980,48.8681779,2.3350989,2,,,POINT (2.3350989 48.8681779),60,57,6057,48.8679161705,2.3354749025,0.040041878533481054
25272985,48.8678496,2.3371008,3,,,POINT (2.3371008 48.8678496),60,58,6058,48.8679161705,2.3373744695,0.021342045702214686
9961898494,48.8680811,2.3387443,1,,,POINT (2.3387443 48.8680811),60,59,6059,48.8679161705,2.3392740365,0.042867787702777355
9150711680,48.8681688,2.3436045,4,,,POINT (2.3436045 48.8681688),60,61,6061,48.8679161705,2.3430731705,0.04795276524283214
691082353,48.8678958,2.3473895,1,,,POINT (2.3473895 48.8678958),60,63,6063,48.8679161705,2.3468723044999997,0.03789735328063254
268105659,48.8680102,2.3488084,1,,,POINT (2.3488084 48.8680102),60,64,6064,48.8679161705,2.3487718715,0.010791584782531735
26039467,48.8677479,2.3498398,3,,,POINT (2.3498398 48.8677479),60,65,6065,48.8679161705,2.3506714385,0.0636418817219157
26039469,48.8678391,2.3517291,1,,,POINT (2.3517291 48.8678391),60,66,6066,48.8679161705,2.3525710054999998,0.062173587663671585
256589459,48.8679492,2.362358,3,traffic_signals,,POINT (2.362358 48.8679492),60,71,6071,48.8679161705,2.3620688404999997,0.021466702735557227
273439579,48.8682322,2.3716412,3,,,POINT (2.3716412 48.8682322),60,76,6076,48.8679161705,2.3715666755,0.03556113652173574
246849049,48.8676223,2.3756268,3,,,POINT (2.3756268 48.8676223),60,78,6078,48.8679161705,2.3753658095,0.03784446324475161
256587046,48.8678192,2.3771388,4,,,POINT (2.3771388 48.8678192),60,79,6079,48.8679161705,2.3772653765,0.014211996982650611
256587045,48.8680459,2.3784005,4,,,POINT (2.3784005 48.8680459),60,80,6080,48.8679161705,2.3791649434999997,0.05774496444773519
123482363,48.8676699,2.382495,3,,,POINT (2.382495 48.8676699),60,82,6082,48.8679161705,2.3829640775,0.04389842196136438
174979273,48.8682578,2.3839858,3,,,POINT (2.3839858 48.8682578),60,83,6083,48.8679161705,2.3848636444999998,0.07460421605260072
96149592,48.8679235,2.3866245,3,,,POINT (2.3866245 48.8679235),60,84,6084,48.8679161705,2.3867632115,0.010178553240294283
11273256886,48.8680795,2.3884602,1,,,POINT (2.3884602 48.8680795),60,85,6085,48.8679161705,2.3886627784999996,0.023439064986179443
353206666,48.8678322,2.3906668,3,,,POINT (2.3906668 48.8678322),60,86,6086,48.8679161705,2.3905623455,0.012064572087627515
152746955,48.8677927,2.3962193,3,,,POINT (2.3962193 48.8677927),60,89,6089,48.8679161705,2.3962610465,0.014064755148109516
203329763,48.8681857,2.3980753,4,,,POINT (2.3980753 48.8681857),60,90,6090,48.8679161705,2.3981606135,0.03061305052849515
203330030,48.8680837,2.4001525,4,,,POINT (2.4001525 48.8680837),60,91,6091,48.8679161705,2.4000601804999997,0.019814533564477647
94131400,48.8683061,2.4014206,5,traffic_signals,,POINT (2.4014206 48.8683061),60,92,6092,48.8679161705,2.4019597475,0.05860937050592926
203333653,48.8682723,2.4038024,2,,,POINT (2.4038024 48.8682723),60,93,6093,48.8679161705,2.4038593145,0.039818005705574526
203334632,48.8675523,2.4055241,3,,,POINT (2.4055241 48.8675523),60,94,6094,48.8679161705,2.4057588814999997,0.043954103195842725
1089076163,48.8679397,2.4091543,4,,,POINT (2.4091543 48.8679397),60,96,6096,48.8679161705,2.4095580154999996,0.029644920558266775
248579259,48.8678939,2.4109962,3,,,POINT (2.4109962 48.8678939),60,97,6097,48.8679161705,2.4114575824999998,0.03383796726476124
25245055,48.8682036,2.413451,3,,,POINT (2.413451 48.8682036),60,98,6098,48.8679161705,2.4133571495,0.03268957899347986
5851009494,48.8690984,2.2375415,1,,,POINT (2.2375415 48.8690984),61,5,6105,48.8687763915,2.2366974185,0.0713696563110044
359073889,48.8684842,2.2385013,3,,,POINT (2.2385013 48.8684842),61,6,6106,48.8687763915,2.2385969855,0.03323545680946737
2519942226,48.8687883,2.248293,2,,,POINT (2.248293 48.8687883),61,11,6111,48.8687763915,2.2480948205,0.014555687659289492
1768998457,48.8684902,2.2653329,3,,,POINT (2.2653329 48.8684902),61,20,6120,48.8687763915,2.2651909235,0.03347453785916579
305344287,48.8686667,2.273351,3,,,POINT (2.273351 48.8686667),61,24,6124,48.8687763915,2.2727891915,0.04286409000088352
34816717,48.8684235,2.2746995,3,,,POINT (2.2746995 48.8684235),61,25,6125,48.8687763915,2.2746887585,0.03924760897536933
34817406,48.8688839,2.2759942,4,,,POINT (2.2759942 48.8688839),61,26,6126,48.8687763915,2.2765883255,0.04507005016100957
34817443,48.8684453,2.2786759,3,,,POINT (2.2786759 48.8684453),61,27,6127,48.8687763915,2.2784878925,0.039300072250618365
34816578,48.8685242,2.2871413,3,,,POINT (2.2871413 48.8685242),61,32,6132,48.8687763915,2.2879857274999997,0.06783159418258294
34816566,48.8691212,2.2898109,4,,,POINT (2.2898109 48.8691212),61,33,6133,48.8687763915,2.2898852945,0.03872515304625389
5474974263,48.8689071,2.2915684,1,,,POINT (2.2915684 48.8689071),61,34,6134,48.8687763915,2.2917848615,0.021492064622183945
25623920,48.868461,2.2934028,4,,,POINT (2.2934028 48.868461),61,35,6135,48.8687763915,2.2936844284999998,0.040672123978626094
25624013,48.8690705,2.2974077,4,,,POINT (2.2974077 48.8690705),61,37,6137,48.8687763915,2.2974835625,0.033170759172013155
25624005,48.8685472,2.2989083,4,,,POINT (2.2989083 48.8685472),61,38,6138,48.8687763915,2.2993831295,0.043077527852323376
25625924,48.8687147,2.3017278,3,,,POINT (2.3017278 48.8687147),61,39,6139,48.8687763915,2.3012826965,0.03327083281850467
25625927,48.869021,2.303111,3,,,POINT (2.303111 48.869021),61,40,6140,48.8687763915,2.3031822635,0.027694162543592544
5057169767,48.8685511,2.3092901,4,,,POINT (2.3092901 48.8685511),61,43,6143,48.8687763915,2.3088809645,0.03902673553106582
25934279,48.8689063,2.310341,3,,,POINT (2.310341 48.8689063),61,44,6144,48.8687763915,2.3107805315,0.03524457829481512
34909010,48.8688343,2.3146188,3,,,POINT (2.3146188 48.8688343),61,46,6146,48.8687763915,2.3145796654999997,0.007046679890462986
34909009,48.8691711,2.3203432,3,,,POINT (2.3203432 48.8691711),61,49,6149,48.8687763915,2.3202783664999997,0.044145018084065596
26235702,48.8687911,2.3218477,3,,,POINT (2.3218477 48.8687911),61,50,6150,48.8687763915,2.3221779335,0.024209390046937188
25273482,48.8683824,2.3232684,4,traffic_signals,,POINT (2.3232684 48.8683824),61,51,6151,48.8687763915,2.3240775005,0.07363120761692257
25273486,48.8689648,2.3253375,3,,,POINT (2.3253375 48.8689648),61,52,6152,48.8687763915,2.3259770674999998,0.05125643008333984
25272917,48.8689035,2.3294185,3,,,POINT (2.3294185 48.8689035),61,54,6154,48.8687763915,2.3297762015,0.029736748129162868
6244904647,48.8688472,2.3333323,3,,,POINT (2.3333323 48.8688472),61,56,6156,48.8687763915,2.3335753355,0.019441860527283663
25272946,48.8688829,2.3354907,3,,,POINT (2.3354907 48.8688829),61,57,6157,48.8687763915,2.3354749025,0.011899437126013747
25272944,48.8688872,2.3366967,3,,,POINT (2.3366967 48.8688872),61,58,6158,48.8687763915,2.3373744695,0.05108192996680585
25273884,48.8690318,2.3394522,3,,,POINT (2.3394522 48.8690318),61,59,6159,48.8687763915,2.3392740365,0.031247105889249262
25273885,48.8686677,2.3413408,3,,,POINT (2.3413408 48.8686677),61,60,6160,48.8687763915,2.3411736034999997,0.01719368267054003
26039472,48.8684499,2.3476779,2,,,POINT (2.3476779 48.8684499),61,63,6163,48.8687763915,2.3468723044999997,0.069209564479236
26039474,48.8689439,2.3494563,3,,,POINT (2.3494563 48.8689439),61,64,6164,48.8687763915,2.3487718715,0.053413519706290484
6369010738,48.8689465,2.3539496,1,,,POINT (2.3539496 48.8689465),61,67,6167,48.8687763915,2.3544705725,0.042541583983359624
431175331,48.8690106,2.3555838,3,,,POINT (2.3555838 48.8690106),61,68,6168,48.8687763915,2.3563701394999996,0.06313606915543016
289568129,48.8689332,2.3587875,1,,,POINT (2.3587875 48.8689332),61,69,6169,48.8687763915,2.3582697065,0.04169365017814053
94143090,48.8689409,2.3625752,3,,,POINT (2.3625752 48.8689409),61,71,6171,48.8687763915,2.3620688404999997,0.04130743583969799
94145771,48.8689313,2.3638737,3,,,POINT (2.3638737 48.8689313),61,72,6172,48.8687763915,2.3639684075,0.018565749966417577
7076374199,48.8688224,2.3676207,5,,,POINT (2.3676207 48.8688224),61,74,6174,48.8687763915,2.3677675414999997,0.011896532479916315
151357308,48.8684779,2.3697567,3,,,POINT (2.3697567 48.8684779),61,75,6175,48.8687763915,2.3696671085,0.033831443176074553
273439558,48.8690301,2.3717415,3,,,POINT (2.3717415 48.8690301),61,76,6176,48.8687763915,2.3715666755,0.030973778061551164
246849044,48.8685383,2.3729074,3,,,POINT (2.3729074 48.8685383),61,77,6177,48.8687763915,2.3734662424999997,0.04869994840061155
35514154,48.8684407,2.3749039,4,traffic_signals,,POINT (2.3749039 48.8684407),61,78,6178,48.8687763915,2.3753658095,0.05034645925120156
256418977,48.8690272,2.3768676,3,,,POINT (2.3768676 48.8690272),61,79,6179,48.8687763915,2.3772653765,0.0403020165468377
60913510,48.8684056,2.3795529,3,,,POINT (2.3795529 48.8684056),61,80,6180,48.8687763915,2.3791649434999997,0.05005129555213066
654572261,48.8690046,2.3807017,4,,,POINT (2.3807017 48.8690046),61,81,6181,48.8687763915,2.3810645105,0.036716801271428186
174978695,48.8687813,2.3852985,3,,,POINT (2.3852985 48.8687813),61,83,6183,48.8687763915,2.3848636444999998,0.03181107534110444
174981131,48.8685261,2.3861923,3,,,POINT (2.3861923 48.8685261),61,84,6184,48.8687763915,2.3867632115,0.050182670802936216
148944194,48.8686637,2.3896284,4,traffic_signals,,POINT (2.3896284 48.8686637),61,86,6186,48.8687763915,2.3905623455,0.06945091806357603
203330263,48.8686565,2.3996562,3,,,POINT (2.3996562 48.8686565),61,91,6191,48.8687763915,2.4000601804999997,0.03241632044067479
258418025,48.8690317,2.4020706,3,,,POINT (2.4020706 48.8690317),61,92,6192,48.8687763915,2.4019597475,0.029524152544417138
203334634,48.8685658,2.4042616,3,,,POINT (2.4042616 48.8685658),61,93,6193,48.8687763915,2.4038593145,0.03760486779368149
203333776,48.8690392,2.4055137,4,,,POINT (2.4055137 48.8690392),61,94,6194,48.8687763915,2.4057588814999997,0.03428671951212595
258419504,48.8688095,2.408297,3,,,POINT (2.408297 48.8688095),61,95,6195,48.8687763915,2.4076584485,0.04685007291086952
248579417,48.8691198,2.4099842,3,,,POINT (2.4099842 48.8691198),61,96,6196,48.8687763915,2.4095580154999996,0.04929314080582977
248579442,48.8691853,2.4108707,3,,,POINT (2.4108707 48.8691853),61,97,6197,48.8687763915,2.4114575824999998,0.06253013106342269
25245056,48.8688417,2.4132378,3,motorway_junction,,POINT (2.4132378 48.8688417),61,98,6198,48.8687763915,2.4133571495,0.01135520069000207
4225762683,48.8697025,2.2566133,2,,,POINT (2.2566133 48.8697025),62,15,6215,48.8696366125,2.2556930885,0.06770288914427754
25075950,48.8695527,2.2711059,3,,,POINT (2.2711059 48.8695527),62,23,6223,48.8696366125,2.2708896245,0.018365481989913546
6012912945,48.8696224,2.2721693,3,,,POINT (2.2721693 48.8696224),62,24,6224,48.8696366125,2.2727891915,0.04536714069761407
34817184,48.8692955,2.2746954,3,,,POINT (2.2746954 48.8692955),62,25,6225,48.8696366125,2.2746887585,0.037933089906098255
34817415,48.8694448,2.2763784,3,,,POINT (2.2763784 48.8694448),62,26,6226,48.8696366125,2.2765883255,0.026280421618164806
34817364,48.8693114,2.279172,3,,,POINT (2.279172 48.8693114),62,27,6227,48.8696366125,2.2784878925,0.06173613093852943
34817365,48.8698804,2.2795452,3,,,POINT (2.2795452 48.8698804),62,28,6228,48.8696366125,2.2803874595,0.06730421286337093
34816547,48.8697349,2.2850247,3,,,POINT (2.2850247 48.8697349),62,30,6230,48.8696366125,2.2841865935,0.0622666845192982
34816540,48.8696273,2.2856515,3,,,POINT (2.2856515 48.8696273),62,31,6231,48.8696366125,2.2860861605,0.03180844739603425
34816576,48.8693778,2.2876722,3,,,POINT (2.2876722 48.8693778),62,32,6232,48.8696366125,2.2879857274999997,0.03679781109410555
34816567,48.8698282,2.2905464,3,,,POINT (2.2905464 48.8698282),62,33,6233,48.8696366125,2.2898852945,0.05283886745058581
25623911,48.8694128,2.2935482,3,,,POINT (2.2935482 48.8694128),62,35,6235,48.8696366125,2.2936844284999998,0.026807341664751773
21660964,48.8695337,2.2957432,4,,,POINT (2.2957432 48.8695337),62,36,6236,48.8696366125,2.2955839955,0.01632613498061747
25624014,48.8694114,2.2978607,3,,,POINT (2.2978607 48.8694114),62,37,6237,48.8696366125,2.2974835625,0.0372561719415541
25625949,48.8699281,2.3001596,4,,,POINT (2.3001596 48.8699281),62,38,6238,48.8696366125,2.2993831295,0.06538992896680257
25625956,48.8699066,2.3010036,3,,,POINT (2.3010036 48.8699066),62,39,6239,48.8696366125,2.3012826965,0.03630401534923346
25625929,48.8692431,2.3027694,4,traffic_signals,,POINT (2.3027694 48.8692431),62,40,6240,48.8696366125,2.3031822635,0.05316507479775733
270187712,48.8692827,2.3091716,4,,,POINT (2.3091716 48.8692827),62,43,6243,48.8696366125,2.3088809645,0.04472763737764333
25934315,48.8696029,2.3105834,3,,,POINT (2.3105834 48.8696029),62,44,6244,48.8696366125,2.3107805315,0.014897777109510528
34909005,48.8694642,2.3133958,3,,,POINT (2.3133958 48.8694642),62,45,6245,48.8696366125,2.3126800985,0.055747530727541204
34909008,48.8696233,2.319034,3,,,POINT (2.319034 48.8696233),62,48,6248,48.8696366125,2.3183787995,0.04794500568542275
398795,48.8692559,2.3238947,3,,,POINT (2.3238947 48.8692559),62,51,6251,48.8696366125,2.3240775005,0.0443945153056286
29604273,48.8695736,2.3258699,3,,,POINT (2.3258699 48.8695736),62,52,6252,48.8696366125,2.3259770674999998,0.010513484908378282
2200327356,48.8698054,2.3281617,3,,,POINT (2.3281617 48.8698054),62,53,6253,48.8696366125,2.3278766345,0.028053018433313277
25272921,48.8699902,2.3305214,3,,,POINT (2.3305214 48.8699902),62,54,6254,48.8696366125,2.3297762015,0.06720549704157418
25272923,48.8695718,2.3315181,4,traffic_signals,,POINT (2.3315181 48.8695718),62,55,6255,48.8696366125,2.3316757685,0.01359878231279864
25272953,48.8694737,2.3340502,3,,,POINT (2.3340502 48.8694737),62,56,6256,48.8696366125,2.3335753355,0.039172454534876465
25273866,48.8696959,2.3359606,3,traffic_signals,,POINT (2.3359606 48.8696959),62,57,6257,48.8696366125,2.3354749025,0.03613099312496117
25207334,48.8695367,2.3367745,4,traffic_signals,,POINT (2.3367745 48.8695367),62,58,6258,48.8696366125,2.3373744695,0.04526701730522591
25275079,48.869531,2.3394799,4,,,POINT (2.3394799 48.869531),62,59,6259,48.8696366125,2.3392740365,0.019095242768864946
329118671,48.8697623,2.3408277,2,,,POINT (2.3408277 48.8697623),62,60,6260,48.8696366125,2.3411736034999997,0.028903308245378654
268456615,48.8697581,2.3428843,3,,,POINT (2.3428843 48.8697581),62,61,6261,48.8696366125,2.3430731705,0.019321477978216817
202818644,48.8698796,2.3490277,4,,,POINT (2.3490277 48.8698796),62,64,6264,48.8696366125,2.3487718715,0.03286559616543674
26039525,48.8695349,2.3513205,3,,,POINT (2.3513205 48.8695349),62,65,6265,48.8696366125,2.3506714385,0.04880181011438074
361096,48.8696795,2.3526101,3,,,POINT (2.3526101 48.8696795),62,66,6266,48.8696366125,2.3525710054999998,0.005560432463913262
692364452,48.869312,2.3542461,4,traffic_signals,,POINT (2.3542461 48.869312),62,67,6267,48.8696366125,2.3544705725,0.03965383425277805
175015093,48.8692522,2.3567611,1,,,POINT (2.3567611 48.8692522),62,68,6268,48.8696366125,2.3563701394999996,0.051427710335172246
175014568,48.8692191,2.35769,1,,,POINT (2.35769 48.8692191),62,69,6269,48.8696366125,2.3582697065,0.0628738149789477
94143088,48.8698647,2.3607266,4,traffic_signals,,POINT (2.3607266 48.8698647),62,70,6270,48.8696366125,2.3601692735,0.04800934224475797
510438311,48.8692412,2.3623739,3,,,POINT (2.3623739 48.8692412),62,71,6271,48.8696366125,2.3620688404999997,0.049305383163431006
94141550,48.8699297,2.3637672,4,,,POINT (2.3637672 48.8699297),62,72,6272,48.8696366125,2.3639684075,0.03575854589723866
430803,48.8697616,2.3661837,3,,,POINT (2.3661837 48.8697616),62,73,6273,48.8696366125,2.3658679745,0.0269521373144298
252805659,48.8696889,2.3700646,3,,,POINT (2.3700646 48.8696889),62,75,6275,48.8696366125,2.3696671085,0.029648646977294503
94151151,48.8693078,2.3715376,3,,,POINT (2.3715376 48.8693078),62,76,6276,48.8696366125,2.3715666755,0.0366240765004319
94153134,48.8694605,2.3739261,4,,,POINT (2.3739261 48.8694605),62,77,6277,48.8696366125,2.3734662424999997,0.03892007000930868
1011766261,48.8698116,2.3750656,3,,,POINT (2.3750656 48.8698116),62,78,6278,48.8696366125,2.3753658095,0.0293383868538659
94149716,48.8692237,2.3774586,4,,,POINT (2.3774586 48.8692237),62,79,6279,48.8696366125,2.3772653765,0.04803963645317567
94149717,48.8700208,2.3791043,4,traffic_signals,,POINT (2.3791043 48.8700208),62,80,6280,48.8696366125,2.3791649434999997,0.04294935023699071
174979761,48.8699465,2.3830542,3,,,POINT (2.3830542 48.8699465),62,82,6282,48.8696366125,2.3829640775,0.03508272938355077
3248363182,48.8697056,2.3888211,1,,,POINT (2.3888211 48.8697056),62,85,6285,48.8696366125,2.3886627784999996,0.013890185903052578
96149599,48.8695329,2.3931657,3,,,POINT (2.3931657 48.8695329),62,87,6287,48.8696366125,2.3924619125,0.052751900271421216
96149607,48.8699679,2.3945024,4,traffic_signals,,POINT (2.3945024 48.8699679),62,88,6288,48.8696366125,2.3943614794999997,0.03825226882693231
247352374,48.8694083,2.3982544,1,,,POINT (2.3982544 48.8694083),62,90,6290,48.8696366125,2.3981606135,0.026297615788299568
96136842,48.8693224,2.4004764,3,,,POINT (2.4004764 48.8693224),62,91,6291,48.8696366125,2.4000601804999997,0.04634103399709194
203331056,48.8697775,2.4019185,3,,,POINT (2.4019185 48.8697775),62,92,6292,48.8696366125,2.4019597475,0.015953820425441818
258418134,48.8692268,2.4031204,3,,,POINT (2.4031204 48.8692268),62,93,6293,48.8696366125,2.4038593145,0.0706925399776012
702947206,48.8694898,2.4059044,3,,,POINT (2.4059044 48.8694898),62,94,6294,48.8696366125,2.4057588814999997,0.01948798272844145
258416296,48.8699457,2.4068647,3,,,POINT (2.4068647 48.8699457),62,95,6295,48.8696366125,2.4076584485,0.06746606474479708
1089076183,48.8698095,2.4089698,3,,,POINT (2.4089698 48.8698095),62,96,6296,48.8696366125,2.4095580154999996,0.047122431546807335
258419837,48.8698757,2.4108105,3,,,POINT (2.4108105 48.8698757),62,97,6297,48.8696366125,2.4114575824999998,0.05428392151115774
4317966873,48.8703965,2.2585223,2,,,POINT (2.2585223 48.8703965),63,16,6316,48.8704968335,2.2575926555,0.0689034151417594
34817369,48.8709065,2.2788853,3,,,POINT (2.2788853 48.8709065),63,27,6327,48.8704968335,2.2784878925,0.05403616447818717
34817057,48.8705714,2.2812373,3,,,POINT (2.2812373 48.8705714),63,28,6328,48.8704968335,2.2803874595,0.06270780317189747
34817056,48.8704474,2.2817823,3,,,POINT (2.2817823 48.8704474),63,29,6329,48.8704968335,2.2822870265,0.03732266947891063
257937352,48.8708557,2.2850327,3,,,POINT (2.2850327 48.8708557),63,30,6330,48.8704968335,2.2841865935,0.07363397942901802
34816775,48.8706717,2.2876928,3,,,POINT (2.2876928 48.8706717),63,32,6332,48.8704968335,2.2879857274999997,0.028932603912880026
21660949,48.8707842,2.2945181,4,,,POINT (2.2945181 48.8707842),63,35,6335,48.8704968335,2.2936844284999998,0.06883987475510298
21660914,48.8705105,2.2955737,4,,,POINT (2.2955737 48.8705105),63,36,6336,48.8704968335,2.2955839955,0.0016959803877042176
25624012,48.8701855,2.2966095,3,,,POINT (2.2966095 48.8701855),63,37,6337,48.8704968335,2.2974835625,0.07270062305505919
270918882,48.8702569,2.3009758,3,,,POINT (2.3009758 48.8702569),63,39,6339,48.8704968335,2.3012826965,0.03486592187702082
368341,48.8705205,2.3052845,4,,,POINT (2.3052845 48.8705205),63,41,6341,48.8704968335,2.3050818305,0.015055013187864586
5937839269,48.8700834,2.306657,3,,,POINT (2.306657 48.8700834),63,42,6342,48.8704968335,2.3069813975,0.05173340416546352
32564556,48.8702135,2.3110419,4,,,POINT (2.3110419 48.8702135),63,44,6344,48.8704968335,2.3107805315,0.03685135372000955
32560751,48.8704136,2.312904,3,,,POINT (2.312904 48.8704136),63,45,6345,48.8704968335,2.3126800985,0.018810530986066498
34909007,48.8703495,2.3176551,3,,,POINT (2.3176551 48.8703495),63,48,6348,48.8704968335,2.3183787995,0.05540873657355128
34909038,48.8706572,2.3197009,3,,,POINT (2.3197009 48.8706572),63,49,6349,48.8704968335,2.3202783664999997,0.045845830847697375
34909025,48.8704222,2.322703,3,,,POINT (2.322703 48.8704222),63,50,6350,48.8704968335,2.3221779335,0.039289806529121535
21379135,48.8708899,2.3248451,3,traffic_signals,,POINT (2.3248451 48.8708899),63,51,6351,48.8704968335,2.3240775005,0.0711492851139739
29604272,48.8705675,2.3260902,4,traffic_signals,,POINT (2.3260902 48.8705675),63,52,6352,48.8704968335,2.3259770674999998,0.011411031432195119
398792,48.8702685,2.3300494,4,traffic_signals,,POINT (2.3300494 48.8702685),63,54,6354,48.8704968335,2.3297762015,0.03230942568855775
398776,48.8706246,2.3320659,4,traffic_signals,,POINT (2.3320659 48.8706246),63,55,6355,48.8704968335,2.3316757685,0.03187532607469469
25273781,48.8701211,2.3337328,4,traffic_signals,,POINT (2.3337328 48.8701211),63,56,6356,48.8704968335,2.3335753355,0.04333798406549289
25273843,48.8701865,2.3359584,3,,,POINT (2.3359584 48.8701865),63,57,6357,48.8704968335,2.3354749025,0.04940967437207134
25273868,48.870336,2.3372448,3,,,POINT (2.3372448 48.870336),63,58,6358,48.8704968335,2.3373744695,0.020243015268338473
26039856,48.870231,2.3426988,3,,,POINT (2.3426988 48.870231),63,61,6361,48.8704968335,2.3430731705,0.04029269385268926
202818262,48.8705196,2.3487034,3,traffic_signals,,POINT (2.3487034 48.8705196),63,64,6364,48.8704968335,2.3487718715,0.005611474799043871
268105655,48.8701459,2.3505114,3,traffic_signals,,POINT (2.3505114 48.8701459),63,65,6365,48.8704968335,2.3506714385,0.04073979865917424
25207358,48.8705998,2.3549698,3,,,POINT (2.3549698 48.8705998),63,67,6367,48.8704968335,2.3544705725,0.03826640816250425
175014385,48.8708931,2.3587927,3,,,POINT (2.3587927 48.8708931),63,69,6369,48.8704968335,2.3582697065,0.058349927604102896
94143087,48.8702331,2.3600501,3,,,POINT (2.3600501 48.8702331),63,70,6370,48.8704968335,2.3601692735,0.030593776294032683
94142433,48.8708496,2.3614229,4,,,POINT (2.3614229 48.8708496),63,71,6371,48.8704968335,2.3620688404999997,0.06140562477421082
5297593444,48.8701371,2.3636084,3,,,POINT (2.3636084 48.8701371),63,72,6372,48.8704968335,2.3639684075,0.04788909805584705
17809151,48.8707718,2.3654048,3,,,POINT (2.3654048 48.8707718),63,73,6373,48.8704968335,2.3658679745,0.04563373344569405
94151393,48.8707793,2.3685166,3,,,POINT (2.3685166 48.8707793),63,74,6374,48.8704968335,2.3677675414999997,0.06315072134041984
94151612,48.8707815,2.3704611,3,,,POINT (2.3704611 48.8707815),63,75,6375,48.8704968335,2.3696671085,0.06613876490078045
246849051,48.870153,2.3715364,3,,,POINT (2.3715364 48.870153),63,76,6376,48.8704968335,2.3715666755,0.038296612738981384
35514390,48.8705636,2.3728843,4,traffic_signals,,POINT (2.3728843 48.8705636),63,77,6377,48.8704968335,2.3734662424999997,0.043205828625597235
1014095238,48.8702015,2.3747546,3,,,POINT (2.3747546 48.8702015),63,78,6378,48.8704968335,2.3753658095,0.055469647232166255
9573891535,48.8705731,2.3775812,3,,,POINT (2.3775812 48.8705731),63,79,6379,48.8704968335,2.3772653765,0.02460681283593793
123482366,48.8701026,2.3793172,4,traffic_signals,,POINT (2.3793172 48.8701026),63,80,6380,48.8704968335,2.3791649434999997,0.045229128996879274
174983940,48.8709222,2.3814725,4,,,POINT (2.3814725 48.8709222),63,81,6381,48.8704968335,2.3810645105,0.05592490125023239
174978251,48.8702038,2.3844291,3,,,POINT (2.3844291 48.8702038),63,83,6383,48.8704968335,2.3848636444999998,0.04551750428271051
60912208,48.8705739,2.3882393,3,,,POINT (2.3882393 48.8705739),63,85,6385,48.8704968335,2.3886627784999996,0.03213676333784881
96127099,48.8700944,2.3957728,4,traffic_signals,,POINT (2.3957728 48.8700944),63,89,6389,48.8704968335,2.3962610465,0.05725094552228178
247352368,48.8702161,2.3972144,3,,,POINT (2.3972144 48.8702161),63,90,6390,48.8704968335,2.3981606135,0.07592063754212992
96136841,48.8707805,2.3992295,4,traffic_signals,,POINT (2.3992295 48.8707805),63,91,6391,48.8704968335,2.4000601804999997,0.06845564419072059
4426107369,48.8700875,2.4042734,1,,,POINT (2.4042734 48.8700875),63,93,6393,48.8704968335,2.4038593145,0.05467128393883783
702948205,48.8701654,2.405026,3,,,POINT (2.405026 48.8701654),63,94,6394,48.8704968335,2.4057588814999997,0.06504988094479904
1089076250,48.870591,2.4089443,4,,,POINT (2.4089443 48.870591),63,96,6396,48.8704968335,2.4095580154999996,0.04609215920970443
248579254,48.8706506,2.4107272,3,,,POINT (2.4107272 48.8706506),63,97,6397,48.8704968335,2.4114575824999998,0.05608961059083011
27373400,48.871764,2.2579785,3,,,POINT (2.2579785 48.871764),64,16,6416,48.8713570545,2.2575926555,0.053328772947572795
4317966868,48.8710065,2.2601989,2,,,POINT (2.2601989 48.8710065),64,17,6417,48.8713570545,2.2594922225,0.06473666704309333
27373209,48.8711462,2.2724037,1,,,POINT (2.2724037 48.8711462),64,24,6424,48.8713570545,2.2727891915,0.03666928630258561
27373195,48.871316,2.2743479,3,traffic_signals,,POINT (2.2743479 48.871316),64,25,6425,48.8713570545,2.2746887585,0.025344467292547048
34816750,48.8713941,2.2774677,4,,,POINT (2.2774677 48.8713941),64,26,6426,48.8713570545,2.2765883255,0.06444803813670312
34817370,48.8712248,2.2790702,3,,,POINT (2.2790702 48.8712248),64,27,6427,48.8713570545,2.2784878925,0.04505676222420801
34816752,48.8717708,2.2809417,3,,,POINT (2.2809417 48.8717708),64,28,6428,48.8713570545,2.2803874595,0.06131701375097957
34817018,48.8715873,2.283799,3,,,POINT (2.283799 48.8715873),64,30,6430,48.8713570545,2.2841865935,0.03819788910369839
34816573,48.8711631,2.2888586,4,traffic_signals,,POINT (2.2888586 48.8711631),64,32,6432,48.8713570545,2.2879857274999997,0.06738531216832615
34816568,48.8711063,2.2918637,3,,,POINT (2.2918637 48.8711063),64,34,6434,48.8713570545,2.2917848615,0.028472610193459945
21660924,48.8712924,2.2932078,3,,,POINT (2.2932078 48.8712924),64,35,6435,48.8713570545,2.2936844284999998,0.03559360640133698
21660913,48.8711503,2.2954709,3,,,POINT (2.2954709 48.8711503),64,36,6436,48.8713570545,2.2955839955,0.02443282669335054
270938224,48.8710981,2.2973764,3,traffic_signals,,POINT (2.2973764 48.8710981),64,37,6437,48.8713570545,2.2974835625,0.02984207137612904
25625951,48.8713971,2.2999797,4,,,POINT (2.2999797 48.8713971),64,38,6438,48.8713570545,2.2993831295,0.04385898405788587
25625953,48.8709858,2.3009132,4,,,POINT (2.3009132 48.8709858),64,39,6439,48.8713570545,2.3012826965,0.049340652739955984
260928397,48.8710843,2.3035083,3,,,POINT (2.3035083 48.8710843),64,40,6440,48.8713570545,2.3031822635,0.038580722088540506
32560723,48.8714127,2.3073081,4,,,POINT (2.3073081 48.8714127),64,42,6442,48.8713570545,2.3069813975,0.024682701966249703
32560724,48.8709386,2.3088316,4,traffic_signals,,POINT (2.3088316 48.8709386),64,43,6443,48.8713570545,2.3088809645,0.04666988332034025
32561341,48.871388,2.3100809,4,traffic_signals,,POINT (2.3100809 48.871388),64,44,6444,48.8713570545,2.3107805315,0.0512856686169358
34843153,48.8714369,2.3119705,3,,,POINT (2.3119705 48.8714369),64,45,6445,48.8713570545,2.3126800985,0.052652993231726876
16820918,48.8717654,2.3141902,4,traffic_signals,,POINT (2.3141902 48.8717654),64,46,6446,48.8713570545,2.3145796654999997,0.05360119504619149
34909006,48.8711169,2.3162913,3,,,POINT (2.3162913 48.8711169),64,47,6447,48.8713570545,2.3164792325,0.030033834064862357
34909039,48.871183,2.3181796,3,,,POINT (2.3181796 48.871183),64,48,6448,48.8713570545,2.3183787995,0.024224747372235216
34909037,48.8711719,2.3200334,3,,,POINT (2.3200334 48.8711719),64,49,6449,48.8713570545,2.3202783664999997,0.02729246613889252
178763582,48.871718,2.3220943,4,traffic_signals,,POINT (2.3220943 48.871718),64,50,6450,48.8713570545,2.3221779335,0.04059874973366357
178764097,48.871393,2.3234969,4,traffic_signals,,POINT (2.3234969 48.871393),64,51,6451,48.8713570545,2.3240775005,0.042652026409367494
29604212,48.8717777,2.3305842,4,traffic_signals,,POINT (2.3305842 48.8717777),64,54,6454,48.8713570545,2.3297762015,0.07536626806877283
398787,48.8710733,2.3318505,3,,,POINT (2.3318505 48.8710733),64,55,6455,48.8713570545,2.3316757685,0.034041921327559004
169319602,48.8716014,2.3338689,3,,,POINT (2.3338689 48.8716014),64,56,6456,48.8713570545,2.3335753355,0.034629551915774257
25207345,48.8712754,2.3359218,3,,,POINT (2.3359218 48.8712754),64,57,6457,48.8713570545,2.3354749025,0.03392317057900525
25273876,48.8714762,2.3371106,3,,,POINT (2.3371106 48.8714762),64,58,6458,48.8713570545,2.3373744695,0.023408811590995452
11563663280,48.8717143,2.3416027,3,,,POINT (2.3416027 48.8717143),64,60,6460,48.8713570545,2.3411736034999997,0.05062516446283646
25207313,48.8714816,2.3430679,4,traffic_signals,,POINT (2.3430679 48.8714816),64,61,6461,48.8713570545,2.3430731705,0.013854191499596148
25207311,48.8710438,2.3457164,3,,,POINT (2.3457164 48.8710438),64,62,6462,48.8713570545,2.3449727375,0.06458818450018215
94164242,48.871625,2.3499058,4,,,POINT (2.3499058 48.871625),64,65,6465,48.8713570545,2.3506714385,0.06343049820909968
202816303,48.871158,2.3522913,3,,,POINT (2.3522913 48.871158),64,66,6466,48.8713570545,2.3525710054999998,0.030139835283737114
94164591,48.8715698,2.3536286,3,,,POINT (2.3536286 48.8715698),64,67,6467,48.8713570545,2.3544705725,0.0659680943652802
123256917,48.8717748,2.3571452,4,,,POINT (2.3571452 48.8717748),64,68,6468,48.8713570545,2.3563701394999996,0.07328771700896652
175014795,48.8712403,2.3581712,3,,,POINT (2.3581712 48.8712403),64,69,6469,48.8713570545,2.3582697065,0.014847639424709994
665070912,48.8715058,2.3603471,4,,,POINT (2.3603471 48.8715058),64,70,6470,48.8713570545,2.3601692735,0.021040877886896903
94141832,48.8714858,2.3620788,3,,,POINT (2.3620788 48.8714858),64,71,6471,48.8713570545,2.3620688404999997,0.01433436639678376
439881545,48.8717095,2.3644425,3,,,POINT (2.3644425 48.8717095),64,72,6472,48.8713570545,2.3639684075,0.052327623412419866
17809152,48.8710194,2.3659191,3,traffic_signals,,POINT (2.3659191 48.8710194),64,73,6473,48.8713570545,2.3658679745,0.03773121006453381
252803355,48.8717294,2.3679296,5,,,POINT (2.3679296 48.8717294),64,74,6474,48.8713570545,2.3677675414999997,0.04306610200089716
94151152,48.8712438,2.3701205,4,,,POINT (2.3701205 48.8712438),64,75,6475,48.8713570545,2.3696671085,0.035471255083981974
94151697,48.8713505,2.3723087,3,,,POINT (2.3723087 48.8713505),64,76,6476,48.8713570545,2.3715666755,0.054275583800100315
256419065,48.8713818,2.3750754,3,,,POINT (2.3750754 48.8713818),64,78,6478,48.8713570545,2.3753658095,0.021417645854366712
94153572,48.8711284,2.3766972,3,,,POINT (2.3766972 48.8711284),64,79,6479,48.8713570545,2.3772653765,0.04871677147810421
174983938,48.8715578,2.381073,3,,,POINT (2.381073 48.8715578),64,81,6481,48.8713570545,2.3810645105,0.02233051514244617
174985066,48.8710045,2.3821162,3,,,POINT (2.3821162 48.8710045),64,82,6482,48.8713570545,2.3829640775,0.07336492376506416
96139483,48.8714738,2.3860287,3,,,POINT (2.3860287 48.8714738),64,84,6484,48.8713570545,2.3867632115,0.05526734722616187
174982973,48.8716473,2.3901789,3,,,POINT (2.3901789 48.8716473),64,86,6486,48.8713570545,2.3905623455,0.04275628903261152
96134192,48.8716662,2.3922824,4,traffic_signals,,POINT (2.3922824 48.8716662),64,87,6487,48.8713570545,2.3924619125,0.036797370862295106
881040296,48.8717222,2.3960753,1,,,POINT (2.3960753 48.8717222),64,89,6489,48.8713570545,2.3962610465,0.04281479533343198
96137270,48.8710693,2.4002919,3,,,POINT (2.4002919 48.8710693),64,91,6491,48.8713570545,2.4000601804999997,0.036208044918452996
96137274,48.8716199,2.4023512,3,,,POINT (2.4023512 48.8716199),64,92,6492,48.8713570545,2.4019597475,0.04091348495605286
203332899,48.8712096,2.4039617,3,traffic_signals,,POINT (2.4039617 48.8712096),64,93,6493,48.8713570545,2.4038593145,0.018025274372073886
1990027507,48.8714115,2.4078712,1,,,POINT (2.4078712 48.8714115),64,95,6495,48.8713570545,2.4076584485,0.016696595206613353
4511298500,48.8712287,2.4106767,3,,,POINT (2.4106767 48.8712287),64,97,6497,48.8713570545,2.4114575824999998,0.05886909572733862
27117304,48.8725229,2.264432,4,,,POINT (2.264432 48.8725229),65,20,6520,48.8722172755,2.2651909235,0.06508278765841058
27373206,48.8725687,2.2736504,4,,,POINT (2.2736504 48.8725687),65,24,6524,48.8722172755,2.2727891915,0.0741232865802517
27373205,48.8721427,2.2748292,3,,,POINT (2.2748292 48.8721427),65,25,6525,48.8722172755,2.2746887585,0.013201084536184739
34817059,48.8717972,2.276498,4,,,POINT (2.276498 48.8717972),65,26,6526,48.8722172755,2.2765883255,0.04717510674363693
34817359,48.8719512,2.2825386,3,,,POINT (2.2825386 48.8719512),65,29,6529,48.8722172755,2.2822870265,0.03484088054555954
34816998,48.87214,2.2841954,4,,,POINT (2.2841954 48.87214),65,30,6530,48.8722172755,2.2841865935,0.008616749323589044
257936842,48.8722805,2.2854697,3,,,POINT (2.2854697 48.8722805),65,31,6531,48.8722172755,2.2860861605,0.045631114977374425
257936957,48.8721852,2.2875849,3,,,POINT (2.2875849 48.8721852),65,32,6532,48.8722172755,2.2879857274999997,0.029531664391259354
34816758,48.8724886,2.2919918,3,,,POINT (2.2919918 48.8724886),65,34,6534,48.8722172755,2.2917848615,0.03375335117583696
21660043,48.8724227,2.2940558,4,traffic_signals,,POINT (2.2940558 48.8724227),65,35,6535,48.8722172755,2.2936844284999998,0.03548928695536271
21659950,48.872278,2.2952715,5,,,POINT (2.2952715 48.872278),65,36,6536,48.8722172755,2.2955839955,0.023831670503106847
368338,48.8723626,2.2994954,4,,,POINT (2.2994954 48.8723626),65,38,6538,48.8722172755,2.2993831295,0.01812588435351322
21660107,48.8718435,2.3011341,3,,,POINT (2.3011341 48.8718435),65,39,6539,48.8722172755,2.3012826965,0.042959379870612595
32560679,48.8724204,2.304132,3,,,POINT (2.304132 48.8724204),65,40,6540,48.8722172755,2.3031822635,0.07304104894974153
32560722,48.8717902,2.3061228,3,,,POINT (2.3061228 48.8717902),65,42,6542,48.8722172755,2.3069813975,0.07873049650587764
32560721,48.8721542,2.3090607,3,,,POINT (2.3090607 48.8721542),65,43,6543,48.8722172755,2.3088809645,0.014899434072308933
32561279,48.872596,2.3100745,4,traffic_signals,,POINT (2.3100745 48.872596),65,44,6544,48.8722172755,2.3107805315,0.06663207553971895
1757087085,48.8722245,2.3125564,3,,,POINT (2.3125564 48.8722245),65,45,6545,48.8722172755,2.3126800985,0.009082583563039773
32560753,48.8725947,2.3147294,4,,,POINT (2.3147294 48.8725947),65,46,6546,48.8722172755,2.3145796654999997,0.04337297222283467
34909032,48.8719737,2.3182746,3,,,POINT (2.3182746 48.8719737),65,48,6548,48.8722172755,2.3183787995,0.028136109795781235
34909027,48.8721437,2.3217869,3,traffic_signals,,POINT (2.3217869 48.8721437),65,50,6550,48.8722172755,2.3221779335,0.029746372095919155
178764205,48.8726054,2.3239929,3,,,POINT (2.3239929 48.8726054),65,51,6551,48.8722172755,2.3240775005,0.04359876215987217
178764245,48.8720709,2.3259555,3,,,POINT (2.3259555 48.8720709),65,52,6552,48.8722172755,2.3259770674999998,0.01635247013097318
29604239,48.8723065,2.328219,3,,,POINT (2.328219 48.8723065),65,53,6553,48.8722172755,2.3278766345,0.02693360841618315
29604238,48.8721849,2.32987,3,,,POINT (2.32987 48.8721849),65,54,6554,48.8722172755,2.3297762015,0.007747388902054078
398789,48.8722064,2.3328034,4,,,POINT (2.3328034 48.8722064),65,56,6556,48.8722172755,2.3335753355,0.05647032278008757
1519498112,48.8726456,2.3354537,3,,,POINT (2.3354537 48.8726456),65,57,6557,48.8722172755,2.3354749025,0.04765274887885082
1757649347,48.8723662,2.3374249,4,traffic_signals,,POINT (2.3374249 48.8723662),65,58,6558,48.8722172755,2.3373744695,0.016965432575895008
94173259,48.8721203,2.3392101,3,,,POINT (2.3392101 48.8721203),65,59,6559,48.8722172755,2.3392740365,0.011753445147113227
8107850868,48.8719069,2.3404076,3,,,POINT (2.3404076 48.8719069),65,60,6560,48.8722172755,2.3411736034999997,0.06580079331054332
94158482,48.8724279,2.3449412,3,,,POINT (2.3449412 48.8724279),65,62,6562,48.8722172755,2.3449727375,0.023533683354662722
94158484,48.8721683,2.3467084,3,,,POINT (2.3467084 48.8721683),65,63,6563,48.8722172755,2.3468723044999997,0.013166569850555402
94158190,48.8720024,2.3479005,4,,,POINT (2.3479005 48.8720024),65,64,6564,48.8722172755,2.3487718715,0.06806166986403349
94164241,48.8721309,2.350047,4,,,POINT (2.350047 48.8721309),65,65,6565,48.8722172755,2.3506714385,0.04666886094415454
213166708,48.8722546,2.3540348,3,,,POINT (2.3540348 48.8722546),65,67,6567,48.8722172755,2.3544705725,0.032140353100134876
94143079,48.8722683,2.355909,4,,,POINT (2.355909 48.8722683),65,68,6568,48.8722172755,2.3563701394999996,0.03420043200041124
175012899,48.8720347,2.3598727,3,,,POINT (2.3598727 48.8720347),65,70,6570,48.8722172755,2.3601692735,0.029709162349860912
439881550,48.8718063,2.3642649,3,,,POINT (2.3642649 48.8718063),65,72,6572,48.8722172755,2.3639684075,0.050582336407119954
153493424,48.8720468,2.365863,3,,,POINT (2.365863 48.8720468),65,73,6573,48.8722172755,2.3658679745,0.018959501819817124
94146144,48.8720371,2.3695465,3,,,POINT (2.3695465 48.8720371),65,75,6575,48.8722172755,2.3696671085,0.021890533810416835
153492002,48.8722446,2.3715372,3,,,POINT (2.3715372 48.8722446),65,76,6576,48.8722172755,2.3715666755,0.0037254330907618943
393871996,48.8725268,2.3738039,2,,,POINT (2.3738039 48.8725268),65,77,6577,48.8722172755,2.3734662424999997,0.04236067594959561
243635111,48.8725629,2.3762196,3,,,POINT (2.3762196 48.8725629),65,78,6578,48.8722172755,2.3753658095,0.07332274397701394
6018439807,48.8721037,2.3770084,4,traffic_signals,,POINT (2.3770084 48.8721037),65,79,6579,48.8722172755,2.3772653765,0.022643537759959323
96142019,48.8725317,2.3785381,3,,,POINT (2.3785381 48.8725317),65,80,6580,48.8722172755,2.3791649434999997,0.057655756381841575
174986030,48.8723171,2.3819042,1,,,POINT (2.3819042 48.8723171),65,81,6581,48.8722172755,2.3810645105,0.062407724289922355
174986032,48.8725297,2.3829851,3,,,POINT (2.3829851 48.8725297),65,82,6582,48.8722172755,2.3829640775,0.034774026698739004
60912206,48.8718064,2.3893099,3,,,POINT (2.3893099 48.8718064),65,85,6585,48.8722172755,2.3886627784999996,0.06578267114312739
96135609,48.8724417,2.3927016,3,,,POINT (2.3927016 48.8724417),65,87,6587,48.8722172755,2.3924619125,0.030496708001078125
96135607,48.8718698,2.3937762,3,,,POINT (2.3937762 48.8718698),65,88,6588,48.8722172755,2.3943614794999997,0.05766462650741266
1990799928,48.8725709,2.3961562,1,,,POINT (2.3961562 48.8725709),65,89,6589,48.8722172755,2.3962610465,0.04006197241082395
3647346728,48.8723274,2.3979205,3,,,POINT (2.3979205 48.8723274),65,90,6590,48.8722172755,2.3981606135,0.02140899155204411
258590908,48.8725479,2.4022039,1,,,POINT (2.4022039 48.8725479),65,92,6592,48.8722172755,2.4019597475,0.040870937996385186
248579477,48.8724615,2.41355,3,,,POINT (2.41355 48.8724615),65,98,6598,48.8722172755,2.4133571495,0.030600903128799026
176933851,48.8727155,2.2802446,3,,,POINT (2.2802446 48.8727155),66,28,6628,48.8730774965,2.2803874595,0.04158609260398892
291593327,48.8731206,2.2839555,3,,,POINT (2.2839555 48.8731206),66,30,6630,48.8730774965,2.2841865935,0.017567731058185338
27286689,48.8733609,2.2860986,3,,,POINT (2.2860986 48.8733609),66,31,6631,48.8730774965,2.2860861605,0.0315261611602589
34816754,48.8729274,2.2913999,3,,,POINT (2.2913999 48.8729274),66,34,6634,48.8730774965,2.2917848615,0.032729791036793014
34816570,48.8728033,2.2932894,3,,,POINT (2.2932894 48.8728033),66,35,6635,48.8730774965,2.2936844284999998,0.04200335337529315
368325,48.8732951,2.2955389,3,,,POINT (2.2955389 48.8732951),66,36,6636,48.8730774965,2.2955839955,0.02442014574463464
6736481995,48.8731289,2.297083,5,,,POINT (2.297083 48.8731289),66,37,6637,48.8730774965,2.2974835625,0.029847979426289178
32560653,48.8732327,2.3001982,4,,,POINT (2.3001982 48.8732327),66,38,6638,48.8730774965,2.2993831295,0.06205890909743888
32560609,48.8733227,2.3014771,3,crossing,,POINT (2.3014771 48.8733227),66,39,6639,48.8730774965,2.3012826965,0.030749790697086225
32560666,48.8729901,2.302763,3,,,POINT (2.302763 48.8729901),66,40,6640,48.8730774965,2.3031822635,0.03216646319519606
32560718,48.8731936,2.3073549,3,,,POINT (2.3073549 48.8731936),66,42,6642,48.8730774965,2.3069813975,0.030213617666410886
32560728,48.8734934,2.309147,3,,,POINT (2.309147 48.8734934),66,43,6643,48.8730774965,2.3088809645,0.05017260413097264
1757087088,48.87284,2.3107332,4,traffic_signals,,POINT (2.3107332 48.87284),66,44,6644,48.8730774965,2.3107805315,0.02663431880470217
34843156,48.8728718,2.3159826,4,traffic_signals,,POINT (2.3159826 48.8728718),66,47,6647,48.8730774965,2.3164792325,0.04292347899714708
34843158,48.8732325,2.317932,4,,,POINT (2.317932 48.8732325),66,48,6648,48.8730774965,2.3183787995,0.036944038656120066
34843160,48.8733917,2.3195738,4,,,POINT (2.3195738 48.8733917),66,49,6649,48.8730774965,2.3202783664999997,0.06225675052357383
353167649,48.8732288,2.3223518,3,,,POINT (2.3223518 48.8732288),66,50,6650,48.8730774965,2.3221779335,0.02108903537519704
178764043,48.8733219,2.3243018,4,,,POINT (2.3243018 48.8733219),66,51,6651,48.8730774965,2.3240775005,0.031743683551296496
178764319,48.873236,2.3254339,3,,,POINT (2.3254339 48.873236),66,52,6652,48.8730774965,2.3259770674999998,0.04345938633464182
29604246,48.8730723,2.3277036,3,,,POINT (2.3277036 48.8730723),66,53,6653,48.8730774965,2.3278766345,0.012668263745105256
5334838629,48.873401,2.3297046,3,,,POINT (2.3297046 48.873401),66,54,6654,48.8730774965,2.3297762015,0.03635111353032383
281709258,48.8729564,2.3315473,3,,,POINT (2.3315473 48.8729564),66,55,6655,48.8730774965,2.3316757685,0.016419317767754
361106,48.8729517,2.3333015,6,,,POINT (2.3333015 48.8729517),66,56,6656,48.8730774965,2.3335753355,0.024428570492490868
94219427,48.8726771,2.3352317,3,,,POINT (2.3352317 48.8726771),66,57,6657,48.8730774965,2.3354749025,0.047943612580750236
319500628,48.8730174,2.3376604,3,,,POINT (2.3376604 48.8730174),66,58,6658,48.8730774965,2.3373744695,0.021953613477784212
94173212,48.873048,2.3394983,4,,,POINT (2.3394983 48.873048),66,59,6659,48.8730774965,2.3392740365,0.01672649770270923
169318491,48.8732126,2.3409462,3,,,POINT (2.3409462 48.8732126),66,60,6660,48.8730774965,2.3411736034999997,0.022411794997534953
94159195,48.8730775,2.3430485,3,,,POINT (2.3430485 48.8730775),66,61,6661,48.8730774965,2.3430731705,0.0018043056050963144
94159197,48.8730722,2.3450949,4,,,POINT (2.3450949 48.8730722),66,62,6662,48.8730774965,2.3449727375,0.008953886218141818
94158854,48.8730686,2.3468458,3,,,POINT (2.3468458 48.8730686),66,63,6663,48.8730774965,2.3468723044999997,0.002176268991546329
1203631142,48.8734427,2.3479066,3,,,POINT (2.3479066 48.8734427),66,64,6664,48.8730774965,2.3487718715,0.07519132292117456
613742310,48.8733046,2.3503885,3,,,POINT (2.3503885 48.8733046),66,65,6665,48.8730774965,2.3506714385,0.03264814655667512
94161165,48.8733866,2.3526565,3,,,POINT (2.3526565 48.8733866),66,66,6666,48.8730774965,2.3525710054999998,0.034934858568019776
94143078,48.872856,2.3544476,3,,,POINT (2.3544476 48.872856),66,67,6667,48.8730774965,2.3544705725,0.024686526659754224
690886612,48.8731807,2.3588478,3,,,POINT (2.3588478 48.8731807),66,69,6669,48.8730774965,2.3582697065,0.04380921572701304
439900528,48.8731908,2.3602366,3,,,POINT (2.3602366 48.8731908),66,70,6670,48.8730774965,2.3601692735,0.013526819704433942
94199167,48.8731658,2.3614744,4,,,POINT (2.3614744 48.8731658),66,71,6671,48.8730774965,2.3620688404999997,0.04457007139502405
94142442,48.873226,2.3641902,3,,,POINT (2.3641902 48.873226),66,72,6672,48.8730774965,2.3639684075,0.023147256082843595
94151968,48.8732459,2.3747392,3,,,POINT (2.3747392 48.8732459),66,78,6678,48.8730774965,2.3753658095,0.04950585647955474
6407116595,48.8732585,2.3819084,3,,,POINT (2.3819084 48.8732585),66,81,6681,48.8730774965,2.3810645105,0.06491751456682796
94153952,48.87347,2.3830154,3,,,POINT (2.3830154 48.87347),66,82,6682,48.8730774965,2.3829640775,0.0438055059010466
8264222748,48.8728235,2.389372,3,,,POINT (2.389372 48.8728235),66,85,6685,48.8730774965,2.3886627784999996,0.05906062158355542
96135611,48.8733708,2.3909322,3,,,POINT (2.3909322 48.8733708),66,86,6686,48.8730774965,2.3905623455,0.04237154601832879
96134191,48.8727653,2.3942092,3,,,POINT (2.3942092 48.8727653),66,88,6688,48.8730774965,2.3943614794999997,0.03645743687264932
96137428,48.8729661,2.3962049,3,,,POINT (2.3962049 48.8729661),66,89,6689,48.8730774965,2.3962610465,0.013049637227279528
1887844131,48.872731,2.3992547,4,,,POINT (2.3992547 48.872731),66,91,6691,48.8730774965,2.4000601804999997,0.07039062140998223
258590905,48.8734,2.4016478,3,,,POINT (2.4016478 48.8734),66,92,6692,48.8730774965,2.4019597475,0.04250291887099087
2879838277,48.8729144,2.4083915,3,,,POINT (2.4083915 48.8729144),66,95,6695,48.8730774965,2.4076584485,0.05659693875668206
94134793,48.8733437,2.410251,3,,,POINT (2.410251 48.8733437),66,96,6696,48.8730774965,2.4095580154999996,0.05869295035910582
248579476,48.8730816,2.4133683,4,,,POINT (2.4133683 48.8730816),66,98,6698,48.8730774965,2.4133571495,0.0009344768481635045
27373433,48.87412,2.2447253,3,,,POINT (2.2447253 48.87412),67,9,6709,48.8739377175,2.2442956865,0.03739016375158072
592662444,48.8743251,2.248324,3,,,POINT (2.248324 48.8743251),67,11,6711,48.8739377175,2.2480948205,0.04622101829752074
1349129244,48.8737685,2.2544891,3,,,POINT (2.2544891 48.8737685),67,14,6714,48.8739377175,2.2537935215,0.054239473930195035
271447325,48.8741162,2.2557501,3,,,POINT (2.2557501 48.8741162),67,15,6715,48.8739377175,2.2556930885,0.020279607237635788
27373360,48.8738452,2.2641325,3,,,POINT (2.2641325 48.8738452),67,19,6719,48.8739377175,2.2632913565,0.06237125734499366
176935312,48.873893,2.2820603,3,,,POINT (2.2820603 48.873893),67,29,6729,48.8739377175,2.2822870265,0.01731111540034285
27286684,48.8738752,2.2854646,4,,,POINT (2.2854646 48.8738752),67,31,6731,48.8739377175,2.2860861605,0.045986259906167865
27286691,48.8737735,2.2878855,3,,,POINT (2.2878855 48.8737735),67,32,6732,48.8739377175,2.2879857274999997,0.019676486924523316
27286696,48.8738142,2.2902265,3,,,POINT (2.2902265 48.8738142),67,33,6733,48.8739377175,2.2898852945,0.028484068722063785
176932867,48.8741228,2.2912768,3,,,POINT (2.2912768 48.8741228),67,34,6734,48.8739377175,2.2917848615,0.0424757060404655
368313,48.873743,2.2941461,3,,,POINT (2.2941461 48.873743),67,35,6735,48.8739377175,2.2936844284999998,0.04011014847545482
368320,48.8740905,2.2957798,3,,,POINT (2.2957798 48.8740905),67,36,6736,48.8739377175,2.2955839955,0.022218904208683846
661221,48.8739778,2.2972956,4,,,POINT (2.2972956 48.8739778),67,37,6737,48.8739377175,2.2974835625,0.014451088460884507
21660274,48.8742297,2.299561,3,,,POINT (2.299561 48.8742297),67,38,6738,48.8739377175,2.2993831295,0.034976069955563203
32560608,48.8737179,2.3005648,4,,,POINT (2.3005648 48.8737179),67,39,6739,48.8739377175,2.3012826965,0.05791414033763552
32560680,48.8737055,2.3065132,4,,,POINT (2.3065132 48.8737055),67,42,6742,48.8739377175,2.3069813975,0.04288631660247881
32564555,48.8742701,2.3100246,4,,,POINT (2.3100246 48.8742701),67,44,6744,48.8739377175,2.3107805315,0.06650108322392251
15644294,48.8736819,2.3144522,4,traffic_signals,,POINT (2.3144522 48.8736819),67,46,6746,48.8739377175,2.3145796654999997,0.02993419520596547
27415813,48.8739198,2.3158959,4,traffic_signals,,POINT (2.3158959 48.8739198),67,47,6747,48.8739377175,2.3164792325,0.042708467610936794
34843165,48.8741994,2.3175277,4,traffic_signals,,POINT (2.3175277 48.8741994),67,48,6748,48.8739377175,2.3183787995,0.06871032880217393
178763173,48.8738005,2.3206392,4,traffic_signals,,POINT (2.3206392 48.8738005),67,49,6749,48.8739377175,2.3202783664999997,0.03048297840321156
178763174,48.8737376,2.3225214,3,,,POINT (2.3225214 48.8737376),67,50,6750,48.8739377175,2.3221779335,0.03355800855466209
178763478,48.8741867,2.3239231,4,traffic_signals,,POINT (2.3239231 48.8741867),67,51,6751,48.8739377175,2.3240775005,0.02989986685488576
661211,48.8739267,2.3257905,3,traffic_signals,,POINT (2.3257905 48.8739267),67,52,6752,48.8739377175,2.3259770674999998,0.013699484283609465
826086259,48.8736422,2.3283516,1,,,POINT (2.3283516 48.8736422),67,53,6753,48.8739377175,2.3278766345,0.04781650334381669
169320944,48.8742207,2.3297781,3,,,POINT (2.3297781 48.8742207),67,54,6754,48.8739377175,2.3297762015,0.031466524660914624
361108,48.8742709,2.3313143,3,traffic_signals,,POINT (2.3313143 48.8742709),67,55,6755,48.8739377175,2.3316757685,0.04551290859947477
1232773567,48.8742811,2.3338672,3,,,POINT (2.3338672 48.8742811),67,56,6756,48.8739377175,2.3335753355,0.04374381645651466
94219782,48.87424,2.3353006,4,traffic_signals,,POINT (2.3353006 48.87424),67,57,6757,48.8739377175,2.3354749025,0.03594837426306028
94161176,48.8741376,2.3373359,3,,,POINT (2.3373359 48.8741376),67,58,6758,48.8739377175,2.3373744695,0.02240420194576618
94161173,48.8741273,2.3391093,4,,,POINT (2.3391093 48.8741273),67,59,6759,48.8739377175,2.3392740365,0.024280561355806557
94161171,48.8740828,2.3407231,4,traffic_signals,,POINT (2.3407231 48.8740828),67,60,6760,48.8739377175,2.3411736034999997,0.0366850381190898
94171698,48.8740453,2.3423567,4,,,POINT (2.3423567 48.8740453),67,61,6761,48.8739377175,2.3430731705,0.05374712611482978
169317179,48.8740354,2.3448957,4,,,POINT (2.3448957 48.8740354),67,62,6762,48.8739377175,2.3449727375,0.012236095040942826
94158855,48.8740269,2.3469919,3,,,POINT (2.3469919 48.8740269),67,63,6763,48.8739377175,2.3468723044999997,0.013222811353001927
94158188,48.8740226,2.3479115,4,,,POINT (2.3479115 48.8740226),67,64,6764,48.8739377175,2.3487718715,0.06362708240794616
94161169,48.8738168,2.3505169,4,,,POINT (2.3505169 48.8738168),67,65,6765,48.8739377175,2.3506714385,0.017564686028416158
94156558,48.874164,2.3552614,3,,,POINT (2.3552614 48.874164),67,67,6767,48.8739377175,2.3544705725,0.06307307820340598
260688993,48.8738179,2.3567849,3,,,POINT (2.3567849 48.8738179),67,68,6768,48.8739377175,2.3563701394999996,0.03313044518588521
123256923,48.8737642,2.3583134,4,traffic_signals,,POINT (2.3583134 48.8737642),67,69,6769,48.8739377175,2.3582697065,0.01955709769062912
439900533,48.8738944,2.3592605,3,,,POINT (2.3592605 48.8738944),67,70,6770,48.8739377175,2.3601692735,0.06663739531698018
1757697264,48.8742768,2.3626226,3,,,POINT (2.3626226 48.8742768),67,71,6771,48.8739377175,2.3620688404999997,0.05533335711910178
367947,48.8740589,2.3635398,3,,,POINT (2.3635398 48.8740589),67,72,6772,48.8739377175,2.3639684075,0.034119673812226636
17809198,48.8740377,2.3703376,3,,,POINT (2.3703376 48.8740377),67,75,6775,48.8739377175,2.3696671085,0.050280777175022585
123457134,48.8743644,2.374193,3,,,POINT (2.374193 48.8743644),67,77,6777,48.8739377175,2.3734662424999997,0.07124648637011734
6317118771,48.8740695,2.3755231,3,,,POINT (2.3755231 48.8740695),67,78,6778,48.8739377175,2.3753658095,0.01862940765718962
96141927,48.8742123,2.3774044,3,,,POINT (2.3774044 48.8742123),67,79,6779,48.8739377175,2.3772653765,0.03218059890963289
96142236,48.8738234,2.3827956,3,,,POINT (2.3827956 48.8738234),67,82,6782,48.8739377175,2.3829640775,0.017703239780600646
94153948,48.8739244,2.3853197,4,traffic_signals,,POINT (2.3853197 48.8739244),67,83,6783,48.8739377175,2.3848636444999998,0.03338643471045646
3647346703,48.8737892,2.3883151,3,,,POINT (2.3883151 48.8737892),67,85,6785,48.8739377175,2.3886627784999996,0.030319653471246506
96135613,48.873602,2.3903631,3,,,POINT (2.3903631 48.873602),67,86,6786,48.8739377175,2.3905623455,0.04007335586297778
96127745,48.8739203,2.3952367,3,,,POINT (2.3952367 48.8739203),67,88,6788,48.8739377175,2.3943614794999997,0.06403846791056131
96127245,48.8740258,2.3959159,3,,,POINT (2.3959159 48.8740258),67,89,6789,48.8739377175,2.3962610465,0.027075803584173698
33350670,48.8739015,2.4034315,3,,,POINT (2.4034315 48.8739015),67,93,6793,48.8739377175,2.4038593145,0.0315462942194812
327194426,48.873944,2.4123695,3,,,POINT (2.4123695 48.873944),67,97,6797,48.8739377175,2.4114575824999998,0.0666966491571687
94134800,48.874089,2.4130448,4,,,POINT (2.4130448 48.874089),67,98,6798,48.8739377175,2.4133571495,0.028369089781611984
27373432,48.8744469,2.2450293,3,,,POINT (2.2450293 48.8744469),68,9,6809,48.8747979385,2.2442956865,0.06634883950497353
356195067,48.8747452,2.2452832,4,,,POINT (2.2452832 48.8747452),68,10,6810,48.8747979385,2.2461952535,0.0669591181661558
3269038400,48.8745181,2.2488035,3,,,POINT (2.2488035 48.8745181),68,11,6811,48.8747979385,2.2480948205,0.060451907921440486
966263995,48.8745072,2.2492705,3,,,POINT (2.2492705 48.8745072),68,12,6812,48.8747979385,2.2499943875,0.06203109939962027
258143696,48.8750155,2.2581825,3,,,POINT (2.2581825 48.8750155),68,16,6816,48.8747979385,2.2575926555,0.049457798479843926
21663255,48.8749379,2.2711087,4,,,POINT (2.2711087 48.8749379),68,23,6823,48.8747979385,2.2708896245,0.022336164649818607
255028751,48.8747828,2.2763386,3,motorway_junction,,POINT (2.2763386 48.8747828),68,26,6826,48.8747979385,2.2765883255,0.0183407496819013
939747662,48.8748185,2.2788993,3,,,POINT (2.2788993 48.8748185),68,27,6827,48.8747979385,2.2784878925,0.03017446568150638
9407093390,48.8751461,2.2795063,3,,,POINT (2.2795063 48.8751461),68,28,6828,48.8747979385,2.2803874595,0.07517680615589815
176934058,48.874398,2.282836,3,,,POINT (2.282836 48.874398),68,29,6829,48.8747979385,2.2822870265,0.059913195778813995
27286681,48.8748484,2.2842418,3,,,POINT (2.2842418 48.8748484),68,30,6830,48.8747979385,2.2841865935,0.006912671780065125
27286683,48.8748312,2.286165,3,,,POINT (2.286165 48.8748312),68,31,6831,48.8747979385,2.2860861605,0.006850082635825426
27286697,48.875156,2.2873618,3,,,POINT (2.2873618 48.875156),68,32,6832,48.8747979385,2.2879857274999997,0.060558190137441195
176932687,48.8745357,2.2899614,3,,,POINT (2.2899614 48.8745357),68,33,6833,48.8747979385,2.2898852945,0.02968603765740482
299017904,48.8748275,2.2917343,3,,,POINT (2.2917343 48.8748275),68,34,6834,48.8747979385,2.2917848615,0.004947552432715904
21660039,48.8750768,2.2938587,4,,,POINT (2.2938587 48.8750768),68,35,6835,48.8747979385,2.2936844284999998,0.033525094847597456
661218,48.8751368,2.2960232,4,traffic_signals,,POINT (2.2960232 48.8751368),68,36,6836,48.8747979385,2.2955839955,0.04951248123598256
661220,48.874578,2.2969694,4,,,POINT (2.2969694 48.874578),68,37,6837,48.8747979385,2.2974835625,0.04485597072079144
21660278,48.8750193,2.300278,3,,,POINT (2.300278 48.8750193),68,38,6838,48.8747979385,2.2993831295,0.06992073948695543
21660279,48.8749392,2.3010452,3,,,POINT (2.3010452 48.8749392),68,39,6839,48.8747979385,2.3012826965,0.023418118236309692
6284856482,48.8746251,2.3030794,3,,,POINT (2.3030794 48.8746251),68,40,6840,48.8747979385,2.3031822635,0.020638637374056107
270678310,48.8747794,2.3051834,4,,,POINT (2.3051834 48.8747794),68,41,6841,48.8747979385,2.3050818305,0.0077088722905121225
270678168,48.8749503,2.3065696,3,,,POINT (2.3065696 48.8749503),68,42,6842,48.8747979385,2.3069813975,0.03455446817230404
32560682,48.8750141,2.3086572,3,traffic_signals,,POINT (2.3086572 48.8750141),68,43,6843,48.8747979385,2.3088809645,0.029078083707358933
32561134,48.8751798,2.3128296,3,traffic_signals,,POINT (2.3128296 48.8751798),68,45,6845,48.8747979385,2.3126800985,0.04384614238364999
32564429,48.8748836,2.3143833,3,,,POINT (2.3143833 48.8748836),68,46,6846,48.8747979385,2.3145796654999997,0.017232637097898584
5345024591,48.8752113,2.3164147,3,,,POINT (2.3164147 48.8752113),68,47,6847,48.8747979385,2.3164792325,0.046205360476101034
169325939,48.8749339,2.3184761,3,,,POINT (2.3184761 48.8749339),68,48,6848,48.8747979385,2.3183787995,0.016709198430828517
6483877365,48.8746457,2.3200309,4,,,POINT (2.3200309 48.8746457),68,49,6849,48.8747979385,2.3202783664999997,0.024781150091144698
178761212,48.8751301,2.322939,4,traffic_signals,,POINT (2.322939 48.8751301),68,50,6850,48.8747979385,2.3221779335,0.06679922692196315
178764044,48.8750284,2.324578,3,traffic_signals,,POINT (2.324578 48.8750284),68,51,6851,48.8747979385,2.3240775005,0.044682196609504475
178764471,48.8748291,2.3267713,3,,,POINT (2.3267713 48.8748291),68,52,6852,48.8747979385,2.3259770674999998,0.05818835580203049
280075369,48.874697,2.3286564,1,,,POINT (2.3286564 48.874697),68,53,6853,48.8747979385,2.3278766345,0.05812117041326413
169322949,48.8746772,2.3303354,3,,,POINT (2.3303354 48.8746772),68,54,6854,48.8747979385,2.3297762015,0.043043575217646644
169322498,48.874623,2.3313584,4,traffic_signals,,POINT (2.3313584 48.874623),68,55,6855,48.8747979385,2.3316757685,0.030283849214126596
94173781,48.8752075,2.3352039,4,traffic_signals,,POINT (2.3352039 48.8752075),68,57,6857,48.8747979385,2.3354749025,0.04966691790194824
94175166,48.8751492,2.3371452,4,,,POINT (2.3371452 48.8751492),68,58,6858,48.8747979385,2.3373744695,0.04250537607956827
398767,48.8746674,2.3393461,4,,,POINT (2.3393461 48.8746674),68,59,6859,48.8747979385,2.3392740365,0.015442388385792257
94172436,48.8747698,2.3413623,3,,,POINT (2.3413623 48.8747698),68,60,6860,48.8747979385,2.3411736034999997,0.014150320886732735
256619150,48.8749195,2.3472279,1,,,POINT (2.3472279 48.8749195),68,63,6863,48.8747979385,2.3468723044999997,0.029309042396035778
94157217,48.8747743,2.3534685,3,,,POINT (2.3534685 48.8747743),68,66,6866,48.8747979385,2.3525710054999998,0.06568966556697516
906068109,48.8752168,2.3546637,1,,,POINT (2.3546637 48.8752168),68,67,6867,48.8747979385,2.3544705725,0.048669756006850924
663044406,48.8746373,2.3569373,3,,,POINT (2.3569373 48.8746373),68,68,6868,48.8747979385,2.3563701394999996,0.04516115874669381
408490378,48.8749105,2.3590019,4,,,POINT (2.3590019 48.8749105),68,69,6869,48.8747979385,2.3582697065,0.054991239124242204
169314963,48.8747071,2.3608203,3,,,POINT (2.3608203 48.8747071),68,70,6870,48.8747979385,2.3601692735,0.048671620213250395
5851320525,48.8746108,2.3628916,2,,,POINT (2.3628916 48.8746108),68,71,6871,48.8747979385,2.3620688404999997,0.06366803814909038
169310982,48.8745681,2.3662509,3,,,POINT (2.3662509 48.8745681),68,73,6873,48.8747979385,2.3658679745,0.03791335824230108
96146596,48.875217,2.3703124,4,,,POINT (2.3703124 48.875217),68,75,6875,48.8747979385,2.3696671085,0.06632076033530221
96146342,48.874652,2.3725017,3,,,POINT (2.3725017 48.874652),68,76,6876,48.8747979385,2.3715666755,0.07028095508780167
325664798,48.8749539,2.3735303,3,,,POINT (2.3735303 48.8749539),68,77,6877,48.8747979385,2.3734662424999997,0.01796374904295378
806348995,48.8750483,2.376298,2,,,POINT (2.376298 48.8750483),68,78,6878,48.8747979385,2.3753658095,0.07363927804503458
94196587,48.8746465,2.3789183,3,,,POINT (2.3789183 48.8746465),68,80,6880,48.8747979385,2.3791649434999997,0.024676437937324134
94196984,48.8746813,2.3811094,4,,,POINT (2.3811094 48.8746813),68,81,6881,48.8747979385,2.3810645105,0.013378656175714787
96115628,48.8746703,2.3874522,3,,,POINT (2.3874522 48.8746703),68,84,6884,48.8747979385,2.3867632115,0.05234897605272961
96138756,48.875108,2.389291,3,traffic_signals,,POINT (2.389291 48.875108),68,85,6885,48.8747979385,2.3886627784999996,0.05744154864235744
96135127,48.8752147,2.3923814,3,,,POINT (2.3923814 48.8752147),68,87,6887,48.8747979385,2.3924619125,0.04671433842444333
287609934,48.8747839,2.4048043,3,,,POINT (2.4048043 48.8747839),68,93,6893,48.8747979385,2.4038593145,0.06912786816813472
94131404,48.8749266,2.4056824,3,,,POINT (2.4056824 48.8749266),68,94,6894,48.8747979385,2.4057588814999997,0.015361049122882152
1884431131,48.8748851,2.4117205,3,,,POINT (2.4117205 48.8748851),68,97,6897,48.8747979385,2.4114575824999998,0.0215326028063533
248578580,48.8751674,2.4126762,4,,,POINT (2.4126762 48.8751674),68,98,6898,48.8747979385,2.4133571495,0.06455853202632081
356196633,48.8759869,2.246367,3,,,POINT (2.246367 48.8759869),69,10,6910,48.8756581595,2.2461952535,0.03865195267676888
2499653035,48.8758448,2.2622022,4,,,POINT (2.2622022 48.8758448),69,18,6918,48.8756581595,2.2613917895,0.06279570749094769
25075939,48.875504,2.2775043,3,,,POINT (2.2775043 48.875504),69,26,6926,48.8756581595,2.2765883255,0.0691459704611525
271450120,48.8756957,2.2779169,3,,,POINT (2.2779169 48.8756957),69,27,6927,48.8756581595,2.2784878925,0.041966149921873114
9407093395,48.8753328,2.2798546,3,,,POINT (2.2798546 48.8753328),69,28,6928,48.8756581595,2.2803874595,0.05317411368893133
27286671,48.8760115,2.2870294,4,,,POINT (2.2870294 48.8760115),69,31,6931,48.8756581595,2.2860861605,0.07938558937103164
4321361071,48.8759194,2.2891235,4,crossing,,POINT (2.2891235 48.8759194),69,33,6933,48.8756581595,2.2898852945,0.06283005688139592
4061931503,48.875717,2.2935077,2,,,POINT (2.2935077 48.875717),69,35,6935,48.8756581595,2.2936844284999998,0.01448627829579341
27286715,48.8754383,2.2962423,3,,,POINT (2.2962423 48.8754383),69,36,6936,48.8756581595,2.2955839955,0.053995032918088263
27286712,48.8758928,2.2965695,3,,,POINT (2.2965695 48.8758928),69,37,6937,48.8756581595,2.2974835625,0.07175868068172582
270678784,48.8758299,2.3033372,3,,,POINT (2.3033372 48.8758299),69,40,6940,48.8756581595,2.3031822635,0.02220520650435564
2755900483,48.8754241,2.304307,2,,,POINT (2.304307 48.8754241),69,41,6941,48.8756581595,2.3050818305,0.06235643298676794
32565383,48.8754103,2.3088177,3,,,POINT (2.3088177 48.8754103),69,43,6943,48.8756581595,2.3088809645,0.027946368921175257
27235265,48.8755968,2.314793,3,,,POINT (2.314793 48.8755968),69,46,6946,48.8756581595,2.3145796654999997,0.017028317663335832
5345024595,48.8754023,2.3163141,3,,,POINT (2.3163141 48.8754023),69,47,6947,48.8756581595,2.3164792325,0.03090730890888488
169325763,48.8755817,2.3183596,3,,,POINT (2.3183596 48.8755817),69,48,6948,48.8756581595,2.3183787995,0.00861707389470271
178760810,48.8756655,2.3196156,3,,,POINT (2.3196156 48.8756655),69,49,6949,48.8756581595,2.3202783664999997,0.04847656303478754
178760713,48.8757642,2.3229408,3,,,POINT (2.3229408 48.8757642),69,50,6950,48.8756581595,2.3221779335,0.05702259688721838
241094539,48.8756376,2.3239041,3,,,POINT (2.3239041 48.8756376),69,51,6951,48.8756581595,2.3240775005,0.012885612360441485
27415756,48.8755725,2.3265939,4,traffic_signals,,POINT (2.3265939 48.8755725),69,52,6952,48.8756581595,2.3259770674999998,0.046105078594186354
94173692,48.8752609,2.3322934,4,traffic_signals,,POINT (2.3322934 48.8752609),69,55,6955,48.8756581595,2.3316757685,0.0631784593165413
25207350,48.8760607,2.3371321,4,traffic_signals,,POINT (2.3371321 48.8760607),69,58,6958,48.8756581595,2.3373744695,0.048142227892437495
94212490,48.8759456,2.3390528,3,traffic_signals,,POINT (2.3390528 48.8759456),69,59,6959,48.8756581595,2.3392740365,0.03582375041015421
94215152,48.8752974,2.3417093,4,traffic_signals,,POINT (2.3417093 48.8752974),69,60,6960,48.8756581595,2.3411736034999997,0.05607149908645007
367935,48.8756759,2.3431313,3,,,POINT (2.3431313 48.8756759),69,61,6961,48.8756581595,2.3430731705,0.004686536367914346
94157757,48.8759401,2.3455501,4,,,POINT (2.3455501 48.8759401),69,62,6962,48.8756581595,2.3449727375,0.052589847108238524
94157756,48.8758898,2.3463729,3,,,POINT (2.3463729 48.8758898),69,63,6963,48.8756581595,2.3468723044999997,0.044691532078274546
5077513433,48.8757887,2.3482432,4,,,POINT (2.3482432 48.8757887),69,64,6964,48.8756581595,2.3487718715,0.0412979693954079
94157219,48.8753256,2.3509072,4,,,POINT (2.3509072 48.8753256),69,65,6965,48.8756581595,2.3506714385,0.04080101556950277
11444712457,48.8757642,2.3564412,4,,,POINT (2.3564412 48.8757642),69,68,6968,48.8756581595,2.3563701394999996,0.012885593004130357
94201158,48.8754843,2.3578116,4,,,POINT (2.3578116 48.8754843),69,69,6969,48.8756581595,2.3582697065,0.03868014603049722
11542971347,48.8757386,2.3602349,3,,,POINT (2.3602349 48.8757386),69,70,6970,48.8756581595,2.3601692735,0.010150854615323088
169310811,48.8755408,2.3642464,3,,,POINT (2.3642464 48.8755408),69,72,6972,48.8756581595,2.3639684075,0.024158166258220252
94142447,48.8760046,2.3683492,4,traffic_signals,,POINT (2.3683492 48.8760046),69,74,6974,48.8756581595,2.3677675414999997,0.05738860889150141
17809191,48.8753219,2.3691546,3,,,POINT (2.3691546 48.8753219),69,75,6975,48.8756581595,2.3696671085,0.052942145404770054
123457133,48.875278,2.3731574,3,,,POINT (2.3731574 48.875278),69,77,6977,48.8756581595,2.3734662424999997,0.04792759692788437
94197641,48.8753837,2.3764359,2,,,POINT (2.3764359 48.8753837),69,79,6979,48.8756581595,2.3772653765,0.06790602547308719
94196430,48.8752511,2.3786694,3,,,POINT (2.3786694 48.8752511),69,80,6980,48.8756581595,2.3791649434999997,0.05798364574403292
8423094428,48.8756475,2.3811598,1,,,POINT (2.3811598 48.8756475),69,81,6981,48.8756581595,2.3810645105,0.0070688300352735635
235011944,48.8753843,2.3826241,3,,,POINT (2.3826241 48.8753843),69,82,6982,48.8756581595,2.3829640775,0.0393128687240934
235029304,48.875596,2.3874043,3,,,POINT (2.3874043 48.875596),69,84,6984,48.8756581595,2.3867632115,0.04739110108328157
235029303,48.8757298,2.3890522,3,,,POINT (2.3890522 48.8757298),69,85,6985,48.8756581595,2.3886627784999996,0.02957243281773141
96115623,48.8752868,2.3896435,3,traffic_signals,,POINT (2.3896435 48.8752868),69,86,6986,48.8756581595,2.3905623455,0.07887112920593084
96115618,48.8754525,2.3922838,4,traffic_signals,,POINT (2.3922838 48.8754525),69,87,6987,48.8756581595,2.3924619125,0.02631787939186661
3647346711,48.8753053,2.3939587,3,,,POINT (2.3939587 48.8753053),69,88,6988,48.8756581595,2.3943614794999997,0.0490627520093068
96115614,48.8752544,2.3953549,3,traffic_signals,,POINT (2.3953549 48.8752544),69,89,6989,48.8756581595,2.3962610465,0.08004512169935254
96115612,48.8754535,2.3979279,4,traffic_signals,,POINT (2.3979279 48.8754535),69,90,6990,48.8756581595,2.3981606135,0.028417062171195807
203325286,48.8755492,2.3992279,3,traffic_signals,,POINT (2.3992279 48.8755492),69,91,6991,48.8756581595,2.4000601804999997,0.06206085164876727
96115609,48.8759896,2.4025455,4,traffic_signals,,POINT (2.4025455 48.8759896),69,92,6992,48.8756581595,2.4019597475,0.05650921697844645
287609936,48.8756423,2.4038811,2,turning_circle,,POINT (2.4038811 48.8756423),69,93,6993,48.8756581595,2.4038593145,0.00237661238323569
287617535,48.8757019,2.4059732,3,,,POINT (2.4059732 48.8757019),69,94,6994,48.8756581595,2.4057588814999997,0.016410911913896792
2879838346,48.8753913,2.4077586,3,,,POINT (2.4077586 48.8753913),69,95,6995,48.8756581595,2.4076584485,0.030563997199806837
206095243,48.8755251,2.4102128,3,motorway_junction,,POINT (2.4102128 48.8755251),69,96,6996,48.8756581595,2.4095580154999996,0.05011964207107179
1884431128,48.8756678,2.4111869,3,,,POINT (2.4111869 48.8756678),69,97,6997,48.8756581595,2.4114575824999998,0.019824658296994913
1884431125,48.876035,2.4124295,3,,,POINT (2.4124295 48.876035),69,98,6998,48.8756581595,2.4133571495,0.0797385543370893
356195275,48.8761896,2.2462354,4,,,POINT (2.2462354 48.8761896),70,10,7010,48.8765183805,2.2461952535,0.036676425404636497
27373342,48.876709,2.2706465,3,,,POINT (2.2706465 48.876709),70,23,7023,48.8765183805,2.2708896245,0.0276657398482293
315304259,48.8763229,2.2749746,3,,,POINT (2.2749746 48.8763229),70,25,7025,48.8765183805,2.2746887585,0.03015705589947672
27339851,48.8768109,2.2763516,3,traffic_signals,,POINT (2.2763516 48.8768109),70,26,7026,48.8765183805,2.2765883255,0.036846829918697026
568760439,48.8764234,2.2782873,3,,,POINT (2.2782873 48.8764234),70,27,7027,48.8765183805,2.2784878925,0.01807590598784397
11330126892,48.876671,2.2829607,3,,,POINT (2.2829607 48.876671),70,29,7029,48.8765183805,2.2822870265,0.052107381271708594
10683260949,48.8768501,2.283319,4,,,POINT (2.283319 48.8768501),70,30,7030,48.8765183805,2.2841865935,0.07339056792117593
11333186730,48.876817,2.2854843,3,,,POINT (2.2854843 48.876817),70,31,7031,48.8765183805,2.2860861605,0.055134886689906806
3654919264,48.8764288,2.2873132,2,,,POINT (2.2873132 48.8764288),70,32,7032,48.8765183805,2.2879857274999997,0.05018128321920872
27286701,48.8764013,2.2904432,3,,,POINT (2.2904432 48.8764013),70,33,7033,48.8765183805,2.2898852945,0.042827012398466376
5455382788,48.8764263,2.2925032,2,,,POINT (2.2925032 48.8764263),70,34,7034,48.8765183805,2.2917848615,0.053521452105350406
1961533514,48.8762841,2.2940208,3,,,POINT (2.2940208 48.8762841),70,35,7035,48.8765183805,2.2936844284999998,0.03582972415353611
27286711,48.8763148,2.2968738,3,,,POINT (2.2968738 48.8763148),70,37,7037,48.8765183805,2.2974835625,0.050009487956013766
21660332,48.8763501,2.3012108,3,traffic_signals,,POINT (2.3012108 48.8763501),70,39,7039,48.8765183805,2.3012826965,0.019436613127081195
27235305,48.8763928,2.3078886,5,traffic_signals,,POINT (2.3078886 48.8763928),70,42,7042,48.8765183805,2.3069813975,0.06779842648059009
27235306,48.8767126,2.3085902,3,,,POINT (2.3085902 48.8767126),70,43,7043,48.8765183805,2.3088809645,0.03030759062342255
32565441,48.8762835,2.3109239,3,,,POINT (2.3109239 48.8762835),70,44,7044,48.8765183805,2.3107805315,0.028143459253694915
3978880412,48.8764693,2.3126524,3,,,POINT (2.3126524 48.8764693),70,45,7045,48.8765183805,2.3126800985,0.005821295836424988
27235261,48.876553,2.3156962,5,traffic_signals,,POINT (2.3156962 48.876553),70,47,7047,48.8765183805,2.3164792325,0.05739327311687718
27235211,48.8766419,2.3176896,4,traffic_signals,,POINT (2.3176896 48.8766419),70,48,7048,48.8765183805,2.3183787995,0.0522397551521261
178761023,48.8761869,2.3194496,3,,,POINT (2.3194496 48.8761869),70,49,7049,48.8765183805,2.3202783664999997,0.07093667826749489
27235169,48.8768662,2.3216736,3,traffic_signals,,POINT (2.3216736 48.8768662),70,50,7050,48.8765183805,2.3221779335,0.053442701735736925
94173694,48.8764552,2.3317833,3,,,POINT (2.3317833 48.8764552),70,55,7055,48.8765183805,2.3316757685,0.01054497772638866
94174699,48.8769184,2.3342067,3,,,POINT (2.3342067 48.8769184),70,56,7056,48.8765183805,2.3335753355,0.06411205808063018
94174700,48.8768237,2.3354483,4,,,POINT (2.3354483 48.8768237),70,57,7057,48.8765183805,2.3354749025,0.034005675043921706
94174702,48.8767076,2.3370849,4,,,POINT (2.3370849 48.8767076),70,58,7058,48.8765183805,2.3373744695,0.029851907251560315
94212488,48.8767233,2.339342,3,traffic_signals,,POINT (2.339342 48.8767233),70,59,7059,48.8765183805,2.3392740365,0.02332178065948011
94169980,48.8765541,2.3413019,4,traffic_signals,,POINT (2.3413019 48.8765541),70,60,7060,48.8765183805,2.3411736034999997,0.010188525257978868
971476124,48.8765327,2.3443445,4,,,POINT (2.3443445 48.8765327),70,62,7062,48.8765183805,2.3449727375,0.045971292602100707
94169547,48.8765726,2.3465898,5,traffic_signals,,POINT (2.3465898 48.8765726),70,63,7063,48.8765183805,2.3468723044999997,0.021521568328996155
202815231,48.8765239,2.3486204,3,,,POINT (2.3486204 48.8765239),70,64,7064,48.8765183805,2.3487718715,0.011094270089816411
326967463,48.8764613,2.3512086,3,,,POINT (2.3512086 48.8764613),70,65,7065,48.8765183805,2.3506714385,0.03979269765954905
326967742,48.876279,2.3525534,1,,,POINT (2.3525534 48.876279),70,66,7066,48.8765183805,2.3525710054999998,0.026649017582904274
583023059,48.8764638,2.3563103,3,traffic_signals,,POINT (2.3563103 48.8764638),70,68,7068,48.8765183805,2.3563701394999996,0.007482259210408981
663047671,48.8762665,2.3578924,3,,,POINT (2.3578924 48.8762665),70,69,7069,48.8765183805,2.3582697065,0.039316763958446244
9976506698,48.8761021,2.3605956,4,,,POINT (2.3605956 48.8761021),70,70,7070,48.8765183805,2.3601692735,0.055809176934711616
10737439153,48.8763001,2.3681203,1,,,POINT (2.3681203 48.8763001),70,74,7074,48.8765183805,2.3677675414999997,0.03542082856803738
96146088,48.8761314,2.3703055,3,,,POINT (2.3703055 48.8761314),70,75,7075,48.8765183805,2.3696671085,0.06349197198011863
96151437,48.8764327,2.3721293,3,,,POINT (2.3721293 48.8764327),70,76,7076,48.8765183805,2.3715666755,0.04223401586738894
325664816,48.8764981,2.3741146,1,,,POINT (2.3741146 48.8764981),70,77,7077,48.8765183805,2.3734662424999997,0.047468720526945105
94196276,48.8764251,2.3768696,3,,,POINT (2.3768696 48.8764251),70,79,7079,48.8765183805,2.3772653765,0.030746015295469206
7306667874,48.8763067,2.3796385,4,,,POINT (2.3796385 48.8763067),70,80,7080,48.8765183805,2.3791649434999997,0.041873488725662045
21732948,48.876939,2.3830528,3,,,POINT (2.3830528 48.876939),70,82,7082,48.8765183805,2.3829640775,0.047218663110791544
21732951,48.8768266,2.3852973,3,,,POINT (2.3852973 48.8768266),70,83,7083,48.8765183805,2.3848636444999998,0.04669426101945779
627797103,48.8767671,2.3859528,3,,,POINT (2.3859528 48.8767671),70,84,7084,48.8765183805,2.3867632115,0.06540146095129054
96138283,48.8767647,2.3905842,3,,,POINT (2.3905842 48.8767647),70,86,7086,48.8765183805,2.3905623455,0.027436069639920697
96136327,48.8766093,2.3925107,4,,,POINT (2.3925107 48.8766093),70,87,7087,48.8765183805,2.3924619125,0.010720894321422158
724314039,48.8760978,2.3947808,3,,,POINT (2.3947808 48.8760978),70,88,7088,48.8765183805,2.3943614794999997,0.055923799201191456
2055711307,48.8761502,2.3982299,1,,,POINT (2.3982299 48.8761502),70,90,7090,48.8765183805,2.3981606135,0.04125217815262558
287609937,48.876295,2.4036404,3,traffic_signals,,POINT (2.4036404 48.876295),70,93,7093,48.8765183805,2.4038593145,0.02955112506300035
203324662,48.8767881,2.4052522,3,traffic_signals,,POINT (2.4052522 48.8767881),70,94,7094,48.8765183805,2.4057588814999997,0.047670661819025385
2043743361,48.8764732,2.4072596,3,,,POINT (2.4072596 48.8764732),70,95,7095,48.8765183805,2.4076584485,0.029597736407511684
248578575,48.8768057,2.4119691,4,,,POINT (2.4119691 48.8768057),70,97,7097,48.8765183805,2.4114575824999998,0.04919394347980869
27373358,48.8772544,2.2695517,3,,,POINT (2.2695517 48.8772544),71,22,7122,48.8773786015,2.2689900575,0.043332604548451656
1860679670,48.8774136,2.2704665,3,,,POINT (2.2704665 48.8774136),71,23,7123,48.8773786015,2.2708896245,0.03118679206877717
21663173,48.877034,2.2771879,3,,,POINT (2.2771879 48.877034),71,26,7126,48.8773786015,2.2765883255,0.05823074744857404
8521961059,48.8772646,2.2785836,2,,,POINT (2.2785836 48.8772646),71,27,7127,48.8773786015,2.2784878925,0.014480262899150836
938706566,48.8770963,2.2799707,3,,,POINT (2.2799707 48.8770963),71,28,7128,48.8773786015,2.2803874595,0.043752148848400355
6750576079,48.8773777,2.2841025,4,,,POINT (2.2841025 48.8773777),71,30,7130,48.8773786015,2.2841865935,0.006150563649011551
6012712826,48.8769771,2.2855959,2,,,POINT (2.2855959 48.8769771),71,31,7131,48.8773786015,2.2860861605,0.05725901842752573
27286678,48.8775143,2.2893979,1,,,POINT (2.2893979 48.8775143),71,33,7133,48.8773786015,2.2898852945,0.03870535250210735
21292972,48.8771016,2.2921862,4,,,POINT (2.2921862 48.8771016),71,34,7134,48.8773786015,2.2917848615,0.042545610339737215
3397114842,48.877681,2.2932301,3,,,POINT (2.2932301 48.877681),71,35,7135,48.8773786015,2.2936844284999998,0.04727097990025965
27286714,48.8775394,2.2951235,4,,,POINT (2.2951235 48.8775394),71,36,7136,48.8773786015,2.2955839955,0.03812822166729615
5475922892,48.8777835,2.2980862,3,,,POINT (2.2980862 48.8777835),71,37,7137,48.8773786015,2.2974835625,0.06300206073203433
21661080,48.8771461,2.3003255,4,,,POINT (2.3003255 48.8771461),71,38,7138,48.8773786015,2.2993831295,0.07360526964975801
32565381,48.8777509,2.3058498,3,,,POINT (2.3058498 48.8777509),71,41,7141,48.8773786015,2.3050818305,0.06977006209134323
32565382,48.8773515,2.3066924,3,,,POINT (2.3066924 48.8773515),71,42,7142,48.8773786015,2.3069813975,0.021348125114432473
27235293,48.8774286,2.3081805,4,,,POINT (2.3081805 48.8774286),71,43,7143,48.8773786015,2.3088809645,0.0515256669893063
4808482786,48.8773432,2.3109258,3,,,POINT (2.3109258 48.8773432),71,44,7144,48.8773786015,2.3107805315,0.011329337692421946
32565460,48.877612,2.3125549,4,,,POINT (2.3125549 48.877612),71,45,7145,48.8773786015,2.3126800985,0.027520383588584742
260567880,48.8773858,2.3148868,3,,,POINT (2.3148868 48.8773858),71,46,7146,48.8773786015,2.3145796654999997,0.02247496235835515
27235206,48.8777862,2.3163068,4,traffic_signals,,POINT (2.3163068 48.8777862),71,47,7147,48.8773786015,2.3164792325,0.047044382068336325
27235167,48.8770583,2.3218283,3,,,POINT (2.3218283 48.8770583),71,50,7150,48.8773786015,2.3221779335,0.04384350145431889
273443457,48.8775258,2.3304952,3,,,POINT (2.3304952 48.8775258),71,54,7154,48.8773786015,2.3297762015,0.055068854524278316
273444307,48.8777215,2.3315215,3,,,POINT (2.3315215 48.8777215),71,55,7155,48.8773786015,2.3316757685,0.03976257716110228
94216674,48.8777336,2.3342904,3,,,POINT (2.3342904 48.8777336),71,56,7156,48.8773786015,2.3335753355,0.06551864653224383
94175164,48.8776955,2.3373551,3,,,POINT (2.3373551 48.8776955),71,58,7158,48.8773786015,2.3373744695,0.035265964038173135
94214786,48.8773066,2.3393668,3,,,POINT (2.3393668 48.8773066),71,59,7159,48.8773786015,2.3392740365,0.010493761748620944
94214726,48.8775799,2.3407696,3,,,POINT (2.3407696 48.8775799),71,60,7160,48.8773786015,2.3411736034999997,0.03706619069349878
94211139,48.8773123,2.342281,3,,,POINT (2.342281 48.8773123),71,61,7161,48.8773786015,2.3430731705,0.05839858747037187
94170853,48.8773422,2.3446543,3,,,POINT (2.3446543 48.8773422),71,62,7162,48.8773786015,2.3449727375,0.023636454195226354
94169400,48.8774262,2.3468817,3,,,POINT (2.3468817 48.8774262),71,63,7163,48.8773786015,2.3468723044999997,0.005337123930435446
94165420,48.8774234,2.3491,4,traffic_signals,,POINT (2.3491 48.8774234),71,64,7164,48.8773786015,2.3487718715,0.024507575030095496
94164238,48.8771009,2.351403,4,traffic_signals,,POINT (2.351403 48.8771009),71,65,7165,48.8773786015,2.3506714385,0.06177111839605002
327046186,48.8777184,2.3519327,3,,,POINT (2.3519327 48.8777184),71,66,7166,48.8773786015,2.3525710054999998,0.06005458751489415
94168021,48.8773293,2.3551303,4,,,POINT (2.3551303 48.8773293),71,67,7167,48.8773786015,2.3544705725,0.048556269522555325
302576347,48.8775846,2.3581338,1,turning_circle,,POINT (2.3581338 48.8775846),71,69,7169,48.8773786015,2.3582697065,0.02496926346352726
123255453,48.8774244,2.3613867,3,,,POINT (2.3613867 48.8774244),71,71,7171,48.8773786015,2.3620688404999997,0.0501440895618967
11059703725,48.8773683,2.3658302,4,traffic_signals,,POINT (2.3658302 48.8773683),71,73,7173,48.8773786015,2.3658679745,0.002990520306716191
6203500243,48.8775711,2.3699122,3,traffic_signals,,POINT (2.3699122 48.8775711),71,75,7175,48.8773786015,2.3696671085,0.027918073660667484
96151752,48.8770865,2.3742056,3,,,POINT (2.3742056 48.8770865),71,77,7177,48.8773786015,2.3734662424999997,0.06307495721976047
243360192,48.877348,2.3757037,3,,,POINT (2.3757037 48.877348),71,78,7178,48.8773786015,2.3753658095,0.02494308572131563
243360183,48.8774016,2.3779153,3,,,POINT (2.3779153 48.8774016),71,79,7179,48.8773786015,2.3772653765,0.04759755893722001
21732939,48.8777082,2.3812665,3,traffic_signals,,POINT (2.3812665 48.8777082),71,81,7181,48.8773786015,2.3810645105,0.03951447686294864
530229211,48.8771876,2.3823967,3,,,POINT (2.3823967 48.8771876),71,82,7182,48.8773786015,2.3829640775,0.046612040227686294
96143370,48.8775792,2.385473,3,,,POINT (2.385473 48.8775792),71,83,7183,48.8773786015,2.3848636444999998,0.049832806892125735
96143215,48.8771078,2.387875,3,,,POINT (2.387875 48.8771078),71,85,7185,48.8773786015,2.3886627784999996,0.06500510530939786
2365581007,48.8771655,2.392682,3,,,POINT (2.392682 48.8771655),71,87,7187,48.8773786015,2.3924619125,0.02864507588051873
96136609,48.8775088,2.3938077,3,,,POINT (2.3938077 48.8775088),71,88,7188,48.8773786015,2.3943614794999997,0.043007729902881583
416529147,48.8776652,2.3956058,5,,,POINT (2.3956058 48.8776652),71,89,7189,48.8773786015,2.3962610465,0.057547534892549136
2480009593,48.8778035,2.3974309,1,,,POINT (2.3974309 48.8778035),71,90,7190,48.8773786015,2.3981606135,0.07127351403841446
203323463,48.8774303,2.400334,3,,,POINT (2.400334 48.8774303),71,91,7191,48.8773786015,2.4000601804999997,0.020833196522261326
203324085,48.8775458,2.4018402,4,traffic_signals,,POINT (2.4018402 48.8775458),71,92,7192,48.8773786015,2.4019597475,0.020544572208745417
987644729,48.8772702,2.403386,3,,,POINT (2.403386 48.8772702),71,93,7193,48.8773786015,2.4038593145,0.036652197317937056
332434739,48.8770133,2.4060096,3,,,POINT (2.4060096 48.8770133),71,94,7194,48.8773786015,2.4057588814999997,0.0445660516882365
346622671,48.8774427,2.4073825,3,,,POINT (2.4073825 48.8774427),71,95,7195,48.8773786015,2.4076584485,0.02140175800038428
94133087,48.8772386,2.4100259,3,traffic_signals,,POINT (2.4100259 48.8772386),71,96,7196,48.8773786015,2.4095580154999996,0.03759130720092603
27373357,48.8782695,2.2704285,3,,,POINT (2.2704285 48.8782695),72,23,7223,48.8782388225,2.2708896245,0.03389347893598115
3324889618,48.8778957,2.2787842,3,,,POINT (2.2787842 48.8778957),72,27,7227,48.8782388225,2.2784878925,0.043877302485666424
315296243,48.8781282,2.2800893,3,,,POINT (2.2800893 48.8781282),72,28,7228,48.8782388225,2.2803874595,0.02503440232056894
6100508240,48.8781792,2.2845505,3,,,POINT (2.2845505 48.8781792),72,30,7230,48.8782388225,2.2841865935,0.027425377872997772
27286660,48.8781136,2.2880261,3,,,POINT (2.2880261 48.8781136),72,32,7232,48.8782388225,2.2879857274999997,0.014233669439815686
269373034,48.8783894,2.2892063,3,,,POINT (2.2892063 48.8783894),72,33,7233,48.8782388225,2.2898852945,0.052400840756770845
27286710,48.8780354,2.2915913,3,,,POINT (2.2915913 48.8780354),72,34,7234,48.8782388225,2.2917848615,0.02668343287453969
21660972,48.8783838,2.2942523,3,,,POINT (2.2942523 48.8783838),72,35,7235,48.8782388225,2.2936844284999998,0.04454683002104847
21661003,48.8783022,2.2957174,3,,,POINT (2.2957174 48.8783022),72,36,7236,48.8782388225,2.2955839955,0.012034829038643795
273415577,48.8782006,2.2978077,3,,,POINT (2.2978077 48.8782006),72,37,7237,48.8782388225,2.2974835625,0.02408175210317513
21661060,48.8782531,2.2989497,3,traffic_signals,,POINT (2.2989497 48.8782531),72,38,7238,48.8782388225,2.2993831295,0.031735827449200844
27235327,48.8778763,2.3016909,3,,,POINT (2.3016909 48.8778763),72,39,7239,48.8782388225,2.3012826965,0.05016033694710588
981730964,48.8781416,2.3052289,3,,,POINT (2.3052289 48.8781416),72,41,7241,48.8782388225,2.3050818305,0.015249266404031696
27235316,48.8782386,2.3083934,1,,,POINT (2.3083934 48.8782386),72,43,7243,48.8782388225,2.3088809645,0.03565492365066481
27235318,48.8779366,2.3100389,3,,,POINT (2.3100389 48.8779366),72,44,7244,48.8782388225,2.3107805315,0.06380230202390542
27235246,48.8785239,2.3123674,3,,,POINT (2.3123674 48.8785239),72,45,7245,48.8782388225,2.3126800985,0.03908636169345955
27235219,48.8783884,2.3155419,4,traffic_signals,,POINT (2.3155419 48.8783884),72,47,7247,48.8782388225,2.3164792325,0.07053472929806666
27235208,48.8778807,2.3181614,4,,,POINT (2.3181614 48.8778807),72,48,7248,48.8782388225,2.3183787995,0.0428776917470304
27235173,48.878261,2.3198588,3,,,POINT (2.3198588 48.878261),72,49,7249,48.8782388225,2.3202783664999997,0.030781250104602944
661214,48.8780545,2.3226225,4,traffic_signals,,POINT (2.3226225 48.8780545),72,50,7250,48.8782388225,2.3221779335,0.03843193121229644
367928,48.8778593,2.3269497,5,traffic_signals,,POINT (2.3269497 48.8778593),72,53,7253,48.8782388225,2.3278766345,0.07984874591819714
94218952,48.878145,2.3301261,3,,,POINT (2.3301261 48.878145),72,54,7254,48.8782388225,2.3297762015,0.027632678466608968
94209968,48.8778564,2.3319307,3,,,POINT (2.3319307 48.8778564),72,55,7255,48.8782388225,2.3316757685,0.04643058536542573
94219784,48.8782677,2.3356713,3,,,POINT (2.3356713 48.8782677),72,57,7257,48.8782388225,2.3354749025,0.014716847174891681
1233137081,48.878325,2.3375301,3,,,POINT (2.3375301 48.878325),72,58,7258,48.8782388225,2.3373744695,0.014877910617390194
94212484,48.878438,2.3396892,3,,,POINT (2.3396892 48.878438),72,59,7259,48.8782388225,2.3392740365,0.037580034120695216
94214157,48.8782002,2.3410555,3,,,POINT (2.3410555 48.8782002),72,60,7260,48.8782388225,2.3411736034999997,0.009645581089221507
94171402,48.8783464,2.3450231,5,traffic_signals,,POINT (2.3450231 48.8783464),72,62,7262,48.8782388225,2.3449727375,0.012516197006904536
247114746,48.8783315,2.3463528,1,,,POINT (2.3463528 48.8783315),72,63,7263,48.8782388225,2.3468723044999997,0.03936349596195382
94165798,48.8785497,2.3505446,3,,,POINT (2.3505446 48.8785497),72,65,7265,48.8782388225,2.3506714385,0.035790801607492415
665071041,48.8785884,2.352232,1,,,POINT (2.352232 48.8785884),72,66,7266,48.8782388225,2.3525710054999998,0.04610382966704487
94181022,48.8782363,2.3543147,3,,,POINT (2.3543147 48.8782363),72,67,7267,48.8782388225,2.3544705725,0.011402190292627335
94163101,48.878044,2.3564686,3,,,POINT (2.3564686 48.878044),72,68,7268,48.8782388225,2.3563701394999996,0.02282852715683703
1757697270,48.877835,2.3616087,3,,,POINT (2.3616087 48.877835),72,71,7271,48.8782388225,2.3620688404999997,0.056112158045335446
94110195,48.8785897,2.3641941,3,,,POINT (2.3641941 48.8785897),72,72,7272,48.8782388225,2.3639684075,0.042363093692022125
94110199,48.8781006,2.3649225,3,,,POINT (2.3649225 48.8781006),72,73,7273,48.8782388225,2.3658679745,0.07082901805082403
123455097,48.8783808,2.3700173,3,,,POINT (2.3700173 48.8783808),72,75,7275,48.8782388225,2.3696671085,0.030084130902588838
17809184,48.8780281,2.3706681,3,traffic_signals,,POINT (2.3706681 48.8780281),72,76,7276,48.8782388225,2.3715666755,0.06976427689107606
1747138953,48.878283,2.3731145,3,,,POINT (2.3731145 48.878283),72,77,7277,48.8782388225,2.3734662424999997,0.026187290780081772
243360178,48.8785173,2.3752132,3,,,POINT (2.3752132 48.8785173),72,78,7278,48.8782388225,2.3753658095,0.032914988847651476
987604383,48.8786618,2.3783691,3,traffic_signals,,POINT (2.3783691 48.8786618),72,80,7280,48.8782388225,2.3791649434999997,0.07482770492431598
21732941,48.878363,2.3817754,3,,,POINT (2.3817754 48.878363),72,81,7281,48.8782388225,2.3810645105,0.05378878570799926
21733264,48.8782147,2.3829538,3,,,POINT (2.3829538 48.8782147),72,82,7282,48.8782388225,2.3829640775,0.0027856063913676062
21732953,48.8779302,2.3855458,3,,,POINT (2.3855458 48.8779302),72,83,7283,48.8782388225,2.3848636444999998,0.0605492452643575
1277048061,48.8780593,2.3963643,3,,,POINT (2.3963643 48.8780593),72,89,7289,48.8782388225,2.3962610465,0.021342344148848502
96136832,48.8782561,2.3979173,4,traffic_signals,,POINT (2.3979173 48.8782561),72,90,7290,48.8782388225,2.3981606135,0.01789659145604351
203323460,48.8785424,2.4001032,4,,,POINT (2.4001032 48.8785424),72,91,7291,48.8782388225,2.4000601804999997,0.03390255558025538
203325570,48.8780086,2.401738,3,,,POINT (2.401738 48.8780086),72,92,7292,48.8782388225,2.4019597475,0.0303034795184759
2879838412,48.8783612,2.4034208,3,,,POINT (2.4034208 48.8783612),72,93,7293,48.8782388225,2.4038593145,0.03483564809025246
94132143,48.8781628,2.409422,4,,,POINT (2.409422 48.8781628),72,96,7296,48.8782388225,2.4095580154999996,0.01305350717526022
327203983,48.8783723,2.4107353,4,traffic_signals,,POINT (2.4107353 48.8783723),72,97,7297,48.8782388225,2.4114575824999998,0.05486510235757908
8888036340,48.8791799,2.2806012,3,,,POINT (2.2806012 48.8791799),73,28,7328,48.8790990435,2.2803874595,0.01803164555993
8894513383,48.879436,2.2824139,3,,,POINT (2.2824139 48.879436),73,29,7329,48.8790990435,2.2822870265,0.03859947295996958
27235964,48.8793298,2.2864588,3,,,POINT (2.2864588 48.8793298),73,31,7331,48.8790990435,2.2860861605,0.037429247415327625
27235957,48.8790609,2.2875722,3,,,POINT (2.2875722 48.8790609),73,32,7332,48.8790990435,2.2879857274999997,0.03053617297479321
21660986,48.8794865,2.2905706,3,,,POINT (2.2905706 48.8794865),73,33,7333,48.8790990435,2.2898852945,0.06608792127863197
2698142490,48.8792063,2.2917815,3,,,POINT (2.2917815 48.8792063),73,34,7334,48.8790990435,2.2917848615,0.01192891167970411
27235938,48.8794764,2.2936152,3,,,POINT (2.2936152 48.8794764),73,35,7335,48.8790990435,2.2936844284999998,0.04226441828369577
269903614,48.8792221,2.2958246,3,,,POINT (2.2958246 48.8792221),73,36,7336,48.8790990435,2.2955839955,0.022289162137125097
27235500,48.8794609,2.2977775,3,,,POINT (2.2977775 48.8794609),73,37,7337,48.8790990435,2.2974835625,0.04561809624132668
27235433,48.8788572,2.3017712,3,,,POINT (2.3017712 48.8788572),73,39,7339,48.8790990435,2.3012826965,0.044713576776519375
31960431,48.8791465,2.3031146,4,,,POINT (2.3031146 48.8791465),73,40,7340,48.8790990435,2.3031822635,0.007233886139267788
32565515,48.8789994,2.313358,3,,,POINT (2.313358 48.8789994),73,45,7345,48.8790990435,2.3126800985,0.0507963041551966
21292440,48.8790076,2.3148101,3,,,POINT (2.3148101 48.8790076),73,46,7346,48.8790990435,2.3145796654999997,0.01968116427327471
27234946,48.87937,2.3172162,3,,,POINT (2.3172162 48.87937),73,47,7347,48.8790990435,2.3164792325,0.06174252949953649
27235177,48.8793152,2.318468,3,,,POINT (2.318468 48.8793152),73,48,7348,48.8790990435,2.3183787995,0.024904916311637465
27235170,48.8787659,2.3222401,3,traffic_signals,,POINT (2.3222401 48.8787659),73,50,7350,48.8790990435,2.3221779335,0.03732177636139554
27235149,48.8790467,2.3235464,3,traffic_signals,,POINT (2.3235464 48.8790467),73,51,7351,48.8790990435,2.3240775005,0.039271695744649844
158754129,48.8793958,2.3255132,3,,,POINT (2.3255132 48.8793958),73,52,7352,48.8790990435,2.3259770674999998,0.047323468718189717
94218636,48.8787234,2.326981,3,,,POINT (2.326981 48.8787234),73,53,7353,48.8790990435,2.3278766345,0.07768127799961022
94218701,48.8789831,2.3295871,3,,,POINT (2.3295871 48.8789831),73,54,7354,48.8790990435,2.3297762015,0.01890607812789391
94209855,48.8795151,2.3337825,4,,,POINT (2.3337825 48.8795151),73,56,7356,48.8790990435,2.3335753355,0.048680609585546125
94216327,48.8793032,2.334793,4,,,POINT (2.334793 48.8793032),73,57,7357,48.8790990435,2.3354749025,0.054789811279876165
94220218,48.8791179,2.3369039,3,,,POINT (2.3369039 48.8791179),73,58,7358,48.8790990435,2.3373744695,0.03447531583294572
94220177,48.878916,2.3398288,3,,,POINT (2.3398288 48.878916),73,59,7359,48.8790990435,2.3392740365,0.04538794275166676
94214158,48.8787777,2.3413374,3,,,POINT (2.3413374 48.8787777),73,60,7360,48.8790990435,2.3411736034999997,0.03768597462689462
94211142,48.8792364,2.3432076,4,,,POINT (2.3432076 48.8792364),73,61,7361,48.8790990435,2.3430731705,0.018163508551760327
94211772,48.8787586,2.3453181,4,traffic_signals,,POINT (2.3453181 48.8787586),73,62,7362,48.8790990435,2.3449727375,0.045507005828475
94207230,48.8790148,2.3472831,3,,,POINT (2.3472831 48.8790148),73,63,7363,48.8790990435,2.3468723044999997,0.03146705491703569
470195,48.879398,2.3485666,5,traffic_signals,,POINT (2.3485666 48.879398),73,64,7364,48.8790990435,2.3487718715,0.036474482107570746
94166338,48.8794977,2.3508043,4,traffic_signals,,POINT (2.3508043 48.8794977),73,65,7365,48.8790990435,2.3506714385,0.04538082458228384
94166342,48.879509,2.3520644,3,crossing,,POINT (2.3520644 48.879509),73,66,7366,48.8790990435,2.3525710054999998,0.05874051398813583
11021749522,48.8787686,2.3550225,2,,,POINT (2.3550225 48.8787686),73,67,7367,48.8790990435,2.3544705725,0.05458127913840522
94181306,48.8789543,2.3557548,4,,,POINT (2.3557548 48.8789543),73,68,7368,48.8790990435,2.3563701394999996,0.04778995777080648
11071194275,48.8792613,2.35867,3,,,POINT (2.35867 48.8792613),73,69,7369,48.8790990435,2.3582697065,0.03438587273992093
94112321,48.8789074,2.3624824,3,traffic_signals,,POINT (2.3624824 48.8789074),73,71,7371,48.8790990435,2.3620688404999997,0.0369962155965966
94110580,48.8792157,2.3648937,3,,,POINT (2.3648937 48.8792157),73,72,7372,48.8790990435,2.3639684075,0.06889626205749784
94110994,48.8786913,2.3662531,3,,,POINT (2.3662531 48.8786913),73,73,7373,48.8790990435,2.3658679745,0.053374136934378605
174996906,48.8795072,2.3680526,3,traffic_signals,,POINT (2.3680526 48.8795072),73,74,7374,48.8790990435,2.3677675414999997,0.04994323240578796
6355258071,48.8788351,2.3780728,3,traffic_signals,,POINT (2.3780728 48.8788351),73,79,7379,48.8790990435,2.3772653765,0.06593689759974043
987604401,48.8790995,2.3786215,3,traffic_signals,,POINT (2.3786215 48.8790995),73,80,7380,48.8790990435,2.3791649434999997,0.03974061746807572
21732945,48.8793238,2.3844871,3,,,POINT (2.3844871 48.8793238),73,83,7383,48.8790990435,2.3848636444999998,0.037186028626456376
96143575,48.8791997,2.3882962,3,,,POINT (2.3882962 48.8791997),73,85,7385,48.8790990435,2.3886627784999996,0.02904963281135236
96145094,48.8794817,2.3913436,4,,,POINT (2.3913436 48.8794817),73,86,7386,48.8790990435,2.3905623455,0.07123476233198103
96145095,48.8791814,2.3923896,3,,,POINT (2.3923896 48.8791814),73,87,7387,48.8790990435,2.3924619125,0.010574744612378515
258146661,48.8792989,2.396417,3,,,POINT (2.396417 48.8792989),73,89,7389,48.8790990435,2.3962610465,0.024978477838738876
203323105,48.8789835,2.3981125,4,,,POINT (2.3981125 48.8789835),73,90,7390,48.8790990435,2.3981606135,0.013320905891599694
1673531287,48.878874,2.4018693,3,,,POINT (2.4018693 48.878874),73,92,7392,48.8790990435,2.4019597475,0.025883063828246695
7626541811,48.8795868,2.280854,3,,,POINT (2.280854 48.8795868),74,28,7428,48.8799592645,2.2803874595,0.05365843965904094
27324025,48.8796238,2.2821868,3,,,POINT (2.2821868 48.8796238),74,29,7429,48.8799592645,2.2822870265,0.03801516331180075
27286653,48.8801461,2.2850998,3,,,POINT (2.2850998 48.8801461),74,30,7430,48.8799592645,2.2841865935,0.06993608298625166
27235960,48.8803516,2.2868241,3,,,POINT (2.2868241 48.8803516),74,31,7431,48.8799592645,2.2860861605,0.06939125545257549
367905,48.8801036,2.2879169,4,,,POINT (2.2879169 48.8801036),74,32,7432,48.8799592645,2.2879857274999997,0.016820057498043373
21292975,48.8797392,2.2894924,3,,,POINT (2.2894924 48.8797392),74,33,7433,48.8799592645,2.2898852945,0.03773921698652949
27235712,48.8796885,2.2912348,4,,,POINT (2.2912348 48.8796885),74,34,7434,48.8799592645,2.2917848615,0.05024377373401528
27235707,48.8799301,2.2943888,3,,,POINT (2.2943888 48.8799301),74,35,7435,48.8799592645,2.2936844284999998,0.0516099402732111
27235497,48.8801324,2.295656,4,,,POINT (2.295656 48.8801324),74,36,7436,48.8799592645,2.2955839955,0.019958853017631055
27235445,48.8797212,2.2993531,4,traffic_signals,,POINT (2.2993531 48.8797212),74,38,7438,48.8799592645,2.2993831295,0.026562490641281848
31960801,48.8800811,2.3022239,3,,,POINT (2.3022239 48.8800811),74,39,7439,48.8799592645,2.3012826965,0.07014709722664603
34843155,48.8803785,2.3028313,4,,,POINT (2.3028313 48.8803785),74,40,7440,48.8799592645,2.3031822635,0.05321463516287164
31960812,48.8800559,2.3046232,3,,,POINT (2.3046232 48.8800559),74,41,7441,48.8799592645,2.3050818305,0.035217167558652784
277519550,48.8803677,2.3088528,3,traffic_signals,,POINT (2.3088528 48.8803677),74,43,7443,48.8799592645,2.3088809645,0.045462630401148445
9934686116,48.8797418,2.3121792,3,,,POINT (2.3121792 48.8797418),74,45,7445,48.8799592645,2.3126800985,0.04389065512300624
259691354,48.8799918,2.3154308,4,,,POINT (2.3154308 48.8799918),74,46,7446,48.8799592645,2.3145796654999997,0.062345178595557306
27234874,48.8803774,2.3191845,3,,,POINT (2.3191845 48.8803774),74,48,7448,48.8799592645,2.3183787995,0.07505340103945211
27234943,48.8801268,2.3199358,3,,,POINT (2.3199358 48.8801268),74,49,7449,48.8799592645,2.3202783664999997,0.031218124180643812
27234933,48.8800082,2.3215751,3,,,POINT (2.3215751 48.8800082),74,50,7450,48.8799592645,2.3221779335,0.04441739873073671
158803655,48.8799232,2.324123,3,,,POINT (2.324123 48.8799232),74,51,7451,48.8799592645,2.3240775005,0.005210747795126786
819175761,48.8796621,2.3268863,2,,,POINT (2.3268863 48.8796621),74,52,7452,48.8799592645,2.3259770674999998,0.07424698898676349
27235135,48.8796403,2.3270201,4,traffic_signals,,POINT (2.3270201 48.8796403),74,53,7453,48.8799592645,2.3278766345,0.07197983053045631
94217728,48.8798785,2.3291229,3,,,POINT (2.3291229 48.8798785),74,54,7454,48.8799592645,2.3297762015,0.048610200118502755
5077257002,48.8800557,2.3314011,3,,,POINT (2.3314011 48.8800557),74,55,7455,48.8799592645,2.3316757685,0.022768610538799628
94216326,48.8797328,2.3328438,3,,,POINT (2.3328438 48.8797328),74,56,7456,48.8799592645,2.3335753355,0.059125079929553966
94216677,48.8802489,2.3353167,4,,,POINT (2.3353167 48.8802489),74,57,7457,48.8799592645,2.3354749025,0.03422076981356019
94209095,48.8800189,2.337325,3,,,POINT (2.337325 48.8800189),74,58,7458,48.8799592645,2.3373744695,0.007553722473831792
299270134,48.8797579,2.3401748,3,,,POINT (2.3401748 48.8797579),74,59,7459,48.8799592645,2.3392740365,0.06957103221241151
299270133,48.8796302,2.3406872,1,,,POINT (2.3406872 48.8796302),74,60,7460,48.8799592645,2.3411736034999997,0.05102937742241823
94208279,48.8802409,2.3429271,3,,,POINT (2.3429271 48.8802409),74,61,7461,48.8799592645,2.3430731705,0.03308798173229514
94179673,48.8797739,2.3455701,3,,,POINT (2.3455701 48.8797739),74,62,7462,48.8799592645,2.3449727375,0.04830145694201011
94206882,48.8799696,2.3475398,3,,,POINT (2.3475398 48.8799696),74,63,7463,48.8799592645,2.3468723044999997,0.04882486288407943
94165414,48.8796827,2.3495234,5,,,POINT (2.3495234 48.8796827),74,64,7464,48.8799592645,2.3487718715,0.06297568684359547
94166145,48.8801114,2.3509646,4,traffic_signals,,POINT (2.3509646 48.8801114),74,65,7465,48.8799592645,2.3506714385,0.027308434315872557
4700937589,48.8801662,2.353654,3,,,POINT (2.353654 48.8801662),74,67,7467,48.8799592645,2.3544705725,0.06399271175942431
94181307,48.8797605,2.356037,1,,,POINT (2.356037 48.8797605),74,68,7468,48.8799592645,2.3563701394999996,0.03289302196587737
94201521,48.8797433,2.3586957,4,traffic_signals,,POINT (2.3586957 48.8797433),74,69,7469,48.8799592645,2.3582697065,0.039332985855486266
94112319,48.8802301,2.3622836,3,,,POINT (2.3622836 48.8802301),74,71,7471,48.8799592645,2.3620688404999997,0.03396433565990035
94110581,48.8798192,2.3655286,3,,,POINT (2.3655286 48.8798192),74,73,7473,48.8799592645,2.3658679745,0.029299413748428885
260800258,48.8796421,2.3677829,3,traffic_signals,,POINT (2.3677829 48.8796421),74,74,7474,48.8799592645,2.3677675414999997,0.03528496199545232
94196265,48.8796451,2.3743683,3,traffic_signals,,POINT (2.3743683 48.8796451),74,77,7477,48.8799592645,2.3734662424999997,0.07464327511721373
94193348,48.8801511,2.3757009,5,traffic_signals,,POINT (2.3757009 48.8801511),74,78,7478,48.8799592645,2.3753658095,0.032487753922127965
96143576,48.8795312,2.3883324,3,,,POINT (2.3883324 48.8795312),74,85,7485,48.8799592645,2.3886627784999996,0.05337886357868624
6210751803,48.8800652,2.3905714,3,crossing,,POINT (2.3905714 48.8800652),74,86,7486,48.8799592645,2.3905623455,0.011798084187773972
96144808,48.8801413,2.3919702,4,,,POINT (2.3919702 48.8801413),74,87,7487,48.8799592645,2.3924619125,0.04126278613440207
96145097,48.8795721,2.396496,3,,,POINT (2.396496 48.8795721),74,89,7489,48.8799592645,2.3962610465,0.04635258595458336
96136833,48.8801328,2.3985928,5,,,POINT (2.3985928 48.8801328),74,90,7490,48.8799592645,2.3981606135,0.03702920923226508
1319529584,48.8799931,2.3999964,1,,,POINT (2.3999964 48.8799931),74,91,7491,48.8799592645,2.4000601804999997,0.005992347634324757
476509519,48.8799552,2.401377,3,,,POINT (2.401377 48.8799552),74,92,7492,48.8799592645,2.4019597475,0.04261644816388186
268669073,48.879794,2.4083565,3,,,POINT (2.4083565 48.879794),74,95,7495,48.8799592645,2.4076584485,0.05425291574747937
315275265,48.8806273,2.2810489,3,,,POINT (2.2810489 48.8806273),75,28,7528,48.8808194855,2.2803874595,0.05287840232630125
315296216,48.8807509,2.2819018,3,motorway_junction,,POINT (2.2819018 48.8807509),75,29,7529,48.8808194855,2.2822870265,0.029183732820645583
319673158,48.880856,2.2841568,5,,,POINT (2.2841568 48.880856),75,30,7530,48.8808194855,2.2841865935,0.004607812340655547
319672907,48.8805947,2.2857842,3,,,POINT (2.2857842 48.8805947),75,31,7531,48.8808194855,2.2860861605,0.03335138486462124
27235714,48.8808492,2.2899684,4,,,POINT (2.2899684 48.8808492),75,33,7533,48.8808194855,2.2898852945,0.006917219235859765
27235720,48.8809041,2.2921325,3,,,POINT (2.2921325 48.8809041),75,34,7534,48.8808194855,2.2917848615,0.027106278106601
27235709,48.8807218,2.2934369,3,,,POINT (2.2934369 48.8807218),75,35,7535,48.8808194855,2.2936844284999998,0.021109570993559687
21660975,48.880555,2.2951726,3,,,POINT (2.2951726 48.880555),75,36,7536,48.8808194855,2.2955839955,0.042070428918805525
27235499,48.8808965,2.2975418,4,,,POINT (2.2975418 48.8808965),75,37,7537,48.8808194855,2.2974835625,0.009564064443937011
235388731,48.8804809,2.29965,4,,,POINT (2.29965 48.8804809),75,38,7538,48.8808194855,2.2993831295,0.0424061182313459
27234197,48.8812385,2.3010147,4,,,POINT (2.3010147 48.8812385),75,39,7539,48.8808194855,2.3012826965,0.05054590224193864
281722286,48.8808104,2.3037084,3,,,POINT (2.3037084 48.8808104),75,40,7540,48.8808194855,2.3031822635,0.03848691192412992
27252303,48.8812045,2.3068756,3,,,POINT (2.3068756 48.8812045),75,42,7542,48.8808194855,2.3069813975,0.043505056793942745
27252314,48.8807108,2.3090708,4,,,POINT (2.3090708 48.8807108),75,43,7543,48.8808194855,2.3088809645,0.018405315696574696
277518683,48.8808474,2.3125429,4,,,POINT (2.3125429 48.8808474),75,45,7545,48.8808194855,2.3126800985,0.01050180375018363
27234859,48.8811833,2.315337,3,,,POINT (2.315337 48.8811833),75,46,7546,48.8808194855,2.3145796654999997,0.06858185298177606
7834795145,48.881062,2.3167563,3,,,POINT (2.3167563 48.881062),75,47,7547,48.8808194855,2.3164792325,0.03372939799389902
27234873,48.8806708,2.3182981,3,,,POINT (2.3182981 48.8806708),75,48,7548,48.8808194855,2.3183787995,0.01755465875316761
1993107662,48.8809061,2.3210902,3,,,POINT (2.3210902 48.8809061),75,49,7549,48.8808194855,2.3202783664999997,0.06014131759047021
27234928,48.880461,2.3213323,3,,,POINT (2.3213323 48.880461),75,50,7550,48.8808194855,2.3221779335,0.07357159443317922
27235064,48.8806917,2.3247546,5,traffic_signals,,POINT (2.3247546 48.8806917),75,51,7551,48.8808194855,2.3240775005,0.05151137072306261
27235132,48.8805324,2.3251709,1,,,POINT (2.3251709 48.8805324),75,52,7552,48.8808194855,2.3259770674999998,0.06703929983693972
272685961,48.8809372,2.328628,3,,,POINT (2.328628 48.8809372),75,53,7553,48.8808194855,2.3278766345,0.056481037566032156
332411808,48.8805577,2.3300881,1,,,POINT (2.3300881 48.8805577),75,54,7554,48.8808194855,2.3297762015,0.036980166201857574
94176330,48.8806481,2.3314538,3,,,POINT (2.3314538 48.8806481),75,55,7555,48.8808194855,2.3316757685,0.025032706561568644
981836433,48.8809231,2.3328604,3,,,POINT (2.3328604 48.8809231),75,56,7556,48.8808194855,2.3335753355,0.05353398718079219
94216678,48.8809098,2.3357285,3,,,POINT (2.3357285 48.8809098),75,57,7557,48.8808194855,2.3354749025,0.021088898830052088
94209002,48.8809008,2.3377552,4,,,POINT (2.3377552 48.8809008),75,58,7558,48.8808194855,2.3373744695,0.02927226413342533
94213173,48.8808512,2.3407368,4,,,POINT (2.3407368 48.8808512),75,60,7560,48.8808194855,2.3411736034999997,0.03213525831215148
299271453,48.8811236,2.3425309,4,,,POINT (2.3425309 48.8811236),75,61,7561,48.8808194855,2.3430731705,0.05211436575582968
94179906,48.8808844,2.3464352,3,,,POINT (2.3464352 48.8808844),75,63,7563,48.8808194855,2.3468723044999997,0.03276807067487077
1236518790,48.8805612,2.3490004,3,,,POINT (2.3490004 48.8805612),75,64,7564,48.8808194855,2.3487718715,0.03322804791405691
5431407637,48.8808081,2.3511663,4,,,POINT (2.3511663 48.8808081),75,65,7565,48.8808194855,2.3506714385,0.036208810750283454
6267518871,48.8805662,2.3522884,3,,,POINT (2.3522884 48.8805662),75,66,7566,48.8808194855,2.3525710054999998,0.0349324879576294
94202286,48.8806867,2.3602953,3,,,POINT (2.3602953 48.8806867),75,70,7570,48.8808194855,2.3601692735,0.017405061361420684
94112317,48.8806139,2.3620006,4,traffic_signals,,POINT (2.3620006 48.8806139),75,71,7571,48.8808194855,2.3620688404999997,0.023398365531834688
94110611,48.8804019,2.3642915,3,,,POINT (2.3642915 48.8804019),75,72,7572,48.8808194855,2.3639684075,0.05209852457927114
123255468,48.8811111,2.3651516,4,traffic_signals,,POINT (2.3651516 48.8811111),75,73,7573,48.8808194855,2.3658679745,0.06160841676455033
246286541,48.8807311,2.3704177,3,,,POINT (2.3704177 48.8807311),75,75,7575,48.8808194855,2.3696671085,0.05575988831674195
326320298,48.8811164,2.3718128,3,,,POINT (2.3718128 48.8811164),75,76,7576,48.8808194855,2.3715666755,0.03760232858821785
246286542,48.8806736,2.3728116,3,,,POINT (2.3728116 48.8806736),75,77,7577,48.8808194855,2.3734662424999997,0.05054451582295306
332434730,48.8804083,2.3796165,3,traffic_signals,,POINT (2.3796165 48.8804083),75,80,7580,48.8808194855,2.3791649434999997,0.05639864149616937
258048194,48.8806553,2.3882544,3,,,POINT (2.3882544 48.8806553),75,85,7585,48.8808194855,2.3886627784999996,0.03500116809521279
203317232,48.8811579,2.3937114,3,,,POINT (2.3937114 48.8811579),75,88,7588,48.8808194855,2.3943614794999997,0.06062806446482835
333564064,48.8807687,2.3968472,1,,,POINT (2.3968472 48.8807687),75,89,7589,48.8808194855,2.3962610465,0.043232801485603156
442349,48.8806977,2.4000569,3,traffic_signals,,POINT (2.4000569 48.8806977),75,91,7591,48.8808194855,2.4000601804999997,0.013544054285907577
248581860,48.8810834,2.4017172,3,,,POINT (2.4017172 48.8810834),75,92,7592,48.8808194855,2.4019597475,0.034289324528168436
206095528,48.8808733,2.4040752,3,motorway_junction,,POINT (2.4040752 48.8808733),75,93,7593,48.8808194855,2.4038593145,0.01688263257037812
327151587,48.8805138,2.4071395,2,,,POINT (2.4071395 48.8805138),75,95,7595,48.8808194855,2.4076584485,0.05094533872217436
27286645,48.8815002,2.2817943,4,,,POINT (2.2817943 48.8815002),76,29,7629,48.8816797065,2.2822870265,0.04118944411178997
27286644,48.8819318,2.2833155,3,,,POINT (2.2833155 48.8819318),76,30,7630,48.8816797065,2.2841865935,0.0695924854773634
11324061311,48.8817929,2.2867356,2,,,POINT (2.2867356 48.8817929),76,31,7631,48.8816797065,2.2860861605,0.04912894824955742
27235717,48.8815253,2.2892002,3,,,POINT (2.2892002 48.8815253),76,33,7633,48.8816797065,2.2898852945,0.05295710991240231
27235531,48.8819264,2.2919654,4,,,POINT (2.2919654 48.8819264),76,34,7634,48.8816797065,2.2917848615,0.030442491952270362
27235524,48.8818201,2.2938997,3,crossing,,POINT (2.2938997 48.8818201),76,35,7635,48.8816797065,2.2936844284999998,0.02216971867018211
27235510,48.8818814,2.2958633,5,,,POINT (2.2958633 48.8818814),76,36,7636,48.8816797065,2.2955839955,0.030333334819243378
297205590,48.8815753,2.2981856,3,,,POINT (2.2981856 48.8815753),76,37,7637,48.8816797065,2.2974835625,0.05263191543148425
27234194,48.8815468,2.2996694,4,,,POINT (2.2996694 48.8815468),76,38,7638,48.8816797065,2.2993831295,0.025624241547798802
27234191,48.8817888,2.3008715,3,,,POINT (2.3008715 48.8817888),76,39,7639,48.8816797065,2.3012826965,0.032422905908315765
27252419,48.8817795,2.3029519,3,,,POINT (2.3029519 48.8817795),76,40,7640,48.8816797065,2.3031822635,0.02017143014804809
27252415,48.8815529,2.3052578,3,,,POINT (2.3052578 48.8815529),76,41,7641,48.8816797065,2.3050818305,0.0190890084535768
27234210,48.8814143,2.3063655,3,,,POINT (2.3063655 48.8814143),76,42,7642,48.8816797065,2.3069813975,0.05384476332238453
27252239,48.8818977,2.3112755,4,,,POINT (2.3112755 48.8818977),76,44,7644,48.8816797065,2.3107805315,0.04356095695366889
27234841,48.8819478,2.3135438,4,,,POINT (2.3135438 48.8819478),76,45,7645,48.8816797065,2.3126800985,0.0698387615352284
27234840,48.8817044,2.3147107,3,,,POINT (2.3147107 48.8817044),76,46,7646,48.8816797065,2.3145796654999997,0.009967373304244392
27234846,48.8813903,2.316377,4,traffic_signals,,POINT (2.316377 48.8813903),76,47,7647,48.8816797065,2.3164792325,0.033037430576819155
27234877,48.8816383,2.3188336,4,,,POINT (2.3188336 48.8816383),76,48,7648,48.8816797065,2.3183787995,0.03357385430149976
260567154,48.88198,2.3205014,4,traffic_signals,,POINT (2.3205014 48.88198),76,49,7649,48.8816797065,2.3202783664999997,0.03716111713238271
158803618,48.8819787,2.3222187,3,,,POINT (2.3222187 48.8819787),76,50,7650,48.8816797065,2.3221779335,0.033379934612018124
94208583,48.881798,2.3282293,3,,,POINT (2.3282293 48.881798),76,53,7653,48.8816797065,2.3278766345,0.028949024369372297
94217565,48.8815142,2.3316215,3,,,POINT (2.3316215 48.8815142),76,55,7655,48.8816797065,2.3316757685,0.01882646287121175
981836464,48.881413,2.3331122,1,,,POINT (2.3331122 48.881413),76,56,7656,48.8816797065,2.3335753355,0.04501581124441963
94209706,48.881986,2.3371874,4,,,POINT (2.3371874 48.881986),76,58,7658,48.8816797065,2.3373744695,0.03670266747635107
583011680,48.8819055,2.339665,4,traffic_signals,,POINT (2.339665 48.8819055),76,59,7659,48.8816797065,2.3392740365,0.038048302711267815
94213176,48.881821,2.3412496,3,,,POINT (2.3412496 48.881821),76,60,7660,48.8816797065,2.3411736034999997,0.016664962617561865
94213531,48.881564,2.3423292,3,,,POINT (2.3423292 48.881564),76,61,7661,48.8816797065,2.3430731705,0.055902545805723555
94210316,48.8816542,2.345051,3,traffic_signals,,POINT (2.345051 48.8816542),76,62,7662,48.8816797065,2.3449727375,0.006387083974759738
19715146,48.8819948,2.3466024,5,traffic_signals,,POINT (2.3466024 48.8819948),76,63,7663,48.8816797065,2.3468723044999997,0.04021317744960815
94166149,48.8814567,2.3514274,3,,,POINT (2.3514274 48.8814567),76,65,7665,48.8816797065,2.3506714385,0.060585800939340115
94166688,48.8819204,2.3527269,3,traffic_signals,,POINT (2.3527269 48.8819204),76,66,7666,48.8816797065,2.3525710054999998,0.029090472146245126
429581498,48.8817468,2.3540993,3,,,POINT (2.3540993 48.8817468),76,67,7667,48.8816797065,2.3544705725,0.0281551664499692
94181728,48.88128,2.3581073,3,traffic_signals,,POINT (2.3581073 48.88128),76,69,7669,48.8816797065,2.3582697065,0.046004589357169196
246286553,48.8814274,2.3618773,3,traffic_signals,,POINT (2.3618773 48.8814274),76,71,7671,48.8816797065,2.3620688404999997,0.03135708840005769
94108761,48.8820941,2.3633691,4,traffic_signals,,POINT (2.3633691 48.8820941),76,72,7672,48.8816797065,2.3639684075,0.06359015777705665
1757697276,48.8816108,2.3657877,4,traffic_signals,,POINT (2.3657877 48.8816108),76,73,7673,48.8816797065,2.3658679745,0.009652125388344375
246286550,48.8814944,2.3700578,4,,,POINT (2.3700578 48.8814944),76,75,7675,48.8816797065,2.3696671085,0.035224268148933716
174995113,48.8816352,2.372313,3,,,POINT (2.372313 48.8816352),76,76,7676,48.8816797065,2.3715666755,0.05479787391353889
94114880,48.8817426,2.3738127,3,,,POINT (2.3738127 48.8817426),76,77,7677,48.8816797065,2.3734662424999997,0.026281737434838328
246286543,48.8816864,2.3810614,3,,,POINT (2.3810614 48.8816864),76,81,7681,48.8816797065,2.3810645105,0.0007782618118027309
258048145,48.8816703,2.3885226,3,,,POINT (2.3885226 48.8816703),76,85,7685,48.8816797065,2.3886627784999996,0.01030358175919432
258047121,48.8818901,2.3900695,1,,,POINT (2.3900695 48.8818901),76,86,7686,48.8816797065,2.3905623455,0.042966134880912825
258046145,48.881931,2.3929134,3,,,POINT (2.3929134 48.881931),76,87,7687,48.8816797065,2.3924619125,0.04325194543512623
203317665,48.881915,2.3935218,3,,,POINT (2.3935218 48.881915),76,88,7688,48.8816797065,2.3943614794999997,0.06674214350596636
94120406,48.8813283,2.3966895,4,crossing,,POINT (2.3966895 48.8813283),76,89,7689,48.8816797065,2.3962610465,0.050083980702375165
2529018575,48.8814817,2.3973286,1,,,POINT (2.3973286 48.8814817),76,90,7690,48.8816797065,2.3981606135,0.06470130622219254
248581536,48.8820103,2.4024945,4,,,POINT (2.4024945 48.8820103),76,92,7692,48.8816797065,2.4019597475,0.05366895768057384
248581961,48.8814535,2.4036221,3,,,POINT (2.4036221 48.8814535),76,93,7693,48.8816797065,2.4038593145,0.030554186908117627
27286646,48.8825876,2.2827473,4,,,POINT (2.2827473 48.8825876),77,29,7729,48.8825399275,2.2822870265,0.03407114971730721
268259645,48.8823907,2.2832848,3,,,POINT (2.2832848 48.8823907),77,30,7730,48.8825399275,2.2841865935,0.06799704797708059
442308,48.8822538,2.2860644,3,,,POINT (2.2860644 48.8822538),77,31,7731,48.8825399275,2.2860861605,0.0318556907617558
27235718,48.8821517,2.2885228,3,,,POINT (2.2885228 48.8821517),77,32,7732,48.8825399275,2.2879857274999997,0.05835972474228539
27286622,48.8828872,2.2899321,3,,,POINT (2.2899321 48.8828872),77,33,7733,48.8825399275,2.2898852945,0.038766315441484435
27235533,48.8821524,2.2916998,4,,,POINT (2.2916998 48.8821524),77,34,7734,48.8825399275,2.2917848615,0.04353768013598515
27235522,48.882536,2.2941323,3,,,POINT (2.2941323 48.882536),77,35,7735,48.8825399275,2.2936844284999998,0.032752317664927456
303069549,48.8825906,2.2954446,1,,,POINT (2.2954446 48.8825906),77,36,7736,48.8825399275,2.2955839955,0.01164660644261965
27234121,48.8826175,2.2974485,3,,,POINT (2.2974485 48.8826175),77,37,7737,48.8825399275,2.2974835625,0.008998637691360611
297208404,48.8829176,2.2993467,3,,,POINT (2.2993467 48.8829176),77,38,7738,48.8825399275,2.2993831295,0.04207966479466529
27234190,48.8821905,2.3011631,3,,,POINT (2.3011631 48.8821905),77,39,7739,48.8825399275,2.3012826965,0.03982657204594856
644134,48.8828366,2.3029851,4,,,POINT (2.3029851 48.8828366),77,40,7740,48.8825399275,2.3031822635,0.03600124715547077
27362262,48.8824861,2.3055082,3,,,POINT (2.3055082 48.8824861),77,41,7741,48.8825399275,2.3050818305,0.03174647600904589
27234209,48.8821185,2.3076772,3,,,POINT (2.3076772 48.8821185),77,42,7742,48.8825399275,2.3069813975,0.06917065337131915
27252242,48.8828052,2.308978,4,,,POINT (2.308978 48.8828052),77,43,7743,48.8825399275,2.3088809645,0.030338354051584644
1978198745,48.8826136,2.3103978,4,,,POINT (2.3103978 48.8826136),77,44,7744,48.8825399275,2.3107805315,0.029160523998959017
27252241,48.8824281,2.3118341,3,,,POINT (2.3118341 48.8824281),77,45,7745,48.8825399275,2.3126800985,0.06309880285856717
27234839,48.8822729,2.3141045,3,,,POINT (2.3141045 48.8822729),77,46,7746,48.8825399275,2.3145796654999997,0.04570401226935516
27323471,48.882866,2.3176391,3,,,POINT (2.3176391 48.882866),77,48,7748,48.8825399275,2.3183787995,0.06511655593694873
367917,48.8822056,2.3203489,4,traffic_signals,,POINT (2.3203489 48.8822056),77,49,7749,48.8825399275,2.3202783664999997,0.03753158889607874
219320528,48.8825596,2.3220663,3,,,POINT (2.3220663 48.8825596),77,50,7750,48.8825399275,2.3221779335,0.0084509172903127
27235057,48.8827582,2.3242625,4,traffic_signals,,POINT (2.3242625 48.8827582),77,51,7751,48.8825399275,2.3240775005,0.02778608379538431
94220945,48.8827072,2.3278047,3,,,POINT (2.3278047 48.8827072),77,53,7753,48.8825399275,2.3278766345,0.019329310378376156
94208711,48.8828617,2.3298209,4,,,POINT (2.3298209 48.8828617),77,54,7754,48.8825399275,2.3297762015,0.03592844541887184
94208275,48.8828044,2.3320731,4,,,POINT (2.3320731 48.8828044),77,55,7755,48.8825399275,2.3316757685,0.04133944182115566
1234055342,48.8821763,2.3336575,3,,,POINT (2.3336575 48.8821763),77,56,7756,48.8825399275,2.3335753355,0.040877471095727494
94226653,48.8828591,2.3361773,3,,,POINT (2.3361773 48.8828591),77,57,7757,48.8825399275,2.3354749025,0.062429919714288525
256024828,48.8825608,2.3372261,4,,,POINT (2.3372261 48.8825608),77,58,7758,48.8825399275,2.3373744695,0.011094596106665348
583011683,48.882168,2.3396406,4,traffic_signals,,POINT (2.3396406 48.882168),77,59,7759,48.8825399275,2.3392740365,0.04928300369518403
94213177,48.8821422,2.3411203,3,,,POINT (2.3411203 48.8821422),77,60,7760,48.8825399275,2.3411736034999997,0.044396704886859865
6974239193,48.8827235,2.3447016,3,,,POINT (2.3447016 48.8827235),77,62,7762,48.8825399275,2.3449727375,0.02845593372233242
94206128,48.8824485,2.3467249,3,,,POINT (2.3467249 48.8824485),77,63,7763,48.8825399275,2.3468723044999997,0.014816568018943167
94206274,48.8823973,2.3496702,3,,,POINT (2.3496702 48.8823973),77,64,7764,48.8825399275,2.3487718715,0.06757536889475839
94181730,48.8828527,2.3590344,3,traffic_signals,,POINT (2.3590344 48.8828527),77,69,7769,48.8825399275,2.3582697065,0.06584950288489429
559672024,48.882831,2.3593414,3,,,POINT (2.3593414 48.882831),77,70,7770,48.8825399275,2.3601692735,0.06864498609876048
94111834,48.8826632,2.3616582,3,,,POINT (2.3616582 48.8826632),77,71,7771,48.8825399275,2.3620688404999997,0.033007683709763175
94113133,48.8821846,2.3631958,3,traffic_signals,,POINT (2.3631958 48.8821846),77,72,7772,48.8825399275,2.3639684075,0.06894040971088491
5005441389,48.8825278,2.3669277,3,traffic_signals,,POINT (2.3669277 48.8825278),77,74,7774,48.8825399275,2.3677675414999997,0.06142597332987452
123246622,48.8826727,2.3698584,5,,,POINT (2.3698584 48.8826727),77,75,7775,48.8825399275,2.3696671085,0.020337634222108245
654567034,48.882344,2.3706843,3,,,POINT (2.3706843 48.882344),77,76,7776,48.8825399275,2.3715666755,0.06810034180103097
3036818845,48.8826123,2.3734781,1,,,POINT (2.3734781 48.8826123),77,77,7777,48.8825399275,2.3734662424999997,0.008094028680276342
94190864,48.882802,2.3756503,4,traffic_signals,,POINT (2.3756503 48.882802),77,78,7778,48.8825399275,2.3753658095,0.03580435394311249
94191164,48.8825305,2.3817129,3,traffic_signals,,POINT (2.3817129 48.8825305),77,81,7781,48.8825399275,2.3810645105,0.047423338781192946
94125868,48.882481,2.382638,3,traffic_signals,,POINT (2.382638 48.882481),77,82,7782,48.8825399275,2.3829640775,0.024727509720628576
202045084,48.8828163,2.3894057,3,,,POINT (2.3894057 48.8828163),77,85,7785,48.8825399275,2.3886627784999996,0.06241397619162218
258047075,48.8825942,2.3904289,3,,,POINT (2.3904289 48.8825942),77,86,7786,48.8825399275,2.3905623455,0.011473210910769638
94120908,48.8828481,2.392779,4,,,POINT (2.392779 48.8828481),77,87,7787,48.8825399275,2.3924619125,0.04137435982922959
206095619,48.8824515,2.4009477,3,motorway_junction,,POINT (2.4009477 48.8824515),77,91,7791,48.8825399275,2.4000601804999997,0.06563819895159828
319152794,48.8835768,2.2819028,3,,,POINT (2.2819028 48.8835768),78,29,7829,48.8834001485,2.2822870265,0.03428070537665501
315275869,48.8836949,2.2844696,3,motorway_junction,,POINT (2.2844696 48.8836949),78,30,7830,48.8834001485,2.2841865935,0.038761068337098144
27286620,48.8835522,2.2855067,3,,,POINT (2.2855067 48.8835522),78,31,7831,48.8834001485,2.2860861605,0.045619461826284825
27286618,48.8834621,2.2882453,3,,,POINT (2.2882453 48.8834621),78,32,7832,48.8834001485,2.2879857274999997,0.02019163952292357
6468215125,48.883132,2.2904296,1,crossing,,POINT (2.2904296 48.883132),78,33,7833,48.8834001485,2.2898852945,0.049730302814784175
27235536,48.8830857,2.2920362,3,,,POINT (2.2920362 48.8830857),78,34,7834,48.8834001485,2.2917848615,0.03950082008559766
27235520,48.8831259,2.2934939,4,,,POINT (2.2934939 48.8831259),78,35,7835,48.8834001485,2.2936844284999998,0.03352669724604473
27235519,48.8837348,2.2953062,4,,,POINT (2.2953062 48.8837348),78,36,7836,48.8834001485,2.2955839955,0.04239460485458263
27234162,48.8832769,2.2965575,3,,,POINT (2.2965575 48.8832769),78,37,7837,48.8834001485,2.2974835625,0.06908766202393883
27234100,48.8833209,2.2989387,4,,,POINT (2.2989387 48.8833209),78,38,7838,48.8834001485,2.2993831295,0.033670742303852454
27234076,48.8832695,2.3019395,4,,,POINT (2.3019395 48.8832695),78,39,7839,48.8834001485,2.3012826965,0.05017535275013845
27362263,48.8830039,2.3049472,1,,,POINT (2.3049472 48.8830039),78,41,7841,48.8834001485,2.3050818305,0.045147177418150795
27234213,48.8832876,2.307265,4,,,POINT (2.307265 48.8832876),78,42,7842,48.8834001485,2.3069813975,0.024221025166046243
27252238,48.8833547,2.3094959,4,,,POINT (2.3094959 48.8833547),78,43,7843,48.8834001485,2.3088809645,0.0452478607458595
27234808,48.8830692,2.3104152,3,,,POINT (2.3104152 48.8830692),78,44,7844,48.8834001485,2.3107805315,0.04547347404704587
27234809,48.8832704,2.3127394,5,,,POINT (2.3127394 48.8832704),78,45,7845,48.8834001485,2.3126800985,0.015064917205472376
3834909100,48.8838057,2.3136474,3,,,POINT (2.3136474 48.8838057),78,46,7846,48.8834001485,2.3145796654999997,0.08173405354896414
27323472,48.8837369,2.3166986,3,,,POINT (2.3166986 48.8837369),78,47,7847,48.8834001485,2.3164792325,0.04073603594610948
27323474,48.8830886,2.3185036,3,,,POINT (2.3185036 48.8830886),78,48,7848,48.8834001485,2.3183787995,0.03582438706394305
27323482,48.8835765,2.3203807,4,,,POINT (2.3203807 48.8835765),78,49,7849,48.8834001485,2.3202783664999997,0.02098855350020778
27323794,48.8838036,2.322776,3,,,POINT (2.322776 48.8838036),78,50,7850,48.8834001485,2.3221779335,0.06264970202473544
25095570,48.8829827,2.3241518,4,traffic_signals,,POINT (2.3241518 48.8829827),78,51,7851,48.8834001485,2.3240775005,0.046735011970811535
27323842,48.8833204,2.3258177,3,,,POINT (2.3258177 48.8833204),78,52,7852,48.8834001485,2.3259770674999998,0.014643438559070052
821879336,48.8834361,2.3276856,3,,,POINT (2.3276856 48.8834361),78,53,7853,48.8834001485,2.3278766345,0.014529416295307709
94208287,48.883379,2.3301366,3,,,POINT (2.3301366 48.883379),78,54,7854,48.8834001485,2.3297762015,0.026457443590685657
369331056,48.8837242,2.3322596,3,,,POINT (2.3322596 48.8837242),78,55,7855,48.8834001485,2.3316757685,0.055864349106390106
94237223,48.8834263,2.334286,3,,,POINT (2.334286 48.8834263),78,56,7856,48.8834001485,2.3335753355,0.05204583124504026
259008622,48.8837421,2.3379613,4,,,POINT (2.3379613 48.8837421),78,58,7858,48.8834001485,2.3373744695,0.057332334089312494
94226478,48.8835737,2.3397225,2,,,POINT (2.3397225 48.8835737),78,59,7859,48.8834001485,2.3392740365,0.038049107567796184
94226441,48.8834366,2.3417377,3,,,POINT (2.3417377 48.8834366),78,60,7860,48.8834001485,2.3411736034999997,0.041445991311041194
428943984,48.883324,2.3425347,1,,,POINT (2.3425347 48.883324),78,61,7861,48.8834001485,2.3430731705,0.04027373070335132
94233976,48.8832312,2.3453054,3,,,POINT (2.3453054 48.8832312),78,62,7862,48.8834001485,2.3449727375,0.03073453845918031
19405749,48.883327,2.3470973,4,traffic_signals,,POINT (2.3470973 48.883327),78,63,7863,48.8834001485,2.3468723044999997,0.018352752465934635
94233621,48.8837149,2.3482456,3,,,POINT (2.3482456 48.8837149),78,64,7864,48.8834001485,2.3487718715,0.05201666035229729
19405751,48.8837384,2.3512804,4,traffic_signals,,POINT (2.3512804 48.8837384),78,65,7865,48.8834001485,2.3506714385,0.05828698839277559
94182333,48.8836131,2.3605267,4,traffic_signals,,POINT (2.3605267 48.8836131),78,70,7870,48.8834001485,2.3601692735,0.03526694765336208
94182999,48.8830892,2.3615015,3,traffic_signals,,POINT (2.3615015 48.8830892),78,71,7871,48.8834001485,2.3620688404999997,0.05400435613852755
94109380,48.8837865,2.3642975,3,,,POINT (2.3642975 48.8837865),78,72,7872,48.8834001485,2.3639684075,0.049240651578849104
94109064,48.8831837,2.3656192,4,,,POINT (2.3656192 48.8831837),78,73,7873,48.8834001485,2.3658679745,0.030169004664808877
1282134308,48.8829836,2.3699051,3,,,POINT (2.3699051 48.8829836),78,75,7875,48.8834001485,2.3696671085,0.04947932232820775
94113740,48.883094,2.3714466,4,,,POINT (2.3714466 48.883094),78,76,7876,48.8834001485,2.3715666755,0.03515619975800067
174994982,48.8835967,2.3733657,3,,,POINT (2.3733657 48.8835967),78,77,7877,48.8834001485,2.3734662424999997,0.023058893179124577
94114887,48.883517,2.3769401,3,,,POINT (2.3769401 48.883517),78,79,7879,48.8834001485,2.3772653765,0.027102211466300322
94191744,48.8832435,2.3810931,3,,,POINT (2.3810931 48.8832435),78,81,7881,48.8834001485,2.3810645105,0.017543516391731875
94126806,48.8830059,2.3855547,4,traffic_signals,,POINT (2.3855547 48.8830059),78,83,7883,48.8834001485,2.3848636444999998,0.06689679706841127
8111683878,48.8832246,2.388057,3,,,POINT (2.388057 48.8832246),78,85,7885,48.8834001485,2.3886627784999996,0.04840561260543534
258045876,48.8834096,2.3922107,3,,,POINT (2.3922107 48.8834096),78,87,7887,48.8834001485,2.3924619125,0.018398964170758987
94121975,48.8832945,2.3949486,4,traffic_signals,,POINT (2.3949486 48.8832945),78,88,7888,48.8834001485,2.3943614794999997,0.044509208406888205
203319471,48.883436,2.3957629,3,,,POINT (2.3957629 48.883436),78,89,7889,48.8834001485,2.3962610465,0.03664249049718895
333557965,48.8834242,2.3993256,1,,,POINT (2.3993256 48.8834242),78,91,7891,48.8834001485,2.4000601804999997,0.05377983465793705
319152785,48.8838672,2.2823148,3,,,POINT (2.2823148 48.8838672),79,29,7929,48.8842603695,2.2822870265,0.043765595477446906
27286613,48.8840449,2.2862568,4,,,POINT (2.2862568 48.8840449),79,31,7931,48.8842603695,2.2860861605,0.027013303834200402
27286593,48.8843964,2.2894669,3,,,POINT (2.2894669 48.8843964),79,33,7933,48.8842603695,2.2898852945,0.03412795686115933
27235702,48.883992,2.290868,4,,,POINT (2.290868 48.883992),79,34,7934,48.8842603695,2.2917848615,0.07338248632213981
27235540,48.8840477,2.293619,3,,,POINT (2.293619 48.8840477),79,35,7935,48.8842603695,2.2936844284999998,0.024126850091966207
27235518,48.883954,2.2950204,4,,,POINT (2.2950204 48.883954),79,36,7936,48.8842603695,2.2955839955,0.05346790102320098
367911,48.8845175,2.2971781,3,,,POINT (2.2971781 48.8845175),79,37,7937,48.8842603695,2.2974835625,0.03628147884996212
1107432319,48.8843885,2.2992521,3,,,POINT (2.2992521 48.8843885),79,38,7938,48.8842603695,2.2993831295,0.017169235512429434
27234093,48.884436,2.301248,3,,,POINT (2.301248 48.884436),79,39,7939,48.8842603695,2.3012826965,0.019693318903539443
27233893,48.8842578,2.3026608,4,,,POINT (2.3026608 48.8842578),79,40,7940,48.8842603695,2.3031822635,0.03813038242013824
2700086525,48.8839308,2.304942,3,,,POINT (2.304942 48.8839308),79,41,7941,48.8842603695,2.3050818305,0.03804604297505185
644137,48.8840092,2.3087032,4,,,POINT (2.3087032 48.8840092),79,43,7943,48.8842603695,2.3088809645,0.03080532478364156
27234833,48.8839601,2.3122152,3,,,POINT (2.3122152 48.8839601),79,45,7945,48.8842603695,2.3126800985,0.04764807340311891
27234813,48.8843446,2.3145719,3,,,POINT (2.3145719 48.8843446),79,46,7946,48.8842603695,2.3145796654999997,0.009383200186419582
3834909093,48.8843311,2.317202,3,,,POINT (2.317202 48.8843311),79,47,7947,48.8842603695,2.3164792325,0.053430599786127325
27323484,48.8840198,2.3185056,4,,,POINT (2.3185056 48.8840198),79,48,7948,48.8842603695,2.3183787995,0.028311336530039803
241086941,48.8844692,2.3195119,4,,,POINT (2.3195119 48.8844692),79,49,7949,48.8842603695,2.3202783664999997,0.06066393961122088
27323510,48.8840263,2.3224283,3,,,POINT (2.3224283 48.8840263),79,50,7950,48.8842603695,2.3221779335,0.03182076605193083
27323791,48.8842323,2.3235279,3,,,POINT (2.3235279 48.8842323),79,51,7951,48.8842603695,2.3240775005,0.04030771886411925
94208290,48.8838717,2.3285532,3,traffic_signals,,POINT (2.3285532 48.8838717),79,53,7953,48.8842603695,2.3278766345,0.06568969206299988
19722931,48.884409,2.3294502,4,traffic_signals,,POINT (2.3294502 48.884409),79,54,7954,48.8842603695,2.3297762015,0.029006019565727206
431154736,48.8839958,2.3323444,3,,,POINT (2.3323444 48.8839958),79,55,7955,48.8842603695,2.3316757685,0.057059004123683796
94237705,48.8841625,2.3339205,3,,,POINT (2.3339205 48.8841625),79,56,7956,48.8842603695,2.3335753355,0.027484667844523237
245086839,48.8846735,2.335272,1,,,POINT (2.335272 48.8846735),79,57,7957,48.8842603695,2.3354749025,0.04827434153801436
408749290,48.884139,2.3375459,3,,,POINT (2.3375459 48.884139),79,58,7958,48.8842603695,2.3373744695,0.018418982466603867
243647203,48.8841798,2.3397484,4,,,POINT (2.3397484 48.8841798),79,59,7959,48.8842603695,2.3392740365,0.03582372027288126
94227239,48.8839931,2.3414489,5,,,POINT (2.3414489 48.8839931),79,60,7960,48.8842603695,2.3411736034999997,0.0358946201819031
94227587,48.8844494,2.3448289,3,,,POINT (2.3448289 48.8844494),79,62,7962,48.8842603695,2.3449727375,0.023503676305003714
94232268,48.8846086,2.3471784,3,,,POINT (2.3471784 48.8846086),79,63,7963,48.8842603695,2.3468723044999997,0.044724560949673316
260557574,48.8844174,2.3486717,3,,,POINT (2.3486717 48.8844174),79,64,7964,48.8842603695,2.3487718715,0.0189350146819729
260556892,48.8839468,2.3507856,3,,,POINT (2.3507856 48.8839468),79,65,7965,48.8842603695,2.3506714385,0.03585264103735771
94249639,48.8842223,2.3524083,3,,,POINT (2.3524083 48.8842223),79,66,7966,48.8842603695,2.3525710054999998,0.012627669216656031
94249772,48.8846009,2.354082,4,,,POINT (2.354082 48.8846009),79,67,7967,48.8842603695,2.3544705725,0.0473395622768065
94249865,48.8843178,2.3560448,3,traffic_signals,,POINT (2.3560448 48.8843178),79,68,7968,48.8842603695,2.3563701394999996,0.02463098211182209
94181731,48.8842935,2.3593856,4,,,POINT (2.3593856 48.8842935),79,70,7970,48.8842603695,2.3601692735,0.057420334950668284
94184172,48.8842858,2.3615176,4,traffic_signals,,POINT (2.3615176 48.8842858),79,71,7971,48.8842603695,2.3620688404999997,0.040405658824786764
1035711019,48.8845021,2.3642079,3,,,POINT (2.3642079 48.8845021),79,72,7972,48.8842603695,2.3639684075,0.032080335450275506
432814410,48.8842944,2.3676079,3,traffic_signals,,POINT (2.3676079 48.8842944),79,74,7974,48.8842603695,2.3677675414999997,0.01227096590846827
94188710,48.884378,2.369196,4,,,POINT (2.369196 48.884378),79,75,7975,48.8842603695,2.3696671085,0.03684701075313446
94114987,48.8842703,2.3758926,3,,,POINT (2.3758926 48.8842703),79,78,7978,48.8842603695,2.3753658095,0.03853464050662291
502617804,48.8845963,2.3771149,3,,,POINT (2.3771149 48.8845963),79,79,7979,48.8842603695,2.3772653765,0.038940531683605076
94115127,48.8845175,2.3787553,3,,,POINT (2.3787553 48.8845175),79,80,7980,48.8842603695,2.3791649434999997,0.041408463262547435
2082452396,48.8842885,2.3829601,1,,,POINT (2.3829601 48.8842885),79,82,7982,48.8842603695,2.3829640775,0.003141460444957398
26551730,48.8841805,2.3842587,4,,,POINT (2.3842587 48.8841805),79,83,7983,48.8842603695,2.3848636444999998,0.045116213377434516
243353120,48.8841319,2.3863501,3,,,POINT (2.3863501 48.8841319),79,84,7984,48.8842603695,2.3867632115,0.03341419988488224
94117687,48.8840177,2.3904666,3,,,POINT (2.3904666 48.8840177),79,86,7986,48.8842603695,2.3905623455,0.027877021623432145
332465422,48.8841943,2.393028,3,,,POINT (2.393028 48.8841943),79,87,7987,48.8842603695,2.3924619125,0.042039144673408656
202045340,48.8845179,2.3945415,3,,,POINT (2.3945415 48.8845179),79,88,7988,48.8842603695,2.3943614794999997,0.03151651534028437
203320329,48.8843334,2.3957194,4,,,POINT (2.3957194 48.8843334),79,89,7989,48.8842603695,2.3962610465,0.04042901429139104
203319696,48.883913,2.3984862,3,,,POINT (2.3984862 48.883913),79,90,7990,48.8842603695,2.3981606135,0.04537306956559035
9097294775,48.885054,2.2891669,2,,,POINT (2.2891669 48.885054),80,33,8033,48.8851205905,2.2898852945,0.05304731578349049
9070349987,48.8851124,2.2909662,2,,,POINT (2.2909662 48.8851124),80,34,8034,48.8851205905,2.2917848615,0.059866274832834125
303073603,48.8850512,2.2938133,3,,,POINT (2.2938133 48.8850512),80,35,8035,48.8851205905,2.2936844284999998,0.012178907568942876
27235559,48.8851505,2.2956663,5,,,POINT (2.2956663 48.8851505),80,36,8036,48.8851205905,2.2955839955,0.006875825333459878
1369651515,48.8853379,2.2974805,3,,,POINT (2.2974805 48.8853379),80,37,8037,48.8851205905,2.2974835625,0.024164751446121815
1107432316,48.8847009,2.2991911,3,,,POINT (2.2991911 48.8847009),80,38,8038,48.8851205905,2.2993831295,0.04873397528741017
27234189,48.8852769,2.3018068,3,,,POINT (2.3018068 48.8852769),80,39,8039,48.8851205905,2.3012826965,0.04207897585440666
1987617271,48.8850605,2.3032463,3,crossing,,POINT (2.3032463 48.8850605),80,40,8040,48.8851205905,2.3031822635,0.00815901022365087
2124630300,48.8850584,2.3070252,3,,,POINT (2.3070252 48.8850584),80,42,8042,48.8851205905,2.3069813975,0.007620939249944349
27234216,48.8849424,2.3086094,3,,,POINT (2.3086094 48.8849424),80,43,8043,48.8851205905,2.3088809645,0.028051166646029645
3834909107,48.8851263,2.3108892,3,,,POINT (2.3108892 48.8851263),80,44,8044,48.8851205905,2.3107805315,0.007971005617613764
260434575,48.8852426,2.3127441,1,,,POINT (2.3127441 48.8852426),80,45,8045,48.8851205905,2.3126800985,0.014351257319899793
27234737,48.8848876,2.3154852,4,,,POINT (2.3154852 48.8848876),80,46,8046,48.8851205905,2.3145796654999997,0.07109962939364743
27234739,48.8853218,2.3162186,4,,,POINT (2.3162186 48.8853218),80,47,8047,48.8851205905,2.3164792325,0.02938950299688908
27323502,48.885027,2.3189704,3,,,POINT (2.3189704 48.885027),80,48,8048,48.8851205905,2.3183787995,0.04449123827506236
27323485,48.8850314,2.3207747,4,,,POINT (2.3207747 48.8850314),80,49,8049,48.8851205905,2.3202783664999997,0.0376219344186187
27323772,48.8848202,2.3227927,3,,,POINT (2.3227927 48.8848202),80,50,8050,48.8851205905,2.3221779335,0.056002469768838645
27323767,48.8853917,2.3238241,3,,,POINT (2.3238241 48.8853917),80,51,8051,48.8851205905,2.3240775005,0.035384693986017714
27323749,48.8852091,2.3254234,3,,,POINT (2.3254234 48.8852091),80,52,8052,48.8851205905,2.3259770674999998,0.041662466384168026
272677541,48.884715,2.3296969,3,,,POINT (2.3296969 48.884715),80,54,8054,48.8851205905,2.3297762015,0.04547082901561669
258883365,48.8853838,2.3310606,1,,,POINT (2.3310606 48.8853838),80,55,8055,48.8851205905,2.3316757685,0.0536637724062043
1764475082,48.8850843,2.3340197,3,,,POINT (2.3340197 48.8850843),80,56,8056,48.8851205905,2.3335753355,0.03274092799303242
94237045,48.8851335,2.335022,3,,,POINT (2.335022 48.8851335),80,57,8057,48.8851205905,2.3354749025,0.03314666721598971
94226992,48.8850836,2.3375686,3,,,POINT (2.3375686 48.8850836),80,58,8058,48.8851205905,2.3373744695,0.014778470381673256
94227304,48.884988,2.3418258,3,,,POINT (2.3418258 48.884988),80,60,8060,48.8851205905,2.3411736034999997,0.04991479503640679
94236061,48.8852944,2.3422301,1,,,POINT (2.3422301 48.8852944),80,61,8061,48.8851205905,2.3430731705,0.0646026595947759
253058139,48.8852031,2.3449177,3,,,POINT (2.3449177 48.8852031),80,62,8062,48.8851205905,2.3449727375,0.010018414961942555
94232105,48.885043,2.3472727,3,,,POINT (2.3472727 48.885043),80,63,8063,48.8851205905,2.3468723044999997,0.030521173193407664
94249439,48.8852755,2.3495181,3,traffic_signals,,POINT (2.3495181 48.8852755),80,64,8064,48.8851205905,2.3487718715,0.057217422994062954
94249523,48.8851422,2.3507852,3,,,POINT (2.3507852 48.8851422),80,65,8065,48.8851205905,2.3506714385,0.008658182622152719
94249426,48.8850341,2.3525233,3,,,POINT (2.3525233 48.8850341),80,66,8066,48.8851205905,2.3525710054999998,0.010230337822404357
1736247102,48.8850696,2.3551805,3,,,POINT (2.3551805 48.8850696),80,67,8067,48.8851205905,2.3544705725,0.052217631899333684
94249422,48.8849236,2.3567999,4,,,POINT (2.3567999 48.8849236),80,68,8068,48.8851205905,2.3563701394999996,0.03830454696414289
94247453,48.8848964,2.3593228,3,,,POINT (2.3593228 48.8848964),80,70,8070,48.8851205905,2.3601692735,0.06672478915603536
94248592,48.8852031,2.3678239,3,,,POINT (2.3678239 48.8852031),80,74,8074,48.8851205905,2.3677675414999997,0.010057602616737386
94189165,48.8853232,2.3718384,3,,,POINT (2.3718384 48.8853232),80,76,8076,48.8851205905,2.3715666755,0.030038348648668733
4583249023,48.8852403,2.3761545,3,,,POINT (2.3761545 48.8852403),80,78,8078,48.8851205905,2.3753658095,0.059184157557635314
10223626783,48.8851455,2.3793892,4,,,POINT (2.3793892 48.8851455),80,80,8080,48.8851205905,2.3791649434999997,0.01662959692906631
26551737,48.8847847,2.381267,4,traffic_signals,,POINT (2.381267 48.8847847),80,81,8081,48.8851205905,2.3810645105,0.04017689681640802
1762544614,48.8849907,2.383273,4,,,POINT (2.383273 48.8849907),80,82,8082,48.8851205905,2.3829640775,0.026810865468174225
26551723,48.8852393,2.3845844,4,,,POINT (2.3845844 48.8852393),80,83,8083,48.8851205905,2.3848636444999998,0.024313145011671443
243352888,48.8849352,2.3861694,3,,,POINT (2.3861694 48.8849352),80,84,8084,48.8851205905,2.3867632115,0.04806393502990479
203320011,48.884729,2.3921649,3,,,POINT (2.3921649 48.884729),80,87,8087,48.8851205905,2.3924619125,0.04865818813304645
258041377,48.8850061,2.394417,3,,,POINT (2.394417 48.8850061),80,88,8088,48.8851205905,2.3943614794999997,0.01336235515329482
258041472,48.8854889,2.39549,4,,,POINT (2.39549 48.8854889),80,89,8089,48.8851205905,2.3962610465,0.06968267646917027
280429251,48.8855032,2.3977668,3,motorway_junction,,POINT (2.3977668 48.8855032),80,90,8090,48.8851205905,2.3981606135,0.05137277288498218
353192552,48.8855683,2.2845371,4,,,POINT (2.2845371 48.8855683),81,30,8130,48.8859808115,2.2841865935,0.05254318648948956
2127642750,48.886142,2.2880561,4,,,POINT (2.2880561 48.886142),81,32,8132,48.8859808115,2.2879857274999997,0.01864729942563139
27286561,48.8859963,2.2890999,6,,,POINT (2.2890999 48.8859963),81,33,8133,48.8859808115,2.2898852945,0.05745173027653485
27286551,48.8860516,2.2920724,3,,,POINT (2.2920724 48.8860516),81,34,8134,48.8859808115,2.2917848615,0.022449213799867425
5560755452,48.8856754,2.2936363,3,,,POINT (2.2936363 48.8856754),81,35,8135,48.8859808115,2.2936844284999998,0.03414204790616414
663240085,48.8863384,2.2954237,3,,,POINT (2.2954237 48.8863384),81,36,8136,48.8859808115,2.2955839955,0.04145340701503189
27233862,48.8862959,2.3005606,3,,,POINT (2.3005606 48.8862959),81,39,8139,48.8859808115,2.3012826965,0.06336499180361595
27234006,48.8862647,2.307174,3,,,POINT (2.307174 48.8862647),81,42,8142,48.8859808115,2.3069813975,0.03456574558750206
27234453,48.886286,2.3091533,3,,,POINT (2.3091533 48.886286),81,43,8143,48.8859808115,2.3088809645,0.039346090918957154
27234435,48.8863157,2.3107013,3,,,POINT (2.3107013 48.8863157),81,44,8144,48.8859808115,2.3107805315,0.03768583576358029
301368539,48.8863441,2.3126482,3,,,POINT (2.3126482 48.8863441),81,45,8145,48.8859808115,2.3126800985,0.04046311245240162
8273589924,48.8859946,2.3140459,2,,,POINT (2.3140459 48.8859946),81,46,8146,48.8859808115,2.3145796654999997,0.03905758760459485
27234740,48.8856643,2.3168158,4,,,POINT (2.3168158 48.8856643),81,47,8147,48.8859808115,2.3164792325,0.042944766116629826
241085573,48.8862047,2.3177314,4,,,POINT (2.3177314 48.8862047),81,48,8148,48.8859808115,2.3183787995,0.053483365945475494
27323507,48.8860689,2.3204388,3,,,POINT (2.3204388 48.8860689),81,49,8149,48.8859808115,2.3202783664999997,0.01528219344000808
3835398795,48.8857495,2.3216412,4,,,POINT (2.3216412 48.8857495),81,50,8150,48.8859808115,2.3221779335,0.04692217545408729
27323756,48.8861071,2.3243267,3,,,POINT (2.3243267 48.8861071),81,51,8151,48.8859808115,2.3240775005,0.023004177903763013
27323744,48.8857954,2.3263178,4,,,POINT (2.3263178 48.8857954),81,52,8152,48.8859808115,2.3259770674999998,0.03233782425021337
94243625,48.88632,2.3281886,3,,,POINT (2.3281886 48.88632),81,53,8153,48.8859808115,2.3278766345,0.044077154957812566
361120,48.8857991,2.3288483,3,,,POINT (2.3288483 48.8857991),81,54,8154,48.8859808115,2.3297762015,0.07079058117704765
917024612,48.8858094,2.3325002,1,,,POINT (2.3325002 48.8858094),81,55,8155,48.8859808115,2.3316757685,0.06322184636568925
94243036,48.8861712,2.3338279,3,,,POINT (2.3338279 48.8861712),81,56,8156,48.8859808115,2.3335753355,0.02809272972249224
94237136,48.8856283,2.3354525,3,,,POINT (2.3354525 48.8856283),81,57,8157,48.8859808115,2.3354749025,0.03923170081091022
94226431,48.8860215,2.3367831,3,,,POINT (2.3367831 48.8860215),81,58,8158,48.8859808115,2.3373744695,0.043475378108596564
94236058,48.8862813,2.3388544,3,,,POINT (2.3388544 48.8862813),81,59,8159,48.8859808115,2.3392740365,0.04536338245326442
94234858,48.8857602,2.3406728,3,,,POINT (2.3406728 48.8857602),81,60,8160,48.8859808115,2.3411736034999997,0.04407497765322895
94227785,48.8858003,2.3449978,3,,,POINT (2.3449978 48.8858003),81,62,8162,48.8859808115,2.3449727375,0.02015544033080289
94232733,48.8857671,2.3464655,3,,,POINT (2.3464655 48.8857671),81,63,8163,48.8859808115,2.3468723044999997,0.03807159090272997
1762593000,48.8859787,2.350098,3,,,POINT (2.350098 48.8859787),81,65,8165,48.8859808115,2.3506714385,0.04192892877033947
94251582,48.8859309,2.3520804,3,,,POINT (2.3520804 48.8859309),81,66,8166,48.8859808115,2.3525710054999998,0.036298552104555584
94252127,48.8861991,2.3544136,3,,,POINT (2.3544136 48.8861991),81,67,8167,48.8859808115,2.3544705725,0.024627436086640923
94250379,48.8860564,2.356607,3,,,POINT (2.356607 48.8860564),81,68,8168,48.8859808115,2.3563701394999996,0.019250412829092886
94252521,48.886106,2.3595262,3,traffic_signals,,POINT (2.3595262 48.886106),81,70,8170,48.8859808115,2.3601692735,0.04903703593512532
1254700857,48.8862983,2.362837,3,,,POINT (2.362837 48.8862983),81,71,8171,48.8859808115,2.3620688404999997,0.06633913058515119
94185760,48.8855527,2.3657973,4,,,POINT (2.3657973 48.8855527),81,73,8173,48.8859808115,2.3658679745,0.04788348258810281
94248806,48.8856973,2.3683911,3,,,POINT (2.3683911 48.8856973),81,74,8174,48.8859808115,2.3677675414999997,0.05543061726590427
94187779,48.8857877,2.3709501,3,,,POINT (2.3709501 48.8857877),81,76,8176,48.8859808115,2.3715666755,0.04993510768356208
258075961,48.8857408,2.3755687,3,,,POINT (2.3755687 48.8857408),81,78,8178,48.8859808115,2.3753658095,0.030533998656123808
235084384,48.886027,2.3777896,3,,,POINT (2.3777896 48.886027),81,79,8179,48.8859808115,2.3772653765,0.03867234390451495
621295229,48.8860958,2.3830756,4,,,POINT (2.3830756 48.8860958),81,82,8182,48.8859808115,2.3829640775,0.015164976897818655
26551733,48.8856742,2.3868666,4,,,POINT (2.3868666 48.8856742),81,84,8184,48.8859808115,2.3867632115,0.03492166529686483
258079905,48.8860268,2.3892875,3,,,POINT (2.3892875 48.8860268),81,85,8185,48.8859808115,2.3886627784999996,0.04596327348895304
94118089,48.8860911,2.3898544,4,,,POINT (2.3898544 48.8860911),81,86,8186,48.8859808115,2.3905623455,0.0531958856056207
10594305730,48.8861289,2.3943509,3,,,POINT (2.3943509 48.8861289),81,88,8188,48.8859808115,2.3943614794999997,0.016484848960676975
258041473,48.8858588,2.3964111,3,,,POINT (2.3964111 48.8858588),81,89,8189,48.8859808115,2.3962610465,0.017448190198316088
320901154,48.8859778,2.3980967,4,traffic_signals,,POINT (2.3980967 48.8859778),81,90,8190,48.8859808115,2.3981606135,0.004685164412052436
1363278420,48.8867401,2.2861148,3,,,POINT (2.2861148 48.8867401),82,31,8231,48.8868410325,2.2860861605,0.011416859705323959
353192575,48.8872549,2.2871417,3,,,POINT (2.2871417 48.8872549),82,32,8232,48.8868410325,2.2879857274999997,0.07698161992897673
5525617857,48.8865799,2.2900705,4,,,POINT (2.2900705 48.8865799),82,33,8233,48.8868410325,2.2898852945,0.03203900169355986
27286560,48.8866549,2.2913192,3,,,POINT (2.2913192 48.8866549),82,34,8234,48.8868410325,2.2917848615,0.03984457125549078
27286553,48.8870185,2.2939819,3,,,POINT (2.2939819 48.8870185),82,35,8235,48.8868410325,2.2936844284999998,0.029367814271823924
27233766,48.8864662,2.2957668,5,traffic_signals,,POINT (2.2957668 48.8864662),82,36,8236,48.8868410325,2.2955839955,0.043770173751353995
3627128609,48.8869328,2.2973315,1,,,POINT (2.2973315 48.8869328),82,37,8237,48.8868410325,2.2974835625,0.015090976045965447
367912,48.8869037,2.3011542,4,,,POINT (2.3011542 48.8869037),82,39,8239,48.8868410325,2.3012826965,0.011697270438459027
9844108709,48.8870175,2.3050189,3,,,POINT (2.3050189 48.8870175),82,41,8241,48.8868410325,2.3050818305,0.020154541004595905
27234454,48.8866871,2.3086169,3,,,POINT (2.3086169 48.8866871),82,43,8243,48.8868410325,2.3088809645,0.02580212970331593
303547554,48.8865383,2.3114016,3,,,POINT (2.3114016 48.8865383),82,44,8244,48.8868410325,2.3107805315,0.056526438405481015
27234414,48.8869254,2.3126267,4,traffic_signals,,POINT (2.3126267 48.8869254),82,45,8245,48.8868410325,2.3126800985,0.010161252574773757
2722937419,48.8871963,2.3138875,4,,,POINT (2.3138875 48.8871963),82,46,8246,48.8868410325,2.3145796654999997,0.0642008814658188
241081749,48.8866245,2.3184506,4,,,POINT (2.3184506 48.8866245),82,48,8248,48.8868410325,2.3183787995,0.024642997002131215
27323528,48.887168,2.3193809,4,,,POINT (2.3193809 48.887168),82,49,8249,48.8868410325,2.3202783664999997,0.07501793696947637
27323689,48.8869728,2.3230423,4,,,POINT (2.3230423 48.8869728),82,50,8250,48.8868410325,2.3221779335,0.0648751650187894
9966747450,48.8867669,2.3259687,1,,,POINT (2.3259687 48.8867669),82,52,8252,48.8868410325,2.3259770674999998,0.008265830268286494
94243623,48.8867455,2.327792,3,,,POINT (2.327792 48.8867455),82,53,8253,48.8868410325,2.3278766345,0.012293718571407606
260419337,48.8868223,2.3288324,1,,,POINT (2.3288324 48.8868223),82,54,8254,48.8868410325,2.3297762015,0.069038465759316
6406082689,48.8867409,2.3325053,4,,,POINT (2.3325053 48.8867409),82,55,8255,48.8868410325,2.3316757685,0.061665630625025676
94225411,48.8871187,2.333912,3,,,POINT (2.333912 48.8871187),82,56,8256,48.8868410325,2.3335753355,0.03948673353566471
94225980,48.8865913,2.3355974,3,,,POINT (2.3355974 48.8865913),82,57,8257,48.8868410325,2.3354749025,0.029177671196224043
253045949,48.8869098,2.3370524,1,,,POINT (2.3370524 48.8869098),82,58,8258,48.8868410325,2.3373744695,0.024758815283908345
7834277448,48.8870275,2.3394059,3,,,POINT (2.3394059 48.8870275),82,59,8259,48.8868410325,2.3392740365,0.022866213625956085
25573648,48.8871502,2.3414014,1,,,POINT (2.3414014 48.8871502),82,60,8260,48.8868410325,2.3411736034999997,0.03820004723046553
94232729,48.8864874,2.3450755,2,,,POINT (2.3450755 48.8864874),82,62,8262,48.8868410325,2.3449727375,0.04003354927567615
94232556,48.8867056,2.3465964,3,,,POINT (2.3465964 48.8867056),82,63,8263,48.8868410325,2.3468723044999997,0.025174163382478906
94233332,48.8865523,2.3495414,4,traffic_signals,,POINT (2.3495414 48.8865523),82,64,8264,48.8868410325,2.3487718715,0.06478057588061077
1762593003,48.8867071,2.3507436,4,,,POINT (2.3507436 48.8867071),82,65,8265,48.8868410325,2.3506714385,0.01579961818563102
94251780,48.8869964,2.352611,3,,,POINT (2.352611 48.8869964),82,66,8266,48.8868410325,2.3525710054999998,0.01752181530478943
94251970,48.8867834,2.3564598,3,,,POINT (2.3564598 48.8867834),82,68,8268,48.8868410325,2.3563701394999996,0.009167569469409257
1030161708,48.8872515,2.3581467,3,,,POINT (2.3581467 48.8872515),82,69,8269,48.8868410325,2.3582697065,0.046519567822178386
94184450,48.8868337,2.3596441,3,traffic_signals,,POINT (2.3596441 48.8868337),82,70,8270,48.8868410325,2.3601692735,0.038407261909254156
94247754,48.8867262,2.3611518,3,traffic_signals,,POINT (2.3611518 48.8867262),82,71,8271,48.8868410325,2.3620688404999997,0.06825543059555926
559642340,48.886821,2.3684948,3,,,POINT (2.3684948 48.886821),82,74,8274,48.8868410325,2.3677675414999997,0.05322090404454648
883295063,48.8866134,2.3693024,3,,,POINT (2.3693024 48.8866134),82,75,8275,48.8868410325,2.3696671085,0.036766247148185084
201987686,48.8871328,2.3754844,3,,,POINT (2.3754844 48.8871328),82,78,8278,48.8868410325,2.3753658095,0.033581780978624895
258075963,48.8864799,2.3770622,3,,,POINT (2.3770622 48.8864799),82,79,8279,48.8868410325,2.3772653765,0.042815870909518564
243352440,48.8866618,2.3813656,3,,,POINT (2.3813656 48.8866618),82,81,8281,48.8868410325,2.3810645105,0.0296956792177733
10259124008,48.8866197,2.3848173,3,,,POINT (2.3848173 48.8866197),82,83,8283,48.8868410325,2.3848636444999998,0.02484322837499565
243352307,48.8871217,2.3867895,3,,,POINT (2.3867895 48.8871217),82,84,8284,48.8868410325,2.3867632115,0.031267935915036765
258079904,48.8864715,2.3891434,1,,,POINT (2.3891434 48.8864715),82,85,8285,48.8868410325,2.3886627784999996,0.05406762678592973
582823261,48.8868168,2.3943012,3,,,POINT (2.3943012 48.8868168),82,88,8288,48.8868410325,2.3943614794999997,0.0051658169046166465
442375,48.8866014,2.3963063,3,,,POINT (2.3963063 48.8866014),82,89,8289,48.8868410325,2.3962610465,0.02685056576200195
268140568,48.8875688,2.2877918,3,,,POINT (2.2877918 48.8875688),83,32,8332,48.8877012535,2.2879857274999997,0.020444124374204318
27286564,48.8873797,2.2916386,3,,,POINT (2.2916386 48.8873797),83,34,8334,48.8877012535,2.2917848615,0.03732007759273469
11301151643,48.8878065,2.2957215,4,,,POINT (2.2957215 48.8878065),83,36,8336,48.8877012535,2.2955839955,0.015428292345372316
34833592,48.887858,2.2976782,3,,,POINT (2.2976782 48.887858),83,37,8337,48.8877012535,2.2974835625,0.0225011502709206
5222287731,48.8879817,2.299779,4,,,POINT (2.299779 48.8879817),83,38,8338,48.8877012535,2.2993831295,0.04254651038193516
27233870,48.8880826,2.3023016,3,,,POINT (2.3023016 48.8880826),83,40,8340,48.8877012535,2.3031822635,0.07709773010868534
21292444,48.8875609,2.3048345,3,,,POINT (2.3048345 48.8875609),83,41,8341,48.8877012535,2.3050818305,0.02388682236087315
27234301,48.8878365,2.3070802,4,,,POINT (2.3070802 48.8878365),83,42,8342,48.8877012535,2.3069813975,0.016683769288335534
27234336,48.8877424,2.3091682,3,,,POINT (2.3091682 48.8877424),83,43,8343,48.8877012535,2.3088809645,0.021493755912644547
303547827,48.887845,2.3108951,3,,,POINT (2.3108951 48.887845),83,44,8344,48.8877012535,2.3107805315,0.018045845432180227
2925129353,48.8876994,2.3125633,3,traffic_signals,,POINT (2.3125633 48.8876994),83,45,8345,48.8877012535,2.3126800985,0.008542183105266091
367915,48.8873505,2.3141215,5,traffic_signals,,POINT (2.3141215 48.8873505),83,46,8346,48.8877012535,2.3145796654999997,0.05141328049362757
30378224,48.8879989,2.3166963,3,,,POINT (2.3166963 48.8879989),83,47,8347,48.8877012535,2.3164792325,0.03670529956466089
27323532,48.8877673,2.3183641,4,,,POINT (2.3183641 48.8877673),83,48,8348,48.8877012535,2.3183787995,0.0074222603134857824
27323534,48.8876464,2.3201962,4,,,POINT (2.3201962 48.8876464),83,49,8349,48.8877012535,2.3202783664999997,0.00856120192057096
27323674,48.887502,2.3221192,3,,,POINT (2.3221192 48.887502),83,50,8350,48.8877012535,2.3221779335,0.022568304041522238
9974396609,48.8880352,2.324631,3,,,POINT (2.324631 48.8880352),83,51,8351,48.8877012535,2.3240775005,0.05492358081688006
9974396613,48.8874908,2.3255568,3,,,POINT (2.3255568 48.8874908),83,52,8352,48.8877012535,2.3259770674999998,0.038624127236663745
260418670,48.8877782,2.3280677,3,,,POINT (2.3280677 48.8877782),83,53,8353,48.8877012535,2.3278766345,0.016381657620994042
361118,48.8874889,2.333377,4,traffic_signals,,POINT (2.333377 48.8874889),83,56,8356,48.8877012535,2.3335753355,0.027709992726203614
94225415,48.8875305,2.3352629,3,,,POINT (2.3352629 48.8875305),83,57,8357,48.8877012535,2.3354749025,0.024510610811712127
94225825,48.8876471,2.3374922,4,,,POINT (2.3374922 48.8876471),83,58,8358,48.8877012535,2.3373744695,0.0105049786523648
7834746375,48.8877795,2.3397485,3,,,POINT (2.3397485 48.8877795),83,59,8359,48.8877012535,2.3392740365,0.035764720364043226
94229703,48.8872895,2.3434132,3,,,POINT (2.3434132 48.8872895),83,61,8361,48.8877012535,2.3430731705,0.05209933301518985
94230475,48.8875312,2.3445384,3,,,POINT (2.3445384 48.8875312),83,62,8362,48.8877012535,2.3449727375,0.03695986471823816
306507366,48.8878987,2.3470769,3,,,POINT (2.3470769 48.8878987),83,63,8363,48.8877012535,2.3468723044999997,0.026566776461372513
1829498231,48.8874159,2.3495563,4,traffic_signals,,POINT (2.3495563 48.8874159),83,64,8364,48.8877012535,2.3487718715,0.06554544680732466
1762593007,48.8879522,2.3513672,3,,,POINT (2.3513672 48.8879522),83,65,8365,48.8877012535,2.3506714385,0.05802086990529363
94253261,48.8876367,2.3529991,3,,,POINT (2.3529991 48.8876367),83,66,8366,48.8877012535,2.3525710054999998,0.032112573546405815
94253119,48.888006,2.3562029,3,,,POINT (2.3562029 48.888006),83,68,8368,48.8877012535,2.3563701394999996,0.03602491016090206
7126926482,48.887787,2.3580817,1,,,POINT (2.3580817 48.887787),83,69,8369,48.8877012535,2.3582697065,0.0167290702865823
2523746287,48.8879952,2.3619428,3,,,POINT (2.3619428 48.8879952),83,71,8371,48.8877012535,2.3620688404999997,0.03395962674281536
94185774,48.8873252,2.3670592,3,,,POINT (2.3670592 48.8873252),83,74,8374,48.8877012535,2.3677675414999997,0.06656397359330936
201981889,48.8878856,2.3735183,3,,,POINT (2.3735183 48.8878856),83,77,8377,48.8877012535,2.3734662424999997,0.020848767723352795
94189169,48.8879985,2.3772367,3,,,POINT (2.3772367 48.8879985),83,79,8379,48.8877012535,2.3772653765,0.03311873701779885
258075599,48.88791,2.3799292,4,,,POINT (2.3799292 48.88791),83,80,8380,48.8877012535,2.3791649434999997,0.0605075495034892
243352045,48.8875716,2.3803214,3,,,POINT (2.3803214 48.8875716),83,81,8381,48.8877012535,2.3810645105,0.05621260781093698
243352114,48.8876693,2.3823888,3,,,POINT (2.3823888 48.8876693),83,82,8382,48.8877012535,2.3829640775,0.042211102826485804
26503666,48.8877726,2.3892753,4,,,POINT (2.3892753 48.8877726),83,85,8385,48.8877012535,2.3886627784999996,0.04548159548667034
705465617,48.8880605,2.3953825,3,,,POINT (2.3953825 48.8880605),83,89,8389,48.8877012535,2.3962610465,0.0756424814404299
353192571,48.888495,2.2896777,3,,,POINT (2.2896777 48.888495),84,33,8433,48.8885614745,2.2898852945,0.016882152194529185
25075891,48.8886836,2.2939317,3,,,POINT (2.2939317 48.8886836),84,35,8435,48.8885614745,2.2936844284999998,0.022610941572037392
11304046218,48.8881882,2.2959577,1,,,POINT (2.2959577 48.8881882),84,36,8436,48.8885614745,2.2955839955,0.04969216183043462
27323238,48.888567,2.2972242,3,,,POINT (2.2972242 48.888567),84,37,8437,48.8885614745,2.2974835625,0.018972854992788415
1369651947,48.8884318,2.2988408,3,,,POINT (2.2988408 48.8884318),84,38,8438,48.8885614745,2.2993831295,0.04219202168243738
5222287725,48.8888883,2.3012834,3,,,POINT (2.3012834 48.8888883),84,39,8439,48.8885614745,2.3012826965,0.036341373896710626
9020073792,48.8888535,2.3043223,3,,,POINT (2.3043223 48.8888535),84,41,8441,48.8885614745,2.3050818305,0.06432879617831523
27286747,48.8887724,2.3088673,3,,,POINT (2.3088673 48.8887724),84,43,8443,48.8885614745,2.3088809645,0.023475114158827422
367914,48.8881726,2.3105625,3,,,POINT (2.3105625 48.8881726),84,44,8444,48.8885614745,2.3107805315,0.0460857030674192
27323537,48.8884143,2.3172553,4,,,POINT (2.3172553 48.8884143),84,47,8447,48.8885614745,2.3164792325,0.05905394669056643
27323533,48.8883604,2.3189452,4,,,POINT (2.3189452 48.8883604),84,48,8448,48.8885614745,2.3183787995,0.047061905509661814
27323568,48.8886101,2.3202167,3,,,POINT (2.3202167 48.8886101),84,49,8449,48.8885614745,2.3202783664999997,0.007040071908431091
27323681,48.8883062,2.3241705,3,,,POINT (2.3241705 48.8883062),84,51,8451,48.8885614745,2.3240775005,0.029188267515249805
260419617,48.8888068,2.3278694,3,,,POINT (2.3278694 48.8888068),84,53,8453,48.8885614745,2.3278766345,0.027284078548648272
178877053,48.8885533,2.3318676,3,,,POINT (2.3318676 48.8885533),84,55,8455,48.8885614745,2.3316757685,0.014054900349879398
32463561,48.8884729,2.3330599,3,,,POINT (2.3330599 48.8884729),84,56,8456,48.8885614745,2.3335753355,0.03895109869143774
253057775,48.8884859,2.3355041,3,,,POINT (2.3355041 48.8884859),84,57,8457,48.8885614745,2.3354749025,0.00867040461996675
253057786,48.8885807,2.3374215,1,,,POINT (2.3374215 48.8885807),84,58,8458,48.8885614745,2.3373744695,0.004048928528439623
94246427,48.8885426,2.3397995,3,,,POINT (2.3397995 48.8885426),84,59,8459,48.8885614745,2.3392740365,0.038475776038991154
25573546,48.8889015,2.3415321,1,,,POINT (2.3415321 48.8889015),84,60,8460,48.8885614745,2.3411736034999997,0.04600584288397105
94230668,48.8884156,2.3434891,1,,,POINT (2.3434891 48.8884156),84,61,8461,48.8885614745,2.3430731705,0.03446563189287342
94231213,48.8885782,2.3449206,3,,,POINT (2.3449206 48.8885782),84,62,8462,48.8885614745,2.3449727375,0.004241441509226267
243647204,48.8887918,2.3465805,4,traffic_signals,,POINT (2.3465805 48.8887918),84,63,8463,48.8885614745,2.3468723044999997,0.03333314568721409
361114,48.8884009,2.3479972,5,traffic_signals,,POINT (2.3479972 48.8884009),84,64,8464,48.8885614745,2.3487718715,0.05938674558642986
94239628,48.8882977,2.3514657,3,,,POINT (2.3514657 48.8882977),84,65,8465,48.8885614745,2.3506714385,0.06505812637738057
94250487,48.888567,2.3545838,3,,,POINT (2.3545838 48.888567),84,67,8467,48.8885614745,2.3544705725,0.008301229145813402
94250378,48.888703,2.3560535,4,traffic_signals,,POINT (2.3560535 48.888703),84,68,8468,48.8885614745,2.3563701394999996,0.02799286768174624
202813304,48.8889011,2.3582187,3,,,POINT (2.3582187 48.8889011),84,69,8469,48.8885614745,2.3582697065,0.037948317395202026
2523746308,48.8882219,2.3607017,3,,,POINT (2.3607017 48.8882219),84,70,8470,48.8885614745,2.3601692735,0.054231960821235006
7070717798,48.8884739,2.373883,4,traffic_signals,,POINT (2.373883 48.8884739),84,77,8477,48.8885614745,2.3734662424999997,0.03198882731995677
2448382393,48.8888517,2.3780383,3,,,POINT (2.3780383 48.8888517),84,79,8479,48.8885614745,2.3772653765,0.06507648353919725
202048141,48.8886473,2.3791114,3,,,POINT (2.3791114 48.8886473),84,80,8480,48.8885614745,2.3791649434999997,0.010315085737213613
243351837,48.8885012,2.3811312,3,,,POINT (2.3811312 48.8885012),84,81,8481,48.8885614745,2.3810645105,0.008288196608845473
243352115,48.8882844,2.3843007,3,,,POINT (2.3843007 48.8882844),84,83,8483,48.8885614745,2.3848636444999998,0.05141276357496261
243352306,48.8883156,2.386235,3,,,POINT (2.386235 48.8883156),84,84,8484,48.8885614745,2.3867632115,0.04731744866845804
202043454,48.888921,2.3885702,4,,,POINT (2.3885702 48.888921),84,85,8485,48.8885614745,2.3886627784999996,0.04054638022044527
2156740988,48.888158,2.3907195,3,,,POINT (2.3907195 48.888158),84,86,8486,48.8885614745,2.3905623455,0.04631231874800267
202041972,48.8887952,2.3931079,3,,,POINT (2.3931079 48.8887952),84,87,8487,48.8885614745,2.3924619125,0.05390857891895917
5241163899,48.8888051,2.3959895,3,,,POINT (2.3959895 48.8888051),84,89,8489,48.8885614745,2.3962610465,0.033586188079851705
320899576,48.8885187,2.3979458,3,,,POINT (2.3979458 48.8885187),84,90,8490,48.8885614745,2.3981606135,0.016410177074412124
268146918,48.8893902,2.2975691,3,,,POINT (2.2975691 48.8893902),85,37,8537,48.8894216955,2.2974835625,0.00716767209393658
34837037,48.8895652,2.3010959,3,,,POINT (2.3010959 48.8895652),85,39,8539,48.8894216955,2.3012826965,0.021003361828392533
27286745,48.8896637,2.3028829,3,,,POINT (2.3028829 48.8896637),85,40,8540,48.8894216955,2.3031822635,0.034686815446326305
9020073974,48.8890266,2.3042699,3,,,POINT (2.3042699 48.8890266),85,41,8541,48.8894216955,2.3050818305,0.07385092042679163
303548480,48.8897643,2.3087111,1,turning_circle,,POINT (2.3087111 48.8897643),85,43,8543,48.8894216955,2.3088809645,0.04006907987647
5286088486,48.8893626,2.3130043,2,,,POINT (2.3130043 48.8893626),85,45,8545,48.8894216955,2.3126800985,0.02459710257550084
644131,48.8896898,2.3166761,3,,,POINT (2.3166761 48.8896898),85,47,8547,48.8894216955,2.3164792325,0.033104632163994965
27323565,48.8894753,2.3186696,4,,,POINT (2.3186696 48.8894753),85,48,8548,48.8894216955,2.3183787995,0.022080789538269304
27323593,48.8894953,2.3200131,3,,,POINT (2.3200131 48.8894953),85,49,8549,48.8894216955,2.3202783664999997,0.021050437469741053
27323629,48.8893683,2.3223298,3,,,POINT (2.3223298 48.8893683),85,50,8550,48.8894216955,2.3221779335,0.01259107258509509
368720976,48.8890757,2.3237154,1,,,POINT (2.3237154 48.8890757),85,51,8551,48.8894216955,2.3240775005,0.046701651388004084
273692324,48.8895872,2.3262657,3,,,POINT (2.3262657 48.8895872),85,52,8552,48.8894216955,2.3259770674999998,0.02799994987233134
3830556672,48.8894451,2.3284093,3,,,POINT (2.3284093 48.8894451),85,53,8553,48.8894216955,2.3278766345,0.03903122811838321
178878155,48.8891567,2.332244,3,,,POINT (2.332244 48.8891567),85,55,8555,48.8894216955,2.3316757685,0.05093353224084702
178878314,48.8892951,2.3335621,3,,,POINT (2.3335621 48.8892951),85,56,8556,48.8894216955,2.3335753355,0.01410999865201575
94223839,48.8895024,2.3357534,4,traffic_signals,,POINT (2.3357534 48.8895024),85,57,8557,48.8894216955,2.3354749025,0.022251399697280287
253057805,48.8893325,2.3370445,3,,,POINT (2.3370445 48.8893325),85,58,8558,48.8894216955,2.3373744695,0.026084022902731548
1904540767,48.8893934,2.3389837,1,,,POINT (2.3389837 48.8893934),85,59,8559,48.8894216955,2.3392740365,0.021459072633114893
25573614,48.8895139,2.3406576,3,,,POINT (2.3406576 48.8895139),85,60,8560,48.8894216955,2.3411736034999997,0.0390944949171773
5536051718,48.8894076,2.3426662,1,,,POINT (2.3426662 48.8894076),85,61,8561,48.8894216955,2.3430731705,0.0297957898851842
24911608,48.889317,2.3446605,3,,,POINT (2.3446605 48.889317),85,62,8562,48.8894216955,2.3449727375,0.025625446603040523
1211150583,48.8895718,2.3470944,1,,,POINT (2.3470944 48.8895718),85,63,8563,48.8894216955,2.3468723044999997,0.02328633744721141
54778001,48.8894785,2.349592,4,,,POINT (2.349592 48.8894785),85,64,8564,48.8894216955,2.3487718715,0.06029318252818889
94239967,48.8890602,2.3516447,3,,,POINT (2.3516447 48.8890602),85,66,8566,48.8894216955,2.3525710054999998,0.0787551168270524
94239467,48.889057,2.3599289,3,traffic_signals,,POINT (2.3599289 48.889057),85,70,8570,48.8894216955,2.3601692735,0.04419665930374196
8016392433,48.889688,2.3681174,4,,,POINT (2.3681174 48.889688),85,74,8574,48.8894216955,2.3677675414999997,0.039129686006845875
94186411,48.8892514,2.3713185,5,traffic_signals,,POINT (2.3713185 48.8892514),85,76,8576,48.8894216955,2.3715666755,0.026225982797080463
201988034,48.8898349,2.3759602,3,,,POINT (2.3759602 48.8898349),85,78,8578,48.8894216955,2.3753658095,0.06324217645938612
512468013,48.8891094,2.3785597,4,,,POINT (2.3785597 48.8891094),85,80,8580,48.8894216955,2.3791649434999997,0.056249542660484424
202047327,48.8894061,2.3809452,3,,,POINT (2.3809452 48.8894061),85,81,8581,48.8894216955,2.3810645105,0.008893764698481552
258050697,48.889659,2.3825957,3,,,POINT (2.3825957 48.889659),85,82,8582,48.8894216955,2.3829640775,0.03770484128969423
243352386,48.8894737,2.38547,3,,,POINT (2.38547 48.8894737),85,83,8583,48.8894216955,2.3848636444999998,0.04470754961861026
243352389,48.8893905,2.3877023,3,,,POINT (2.3877023 48.8893905),85,84,8584,48.8894216955,2.3867632115,0.06874647412812762
267583686,48.8892666,2.3948744,3,,,POINT (2.3948744 48.8892666),85,88,8588,48.8894216955,2.3943614794999997,0.0412762816917813
5005371959,48.8894839,2.3958112,4,traffic_signals,,POINT (2.3958112 48.8894839),85,89,8589,48.8894216955,2.3962610465,0.033608731526250546
320898418,48.8894949,2.3977841,3,traffic_signals,,POINT (2.3977841 48.8894949),85,90,8590,48.8894216955,2.3981606135,0.028706013174036826
353192566,48.8900897,2.2956888,3,,,POINT (2.2956888 48.8900897),86,36,8636,48.8902819165,2.2955839955,0.02270547302915927
209165758,48.8899324,2.2975301,3,,,POINT (2.2975301 48.8899324),86,37,8637,48.8902819165,2.2974835625,0.039013110656506846
27286738,48.8899266,2.3001346,3,,,POINT (2.3001346 48.8899266),86,38,8638,48.8902819165,2.2993831295,0.06767200958509358
34837038,48.8900694,2.3011399,3,,,POINT (2.3011399 48.8900694),86,39,8639,48.8902819165,2.3012826965,0.02583421425287924
9814086387,48.8902487,2.3036633,3,,,POINT (2.3036633 48.8902487),86,40,8640,48.8902819165,2.3031822635,0.035362489676594874
1369652299,48.8901151,2.3048914,3,,,POINT (2.3048914 48.8901151),86,41,8641,48.8902819165,2.3050818305,0.023192873270337554
303548849,48.8901171,2.3070103,1,,,POINT (2.3070103 48.8901171),86,42,8642,48.8902819165,2.3069813975,0.018448177393630857
27323662,48.8902524,2.3172175,3,traffic_signals,,POINT (2.3172175 48.8902524),86,47,8647,48.8902819165,2.3164792325,0.05407518837449132
3835398803,48.8899118,2.3192595,3,,,POINT (2.3192595 48.8899118),86,48,8648,48.8902819165,2.3183787995,0.07641793736213877
3835398802,48.890582,2.320208,4,,,POINT (2.320208 48.890582),86,49,8649,48.8902819165,2.3202783664999997,0.03376201988638239
27323626,48.8899907,2.3212594,3,,,POINT (2.3212594 48.8899907),86,50,8650,48.8902819165,2.3221779335,0.07455460045438865
273692604,48.8904431,2.3265511,3,,,POINT (2.3265511 48.8904431),86,52,8652,48.8902819165,2.3259770674999998,0.045634870272872455
361125,48.8900527,2.3292686,4,,,POINT (2.3292686 48.8900527),86,54,8654,48.8902819165,2.3297762015,0.04502082873651131
24911755,48.8902567,2.3330408,3,,,POINT (2.3330408 48.8902567),86,56,8656,48.8902819165,2.3335753355,0.03918089643082742
253057807,48.890344,2.3357922,3,,,POINT (2.3357922 48.890344),86,57,8657,48.8902819165,2.3354749025,0.024203309858169812
346362991,48.8904713,2.3373746,3,,,POINT (2.3373746 48.8904713),86,58,8658,48.8902819165,2.3373744695,0.02105848655159933
24910848,48.8905104,2.3413124,3,,,POINT (2.3413124 48.8905104),86,60,8660,48.8902819165,2.3411736034999997,0.027357770980332766
24910840,48.8902453,2.3432801,3,,,POINT (2.3432801 48.8902453),86,61,8661,48.8902819165,2.3430731705,0.01566713563458761
346363000,48.8905347,2.344611,1,,,POINT (2.344611 48.8905347),86,62,8662,48.8902819165,2.3449727375,0.03859421120548861
1211150595,48.8903306,2.3474093,3,,,POINT (2.3474093 48.8903306),86,63,8663,48.8902819165,2.3468723044999997,0.039631711035626675
54781286,48.8904353,2.3484592,6,traffic_signals,,POINT (2.3484592 48.8904353),86,64,8664,48.8902819165,2.3487718715,0.028521123330801104
94239969,48.8904666,2.351454,5,traffic_signals,,POINT (2.351454 48.8904666),86,65,8665,48.8902819165,2.3506714385,0.06078762349241692
94250805,48.890366,2.3533306,4,,,POINT (2.3533306 48.890366),86,66,8666,48.8902819165,2.3525710054999998,0.05631621100010882
94250558,48.8903544,2.3545343,3,,,POINT (2.3545343 48.8903544),86,67,8667,48.8902819165,2.3544705725,0.009309579780641453
94250376,48.890409,2.3558139,3,traffic_signals,,POINT (2.3558139 48.890409),86,68,8668,48.8902819165,2.3563701394999996,0.04305235804840559
202813138,48.8902896,2.3583083,3,,,POINT (2.3583083 48.8902896),86,69,8669,48.8902819165,2.3582697065,0.002948121545110077
94184179,48.8901818,2.3601966,3,,,POINT (2.3601966 48.8901818),86,70,8670,48.8902819165,2.3601692735,0.011310298725940715
268063475,48.8906918,2.3623039,3,,,POINT (2.3623039 48.8906918),86,71,8671,48.8902819165,2.3620688404999997,0.04870930701734552
995792731,48.8906067,2.3639222,3,,,POINT (2.3639222 48.8906067),86,72,8672,48.8902819165,2.3639684075,0.03627194116056244
94187782,48.8905562,2.3768534,4,,,POINT (2.3768534 48.8905562),86,79,8679,48.8902819165,2.3772653765,0.042864849232422494
202117375,48.890513,2.3831484,3,,,POINT (2.3831484 48.890513),86,82,8682,48.8902819165,2.3829640775,0.029014667275797833
6445270949,48.8900583,2.3851415,3,crossing,,POINT (2.3851415 48.8900583),86,83,8683,48.8902819165,2.3848636444999998,0.03210827990350691
243352290,48.8906265,2.3869145,3,,,POINT (2.3869145 48.8906265),86,84,8684,48.8902819165,2.3867632115,0.039880479907026034
797804097,48.8900435,2.3907741,1,,,POINT (2.3907741 48.8900435),86,86,8686,48.8902819165,2.3905623455,0.030700131547100464
415116417,48.8904764,2.3964389,4,,,POINT (2.3964389 48.8904764),86,89,8689,48.8902819165,2.3962610465,0.025233791665477675
2721076868,48.8902615,2.3987627,3,traffic_signals,,POINT (2.3987627 48.8902615),86,90,8690,48.8902819165,2.3981606135,0.04407765936968135
268146817,48.8910559,2.2973247,2,,,POINT (2.2973247 48.8910559),87,37,8737,48.8911421375,2.2974835625,0.015061430154640558
27323249,48.8907697,2.3019276,3,,,POINT (2.3019276 48.8907697),87,39,8739,48.8911421375,2.3012826965,0.06275403762071759
442321,48.8910624,2.3025282,3,,,POINT (2.3025282 48.8910624),87,40,8740,48.8911421375,2.3031822635,0.04863350397003138
5383094356,48.8913247,2.3067737,3,,,POINT (2.3067737 48.8913247),87,42,8742,48.8911421375,2.3069813975,0.0253508497671556
2399756570,48.891101,2.3180308,3,,,POINT (2.3180308 48.891101),87,48,8748,48.8911421375,2.3183787995,0.025850103059079227
6200752536,48.8915021,2.3202794,3,,,POINT (2.3202794 48.8915021),87,49,8749,48.8911421375,2.3202783664999997,0.04002607509965256
176949086,48.8914612,2.3238459,3,,,POINT (2.3238459 48.8914612),87,51,8751,48.8911421375,2.3240775005,0.039311540070717375
3835398811,48.8910324,2.3252198,4,,,POINT (2.3252198 48.8910324),87,52,8752,48.8911421375,2.3259770674999998,0.056692448441105825
24911985,48.8911749,2.3287701,3,,,POINT (2.3287701 48.8911749),87,53,8753,48.8911421375,2.3278766345,0.06542252280362644
24911983,48.8911336,2.3294053,4,,,POINT (2.3294053 48.8911336),87,54,8754,48.8911421375,2.3297762015,0.0271331290933634
24911712,48.8909513,2.3314221,3,traffic_signals,,POINT (2.3314221 48.8909513),87,55,8755,48.8911421375,2.3316757685,0.028182216457695045
346362995,48.8913728,2.337839,3,,,POINT (2.337839 48.8913728),87,58,8758,48.8911421375,2.3373744695,0.042558638827808894
24910810,48.8911833,2.3396168,6,,,POINT (2.3396168 48.8911833),87,59,8759,48.8911421375,2.3392740365,0.025473910349462725
24910815,48.8912785,2.3415931,3,,,POINT (2.3415931 48.8912785),87,60,8760,48.8911421375,2.3411736034999997,0.034212766212303965
6368119454,48.891246,2.342685,3,,,POINT (2.342685 48.891246),87,61,8761,48.8911421375,2.3430731705,0.030638988508767433
1673951956,48.8907927,2.3453313,4,,,POINT (2.3453313 48.8907927),87,62,8762,48.8911421375,2.3449727375,0.04687178158076279
24911594,48.8912695,2.347352,4,,,POINT (2.347352 48.8912695),87,63,8763,48.8911421375,2.3468723044999997,0.037821885129452816
94239970,48.8911838,2.3516153,4,traffic_signals,,POINT (2.3516153 48.8911838),87,65,8765,48.8911421375,2.3506714385,0.0691607765782665
94251346,48.8908898,2.3532204,3,,,POINT (2.3532204 48.8908898),87,66,8766,48.8911421375,2.3525710054999998,0.0551486270430768
685227225,48.8909604,2.3579522,1,,,POINT (2.3579522 48.8909604),87,69,8769,48.8911421375,2.3582697065,0.03077680697822974
685227227,48.8910365,2.3599405,3,,,POINT (2.3599405 48.8910365),87,70,8770,48.8911421375,2.3601692735,0.020438253258205075
202810897,48.8912993,2.3622931,3,,,POINT (2.3622931 48.8912993),87,71,8771,48.8911421375,2.3620688404999997,0.023962731756912083
995792734,48.8912124,2.3640004,3,,,POINT (2.3640004 48.8912124),87,72,8772,48.8911421375,2.3639684075,0.008155434418645175
201647513,48.8913515,2.3722417,3,,,POINT (2.3722417 48.8913515),87,76,8776,48.8911421375,2.3715666755,0.054566095187752905
258573643,48.8911309,2.3734554,3,,,POINT (2.3734554 48.8911309),87,77,8777,48.8911421375,2.3734662424999997,0.0014797783880204569
884211905,48.8912396,2.3773557,3,,,POINT (2.3773557 48.8912396),87,79,8779,48.8911421375,2.3772653765,0.012690718655368916
202117746,48.8908791,2.3838773,3,,,POINT (2.3838773 48.8908791),87,82,8782,48.8911421375,2.3829640775,0.07289116337755012
258050727,48.8907641,2.384817,3,,,POINT (2.384817 48.8907641),87,83,8783,48.8911421375,2.3848636444999998,0.042173951566040466
9014025571,48.8918168,2.3014849,4,,,POINT (2.3014849 48.8918168),88,39,8839,48.8920023585,2.3012826965,0.025382261549295064
27323394,48.8920446,2.3033088,3,,,POINT (2.3033088 48.8920446),88,40,8840,48.8920023585,2.3031822635,0.010375023987490264
2700151119,48.8923303,2.3089121,3,,,POINT (2.3089121 48.8923303),88,43,8843,48.8920023585,2.3088809645,0.03653640689304683
2399756572,48.8918864,2.3165752,3,,,POINT (2.3165752 48.8918864),88,47,8847,48.8920023585,2.3164792325,0.01467923944297912
178767178,48.8918923,2.3179233,3,,,POINT (2.3179233 48.8918923),88,48,8848,48.8920023585,2.3183787995,0.03547842112634208
176949384,48.8917095,2.3212138,4,,,POINT (2.3212138 48.8917095),88,49,8849,48.8920023585,2.3202783664999997,0.07574564229608206
176949258,48.8918981,2.3221095,4,,,POINT (2.3221095 48.8918981),88,50,8850,48.8920023585,2.3221779335,0.012626511178954837
280692710,48.8921828,2.323503,3,,,POINT (2.323503 48.8921828),88,51,8851,48.8920023585,2.3240775005,0.04654715240878412
176950353,48.8919282,2.3261777,3,,,POINT (2.3261777 48.8919282),88,52,8852,48.8920023585,2.3259770674999998,0.016826944678148933
273699629,48.8916115,2.3269665,3,,,POINT (2.3269665 48.8916115),88,53,8853,48.8920023585,2.3278766345,0.07947524523099578
1811219963,48.8921769,2.3318953,3,,,POINT (2.3318953 48.8921769),88,55,8855,48.8920023585,2.3316757685,0.02518461347639263
24911716,48.8918534,2.3335208,5,,,POINT (2.3335208 48.8918534),88,56,8856,48.8920023585,2.3335753355,0.017036533560474593
1984212562,48.8918683,2.3351294,3,,,POINT (2.3351294 48.8918683),88,57,8857,48.8920023585,2.3354749025,0.02932975642803633
25088676,48.8920749,2.3430281,4,,,POINT (2.3430281 48.8920749),88,61,8861,48.8920023585,2.3430731705,0.008713299264969504
3522596182,48.8923998,2.3449977,4,,,POINT (2.3449977 48.8923998),88,62,8862,48.8920023585,2.3449727375,0.04423114318827706
24910591,48.8920476,2.3469515,3,,,POINT (2.3469515 48.8920476),88,63,8863,48.8920023585,2.3468723044999997,0.007670050626985591
56529965,48.8917098,2.3487345,5,traffic_signals,,POINT (2.3487345 48.8917098),88,64,8864,48.8920023585,2.3487718715,0.03264555316508874
24912153,48.8918303,2.3497982,3,,,POINT (2.3497982 48.8918303),88,65,8865,48.8920023585,2.3506714385,0.06664638494160709
11286175763,48.8916632,2.3585857,1,,,POINT (2.3585857 48.8916632),88,69,8869,48.8920023585,2.3582697065,0.04422606907316567
202809434,48.8920167,2.3598715,4,traffic_signals,,POINT (2.3598715 48.8920167),88,70,8870,48.8920023585,2.3601692735,0.0218280973964557
202809822,48.8921105,2.3618263,4,,,POINT (2.3618263 48.8921105),88,71,8871,48.8920023585,2.3620688404999997,0.021424528926193113
202809823,48.8919413,2.3633639,4,,,POINT (2.3633639 48.8919413),88,72,8872,48.8920023585,2.3639684075,0.04471312468969171
202811131,48.8917272,2.3654695,3,,,POINT (2.3654695 48.8917272),88,73,8873,48.8920023585,2.3658679745,0.042246889250910344
258573336,48.8918416,2.3724586,3,,,POINT (2.3724586 48.8918416),88,76,8876,48.8920023585,2.3715666755,0.06761311897921785
202805791,48.8920515,2.3725538,3,,,POINT (2.3725538 48.8920515),88,77,8877,48.8920023585,2.3734662424999997,0.06693068618630582
201647463,48.8921563,2.3750776,4,,,POINT (2.3750776 48.8921563),88,78,8878,48.8920023585,2.3753658095,0.027147309983544837
246286552,48.892308,2.3791234,4,,,POINT (2.3791234 48.892308),88,80,8880,48.8920023585,2.3791649434999997,0.034121224284543714
202117744,48.8916595,2.3823975,3,,,POINT (2.3823975 48.8916595),88,82,8882,48.8920023585,2.3829640775,0.05629575189457791
2401433039,48.8923712,2.3853722,3,,,POINT (2.3853722 48.8923712),88,83,8883,48.8920023585,2.3848636444999998,0.055357137839571156
267582865,48.8916292,2.3984172,3,,,POINT (2.3984172 48.8916292),88,90,8890,48.8920023585,2.3981606135,0.04553664695941505
1366399072,48.8924751,2.3013598,3,,,POINT (2.3013598 48.8924751),89,39,8939,48.8928625795,2.3012826965,0.0434529201632758
303290628,48.8927805,2.3045949,1,,,POINT (2.3045949 48.8927805),89,41,8941,48.8928625795,2.3050818305,0.03674953830411095
2700151057,48.8925605,2.3086551,2,,,POINT (2.3086551 48.8925605),89,43,8943,48.8928625795,2.3088809645,0.03742896062364735
368557298,48.8927952,2.3163369,3,,,POINT (2.3163369 48.8927952),89,47,8947,48.8928625795,2.3164792325,0.012822216596954266
260426346,48.8930166,2.3181855,3,,,POINT (2.3181855 48.8930166),89,48,8948,48.8928625795,2.3183787995,0.02220385863158197
25095561,48.8924443,2.3247833,3,,,POINT (2.3247833 48.8924443),89,51,8951,48.8928625795,2.3240775005,0.0694673728037008
1828800143,48.8930872,2.327732,3,,,POINT (2.327732 48.8930872),89,53,8953,48.8928625795,2.3278766345,0.02712266347906044
24911986,48.8926093,2.3296948,3,,,POINT (2.3296948 48.8926093),89,54,8954,48.8928625795,2.3297762015,0.028785271866875333
1811219965,48.892672,2.3318296,1,,,POINT (2.3318296 48.892672),89,55,8955,48.8928625795,2.3316757685,0.02399074676160781
24910807,48.8929201,2.3374323,3,,,POINT (2.3374323 48.8929201),89,58,8958,48.8928625795,2.3373744695,0.007667018048927641
24910788,48.8926836,2.3400835,4,,,POINT (2.3400835 48.8926836),89,59,8959,48.8928625795,2.3392740365,0.06243459851801027
24910558,48.8925069,2.3414758,4,,,POINT (2.3414758 48.8925069),89,60,8960,48.8928625795,2.3411736034999997,0.04530205538711148
24910564,48.8926688,2.3432864,3,,,POINT (2.3432864 48.8926688),89,61,8961,48.8928625795,2.3430731705,0.026594961464026724
2905112354,48.892528,2.3443033,4,traffic_signals,,POINT (2.3443033 48.892528),89,62,8962,48.8928625795,2.3449727375,0.061476124027949164
24910458,48.8924428,2.3462366,3,,,POINT (2.3462366 48.8924428),89,63,8963,48.8928625795,2.3468723044999997,0.06586866616764925
3036743736,48.8926205,2.3488069,3,traffic_signals,,POINT (2.3488069 48.8926205),89,64,8964,48.8928625795,2.3487718715,0.027039550644070907
273100353,48.8929791,2.3506013,3,,,POINT (2.3506013 48.8929791),89,65,8965,48.8928625795,2.3506714385,0.01393424328219416
273100352,48.8926428,2.3523433,3,,,POINT (2.3523433 48.8926428),89,66,8966,48.8928625795,2.3525710054999998,0.029569491206293503
2328721253,48.8927035,2.3597689,3,traffic_signals,,POINT (2.3597689 48.8927035),89,70,8970,48.8928625795,2.3601692735,0.03420002940101755
569110008,48.8932422,2.3618066,3,,,POINT (2.3618066 48.8932422),89,71,8971,48.8928625795,2.3620688404999997,0.04636154296434552
243648866,48.8931294,2.3636044,3,,,POINT (2.3636044 48.8931294),89,72,8972,48.8928625795,2.3639684075,0.039855075810918794
202805712,48.8928994,2.3695477,3,,,POINT (2.3695477 48.8928994),89,75,8975,48.8928625795,2.3696671085,0.009642053535859977
258573050,48.8929134,2.3729535,3,,,POINT (2.3729535 48.8929134),89,77,8977,48.8928625795,2.3734662424999997,0.03790872155386221
258573129,48.8925964,2.374611,3,,,POINT (2.374611 48.8925964),89,78,8978,48.8928625795,2.3753658095,0.06261871267594929
884214101,48.8931716,2.3798518,3,,,POINT (2.3798518 48.8931716),89,80,8980,48.8928625795,2.3791649434999997,0.06084538914936164
202119087,48.8931736,2.3851938,3,,,POINT (2.3851938 48.8931736),89,83,8983,48.8928625795,2.3848636444999998,0.04217375398961039
320909825,48.8925133,2.3948694,3,,,POINT (2.3948694 48.8925133),89,88,8988,48.8928625795,2.3943614794999997,0.05373306977788421
320910393,48.8932358,2.3953937,3,,,POINT (2.3953937 48.8932358),89,89,8989,48.8928625795,2.3962610465,0.0757824390388553
933859767,48.8926165,2.3981759,3,,,POINT (2.3981759 48.8926165),89,90,8990,48.8928625795,2.3981606135,0.027385604168685625
190949412,48.8935491,2.3037603,3,motorway_junction,,POINT (2.3037603 48.8935491),90,40,9040,48.8937228005,2.3031822635,0.04646280604957035
260697442,48.8937535,2.311775,4,,,POINT (2.311775 48.8937535),90,45,9045,48.8937228005,2.3126800985,0.06625608167969745
5475363669,48.8937993,2.3146034,3,,,POINT (2.3146034 48.8937993),90,46,9046,48.8937228005,2.3145796654999997,0.008681519547707617
260426345,48.8933653,2.3171175,3,,,POINT (2.3171175 48.8933653),90,47,9047,48.8937228005,2.3164792325,0.06129861914395642
260426337,48.8936131,2.3186132,3,,,POINT (2.3186132 48.8936131),90,48,9048,48.8937228005,2.3183787995,0.021034266184919895
368731455,48.8941248,2.3209252,3,,,POINT (2.3209252 48.8941248),90,49,9049,48.8937228005,2.3202783664999997,0.06507070531894789
178766323,48.8937373,2.3221404,4,,,POINT (2.3221404 48.8937373),90,50,9050,48.8937228005,2.3221779335,0.0031825349149331252
178765238,48.8935006,2.3234208,3,,,POINT (2.3234208 48.8935006),90,51,9051,48.8937228005,2.3240775005,0.053993630816724536
178880823,48.893865,2.325618,3,,,POINT (2.325618 48.893865),90,52,9052,48.8937228005,2.3259770674999998,0.03064432126045533
368737744,48.894045,2.3277839,3,,,POINT (2.3277839 48.894045),90,53,9053,48.8937228005,2.3278766345,0.036462733278106
644125,48.8936232,2.3300973,3,traffic_signals,,POINT (2.3300973 48.8936232),90,54,9054,48.8937228005,2.3297762015,0.025955677351620958
260423175,48.8939071,2.3343602,3,,,POINT (2.3343602 48.8939071),90,56,9056,48.8937228005,2.3335753355,0.060928032218167734
260694385,48.8938039,2.335098,3,,,POINT (2.335098 48.8938039),90,57,9057,48.8937228005,2.3354749025,0.028991958092345928
451120738,48.8934881,2.3373376,3,,,POINT (2.3373376 48.8934881),90,58,9058,48.8937228005,2.3373744695,0.026236327332075517
24910798,48.8936971,2.3389215,4,,,POINT (2.3389215 48.8936971),90,59,9059,48.8937228005,2.3392740365,0.025930486483552763
24910794,48.8934243,2.3402972,3,,,POINT (2.3402972 48.8934243),90,60,9060,48.8937228005,2.3411736034999997,0.07215762839633062
24910431,48.8936145,2.3430176,3,,,POINT (2.3430176 48.8936145),90,61,9061,48.8937228005,2.3430731705,0.012709257286771561
24910438,48.8936533,2.3450035,3,,,POINT (2.3450035 48.8936533),90,62,9062,48.8937228005,2.3449727375,0.008048679099082006
24910528,48.8937978,2.3473523,3,,,POINT (2.3473523 48.8937978),90,63,9063,48.8937228005,2.3468723044999997,0.036067884656748476
24912098,48.8940657,2.3492571,4,,,POINT (2.3492571 48.8940657),90,64,9064,48.8937228005,2.3487718715,0.05207810356366503
24912125,48.8935967,2.3510189,4,,,POINT (2.3510189 48.8935967),90,65,9065,48.8937228005,2.3506714385,0.029014607483243225
1706203405,48.8934254,2.3540003,1,,,POINT (2.3540003 48.8934254),90,67,9067,48.8937228005,2.3544705725,0.047702827256942124
202809157,48.8933074,2.3596757,4,,,POINT (2.3596757 48.8933074),90,70,9070,48.8937228005,2.3601692735,0.05861366442100811
202808463,48.8940754,2.3617394,4,,,POINT (2.3617394 48.8940754),90,71,9071,48.8937228005,2.3620688404999997,0.046013570742946756
331434319,48.893683,2.3645228,3,,,POINT (2.3645228 48.893683),90,72,9072,48.8937228005,2.3639684075,0.04077033031155956
4365655624,48.8937286,2.3735705,3,,,POINT (2.3735705 48.8937286),90,77,9077,48.8937228005,2.3734662424999997,0.007649077814186348
512472370,48.8935498,2.37604,3,,,POINT (2.37604 48.8935498),90,78,9078,48.8937228005,2.3753658095,0.052908459375587184
201646642,48.8934931,2.3767674,4,,,POINT (2.3767674 48.8934931),90,79,9079,48.8937228005,2.3772653765,0.04447138361479419
216033816,48.8936002,2.38308,3,,,POINT (2.38308 48.8936002),90,82,9082,48.8937228005,2.3829640775,0.016051977982959056
202118178,48.8936746,2.384889,3,,,POINT (2.384889 48.8936746),90,83,9083,48.8937228005,2.3848636444999998,0.005671140837695207
130052295,48.8937897,2.3945887,3,,,POINT (2.3945887 48.8937897),90,88,9088,48.8937228005,2.3943614794999997,0.018200763497456345
267582866,48.8933874,2.3979667,2,,,POINT (2.3979667 48.8933874),90,90,9090,48.8937228005,2.3981606135,0.03989826595697373
5106179144,48.8943995,2.3112653,3,,,POINT (2.3112653 48.8943995),91,44,9144,48.8945830215,2.3107805315,0.0408943681959708
5222503192,48.8943572,2.3132514,4,,,POINT (2.3132514 48.8943572),91,45,9145,48.8945830215,2.3126800985,0.04873224329041454
260427421,48.894265,2.3150407,3,,,POINT (2.3150407 48.894265),91,46,9146,48.8945830215,2.3145796654999997,0.048851312920837615
260427380,48.8943767,2.3156313,3,,,POINT (2.3156313 48.8943767),91,47,9147,48.8945830215,2.3164792325,0.06609721602437651
2580430969,48.8948324,2.3184387,4,,,POINT (2.3184387 48.8948324),91,48,9148,48.8945830215,2.3183787995,0.0280732554479521
178765863,48.8944882,2.3198275,4,,,POINT (2.3198275 48.8944882),91,49,9149,48.8945830215,2.3202783664999997,0.03460582878553268
368732490,48.8944966,2.3218877,3,,,POINT (2.3218877 48.8944966),91,50,9150,48.8945830215,2.3221779335,0.023292175624956984
178880787,48.8949577,2.3280915,4,,,POINT (2.3280915 48.8949577),91,53,9153,48.8945830215,2.3278766345,0.044525056525206726
6365475163,48.8943369,2.3299036,4,,,POINT (2.3299036 48.8943369),91,54,9154,48.8945830215,2.3297762015,0.028908794615735096
24911956,48.8944074,2.3323938,3,,,POINT (2.3323938 48.8944074),91,55,9155,48.8945830215,2.3316757685,0.05600640411880429
260421264,48.894853,2.3355052,3,,,POINT (2.3355052 48.894853),91,57,9157,48.8945830215,2.3354749025,0.0301018353487763
602124183,48.8943861,2.3379661,1,,,POINT (2.3379661 48.8943861),91,58,9158,48.8945830215,2.3373744695,0.04847802329353699
3036682209,48.8942628,2.3391487,1,,,POINT (2.3391487 48.8942628),91,59,9159,48.8945830215,2.3392740365,0.03676702731912427
24910687,48.8945423,2.340659,3,,,POINT (2.340659 48.8945423),91,60,9160,48.8945830215,2.3411736034999997,0.03789147883581822
24910433,48.8948983,2.3432391,4,,,POINT (2.3432391 48.8948983),91,61,9161,48.8945830215,2.3430731705,0.037096639845118656
24910622,48.8945696,2.3444732,3,,,POINT (2.3444732 48.8945696),91,62,9162,48.8945830215,2.3449727375,0.0365490332358861
57340428,48.8946283,2.3471463,4,traffic_signals,,POINT (2.3471463 48.8946283),91,63,9163,48.8945830215,2.3468723044999997,0.020653417796010366
7140083424,48.8948549,2.3494289,3,,,POINT (2.3494289 48.8948549),91,64,9164,48.8945830215,2.3487718715,0.05675379452742809
273099594,48.8946429,2.3506615,3,,,POINT (2.3506615 48.8946429),91,65,9165,48.8945830215,2.3506714385,0.00669770923831246
273099632,48.8942265,2.3528628,3,,,POINT (2.3528628 48.8942265),91,66,9166,48.8945830215,2.3525710054999998,0.04501817586135877
202807054,48.8949154,2.3649085,3,,,POINT (2.3649085 48.8949154),91,72,9172,48.8945830215,2.3639684075,0.07803251828487336
202807056,48.8943249,2.365979,3,,,POINT (2.365979 48.8943249),91,73,9173,48.8945830215,2.3658679745,0.02982735495566603
2127242896,48.8941769,2.3701647,3,,,POINT (2.3701647 48.8941769),91,75,9175,48.8945830215,2.3696671085,0.05798748584329495
512472569,48.8946265,2.3741143,3,,,POINT (2.3741143 48.8946265),91,77,9177,48.8945830215,2.3734662424999997,0.04762207664722755
94188138,48.8944376,2.3814641,4,traffic_signals,,POINT (2.3814641 48.8944376),91,81,9181,48.8945830215,2.3810645105,0.03338876143486792
202118936,48.8947894,2.3823308,3,,,POINT (2.3823308 48.8947894),91,82,9182,48.8945830215,2.3829640775,0.05167100559985897
216034236,48.8945188,2.384354,3,,,POINT (2.384354 48.8945188),91,83,9183,48.8945830215,2.3848636444999998,0.03793563188414947
319713840,48.8950511,2.3058553,3,,,POINT (2.3058553 48.8950511),92,41,9241,48.8954432425,2.3050818305,0.07140378363451573
25075871,48.895412,2.3073475,3,motorway_junction,,POINT (2.3073475 48.895412),92,42,9242,48.8954432425,2.3069813975,0.02698789558593595
6361909684,48.8952112,2.3120076,3,,,POINT (2.3120076 48.8952112),92,45,9245,48.8954432425,2.3126800985,0.05552162223861795
2580430979,48.8953256,2.3164563,3,,,POINT (2.3164563 48.8953256),92,47,9247,48.8954432425,2.3164792325,0.013188235439314413
268238825,48.8952262,2.3184717,3,,,POINT (2.3184717 48.8952262),92,48,9248,48.8954432425,2.3183787995,0.025071373296226135
260425918,48.8953477,2.3204864,3,,,POINT (2.3204864 48.8953477),92,49,9249,48.8954432425,2.3202783664999997,0.018551246073745548
178766485,48.8957813,2.3218623,4,,,POINT (2.3218623 48.8957813),92,50,9250,48.8954432425,2.3221779335,0.04410703249628989
368750967,48.8953075,2.3240744,3,,,POINT (2.3240744 48.8953075),92,51,9251,48.8954432425,2.3240775005,0.015095579038523608
1848652702,48.8954762,2.3265473,3,,,POINT (2.3265473 48.8954762),92,52,9252,48.8954432425,2.3259770674999998,0.0418467290650482
2113435434,48.8954387,2.3282545,3,,,POINT (2.3282545 48.8954387),92,53,9253,48.8954432425,2.3278766345,0.0276278928487266
2113426683,48.8956673,2.3298136,3,,,POINT (2.3298136 48.8956673),92,54,9254,48.8954432425,2.3297762015,0.025063614096480297
3835372157,48.8957543,2.3310711,3,,,POINT (2.3310711 48.8957543),92,55,9255,48.8954432425,2.3316757685,0.05612713662392093
644123,48.8953189,2.3375759,4,traffic_signals,,POINT (2.3375759 48.8953189),92,58,9258,48.8954432425,2.3373744695,0.020198993076710733
330167447,48.8956087,2.3388903,3,,,POINT (2.3388903 48.8956087),92,59,9259,48.8954432425,2.3392740365,0.03354736693708205
24911963,48.8957751,2.3413584,4,,,POINT (2.3413584 48.8957751),92,60,9260,48.8954432425,2.3411736034999997,0.039295969313718974
621222822,48.8955235,2.3433498,3,,,POINT (2.3433498 48.8955235),92,61,9261,48.8954432425,2.3430731705,0.02210415359617106
621222823,48.8952406,2.3443112,1,,,POINT (2.3443112 48.8952406),92,62,9262,48.8954432425,2.3449727375,0.053352530377620465
56976634,48.8953257,2.3465707,3,,,POINT (2.3465707 48.8953257),92,63,9263,48.8954432425,2.3468723044999997,0.02563119868561542
24912069,48.8956134,2.3483256,3,,,POINT (2.3483256 48.8956134),92,64,9264,48.8954432425,2.3487718715,0.03771355271916567
1662201483,48.8957297,2.3513483,1,,,POINT (2.3513483 48.8957297),92,65,9265,48.8954432425,2.3506714385,0.0588467191662856
24912073,48.8951114,2.3529252,3,traffic_signals,,POINT (2.3529252 48.8951114),92,66,9266,48.8954432425,2.3525710054999998,0.04507765368459686
2160034010,48.8953138,2.358324,3,,,POINT (2.358324 48.8953138),92,69,9269,48.8954432425,2.3582697065,0.014930567402026564
2160033997,48.8953203,2.3597126,3,,,POINT (2.3597126 48.8953203),92,70,9270,48.8954432425,2.3601692735,0.036075011676412035
202806611,48.8953134,2.3622548,3,,,POINT (2.3622548 48.8953134),92,71,9271,48.8954432425,2.3620688404999997,0.01983067933415076
202807053,48.895095,2.3635698,3,,,POINT (2.3635698 48.895095),92,72,9272,48.8954432425,2.3639684075,0.04846211468968843
201646527,48.8952791,2.3719452,4,,,POINT (2.3719452 48.8952791),92,76,9276,48.8954432425,2.3715666755,0.03314876014287133
7890851899,48.8956881,2.3792665,3,,,POINT (2.3792665 48.8956881),92,80,9280,48.8954432425,2.3791649434999997,0.02822095279430998
216034847,48.8951429,2.3827408,3,,,POINT (2.3827408 48.8951429),92,82,9282,48.8954432425,2.3829640775,0.03717191555688744
319714968,48.896312,2.3086972,3,,,POINT (2.3086972 48.896312),93,43,9343,48.8963034635,2.3088809645,0.013467081698759318
7042284389,48.8964048,2.3103469,4,,,POINT (2.3103469 48.8964048),93,44,9344,48.8963034635,2.3107805315,0.03364254908683191
268334914,48.8960641,2.3146314,2,,,POINT (2.3146314 48.8960641),93,46,9346,48.8963034635,2.3145796654999997,0.02688335355225153
6594770830,48.8961824,2.3181908,3,,,POINT (2.3181908 48.8961824),93,48,9348,48.8963034635,2.3183787995,0.01923775722287672
281004349,48.896262,2.3222042,3,,,POINT (2.3222042 48.896262),93,50,9350,48.8963034635,2.3221779335,0.004994389956018435
6365396280,48.8967071,2.3236916,3,,,POINT (2.3236916 48.8967071),93,51,9351,48.8963034635,2.3240775005,0.053011613567019965
178882038,48.8964788,2.3251181,4,traffic_signals,,POINT (2.3251181 48.8964788),93,52,9352,48.8963034635,2.3259770674999998,0.0657494324767826
178882329,48.8965734,2.327181,3,,,POINT (2.327181 48.8965734),93,53,9353,48.8963034635,2.3278766345,0.05904987844144188
24912029,48.8967004,2.3301734,3,,,POINT (2.3301734 48.8967004),93,54,9354,48.8963034635,2.3297762015,0.05283172252109813
178883172,48.8959702,2.3309065,4,,,POINT (2.3309065 48.8959702),93,55,9355,48.8963034635,2.3316757685,0.06734729172477193
24911947,48.8962549,2.3330699,4,,,POINT (2.3330699 48.8962549),93,56,9356,48.8963034635,2.3335753355,0.03734098487566009
24911950,48.8965942,2.335698,3,,,POINT (2.335698 48.8965942),93,57,9357,48.8963034635,2.3354749025,0.03620920093609644
24911964,48.8963703,2.3388789,4,,,POINT (2.3388789 48.8963703),93,59,9359,48.8963034635,2.3392740365,0.029826078763021263
340969152,48.8962781,2.3416739,3,,,POINT (2.3416739 48.8962781),93,60,9360,48.8963034635,2.3411736034999997,0.036681364691162406
24911959,48.8963718,2.3436124,3,,,POINT (2.3436124 48.8963718),93,61,9361,48.8963034635,2.3430731705,0.04014454325942586
622024412,48.8962316,2.3451164,1,,,POINT (2.3451164 48.8962316),93,62,9362,48.8963034635,2.3449727375,0.01319647253318859
639615016,48.8961686,2.3468152,1,,,POINT (2.3468152 48.8961686),93,63,9363,48.8963034635,2.3468723044999997,0.015566320221033067
5240597744,48.8966122,2.3592362,3,,,POINT (2.3592362 48.8966122),93,70,9370,48.8963034635,2.3601692735,0.07636152142364525
2258592544,48.8959311,2.3661375,3,,,POINT (2.3661375 48.8959311),93,73,9373,48.8963034635,2.3658679745,0.045853852787727904
2721076937,48.8958999,2.3714957,3,,,POINT (2.3714957 48.8958999),93,76,9376,48.8963034635,2.3715666755,0.04517317178625039
4539453718,48.8963948,2.3761454,3,,,POINT (2.3761454 48.8963948),93,78,9378,48.8963034635,2.3753658095,0.057887619469111806
1721219009,48.8959848,2.3792879,3,,,POINT (2.3792879 48.8959848),93,80,9380,48.8963034635,2.3791649434999997,0.03655603020648632
216034547,48.8959513,2.3813233,3,crossing,,POINT (2.3813233 48.8959513),93,81,9381,48.8963034635,2.3810645105,0.04348916545170109
2811530568,48.8960261,2.3837495,3,,,POINT (2.3837495 48.8960261),93,82,9382,48.8963034635,2.3829640775,0.06517530923914078
884203677,48.8964122,2.3841428,3,traffic_signals,,POINT (2.3841428 48.8964122),93,83,9383,48.8963034635,2.3848636444999998,0.05406460433773382
25055867,48.89706,2.3106852,3,,,POINT (2.3106852 48.89706),94,44,9444,48.8971636845,2.3107805315,0.013471704243787434
268334910,48.8967939,2.3130137,1,,,POINT (2.3130137 48.8967939),94,45,9445,48.8971636845,2.3126800985,0.04780599286726314
368524024,48.8973292,2.3241886,3,,,POINT (2.3241886 48.8973292),94,51,9451,48.8971636845,2.3240775005,0.020116739590941977
178882511,48.8972103,2.3258383,3,,,POINT (2.3258383 48.8972103),94,52,9452,48.8971636845,2.3259770674999998,0.011391622070770118
4964974719,48.8975339,2.3277967,3,,,POINT (2.3277967 48.8975339),94,53,9453,48.8971636845,2.3278766345,0.0415787245537433
5568703531,48.8975461,2.3293798,3,,,POINT (2.3293798 48.8975461),94,54,9454,48.8971636845,2.3297762015,0.05145731914340863
24911949,48.8970942,2.3336693,3,,,POINT (2.3336693 48.8970942),94,56,9456,48.8971636845,2.3335753355,0.010338173982918707
408501598,48.8972458,2.3357074,3,,,POINT (2.3357074 48.8972458),94,57,9457,48.8971636845,2.3354749025,0.01929321805800468
268233911,48.8972278,2.3379938,3,,,POINT (2.3379938 48.8972278),94,58,9458,48.8971636845,2.3373744695,0.045831508728258155
178884499,48.8967675,2.3384095,4,,,POINT (2.3384095 48.8967675),94,59,9459,48.8971636845,2.3392740365,0.07703766854853317
24911962,48.896803,2.3420235,3,,,POINT (2.3420235 48.896803),94,60,9460,48.8971636845,2.3411736034999997,0.0739490326173362
24911957,48.8972217,2.3422942,4,,,POINT (2.3422942 48.8972217),94,61,9461,48.8971636845,2.3430731705,0.05730769111091613
60766874,48.8975513,2.3446898,5,,,POINT (2.3446898 48.8975513),94,62,9462,48.8971636845,2.3449727375,0.04780657552855865
674728522,48.8970785,2.3581902,1,,,POINT (2.3581902 48.8970785),94,69,9469,48.8971636845,2.3582697065,0.011113045486935135
219233930,48.8971441,2.3604086,1,,,POINT (2.3604086 48.8971441),94,70,9470,48.8971636845,2.3601692735,0.017630009487629782
5894405732,48.8974366,2.3890596,1,traffic_signals,,POINT (2.3890596 48.8974366),94,85,9485,48.8971636845,2.3886627784999996,0.041980832853660964
5582916736,48.8969996,2.3924099,3,,,POINT (2.3924099 48.8969996),94,87,9487,48.8971636845,2.3924619125,0.018637322597300377
25055851,48.8979066,2.3134259,3,motorway_junction,,POINT (2.3134259 48.8979066),95,45,9545,48.8980239055,2.3126800985,0.056056608266460466
268238294,48.8981284,2.3240319,3,,,POINT (2.3240319 48.8981284),95,51,9551,48.8980239055,2.3240775005,0.012087951657100951
5568703544,48.8982081,2.3256135,3,,,POINT (2.3256135 48.8982081),95,52,9552,48.8980239055,2.3259770674999998,0.033553067053521096
6249842276,48.8979407,2.3290907,3,traffic_signals,,POINT (2.3290907 48.8979407),95,54,9554,48.8980239055,2.3297762015,0.05095694743314384
4864708820,48.8976528,2.3323952,3,,,POINT (2.3323952 48.8976528),95,55,9555,48.8980239055,2.3316757685,0.06684725420864727
4864709128,48.8977926,2.3334897,3,,,POINT (2.3334897 48.8977926),95,56,9556,48.8980239055,2.3335753355,0.026470836410188794
268234229,48.898437,2.3358564,3,,,POINT (2.3358564 48.898437),95,57,9557,48.8980239055,2.3354749025,0.05373668351190878
4964977862,48.8978898,2.3373736,4,,,POINT (2.3373736 48.8978898),95,58,9558,48.8980239055,2.3373744695,0.014911986693604568
4964977860,48.8979206,2.3393418,3,,,POINT (2.3393418 48.8979206),95,59,9559,48.8980239055,2.3392740365,0.012509571419607356
268233761,48.897961,2.3408592,3,,,POINT (2.3408592 48.897961),95,60,9560,48.8980239055,2.3411736034999997,0.024023663634742627
268233039,48.8978553,2.3426808,3,,,POINT (2.3426808 48.8978553),95,61,9561,48.8980239055,2.3430731705,0.03426600897969008
5569107988,48.8978884,2.344517,4,,,POINT (2.344517 48.8978884),95,62,9562,48.8980239055,2.3449727375,0.03656328263554635
60766750,48.8978426,2.3472623,3,,,POINT (2.3472623 48.8978426),95,63,9563,48.8980239055,2.3468723044999997,0.034916700249992716
60766531,48.8979651,2.3525397,3,traffic_signals,,POINT (2.3525397 48.8979651),95,66,9566,48.8980239055,2.3525710054999998,0.006927751825402965
5352598326,48.898316,2.3555612,3,,,POINT (2.3555612 48.898316),95,68,9568,48.8980239055,2.3563701394999996,0.06746577248966766
2721077026,48.8977371,2.3705461,3,,,POINT (2.3705461 48.8977371),95,75,9575,48.8980239055,2.3696671085,0.07173322925017347
2721077027,48.8977514,2.371073,3,,,POINT (2.371073 48.8977514),95,76,9576,48.8980239055,2.3715666755,0.0471219782804983
2829333368,48.8979175,2.3798486,1,,,POINT (2.3798486 48.8979175),95,80,9580,48.8980239055,2.3791649434999997,0.051356631235053844
17348293,48.8976299,2.3854683,3,traffic_signals,,POINT (2.3854683 48.8976299),95,83,9583,48.8980239055,2.3848636444999998,0.06223428569881825
216041845,48.8982098,2.3862774,4,,,POINT (2.3862774 48.8982098),95,84,9584,48.8980239055,2.3867632115,0.04109033205411973
867319337,48.8976134,2.3890562,3,,,POINT (2.3890562 48.8976134),95,85,9585,48.8980239055,2.3886627784999996,0.053950488332913875
2580431031,48.8991211,2.3212206,4,,,POINT (2.3212206 48.8991211),96,49,9649,48.8988841265,2.3202783664999997,0.07374406320699546
368465823,48.8988238,2.322365,3,,,POINT (2.322365 48.8988238),96,50,9650,48.8988841265,2.3221779335,0.015230990120929851
2294658847,48.8988772,2.3238005,4,,,POINT (2.3238005 48.8988772),96,51,9651,48.8988841265,2.3240775005,0.02026294416616555
2855460320,48.898859,2.326295,3,,,POINT (2.326295 48.898859),96,52,9652,48.8988841265,2.3259770674999998,0.0234077107227195
368789066,48.8989972,2.3287482,3,,,POINT (2.3287482 48.8989972),96,53,9653,48.8988841265,2.3278766345,0.06493880575669567
192451190,48.8989992,2.329477,5,,,POINT (2.329477 48.8989992),96,54,9654,48.8988841265,2.3297762015,0.02533917057375569
268234154,48.8988174,2.334352,3,,,POINT (2.334352 48.8988174),96,56,9656,48.8988841265,2.3335753355,0.05725577221502904
268234027,48.8991175,2.3347679,3,,,POINT (2.3347679 48.8991175),96,57,9657,48.8988841265,2.3354749025,0.0578298300000211
6360644991,48.8991711,2.3370758,3,,,POINT (2.3370758 48.8991711),96,58,9658,48.8988841265,2.3373744695,0.03866384866954447
267379368,48.8992285,2.3401472,4,,,POINT (2.3401472 48.8992285),96,59,9659,48.8988841265,2.3392740365,0.07443227903645293
268233760,48.899243,2.3407877,3,,,POINT (2.3407877 48.899243),96,60,9660,48.8988841265,2.3411736034999997,0.04886860440100329
268233890,48.8992748,2.3423571,3,,,POINT (2.3423571 48.8992748),96,61,9661,48.8988841265,2.3430731705,0.06802166154714126
5793558745,48.8985402,2.344198,3,,,POINT (2.344198 48.8985402),96,62,9662,48.8988841265,2.3449727375,0.06833545014113641
5881358773,48.8984574,2.3533971,3,,,POINT (2.3533971 48.8984574),96,66,9666,48.8988841265,2.3525710054999998,0.07679850660826379
5881358779,48.8985134,2.3564683,3,,,POINT (2.3564683 48.8985134),96,68,9668,48.8988841265,2.3563701394999996,0.0418427342101175
5236282647,48.8986926,2.3587002,3,,,POINT (2.3587002 48.8986926),96,69,9669,48.8988841265,2.3582697065,0.03799758413333241
135612262,48.8986994,2.3593623,4,,,POINT (2.3593623 48.8986994),96,70,9670,48.8988841265,2.3601692735,0.06246257468721816
135612245,48.8985877,2.3629046,3,,,POINT (2.3629046 48.8985877),96,71,9671,48.8988841265,2.3620688404999997,0.06941740448551627
209148462,48.8986184,2.3643165,3,,,POINT (2.3643165 48.8986184),96,72,9672,48.8988841265,2.3639684075,0.03899363116111846
412699470,48.8986414,2.3656145,3,,,POINT (2.3656145 48.8986414),96,73,9673,48.8988841265,2.3658679745,0.032737866081201904
672221673,48.8989941,2.3683565,3,,,POINT (2.3683565 48.8989941),96,74,9674,48.8988841265,2.3677675414999997,0.04475490368530313
1886061102,48.898724,2.3703361,4,,,POINT (2.3703361 48.898724),96,75,9675,48.8988841265,2.3696671085,0.05204288902563418
442371,48.8987244,2.3711722,4,,,POINT (2.3711722 48.8987244),96,76,9676,48.8988841265,2.3715666755,0.0338664443788426
209141276,48.8987612,2.3741172,3,,,POINT (2.3741172 48.8987612),96,77,9677,48.8988841265,2.3734662424999997,0.04950833974348287
209141078,48.898806,2.3762704,3,,,POINT (2.3762704 48.898806),96,78,9678,48.8988841265,2.3753658095,0.06669240884288062
2284399764,48.8988446,2.3781333,3,,,POINT (2.3781333 48.8988446),96,79,9679,48.8988841265,2.3772653765,0.06359592237425357
2284399767,48.8988769,2.3798375,4,,,POINT (2.3798375 48.8988769),96,80,9680,48.8988841265,2.3791649434999997,0.04916939028690623
277614017,48.8988746,2.3832761,4,,,POINT (2.3832761 48.8988746),96,82,9682,48.8988841265,2.3829640775,0.022832940699397536
331946317,48.8985565,2.3864517,3,,,POINT (2.3864517 48.8985565),96,84,9684,48.8988841265,2.3867632115,0.04296156666256276
5710633256,48.8996696,2.3190843,3,,,POINT (2.3190843 48.8996696),97,48,9748,48.8997443475,2.3183787995,0.052235616379907306
368466115,48.8999399,2.3216186,3,,,POINT (2.3216186 48.8999399),97,50,9750,48.8997443475,2.3221779335,0.04630825349190717
622022886,48.8994906,2.3455665,3,,,POINT (2.3455665 48.8994906),97,62,9762,48.8997443475,2.3449727375,0.05176760406107126
267379472,48.8996301,2.3523495,3,,,POINT (2.3523495 48.8996301),97,66,9766,48.8997443475,2.3525710054999998,0.020580279189195184
135578081,48.8998259,2.3594022,3,motorway_junction,,POINT (2.3594022 48.8998259),97,70,9770,48.8997443475,2.3601692735,0.05679941268853852
209148691,48.8994048,2.3658218,3,,,POINT (2.3658218 48.8994048),97,73,9773,48.8997443475,2.3658679745,0.03790652567340182
644109,48.8997118,2.3702842,3,,,POINT (2.3702842 48.8997118),97,75,9775,48.8997443475,2.3696671085,0.04525260774434005
3805263959,48.8997329,2.3711189,4,,,POINT (2.3711189 48.8997329),97,76,9776,48.8997443475,2.3715666755,0.032755865933950176
209141187,48.8997745,2.3740653,3,,,POINT (2.3740653 48.8997745),97,77,9777,48.8997443475,2.3734662424999997,0.04391756125521651
5152178580,48.8999506,2.384817,3,,,POINT (2.384817 48.8999506),97,83,9783,48.8997443475,2.3848636444999998,0.02318629277090346
216046349,48.900046,2.387443,3,,,POINT (2.387443 48.900046),97,84,9784,48.8997443475,2.3867632115,0.059951840191509294
5152178573,48.9000957,2.3882594,4,,,POINT (2.3882594 48.9000957),97,85,9785,48.8997443475,2.3886627784999996,0.048946547291200966
209138149,48.8996178,2.3920758,3,,,POINT (2.3920758 48.8996178),97,87,9787,48.8997443475,2.3924619125,0.031537063110562175
271429950,48.9004616,2.3206806,3,,,POINT (2.3206806 48.9004616),98,49,9849,48.9006045685,2.3202783664999997,0.033424307572190594
2915035142,48.9007929,2.3220484,2,,,POINT (2.3220484 48.9007929),98,50,9850,48.9006045685,2.3221779335,0.02298252377851332
25075848,48.9006401,2.3235934,3,,,POINT (2.3235934 48.9006401),98,51,9851,48.9006045685,2.3240775005,0.035605635919157365
1343567517,48.9009339,2.327614,3,,,POINT (2.327614 48.9009339),98,53,9853,48.9006045685,2.3278766345,0.0413468943198712
368787910,48.9004601,2.3296852,4,,,POINT (2.3296852 48.9004601),98,54,9854,48.9006045685,2.3297762015,0.017386904280575845
318378365,48.90101,2.3317799,3,,,POINT (2.3317799 48.90101),98,55,9855,48.9006045685,2.3316757685,0.045719971816373633
25245327,48.9006765,2.3341795,3,,,POINT (2.3341795 48.9006765),98,56,9856,48.9006045685,2.3335753355,0.04488039608460281
320153255,48.9004882,2.3354861,4,,,POINT (2.3354861 48.9004882),98,57,9857,48.9006045685,2.3354749025,0.01296544780918758
25245325,48.900798,2.340582,3,motorway_junction,,POINT (2.340582 48.900798),98,60,9860,48.9006045685,2.3411736034999997,0.0482973965132476
1490139536,48.900509,2.3443731,3,,,POINT (2.3443731 48.900509),98,62,9862,48.9006045685,2.3449727375,0.04510090737098913
25245323,48.9009653,2.3476274,3,,,POINT (2.3476274 48.9009653),98,63,9863,48.9006045685,2.3468723044999997,0.0682299955201681
25245317,48.900903,2.3556666,3,motorway_junction,,POINT (2.3556666 48.900903),98,68,9868,48.9006045685,2.3563701394999996,0.06120282316165591
135577865,48.9004222,2.3575122,3,motorway_junction,,POINT (2.3575122 48.9004222),98,69,9869,48.9006045685,2.3582697065,0.05896721944141714
135577936,48.9004579,2.3607218,3,motorway_junction,,POINT (2.3607218 48.9004579),98,70,9870,48.9006045685,2.3601692735,0.043556006684264466
135578183,48.9004296,2.3629578,3,,,POINT (2.3629578 48.9004296),98,71,9871,48.9006045685,2.3620688404999997,0.06782953042488524
25245242,48.9009,2.36454,3,motorway_junction,,POINT (2.36454 48.9009),98,72,9872,48.9006045685,2.3639684075,0.053148866650289645
209145536,48.9006598,2.3659891,3,motorway_junction,,POINT (2.3659891 48.9006598),98,73,9873,48.9006045685,2.3658679745,0.010775289709841505
209146479,48.9003754,2.3702516,4,,,POINT (2.3702516 48.9003754),98,75,9875,48.9006045685,2.3696671085,0.04974630208186636
209142457,48.9006903,2.3715916,3,,,POINT (2.3715916 48.9006903),98,76,9876,48.9006045685,2.3715666755,0.009705440196163451
25245218,48.9003564,2.3769024,3,motorway_junction,,POINT (2.3769024 48.9003564),98,79,9879,48.9006045685,2.3772653765,0.038281118038723784
209135904,48.9003411,2.3799755,3,,,POINT (2.3799755 48.9003411),98,80,9880,48.9006045685,2.3791649434999997,0.06609586834295327
5242806417,48.9006496,2.3870176,3,,,POINT (2.3870176 48.9006496),98,84,9884,48.9006045685,2.3867632115,0.019257142186104075
5242806724,48.9005262,2.3884713,3,,,POINT (2.3884713 48.9005262),98,85,9885,48.9006045685,2.3886627784999996,0.01648737403303459
320153268,48.9011009,2.3351882,4,,,POINT (2.3351882 48.9011009),99,57,9957,48.9014647895,2.3354749025,0.04556755480908502
271428246,48.9011467,2.3374228,3,,,POINT (2.3374228 48.9011467),99,58,9958,48.9014647895,2.3373744695,0.03554592260099522
271428337,48.9011882,2.3400193,4,,,POINT (2.3400193 48.9011882),99,59,9959,48.9014647895,2.3392740365,0.06255724581356445
6024617137,48.9012193,2.3421203,3,,,POINT (2.3421203 48.9012193),99,60,9960,48.9014647895,2.3411736034999997,0.07438807247490395
271428199,48.9012373,2.3433354,3,,,POINT (2.3433354 48.9012373),99,61,9961,48.9014647895,2.3430731705,0.03173749968232868
267380217,48.9012963,2.3449366,3,,,POINT (2.3449366 48.9012963),99,62,9962,48.9014647895,2.3449727375,0.01892047047165702
25245322,48.9011116,2.3474612,3,motorway_junction,,POINT (2.3474612 48.9011116),99,63,9963,48.9014647895,2.3468723044999997,0.058268806195648726
267380215,48.9013543,2.3480466,3,,,POINT (2.3480466 48.9013543),99,64,9964,48.9014647895,2.3487718715,0.05441853072766778
267379812,48.9014381,2.3519722,3,,,POINT (2.3519722 48.9014381),99,66,9966,48.9014647895,2.3525710054999998,0.04386998666591922
25245316,48.9010927,2.3550456,3,,,POINT (2.3550456 48.9010927),99,67,9967,48.9014647895,2.3544705725,0.058978817475581466
5580788557,48.9015261,2.3584671,3,,,POINT (2.3584671 48.9015261),99,69,9969,48.9014647895,2.3582697065,0.015957941393735783
135578490,48.9014928,2.3602021,3,,,POINT (2.3602021 48.9014928),99,70,9970,48.9014647895,2.3601692735,0.003931692814395674
135578399,48.9012223,2.3623179,3,motorway_junction,,POINT (2.3623179 48.9012223),99,71,9971,48.9014647895,2.3620688404999997,0.03253392770863181
255390708,48.9014125,2.3702235,3,,,POINT (2.3702235 48.9014125),99,75,9975,48.9014647895,2.3696671085,0.041082786815421865
2327892851,48.9011356,2.3717138,3,,,POINT (2.3717138 48.9011356),99,76,9976,48.9014647895,2.3715666755,0.0381512411545827
3977600431,48.9010634,2.384804,1,,,POINT (2.384804 48.9010634),99,83,9983,48.9014647895,2.3848636444999998,0.04484489935060247
320203235,48.9014747,2.3871661,3,,,POINT (2.3871661 48.9014747),99,84,9984,48.9014647895,2.3867632115,0.029469602443831854
271421457,48.9012851,2.3881796,4,,,POINT (2.3881796 48.9012851),99,85,9985,48.9014647895,2.3886627784999996,0.04057797064544256
