osmid,y,x,street_count,highway,ref,geometry,lat_index,lon_index,grid_index
125730,48.8635232,2.4107318,4,,,POINT (2.4107318 48.8635232),55,97,5597
125742,48.8518516,2.401373,4,,,POINT (2.401373 48.8518516),41,92,4192
125743,48.8545629,2.4134092,3,,,POINT (2.4134092 48.8545629),44,98,4498
125745,48.8545241,2.4143516,3,,,POINT (2.4143516 48.8545241),44,99,4499
125747,48.8542608,2.414664,3,,,POINT (2.414664 48.8542608),44,99,4499
125748,48.8537522,2.414572,3,,,POINT (2.414572 48.8537522),44,99,4499
125760,48.8295362,2.4011577,3,,,POINT (2.4011577 48.8295362),15,92,1592
360930,48.8263456,2.3614982,3,,,POINT (2.3614982 48.8263456),12,71,1271
360932,48.826183,2.3572675,4,traffic_signals,,POINT (2.3572675 48.826183),11,68,1168
360935,48.8258123,2.3503781,5,traffic_signals,,POINT (2.3503781 48.8258123),11,65,1165
360937,48.825757,2.3465869,4,traffic_signals,,POINT (2.3465869 48.825757),11,63,1163
360938,48.8259416,2.3452101,4,traffic_signals,,POINT (2.3452101 48.8259416),11,62,1162
360946,48.8292991,2.3226525,4,traffic_signals,,POINT (2.3226525 48.8292991),15,50,1550
360977,48.8305326,2.319263,5,traffic_signals,,POINT (2.319263 48.8305326),17,48,1748
360978,48.8318162,2.3141451,4,traffic_signals,,POINT (2.3141451 48.8318162),18,46,1846
360980,48.8335638,2.3092306,4,,,POINT (2.3092306 48.8335638),20,43,2043
360982,48.8372281,2.2964564,4,,,POINT (2.2964564 48.8372281),24,36,2436
360983,48.8392633,2.2919595,4,,,POINT (2.2919595 48.8392633),27,34,2734
360986,48.8421683,2.2855643,4,traffic_signals,,POINT (2.2855643 48.8421683),30,31,3031
360990,48.8474292,2.2737147,5,,,POINT (2.2737147 48.8474292),36,24,3624
360991,48.8482358,2.2699037,4,traffic_signals,,POINT (2.2699037 48.8482358),37,22,3722
360995,48.8479618,2.2622425,3,,,POINT (2.2622425 48.8479618),37,18,3718
360996,48.8479219,2.2597534,4,,,POINT (2.2597534 48.8479219),37,17,3717
360997,48.8479122,2.2585518,4,,,POINT (2.2585518 48.8479122),37,17,3717
360999,48.8530352,2.2618853,4,traffic_signals,,POINT (2.2618853 48.8530352),43,18,4318
361000,48.8573541,2.2646623,4,traffic_signals,,POINT (2.2646623 48.8573541),48,20,4820
361001,48.8578749,2.2629378,3,,,POINT (2.2629378 48.8578749),48,19,4819
361003,48.8583101,2.2559777,3,,,POINT (2.2559777 48.8583101),49,15,4915
361024,48.8637173,2.2325723,3,,,POINT (2.2325723 48.8637173),55,3,5503
361027,48.8622922,2.2383105,4,,,POINT (2.2383105 48.8622922),53,6,5306
361031,48.8474791,2.365556,4,traffic_signals,,POINT (2.365556 48.8474791),36,73,3673
361032,48.8508902,2.3672854,3,traffic_signals,,POINT (2.3672854 48.8508902),40,74,4074
361036,48.8487894,2.3679988,3,traffic_signals,,POINT (2.3679988 48.8487894),38,74,3874
361041,48.8385973,2.3507157,3,,,POINT (2.3507157 48.8385973),26,65,2665
361042,48.8380281,2.351,4,,,POINT (2.351 48.8380281),25,65,2565
361043,48.8332121,2.3543465,3,,,POINT (2.3543465 48.8332121),20,67,2067
361044,48.8331727,2.3567612,4,,,POINT (2.3567612 48.8331727),20,68,2068
361045,48.8365766,2.3592953,5,traffic_signals,,POINT (2.3592953 48.8365766),24,70,2470
361047,48.84166,2.3519793,3,traffic_signals,,POINT (2.3519793 48.84166),29,66,2966
361048,48.8396902,2.3512679,3,traffic_signals,,POINT (2.3512679 48.8396902),27,65,2765
361050,48.8466037,2.3516349,4,traffic_signals,,POINT (2.3516349 48.8466037),35,66,3566
361058,48.8266453,2.363724,4,,,POINT (2.363724 48.8266453),12,72,1272
361059,48.8471299,2.3512394,4,,,POINT (2.3512394 48.8471299),36,65,3665
361060,48.8480778,2.3505051,4,traffic_signals,,POINT (2.3505051 48.8480778),37,65,3765
361062,48.8523487,2.3482382,3,traffic_signals,,POINT (2.3482382 48.8523487),42,64,4264
361068,48.8560699,2.3507047,4,,,POINT (2.3507047 48.8560699),46,65,4665
361070,48.857491,2.351447,3,traffic_signals,,POINT (2.351447 48.857491),48,65,4865
361074,48.8612278,2.3534869,3,traffic_signals,,POINT (2.3534869 48.8612278),52,66,5266
361075,48.8627221,2.3542782,3,traffic_signals,,POINT (2.3542782 48.8627221),54,67,5467
361084,48.8685611,2.3630587,3,,,POINT (2.3630587 48.8685611),61,72,6172
361091,48.8748138,2.3573832,4,,,POINT (2.3573832 48.8748138),68,69,6869
361092,48.8672969,2.3568082,1,,,POINT (2.3568082 48.8672969),59,68,5968
361096,48.8696795,2.3526101,3,,,POINT (2.3526101 48.8696795),62,66,6266
361098,48.8706821,2.3478935,3,traffic_signals,,POINT (2.3478935 48.8706821),63,64,6364
361100,48.8763653,2.3560333,4,traffic_signals,,POINT (2.3560333 48.8763653),70,68,7068
361102,48.8785206,2.3540574,4,,,POINT (2.3540574 48.8785206),72,67,7267
361103,48.8804947,2.3523043,6,,,POINT (2.3523043 48.8804947),75,66,7566
361104,48.8719981,2.3400532,4,traffic_signals,,POINT (2.3400532 48.8719981),65,59,6559
361105,48.8722422,2.3382998,4,traffic_signals,,POINT (2.3382998 48.8722422),65,58,6558
361106,48.8729517,2.3333015,6,,,POINT (2.3333015 48.8729517),66,56,6656
361108,48.8742709,2.3313143,3,traffic_signals,,POINT (2.3313143 48.8742709),67,55,6755
361109,48.8742988,2.3327119,4,,,POINT (2.3327119 48.8742988),67,56,6756
361110,48.8761423,2.3311152,4,traffic_signals,,POINT (2.3311152 48.8761423),70,55,7055
361112,48.8838548,2.3494771,4,traffic_signals,,POINT (2.3494771 48.8838548),79,64,7964
361114,48.8884009,2.3479972,5,traffic_signals,,POINT (2.3479972 48.8884009),84,64,8464
361116,48.8836894,2.3275607,3,traffic_signals,,POINT (2.3275607 48.8836894),78,53,7853
361117,48.8846897,2.3295353,5,,,POINT (2.3295353 48.8846897),79,54,7954
361118,48.8874889,2.333377,4,traffic_signals,,POINT (2.333377 48.8874889),83,56,8356
361120,48.8857991,2.3288483,3,,,POINT (2.3288483 48.8857991),81,54,8154
361125,48.8900527,2.3292686,4,,,POINT (2.3292686 48.8900527),86,54,8654
361704,48.8261632,2.3599616,5,traffic_signals,,POINT (2.3599616 48.8261632),11,70,1170
361705,48.8284768,2.3581254,3,traffic_signals,,POINT (2.3581254 48.8284768),14,69,1469
361706,48.8308507,2.3562364,4,,,POINT (2.3562364 48.8308507),17,68,1768
361709,48.8318207,2.3553095,3,,,POINT (2.3553095 48.8318207),18,67,1867
361711,48.8313748,2.3549228,3,,,POINT (2.3549228 48.8313748),18,67,1867
361712,48.8311129,2.3551038,3,,,POINT (2.3551038 48.8311129),17,67,1767
361715,48.8318418,2.3558122,4,traffic_signals,,POINT (2.3558122 48.8318418),18,68,1868
361721,48.8310597,2.3559813,3,,,POINT (2.3559813 48.8310597),17,68,1768
361726,48.8303757,2.3527614,4,traffic_signals,,POINT (2.3527614 48.8303757),16,66,1666
361729,48.8306421,2.3526433,4,traffic_signals,,POINT (2.3526433 48.8306421),17,66,1766
361730,48.8311993,2.3543524,4,traffic_signals,,POINT (2.3543524 48.8311993),17,67,1767
361731,48.8317002,2.3543662,3,,,POINT (2.3543662 48.8317002),18,67,1867
361732,48.8319405,2.3534547,3,,,POINT (2.3534547 48.8319405),18,66,1866
361733,48.8322202,2.3550299,3,traffic_signals,,POINT (2.3550299 48.8322202),19,67,1967
361735,48.8313954,2.3581678,4,,,POINT (2.3581678 48.8313954),18,69,1869
361736,48.8319952,2.3599732,3,,,POINT (2.3599732 48.8319952),18,70,1870
361737,48.8317022,2.3579381,3,traffic_signals,,POINT (2.3579381 48.8317022),18,69,1869
361738,48.8313556,2.3568637,3,traffic_signals,,POINT (2.3568637 48.8313556),17,68,1768
361739,48.8318007,2.3567167,3,,,POINT (2.3567167 48.8318007),18,68,1868
361740,48.8322428,2.3560813,3,traffic_signals,,POINT (2.3560813 48.8322428),19,68,1968
361741,48.8318213,2.3582931,3,traffic_signals,,POINT (2.3582931 48.8318213),18,69,1869
361742,48.8320387,2.3589341,3,traffic_signals,,POINT (2.3589341 48.8320387),18,69,1869
361744,48.8321859,2.3584104,3,,,POINT (2.3584104 48.8321859),18,69,1869
361745,48.8320004,2.3584149,3,,,POINT (2.3584149 48.8320004),18,69,1869
361747,48.8328074,2.3564892,4,traffic_signals,,POINT (2.3564892 48.8328074),19,68,1968
361748,48.8325125,2.3588028,2,,,POINT (2.3588028 48.8325125),19,69,1969
361752,48.8328501,2.3555283,3,,,POINT (2.3555283 48.8328501),19,68,1968
361753,48.833208,2.3555425,4,,,POINT (2.3555425 48.833208),20,68,2068
366594,48.8270179,2.3664849,4,traffic_signals,,POINT (2.3664849 48.8270179),12,73,1273
366595,48.8276787,2.3713592,4,traffic_signals,,POINT (2.3713592 48.8276787),13,76,1376
366596,48.8273743,2.3691247,3,,,POINT (2.3691247 48.8273743),13,75,1375
366603,48.8212048,2.3790467,3,,,POINT (2.3790467 48.8212048),6,80,680
367504,48.8537953,2.3333421,5,traffic_signals,,POINT (2.3333421 48.8537953),44,56,4456
367505,48.852103,2.3402953,4,,,POINT (2.3402953 48.852103),42,60,4260
367506,48.8513977,2.3431724,4,traffic_signals,,POINT (2.3431724 48.8513977),41,61,4161
367508,48.8529505,2.3427976,3,,,POINT (2.3427976 48.8529505),43,61,4361
367510,48.8530613,2.3468122,4,traffic_signals,,POINT (2.3468122 48.8530613),43,63,4363
367513,48.8437431,2.3242724,5,,,POINT (2.3242724 48.8437431),32,51,3251
367521,48.8515902,2.3311169,4,traffic_signals,,POINT (2.3311169 48.8515902),41,55,4155
367546,48.8420224,2.3228047,4,,,POINT (2.3228047 48.8420224),30,50,3050
367547,48.8412731,2.3248713,4,,,POINT (2.3248713 48.8412731),29,51,2951
367548,48.8393924,2.3305503,3,,,POINT (2.3305503 48.8393924),27,54,2754
367584,48.8376837,2.3455218,4,traffic_signals,,POINT (2.3455218 48.8376837),25,62,2562
367617,48.8341198,2.3333475,4,,,POINT (2.3333475 48.8341198),21,56,2156
367887,48.8624438,2.2637168,3,,,POINT (2.2637168 48.8624438),54,19,5419
367888,48.8627116,2.2664623,3,,,POINT (2.2664623 48.8627116),54,21,5421
367889,48.8631344,2.2686662,4,,,POINT (2.2686662 48.8631344),54,22,5422
367893,48.8726811,2.2845692,4,traffic_signals,,POINT (2.2845692 48.8726811),66,30,6630
367905,48.8801036,2.2879169,4,,,POINT (2.2879169 48.8801036),74,32,7432
367906,48.8848378,2.2966493,3,,,POINT (2.2966493 48.8848378),80,37,8037
367908,48.885359,2.297261,3,,,POINT (2.297261 48.885359),80,37,8037
367911,48.8845175,2.2971781,3,,,POINT (2.2971781 48.8845175),79,37,7937
367912,48.8869037,2.3011542,4,,,POINT (2.3011542 48.8869037),82,39,8239
367914,48.8881726,2.3105625,3,,,POINT (2.3105625 48.8881726),84,44,8444
367915,48.8873505,2.3141215,5,traffic_signals,,POINT (2.3141215 48.8873505),83,46,8346
367917,48.8822056,2.3203489,4,traffic_signals,,POINT (2.3203489 48.8822056),77,49,7749
367926,48.8794904,2.3218476,5,traffic_signals,,POINT (2.3218476 48.8794904),73,50,7350
367927,48.8790714,2.3232119,3,,,POINT (2.3232119 48.8790714),73,51,7351
367928,48.8778593,2.3269497,5,traffic_signals,,POINT (2.3269497 48.8778593),72,53,7253
367929,48.8838764,2.3327896,5,traffic_signals,,POINT (2.3327896 48.8838764),79,56,7956
367932,48.8835576,2.3469998,4,traffic_signals,,POINT (2.3469998 48.8835576),78,63,7863
367934,48.875888,2.3398698,4,traffic_signals,,POINT (2.3398698 48.875888),69,59,6959
367935,48.8756759,2.3431313,3,,,POINT (2.3431313 48.8756759),69,61,6961
367937,48.8792901,2.3570788,4,traffic_signals,,POINT (2.3570788 48.8792901),73,68,7368
367946,48.877753,2.3705986,3,traffic_signals,,POINT (2.3705986 48.877753),71,75,7175
367947,48.8740589,2.3635398,3,,,POINT (2.3635398 48.8740589),67,72,6772
367950,48.8947381,2.3822734,3,,,POINT (2.3822734 48.8947381),91,82,9182
367967,48.8661921,2.3696433,4,traffic_signals,,POINT (2.3696433 48.8661921),58,75,5875
367979,48.8667247,2.3651418,3,traffic_signals,,POINT (2.3651418 48.8667247),59,73,5973
367986,48.8512901,2.3761292,5,traffic_signals,,POINT (2.3761292 48.8512901),41,78,4178
367988,48.8480012,2.3714459,4,traffic_signals,,POINT (2.3714459 48.8480012),37,76,3776
367989,48.8486286,2.3725375,4,traffic_signals,,POINT (2.3725375 48.8486286),38,77,3877
367994,48.8468478,2.3694048,4,traffic_signals,,POINT (2.3694048 48.8468478),36,75,3675
367995,48.8444983,2.3722312,3,traffic_signals,,POINT (2.3722312 48.8444983),33,76,3376
367997,48.8404205,2.3789998,4,,,POINT (2.3789998 48.8404205),28,80,2880
367998,48.8442794,2.3815641,5,traffic_signals,,POINT (2.3815641 48.8442794),33,81,3381
367999,48.8505503,2.3793973,3,,,POINT (2.3793973 48.8505503),40,80,4080
368000,48.8500842,2.384689,4,traffic_signals,,POINT (2.384689 48.8500842),39,83,3983
368001,48.8419094,2.367868,4,traffic_signals,,POINT (2.367868 48.8419094),30,74,3074
368003,48.8474701,2.3967168,3,,,POINT (2.3967168 48.8474701),36,89,3689
368006,48.8491262,2.3970535,4,,,POINT (2.3970535 48.8491262),38,89,3889
368007,48.8494264,2.3962019,2,,,POINT (2.3962019 48.8494264),39,89,3989
368012,48.8473365,2.39573,4,traffic_signals,,POINT (2.39573 48.8473365),36,89,3689
368014,48.8473461,2.3867729,4,traffic_signals,,POINT (2.3867729 48.8473461),36,84,3684
368041,48.8649662,2.3955474,4,,,POINT (2.3955474 48.8649662),57,89,5789
368044,48.8644132,2.4015893,3,,,POINT (2.4015893 48.8644132),56,92,5692
368057,48.8406596,2.4090095,4,,,POINT (2.4090095 48.8406596),28,96,2896
368058,48.8442874,2.4101755,5,,,POINT (2.4101755 48.8442874),33,96,3396
368059,48.8446689,2.4057273,4,traffic_signals,,POINT (2.4057273 48.8446689),33,94,3394
368061,48.8453024,2.3982497,3,,,POINT (2.3982497 48.8453024),34,90,3490
368064,48.8411027,2.3989094,3,,,POINT (2.3989094 48.8411027),29,90,2990
368065,48.8397185,2.3961013,3,,,POINT (2.3961013 48.8397185),27,89,2789
368068,48.8353603,2.406596,4,,,POINT (2.406596 48.8353603),22,94,2294
368074,48.8348528,2.4080632,4,,,POINT (2.4080632 48.8348528),22,95,2295
368075,48.8333363,2.4057115,3,,,POINT (2.4057115 48.8333363),20,94,2094
368077,48.8340006,2.4108114,3,,,POINT (2.4108114 48.8340006),21,97,2197
368078,48.8343583,2.4113663,4,,,POINT (2.4113663 48.8343583),21,97,2197
368079,48.8424248,2.3854014,3,,,POINT (2.3854014 48.8424248),30,83,3083
368081,48.8394448,2.3945351,3,,,POINT (2.3945351 48.8394448),27,88,2788
368082,48.8373028,2.3912033,4,traffic_signals,,POINT (2.3912033 48.8373028),24,86,2486
368084,48.8357065,2.3861104,3,traffic_signals,,POINT (2.3861104 48.8357065),23,84,2384
368092,48.8389062,2.3761486,4,,,POINT (2.3761486 48.8389062),26,78,2678
368093,48.8375695,2.3736544,4,traffic_signals,,POINT (2.3736544 48.8375695),25,77,2577
368094,48.8363672,2.3713523,4,traffic_signals,,POINT (2.3713523 48.8363672),23,76,2376
368125,48.8526464,2.3522069,3,,,POINT (2.3522069 48.8526464),42,66,4266
368126,48.851112,2.3513069,4,traffic_signals,,POINT (2.3513069 48.851112),40,65,4065
368133,48.8573196,2.3492488,3,,,POINT (2.3492488 48.8573196),48,64,4864
368137,48.8562782,2.3565953,2,traffic_signals,,POINT (2.3565953 48.8562782),46,68,4668
368138,48.8546706,2.3627724,2,,,POINT (2.3627724 48.8546706),45,71,4571
368139,48.8535418,2.3665458,1,,,POINT (2.3665458 48.8535418),43,73,4373
368140,48.8523738,2.3604658,3,traffic_signals,,POINT (2.3604658 48.8523738),42,70,4270
368141,48.8529093,2.3589713,3,,,POINT (2.3589713 48.8529093),43,69,4369
368142,48.8533327,2.3578164,4,traffic_signals,,POINT (2.3578164 48.8533327),43,69,4369
368143,48.8543758,2.3549444,4,traffic_signals,,POINT (2.3549444 48.8543758),44,67,4467
368145,48.849976,2.354875,4,traffic_signals,,POINT (2.354875 48.849976),39,67,3967
368146,48.8494029,2.3567895,4,traffic_signals,,POINT (2.3567895 48.8494029),38,68,3868
368147,48.8496235,2.3560363,3,,,POINT (2.3560363 48.8496235),39,68,3968
368175,48.8508102,2.3614294,4,traffic_signals,,POINT (2.3614294 48.8508102),40,71,4071
368190,48.8589898,2.339848,3,,,POINT (2.339848 48.8589898),50,59,5059
368195,48.8608967,2.3300717,4,traffic_signals,,POINT (2.3300717 48.8608967),52,54,5254
368205,48.8637542,2.3320906,3,,,POINT (2.3320906 48.8637542),55,55,5555
368232,48.8514647,2.3370565,4,traffic_signals,,POINT (2.3370565 48.8514647),41,58,4158
368233,48.8513168,2.3357195,3,,,POINT (2.3357195 48.8513168),41,57,4157
368243,48.8640695,2.3201059,5,,,POINT (2.3201059 48.8640695),56,49,5649
368247,48.8646741,2.3136679,4,,,POINT (2.3136679 48.8646741),56,46,5646
368248,48.8646107,2.3103421,4,,,POINT (2.3103421 48.8646107),56,44,5644
368249,48.8625767,2.3104164,4,traffic_signals,,POINT (2.3104164 48.8625767),54,44,5444
368250,48.8658611,2.3199122,5,,,POINT (2.3199122 48.8658611),58,49,5849
368252,48.8666176,2.3219639,4,,,POINT (2.3219639 48.8666176),58,50,5850
368254,48.8691428,2.3101251,3,,,POINT (2.3101251 48.8691428),61,44,6144
368272,48.8542721,2.3054471,4,traffic_signals,,POINT (2.3054471 48.8542721),44,41,4441
368273,48.858808,2.3034962,5,traffic_signals,,POINT (2.3034962 48.858808),49,40,4940
368274,48.8598721,2.3008394,3,traffic_signals,,POINT (2.3008394 48.8598721),51,39,5139
368286,48.8589324,2.2968652,3,,,POINT (2.2968652 48.8589324),50,37,5037
368305,48.8633926,2.2875005,3,,,POINT (2.2875005 48.8633926),55,32,5532
368307,48.8668087,2.289968,5,traffic_signals,,POINT (2.289968 48.8668087),59,33,5933
368308,48.873247,2.2946509,3,,,POINT (2.2946509 48.873247),66,36,6636
368310,48.8734652,2.2942797,3,,,POINT (2.2942797 48.8734652),66,35,6635
368313,48.873743,2.2941461,3,,,POINT (2.2941461 48.873743),67,35,6735
368318,48.8743576,2.2949396,3,,,POINT (2.2949396 48.8743576),67,36,6736
368319,48.8743025,2.2954181,3,,,POINT (2.2954181 48.8743025),67,36,6736
368320,48.8740905,2.2957798,3,,,POINT (2.2957798 48.8740905),67,36,6736
368321,48.8738244,2.2959161,3,,,POINT (2.2959161 48.8738244),67,36,6736
368322,48.8735273,2.2958328,3,,,POINT (2.2958328 48.8735273),67,36,6736
368323,48.8731947,2.2951412,3,,,POINT (2.2951412 48.8731947),66,36,6636
368325,48.8732951,2.2955389,3,,,POINT (2.2955389 48.8732951),66,36,6636
368335,48.8778095,2.2979629,3,traffic_signals,,POINT (2.2979629 48.8778095),72,37,7237
368337,48.879549,2.3049796,4,traffic_signals,,POINT (2.3049796 48.879549),74,41,7441
368338,48.8723626,2.2994954,4,,,POINT (2.2994954 48.8723626),65,38,6538
368341,48.8705205,2.3052845,4,,,POINT (2.3052845 48.8705205),63,41,6341
382015,48.8244825,2.3678681,3,,,POINT (2.3678681 48.8244825),10,74,1074
382016,48.8229124,2.3687123,4,traffic_signals,,POINT (2.3687123 48.8229124),8,74,874
382017,48.8215316,2.3694427,5,,,POINT (2.3694427 48.8215316),6,75,675
382019,48.8226528,2.3670649,3,,,POINT (2.3670649 48.8226528),7,74,774
382021,48.8216311,2.369126,4,,,POINT (2.369126 48.8216311),6,75,675
382026,48.8284757,2.3729331,4,,,POINT (2.3729331 48.8284757),14,77,1477
382027,48.8306422,2.3767516,4,,,POINT (2.3767516 48.8306422),17,79,1779
382029,48.8327329,2.3747816,3,,,POINT (2.3747816 48.8327329),19,78,1978
382036,48.833722,2.3824814,4,,,POINT (2.3824814 48.833722),20,82,2082
382038,48.8322388,2.3797778,5,,,POINT (2.3797778 48.8322388),19,80,1980
382039,48.8329781,2.3787715,3,,,POINT (2.3787715 48.8329781),19,80,1980
382045,48.8344579,2.3731375,4,traffic_signals,,POINT (2.3731375 48.8344579),21,77,2177
382046,48.835541,2.3721229,3,,,POINT (2.3721229 48.835541),22,76,2276
382049,48.8362129,2.3714895,4,traffic_signals,,POINT (2.3714895 48.8362129),23,76,2376
382050,48.833824,2.3650971,4,traffic_signals,,POINT (2.3650971 48.833824),20,73,2073
382051,48.8321655,2.3676402,4,,,POINT (2.3676402 48.8321655),18,74,1874
382052,48.8339797,2.3647847,4,,,POINT (2.3647847 48.8339797),21,72,2172
382057,48.846846,2.3609481,3,,,POINT (2.3609481 48.846846),36,70,3670
382062,48.852444,2.3570633,3,,,POINT (2.3570633 48.852444),42,68,4268
382063,48.8530123,2.3552992,3,,,POINT (2.3552992 48.8530123),43,67,4367
382064,48.853419,2.3540036,4,,,POINT (2.3540036 48.853419),43,67,4367
382067,48.8528801,2.3533008,3,,,POINT (2.3533008 48.8528801),43,66,4366
382069,48.8516311,2.3541599,3,,,POINT (2.3541599 48.8516311),41,67,4167
382070,48.8513444,2.3552545,3,,,POINT (2.3552545 48.8513444),41,67,4167
382071,48.8511377,2.3559179,4,,,POINT (2.3559179 48.8511377),40,68,4068
382072,48.8505947,2.3575168,3,,,POINT (2.3575168 48.8505947),40,69,4069
382073,48.8502611,2.3585159,3,,,POINT (2.3585159 48.8502611),39,69,3969
382074,48.850081,2.3590296,3,,,POINT (2.3590296 48.850081),39,69,3969
382076,48.8529217,2.3535281,3,,,POINT (2.3535281 48.8529217),43,67,4367
382077,48.8518338,2.3565473,4,,,POINT (2.3565473 48.8518338),41,68,4168
382078,48.8524483,2.354842,4,,,POINT (2.354842 48.8524483),42,67,4267
382079,48.8520819,2.3558589,3,,,POINT (2.3558589 48.8520819),42,68,4268
382080,48.8512836,2.3580848,3,,,POINT (2.3580848 48.8512836),41,69,4169
390027,48.8509679,2.3964579,3,,,POINT (2.3964579 48.8509679),40,89,4089
390030,48.8504119,2.3925211,5,,,POINT (2.3925211 48.8504119),40,87,4087
390033,48.8489668,2.3920084,5,traffic_signals,,POINT (2.3920084 48.8489668),38,87,3887
390034,48.8480382,2.3928506,4,traffic_signals,,POINT (2.3928506 48.8480382),37,87,3787
390035,48.8471465,2.3936715,4,,,POINT (2.3936715 48.8471465),36,88,3688
390041,48.8489439,2.3955684,3,,,POINT (2.3955684 48.8489439),38,89,3889
390042,48.8487905,2.3952373,3,,,POINT (2.3952373 48.8487905),38,88,3888
390043,48.8485175,2.3950215,3,,,POINT (2.3950215 48.8485175),37,88,3788
390044,48.8482871,2.3950103,3,,,POINT (2.3950103 48.8482871),37,88,3788
390047,48.8481806,2.3967898,3,,,POINT (2.3967898 48.8481806),37,89,3789
390052,48.8484383,2.396839,3,,,POINT (2.396839 48.8484383),37,89,3789
390053,48.8487883,2.3966072,3,,,POINT (2.3966072 48.8487883),38,89,3889
390060,48.8477806,2.3958129,3,traffic_signals,,POINT (2.3958129 48.8477806),37,89,3789
390153,48.8489264,2.3985446,3,,,POINT (2.3985446 48.8489264),38,90,3890
390158,48.8472878,2.3989257,4,,,POINT (2.3989257 48.8472878),36,90,3690
390197,48.8395175,2.3961342,3,,,POINT (2.3961342 48.8395175),27,89,2789
390198,48.8395755,2.3954443,3,,,POINT (2.3954443 48.8395755),27,89,2789
390202,48.8388965,2.3974499,3,,,POINT (2.3974499 48.8388965),26,90,2690
390214,48.8427115,2.3974913,4,traffic_signals,,POINT (2.3974913 48.8427115),31,90,3190
390248,48.836057,2.3867648,2,,,POINT (2.3867648 48.836057),23,84,2384
390252,48.8364877,2.3876847,2,,,POINT (2.3876847 48.8364877),23,84,2384
390306,48.8462793,2.3774063,4,traffic_signals,,POINT (2.3774063 48.8462793),35,79,3579
390313,48.847004,2.3837717,4,traffic_signals,,POINT (2.3837717 48.847004),36,82,3682
390316,48.846772,2.3817132,4,traffic_signals,,POINT (2.3817132 48.846772),35,81,3581
398709,48.864829,2.3533193,4,traffic_signals,,POINT (2.3533193 48.864829),56,66,5666
398745,48.8638647,2.3490334,5,traffic_signals,,POINT (2.3490334 48.8638647),55,64,5564
398767,48.8746674,2.3393461,4,,,POINT (2.3393461 48.8746674),68,59,6859
398768,48.8706941,2.3325479,4,,,POINT (2.3325479 48.8706941),63,55,6355
398769,48.8710801,2.3347858,4,,,POINT (2.3347858 48.8710801),64,57,6457
398772,48.8716742,2.3382629,3,,,POINT (2.3382629 48.8716742),64,58,6458
398773,48.8703017,2.332714,4,,,POINT (2.332714 48.8703017),63,56,6356
398774,48.8700764,2.3325517,3,,,POINT (2.3325517 48.8700764),63,55,6355
398775,48.8702107,2.3322283,4,traffic_signals,,POINT (2.3322283 48.8702107),63,55,6355
398776,48.8706246,2.3320659,4,traffic_signals,,POINT (2.3320659 48.8706246),63,55,6355
398783,48.8737477,2.3271551,5,traffic_signals,,POINT (2.3271551 48.8737477),67,53,6753
398785,48.874847,2.3198244,5,traffic_signals,,POINT (2.3198244 48.874847),68,49,6849
398787,48.8710733,2.3318505,3,,,POINT (2.3318505 48.8710733),64,55,6455
398788,48.871156,2.332342,3,,,POINT (2.332342 48.871156),64,55,6455
398789,48.8722064,2.3328034,4,,,POINT (2.3328034 48.8722064),65,56,6556
398792,48.8702685,2.3300494,4,traffic_signals,,POINT (2.3300494 48.8702685),63,54,6354
398795,48.8692559,2.3238947,3,,,POINT (2.3238947 48.8692559),62,51,6251
398800,48.8687213,2.3331307,3,traffic_signals,,POINT (2.3331307 48.8687213),61,56,6156
430770,48.819145,2.3594606,4,,,POINT (2.3594606 48.819145),3,70,370
430773,48.8210147,2.3506339,4,,,POINT (2.3506339 48.8210147),5,65,565
430775,48.8194879,2.3446021,4,,,POINT (2.3446021 48.8194879),4,62,462
430777,48.8213603,2.3343552,3,traffic_signals,,POINT (2.3343552 48.8213603),6,56,656
430784,48.8347063,2.3313128,4,traffic_signals,,POINT (2.3313128 48.8347063),21,55,2155
430788,48.8597514,2.3768492,4,traffic_signals,,POINT (2.3768492 48.8597514),51,79,5179
430789,48.8587156,2.378584,4,traffic_signals,,POINT (2.378584 48.8587156),49,80,4980
430794,48.8533915,2.3794021,3,traffic_signals,,POINT (2.3794021 48.8533915),43,80,4380
430795,48.8532717,2.3770122,3,traffic_signals,,POINT (2.3770122 48.8532717),43,79,4379
430796,48.8532065,2.375077,3,,,POINT (2.375077 48.8532065),43,78,4378
430798,48.8795788,2.367034,1,,,POINT (2.367034 48.8795788),74,74,7474
430799,48.8825102,2.3692103,3,traffic_signals,,POINT (2.3692103 48.8825102),77,75,7775
430802,48.8718957,2.3645298,3,,,POINT (2.3645298 48.8718957),65,72,6572
430803,48.8697616,2.3661837,3,,,POINT (2.3661837 48.8697616),62,73,6273
442138,48.8193334,2.3619725,4,,,POINT (2.3619725 48.8193334),4,71,471
442139,48.820154,2.36463,4,,,POINT (2.36463 48.820154),4,72,472
442190,48.8261491,2.3127519,4,,,POINT (2.3127519 48.8261491),11,45,1145
442192,48.8277487,2.3054972,4,,,POINT (2.3054972 48.8277487),13,41,1341
442194,48.8286407,2.3014298,4,traffic_signals,,POINT (2.3014298 48.8286407),14,39,1439
442196,48.8309442,2.2924987,3,,,POINT (2.2924987 48.8309442),17,34,1734
442197,48.8326932,2.2883604,3,,,POINT (2.2883604 48.8326932),19,32,1932
442207,48.8354165,2.2810656,4,,,POINT (2.2810656 48.8354165),22,28,2228
442211,48.8387717,2.2697526,4,,,POINT (2.2697526 48.8387717),26,22,2622
442216,48.8453547,2.2575332,4,,,POINT (2.2575332 48.8453547),34,16,3416
442242,48.8596337,2.2661315,3,,,POINT (2.2661315 48.8596337),50,20,5020
442252,48.8668753,2.271815,3,traffic_signals,,POINT (2.271815 48.8668753),59,23,5923
442256,48.8717066,2.2756581,3,,,POINT (2.2756581 48.8717066),64,26,6426
442296,48.8360773,2.3921752,3,,,POINT (2.3921752 48.8360773),23,87,2387
442301,48.8336313,2.3948808,3,,,POINT (2.3948808 48.8336313),20,88,2088
442308,48.8822538,2.2860644,3,,,POINT (2.2860644 48.8822538),77,31,7731
442309,48.8856777,2.2915177,4,,,POINT (2.2915177 48.8856777),81,34,8134
442316,48.8490538,2.4115116,5,,,POINT (2.4115116 48.8490538),38,97,3897
442317,48.8534855,2.4105158,5,,,POINT (2.4105158 48.8534855),43,97,4397
442319,48.8874974,2.2947714,4,traffic_signals,,POINT (2.2947714 48.8874974),83,36,8336
442321,48.8910624,2.3025282,3,,,POINT (2.3025282 48.8910624),87,40,8740
442333,48.8646564,2.4086357,3,,,POINT (2.4086357 48.8646564),56,96,5696
442335,48.8679431,2.4088776,4,,,POINT (2.4088776 48.8679431),60,96,6096
442344,48.8771874,2.4065457,5,traffic_signals,,POINT (2.4065457 48.8771874),71,94,7194
442345,48.8777884,2.4056378,3,,,POINT (2.4056378 48.8777884),71,94,7194
442348,48.8802663,2.4003829,3,,,POINT (2.4003829 48.8802663),74,91,7491
442349,48.8806977,2.4000569,3,traffic_signals,,POINT (2.4000569 48.8806977),75,91,7591
442371,48.8987244,2.3711722,4,,,POINT (2.3711722 48.8987244),96,76,9676
442373,48.8836491,2.3969899,4,,,POINT (2.3969899 48.8836491),78,89,7889
442375,48.8866014,2.3963063,3,,,POINT (2.3963063 48.8866014),82,89,8289
470124,48.8376844,2.322861,5,,,POINT (2.322861 48.8376844),25,50,2550
470125,48.8375484,2.3229302,4,traffic_signals,,POINT (2.3229302 48.8375484),25,50,2550
470126,48.8324783,2.3249982,4,traffic_signals,,POINT (2.3249982 48.8324783),19,51,1951
470129,48.8473362,2.3408464,4,traffic_signals,,POINT (2.3408464 48.8473362),36,60,3660
470130,48.8488358,2.3417553,3,,,POINT (2.3417553 48.8488358),38,60,3860
470131,48.8506264,2.3428034,4,traffic_signals,,POINT (2.3428034 48.8506264),40,61,4061
470132,48.8508423,2.3455155,5,traffic_signals,,POINT (2.3455155 48.8508423),40,62,4062
470133,48.8495986,2.3448446,4,traffic_signals,,POINT (2.3448446 48.8495986),39,62,3962
470134,48.8473611,2.3436333,4,traffic_signals,,POINT (2.3436333 48.8473611),36,61,3661
470135,48.8467973,2.3433478,4,traffic_signals,,POINT (2.3433478 48.8467973),35,61,3561
470136,48.8443318,2.3420496,4,traffic_signals,,POINT (2.3420496 48.8443318),33,60,3360
470137,48.8499851,2.3490085,4,traffic_signals,,POINT (2.3490085 48.8499851),39,64,3964
470138,48.8495209,2.3528726,3,,,POINT (2.3528726 48.8495209),39,66,3966
470139,48.851188,2.3626942,3,traffic_signals,,POINT (2.3626942 48.851188),41,71,4171
470142,48.8561313,2.3404015,5,,,POINT (2.3404015 48.8561313),46,60,4660
470145,48.8578087,2.3353064,3,traffic_signals,,POINT (2.3353064 48.8578087),48,57,4857
470146,48.8582658,2.3332665,3,,,POINT (2.3332665 48.8582658),49,56,4956
470147,48.8576193,2.3327512,3,,,POINT (2.3327512 48.8576193),48,56,4856
470149,48.8544657,2.3304702,4,traffic_signals,,POINT (2.3304702 48.8544657),44,54,4454
470150,48.8518682,2.3286248,3,traffic_signals,,POINT (2.3286248 48.8518682),41,53,4153
470152,48.8507068,2.3252847,3,,,POINT (2.3252847 48.8507068),40,52,4052
470153,48.8502335,2.32414,4,traffic_signals,,POINT (2.32414 48.8502335),39,51,3951
470154,48.8482314,2.3201774,3,,,POINT (2.3201774 48.8482314),37,49,3749
470156,48.8582212,2.3283353,4,,,POINT (2.3283353 48.8582212),49,53,4953
470157,48.8588006,2.3287489,4,,,POINT (2.3287489 48.8588006),49,53,4953
470159,48.8560436,2.3259635,4,,,POINT (2.3259635 48.8560436),46,52,4652
470160,48.857698,2.323896,3,,,POINT (2.323896 48.857698),48,51,4851
470161,48.85914,2.3202091,3,,,POINT (2.3202091 48.85914),50,49,5049
470162,48.8597994,2.3181564,4,traffic_signals,,POINT (2.3181564 48.8597994),51,48,5148
470164,48.8599661,2.3148365,4,traffic_signals,,POINT (2.3148365 48.8599661),51,46,5146
470165,48.8599548,2.3131081,4,traffic_signals,,POINT (2.3131081 48.8599548),51,45,5145
470166,48.8599384,2.3101795,4,,,POINT (2.3101795 48.8599384),51,44,5144
470170,48.8496383,2.3079111,3,,,POINT (2.3079111 48.8496383),39,42,3942
470171,48.8510287,2.3061301,4,,,POINT (2.3061301 48.8510287),40,42,4042
470172,48.8494246,2.3037705,4,traffic_signals,,POINT (2.3037705 48.8494246),39,40,3940
470173,48.8511732,2.3009297,5,traffic_signals,,POINT (2.3009297 48.8511732),41,39,4139
470175,48.8547095,2.2953648,3,traffic_signals,,POINT (2.2953648 48.8547095),45,36,4536
470177,48.857476,2.2910099,4,traffic_signals,,POINT (2.2910099 48.857476),48,34,4834
470180,48.8605421,2.2956191,4,,,POINT (2.2956191 48.8605421),51,36,5136
470182,48.8624388,2.3019454,4,,,POINT (2.3019454 48.8624388),54,39,5439
470183,48.8618535,2.3014499,3,crossing,,POINT (2.3014499 48.8618535),53,39,5339
470184,48.8576576,2.3001306,5,traffic_signals,,POINT (2.3001306 48.8576576),48,38,4838
470185,48.8592274,2.3051352,3,,,POINT (2.3051352 48.8592274),50,41,5041
470188,48.8606037,2.2908634,3,,,POINT (2.2908634 48.8606037),51,34,5134
470189,48.8608186,2.2912356,3,,,POINT (2.2912356 48.8608186),52,34,5234
470192,48.859719,2.3078041,3,,,POINT (2.3078041 48.859719),50,42,5042
470195,48.879398,2.3485666,5,traffic_signals,,POINT (2.3485666 48.879398),73,64,7364
470197,48.8699143,2.3348127,3,,,POINT (2.3348127 48.8699143),62,57,6257
470198,48.8691782,2.338689,4,traffic_signals,,POINT (2.338689 48.8691782),61,59,6159
470202,48.8662268,2.3525504,4,,,POINT (2.3525504 48.8662268),58,66,5866
470203,48.865977,2.353766,4,traffic_signals,,POINT (2.353766 48.865977),58,67,5867
644079,48.8453291,2.2586805,4,,,POINT (2.2586805 48.8453291),34,17,3417
644084,48.8426289,2.3026724,4,traffic_signals,,POINT (2.3026724 48.8426289),31,40,3140
644085,48.8409161,2.2969985,3,,,POINT (2.2969985 48.8409161),29,37,2937
644092,48.8902351,2.3599793,4,,,POINT (2.3599793 48.8902351),86,70,8670
644102,48.8958144,2.3713598,4,,,POINT (2.3713598 48.8958144),92,76,9276
644109,48.8997118,2.3702842,3,,,POINT (2.3702842 48.8997118),97,75,9775
644122,48.8957519,2.3395439,4,,,POINT (2.3395439 48.8957519),92,59,9259
644123,48.8953189,2.3375759,4,traffic_signals,,POINT (2.3375759 48.8953189),92,58,9258
644124,48.8946561,2.3346365,3,,,POINT (2.3346365 48.8946561),91,57,9157
644125,48.8936232,2.3300973,3,traffic_signals,,POINT (2.3300973 48.8936232),90,54,9054
644129,48.8912377,2.3190875,3,,,POINT (2.3190875 48.8912377),87,48,8748
644130,48.8915685,2.3184911,4,traffic_signals,,POINT (2.3184911 48.8915685),87,48,8748
644131,48.8896898,2.3166761,3,,,POINT (2.3166761 48.8896898),85,47,8547
644133,48.8839595,2.300307,5,,,POINT (2.300307 48.8839595),79,38,7938
644134,48.8828366,2.3029851,4,,,POINT (2.3029851 48.8828366),77,40,7740
644135,48.882197,2.3044922,4,,,POINT (2.3044922 48.882197),77,41,7741
644137,48.8840092,2.3087032,4,,,POINT (2.3087032 48.8840092),79,43,7943
644139,48.8866387,2.3130835,4,,,POINT (2.3130835 48.8866387),82,45,8245
644143,48.8303332,2.3458868,4,traffic_signals,,POINT (2.3458868 48.8303332),16,62,1662
644144,48.826327,2.3598216,3,,,POINT (2.3598216 48.826327),12,70,1270
644145,48.8330116,2.36183,5,traffic_signals,,POINT (2.36183 48.8330116),19,71,1971
644147,48.8327307,2.3621891,4,traffic_signals,,POINT (2.3621891 48.8327307),19,71,1971
644148,48.8335273,2.361469,3,,,POINT (2.361469 48.8335273),20,71,2071
644149,48.8334502,2.3613402,3,,,POINT (2.3613402 48.8334502),20,71,2071
644153,48.8334901,2.3612139,3,crossing,,POINT (2.3612139 48.8334901),20,71,2071
644154,48.8339274,2.3598546,3,,,POINT (2.3598546 48.8339274),20,70,2070
644156,48.8355614,2.3585395,3,,,POINT (2.3585395 48.8355614),22,69,2269
644159,48.8291819,2.3651419,3,,,POINT (2.3651419 48.8291819),15,73,1573
644160,48.8567219,2.3489342,4,,,POINT (2.3489342 48.8567219),47,64,4764
644163,48.8521389,2.3609324,3,,,POINT (2.3609324 48.8521389),42,70,4270
644165,48.8168383,2.3601877,3,,,POINT (2.3601877 48.8168383),1,70,170
661209,48.8337679,2.3333573,3,,,POINT (2.3333573 48.8337679),20,56,2056
661211,48.8739267,2.3257905,3,traffic_signals,,POINT (2.3257905 48.8739267),67,52,6752
661213,48.87525,2.3242781,4,traffic_signals,,POINT (2.3242781 48.87525),69,51,6951
661214,48.8780545,2.3226225,4,traffic_signals,,POINT (2.3226225 48.8780545),72,50,7250
661215,48.8804106,2.317374,3,,,POINT (2.317374 48.8804106),75,47,7547
661218,48.8751368,2.2960232,4,traffic_signals,,POINT (2.2960232 48.8751368),68,36,6836
661220,48.874578,2.2969694,4,,,POINT (2.2969694 48.874578),68,37,6837
661221,48.8739778,2.2972956,4,,,POINT (2.2972956 48.8739778),67,37,6737
661225,48.8709454,2.2975047,5,traffic_signals,,POINT (2.2975047 48.8709454),64,37,6437
661227,48.8651558,2.299843,4,,,POINT (2.299843 48.8651558),57,38,5738
661233,48.8552724,2.289499,3,,,POINT (2.289499 48.8552724),45,33,4533
661235,48.8544184,2.2886492,4,traffic_signals,,POINT (2.2886492 48.8544184),44,32,4432
661237,48.851657,2.2913769,3,,,POINT (2.2913769 48.851657),41,34,4134
661239,48.8506961,2.2923353,5,,,POINT (2.2923353 48.8506961),40,34,4034
661244,48.8464821,2.301822,3,,,POINT (2.301822 48.8464821),35,39,3539
704766,48.8652946,2.3744337,4,,,POINT (2.3744337 48.8652946),57,78,5778
704778,48.8526951,2.4061085,4,traffic_signals,,POINT (2.4061085 48.8526951),42,94,4294
704779,48.8489527,2.4065708,4,,,POINT (2.4065708 48.8489527),38,94,3894
704780,48.8400886,2.4044722,4,,,POINT (2.4044722 48.8400886),28,93,2893
704781,48.8376805,2.4038122,3,,,POINT (2.4038122 48.8376805),25,93,2593
704782,48.8366973,2.4034875,4,traffic_signals,,POINT (2.4034875 48.8366973),24,93,2493
792952,48.8290921,2.3605632,3,,,POINT (2.3605632 48.8290921),15,70,1570
792953,48.8292395,2.360699,4,,,POINT (2.360699 48.8292395),15,70,1570
792954,48.830241,2.362211,3,,,POINT (2.362211 48.830241),16,71,1671
792958,48.8315837,2.3636711,4,,,POINT (2.3636711 48.8315837),18,72,1872
792960,48.8320827,2.3652678,3,,,POINT (2.3652678 48.8320827),18,73,1873
792961,48.8323844,2.364868,3,,,POINT (2.364868 48.8323844),19,72,1972
792962,48.8333207,2.3636524,4,,,POINT (2.3636524 48.8333207),20,72,2072
792964,48.8305397,2.3660044,3,,,POINT (2.3660044 48.8305397),17,73,1773
792967,48.8294491,2.36541,3,,,POINT (2.36541 48.8294491),15,73,1573
792970,48.8302063,2.3675311,4,,,POINT (2.3675311 48.8302063),16,74,1674
792971,48.8303829,2.3678437,3,,,POINT (2.3678437 48.8303829),16,74,1674
792972,48.8304324,2.3674946,3,,,POINT (2.3674946 48.8304324),16,74,1674
792973,48.8305555,2.3673258,3,,,POINT (2.3673258 48.8305555),17,74,1774
792980,48.8291866,2.3652664,3,,,POINT (2.3652664 48.8291866),15,73,1573
792982,48.8290971,2.3650272,3,,,POINT (2.3650272 48.8290971),15,73,1573
792983,48.8289449,2.3652885,3,,,POINT (2.3652885 48.8289449),15,73,1573
792984,48.8289992,2.3653829,3,,,POINT (2.3653829 48.8289992),15,73,1573
792985,48.8283186,2.3672561,3,,,POINT (2.3672561 48.8283186),14,74,1474
792986,48.8279218,2.366652,3,,,POINT (2.366652 48.8279218),14,73,1473
792987,48.8275863,2.3661349,3,,,POINT (2.3661349 48.8275863),13,73,1373
792988,48.8281995,2.3657574,3,,,POINT (2.3657574 48.8281995),14,73,1473
792989,48.8285922,2.3655156,3,,,POINT (2.3655156 48.8285922),14,73,1473
792991,48.8277737,2.3645499,3,,,POINT (2.3645499 48.8277737),13,72,1372
1688996,48.8279831,2.3693806,4,,,POINT (2.3693806 48.8279831),14,75,1475
1689006,48.8281064,2.3707111,3,,,POINT (2.3707111 48.8281064),14,76,1476
1689008,48.8286332,2.3699127,4,,,POINT (2.3699127 48.8286332),14,75,1475
1689012,48.8295977,2.3715575,4,,,POINT (2.3715575 48.8295977),15,76,1576
1689013,48.8297197,2.371798,3,,,POINT (2.371798 48.8297197),16,76,1676
1689016,48.8310482,2.3743874,3,,,POINT (2.3743874 48.8310482),17,77,1777
1689027,48.8289364,2.372509,3,,,POINT (2.372509 48.8289364),15,76,1576
1689029,48.8272904,2.3685052,4,,,POINT (2.3685052 48.8272904),13,74,1374
1689030,48.8271052,2.3671311,3,,,POINT (2.3671311 48.8271052),13,74,1374
1689033,48.8276142,2.3708858,3,,,POINT (2.3708858 48.8276142),13,76,1376
2035302,48.8505867,2.3600338,2,,,POINT (2.3600338 48.8505867),40,70,4070
4616525,48.8628341,2.3134495,4,,,POINT (2.3134495 48.8628341),54,45,5445
4616526,48.8628941,2.3179455,3,,,POINT (2.3179455 48.8628941),54,48,5448
4616528,48.8626119,2.3190473,4,,,POINT (2.3190473 48.8626119),54,48,5448
4616532,48.8625524,2.3092277,3,,,POINT (2.3092277 48.8625524),54,43,5443
4616537,48.8641916,2.3001309,3,,,POINT (2.3001309 48.8641916),56,38,5638
4616541,48.8639207,2.2989008,4,,,POINT (2.2989008 48.8639207),55,38,5538
4616542,48.8629912,2.2952027,3,,,POINT (2.2952027 48.8629912),54,36,5436
4616543,48.8625473,2.2938625,3,,,POINT (2.2938625 48.8625473),54,35,5435
4616553,48.851324,2.2784754,5,,,POINT (2.2784754 48.851324),41,27,4127
4616555,48.8491031,2.2754325,3,,,POINT (2.2754325 48.8491031),38,25,3825
4616563,48.85882,2.3129666,3,,,POINT (2.3129666 48.85882),49,45,4945
4616565,48.8579445,2.3151472,4,traffic_signals,,POINT (2.3151472 48.8579445),48,46,4846
4616566,48.8536931,2.314733,3,traffic_signals,,POINT (2.314733 48.8536931),43,46,4346
4616567,48.8518154,2.3145185,4,traffic_signals,,POINT (2.3145185 48.8518154),41,46,4146
4616570,48.8482836,2.3157894,3,traffic_signals,,POINT (2.3157894 48.8482836),37,47,3747
7304705,48.8249543,2.3624501,4,traffic_signals,,POINT (2.3624501 48.8249543),10,71,1071
7304709,48.827082,2.3742215,5,,,POINT (2.3742215 48.827082),13,77,1377
7304712,48.8289396,2.3798391,3,,,POINT (2.3798391 48.8289396),15,80,1580
7304714,48.8296024,2.3792112,4,traffic_signals,,POINT (2.3792112 48.8296024),15,80,1580
7304715,48.8306499,2.3817566,3,,,POINT (2.3817566 48.8306499),17,81,1781
7304716,48.8288915,2.3839625,3,traffic_signals,,POINT (2.3839625 48.8288915),15,83,1583
8809431,48.8393628,2.3957467,3,,,POINT (2.3957467 48.8393628),27,89,2789
8809434,48.8367179,2.3984316,3,,,POINT (2.3984316 48.8367179),24,90,2490
8809435,48.8356232,2.3970758,3,,,POINT (2.3970758 48.8356232),22,89,2289
8809436,48.8362374,2.3946479,4,,,POINT (2.3946479 48.8362374),23,88,2388
8809437,48.8543312,2.3714275,4,,,POINT (2.3714275 48.8543312),44,76,4476
8809438,48.8547839,2.3727458,3,,,POINT (2.3727458 48.8547839),45,77,4577
8809439,48.8555166,2.3744228,3,,,POINT (2.3744228 48.8555166),46,78,4678
8809440,48.8557643,2.3750856,3,,,POINT (2.3750856 48.8557643),46,78,4678
8809441,48.8533019,2.3757374,3,,,POINT (2.3757374 48.8533019),43,78,4378
8809442,48.8543972,2.371344,3,,,POINT (2.371344 48.8543972),44,76,4476
8809445,48.8556896,2.3716475,4,,,POINT (2.3716475 48.8556896),46,76,4676
8809447,48.855163,2.3703502,4,,,POINT (2.3703502 48.855163),45,75,4575
8809449,48.8547347,2.3695371,3,,,POINT (2.3695371 48.8547347),45,75,4575
8809450,48.8553837,2.3698326,3,,,POINT (2.3698326 48.8553837),45,75,4575
8809451,48.8559257,2.3692026,4,,,POINT (2.3692026 48.8559257),46,75,4675
14798299,48.8493805,2.2815637,4,traffic_signals,,POINT (2.2815637 48.8493805),38,29,3829
14798301,48.8465559,2.2859896,4,traffic_signals,,POINT (2.2859896 48.8465559),35,31,3531
14798302,48.8456473,2.2879873,4,traffic_signals,,POINT (2.2879873 48.8456473),34,32,3432
14798303,48.8436769,2.293009,3,traffic_signals,,POINT (2.293009 48.8436769),32,35,3235
14798304,48.8428777,2.2950424,4,traffic_signals,,POINT (2.2950424 48.8428777),31,36,3136
14798305,48.8413442,2.2965977,3,,,POINT (2.2965977 48.8413442),29,37,2937
14798306,48.8485507,2.2576953,3,,,POINT (2.2576953 48.8485507),37,16,3716
14798307,48.8485561,2.2684597,3,,,POINT (2.2684597 48.8485561),37,22,3722
14798308,48.8483017,2.2672942,4,,,POINT (2.2672942 48.8483017),37,21,3721
14798310,48.8490106,2.266359,6,traffic_signals,,POINT (2.266359 48.8490106),38,21,3821
14798311,48.8488699,2.2651665,3,,,POINT (2.2651665 48.8488699),38,20,3820
14798312,48.8487092,2.2635126,3,,,POINT (2.2635126 48.8487092),38,19,3819
14798315,48.8483667,2.2604585,3,,,POINT (2.2604585 48.8483667),37,18,3718
14802818,48.8496135,2.2714503,3,,,POINT (2.2714503 48.8496135),39,23,3923
14802823,48.8583078,2.2613379,3,,,POINT (2.2613379 48.8583078),49,18,4918
14803152,48.8656723,2.2332373,3,,,POINT (2.2332373 48.8656723),57,3,5703
14803153,48.8649915,2.2343936,4,traffic_signals,,POINT (2.2343936 48.8649915),57,4,5704
14803155,48.8645909,2.23527,3,,,POINT (2.23527 48.8645909),56,4,5604
14803158,48.8634818,2.2390238,4,,,POINT (2.2390238 48.8634818),55,6,5506
14803160,48.8634807,2.2394038,5,,,POINT (2.2394038 48.8634807),55,6,5506
14803161,48.8637116,2.2401307,4,,,POINT (2.2401307 48.8637116),55,7,5507
14803162,48.8638694,2.2405268,3,,,POINT (2.2405268 48.8638694),55,7,5507
14950166,48.8496144,2.3742867,4,traffic_signals,,POINT (2.3742867 48.8496144),39,77,3977
14950168,48.84835,2.3760085,4,traffic_signals,,POINT (2.3760085 48.84835),37,78,3778
14950169,48.8464578,2.3789541,4,traffic_signals,,POINT (2.3789541 48.8464578),35,80,3580
14950171,48.8389898,2.3892225,4,,,POINT (2.3892225 48.8389898),26,85,2685
14950172,48.8411563,2.3873751,3,,,POINT (2.3873751 48.8411563),29,84,2984
14950176,48.8426521,2.3858998,3,,,POINT (2.3858998 48.8426521),31,84,3184
14950238,48.8362214,2.4029174,4,,,POINT (2.4029174 48.8362214),23,93,2393
14956508,48.8365342,2.3720722,4,,,POINT (2.3720722 48.8365342),24,76,2476
14956512,48.8348853,2.3739199,3,,,POINT (2.3739199 48.8348853),22,77,2277
14956513,48.8318033,2.3766261,3,,,POINT (2.3766261 48.8318033),18,79,1879
14956514,48.8373693,2.3738651,4,traffic_signals,,POINT (2.3738651 48.8373693),24,77,2477
14956515,48.8356807,2.3753779,3,traffic_signals,,POINT (2.3753779 48.8356807),23,78,2378
14956516,48.8314663,2.3759836,4,traffic_signals,,POINT (2.3759836 48.8314663),18,78,1878
14956517,48.8310681,2.377543,4,,,POINT (2.377543 48.8310681),17,79,1779
14956518,48.8350144,2.3726215,3,,,POINT (2.3726215 48.8350144),22,77,2277
14956519,48.830483,2.3765852,5,,,POINT (2.3765852 48.830483),16,79,1679
14956521,48.8343479,2.3729368,1,,,POINT (2.3729368 48.8343479),21,77,2177
14956522,48.8361238,2.3713081,3,,,POINT (2.3713081 48.8361238),23,76,2376
14956524,48.8313818,2.3757348,2,,,POINT (2.3757348 48.8313818),18,78,1878
14956525,48.8284062,2.3785722,3,,,POINT (2.3785722 48.8284062),14,80,1480
14956526,48.8285018,2.3787874,4,,,POINT (2.3787874 48.8285018),14,80,1480
14956527,48.8280727,2.3777911,4,,,POINT (2.3777911 48.8280727),14,79,1479
14956529,48.8290881,2.3779328,4,,,POINT (2.3779328 48.8290881),15,79,1579
14956530,48.829168,2.3781615,4,,,POINT (2.3781615 48.829168),15,79,1579
14956531,48.8279787,2.3792864,4,traffic_signals,,POINT (2.3792864 48.8279787),14,80,1480
14956532,48.8352923,2.38535,4,traffic_signals,,POINT (2.38535 48.8352923),22,83,2283
14956533,48.8363194,2.3850482,3,,,POINT (2.3850482 48.8363194),23,83,2383
14956534,48.837203,2.3835434,3,,,POINT (2.3835434 48.837203),24,82,2482
14956535,48.8383258,2.3815999,3,,,POINT (2.3815999 48.8383258),26,81,2681
14956536,48.8385963,2.3811933,3,,,POINT (2.3811933 48.8385963),26,81,2681
14956537,48.8359053,2.3864726,3,,,POINT (2.3864726 48.8359053),23,84,2384
14956538,48.8399472,2.3823697,3,traffic_signals,,POINT (2.3823697 48.8399472),27,82,2782
14956542,48.8359959,2.3844704,3,,,POINT (2.3844704 48.8359959),23,83,2383
14956543,48.8345784,2.3862117,3,,,POINT (2.3862117 48.8345784),21,84,2184
14956545,48.8351891,2.3873395,4,,,POINT (2.3873395 48.8351891),22,84,2284
14956546,48.8347399,2.3879034,3,,,POINT (2.3879034 48.8347399),21,85,2185
14956547,48.8338856,2.3889828,3,traffic_signals,,POINT (2.3889828 48.8338856),20,85,2085
14956548,48.8330601,2.3874465,3,,,POINT (2.3874465 48.8330601),19,84,1984
14956550,48.8329668,2.3900854,3,,,POINT (2.3900854 48.8329668),19,86,1986
14956551,48.8329753,2.3903301,3,,,POINT (2.3903301 48.8329753),19,86,1986
14956555,48.832878,2.3902588,3,,,POINT (2.3902588 48.832878),19,86,1986
14956567,48.8510217,2.3772072,3,,,POINT (2.3772072 48.8510217),40,79,4079
14956569,48.8500612,2.3765303,3,,,POINT (2.3765303 48.8500612),39,79,3979
14956570,48.8497732,2.3770095,3,,,POINT (2.3770095 48.8497732),39,79,3979
15032388,48.819519,2.3740256,3,,,POINT (2.3740256 48.819519),4,77,477
15032392,48.819449,2.3734551,4,traffic_signals,,POINT (2.3734551 48.819449),4,77,477
15032394,48.8204271,2.37261,3,,,POINT (2.37261 48.8204271),5,77,577
15032400,48.8204963,2.3725679,3,,,POINT (2.3725679 48.8204963),5,77,577
15032401,48.8207002,2.373619,3,,,POINT (2.373619 48.8207002),5,77,577
15032402,48.8207657,2.3735818,3,,,POINT (2.3735818 48.8207657),5,77,577
15032404,48.8209365,2.3734848,1,,,POINT (2.3734848 48.8209365),5,77,577
15032405,48.8205716,2.373692,2,,,POINT (2.373692 48.8205716),5,77,577
15032421,48.8200091,2.3756322,2,,,POINT (2.3756322 48.8200091),4,78,478
15033822,48.8211037,2.3787269,3,,,POINT (2.3787269 48.8211037),6,80,680
15035501,48.8210133,2.3756043,3,,,POINT (2.3756043 48.8210133),5,78,578
15035503,48.8220946,2.3749472,3,,,POINT (2.3749472 48.8220946),7,78,778
15035509,48.8223218,2.3758254,3,traffic_signals,,POINT (2.3758254 48.8223218),7,78,778
15035512,48.8215326,2.3724742,4,traffic_signals,,POINT (2.3724742 48.8215326),6,76,676
15035514,48.8227768,2.3731465,3,,,POINT (2.3731465 48.8227768),8,77,877
15035516,48.8202488,2.3718268,3,,,POINT (2.3718268 48.8202488),5,76,576
15035518,48.8210158,2.3702865,3,,,POINT (2.3702865 48.8210158),5,75,575
15035519,48.8218553,2.3704392,3,,,POINT (2.3704392 48.8218553),6,75,675
15035521,48.8221221,2.371165,3,,,POINT (2.371165 48.8221221),7,76,776
15035522,48.8222851,2.37165,4,,,POINT (2.37165 48.8222851),7,76,776
15035526,48.821719,2.37198,3,,,POINT (2.37198 48.821719),6,76,676
15035527,48.8215991,2.3715571,3,,,POINT (2.3715571 48.8215991),6,76,676
15035529,48.8213568,2.3708072,3,,,POINT (2.3708072 48.8213568),6,76,676
15035530,48.8229654,2.377822,3,,,POINT (2.377822 48.8229654),8,79,879
15035533,48.825369,2.3749213,3,traffic_signals,,POINT (2.3749213 48.825369),11,78,1178
15035534,48.8255716,2.3746018,4,traffic_signals,,POINT (2.3746018 48.8255716),11,78,1178
15035535,48.8275435,2.3703669,3,,,POINT (2.3703669 48.8275435),13,75,1375
15035539,48.8255162,2.372078,3,,,POINT (2.372078 48.8255162),11,76,1176
15035540,48.8250401,2.3724818,3,,,POINT (2.3724818 48.8250401),10,76,1076
15035541,48.825144,2.3719097,3,,,POINT (2.3719097 48.825144),10,76,1076
15035546,48.8236371,2.3725429,3,,,POINT (2.3725429 48.8236371),9,77,977
15035547,48.82416,2.3755666,3,,,POINT (2.3755666 48.82416),9,78,978
15035553,48.8244059,2.376404,4,traffic_signals,,POINT (2.376404 48.8244059),9,79,979
15035555,48.8261533,2.36696,3,,,POINT (2.36696 48.8261533),11,74,1174
15035556,48.8233044,2.3685028,3,,,POINT (2.3685028 48.8233044),8,74,874
15035558,48.8256709,2.3610141,3,,,POINT (2.3610141 48.8256709),11,70,1170
15035561,48.8262497,2.3633599,3,,,POINT (2.3633599 48.8262497),12,72,1272
15035563,48.8268211,2.3650356,3,,,POINT (2.3650356 48.8268211),12,73,1273
15035571,48.8252916,2.3626607,3,,,POINT (2.3626607 48.8252916),10,71,1071
15035572,48.8256122,2.3620083,1,,,POINT (2.3620083 48.8256122),11,71,1171
15035573,48.8233653,2.3709062,4,,,POINT (2.3709062 48.8233653),8,76,876
15035574,48.8241556,2.370388,3,,,POINT (2.370388 48.8241556),9,75,975
15035575,48.8251513,2.3697652,3,,,POINT (2.3697652 48.8251513),10,75,1075
15035576,48.8270589,2.3686792,3,,,POINT (2.3686792 48.8270589),13,74,1374
15378799,48.8335261,2.3634004,4,,,POINT (2.3634004 48.8335261),20,72,2072
15378800,48.8389187,2.3881454,4,,,POINT (2.3881454 48.8389187),26,85,2685
15378802,48.8404351,2.3866216,3,,,POINT (2.3866216 48.8404351),28,84,2884
15378803,48.8407552,2.3863058,3,,,POINT (2.3863058 48.8407552),28,84,2884
15378804,48.841195,2.3858548,3,,,POINT (2.3858548 48.841195),29,84,2984
15378805,48.8409492,2.3868148,3,,,POINT (2.3868148 48.8409492),29,84,2984
15378807,48.8396978,2.3954763,3,,,POINT (2.3954763 48.8396978),27,89,2789
15378809,48.8415944,2.3869318,3,,,POINT (2.3869318 48.8415944),29,84,2984
15378811,48.8325455,2.3965729,3,,,POINT (2.3965729 48.8325455),19,89,1989
15378813,48.8345886,2.3968912,3,,,POINT (2.3968912 48.8345886),21,89,2189
15378814,48.8341736,2.3977284,3,,,POINT (2.3977284 48.8341736),21,90,2190
15378815,48.8336402,2.3985065,3,,,POINT (2.3985065 48.8336402),20,90,2090
15378820,48.8358926,2.394196,3,,,POINT (2.394196 48.8358926),23,88,2388
15378821,48.8364456,2.3930409,3,,,POINT (2.3930409 48.8364456),23,87,2387
15378823,48.8332681,2.3989427,3,traffic_signals,,POINT (2.3989427 48.8332681),20,90,2090
15378825,48.8371542,2.4021719,5,traffic_signals,,POINT (2.4021719 48.8371542),24,92,2492
15378826,48.8384332,2.3987163,3,,,POINT (2.3987163 48.8384332),26,90,2690
15378827,48.8381744,2.3994244,3,,,POINT (2.3994244 48.8381744),25,91,2591
15378828,48.8375748,2.3983747,3,,,POINT (2.3983747 48.8375748),25,90,2590
15378831,48.8362971,2.3989921,3,,,POINT (2.3989921 48.8362971),23,90,2390
15378832,48.8358144,2.3996105,4,traffic_signals,,POINT (2.3996105 48.8358144),23,91,2391
15378833,48.8361958,2.4003697,3,,,POINT (2.4003697 48.8361958),23,91,2391
15378834,48.8386478,2.3962977,3,,,POINT (2.3962977 48.8386478),26,89,2689
15378836,48.8372519,2.3977926,3,,,POINT (2.3977926 48.8372519),24,90,2490
15378840,48.8385607,2.3931833,3,traffic_signals,,POINT (2.3931833 48.8385607),26,87,2687
15378841,48.8374899,2.3914856,3,,,POINT (2.3914856 48.8374899),25,86,2586
15378843,48.8364941,2.3949803,3,,,POINT (2.3949803 48.8364941),23,88,2388
15378844,48.8368064,2.3953874,1,,,POINT (2.3953874 48.8368064),24,89,2489
15378847,48.8354342,2.3977785,3,,,POINT (2.3977785 48.8354342),22,90,2290
15378848,48.8354094,2.3978772,3,traffic_signals,,POINT (2.3978772 48.8354094),22,90,2290
15378849,48.8351827,2.3987647,4,,,POINT (2.3987647 48.8351827),22,90,2290
15378852,48.8448398,2.4020338,3,,,POINT (2.4020338 48.8448398),33,92,3392
15378854,48.8451089,2.4020463,3,traffic_signals,,POINT (2.4020463 48.8451089),33,92,3392
15378856,48.8450597,2.4025155,3,traffic_signals,,POINT (2.4025155 48.8450597),33,92,3392
15378858,48.8448692,2.4024954,3,,,POINT (2.4024954 48.8448692),33,92,3392
15378859,48.8449876,2.4019578,3,traffic_signals,,POINT (2.4019578 48.8449876),33,92,3392
15435230,48.8297754,2.3570818,3,,,POINT (2.3570818 48.8297754),16,68,1668
15435231,48.8290244,2.3576906,3,,,POINT (2.3576906 48.8290244),15,69,1569
15435232,48.8298839,2.3596045,3,,,POINT (2.3596045 48.8298839),16,70,1670
15435233,48.8294625,2.3601118,5,,,POINT (2.3601118 48.8294625),15,70,1570
15435234,48.829755,2.3592977,4,,,POINT (2.3592977 48.829755),16,70,1670
15435240,48.8262685,2.3781354,4,,,POINT (2.3781354 48.8262685),12,79,1279
15435241,48.8261173,2.3782306,3,,,POINT (2.3782306 48.8261173),11,80,1180
15435242,48.8250346,2.3781399,3,,,POINT (2.3781399 48.8250346),10,79,1079
15435243,48.8254514,2.3794109,3,,,POINT (2.3794109 48.8254514),11,80,1180
15435244,48.8256119,2.3747632,3,,,POINT (2.3747632 48.8256119),11,78,1178
15435249,48.8264982,2.3745369,3,,,POINT (2.3745369 48.8264982),12,78,1278
15435250,48.8268201,2.3754622,3,,,POINT (2.3754622 48.8268201),12,78,1278
15435252,48.8291873,2.3742163,3,,,POINT (2.3742163 48.8291873),15,77,1577
15435254,48.828096,2.3732941,3,,,POINT (2.3732941 48.828096),14,77,1477
15435259,48.8318615,2.3790924,3,,,POINT (2.3790924 48.8318615),18,80,1880
15435260,48.8306875,2.3801205,4,,,POINT (2.3801205 48.8306875),17,81,1781
15435261,48.8310625,2.3798378,3,,,POINT (2.3798378 48.8310625),17,80,1780
15435263,48.8314396,2.380761,3,,,POINT (2.380761 48.8314396),18,81,1881
15435269,48.8286888,2.3810109,3,,,POINT (2.3810109 48.8286888),14,81,1481
15435271,48.8295644,2.3831228,3,traffic_signals,,POINT (2.3831228 48.8295644),15,82,1582
15435272,48.8286285,2.3821095,4,,,POINT (2.3821095 48.8286285),14,82,1482
15435273,48.8282295,2.3824481,4,,,POINT (2.3824481 48.8282295),14,82,1482
15435274,48.8271834,2.3800395,4,traffic_signals,,POINT (2.3800395 48.8271834),13,80,1380
15435277,48.8276225,2.3813522,3,,,POINT (2.3813522 48.8276225),13,81,1381
15435280,48.8292294,2.3835455,3,,,POINT (2.3835455 48.8292294),15,82,1582
15435281,48.8281057,2.3848743,3,,,POINT (2.3848743 48.8281057),14,83,1483
15435282,48.8245138,2.3871231,3,,,POINT (2.3871231 48.8245138),10,84,1084
15435283,48.8244564,2.3869718,3,,,POINT (2.3869718 48.8244564),9,84,984
15435310,48.8301386,2.3805153,4,traffic_signals,,POINT (2.3805153 48.8301386),16,81,1681
15435311,48.8317197,2.3729131,4,,,POINT (2.3729131 48.8317197),18,77,1877
15641131,48.8412715,2.3435923,4,traffic_signals,,POINT (2.3435923 48.8412715),29,61,2961
15643097,48.8796813,2.3459903,4,,,POINT (2.3459903 48.8796813),74,63,7463
15643098,48.8666409,2.3373626,3,traffic_signals,,POINT (2.3373626 48.8666409),59,58,5958
15643099,48.8632226,2.3355182,4,,,POINT (2.3355182 48.8632226),55,57,5557
15643100,48.8621235,2.3394581,3,,,POINT (2.3394581 48.8621235),53,59,5359
15643102,48.8610675,2.3448967,4,,,POINT (2.3448967 48.8610675),52,62,5262
15643109,48.8591448,2.4021238,4,traffic_signals,,POINT (2.4021238 48.8591448),50,92,5092
15644058,48.876159,2.358297,4,,,POINT (2.358297 48.876159),70,69,7069
15644294,48.8736819,2.3144522,4,traffic_signals,,POINT (2.3144522 48.8736819),67,46,6746
15644295,48.8730772,2.3115136,3,,,POINT (2.3115136 48.8730772),66,44,6644
15859474,48.8310663,2.3681904,1,,,POINT (2.3681904 48.8310663),17,74,1774
15859479,48.8345714,2.367376,3,,,POINT (2.367376 48.8345714),21,74,2174
15859481,48.8347464,2.3670683,3,traffic_signals,,POINT (2.3670683 48.8347464),21,74,2174
15859483,48.8347201,2.3669865,3,,,POINT (2.3669865 48.8347201),21,74,2174
15859484,48.8358472,2.3598406,3,,,POINT (2.3598406 48.8358472),23,70,2370
15859494,48.8389234,2.3700273,4,,,POINT (2.3700273 48.8389234),26,75,2675
15859496,48.8386611,2.3723708,3,,,POINT (2.3723708 48.8386611),26,76,2676
15859497,48.8383393,2.3728047,3,,,POINT (2.3728047 48.8383393),26,77,2677
15859498,48.8379275,2.3732807,3,,,POINT (2.3732807 48.8379275),25,77,2577
15859500,48.8372125,2.3728913,3,traffic_signals,,POINT (2.3728913 48.8372125),24,77,2477
15859501,48.8366689,2.3719032,4,,,POINT (2.3719032 48.8366689),24,76,2476
15859502,48.8352646,2.3694487,3,traffic_signals,,POINT (2.3694487 48.8352646),22,75,2275
15859504,48.8351188,2.3690123,4,traffic_signals,,POINT (2.3690123 48.8351188),22,75,2275
15859505,48.8354776,2.3692631,3,,,POINT (2.3692631 48.8354776),22,75,2275
15859506,48.8355082,2.3699904,3,,,POINT (2.3699904 48.8355082),22,75,2275
15859507,48.8356684,2.3698368,3,,,POINT (2.3698368 48.8356684),23,75,2375
15859511,48.8359729,2.3601021,3,,,POINT (2.3601021 48.8359729),23,70,2370
15859512,48.8361623,2.3603543,3,,,POINT (2.3603543 48.8361623),23,70,2370
15859515,48.8344802,2.3637848,3,,,POINT (2.3637848 48.8344802),21,72,2172
15859522,48.8320953,2.3583162,3,,,POINT (2.3583162 48.8320953),18,69,1869
15859525,48.8297453,2.3693882,3,,,POINT (2.3693882 48.8297453),16,75,1675
15860538,48.8372975,2.3714536,3,,,POINT (2.3714536 48.8372975),24,76,2476
15860541,48.8383778,2.3716924,3,,,POINT (2.3716924 48.8383778),26,76,2676
15864046,48.8326354,2.3709935,4,,,POINT (2.3709935 48.8326354),19,76,1976
15864047,48.8330546,2.3701265,3,,,POINT (2.3701265 48.8330546),19,75,1975
15864049,48.8332783,2.369658,4,traffic_signals,,POINT (2.369658 48.8332783),20,75,2075
15864050,48.8326046,2.3684351,3,,,POINT (2.3684351 48.8326046),19,74,1974
15864051,48.8321959,2.3689497,3,,,POINT (2.3689497 48.8321959),18,75,1875
15864053,48.8315726,2.3697528,3,,,POINT (2.3697528 48.8315726),18,75,1875
15864054,48.8335606,2.3703526,3,,,POINT (2.3703526 48.8335606),20,75,2075
15864063,48.8327487,2.3697869,1,,,POINT (2.3697869 48.8327487),19,75,1975
16818187,48.8983964,2.3231911,3,,,POINT (2.3231911 48.8983964),95,51,9551
16820915,48.8656031,2.3205259,4,,,POINT (2.3205259 48.8656031),57,49,5749
16820916,48.8663134,2.3214234,3,,,POINT (2.3214234 48.8663134),58,50,5850
16820918,48.8717654,2.3141902,4,traffic_signals,,POINT (2.3141902 48.8717654),64,46,6446
16820924,48.8478991,2.3277692,4,,,POINT (2.3277692 48.8478991),37,53,3753
16820925,48.8450959,2.3201533,4,traffic_signals,,POINT (2.3201533 48.8450959),33,49,3349
16820927,48.8432426,2.320503,3,,,POINT (2.320503 48.8432426),31,49,3149
16820933,48.844035,2.3233789,5,traffic_signals,,POINT (2.3233789 48.844035),32,51,3251
16820936,48.8411127,2.3247417,3,,,POINT (2.3247417 48.8411127),29,51,2951
16820937,48.8433561,2.3242612,3,,,POINT (2.3242612 48.8433561),31,51,3151
16820938,48.8418723,2.3226204,4,,,POINT (2.3226204 48.8418723),30,50,3050
17337815,48.8961568,2.3785321,3,,,POINT (2.3785321 48.8961568),93,80,9380
17348292,48.8976232,2.3857394,4,traffic_signals,,POINT (2.3857394 48.8976232),95,83,9583
17348293,48.8976299,2.3854683,3,traffic_signals,,POINT (2.3854683 48.8976299),95,83,9583
17348307,48.9009577,2.3873065,3,,,POINT (2.3873065 48.9009577),98,84,9884
17348310,48.9005109,2.3870127,3,,,POINT (2.3870127 48.9005109),98,84,9884
17543068,48.8321268,2.3029798,4,traffic_signals,,POINT (2.3029798 48.8321268),18,40,1840
17809150,48.8686651,2.3670429,3,,,POINT (2.3670429 48.8686651),61,74,6174
17809151,48.8707718,2.3654048,3,,,POINT (2.3654048 48.8707718),63,73,6373
17809152,48.8710194,2.3659191,3,traffic_signals,,POINT (2.3659191 48.8710194),64,73,6473
17809161,48.8639984,2.3706775,4,,,POINT (2.3706775 48.8639984),55,76,5576
17809162,48.8656147,2.369425,4,,,POINT (2.369425 48.8656147),57,75,5775
17809163,48.866331,2.3688858,4,,,POINT (2.3688858 48.866331),58,75,5875
17809166,48.8637626,2.3701149,4,,,POINT (2.3701149 48.8637626),55,75,5575
17809169,48.857779,2.3709068,4,,,POINT (2.3709068 48.857779),48,76,4876
17809170,48.8654459,2.3687837,4,,,POINT (2.3687837 48.8654459),57,75,5775
17809184,48.8780281,2.3706681,3,traffic_signals,,POINT (2.3706681 48.8780281),72,76,7276
17809191,48.8753219,2.3691546,3,,,POINT (2.3691546 48.8753219),69,75,6975
17809198,48.8740377,2.3703376,3,,,POINT (2.3703376 48.8740377),67,75,6775
17809567,48.8396207,2.3562982,4,traffic_signals,,POINT (2.3562982 48.8396207),27,68,2768
17809569,48.8411637,2.3559577,4,traffic_signals,,POINT (2.3559577 48.8411637),29,68,2968
17809572,48.8406252,2.3528322,4,,,POINT (2.3528322 48.8406252),28,66,2866
17809575,48.8411208,2.3526201,4,,,POINT (2.3526201 48.8411208),29,66,2966
17809576,48.8432528,2.3527115,3,,,POINT (2.3527115 48.8432528),31,66,3166
17809588,48.8408338,2.3518598,4,traffic_signals,,POINT (2.3518598 48.8408338),29,66,2966
17809589,48.8432399,2.3522268,4,,,POINT (2.3522268 48.8432399),31,66,3166
17975522,48.8389144,2.3532045,3,,,POINT (2.3532045 48.8389144),26,66,2666
17975523,48.839022,2.3539596,3,,,POINT (2.3539596 48.839022),26,67,2667
17975524,48.8392587,2.3548609,3,,,POINT (2.3548609 48.8392587),27,67,2767
17975526,48.8311038,2.3442585,4,traffic_signals,,POINT (2.3442585 48.8311038),17,62,1762
18691519,48.8739726,2.2552036,3,,,POINT (2.2552036 48.8739726),67,15,6715
19405749,48.883327,2.3470973,4,traffic_signals,,POINT (2.3470973 48.883327),78,63,7863
19405751,48.8837384,2.3512804,4,traffic_signals,,POINT (2.3512804 48.8837384),78,65,7865
19405763,48.8838514,2.3685981,4,,,POINT (2.3685981 48.8838514),79,74,7974
19715146,48.8819948,2.3466024,5,traffic_signals,,POINT (2.3466024 48.8819948),76,63,7663
19715155,48.8810938,2.3498299,4,,,POINT (2.3498299 48.8810938),75,65,7565
19715160,48.8821995,2.3376795,4,traffic_signals,,POINT (2.3376795 48.8821995),77,58,7758
19722931,48.884409,2.3294502,4,traffic_signals,,POINT (2.3294502 48.884409),79,54,7954
19722936,48.8833741,2.3275098,3,traffic_signals,,POINT (2.3275098 48.8833741),78,53,7853
19723384,48.8835003,2.3466423,3,,,POINT (2.3466423 48.8835003),78,63,7863
19723387,48.8832386,2.3467659,4,traffic_signals,,POINT (2.3467659 48.8832386),78,63,7863
21112878,48.8647311,2.4101227,4,,,POINT (2.4101227 48.8647311),56,96,5696
21292407,48.8349574,2.3449903,4,traffic_signals,,POINT (2.3449903 48.8349574),22,62,2262
21292409,48.8348131,2.3416015,4,traffic_signals,,POINT (2.3416015 48.8348131),22,60,2260
21292410,48.834607,2.3369678,4,traffic_signals,,POINT (2.3369678 48.834607),21,58,2158
21292411,48.8350197,2.3321859,3,traffic_signals,,POINT (2.3321859 48.8350197),22,55,2255
21292412,48.8365716,2.3511666,3,traffic_signals,,POINT (2.3511666 48.8365716),24,65,2465
21292418,48.8491789,2.338428,4,traffic_signals,,POINT (2.338428 48.8491789),38,59,3859
21292419,48.8493119,2.3373309,3,,,POINT (2.3373309 48.8493119),38,58,3858
21292422,48.8487084,2.3327614,3,traffic_signals,,POINT (2.3327614 48.8487084),38,56,3856
21292423,48.8478164,2.3295628,4,traffic_signals,,POINT (2.3295628 48.8478164),37,54,3754
21292424,48.8500298,2.327171,4,traffic_signals,,POINT (2.327171 48.8500298),39,53,3953
21292425,48.8489858,2.3254183,4,traffic_signals,,POINT (2.3254183 48.8489858),38,52,3852
21292426,48.846493,2.3207293,3,,,POINT (2.3207293 48.846493),35,49,3549
21292427,48.8455173,2.3191514,4,traffic_signals,,POINT (2.3191514 48.8455173),34,48,3448
21292430,48.8625251,2.3189848,3,,,POINT (2.3189848 48.8625251),54,48,5448
21292433,48.8706339,2.3255925,3,traffic_signals,,POINT (2.3255925 48.8706339),63,52,6352
21292434,48.8709441,2.3246463,3,,,POINT (2.3246463 48.8709441),64,51,6451
21292440,48.8790076,2.3148101,3,,,POINT (2.3148101 48.8790076),73,46,7346
21292444,48.8875609,2.3048345,3,,,POINT (2.3048345 48.8875609),83,41,8341
21292448,48.8858694,2.3064298,3,,,POINT (2.3064298 48.8858694),81,42,8142
21292449,48.8852245,2.307214,5,traffic_signals,,POINT (2.307214 48.8852245),80,42,8042
21292453,48.8883386,2.2939521,3,,,POINT (2.2939521 48.8883386),84,35,8435
21292454,48.8870919,2.2895689,4,,,POINT (2.2895689 48.8870919),82,33,8233
21292968,48.8539546,2.309542,4,traffic_signals,,POINT (2.309542 48.8539546),44,43,4443
21292970,48.8742639,2.2945431,3,,,POINT (2.2945431 48.8742639),67,35,6735
21292972,48.8771016,2.2921862,4,,,POINT (2.2921862 48.8771016),71,34,7134
21292973,48.8790585,2.2909593,4,,,POINT (2.2909593 48.8790585),73,34,7334
21292974,48.879312,2.2915519,3,,,POINT (2.2915519 48.879312),73,34,7334
21292975,48.8797392,2.2894924,3,,,POINT (2.2894924 48.8797392),74,33,7433
21305936,48.8546205,2.3425388,3,,,POINT (2.3425388 48.8546205),45,61,4561
21305937,48.8584113,2.3327875,3,,,POINT (2.3327875 48.8584113),49,56,4956
21305938,48.8611157,2.3241906,3,traffic_signals,,POINT (2.3241906 48.8611157),52,51,5251
21305939,48.863335,2.2963279,3,,,POINT (2.2963279 48.863335),55,36,5536
21346780,48.848978,2.2977937,5,,,POINT (2.2977937 48.848978),38,37,3837
21346783,48.8546229,2.295505,3,,,POINT (2.295505 48.8546229),45,36,4536
21346784,48.8544552,2.2957652,3,,,POINT (2.2957652 48.8544552),44,36,4436
21346786,48.8449989,2.3106883,5,,,POINT (2.3106883 48.8449989),33,44,3344
21346787,48.8451773,2.3110478,4,,,POINT (2.3110478 48.8451773),34,44,3444
21346788,48.8491834,2.297972,4,traffic_signals,,POINT (2.297972 48.8491834),38,37,3837
21346796,48.854607,2.2888812,4,traffic_signals,,POINT (2.2888812 48.854607),45,32,4532
21346799,48.8537908,2.2942133,4,traffic_signals,,POINT (2.2942133 48.8537908),44,35,4435
21346801,48.85431,2.2923073,3,,,POINT (2.2923073 48.85431),44,34,4434
21346802,48.8527335,2.2907412,4,traffic_signals,,POINT (2.2907412 48.8527335),42,33,4233
21346804,48.85246,2.2905797,4,traffic_signals,,POINT (2.2905797 48.85246),42,33,4233
21348451,48.8406029,2.3149936,3,,,POINT (2.3149936 48.8406029),28,46,2846
21348452,48.8422093,2.320557,3,,,POINT (2.320557 48.8422093),30,49,3049
21348453,48.8418567,2.3199221,3,,,POINT (2.3199221 48.8418567),30,49,3049
21348454,48.8373865,2.3185609,3,,,POINT (2.3185609 48.8373865),25,48,2548
21348460,48.8400467,2.3216891,4,,,POINT (2.3216891 48.8400467),28,50,2850
21378245,48.8242169,2.3360465,4,traffic_signals,,POINT (2.3360465 48.8242169),9,57,957
21378246,48.8527282,2.3293911,4,,,POINT (2.3293911 48.8527282),42,54,4254
21378247,48.8544424,2.3258832,4,traffic_signals,,POINT (2.3258832 48.8544424),44,52,4452
21378248,48.8564712,2.3211157,4,,,POINT (2.3211157 48.8564712),47,49,4749
21378249,48.8581182,2.3111649,3,,,POINT (2.3111649 48.8581182),49,44,4944
21378251,48.8571275,2.3043003,4,,,POINT (2.3043003 48.8571275),47,41,4741
21378252,48.8561489,2.3024409,4,,,POINT (2.3024409 48.8561489),46,40,4640
21378253,48.8578191,2.3065385,3,,,POINT (2.3065385 48.8578191),48,42,4842
21378254,48.8557368,2.3018418,4,,,POINT (2.3018418 48.8557368),46,39,4639
21378256,48.853842,2.3048155,3,,,POINT (2.3048155 48.853842),44,41,4441
21378257,48.8550383,2.2961229,4,,,POINT (2.2961229 48.8550383),45,36,4536
21378258,48.8548767,2.29638,4,,,POINT (2.29638 48.8548767),45,36,4536
21378259,48.8515853,2.3014912,3,,,POINT (2.3014912 48.8515853),41,39,4139
21378260,48.856682,2.293561,3,,,POINT (2.293561 48.856682),47,35,4735
21378261,48.8529872,2.2920774,1,,,POINT (2.2920774 48.8529872),43,34,4334
21378262,48.8522222,2.2912493,3,,,POINT (2.2912493 48.8522222),42,34,4234
21378264,48.8525558,2.2926671,3,,,POINT (2.2926671 48.8525558),42,34,4234
21379135,48.8708899,2.3248451,3,traffic_signals,,POINT (2.3248451 48.8708899),63,51,6351
21389558,48.8513932,2.2930116,4,,,POINT (2.2930116 48.8513932),41,35,4135
21389560,48.820801,2.3210697,4,traffic_signals,,POINT (2.3210697 48.820801),5,49,549
21389561,48.8201912,2.3240379,5,,,POINT (2.3240379 48.8201912),5,51,551
21389565,48.8238391,2.3176591,4,,,POINT (2.3176591 48.8238391),9,48,948
21389569,48.8351053,2.3239317,3,,,POINT (2.3239317 48.8351053),22,51,2251
21647408,48.8342363,2.3555567,3,,,POINT (2.3555567 48.8342363),21,68,2168
21647506,48.8348765,2.3547312,3,,,POINT (2.3547312 48.8348765),22,67,2267
21647508,48.8355334,2.3561121,3,,,POINT (2.3561121 48.8355334),22,68,2268
21647887,48.8345661,2.3577985,4,traffic_signals,,POINT (2.3577985 48.8345661),21,69,2169
21647889,48.833254,2.356823,3,,,POINT (2.356823 48.833254),20,68,2068
21647968,48.8362212,2.3532523,3,,,POINT (2.3532523 48.8362212),23,66,2366
21647969,48.8355413,2.3541711,3,,,POINT (2.3541711 48.8355413),22,67,2267
21647972,48.8372105,2.3551303,3,,,POINT (2.3551303 48.8372105),24,67,2467
21647973,48.8374976,2.3552198,3,,,POINT (2.3552198 48.8374976),25,67,2567
21647975,48.8366562,2.3562647,3,,,POINT (2.3562647 48.8366562),24,68,2468
21647977,48.8364308,2.3583279,3,,,POINT (2.3583279 48.8364308),23,69,2369
21647985,48.8364135,2.3535798,3,,,POINT (2.3535798 48.8364135),23,67,2367
21648009,48.837903,2.355231,3,traffic_signals,,POINT (2.355231 48.837903),25,67,2567
21648010,48.838127,2.3559244,4,traffic_signals,,POINT (2.3559244 48.838127),25,68,2568
21648011,48.8348738,2.3531912,3,traffic_signals,,POINT (2.3531912 48.8348738),22,66,2266
21648012,48.8358449,2.3587506,3,,,POINT (2.3587506 48.8358449),23,69,2369
21648013,48.8358433,2.3525166,4,traffic_signals,,POINT (2.3525166 48.8358433),23,66,2366
21648029,48.8334002,2.3542155,4,traffic_signals,,POINT (2.3542155 48.8334002),20,67,2067
21648333,48.8375049,2.3580866,3,,,POINT (2.3580866 48.8375049),25,69,2569
21648349,48.8385874,2.3595631,3,,,POINT (2.3595631 48.8385874),26,70,2670
21648535,48.8384835,2.3570473,4,traffic_signals,,POINT (2.3570473 48.8384835),26,68,2668
21648536,48.8387118,2.3577637,3,traffic_signals,,POINT (2.3577637 48.8387118),26,69,2669
21648537,48.8388852,2.3610159,3,,,POINT (2.3610159 48.8388852),26,70,2670
21648574,48.8397034,2.356594,4,traffic_signals,,POINT (2.356594 48.8397034),27,68,2768
21648575,48.8399885,2.3581254,3,,,POINT (2.3581254 48.8399885),28,69,2869
21648576,48.8401157,2.3563437,3,,,POINT (2.3563437 48.8401157),28,68,2868
21648577,48.8389649,2.3585651,3,,,POINT (2.3585651 48.8389649),26,69,2669
21648725,48.8316654,2.3527505,3,,,POINT (2.3527505 48.8316654),18,66,1866
21648733,48.8320676,2.3499045,3,,,POINT (2.3499045 48.8320676),18,65,1865
21648918,48.8347913,2.3509989,3,,,POINT (2.3509989 48.8347913),21,65,2165
21648931,48.8349419,2.3507676,3,,,POINT (2.3507676 48.8349419),22,65,2265
21649682,48.8357429,2.3485695,4,traffic_signals,,POINT (2.3485695 48.8357429),23,64,2364
21649683,48.8361105,2.3497241,3,,,POINT (2.3497241 48.8361105),23,65,2365
21649977,48.8357795,2.3498381,4,,,POINT (2.3498381 48.8357795),23,65,2365
21650018,48.8358088,2.3518256,3,,,POINT (2.3518256 48.8358088),23,66,2366
21657548,48.8267543,2.3570898,3,,,POINT (2.3570898 48.8267543),12,68,1268
21657552,48.8272689,2.3590725,3,,,POINT (2.3590725 48.8272689),13,69,1369
21657873,48.8267827,2.3544077,3,,,POINT (2.3544077 48.8267827),12,67,1267
21658061,48.8274318,2.3568841,3,,,POINT (2.3568841 48.8274318),13,68,1368
21658186,48.8268031,2.353277,4,,,POINT (2.353277 48.8268031),12,66,1266
21658441,48.8268898,2.3514725,3,,,POINT (2.3514725 48.8268898),12,65,1265
21658442,48.8274854,2.3520793,4,,,POINT (2.3520793 48.8274854),13,66,1366
21658443,48.8271858,2.351773,3,,,POINT (2.351773 48.8271858),13,66,1366
21658444,48.827561,2.3529293,3,,,POINT (2.3529293 48.827561),13,66,1366
21658445,48.8280679,2.3526626,4,traffic_signals,,POINT (2.3526626 48.8280679),14,66,1466
21658446,48.8281451,2.3527441,4,,,POINT (2.3527441 48.8281451),14,66,1466
21658501,48.8279968,2.351828,4,,,POINT (2.351828 48.8279968),14,66,1466
21658502,48.8279276,2.3513732,3,,,POINT (2.3513732 48.8279276),14,65,1465
21658507,48.8288486,2.3514758,3,,,POINT (2.3514758 48.8288486),15,65,1565
21658508,48.8286779,2.3512284,3,,,POINT (2.3512284 48.8286779),14,65,1465
21658509,48.8285498,2.3510179,3,,,POINT (2.3510179 48.8285498),14,65,1465
21658510,48.8284441,2.3530172,3,,,POINT (2.3530172 48.8284441),14,66,1466
21658511,48.8285131,2.3527999,3,,,POINT (2.3527999 48.8285131),14,66,1466
21658512,48.8298235,2.352786,3,,,POINT (2.352786 48.8298235),16,66,1666
21658875,48.8299102,2.3527821,3,,,POINT (2.3527821 48.8299102),16,66,1666
21658878,48.8303532,2.3545654,3,,,POINT (2.3545654 48.8303532),16,67,1667
21658911,48.8296927,2.3494316,3,,,POINT (2.3494316 48.8296927),16,64,1664
21659155,48.8309873,2.3481524,4,,,POINT (2.3481524 48.8309873),17,64,1764
21659158,48.8302854,2.3472063,3,,,POINT (2.3472063 48.8302854),16,63,1663
21659159,48.8303305,2.3470367,3,,,POINT (2.3470367 48.8303305),16,63,1663
21659162,48.829933,2.3473178,3,,,POINT (2.3473178 48.829933),16,63,1663
21659163,48.8306297,2.345941,4,traffic_signals,,POINT (2.345941 48.8306297),17,63,1763
21659164,48.8299337,2.3484799,3,traffic_signals,,POINT (2.3484799 48.8299337),16,64,1664
21659165,48.829663,2.3483135,4,traffic_signals,,POINT (2.3483135 48.829663),16,64,1664
21659594,48.8329247,2.3468679,3,,,POINT (2.3468679 48.8329247),19,63,1963
21659595,48.8330011,2.3470718,3,crossing,,POINT (2.3470718 48.8330011),19,63,1963
21659596,48.8328182,2.3471826,3,,,POINT (2.3471826 48.8328182),19,63,1963
21659597,48.8339996,2.3463329,3,,,POINT (2.3463329 48.8339996),21,63,2163
21659621,48.8360726,2.346704,3,,,POINT (2.346704 48.8360726),23,63,2363
21659622,48.8374939,2.3463392,3,,,POINT (2.3463392 48.8374939),25,63,2563
21659624,48.8359953,2.3484769,4,traffic_signals,,POINT (2.3484769 48.8359953),23,64,2364
21659628,48.8382256,2.3518716,3,,,POINT (2.3518716 48.8382256),25,66,2566
21659629,48.8378346,2.3521564,3,,,POINT (2.3521564 48.8378346),25,66,2566
21659630,48.8386315,2.3515752,3,,,POINT (2.3515752 48.8386315),26,65,2665
21659631,48.8383786,2.3536838,3,,,POINT (2.3536838 48.8383786),26,67,2667
21659758,48.8406571,2.3539776,3,,,POINT (2.3539776 48.8406571),28,67,2867
21659759,48.8408884,2.3548415,3,,,POINT (2.3548415 48.8408884),29,67,2967
21659772,48.8413116,2.3538826,3,,,POINT (2.3538826 48.8413116),29,67,2967
21659773,48.8414041,2.3547054,4,,,POINT (2.3547054 48.8414041),29,67,2967
21659803,48.8415901,2.3558305,3,traffic_signals,,POINT (2.3558305 48.8415901),29,68,2968
21659818,48.8430041,2.3521888,3,,,POINT (2.3521888 48.8430041),31,66,3166
21659819,48.8426898,2.3521371,4,traffic_signals,,POINT (2.3521371 48.8426898),31,66,3166
21659820,48.8427176,2.3527018,3,,,POINT (2.3527018 48.8427176),31,66,3166
21659821,48.8429835,2.3527089,4,,,POINT (2.3527089 48.8429835),31,66,3166
21659826,48.8400123,2.3514625,3,,,POINT (2.3514625 48.8400123),28,65,2865
21659827,48.8404698,2.35171,3,traffic_signals,,POINT (2.35171 48.8404698),28,66,2866
21659876,48.8400951,2.3518743,3,,,POINT (2.3518743 48.8400951),28,66,2866
21659950,48.872278,2.2952715,5,,,POINT (2.2952715 48.872278),65,36,6536
21659957,48.8752723,2.2947935,4,traffic_signals,,POINT (2.2947935 48.8752723),69,36,6936
21660038,48.8744338,2.2929668,4,,,POINT (2.2929668 48.8744338),68,35,6835
21660039,48.8750768,2.2938587,4,,,POINT (2.2938587 48.8750768),68,35,6835
21660043,48.8724227,2.2940558,4,traffic_signals,,POINT (2.2940558 48.8724227),65,35,6535
21660044,48.8729665,2.2931224,4,traffic_signals,,POINT (2.2931224 48.8729665),66,35,6635
21660045,48.8735839,2.2927717,4,traffic_signals,,POINT (2.2927717 48.8735839),67,35,6735
21660107,48.8718435,2.3011341,3,,,POINT (2.3011341 48.8718435),65,39,6539
21660273,48.8741615,2.2989213,4,,,POINT (2.2989213 48.8741615),67,38,6738
21660274,48.8742297,2.299561,3,,,POINT (2.299561 48.8742297),67,38,6738
21660275,48.875201,2.2984509,4,,,POINT (2.2984509 48.875201),68,38,6838
21660278,48.8750193,2.300278,3,,,POINT (2.300278 48.8750193),68,38,6838
21660279,48.8749392,2.3010452,3,,,POINT (2.3010452 48.8749392),68,39,6839
21660280,48.8748605,2.3018084,4,,,POINT (2.3018084 48.8748605),68,39,6839
21660281,48.8753505,2.2961769,3,,,POINT (2.2961769 48.8753505),69,36,6936
21660332,48.8763501,2.3012108,3,traffic_signals,,POINT (2.3012108 48.8763501),70,39,7039
21660340,48.8765534,2.3017001,4,traffic_signals,,POINT (2.3017001 48.8765534),70,39,7039
21660341,48.8743984,2.3010558,3,,,POINT (2.3010558 48.8743984),68,39,6839
21660389,48.8745231,2.3021932,3,,,POINT (2.3021932 48.8745231),68,39,6839
21660458,48.8748026,2.3046554,4,traffic_signals,,POINT (2.3046554 48.8748026),68,41,6841
21660667,48.8759085,2.3031502,3,,,POINT (2.3031502 48.8759085),69,40,6940
21660913,48.8711503,2.2954709,3,,,POINT (2.2954709 48.8711503),64,36,6436
21660914,48.8705105,2.2955737,4,,,POINT (2.2955737 48.8705105),63,36,6336
21660915,48.870118,2.2956377,4,crossing,,POINT (2.2956377 48.870118),63,36,6336
21660916,48.8717923,2.295363,3,,,POINT (2.295363 48.8717923),65,36,6536
21660924,48.8712924,2.2932078,3,,,POINT (2.2932078 48.8712924),64,35,6435
21660937,48.8698116,2.2961659,4,,,POINT (2.2961659 48.8698116),62,36,6236
21660944,48.8711154,2.2967877,3,,,POINT (2.2967877 48.8711154),64,37,6437
21660948,48.8709666,2.2941875,4,,,POINT (2.2941875 48.8709666),64,35,6435
21660949,48.8707842,2.2945181,4,,,POINT (2.2945181 48.8707842),63,35,6335
21660950,48.870334,2.2952699,4,,,POINT (2.2952699 48.870334),63,36,6336
21660964,48.8695337,2.2957432,4,,,POINT (2.2957432 48.8695337),62,36,6236
21660967,48.8766417,2.2945482,3,traffic_signals,,POINT (2.2945482 48.8766417),70,35,7035
21660969,48.8786461,2.2942209,4,traffic_signals,,POINT (2.2942209 48.8786461),72,35,7235
21660970,48.8778487,2.2977772,3,traffic_signals,,POINT (2.2977772 48.8778487),72,37,7237
21660972,48.8783838,2.2942523,3,,,POINT (2.2942523 48.8783838),72,35,7235
21660973,48.8796479,2.2947047,4,,,POINT (2.2947047 48.8796479),74,36,7436
21660974,48.8798337,2.2947949,3,,,POINT (2.2947949 48.8798337),74,36,7436
21660975,48.880555,2.2951726,3,,,POINT (2.2951726 48.880555),75,36,7536
21660976,48.8812718,2.2955218,5,,,POINT (2.2955218 48.8812718),76,36,7636
21660986,48.8794865,2.2905706,3,,,POINT (2.2905706 48.8794865),73,33,7333
21661003,48.8783022,2.2957174,3,,,POINT (2.2957174 48.8783022),72,36,7236
21661018,48.878396,2.2983947,3,,,POINT (2.2983947 48.878396),72,37,7237
21661060,48.8782531,2.2989497,3,traffic_signals,,POINT (2.2989497 48.8782531),72,38,7238
21661061,48.8783232,2.2985078,3,,,POINT (2.2985078 48.8783232),72,38,7238
21661080,48.8771461,2.3003255,4,,,POINT (2.3003255 48.8771461),71,38,7138
21661082,48.8788915,2.3035789,3,,,POINT (2.3035789 48.8788915),73,40,7340
21663167,48.8778351,2.279433,3,,,POINT (2.279433 48.8778351),72,27,7227
21663172,48.8773138,2.2792962,5,,,POINT (2.2792962 48.8773138),71,27,7127
21663173,48.877034,2.2771879,3,,,POINT (2.2771879 48.877034),71,26,7126
21663174,48.8768757,2.2754683,3,,,POINT (2.2754683 48.8768757),70,25,7025
21663184,48.8791157,2.281759,3,,,POINT (2.281759 48.8791157),73,29,7329
21663185,48.8796536,2.2819154,4,,,POINT (2.2819154 48.8796536),74,29,7429
21663186,48.879725,2.2816607,4,,,POINT (2.2816607 48.879725),74,29,7429
21663255,48.8749379,2.2711087,4,,,POINT (2.2711087 48.8749379),68,23,6823
21732939,48.8777082,2.3812665,3,traffic_signals,,POINT (2.3812665 48.8777082),71,81,7181
21732941,48.878363,2.3817754,3,,,POINT (2.3817754 48.878363),72,81,7281
21732944,48.8793047,2.3843556,3,,,POINT (2.3843556 48.8793047),73,83,7383
21732945,48.8793238,2.3844871,3,,,POINT (2.3844871 48.8793238),73,83,7383
21732946,48.8794722,2.3857911,3,,,POINT (2.3857911 48.8794722),73,83,7383
21732947,48.8780895,2.3840525,3,,,POINT (2.3840525 48.8780895),72,83,7283
21732948,48.876939,2.3830528,3,,,POINT (2.3830528 48.876939),70,82,7082
21732950,48.8767794,2.3838766,3,,,POINT (2.3838766 48.8767794),70,82,7082
21732951,48.8768266,2.3852973,3,,,POINT (2.3852973 48.8768266),70,83,7083
21732953,48.8779302,2.3855458,3,,,POINT (2.3855458 48.8779302),72,83,7283
21732955,48.8787834,2.3856994,3,,,POINT (2.3856994 48.8787834),73,83,7383
21733264,48.8782147,2.3829538,3,,,POINT (2.3829538 48.8782147),72,82,7282
21967765,48.8636995,2.348197,3,,,POINT (2.348197 48.8636995),55,64,5564
24636546,48.8479739,2.3973906,3,,,POINT (2.3973906 48.8479739),37,90,3790
24636708,48.8481116,2.3974603,4,,,POINT (2.3974603 48.8481116),37,90,3790
24637024,48.848522,2.3975046,3,,,POINT (2.3975046 48.848522),37,90,3790
24664155,48.8477817,2.3905698,3,,,POINT (2.3905698 48.8477817),37,86,3786
24665491,48.8465608,2.3924939,3,,,POINT (2.3924939 48.8465608),35,87,3587
24666227,48.8462463,2.3944894,3,,,POINT (2.3944894 48.8462463),35,88,3588
24667178,48.8475053,2.3950369,3,,,POINT (2.3950369 48.8475053),36,88,3688
24667523,48.8426225,2.389771,3,,,POINT (2.389771 48.8426225),31,86,3186
24667525,48.843336,2.3913259,3,,,POINT (2.3913259 48.843336),31,86,3186
24667604,48.8411094,2.3890105,3,,,POINT (2.3890105 48.8411094),29,85,2985
24909711,48.8490158,2.4092344,4,,,POINT (2.4092344 48.8490158),38,96,3896
24909738,48.848974,2.4077357,4,,,POINT (2.4077357 48.848974),38,95,3895
24909739,48.8489359,2.405449,4,,,POINT (2.405449 48.8489359),38,94,3894
24909742,48.8489278,2.4050386,3,,,POINT (2.4050386 48.8489278),38,94,3894
24909744,48.8489146,2.4043209,3,,,POINT (2.4043209 48.8489146),38,93,3893
24909749,48.8488784,2.4027688,3,,,POINT (2.4027688 48.8488784),38,92,3892
24909759,48.8558511,2.2973311,3,,,POINT (2.2973311 48.8558511),46,37,4637
24909773,48.8564477,2.29821,3,,,POINT (2.29821 48.8564477),47,37,4737
24909781,48.8556922,2.2975681,3,,,POINT (2.2975681 48.8556922),46,37,4637
24909788,48.8562912,2.2984464,3,,,POINT (2.2984464 48.8562912),46,38,4638
24909856,48.8478046,2.3991444,4,,,POINT (2.3991444 48.8478046),37,91,3791
24909862,48.8474221,2.4034109,3,,,POINT (2.4034109 48.8474221),36,93,3693
24909866,48.8471481,2.4062327,5,,,POINT (2.4062327 48.8471481),36,94,3694
24909972,48.8471505,2.4111026,3,,,POINT (2.4111026 48.8471505),36,97,3697
24910422,48.89261,2.3437906,3,traffic_signals,,POINT (2.3437906 48.89261),89,61,8961
24910423,48.8927581,2.3438431,3,,,POINT (2.3438431 48.8927581),89,61,8961
24910428,48.8942553,2.3414354,3,,,POINT (2.3414354 48.8942553),91,60,9160
24910429,48.8948242,2.3407547,4,,,POINT (2.3407547 48.8948242),91,60,9160
24910431,48.8936145,2.3430176,3,,,POINT (2.3430176 48.8936145),90,61,9061
24910432,48.8945882,2.3444186,4,,,POINT (2.3444186 48.8945882),91,62,9162
24910433,48.8948983,2.3432391,4,,,POINT (2.3432391 48.8948983),91,61,9161
24910435,48.8943225,2.345363,4,,,POINT (2.345363 48.8943225),91,62,9162
24910436,48.8941666,2.3459541,4,,,POINT (2.3459541 48.8941666),91,63,9163
24910437,48.8935218,2.3455847,3,,,POINT (2.3455847 48.8935218),90,62,9062
24910438,48.8936533,2.3450035,3,,,POINT (2.3450035 48.8936533),90,62,9062
24910451,48.8937515,2.3457082,4,,,POINT (2.3457082 48.8937515),90,62,9062
24910453,48.893349,2.3470795,3,,,POINT (2.3470795 48.893349),90,63,9063
24910458,48.8924428,2.3462366,3,,,POINT (2.3462366 48.8924428),89,63,8963
24910528,48.8937978,2.3473523,3,,,POINT (2.3473523 48.8937978),90,63,9063
24910551,48.8922109,2.346119,3,,,POINT (2.346119 48.8922109),88,63,8863
24910554,48.8916762,2.3446033,3,,,POINT (2.3446033 48.8916762),88,62,8862
24910555,48.8918236,2.3439342,4,,,POINT (2.3439342 48.8918236),88,61,8861
24910557,48.8922655,2.3423762,4,,,POINT (2.3423762 48.8922655),88,61,8861
24910558,48.8925069,2.3414758,4,,,POINT (2.3414758 48.8925069),89,60,8960
24910559,48.892853,2.3419492,3,traffic_signals,,POINT (2.3419492 48.892853),89,60,8960
24910560,48.8927636,2.3425914,3,,,POINT (2.3425914 48.8927636),89,61,8961
24910564,48.8926688,2.3432864,3,,,POINT (2.3432864 48.8926688),89,61,8961
24910591,48.8920476,2.3469515,3,,,POINT (2.3469515 48.8920476),88,63,8863
24910616,48.8949805,2.3457155,3,,,POINT (2.3457155 48.8949805),91,62,9162
24910618,48.8948409,2.3463201,4,,,POINT (2.3463201 48.8948409),91,63,9163
24910622,48.8945696,2.3444732,3,,,POINT (2.3444732 48.8945696),91,62,9162
24910647,48.8951873,2.3419265,3,,,POINT (2.3419265 48.8951873),92,60,9260
24910687,48.8945423,2.340659,3,,,POINT (2.340659 48.8945423),91,60,9160
24910701,48.8957982,2.3434028,4,,,POINT (2.3434028 48.8957982),92,61,9261
24910788,48.8926836,2.3400835,4,,,POINT (2.3400835 48.8926836),89,59,8959
24910791,48.893093,2.3402145,4,traffic_signals,,POINT (2.3402145 48.893093),89,59,8959
24910794,48.8934243,2.3402972,3,,,POINT (2.3402972 48.8934243),90,60,9060
24910798,48.8936971,2.3389215,4,,,POINT (2.3389215 48.8936971),90,59,9059
24910800,48.8933586,2.3382671,4,,,POINT (2.3382671 48.8933586),90,58,9058
24910802,48.8930996,2.3377663,4,,,POINT (2.3377663 48.8930996),89,58,8958
24910805,48.8936311,2.3363575,5,traffic_signals,,POINT (2.3363575 48.8936311),90,57,9057
24910807,48.8929201,2.3374323,3,,,POINT (2.3374323 48.8929201),89,58,8958
24910810,48.8911833,2.3396168,6,,,POINT (2.3396168 48.8911833),87,59,8759
24910814,48.8912713,2.3406535,3,,,POINT (2.3406535 48.8912713),87,60,8760
24910815,48.8912785,2.3415931,3,,,POINT (2.3415931 48.8912785),87,60,8760
24910817,48.8912736,2.3419568,3,,,POINT (2.3419568 48.8912736),87,60,8760
24910830,48.891076,2.3442929,3,,,POINT (2.3442929 48.891076),87,62,8762
24910837,48.8901854,2.3440688,4,,,POINT (2.3440688 48.8901854),86,62,8662
24910840,48.8902453,2.3432801,3,,,POINT (2.3432801 48.8902453),86,61,8661
24910842,48.8895345,2.343891,3,,,POINT (2.343891 48.8895345),85,61,8561
24910846,48.8902182,2.3420049,3,,,POINT (2.3420049 48.8902182),86,60,8660
24910848,48.8905104,2.3413124,3,,,POINT (2.3413124 48.8905104),86,60,8660
24911233,48.8912619,2.3422084,3,,,POINT (2.3422084 48.8912619),87,61,8761
24911506,48.8912001,2.3436389,4,,,POINT (2.3436389 48.8912001),87,61,8761
24911580,48.8902332,2.3366336,3,,,POINT (2.3366336 48.8902332),86,58,8658
24911583,48.8896689,2.3397728,3,traffic_signals,,POINT (2.3397728 48.8896689),85,59,8559
24911594,48.8912695,2.347352,4,,,POINT (2.347352 48.8912695),87,63,8763
24911606,48.88951,2.3461547,3,,,POINT (2.3461547 48.88951),85,63,8563
24911608,48.889317,2.3446605,3,,,POINT (2.3446605 48.889317),85,62,8562
24911609,48.8900745,2.3458151,3,,,POINT (2.3458151 48.8900745),86,62,8662
24911706,48.891664,2.3349628,4,traffic_signals,,POINT (2.3349628 48.891664),88,57,8857
24911707,48.8905574,2.3343112,4,traffic_signals,,POINT (2.3343112 48.8905574),86,56,8656
24911710,48.8906956,2.3333421,4,,,POINT (2.3333421 48.8906956),86,56,8656
24911712,48.8909513,2.3314221,3,traffic_signals,,POINT (2.3314221 48.8909513),87,55,8755
24911713,48.8908075,2.3310567,4,,,POINT (2.3310567 48.8908075),87,55,8755
24911715,48.8924526,2.3305179,4,,,POINT (2.3305179 48.8924526),89,54,8954
24911716,48.8918534,2.3335208,5,,,POINT (2.3335208 48.8918534),88,56,8856
24911746,48.8941786,2.3326147,5,traffic_signals,,POINT (2.3326147 48.8941786),91,55,9155
24911755,48.8902567,2.3330408,3,,,POINT (2.3330408 48.8902567),86,56,8656
24911835,48.8955449,2.3385965,4,,,POINT (2.3385965 48.8955449),92,59,9259
24911942,48.8896993,2.3404921,3,traffic_signals,,POINT (2.3404921 48.8896993),85,60,8560
24911944,48.8893079,2.3418057,3,,,POINT (2.3418057 48.8893079),85,60,8560
24911945,48.8891763,2.3424912,4,,,POINT (2.3424912 48.8891763),85,61,8561
24911946,48.8960719,2.3329907,4,,,POINT (2.3329907 48.8960719),93,56,9356
24911947,48.8962549,2.3330699,4,,,POINT (2.3330699 48.8962549),93,56,9356
24911949,48.8970942,2.3336693,3,,,POINT (2.3336693 48.8970942),94,56,9456
24911950,48.8965942,2.335698,3,,,POINT (2.335698 48.8965942),93,57,9357
24911952,48.8969316,2.338261,3,,,POINT (2.338261 48.8969316),94,58,9458
24911953,48.8966705,2.3384573,3,,,POINT (2.3384573 48.8966705),93,59,9359
24911956,48.8944074,2.3323938,3,,,POINT (2.3323938 48.8944074),91,55,9155
24911957,48.8972217,2.3422942,4,,,POINT (2.3422942 48.8972217),94,61,9461
24911959,48.8963718,2.3436124,3,,,POINT (2.3436124 48.8963718),93,61,9361
24911962,48.896803,2.3420235,3,,,POINT (2.3420235 48.896803),94,60,9460
24911963,48.8957751,2.3413584,4,,,POINT (2.3413584 48.8957751),92,60,9260
24911964,48.8963703,2.3388789,4,,,POINT (2.3388789 48.8963703),93,59,9359
24911977,48.8924918,2.3302792,3,,,POINT (2.3302792 48.8924918),89,54,8954
24911983,48.8911336,2.3294053,4,,,POINT (2.3294053 48.8911336),87,54,8754
24911985,48.8911749,2.3287701,3,,,POINT (2.3287701 48.8911749),87,53,8753
24911986,48.8926093,2.3296948,3,,,POINT (2.3296948 48.8926093),89,54,8954
24912021,48.895556,2.3282949,4,,,POINT (2.3282949 48.895556),92,53,9253
24912029,48.8967004,2.3301734,3,,,POINT (2.3301734 48.8967004),93,54,9354
24912068,48.8958106,2.3465084,3,,,POINT (2.3465084 48.8958106),92,63,9263
24912069,48.8956134,2.3483256,3,,,POINT (2.3483256 48.8956134),92,64,9264
24912071,48.8954778,2.3495648,3,,,POINT (2.3495648 48.8954778),92,64,9264
24912073,48.8951114,2.3529252,3,traffic_signals,,POINT (2.3529252 48.8951114),92,66,9266
24912084,48.8951172,2.3480842,3,,,POINT (2.3480842 48.8951172),92,64,9264
24912089,48.8944633,2.3477601,3,,,POINT (2.3477601 48.8944633),91,63,9163
24912098,48.8940657,2.3492571,4,,,POINT (2.3492571 48.8940657),90,64,9064
24912125,48.8935967,2.3510189,4,,,POINT (2.3510189 48.8935967),90,65,9065
24912132,48.8943733,2.3520374,3,,,POINT (2.3520374 48.8943733),91,66,9166
24912138,48.8949799,2.3529201,3,traffic_signals,,POINT (2.3529201 48.8949799),91,66,9166
24912141,48.8932477,2.352652,3,,,POINT (2.352652 48.8932477),89,66,8966
24912150,48.8914777,2.3517323,3,,,POINT (2.3517323 48.8914777),87,66,8766
24912153,48.8918303,2.3497982,3,,,POINT (2.3497982 48.8918303),88,65,8865
24912226,48.8960361,2.3462813,3,,,POINT (2.3462813 48.8960361),93,63,9363
24912234,48.8959735,2.3464197,3,,,POINT (2.3464197 48.8959735),93,63,9363
24912538,48.8956502,2.3459176,3,,,POINT (2.3459176 48.8956502),92,62,9262
24912953,48.8271622,2.3311424,3,,,POINT (2.3311424 48.8271622),13,55,1355
24912956,48.8278165,2.3325302,4,traffic_signals,,POINT (2.3325302 48.8278165),13,55,1355
24912957,48.8289428,2.3332842,3,,,POINT (2.3332842 48.8289428),15,56,1556
24912958,48.8297868,2.3339636,4,traffic_signals,,POINT (2.3339636 48.8297868),16,56,1656
24912959,48.829751,2.3329429,4,,,POINT (2.3329429 48.829751),16,56,1656
24912960,48.8296881,2.3310517,4,,,POINT (2.3310517 48.8296881),16,55,1655
24912961,48.829644,2.3298696,3,,,POINT (2.3298696 48.829644),16,54,1654
24912964,48.8288507,2.3293795,4,,,POINT (2.3293795 48.8288507),15,54,1554
24912965,48.8288795,2.3300663,4,,,POINT (2.3300663 48.8288795),15,54,1554
24912966,48.828924,2.3311566,4,,,POINT (2.3311566 48.828924),15,55,1555
24912967,48.8289574,2.3321878,3,,,POINT (2.3321878 48.8289574),15,55,1555
24912968,48.8289847,2.3330003,3,,,POINT (2.3330003 48.8289847),15,56,1556
24912969,48.8287441,2.3293163,3,,,POINT (2.3293163 48.8287441),14,54,1454
24912970,48.8284501,2.3296768,3,,,POINT (2.3296768 48.8284501),14,54,1454
24912973,48.8283892,2.3301925,4,,,POINT (2.3301925 48.8283892),14,54,1454
24912974,48.828401,2.3312232,4,,,POINT (2.3312232 48.828401),14,55,1455
24912984,48.8267509,2.3302534,3,,,POINT (2.3302534 48.8267509),12,54,1254
24912986,48.8263987,2.3294922,3,,,POINT (2.3294922 48.8263987),12,54,1254
24912987,48.8263551,2.3293979,3,,,POINT (2.3293979 48.8263551),12,54,1254
24912988,48.8268963,2.3283712,3,,,POINT (2.3283712 48.8268963),12,53,1253
24912989,48.826711,2.32712,3,,,POINT (2.32712 48.826711),12,53,1253
24912990,48.8261224,2.3288941,3,,,POINT (2.3288941 48.8261224),11,54,1154
24912995,48.8302089,2.332901,4,,,POINT (2.332901 48.8302089),16,56,1656
24912996,48.8302394,2.3337937,3,traffic_signals,,POINT (2.3337937 48.8302394),16,56,1656
24912997,48.8307241,2.3336052,3,,,POINT (2.3336052 48.8307241),17,56,1756
24912998,48.8306999,2.3328597,3,,,POINT (2.3328597 48.8306999),17,56,1756
24912999,48.8306706,2.3313255,3,,,POINT (2.3313255 48.8306706),17,55,1755
24913003,48.8282051,2.3289556,1,,,POINT (2.3289556 48.8282051),14,54,1454
24913004,48.8274733,2.3348349,4,traffic_signals,,POINT (2.3348349 48.8274733),13,57,1357
24913009,48.8271641,2.3322448,3,,,POINT (2.3322448 48.8271641),13,55,1355
24913010,48.8261281,2.3307382,4,,,POINT (2.3307382 48.8261281),11,55,1155
24913012,48.8255564,2.329897,3,,,POINT (2.329897 48.8255564),11,54,1154
24913014,48.824851,2.3288646,3,,,POINT (2.3288646 48.824851),10,54,1054
24913016,48.8244878,2.3283215,4,traffic_signals,,POINT (2.3283215 48.8244878),10,53,1053
24913018,48.824051,2.3276888,3,,,POINT (2.3276888 48.824051),9,53,953
24913019,48.823643,2.3309021,4,traffic_signals,,POINT (2.3309021 48.823643),9,55,955
24913020,48.8239607,2.3309863,4,traffic_signals,,POINT (2.3309863 48.8239607),9,55,955
24913021,48.8243716,2.3311309,3,,,POINT (2.3311309 48.8243716),9,55,955
24913022,48.8247479,2.3312637,3,,,POINT (2.3312637 48.8247479),10,55,1055
24913023,48.8259438,2.3316904,4,,,POINT (2.3316904 48.8259438),11,55,1155
24913134,48.8282509,2.3239211,3,,,POINT (2.3239211 48.8282509),14,51,1451
24923329,48.8535773,2.3491575,1,,,POINT (2.3491575 48.8535773),43,64,4364
24923826,48.8230075,2.326631,3,traffic_signals,,POINT (2.326631 48.8230075),8,52,852
24923830,48.8248695,2.3237977,4,,,POINT (2.3237977 48.8248695),10,51,1051
24923831,48.8244398,2.3235715,3,,,POINT (2.3235715 48.8244398),9,51,951
24923995,48.826154,2.3289633,3,,,POINT (2.3289633 48.826154),11,54,1154
24923996,48.8266216,2.3299741,3,,,POINT (2.3299741 48.8266216),12,54,1254
24923998,48.8278242,2.3289891,3,,,POINT (2.3289891 48.8278242),13,54,1354
24923999,48.8278229,2.3295631,3,,,POINT (2.3295631 48.8278229),13,54,1354
24924000,48.8278209,2.3303239,4,,,POINT (2.3303239 48.8278209),13,54,1354
24924001,48.8278211,2.3304569,3,,,POINT (2.3304569 48.8278211),13,54,1354
24924002,48.8287805,2.3277034,3,traffic_signals,,POINT (2.3277034 48.8287805),15,53,1553
24924003,48.8295583,2.3283764,3,,,POINT (2.3283764 48.8295583),15,53,1553
24924004,48.8300689,2.3288176,4,,,POINT (2.3288176 48.8300689),16,53,1653
24924005,48.8307875,2.3294427,3,traffic_signals,,POINT (2.3294427 48.8307875),17,54,1754
24924006,48.8311999,2.3298011,3,traffic_signals,,POINT (2.3298011 48.8311999),17,54,1754
24924007,48.8295906,2.3284044,3,traffic_signals,,POINT (2.3284044 48.8295906),15,53,1553
24924008,48.831884,2.3252445,3,traffic_signals,,POINT (2.3252445 48.831884),18,52,1852
24924009,48.8302624,2.3258997,3,,,POINT (2.3258997 48.8302624),16,52,1652
24958023,48.8527246,2.3377361,4,,,POINT (2.3377361 48.8527246),42,58,4258
24958030,48.8531684,2.3358949,5,traffic_signals,,POINT (2.3358949 48.8531684),43,57,4357
24958034,48.8532648,2.3355212,3,,,POINT (2.3355212 48.8532648),43,57,4357
24958038,48.8533073,2.3353518,3,,,POINT (2.3353518 48.8533073),43,57,4357
24958041,48.8534747,2.3346609,3,,,POINT (2.3346609 48.8534747),43,57,4357
24958048,48.8535865,2.3341985,3,,,POINT (2.3341985 48.8535865),43,56,4356
24958702,48.8513677,2.3320553,3,,,POINT (2.3320553 48.8513677),41,55,4155
24958706,48.8512509,2.3337971,3,,,POINT (2.3337971 48.8512509),41,56,4156
24958708,48.8513165,2.3353315,3,,,POINT (2.3353315 48.8513165),41,57,4157
24958711,48.8524605,2.3319308,5,traffic_signals,,POINT (2.3319308 48.8524605),42,55,4255
24958714,48.8531901,2.3325907,3,,,POINT (2.3325907 48.8531901),43,55,4355
24958724,48.8512897,2.3329009,4,traffic_signals,,POINT (2.3329009 48.8512897),41,56,4156
24958725,48.8534714,2.3333436,3,traffic_signals,,POINT (2.3333436 48.8534714),43,56,4356
24958726,48.8533503,2.3341185,3,,,POINT (2.3341185 48.8533503),43,56,4356
24958732,48.8526627,2.3336923,3,,,POINT (2.3336923 48.8526627),42,56,4256
24958739,48.8527843,2.3344411,3,,,POINT (2.3344411 48.8527843),42,56,4256
24958740,48.8528931,2.3350553,3,,,POINT (2.3350553 48.8528931),43,57,4357
24958744,48.852453,2.3352,3,,,POINT (2.3352 48.852453),42,57,4257
24958747,48.8518877,2.3345589,3,,,POINT (2.3345589 48.8518877),41,57,4157
24958750,48.851944,2.3352512,3,,,POINT (2.3352512 48.851944),41,57,4157
24958752,48.8516757,2.3352891,3,,,POINT (2.3352891 48.8516757),41,57,4157
24958755,48.851826,2.3337214,3,,,POINT (2.3337214 48.851826),41,56,4156
24958919,48.8525344,2.3370046,3,,,POINT (2.3370046 48.8525344),42,58,4258
24958921,48.8517558,2.337048,4,,,POINT (2.337048 48.8517558),41,58,4158
24959082,48.8501089,2.3297737,3,traffic_signals,,POINT (2.3297737 48.8501089),39,54,3954
24959083,48.8486644,2.3325752,3,traffic_signals,,POINT (2.3325752 48.8486644),38,55,3855
24959084,48.8484227,2.3316521,4,traffic_signals,,POINT (2.3316521 48.8484227),37,55,3755
24959085,48.8482408,2.3310339,3,,,POINT (2.3310339 48.8482408),37,55,3755
24959159,48.8489755,2.3287367,4,traffic_signals,,POINT (2.3287367 48.8489755),38,53,3853
24959160,48.8480887,2.3279334,4,,,POINT (2.3279334 48.8480887),37,53,3753
24959161,48.8473465,2.3279262,4,,,POINT (2.3279262 48.8473465),36,53,3653
24959162,48.8474056,2.328122,4,,,POINT (2.328122 48.8474056),36,53,3653
24959163,48.8467483,2.3283139,4,traffic_signals,,POINT (2.3283139 48.8467483),35,53,3553
24959165,48.847087,2.3302426,4,traffic_signals,,POINT (2.3302426 48.847087),36,54,3654
24959168,48.8462958,2.3300102,3,,,POINT (2.3300102 48.8462958),35,54,3554
24959169,48.8470693,2.3309776,3,,,POINT (2.3309776 48.8470693),36,55,3655
24959172,48.8466856,2.3281221,4,traffic_signals,,POINT (2.3281221 48.8466856),35,53,3553
24959174,48.8455879,2.3286455,4,traffic_signals,,POINT (2.3286455 48.8455879),34,53,3453
24959175,48.8462747,2.3310366,3,,,POINT (2.3310366 48.8462747),35,55,3555
24959176,48.8459308,2.3313843,3,,,POINT (2.3313843 48.8459308),34,55,3455
24959177,48.8470549,2.3315743,4,,,POINT (2.3315743 48.8470549),36,55,3655
24959179,48.8470334,2.3324653,3,traffic_signals,,POINT (2.3324653 48.8470334),36,55,3655
24959180,48.8449619,2.3323268,3,traffic_signals,,POINT (2.3323268 48.8449619),33,55,3355
24959181,48.8450593,2.3287967,4,traffic_signals,,POINT (2.3287967 48.8450593),33,53,3353
24959184,48.8443584,2.3300665,3,,,POINT (2.3300665 48.8443584),33,54,3354
24959185,48.843987,2.3306178,5,,,POINT (2.3306178 48.843987),32,54,3254
24959188,48.8448608,2.3324256,3,traffic_signals,,POINT (2.3324256 48.8448608),33,55,3355
24959189,48.8444218,2.3289846,3,crossing,,POINT (2.3289846 48.8444218),33,54,3354
24959190,48.8438016,2.3291522,3,,,POINT (2.3291522 48.8438016),32,54,3254
24965947,48.8431186,2.3293512,4,traffic_signals,,POINT (2.3293512 48.8431186),31,54,3154
24965951,48.8427225,2.3298267,3,,,POINT (2.3298267 48.8427225),31,54,3154
24965958,48.8433191,2.3313471,3,,,POINT (2.3313471 48.8433191),31,55,3155
24965971,48.8418779,2.3322226,3,,,POINT (2.3322226 48.8418779),30,55,3055
24965974,48.8416248,2.3325775,3,,,POINT (2.3325775 48.8416248),29,55,2955
24965976,48.8413081,2.3330503,3,,,POINT (2.3330503 48.8413081),29,56,2956
24965978,48.8425856,2.3346225,4,traffic_signals,,POINT (2.3346225 48.8425856),31,57,3157
24965981,48.842337,2.3348604,3,traffic_signals,,POINT (2.3348604 48.842337),30,57,3057
24965991,48.8425427,2.3363746,4,,,POINT (2.3363746 48.8425427),31,57,3157
24965996,48.8442894,2.3364948,3,,,POINT (2.3364948 48.8442894),33,58,3358
24966000,48.8424288,2.3295551,3,,,POINT (2.3295551 48.8424288),30,54,3054
24966011,48.840252,2.3361651,3,,,POINT (2.3361651 48.840252),28,57,2857
24966019,48.841956,2.3363366,3,,,POINT (2.3363366 48.841956),30,57,3057
24966020,48.8419776,2.3352091,3,,,POINT (2.3352091 48.8419776),30,57,3057
24966021,48.8410355,2.3361133,4,,,POINT (2.3361133 48.8410355),29,57,2957
24969670,48.8501628,2.3340132,3,,,POINT (2.3340132 48.8501628),39,56,3956
24969677,48.8501331,2.3347376,3,,,POINT (2.3347376 48.8501331),39,57,3957
24969685,48.8506863,2.3348329,3,,,POINT (2.3348329 48.8506863),40,57,4057
24969692,48.8507594,2.3357909,3,,,POINT (2.3357909 48.8507594),40,57,4057
24972141,48.8515292,2.3382605,3,,,POINT (2.3382605 48.8515292),41,58,4158
24972143,48.8517242,2.3384012,3,,,POINT (2.3384012 48.8517242),41,59,4159
24972144,48.8506508,2.3380575,3,,,POINT (2.3380575 48.8506508),40,58,4058
24972209,48.8505082,2.3327786,3,traffic_signals,,POINT (2.3327786 48.8505082),40,56,4056
24972211,48.8489776,2.3341021,3,,,POINT (2.3341021 48.8489776),38,56,3856
24972212,48.8491145,2.3348541,3,,,POINT (2.3348541 48.8491145),38,57,3857
24972213,48.8492675,2.3359835,3,traffic_signals,,POINT (2.3359835 48.8492675),38,57,3857
24972214,48.8492777,2.3378361,3,traffic_signals,,POINT (2.3378361 48.8492777),38,58,3858
24972308,48.8498427,2.3379351,3,,,POINT (2.3379351 48.8498427),39,58,3958
24972324,48.8497962,2.3384054,3,,,POINT (2.3384054 48.8497962),39,59,3959
24972325,48.8499057,2.3384249,3,,,POINT (2.3384249 48.8499057),39,59,3959
24972326,48.8500311,2.3387116,3,,,POINT (2.3387116 48.8500311),39,59,3959
24972327,48.8499186,2.3389913,3,,,POINT (2.3389913 48.8499186),39,59,3959
24972328,48.849795,2.3390268,3,,,POINT (2.3390268 48.849795),39,59,3959
24972331,48.8490773,2.3390346,5,,,POINT (2.3390346 48.8490773),38,59,3859
24972333,48.8499448,2.3399882,4,traffic_signals,,POINT (2.3399882 48.8499448),39,59,3959
24972336,48.8488966,2.3404595,4,,,POINT (2.3404595 48.8488966),38,60,3860
24972373,48.8509698,2.3395226,3,,,POINT (2.3395226 48.8509698),40,59,4059
24972375,48.8515203,2.3390943,3,,,POINT (2.3390943 48.8515203),41,59,4159
24972376,48.8518134,2.3398684,4,,,POINT (2.3398684 48.8518134),41,59,4159
24972382,48.8511177,2.3415129,3,,,POINT (2.3415129 48.8511177),40,60,4060
24972408,48.8518106,2.3384693,3,,,POINT (2.3384693 48.8518106),41,59,4159
24972409,48.8518121,2.3386898,4,,,POINT (2.3386898 48.8518121),41,59,4159
24972412,48.8520533,2.3386698,3,,,POINT (2.3386698 48.8520533),42,59,4259
24972423,48.8516792,2.3420305,4,traffic_signals,,POINT (2.3420305 48.8516792),41,60,4160
24972424,48.8518287,2.3414433,3,,,POINT (2.3414433 48.8518287),41,60,4160
24983566,48.8517476,2.3373982,3,,,POINT (2.3373982 48.8517476),41,58,4158
24983568,48.8524745,2.3387535,4,traffic_signals,,POINT (2.3387535 48.8524745),42,59,4259
24983651,48.8522875,2.3387161,3,traffic_signals,,POINT (2.3387161 48.8522875),42,59,4259
24984073,48.8502611,2.3438874,3,,,POINT (2.3438874 48.8502611),39,61,3961
24984238,48.8475365,2.3431929,3,,,POINT (2.3431929 48.8475365),36,61,3661
24984293,48.846929,2.3406174,4,traffic_signals,,POINT (2.3406174 48.846929),36,60,3660
24984294,48.8462773,2.3402538,3,traffic_signals,,POINT (2.3402538 48.8462773),35,60,3560
24984301,48.8470967,2.3419553,3,traffic_signals,,POINT (2.3419553 48.8470967),36,60,3660
24984302,48.8469057,2.342828,4,,,POINT (2.342828 48.8469057),36,61,3661
24984303,48.8466559,2.34161,3,,,POINT (2.34161 48.8466559),35,60,3560
24984306,48.8464195,2.3425541,3,,,POINT (2.3425541 48.8464195),35,61,3561
24984312,48.8475477,2.3405846,3,,,POINT (2.3405846 48.8475477),36,60,3660
24984319,48.8460884,2.3411616,4,,,POINT (2.3411616 48.8460884),35,60,3560
24984323,48.8459728,2.3412166,4,,,POINT (2.3412166 48.8459728),34,60,3460
24984356,48.8453035,2.3406028,1,,,POINT (2.3406028 48.8453035),34,60,3460
24984404,48.8442654,2.3375669,3,,,POINT (2.3375669 48.8442654),33,58,3358
24984411,48.8433982,2.3375202,3,,,POINT (2.3375202 48.8433982),31,58,3158
24984417,48.8425205,2.3374584,4,,,POINT (2.3374584 48.8425205),30,58,3058
24984454,48.8438888,2.3392472,3,traffic_signals,,POINT (2.3392472 48.8438888),32,59,3259
24984516,48.8433633,2.3386855,3,traffic_signals,,POINT (2.3386855 48.8433633),31,59,3159
24984519,48.8425,2.3381994,3,traffic_signals,,POINT (2.3381994 48.8425),30,58,3058
24984632,48.8417443,2.3377951,4,traffic_signals,,POINT (2.3377951 48.8417443),30,58,3058
24984634,48.8412844,2.337474,3,,,POINT (2.337474 48.8412844),29,58,2958
24984641,48.8410963,2.3362731,3,,,POINT (2.3362731 48.8410963),29,57,2957
24984649,48.8418408,2.3374145,3,,,POINT (2.3374145 48.8418408),30,58,3058
24984650,48.841419,2.3389621,4,traffic_signals,,POINT (2.3389621 48.841419),29,59,2959
24984661,48.8409126,2.3372492,3,,,POINT (2.3372492 48.8409126),29,58,2958
24984664,48.8403403,2.3369666,3,traffic_signals,,POINT (2.3369666 48.8403403),28,58,2858
24984668,48.840068,2.3368198,3,,,POINT (2.3368198 48.840068),28,58,2858
24984818,48.8401372,2.3365935,4,traffic_signals,,POINT (2.3365935 48.8401372),28,58,2858
24984820,48.8404127,2.336723,4,traffic_signals,,POINT (2.336723 48.8404127),28,58,2858
24984936,48.8395524,2.3372598,3,,,POINT (2.3372598 48.8395524),27,58,2758
24984940,48.8394603,2.3375854,4,,,POINT (2.3375854 48.8394603),27,58,2758
24985055,48.8411795,2.3398116,4,traffic_signals,,POINT (2.3398116 48.8411795),29,59,2959
24985056,48.8396461,2.3386321,3,,,POINT (2.3386321 48.8396461),27,59,2759
25001240,48.8503942,2.3919177,3,,,POINT (2.3919177 48.8503942),40,87,4087
25001256,48.8488169,2.3929976,3,,,POINT (2.3929976 48.8488169),38,87,3887
25001421,48.8504615,2.3899323,3,,,POINT (2.3899323 48.8504615),40,86,4086
25001426,48.8492566,2.3900946,3,,,POINT (2.3900946 48.8492566),38,86,3886
25001430,48.8504738,2.3905772,4,traffic_signals,,POINT (2.3905772 48.8504738),40,86,4086
25001562,48.8507624,2.3951794,3,,,POINT (2.3951794 48.8507624),40,88,4088
25001568,48.8498279,2.395527,2,,,POINT (2.395527 48.8498279),39,89,3989
25001580,48.850604,2.392197,3,,,POINT (2.392197 48.850604),40,87,4087
25002088,48.8410443,2.3927795,3,,,POINT (2.3927795 48.8410443),29,87,2987
25002615,48.8403572,2.392409,3,,,POINT (2.392409 48.8403572),28,87,2887
25002663,48.8400101,2.3917404,3,,,POINT (2.3917404 48.8400101),28,87,2887
25002675,48.8401074,2.3904905,3,,,POINT (2.3904905 48.8401074),28,86,2886
25002683,48.8406376,2.3911473,3,crossing,,POINT (2.3911473 48.8406376),28,86,2886
25004249,48.8428943,2.3832729,3,,,POINT (2.3832729 48.8428943),31,82,3182
25004264,48.8461468,2.3858667,3,,,POINT (2.3858667 48.8461468),35,84,3584
25008866,48.850412,2.3814059,3,,,POINT (2.3814059 48.850412),40,81,4081
25008881,48.8504684,2.3844442,4,traffic_signals,,POINT (2.3844442 48.8504684),40,83,4083
25008900,48.8504472,2.3865523,3,,,POINT (2.3865523 48.8504472),40,84,4084
25008903,48.8496757,2.3873276,3,,,POINT (2.3873276 48.8496757),39,84,3984
25008906,48.8504343,2.3872855,3,,,POINT (2.3872855 48.8504343),40,84,4084
25009061,48.8509053,2.3842035,3,,,POINT (2.3842035 48.8509053),40,83,4083
25009134,48.8493371,2.389563,3,,,POINT (2.389563 48.8493371),38,85,3885
25009196,48.8526532,2.3848998,4,,,POINT (2.3848998 48.8526532),42,83,4283
25009202,48.8526993,2.3851172,3,,,POINT (2.3851172 48.8526993),42,83,4283
25009204,48.8529388,2.3862583,3,,,POINT (2.3862583 48.8529388),43,84,4384
25009234,48.8539981,2.3823392,3,,,POINT (2.3823392 48.8539981),44,82,4482
25009237,48.8525211,2.3832295,4,,,POINT (2.3832295 48.8525211),42,82,4282
25009243,48.8524649,2.3810863,3,,,POINT (2.3810863 48.8524649),42,81,4281
25009246,48.8535745,2.3804181,4,,,POINT (2.3804181 48.8535745),43,81,4381
25009249,48.8526269,2.379149,3,,,POINT (2.379149 48.8526269),42,80,4280
25009252,48.8512484,2.3803805,3,,,POINT (2.3803805 48.8512484),41,81,4181
25009257,48.8515233,2.3787828,4,,,POINT (2.3787828 48.8515233),41,80,4180
25009260,48.8511673,2.3815802,3,,,POINT (2.3815802 48.8511673),41,81,4181
25009263,48.8511696,2.3840389,3,,,POINT (2.3840389 48.8511696),41,83,4183
25031201,48.8502762,2.3445382,4,,,POINT (2.3445382 48.8502762),39,62,3962
25031204,48.850044,2.3460927,3,,,POINT (2.3460927 48.850044),39,63,3963
25031209,48.8498051,2.3471826,3,,,POINT (2.3471826 48.8498051),39,63,3963
25031218,48.8497967,2.3459499,3,,,POINT (2.3459499 48.8497967),39,63,3963
25031228,48.8491193,2.346632,3,,,POINT (2.346632 48.8491193),38,63,3863
25031246,48.8489004,2.3474626,4,traffic_signals,,POINT (2.3474626 48.8489004),38,63,3863
25031252,48.8486094,2.3485219,4,traffic_signals,,POINT (2.3485219 48.8486094),38,64,3864
25031257,48.8509748,2.3449502,3,,,POINT (2.3449502 48.8509748),40,62,4062
25031259,48.8497669,2.3442217,3,,,POINT (2.3442217 48.8497669),39,62,3962
25031285,48.8506265,2.3464294,3,,,POINT (2.3464294 48.8506265),40,63,4063
25031308,48.8504099,2.3473064,3,,,POINT (2.3473064 48.8504099),40,63,4063
25031311,48.8503468,2.3475535,3,,,POINT (2.3475535 48.8503468),40,63,4063
25031316,48.8502017,2.3481297,3,traffic_signals,,POINT (2.3481297 48.8502017),39,64,3964
25031319,48.8502314,2.3452021,4,,,POINT (2.3452021 48.8502314),39,62,3962
25031398,48.8496715,2.3478468,3,,,POINT (2.3478468 48.8496715),39,64,3964
25031493,48.8489335,2.349835,5,traffic_signals,,POINT (2.349835 48.8489335),38,65,3865
25032701,48.8486738,2.3463137,2,,,POINT (2.3463137 48.8486738),38,63,3863
25032702,48.8507041,2.378526,4,traffic_signals,,POINT (2.378526 48.8507041),40,80,4080
25032704,48.8485902,2.3462519,1,,,POINT (2.3462519 48.8485902),38,63,3863
25032939,48.848376,2.3493965,4,,,POINT (2.3493965 48.848376),37,64,3764
25032942,48.8467012,2.3464019,3,,,POINT (2.3464019 48.8467012),35,63,3563
25032945,48.8474941,2.3467854,3,,,POINT (2.3467854 48.8474941),36,63,3663
25032947,48.848112,2.347087,3,,,POINT (2.347087 48.848112),37,63,3763
25032968,48.8473435,2.3483708,3,,,POINT (2.3483708 48.8473435),36,64,3664
25032983,48.8471703,2.3481334,3,,,POINT (2.3481334 48.8471703),36,64,3664
25033004,48.8465812,2.3469347,3,,,POINT (2.3469347 48.8465812),35,63,3563
25033005,48.8465061,2.3472401,3,traffic_signals,,POINT (2.3472401 48.8465061),35,63,3563
25033006,48.8469463,2.3453257,3,,,POINT (2.3453257 48.8469463),36,62,3662
25033007,48.8465458,2.3444942,3,,,POINT (2.3444942 48.8465458),35,62,3562
25033046,48.8456867,2.3458936,3,,,POINT (2.3458936 48.8456867),34,62,3462
25033047,48.845486,2.3468075,3,,,POINT (2.3468075 48.845486),34,63,3463
25033048,48.844793,2.3466256,4,traffic_signals,,POINT (2.3466256 48.844793),33,63,3363
25033049,48.8450522,2.345573,4,traffic_signals,,POINT (2.345573 48.8450522),33,62,3362
25033073,48.8454852,2.3445477,4,traffic_signals,,POINT (2.3445477 48.8454852),34,62,3462
25033079,48.8445318,2.3453117,4,,,POINT (2.3453117 48.8445318),33,62,3362
25033080,48.8446432,2.3472343,3,,,POINT (2.3472343 48.8446432),33,63,3363
25033081,48.8445582,2.347557,3,,,POINT (2.347557 48.8445582),33,63,3363
25033083,48.8450019,2.3491671,4,,,POINT (2.3491671 48.8450019),33,64,3364
25033084,48.8451021,2.3498409,3,,,POINT (2.3498409 48.8451021),33,65,3365
25033092,48.8461621,2.3490961,4,traffic_signals,,POINT (2.3490961 48.8461621),35,64,3564
25033096,48.846313,2.3512212,3,,,POINT (2.3512212 48.846313),35,65,3565
25033161,48.8461056,2.34297,4,traffic_signals,,POINT (2.34297 48.8461056),35,61,3561
25033162,48.8455903,2.3426879,3,,,POINT (2.3426879 48.8455903),34,61,3461
25033163,48.8449097,2.3423509,3,,,POINT (2.3423509 48.8449097),33,61,3361
25033338,48.8433731,2.341576,4,traffic_signals,,POINT (2.341576 48.8433731),31,60,3160
25033340,48.8443368,2.3452082,3,,,POINT (2.3452082 48.8443368),33,62,3362
25033343,48.8431564,2.3426118,3,,,POINT (2.3426118 48.8431564),31,61,3161
25033349,48.8440732,2.3457448,3,,,POINT (2.3457448 48.8440732),32,62,3262
25033351,48.8435966,2.3481257,3,,,POINT (2.3481257 48.8435966),32,64,3264
25033441,48.8434414,2.3470747,3,,,POINT (2.3470747 48.8434414),32,63,3263
25033443,48.8433228,2.3465479,3,,,POINT (2.3465479 48.8433228),31,63,3163
25033470,48.8424525,2.3442707,3,,,POINT (2.3442707 48.8424525),30,62,3062
25033484,48.8422848,2.3458921,2,,,POINT (2.3458921 48.8422848),30,62,3062
25033485,48.8421794,2.3463148,4,,,POINT (2.3463148 48.8421794),30,63,3063
25033486,48.8419427,2.3457955,3,,,POINT (2.3457955 48.8419427),30,62,3062
25033530,48.840616,2.3451951,3,traffic_signals,,POINT (2.3451951 48.840616),28,62,2862
25033531,48.8425748,2.3429147,4,traffic_signals,,POINT (2.3429147 48.8425748),31,61,3161
25033533,48.8427417,2.3413694,3,,,POINT (2.3413694 48.8427417),31,60,3160
25033534,48.8421207,2.3413028,4,traffic_signals,,POINT (2.3413028 48.8421207),30,60,3060
25033563,48.840298,2.3460124,4,traffic_signals,,POINT (2.3460124 48.840298),28,63,2863
25033566,48.8390291,2.3492333,3,traffic_signals,,POINT (2.3492333 48.8390291),26,64,2664
25033569,48.8388034,2.3498001,4,traffic_signals,,POINT (2.3498001 48.8388034),26,65,2665
25033618,48.8392956,2.3399688,3,,,POINT (2.3399688 48.8392956),27,59,2759
25033632,48.8383919,2.3420891,3,traffic_signals,,POINT (2.3420891 48.8383919),26,60,2660
25033633,48.8382757,2.345624,3,,,POINT (2.345624 48.8382757),26,62,2662
25033634,48.8398098,2.3472299,3,traffic_signals,,POINT (2.3472299 48.8398098),27,63,2763
25033670,48.8376546,2.3492562,3,,,POINT (2.3492562 48.8376546),25,64,2564
25033787,48.8409278,2.347143,3,,,POINT (2.347143 48.8409278),29,63,2963
25033788,48.8401478,2.3481127,3,,,POINT (2.3481127 48.8401478),28,64,2864
25033828,48.8392596,2.3500032,3,,,POINT (2.3500032 48.8392596),27,65,2765
25033830,48.8392469,2.3500861,3,,,POINT (2.3500861 48.8392469),27,65,2765
25033833,48.8392763,2.3501689,3,,,POINT (2.3501689 48.8392763),27,65,2765
25033837,48.8393905,2.3501553,3,,,POINT (2.3501553 48.8393905),27,65,2765
25033906,48.8403037,2.3508891,3,,,POINT (2.3508891 48.8403037),28,65,2865
25033912,48.8403957,2.3511425,3,,,POINT (2.3511425 48.8403957),28,65,2865
25033913,48.8409789,2.3511683,3,,,POINT (2.3511683 48.8409789),29,65,2965
25033915,48.8410228,2.3507135,3,,,POINT (2.3507135 48.8410228),29,65,2965
25033919,48.8397522,2.3510218,3,,,POINT (2.3510218 48.8397522),27,65,2765
25033920,48.8398828,2.3512111,3,,,POINT (2.3512111 48.8398828),27,65,2765
25033928,48.8416611,2.3482571,4,traffic_signals,,POINT (2.3482571 48.8416611),29,64,2964
25033931,48.841588,2.3510815,3,,,POINT (2.3510815 48.841588),29,65,2965
25033933,48.8421354,2.3515315,4,,,POINT (2.3515315 48.8421354),30,65,3065
25033934,48.8416321,2.3515929,3,,,POINT (2.3515929 48.8416321),29,65,2965
25033996,48.8391479,2.3509804,3,,,POINT (2.3509804 48.8391479),27,65,2765
25034003,48.8396472,2.3523376,1,,,POINT (2.3523376 48.8396472),27,66,2766
25034101,48.8386499,2.350176,3,traffic_signals,,POINT (2.350176 48.8386499),26,65,2665
25034117,48.8388736,2.3508181,3,traffic_signals,,POINT (2.3508181 48.8388736),26,65,2665
25034306,48.8418084,2.3478508,3,traffic_signals,,POINT (2.3478508 48.8418084),30,64,3064
25034308,48.8426115,2.3472981,4,,,POINT (2.3472981 48.8426115),31,63,3163
25034314,48.842666,2.3514641,3,,,POINT (2.3514641 48.842666),31,65,3165
25034315,48.8432125,2.351402,3,,,POINT (2.351402 48.8432125),31,65,3165
25034316,48.843524,2.3514777,2,,,POINT (2.3514777 48.843524),32,65,3265
25034317,48.8439599,2.3515726,3,,,POINT (2.3515726 48.8439599),32,65,3265
25034323,48.8437934,2.3523169,4,traffic_signals,,POINT (2.3523169 48.8437934),32,66,3266
25034326,48.8444763,2.3524085,3,,,POINT (2.3524085 48.8444763),33,66,3366
25034329,48.8436926,2.3527378,3,,,POINT (2.3527378 48.8436926),32,66,3266
25034330,48.843682,2.3536988,3,,,POINT (2.3536988 48.843682),32,67,3267
25034331,48.8436688,2.3542044,3,,,POINT (2.3542044 48.8436688),32,67,3267
25034333,48.8443883,2.3535751,3,,,POINT (2.3535751 48.8443883),33,67,3367
25034403,48.847678,2.3520067,3,,,POINT (2.3520067 48.847678),36,66,3666
25034405,48.8461163,2.3545259,3,traffic_signals,,POINT (2.3545259 48.8461163),35,67,3567
25034407,48.8463956,2.3517202,3,,,POINT (2.3517202 48.8463956),35,66,3566
25034433,48.8456478,2.3545947,3,traffic_signals,,POINT (2.3545947 48.8456478),34,67,3467
25034434,48.8451191,2.3546865,3,,,POINT (2.3546865 48.8451191),33,67,3367
25034435,48.8447931,2.3547431,3,,,POINT (2.3547431 48.8447931),33,67,3367
25034462,48.8494499,2.3544218,4,traffic_signals,,POINT (2.3544218 48.8494499),39,67,3967
25034464,48.8496447,2.3503668,4,traffic_signals,,POINT (2.3503668 48.8496447),39,65,3965
25034466,48.8495668,2.3517629,3,traffic_signals,,POINT (2.3517629 48.8495668),39,66,3966
25034606,48.8535496,2.3927034,4,,,POINT (2.3927034 48.8535496),43,87,4387
25034619,48.8553581,2.3842177,3,,,POINT (2.3842177 48.8553581),45,83,4583
25034620,48.8561907,2.3828195,4,,,POINT (2.3828195 48.8561907),46,82,4682
25034634,48.84304,2.4013441,3,,,POINT (2.4013441 48.84304),31,92,3192
25034646,48.8421014,2.3764201,4,traffic_signals,,POINT (2.3764201 48.8421014),30,79,3079
25034649,48.8460894,2.375803,3,,,POINT (2.375803 48.8460894),35,78,3578
25034650,48.8646123,2.3780241,4,,,POINT (2.3780241 48.8646123),56,79,5679
25034653,48.8640117,2.3811832,4,,,POINT (2.3811832 48.8640117),55,81,5581
25034654,48.8631627,2.3856002,3,,,POINT (2.3856002 48.8631627),54,83,5483
25034664,48.8656748,2.3724182,3,,,POINT (2.3724182 48.8656748),57,76,5776
25055851,48.8979066,2.3134259,3,motorway_junction,,POINT (2.3134259 48.8979066),95,45,9545
25055867,48.89706,2.3106852,3,,,POINT (2.3106852 48.89706),94,44,9444
25056034,48.8977114,2.313387,3,,,POINT (2.313387 48.8977114),95,45,9545
25075848,48.9006401,2.3235934,3,,,POINT (2.3235934 48.9006401),98,51,9851
25075871,48.895412,2.3073475,3,motorway_junction,,POINT (2.3073475 48.895412),92,42,9242
25075877,48.8933432,2.3038075,3,,,POINT (2.3038075 48.8933432),90,40,9040
25075891,48.8886836,2.2939317,3,,,POINT (2.2939317 48.8886836),84,35,8435
25075910,48.883143,2.2837911,3,motorway_junction,,POINT (2.2837911 48.883143),78,30,7830
25075932,48.8774092,2.2797818,3,,,POINT (2.2797818 48.8774092),71,28,7128
25075933,48.8778143,2.2804712,3,,,POINT (2.2804712 48.8778143),72,28,7228
25075939,48.875504,2.2775043,3,,,POINT (2.2775043 48.875504),69,26,6926
25075950,48.8695527,2.2711059,3,,,POINT (2.2711059 48.8695527),62,23,6223
25075951,48.8694721,2.2713226,3,motorway_junction,,POINT (2.2713226 48.8694721),62,23,6223
25075964,48.8660538,2.2682265,3,motorway_junction,,POINT (2.2682265 48.8660538),58,22,5822
25075983,48.8605733,2.2637897,3,motorway_junction,,POINT (2.2637897 48.8605733),51,19,5119
25075984,48.8607007,2.2635664,3,,,POINT (2.2635664 48.8607007),52,19,5219
25075988,48.8602447,2.2632831,3,motorway_junction,,POINT (2.2632831 48.8602447),51,19,5119
25075989,48.8597681,2.2632486,3,,,POINT (2.2632486 48.8597681),51,19,5119
25077040,48.8586145,2.2612138,3,,,POINT (2.2612138 48.8586145),49,18,4918
25077273,48.8512097,2.2519586,3,motorway_junction,,POINT (2.2519586 48.8512097),41,13,4113
25077305,48.8469384,2.2544301,3,,,POINT (2.2544301 48.8469384),36,14,3614
25077702,48.8455272,2.2548646,3,,,POINT (2.2548646 48.8455272),34,15,3415
25077703,48.8461208,2.2550317,3,motorway_junction,,POINT (2.2550317 48.8461208),35,15,3515
25077712,48.8403689,2.2537949,3,motorway_junction,,POINT (2.2537949 48.8403689),28,14,2814
25077720,48.8367875,2.2556906,3,,,POINT (2.2556906 48.8367875),24,15,2415
25077725,48.8357846,2.2579006,3,motorway_junction,,POINT (2.2579006 48.8357846),23,16,2316
25077734,48.834747,2.2663838,3,motorway_junction,,POINT (2.2663838 48.834747),21,21,2121
25078031,48.8352948,2.2723383,3,motorway_junction,,POINT (2.2723383 48.8352948),22,24,2224
25078032,48.8348198,2.2740203,3,motorway_junction,,POINT (2.2740203 48.8348198),22,25,2225
25078033,48.8350847,2.2734964,3,,,POINT (2.2734964 48.8350847),22,24,2224
25088676,48.8920749,2.3430281,4,,,POINT (2.3430281 48.8920749),88,61,8861
25095561,48.8924443,2.3247833,3,,,POINT (2.3247833 48.8924443),89,51,8951
25095565,48.8778887,2.3516591,4,traffic_signals,,POINT (2.3516591 48.8778887),72,66,7266
25095570,48.8829827,2.3241518,4,traffic_signals,,POINT (2.3241518 48.8829827),78,51,7851
25095582,48.8907149,2.3766683,4,,,POINT (2.3766683 48.8907149),87,79,8779
25095598,48.8525796,2.3421118,3,,,POINT (2.3421118 48.8525796),42,60,4260
25095600,48.8531692,2.3431937,4,traffic_signals,,POINT (2.3431937 48.8531692),43,61,4361
25095604,48.8518427,2.3433796,3,traffic_signals,,POINT (2.3433796 48.8518427),41,61,4161
25095606,48.8527586,2.3438219,3,traffic_signals,,POINT (2.3438219 48.8527586),42,61,4261
25095608,48.853441,2.3441415,4,,,POINT (2.3441415 48.853441),43,62,4362
25095610,48.8521542,2.3481218,3,,,POINT (2.3481218 48.8521542),42,64,4264
25095612,48.8513442,2.3479561,3,,,POINT (2.3479561 48.8513442),41,64,4164
25095614,48.8503715,2.3486898,4,,,POINT (2.3486898 48.8503715),40,64,4064
25095624,48.852169,2.346287,3,traffic_signals,,POINT (2.346287 48.852169),42,63,4263
25095625,48.8527598,2.3466299,3,,,POINT (2.3466299 48.8527598),42,63,4263
25095633,48.8524777,2.344711,4,,,POINT (2.344711 48.8524777),42,62,4262
25095636,48.8532442,2.3445887,3,,,POINT (2.3445887 48.8532442),43,62,4362
25095687,48.851394,2.3481054,3,,,POINT (2.3481054 48.851394),41,64,4164
25095688,48.8516956,2.3487173,4,,,POINT (2.3487173 48.8516956),41,64,4164
25095717,48.8508365,2.3490314,3,,,POINT (2.3490314 48.8508365),40,64,4064
25095799,48.8519364,2.3491991,3,,,POINT (2.3491991 48.8519364),41,64,4164
25095800,48.8517753,2.3495522,3,,,POINT (2.3495522 48.8517753),41,64,4164
25096382,48.8514072,2.3493417,4,,,POINT (2.3493417 48.8514072),41,64,4164
25096399,48.8512205,2.3502323,3,,,POINT (2.3502323 48.8512205),41,65,4165
25096403,48.8507012,2.3525859,3,,,POINT (2.3525859 48.8507012),40,66,4066
25096406,48.8504134,2.3535299,3,,,POINT (2.3535299 48.8504134),40,67,4067
25096518,48.8504117,2.3488009,3,,,POINT (2.3488009 48.8504117),40,64,4064
25101533,48.8485526,2.3501263,3,,,POINT (2.3501263 48.8485526),37,65,3765
25101538,48.8474693,2.3527064,4,traffic_signals,,POINT (2.3527064 48.8474693),36,66,3666
25101541,48.8488161,2.3553225,3,,,POINT (2.3553225 48.8488161),38,67,3867
25101543,48.8491657,2.3558724,3,,,POINT (2.3558724 48.8491657),38,68,3868
25102197,48.8499694,2.3532164,3,,,POINT (2.3532164 48.8499694),39,66,3966
25102203,48.8502644,2.3522713,3,,,POINT (2.3522713 48.8502644),39,66,3966
25102265,48.849178,2.3541831,3,,,POINT (2.3541831 48.849178),38,67,3867
25103029,48.8455188,2.3559702,3,,,POINT (2.3559702 48.8455188),34,68,3468
25103068,48.8448196,2.3569768,3,,,POINT (2.3569768 48.8448196),33,68,3368
25183146,48.8544959,2.3336373,3,,,POINT (2.3336373 48.8544959),44,56,4456
25183164,48.8533828,2.3409582,3,,,POINT (2.3409582 48.8533828),43,60,4360
25183165,48.8555049,2.3339395,4,traffic_signals,,POINT (2.3339395 48.8555049),46,56,4656
25183183,48.8533613,2.3414945,3,,,POINT (2.3414945 48.8533613),43,60,4360
25183261,48.853552,2.3391353,3,,,POINT (2.3391353 48.853552),43,59,4359
25183290,48.8529241,2.3407024,3,,,POINT (2.3407024 48.8529241),43,60,4360
25183315,48.852497,2.3405938,3,,,POINT (2.3405938 48.852497),42,60,4260
25183366,48.8533142,2.3422945,3,,,POINT (2.3422945 48.8533142),43,61,4361
25183384,48.8542389,2.342189,3,,,POINT (2.342189 48.8542389),44,61,4461
25183389,48.852155,2.3405212,3,,,POINT (2.3405212 48.852155),42,60,4260
25183526,48.8542965,2.343185,3,,,POINT (2.343185 48.8542965),44,61,4461
25183590,48.8542008,2.3388939,3,,,POINT (2.3388939 48.8542008),44,59,4459
25183601,48.8536645,2.3383857,5,,,POINT (2.3383857 48.8536645),43,59,4359
25183615,48.8537435,2.3379747,3,,,POINT (2.3379747 48.8537435),44,58,4458
25183693,48.8552786,2.3377567,4,,,POINT (2.3377567 48.8552786),45,58,4558
25183839,48.8520919,2.3426346,4,,,POINT (2.3426346 48.8520919),42,61,4261
25183852,48.8524076,2.3429064,3,,,POINT (2.3429064 48.8524076),42,61,4261
25184021,48.8550187,2.3395832,3,,,POINT (2.3395832 48.8550187),45,59,4559
25184031,48.8553645,2.3398701,3,,,POINT (2.3398701 48.8553645),45,59,4559
25184042,48.8546426,2.340914,3,,,POINT (2.340914 48.8546426),45,60,4560
25186633,48.8552853,2.3367761,3,,,POINT (2.3367761 48.8552853),45,58,4558
25186665,48.8550692,2.3368031,3,,,POINT (2.3368031 48.8550692),45,58,4558
25186689,48.8545063,2.3368794,3,,,POINT (2.3368794 48.8545063),44,58,4458
25186702,48.8538497,2.3369559,4,,,POINT (2.3369559 48.8538497),44,58,4458
25186734,48.8536713,2.3365089,3,,,POINT (2.3365089 48.8536713),43,58,4358
25186796,48.8546289,2.3365165,4,,,POINT (2.3365165 48.8546289),45,58,4558
25186813,48.8547693,2.336101,3,,,POINT (2.336101 48.8547693),45,57,4557
25186841,48.8544841,2.3358743,3,,,POINT (2.3358743 48.8544841),44,57,4457
25186861,48.8540461,2.3355075,3,,,POINT (2.3355075 48.8540461),44,57,4457
25187828,48.8539972,2.3359268,3,,,POINT (2.3359268 48.8539972),44,57,4457
25187832,48.8539523,2.3360616,4,,,POINT (2.3360616 48.8539523),44,57,4457
25187836,48.8539563,2.335889,3,,,POINT (2.335889 48.8539563),44,57,4457
25187841,48.8542486,2.3356731,3,,,POINT (2.3356731 48.8542486),44,57,4457
25187844,48.8543784,2.335787,3,,,POINT (2.335787 48.8543784),44,57,4457
25188352,48.8562768,2.3366181,3,,,POINT (2.3366181 48.8562768),46,58,4658
25188950,48.8564302,2.3399176,3,,,POINT (2.3399176 48.8564302),47,59,4759
25188960,48.8578754,2.3362275,3,traffic_signals,,POINT (2.3362275 48.8578754),48,57,4857
25188963,48.8564779,2.3346093,3,,,POINT (2.3346093 48.8564779),47,57,4757
25189867,48.8577271,2.3353448,3,,,POINT (2.3353448 48.8577271),48,57,4857
25190291,48.8570492,2.3322754,3,,,POINT (2.3322754 48.8570492),47,55,4755
25190293,48.8563151,2.3316717,4,,,POINT (2.3316717 48.8563151),47,55,4755
25190296,48.8551102,2.3307623,3,,,POINT (2.3307623 48.8551102),45,55,4555
25190627,48.8585208,2.3296971,4,,,POINT (2.3296971 48.8585208),49,54,4954
25190668,48.8568149,2.3303468,3,,,POINT (2.3303468 48.8568149),47,54,4754
25191080,48.8556589,2.3335083,3,,,POINT (2.3335083 48.8556589),46,56,4656
25191241,48.8585945,2.3322036,3,,,POINT (2.3322036 48.8585945),49,55,4955
25191273,48.8588199,2.3326187,3,,,POINT (2.3326187 48.8588199),49,55,4955
25191274,48.8554998,2.329844,3,,,POINT (2.329844 48.8554998),46,54,4654
25191280,48.8592549,2.330205,3,,,POINT (2.330205 48.8592549),50,54,5054
25191291,48.857709,2.3279733,4,,,POINT (2.3279733 48.857709),48,53,4853
25191346,48.8594906,2.3264096,3,,,POINT (2.3264096 48.8594906),50,52,5052
25191355,48.8588956,2.3260888,3,,,POINT (2.3260888 48.8588956),50,52,5052
25191373,48.8584473,2.3258242,3,,,POINT (2.3258242 48.8584473),49,52,4952
25191388,48.8588124,2.3248694,3,,,POINT (2.3248694 48.8588124),49,51,4951
25192222,48.8566066,2.3268459,3,,,POINT (2.3268459 48.8566066),47,52,4752
25192224,48.8564385,2.3265486,3,,,POINT (2.3265486 48.8564385),47,52,4752
25192854,48.8581279,2.3234902,3,,,POINT (2.3234902 48.8581279),49,51,4951
25192856,48.8585104,2.3231292,4,traffic_signals,,POINT (2.3231292 48.8585104),49,51,4951
25192858,48.8612737,2.3205467,3,,,POINT (2.3205467 48.8612737),52,49,5249
25193304,48.8603311,2.3236023,4,traffic_signals,,POINT (2.3236023 48.8603311),51,51,5151
25193312,48.8595094,2.3230018,4,traffic_signals,,POINT (2.3230018 48.8595094),50,50,5050
25193316,48.8592118,2.3237994,4,,,POINT (2.3237994 48.8592118),50,51,5051
25193321,48.8600394,2.3245743,3,,,POINT (2.3245743 48.8600394),51,51,5151
25194419,48.8593763,2.3195587,3,,,POINT (2.3195587 48.8593763),50,49,5049
25194426,48.8590281,2.3226542,4,traffic_signals,,POINT (2.3226542 48.8590281),50,50,5050
25194800,48.8607434,2.3187995,4,,,POINT (2.3187995 48.8607434),52,48,5248
25194818,48.8610277,2.3189834,3,,,POINT (2.3189834 48.8610277),52,48,5248
25194840,48.8606503,2.3199922,4,,,POINT (2.3199922 48.8606503),52,49,5249
25194863,48.8607992,2.3179989,3,,,POINT (2.3179989 48.8607992),52,48,5248
25194879,48.8603698,2.3182805,3,,,POINT (2.3182805 48.8603698),51,48,5148
25195347,48.8609738,2.3149665,4,traffic_signals,,POINT (2.3149665 48.8609738),52,46,5246
25195396,48.861587,2.319331,3,,,POINT (2.319331 48.861587),53,49,5349
25196652,48.8621665,2.3196662,4,traffic_signals,,POINT (2.3196662 48.8621665),53,49,5349
25196659,48.8624,2.3198323,3,,,POINT (2.3198323 48.8624),54,49,5449
25196671,48.8628885,2.3151675,3,,,POINT (2.3151675 48.8628885),54,46,5446
25198716,48.8611194,2.311494,4,traffic_signals,,POINT (2.311494 48.8611194),52,44,5244
25199592,48.8610518,2.3132382,4,traffic_signals,,POINT (2.3132382 48.8610518),52,45,5245
25199639,48.8599466,2.3113587,4,traffic_signals,,POINT (2.3113587 48.8599466),51,44,5144
25199678,48.8611198,2.3102809,4,,,POINT (2.3102809 48.8611198),52,44,5244
25203140,48.8598943,2.3096309,3,,,POINT (2.3096309 48.8598943),51,43,5143
25203143,48.8598303,2.3088513,3,,,POINT (2.3088513 48.8598303),51,43,5143
25203147,48.8596471,2.307343,3,,,POINT (2.307343 48.8596471),50,42,5042
25203153,48.8594742,2.3062908,3,,,POINT (2.3062908 48.8594742),50,42,5042
25203159,48.8624635,2.3054295,3,traffic_signals,,POINT (2.3054295 48.8624635),54,41,5441
25203506,48.862319,2.3063118,1,,,POINT (2.3063118 48.862319),53,42,5342
25203509,48.8623414,2.3074838,1,,,POINT (2.3074838 48.8623414),54,42,5442
25203524,48.8623553,2.3082668,1,,,POINT (2.3082668 48.8623553),54,43,5443
25203607,48.8623975,2.3096351,1,,,POINT (2.3096351 48.8623975),54,43,5443
25203763,48.8616969,2.3054542,4,,,POINT (2.3054542 48.8616969),53,41,5341
25203766,48.8616772,2.306684,4,,,POINT (2.306684 48.8616772),53,42,5342
25203769,48.86171,2.3075171,3,,,POINT (2.3075171 48.86171),53,42,5342
25203773,48.8617216,2.3083056,4,,,POINT (2.3083056 48.8617216),53,43,5343
25203784,48.8617466,2.3093413,3,,,POINT (2.3093413 48.8617466),53,43,5343
25203875,48.8611369,2.3054922,4,,,POINT (2.3054922 48.8611369),52,41,5241
25203906,48.8611357,2.3069908,4,,,POINT (2.3069908 48.8611357),52,42,5242
25203948,48.8611373,2.3083271,3,,,POINT (2.3083271 48.8611373),52,43,5243
25203967,48.8611263,2.309444,4,,,POINT (2.309444 48.8611263),52,43,5243
25207301,48.8689122,2.3401064,5,traffic_signals,,POINT (2.3401064 48.8689122),61,59,6159
25207311,48.8710438,2.3457164,3,,,POINT (2.3457164 48.8710438),64,62,6462
25207313,48.8714816,2.3430679,4,traffic_signals,,POINT (2.3430679 48.8714816),64,61,6461
25207323,48.8644887,2.342661,3,,,POINT (2.342661 48.8644887),56,61,5661
25207329,48.8658889,2.3369676,4,,,POINT (2.3369676 48.8658889),58,58,5858
25207331,48.8676855,2.3379035,3,,,POINT (2.3379035 48.8676855),60,58,6058
25207334,48.8695367,2.3367745,4,traffic_signals,,POINT (2.3367745 48.8695367),62,58,6258
25207339,48.8675112,2.3336619,5,traffic_signals,,POINT (2.3336619 48.8675112),60,56,6056
25207345,48.8712754,2.3359218,3,,,POINT (2.3359218 48.8712754),64,57,6457
25207350,48.8760607,2.3371321,4,traffic_signals,,POINT (2.3371321 48.8760607),69,58,6958
25207352,48.867028,2.3529901,3,traffic_signals,,POINT (2.3529901 48.867028),59,66,5966
25207356,48.8652497,2.3519977,4,traffic_signals,,POINT (2.3519977 48.8652497),57,66,5766
25207358,48.8705998,2.3549698,3,,,POINT (2.3549698 48.8705998),63,67,6367
25207371,48.8657792,2.3574978,3,,,POINT (2.3574978 48.8657792),58,69,5869
25207381,48.858696,2.3521085,3,,,POINT (2.3521085 48.858696),49,66,4966
25237497,48.8482092,2.2481604,3,motorway_junction,,POINT (2.2481604 48.8482092),37,11,3711
25239053,48.8218171,2.3170789,3,,,POINT (2.3170789 48.8218171),6,47,647
25239055,48.8219899,2.3168688,3,motorway_junction,,POINT (2.3168688 48.8219899),7,47,747
25239223,48.8167047,2.3368879,3,,,POINT (2.3368879 48.8167047),0,58,58
25239973,48.8164665,2.3413108,3,motorway_junction,,POINT (2.3413108 48.8164665),0,60,60
25240132,48.8167806,2.3408987,3,,,POINT (2.3408987 48.8167806),1,60,160
25240275,48.8164472,2.3466051,3,motorway_junction,,POINT (2.3466051 48.8164472),0,63,63
25240342,48.8175186,2.3541904,3,motorway_junction,,POINT (2.3541904 48.8175186),1,67,167
25240349,48.8167278,2.3559492,3,,,POINT (2.3559492 48.8167278),0,68,68
25240414,48.816423,2.3640264,3,motorway_junction,,POINT (2.3640264 48.816423),0,72,72
25240418,48.817415,2.3662898,3,motorway_junction,,POINT (2.3662898 48.817415),1,73,173
25240436,48.8184787,2.3701213,3,motorway_junction,,POINT (2.3701213 48.8184787),3,75,375
25240443,48.8208659,2.3768657,3,motorway_junction,,POINT (2.3768657 48.8208659),5,79,579
25240518,48.8248736,2.3843192,3,,,POINT (2.3843192 48.8248736),10,83,1083
25240523,48.8260279,2.3877556,3,,,POINT (2.3877556 48.8260279),11,85,1185
25240533,48.8277066,2.394201,3,,,POINT (2.394201 48.8277066),13,88,1388
25240534,48.8279396,2.3948506,3,motorway_junction,,POINT (2.3948506 48.8279396),14,88,1488
25244985,48.8441511,2.4140941,3,motorway_junction,,POINT (2.4140941 48.8441511),32,98,3298
25244986,48.8441706,2.4138698,3,,,POINT (2.4138698 48.8441706),32,98,3298
25244995,48.8493962,2.4151755,3,,,POINT (2.4151755 48.8493962),38,99,3899
25245006,48.8516829,2.4150478,3,,,POINT (2.4150478 48.8516829),41,99,4199
25245020,48.8566902,2.4139265,3,motorway_junction,,POINT (2.4139265 48.8566902),47,98,4798
25245021,48.8569388,2.4142207,3,,,POINT (2.4142207 48.8569388),47,98,4798
25245027,48.8611995,2.4139978,3,,,POINT (2.4139978 48.8611995),52,98,5298
25245054,48.867276,2.4132248,3,motorway_junction,,POINT (2.4132248 48.867276),59,98,5998
25245055,48.8682036,2.413451,3,,,POINT (2.413451 48.8682036),60,98,6098
25245056,48.8688417,2.4132378,3,motorway_junction,,POINT (2.4132378 48.8688417),61,98,6198
25245072,48.8753258,2.4100647,3,,,POINT (2.4100647 48.8753258),69,96,6996
25245218,48.9003564,2.3769024,3,motorway_junction,,POINT (2.3769024 48.9003564),98,79,9879
25245240,48.9008777,2.3662217,3,,,POINT (2.3662217 48.9008777),98,73,9873
25245242,48.9009,2.36454,3,motorway_junction,,POINT (2.36454 48.9009),98,72,9872
25245316,48.9010927,2.3550456,3,,,POINT (2.3550456 48.9010927),99,67,9967
25245317,48.900903,2.3556666,3,motorway_junction,,POINT (2.3556666 48.900903),98,68,9868
25245322,48.9011116,2.3474612,3,motorway_junction,,POINT (2.3474612 48.9011116),99,63,9963
25245323,48.9009653,2.3476274,3,,,POINT (2.3476274 48.9009653),98,63,9863
25245324,48.9009425,2.3405038,3,,,POINT (2.3405038 48.9009425),98,60,9860
25245325,48.900798,2.340582,3,motorway_junction,,POINT (2.340582 48.900798),98,60,9860
25245326,48.9008445,2.3342237,3,motorway_junction,,POINT (2.3342237 48.9008445),98,56,9856
25245327,48.9006765,2.3341795,3,,,POINT (2.3341795 48.9006765),98,56,9856
25253715,48.8546229,2.3258413,3,,,POINT (2.3258413 48.8546229),45,52,4552
25253716,48.8534144,2.3261932,4,traffic_signals,,POINT (2.3261932 48.8534144),43,52,4352
25253719,48.8538385,2.3273749,3,,,POINT (2.3273749 48.8538385),44,53,4453
25253720,48.8537211,2.327741,3,,,POINT (2.327741 48.8537211),43,53,4353
25253722,48.8542019,2.3316483,3,traffic_signals,,POINT (2.3316483 48.8542019),44,55,4455
25253723,48.8539513,2.3327145,4,,,POINT (2.3327145 48.8539513),44,56,4456
25253725,48.8550133,2.3245711,3,,,POINT (2.3245711 48.8550133),45,51,4551
25253726,48.8556487,2.3234168,3,,,POINT (2.3234168 48.8556487),46,51,4651
25253728,48.8569724,2.3245982,3,,,POINT (2.3245982 48.8569724),47,51,4751
25253764,48.8539979,2.3238493,4,traffic_signals,,POINT (2.3238493 48.8539979),44,51,4451
25253765,48.8535576,2.3256093,3,,,POINT (2.3256093 48.8535576),43,52,4352
25253766,48.8527479,2.3236717,3,,,POINT (2.3236717 48.8527479),42,51,4251
25253767,48.8516985,2.3235499,4,,,POINT (2.3235499 48.8516985),41,51,4151
25253768,48.8517125,2.3248052,3,,,POINT (2.3248052 48.8517125),41,51,4151
25253770,48.855643,2.3268412,4,,,POINT (2.3268412 48.855643),46,52,4652
25253772,48.854835,2.3292236,4,,,POINT (2.3292236 48.854835),45,54,4554
25253773,48.8564094,2.3240957,4,,,POINT (2.3240957 48.8564094),47,51,4751
25253774,48.8565737,2.3236291,1,,,POINT (2.3236291 48.8565737),47,51,4751
25253775,48.8549506,2.3199504,4,traffic_signals,,POINT (2.3199504 48.8549506),45,49,4549
25253835,48.8531796,2.327141,3,,,POINT (2.327141 48.8531796),43,53,4353
25253920,48.8503948,2.3277276,4,traffic_signals,,POINT (2.3277276 48.8503948),40,53,4053
25253964,48.8522684,2.3300292,3,,,POINT (2.3300292 48.8522684),42,54,4254
25253965,48.8575626,2.3175146,4,,,POINT (2.3175146 48.8575626),48,48,4848
25254115,48.8557078,2.3168859,3,traffic_signals,,POINT (2.3168859 48.8557078),46,47,4647
25254116,48.8554189,2.3180552,3,,,POINT (2.3180552 48.8554189),45,48,4548
25254117,48.8551343,2.3192068,3,,,POINT (2.3192068 48.8551343),45,48,4548
25254118,48.8539821,2.3189164,1,,,POINT (2.3189164 48.8539821),44,48,4448
25254119,48.8543095,2.3190034,3,,,POINT (2.3190034 48.8543095),44,48,4448
25254120,48.8542104,2.3196642,3,,,POINT (2.3196642 48.8542104),44,49,4449
25254121,48.8530556,2.319218,3,,,POINT (2.319218 48.8530556),43,48,4348
25254124,48.8532418,2.3174991,3,,,POINT (2.3174991 48.8532418),43,48,4348
25254125,48.8517612,2.3171235,3,,,POINT (2.3171235 48.8517612),41,47,4147
25254128,48.8577858,2.3224239,3,,,POINT (2.3224239 48.8577858),48,50,4850
25254129,48.8505315,2.3195778,4,,,POINT (2.3195778 48.8505315),40,49,4049
25254138,48.8559077,2.325506,5,,,POINT (2.325506 48.8559077),46,52,4652
25254297,48.853362,2.3264058,4,traffic_signals,,POINT (2.3264058 48.853362),43,52,4352
25254299,48.8543438,2.3261255,4,traffic_signals,,POINT (2.3261255 48.8543438),44,52,4452
25254301,48.8547488,2.326004,4,,,POINT (2.326004 48.8547488),45,52,4552
25254922,48.8586446,2.3198423,3,,,POINT (2.3198423 48.8586446),49,49,4949
25254925,48.8558337,2.3257283,3,,,POINT (2.3257283 48.8558337),46,52,4652
25254958,48.8524284,2.326681,3,,,POINT (2.326681 48.8524284),42,52,4252
25255044,48.852217,2.3267433,3,,,POINT (2.3267433 48.852217),42,52,4252
25255322,48.8507419,2.3271311,4,traffic_signals,,POINT (2.3271311 48.8507419),40,53,4053
25255325,48.8501437,2.3273262,4,traffic_signals,,POINT (2.3273262 48.8501437),39,53,3953
25255328,48.8499498,2.328048,3,,,POINT (2.328048 48.8499498),39,53,3953
25255449,48.8507266,2.326975,3,,,POINT (2.326975 48.8507266),40,53,4053
25255855,48.850432,2.3246062,3,,,POINT (2.3246062 48.850432),40,51,4051
25255856,48.849225,2.325851,3,,,POINT (2.325851 48.849225),38,52,3852
25255857,48.849588,2.3265217,3,,,POINT (2.3265217 48.849588),39,52,3952
25255858,48.8531454,2.3312779,3,,,POINT (2.3312779 48.8531454),43,55,4355
25255888,48.8473943,2.3181919,3,,,POINT (2.3181919 48.8473943),36,48,3648
25255889,48.847737,2.3190811,3,,,POINT (2.3190811 48.847737),37,48,3748
25255890,48.8478724,2.3194152,3,,,POINT (2.3194152 48.8478724),37,49,3749
25255891,48.8480204,2.3197385,3,,,POINT (2.3197385 48.8480204),37,49,3749
25255892,48.8484202,2.3205421,3,traffic_signals,,POINT (2.3205421 48.8484202),37,49,3749
25255893,48.8498252,2.3232862,3,,,POINT (2.3232862 48.8498252),39,51,3951
25255896,48.8458743,2.3197295,3,,,POINT (2.3197295 48.8458743),34,49,3449
25255897,48.846881,2.3214715,3,,,POINT (2.3214715 48.846881),36,50,3650
25255898,48.8475665,2.3227914,3,,,POINT (2.3227914 48.8475665),36,50,3650
25255899,48.8480856,2.3237764,3,,,POINT (2.3237764 48.8480856),37,51,3751
25255900,48.8485392,2.3246036,4,,,POINT (2.3246036 48.8485392),37,51,3751
25255909,48.8479377,2.3159813,3,,,POINT (2.3159813 48.8479377),37,47,3747
25255912,48.8494407,2.3151445,4,traffic_signals,,POINT (2.3151445 48.8494407),39,46,3946
25256044,48.8494698,2.3190016,3,,,POINT (2.3190016 48.8494698),39,48,3948
25256045,48.8503704,2.318547,3,,,POINT (2.318547 48.8503704),40,48,4048
25256046,48.8501667,2.317728,3,,,POINT (2.317728 48.8501667),39,48,3948
25256047,48.849889,2.3166622,3,,,POINT (2.3166622 48.849889),39,47,3947
25256051,48.8517926,2.316085,3,,,POINT (2.316085 48.8517926),41,47,4147
25256058,48.8496994,2.3199564,3,,,POINT (2.3199564 48.8496994),39,49,3949
25256059,48.8517574,2.3138661,4,traffic_signals,,POINT (2.3138661 48.8517574),41,46,4146
25256077,48.8461079,2.3236444,3,traffic_signals,,POINT (2.3236444 48.8461079),35,51,3551
25256078,48.8462416,2.3241267,3,traffic_signals,,POINT (2.3241267 48.8462416),35,51,3551
25256083,48.846822,2.3261228,3,,,POINT (2.3261228 48.846822),35,52,3552
25256086,48.8477675,2.3240801,3,,,POINT (2.3240801 48.8477675),37,51,3751
25256087,48.8481148,2.3249793,3,,,POINT (2.3249793 48.8481148),37,51,3751
25256089,48.8478333,2.3252295,3,,,POINT (2.3252295 48.8478333),37,52,3752
25256197,48.8482847,2.3174407,1,,,POINT (2.3174407 48.8482847),37,48,3748
25256231,48.8476978,2.3133509,4,,,POINT (2.3133509 48.8476978),36,45,3645
25256232,48.8479679,2.3144753,4,,,POINT (2.3144753 48.8479679),37,46,3746
25256235,48.8491836,2.3140369,3,,,POINT (2.3140369 48.8491836),38,46,3846
25256261,48.8445656,2.3245446,3,traffic_signals,,POINT (2.3245446 48.8445656),33,51,3351
25256262,48.8456679,2.3256213,3,traffic_signals,,POINT (2.3256213 48.8456679),34,52,3452
25256276,48.8469742,2.3266453,3,traffic_signals,,POINT (2.3266453 48.8469742),36,52,3652
25256297,48.8464485,2.3273129,3,,,POINT (2.3273129 48.8464485),35,53,3553
25256318,48.8451968,2.3285445,4,traffic_signals,,POINT (2.3285445 48.8451968),34,53,3453
25256319,48.8442905,2.3288079,4,traffic_signals,,POINT (2.3288079 48.8442905),33,53,3353
25256363,48.8453287,2.3283129,4,,,POINT (2.3283129 48.8453287),34,53,3453
25256377,48.8439732,2.3271611,3,,,POINT (2.3271611 48.8439732),32,53,3253
25256381,48.8435717,2.3279735,3,,,POINT (2.3279735 48.8435717),32,53,3253
25272888,48.8679559,2.3317267,3,,,POINT (2.3317267 48.8679559),60,55,6055
25272889,48.8678259,2.3322972,4,,,POINT (2.3322972 48.8678259),60,55,6055
25272890,48.8674817,2.3320794,3,,,POINT (2.3320794 48.8674817),59,55,5955
25272901,48.8658216,2.3301649,3,,,POINT (2.3301649 48.8658216),58,54,5854
25272903,48.8666152,2.3285827,4,traffic_signals,,POINT (2.3285827 48.8666152),58,53,5853
25272915,48.8683166,2.3302706,4,traffic_signals,,POINT (2.3302706 48.8683166),60,54,6054
25272917,48.8689035,2.3294185,3,,,POINT (2.3294185 48.8689035),61,54,6154
25272921,48.8699902,2.3305214,3,,,POINT (2.3305214 48.8699902),62,54,6254
25272923,48.8695718,2.3315181,4,traffic_signals,,POINT (2.3315181 48.8695718),62,55,6255
25272928,48.8690422,2.3327334,4,,,POINT (2.3327334 48.8690422),61,56,6156
25272935,48.8672912,2.3345943,4,traffic_signals,,POINT (2.3345943 48.8672912),59,57,5957
25272936,48.8671374,2.3352462,3,,,POINT (2.3352462 48.8671374),59,57,5957
25272937,48.8664054,2.3348518,3,,,POINT (2.3348518 48.8664054),58,57,5857
25272938,48.8662468,2.3355001,4,,,POINT (2.3355001 48.8662468),58,57,5857
25272939,48.8669887,2.3358764,3,,,POINT (2.3358764 48.8669887),59,57,5957
25272940,48.866585,2.3356716,3,,,POINT (2.3356716 48.866585),58,57,5857
25272942,48.8680173,2.3363406,3,,,POINT (2.3363406 48.8680173),60,57,6057
25272943,48.8684325,2.3365204,3,,,POINT (2.3365204 48.8684325),61,58,6158
25272944,48.8688872,2.3366967,3,,,POINT (2.3366967 48.8688872),61,58,6158
25272946,48.8688829,2.3354907,3,,,POINT (2.3354907 48.8688829),61,57,6157
25272947,48.8688862,2.3343886,4,,,POINT (2.3343886 48.8688862),61,56,6156
25272948,48.8688922,2.3341961,4,,,POINT (2.3341961 48.8688922),61,56,6156
25272949,48.8687816,2.3343076,3,,,POINT (2.3343076 48.8687816),61,56,6156
25272953,48.8694737,2.3340502,3,,,POINT (2.3340502 48.8694737),62,56,6256
25272977,48.8675893,2.3347642,2,,,POINT (2.3347642 48.8675893),60,57,6057
25272980,48.8681779,2.3350989,2,,,POINT (2.3350989 48.8681779),60,57,6057
25272983,48.868258,2.3372952,1,,,POINT (2.3372952 48.868258),60,58,6058
25272985,48.8678496,2.3371008,3,,,POINT (2.3371008 48.8678496),60,58,6058
25273063,48.8672117,2.3334841,4,traffic_signals,,POINT (2.3334841 48.8672117),59,56,5956
25273088,48.867079,2.3290327,2,,,POINT (2.3290327 48.867079),59,54,5954
25273118,48.8659313,2.3278927,4,,,POINT (2.3278927 48.8659313),58,53,5853
25273121,48.8653128,2.3297909,3,,,POINT (2.3297909 48.8653128),57,54,5754
25273123,48.8663851,2.3265062,3,,,POINT (2.3265062 48.8663851),58,52,5852
25273148,48.8649204,2.331959,3,,,POINT (2.331959 48.8649204),57,55,5755
25273190,48.8640209,2.3351541,4,,,POINT (2.3351541 48.8640209),55,57,5557
25273191,48.8640384,2.3343901,3,,,POINT (2.3343901 48.8640384),55,56,5556
25273196,48.8657588,2.3335858,4,traffic_signals,,POINT (2.3335858 48.8657588),57,56,5756
25273197,48.8645633,2.3326949,4,traffic_signals,,POINT (2.3326949 48.8645633),56,56,5656
25273205,48.8677459,2.3335525,3,,,POINT (2.3335525 48.8677459),60,56,6056
25273207,48.8687956,2.3331032,3,,,POINT (2.3331032 48.8687956),61,56,6156
25273208,48.8692609,2.3329031,3,traffic_signals,,POINT (2.3329031 48.8692609),62,56,6256
25273209,48.8649481,2.3347446,3,,,POINT (2.3347446 48.8649481),57,57,5757
25273216,48.8696689,2.3264385,3,traffic_signals,,POINT (2.3264385 48.8696689),62,52,6252
25273362,48.865612,2.3366282,3,,,POINT (2.3366282 48.865612),57,58,5758
25273380,48.8636313,2.3346306,3,,,POINT (2.3346306 48.8636313),55,57,5557
25273423,48.8637913,2.3362593,2,,,POINT (2.3362593 48.8637913),55,57,5557
25273482,48.8683824,2.3232684,4,traffic_signals,,POINT (2.3232684 48.8683824),61,51,6151
25273483,48.8679458,2.3245898,4,traffic_signals,,POINT (2.3245898 48.8679458),60,51,6051
25273486,48.8689648,2.3253375,3,,,POINT (2.3253375 48.8689648),61,52,6152
25273487,48.8675462,2.325835,3,traffic_signals,,POINT (2.325835 48.8675462),60,52,6052
25273491,48.8666863,2.325571,4,,,POINT (2.325571 48.8666863),59,52,5952
25273493,48.8674398,2.3261888,4,traffic_signals,,POINT (2.3261888 48.8674398),59,52,5952
25273781,48.8701211,2.3337328,4,traffic_signals,,POINT (2.3337328 48.8701211),63,56,6356
25273782,48.8700852,2.3339214,3,traffic_signals,,POINT (2.3339214 48.8700852),63,56,6356
25273784,48.870056,2.3340939,3,,,POINT (2.3340939 48.870056),62,56,6256
25273786,48.8709675,2.3341527,4,traffic_signals,,POINT (2.3341527 48.8709675),64,56,6456
25273787,48.8710501,2.3346226,3,traffic_signals,,POINT (2.3346226 48.8710501),64,57,6457
25273838,48.8706958,2.3342838,3,,,POINT (2.3342838 48.8706958),63,56,6356
25273842,48.8701823,2.3348133,3,,,POINT (2.3348133 48.8701823),63,57,6357
25273843,48.8701865,2.3359584,3,,,POINT (2.3359584 48.8701865),63,57,6357
25273866,48.8696959,2.3359606,3,traffic_signals,,POINT (2.3359606 48.8696959),62,57,6257
25273867,48.8703931,2.3368887,3,,,POINT (2.3368887 48.8703931),63,58,6358
25273868,48.870336,2.3372448,3,,,POINT (2.3372448 48.870336),63,58,6358
25273876,48.8714762,2.3371106,3,,,POINT (2.3371106 48.8714762),64,58,6458
25273877,48.8715842,2.3377487,3,,,POINT (2.3377487 48.8715842),64,58,6458
25273878,48.8716437,2.3380716,3,traffic_signals,,POINT (2.3380716 48.8716437),64,58,6458
25273880,48.8696451,2.3389261,3,,,POINT (2.3389261 48.8696451),62,59,6259
25273883,48.8682049,2.3381849,3,traffic_signals,,POINT (2.3381849 48.8682049),60,58,6058
25273884,48.8690318,2.3394522,3,,,POINT (2.3394522 48.8690318),61,59,6159
25273885,48.8686677,2.3413408,3,,,POINT (2.3413408 48.8686677),61,60,6160
25273887,48.8714373,2.3368838,3,,,POINT (2.3368838 48.8714373),64,58,6458
25273900,48.8693956,2.3251709,4,traffic_signals,,POINT (2.3251709 48.8693956),62,52,6252
25275078,48.869797,2.3394852,1,,,POINT (2.3394852 48.869797),62,59,6259
25275079,48.869531,2.3394799,4,,,POINT (2.3394799 48.869531),62,59,6259
25275080,48.8693514,2.3403359,3,,,POINT (2.3403359 48.8693514),62,60,6260
25287818,48.8479409,2.3075831,3,,,POINT (2.3075831 48.8479409),37,42,3742
25287819,48.847436,2.3082081,4,,,POINT (2.3082081 48.847436),36,43,3643
25287820,48.8475781,2.3088191,3,,,POINT (2.3088191 48.8475781),36,43,3643
25287889,48.8592447,2.318005,3,,,POINT (2.318005 48.8592447),50,48,5048
25287890,48.8588669,2.3191859,3,,,POINT (2.3191859 48.8588669),49,48,4948
25288166,48.8272,2.3927875,3,,,POINT (2.3927875 48.8272),13,87,1387
25288178,48.8270716,2.3919517,3,,,POINT (2.3919517 48.8270716),13,87,1387
25288182,48.8268826,2.3897362,3,,,POINT (2.3897362 48.8268826),12,86,1286
25288713,48.8277975,2.3936979,3,motorway_junction,,POINT (2.3936979 48.8277975),13,88,1388
25288788,48.8489341,2.253172,3,,,POINT (2.253172 48.8489341),38,14,3814
25288794,48.8479515,2.2564901,3,,,POINT (2.2564901 48.8479515),37,15,3715
25289976,48.8457219,2.3934232,3,,,POINT (2.3934232 48.8457219),34,88,3488
25290116,48.843703,2.3881764,3,,,POINT (2.3881764 48.843703),32,85,3285
25290181,48.8471479,2.3850162,3,,,POINT (2.3850162 48.8471479),36,83,3683
25290184,48.8450019,2.3834091,3,,,POINT (2.3834091 48.8450019),33,82,3382
25290185,48.8453347,2.3810129,3,,,POINT (2.3810129 48.8453347),34,81,3481
25290186,48.8459254,2.3823939,3,,,POINT (2.3823939 48.8459254),34,82,3482
25290202,48.8455759,2.3804082,3,,,POINT (2.3804082 48.8455759),34,81,3481
25290203,48.8462905,2.3821004,3,,,POINT (2.3821004 48.8462905),35,82,3582
25290281,48.8402809,2.3927537,3,,,POINT (2.3927537 48.8402809),28,87,2887
25290282,48.8419567,2.3894356,3,,,POINT (2.3894356 48.8419567),30,85,3085
25290283,48.8418033,2.3893599,3,,,POINT (2.3893599 48.8418033),30,85,3085
25290521,48.8406059,2.3993395,3,,,POINT (2.3993395 48.8406059),28,91,2891
25290522,48.8395826,2.3975374,3,traffic_signals,,POINT (2.3975374 48.8395826),27,90,2790
25554239,48.862909,2.3365244,3,,,POINT (2.3365244 48.862909),54,58,5458
25554240,48.8627177,2.3373121,3,,,POINT (2.3373121 48.8627177),54,58,5458
25554243,48.8601003,2.3333956,3,,,POINT (2.3333956 48.8601003),51,56,5156
25554265,48.8626713,2.3374763,3,,,POINT (2.3374763 48.8626713),54,58,5458
25554267,48.8622224,2.3391673,3,,,POINT (2.3391673 48.8622224),53,59,5359
25554268,48.86207,2.3396722,3,,,POINT (2.3396722 48.86207),53,59,5359
25554269,48.8618506,2.3405121,3,,,POINT (2.3405121 48.8618506),53,60,5360
25554270,48.8612442,2.3398124,1,,,POINT (2.3398124 48.8612442),52,59,5259
25554300,48.8603845,2.3405664,3,,,POINT (2.3405664 48.8603845),51,60,5160
25554420,48.8611353,2.3409256,3,,,POINT (2.3409256 48.8611353),52,60,5260
25554421,48.86079,2.3411956,1,,,POINT (2.3411956 48.86079),52,60,5260
25554424,48.8604054,2.3423329,1,,,POINT (2.3423329 48.8604054),51,61,5161
25554425,48.8595024,2.3401151,3,,,POINT (2.3401151 48.8595024),50,59,5059
25554444,48.8607054,2.34577,1,,,POINT (2.34577 48.8607054),52,62,5262
25554524,48.8587317,2.3483496,3,,,POINT (2.3483496 48.8587317),49,64,4964
25554694,48.8571857,2.3472935,4,,,POINT (2.3472935 48.8571857),48,63,4863
25554696,48.8572365,2.3495508,3,,,POINT (2.3495508 48.8572365),48,64,4864
25554701,48.8578749,2.3501908,2,,,POINT (2.3501908 48.8578749),48,65,4865
25554703,48.8583498,2.3519196,3,traffic_signals,,POINT (2.3519196 48.8583498),49,66,4966
25554705,48.8572829,2.3523538,3,traffic_signals,,POINT (2.3523538 48.8572829),48,66,4866
25554711,48.8558191,2.3508126,3,,,POINT (2.3508126 48.8558191),46,65,4665
25554712,48.8559154,2.3511341,3,,,POINT (2.3511341 48.8559154),46,65,4665
25554716,48.8573072,2.3499691,3,,,POINT (2.3499691 48.8573072),48,65,4865
25573496,48.8897924,2.3429434,4,traffic_signals,,POINT (2.3429434 48.8897924),85,61,8561
25573546,48.8889015,2.3415321,1,,,POINT (2.3415321 48.8889015),84,60,8460
25573614,48.8895139,2.3406576,3,,,POINT (2.3406576 48.8895139),85,60,8560
25573616,48.8890296,2.34069,1,,,POINT (2.34069 48.8890296),85,60,8560
25573648,48.8871502,2.3414014,1,,,POINT (2.3414014 48.8871502),82,60,8260
25574314,48.8268677,2.3321003,4,,,POINT (2.3321003 48.8268677),12,55,1255
25574315,48.8269426,2.3319333,3,,,POINT (2.3319333 48.8269426),12,55,1255
25574317,48.8252176,2.329411,3,,,POINT (2.329411 48.8252176),10,54,1054
25580313,48.8574083,2.3181129,3,,,POINT (2.3181129 48.8574083),48,48,4848
25580316,48.8572041,2.3187698,3,,,POINT (2.3187698 48.8572041),48,48,4848
25580424,48.8588814,2.3147048,3,,,POINT (2.3147048 48.8588814),49,46,4946
25580452,48.856168,2.3150233,3,traffic_signals,,POINT (2.3150233 48.856168),46,46,4646
25580477,48.8584417,2.3124305,3,,,POINT (2.3124305 48.8584417),49,45,4945
25580479,48.8584005,2.3112173,3,,,POINT (2.3112173 48.8584005),49,44,4944
25581027,48.8639118,2.3381497,3,,,POINT (2.3381497 48.8639118),55,58,5558
25581031,48.8661328,2.3385567,3,,,POINT (2.3385567 48.8661328),58,59,5859
25581035,48.8631683,2.3384786,1,,,POINT (2.3384786 48.8631683),54,59,5459
25581037,48.8629949,2.3394984,3,,,POINT (2.3394984 48.8629949),54,59,5459
25581039,48.8633924,2.3404127,3,,,POINT (2.3404127 48.8633924),55,60,5560
25581141,48.8663366,2.338668,4,,,POINT (2.338668 48.8663366),58,59,5859
25581142,48.8661063,2.3396537,3,,,POINT (2.3396537 48.8661063),58,59,5859
25581143,48.8660572,2.3398624,3,,,POINT (2.3398624 48.8660572),58,59,5859
25581148,48.865823,2.3408664,3,,,POINT (2.3408664 48.865823),58,60,5860
25581149,48.8656787,2.3414879,3,,,POINT (2.3414879 48.8656787),57,60,5760
25581186,48.8650319,2.3406433,2,,,POINT (2.3406433 48.8650319),57,60,5760
25581538,48.8642703,2.3508735,3,,,POINT (2.3508735 48.8642703),56,65,5665
25581570,48.866903,2.3494727,3,traffic_signals,,POINT (2.3494727 48.866903),59,64,5964
25581601,48.8652156,2.3514138,3,,,POINT (2.3514138 48.8652156),57,65,5765
25623911,48.8694128,2.2935482,3,,,POINT (2.2935482 48.8694128),62,35,6235
25623915,48.868594,2.2929243,4,,,POINT (2.2929243 48.868594),61,35,6135
25623918,48.8687015,2.2925456,3,,,POINT (2.2925456 48.8687015),61,34,6134
25623920,48.868461,2.2934028,4,,,POINT (2.2934028 48.868461),61,35,6135
25623928,48.8678537,2.2918909,4,traffic_signals,,POINT (2.2918909 48.8678537),60,34,6034
25623937,48.8656711,2.2926731,5,,,POINT (2.2926731 48.8656711),57,34,5734
25623938,48.8665219,2.2907373,3,,,POINT (2.2907373 48.8665219),58,33,5833
25623939,48.8663501,2.2911282,3,,,POINT (2.2911282 48.8663501),58,34,5834
25623942,48.8649809,2.2903129,3,,,POINT (2.2903129 48.8649809),57,33,5733
25623945,48.8659203,2.2903469,1,,,POINT (2.2903469 48.8659203),58,33,5833
25623949,48.8649203,2.2915892,4,,,POINT (2.2915892 48.8649203),57,34,5734
25623951,48.8674504,2.2952389,4,traffic_signals,,POINT (2.2952389 48.8674504),59,36,5936
25623994,48.8689952,2.2915527,4,traffic_signals,,POINT (2.2915527 48.8689952),61,34,6134
25623995,48.8689189,2.2914977,4,traffic_signals,,POINT (2.2914977 48.8689189),61,34,6134
25623996,48.8678188,2.2907004,3,,,POINT (2.2907004 48.8678188),60,33,6033
25623998,48.8663815,2.2896651,3,,,POINT (2.2896651 48.8663815),58,33,5833
25623999,48.8661243,2.2894862,3,,,POINT (2.2894862 48.8661243),58,33,5833
25624001,48.8708164,2.2880361,3,,,POINT (2.2880361 48.8708164),63,32,6332
25624005,48.8685472,2.2989083,4,,,POINT (2.2989083 48.8685472),61,38,6138
25624008,48.8674536,2.2992472,4,traffic_signals,,POINT (2.2992472 48.8674536),59,38,5938
25624010,48.8660538,2.2996651,3,,,POINT (2.2996651 48.8660538),58,38,5838
25624011,48.8657185,2.2997777,3,,,POINT (2.2997777 48.8657185),57,38,5738
25624012,48.8701855,2.2966095,3,,,POINT (2.2966095 48.8701855),63,37,6337
25624013,48.8690705,2.2974077,4,,,POINT (2.2974077 48.8690705),61,37,6137
25624014,48.8694114,2.2978607,3,,,POINT (2.2978607 48.8694114),62,37,6237
25624030,48.8683266,2.298662,3,,,POINT (2.298662 48.8683266),60,38,6038
25624042,48.8680056,2.2960089,3,,,POINT (2.2960089 48.8680056),60,36,6036
25624046,48.8678531,2.2954851,3,,,POINT (2.2954851 48.8678531),60,36,6036
25624047,48.8679213,2.2957138,4,,,POINT (2.2957138 48.8679213),60,36,6036
25624049,48.8672635,2.2954036,3,,,POINT (2.2954036 48.8672635),59,36,5936
25624053,48.8674489,2.2976153,4,,,POINT (2.2976153 48.8674489),59,37,5937
25624054,48.8669726,2.2983049,4,traffic_signals,,POINT (2.2983049 48.8669726),59,37,5937
25624132,48.866242,2.2935098,3,,,POINT (2.2935098 48.866242),58,35,5835
25624150,48.8649948,2.2886674,6,traffic_signals,,POINT (2.2886674 48.8649948),57,32,5732
25624151,48.8640221,2.2902899,3,,,POINT (2.2902899 48.8640221),55,33,5533
25624231,48.8637789,2.2906444,4,traffic_signals,,POINT (2.2906444 48.8637789),55,33,5533
25624232,48.8639192,2.2904806,5,traffic_signals,,POINT (2.2904806 48.8639192),55,33,5533
25624233,48.8647405,2.2935851,3,,,POINT (2.2935851 48.8647405),56,35,5635
25624234,48.8645566,2.2936032,4,,,POINT (2.2936032 48.8645566),56,35,5635
25624237,48.8631977,2.2915223,3,,,POINT (2.2915223 48.8631977),55,34,5534
25624239,48.8628804,2.2920701,3,,,POINT (2.2920701 48.8628804),54,34,5434
25624242,48.8624754,2.2918806,3,,,POINT (2.2918806 48.8624754),54,34,5434
25624244,48.8625324,2.2925525,3,,,POINT (2.2925525 48.8625324),54,34,5434
25624248,48.8629589,2.2878763,3,,,POINT (2.2878763 48.8629589),54,32,5432
25624252,48.8648147,2.293609,3,,,POINT (2.293609 48.8648147),56,35,5635
25624258,48.8649246,2.2940525,3,,,POINT (2.2940525 48.8649246),57,35,5735
25624259,48.8648536,2.2941467,3,,,POINT (2.2941467 48.8648536),56,35,5635
25624260,48.8646855,2.294112,3,,,POINT (2.294112 48.8646855),56,35,5635
25624510,48.859948,2.290717,3,traffic_signals,,POINT (2.290717 48.859948),51,33,5133
25624511,48.8600622,2.2904844,3,,,POINT (2.2904844 48.8600622),51,33,5133
25624512,48.860757,2.2917219,3,,,POINT (2.2917219 48.860757),52,34,5234
25624514,48.8602193,2.2905434,4,traffic_signals,,POINT (2.2905434 48.8602193),51,33,5133
25624516,48.8608377,2.2913295,4,,,POINT (2.2913295 48.8608377),52,34,5234
25625024,48.8636223,2.2945953,3,,,POINT (2.2945953 48.8636223),55,35,5535
25625054,48.8657014,2.2957985,3,,,POINT (2.2957985 48.8657014),57,36,5736
25625056,48.8659106,2.2962057,3,,,POINT (2.2962057 48.8659106),58,36,5836
25625239,48.8661005,2.2965826,3,,,POINT (2.2965826 48.8661005),58,37,5837
25625242,48.8663313,2.2970357,4,traffic_signals,,POINT (2.2970357 48.8663313),58,37,5837
25625246,48.8657599,2.2975244,3,,,POINT (2.2975244 48.8657599),57,37,5737
25625250,48.8659024,2.2977086,4,,,POINT (2.2977086 48.8659024),58,37,5837
25625252,48.8657932,2.297879,3,,,POINT (2.297879 48.8657932),58,37,5837
25625261,48.8665338,2.2966625,4,traffic_signals,,POINT (2.2966625 48.8665338),58,37,5837
25625284,48.8649569,2.2958957,3,,,POINT (2.2958957 48.8649569),57,36,5736
25625286,48.8650428,2.2976008,3,,,POINT (2.2976008 48.8650428),57,37,5737
25625329,48.8649498,2.2990615,4,,,POINT (2.2990615 48.8649498),57,38,5738
25625331,48.8651087,2.2989085,4,,,POINT (2.2989085 48.8651087),57,38,5738
25625339,48.8663854,2.2991568,3,,,POINT (2.2991568 48.8663854),58,38,5838
25625557,48.8647128,2.3013385,4,,,POINT (2.3013385 48.8647128),56,39,5639
25625561,48.864406,2.3017621,4,,,POINT (2.3017621 48.864406),56,39,5639
25625563,48.8642659,2.3022202,4,,,POINT (2.3022202 48.8642659),56,39,5639
25625567,48.8640919,2.3009585,3,,,POINT (2.3009585 48.8640919),56,39,5639
25625572,48.8642874,2.3008097,3,,,POINT (2.3008097 48.8642874),56,39,5639
25625636,48.8647247,2.3017311,4,,,POINT (2.3017311 48.8647247),56,39,5639
25625641,48.8647608,2.3032775,3,,,POINT (2.3032775 48.8647608),56,40,5640
25625643,48.8650103,2.3032488,3,,,POINT (2.3032488 48.8650103),57,40,5740
25625645,48.865284,2.3029614,3,,,POINT (2.3029614 48.865284),57,40,5740
25625648,48.8663919,2.3051153,3,,,POINT (2.3051153 48.8663919),58,41,5841
25625650,48.8670159,2.3063219,4,traffic_signals,,POINT (2.3063219 48.8670159),59,42,5942
25625651,48.8672312,2.3059804,3,,,POINT (2.3059804 48.8672312),59,41,5941
25625653,48.8680204,2.3047143,3,,,POINT (2.3047143 48.8680204),60,41,6041
25625654,48.8674093,2.3036283,4,,,POINT (2.3036283 48.8674093),59,40,5940
25625655,48.8671015,2.3040782,3,,,POINT (2.3040782 48.8671015),59,40,5940
25625656,48.866518,2.3030445,3,,,POINT (2.3030445 48.866518),58,40,5840
25625657,48.8668297,2.3025983,4,,,POINT (2.3025983 48.8668297),59,40,5940
25625658,48.867126,2.3031192,3,,,POINT (2.3031192 48.867126),59,40,5940
25625659,48.8675825,2.3023527,3,,,POINT (2.3023527 48.8675825),60,40,6040
25625660,48.8679651,2.3028131,4,,,POINT (2.3028131 48.8679651),60,40,6040
25625661,48.8672279,2.3019297,4,,,POINT (2.3019297 48.8672279),59,39,5939
25625668,48.8667327,2.3013009,3,,,POINT (2.3013009 48.8667327),59,39,5939
25625675,48.8675267,2.3012277,3,,,POINT (2.3012277 48.8675267),60,39,6039
25625680,48.8661296,2.3013565,3,,,POINT (2.3013565 48.8661296),58,39,5839
25625686,48.8650835,2.3014534,3,,,POINT (2.3014534 48.8650835),57,39,5739
25625757,48.8649928,2.2998663,4,,,POINT (2.2998663 48.8649928),57,38,5738
25625836,48.8646048,2.3033447,3,,,POINT (2.3033447 48.8646048),56,40,5640
25625838,48.8647723,2.3041867,3,,,POINT (2.3041867 48.8647723),56,41,5641
25625847,48.8644887,2.3049293,3,,,POINT (2.3049293 48.8644887),56,41,5641
25625869,48.8647049,2.306241,3,,,POINT (2.306241 48.8647049),56,42,5642
25625871,48.8648196,2.3055942,3,,,POINT (2.3055942 48.8648196),56,41,5641
25625921,48.8684196,2.3011386,4,traffic_signals,,POINT (2.3011386 48.8684196),61,39,6139
25625924,48.8687147,2.3017278,3,,,POINT (2.3017278 48.8687147),61,39,6139
25625925,48.8683832,2.3022228,3,,,POINT (2.3022228 48.8683832),61,39,6139
25625927,48.869021,2.303111,3,,,POINT (2.303111 48.869021),61,40,6140
25625929,48.8692431,2.3027694,4,traffic_signals,,POINT (2.3027694 48.8692431),62,40,6240
25625930,48.8686556,2.3037039,4,traffic_signals,,POINT (2.3037039 48.8686556),61,40,6140
25625939,48.8696008,2.302209,3,,,POINT (2.302209 48.8696008),62,39,6239
25625948,48.8695309,2.3003906,3,,,POINT (2.3003906 48.8695309),62,39,6239
25625949,48.8699281,2.3001596,4,,,POINT (2.3001596 48.8699281),62,38,6238
25625950,48.8709703,2.2995313,4,,,POINT (2.2995313 48.8709703),64,38,6438
25625951,48.8713971,2.2999797,4,,,POINT (2.2999797 48.8713971),64,38,6438
25625953,48.8709858,2.3009132,4,,,POINT (2.3009132 48.8709858),64,39,6439
25625955,48.8705671,2.3018793,3,,,POINT (2.3018793 48.8705671),63,39,6339
25625956,48.8699066,2.3010036,3,,,POINT (2.3010036 48.8699066),62,39,6239
25625959,48.8700562,2.3009879,4,,,POINT (2.3009879 48.8700562),62,39,6239
25625960,48.8700884,2.3014258,3,,,POINT (2.3014258 48.8700884),63,39,6339
25626269,48.8701182,2.3065534,4,,,POINT (2.3065534 48.8701182),63,42,6342
25626299,48.8717931,2.2987068,4,traffic_signals,,POINT (2.2987068 48.8717931),65,38,6538
25626383,48.8690519,2.3098951,3,,,POINT (2.3098951 48.8690519),61,44,6144
25626403,48.8677363,2.3077087,3,,,POINT (2.3077087 48.8677363),60,42,6042
25626414,48.8688815,2.3099188,3,,,POINT (2.3099188 48.8688815),61,44,6144
25666980,48.8662968,2.3076356,3,,,POINT (2.3076356 48.8662968),58,42,5842
25666981,48.8663553,2.3078104,3,,,POINT (2.3078104 48.8663553),58,42,5842
25666982,48.8662541,2.3080382,3,,,POINT (2.3080382 48.8662541),58,43,5843
25666983,48.8661034,2.3079975,3,,,POINT (2.3079975 48.8661034),58,43,5843
25666984,48.8660489,2.3078316,3,,,POINT (2.3078316 48.8660489),58,42,5842
25666985,48.8661445,2.3076027,3,,,POINT (2.3076027 48.8661445),58,42,5842
25667061,48.8648647,2.3079262,3,,,POINT (2.3079262 48.8648647),56,42,5642
25667115,48.8668281,2.3102176,3,traffic_signals,,POINT (2.3102176 48.8668281),59,44,5944
25667131,48.8682863,2.3101396,3,,,POINT (2.3101396 48.8682863),60,44,6044
25667136,48.8688157,2.310125,3,,,POINT (2.310125 48.8688157),61,44,6144
25667837,48.864911,2.3103202,5,,,POINT (2.3103202 48.864911),57,44,5744
25667904,48.8649955,2.3137066,4,,,POINT (2.3137066 48.8649955),57,46,5746
25667968,48.8671384,2.3139457,3,,,POINT (2.3139457 48.8671384),59,46,5946
25668541,48.8677584,2.3139659,4,traffic_signals,,POINT (2.3139659 48.8677584),60,46,6046
25668870,48.8649583,2.3183749,3,,,POINT (2.3183749 48.8649583),57,48,5748
25668922,48.8647433,2.3183429,3,,,POINT (2.3183429 48.8647433),56,48,5648
25669314,48.8643408,2.3204655,3,,,POINT (2.3204655 48.8643408),56,49,5649
25669370,48.8646574,2.3193771,3,,,POINT (2.3193771 48.8646574),56,49,5649
25669377,48.8649646,2.319334,3,,,POINT (2.319334 48.8649646),57,49,5749
25669386,48.8645157,2.31911,3,,,POINT (2.31911 48.8645157),56,48,5648
25669388,48.8641512,2.3202645,3,,,POINT (2.3202645 48.8641512),56,49,5649
25671162,48.8549364,2.3535287,3,,,POINT (2.3535287 48.8549364),45,67,4567
25671388,48.8510567,2.3622851,4,traffic_signals,,POINT (2.3622851 48.8510567),40,71,4071
25671389,48.8513429,2.3622643,3,traffic_signals,,POINT (2.3622643 48.8513429),41,71,4171
25671390,48.8515158,2.3637199,3,traffic_signals,,POINT (2.3637199 48.8515158),41,72,4172
25671506,48.8489033,2.3625131,3,,,POINT (2.3625131 48.8489033),38,71,3871
25675623,48.8447117,2.3677713,3,,,POINT (2.3677713 48.8447117),33,74,3374
25675624,48.8441152,2.3688999,3,,,POINT (2.3688999 48.8441152),32,75,3275
25934279,48.8689063,2.310341,3,,,POINT (2.310341 48.8689063),61,44,6144
25934280,48.8690758,2.3103195,3,,,POINT (2.3103195 48.8690758),61,44,6144
25934313,48.8696731,2.3101026,4,,,POINT (2.3101026 48.8696731),62,44,6244
25934315,48.8696029,2.3105834,3,,,POINT (2.3105834 48.8696029),62,44,6244
25934316,48.8694128,2.3109443,3,,,POINT (2.3109443 48.8694128),62,44,6244
26039467,48.8677479,2.3498398,3,,,POINT (2.3498398 48.8677479),60,65,6065
26039468,48.8671448,2.3524828,3,,,POINT (2.3524828 48.8671448),59,66,5966
26039469,48.8678391,2.3517291,1,,,POINT (2.3517291 48.8678391),60,66,6066
26039472,48.8684499,2.3476779,2,,,POINT (2.3476779 48.8684499),61,63,6163
26039474,48.8689439,2.3494563,3,,,POINT (2.3494563 48.8689439),61,64,6164
26039522,48.8709596,2.3532949,4,,,POINT (2.3532949 48.8709596),64,66,6466
26039525,48.8695349,2.3513205,3,,,POINT (2.3513205 48.8695349),62,65,6265
26039856,48.870231,2.3426988,3,,,POINT (2.3426988 48.870231),63,61,6361
26235702,48.8687911,2.3218477,3,,,POINT (2.3218477 48.8687911),61,50,6150
26400916,48.8606548,2.3551551,4,traffic_signals,,POINT (2.3551551 48.8606548),52,67,5267
26400917,48.8603834,2.354855,3,,,POINT (2.354855 48.8603834),51,67,5167
26400923,48.8607437,2.3538073,2,,,POINT (2.3538073 48.8607437),52,67,5267
26400941,48.8586836,2.3587623,4,traffic_signals,,POINT (2.3587623 48.8586836),49,69,4969
26400956,48.8576782,2.3607458,3,,,POINT (2.3607458 48.8576782),48,70,4870
26400957,48.8572504,2.3617613,3,,,POINT (2.3617613 48.8572504),48,71,4871
26401002,48.8569105,2.3557775,1,,,POINT (2.3557775 48.8569105),47,68,4768
26401021,48.8600747,2.3568796,4,traffic_signals,,POINT (2.3568796 48.8600747),51,68,5168
26401067,48.859939,2.3607352,4,traffic_signals,,POINT (2.3607352 48.859939),51,70,5170
26401072,48.8597879,2.3628241,1,,,POINT (2.3628241 48.8597879),51,71,5171
26401078,48.8589107,2.3622527,3,,,POINT (2.3622527 48.8589107),50,71,5071
26401081,48.8587067,2.3628278,3,,,POINT (2.3628278 48.8587067),49,71,4971
26401083,48.8583304,2.3638327,3,,,POINT (2.3638327 48.8583304),49,72,4972
26401084,48.8581533,2.364481,3,traffic_signals,,POINT (2.364481 48.8581533),49,72,4972
26401086,48.8568962,2.3628361,4,traffic_signals,,POINT (2.3628361 48.8568962),47,71,4771
26401089,48.8564644,2.3642877,4,traffic_signals,,POINT (2.3642877 48.8564644),47,72,4772
26401095,48.8559067,2.3622831,3,,,POINT (2.3622831 48.8559067),46,71,4671
26401098,48.8574587,2.3644463,3,,,POINT (2.3644463 48.8574587),48,72,4872
26401107,48.8599648,2.3645504,3,,,POINT (2.3645504 48.8599648),51,72,5172
26401110,48.8603387,2.364562,3,,,POINT (2.364562 48.8603387),51,72,5172
26401114,48.8604249,2.3640823,3,,,POINT (2.3640823 48.8604249),51,72,5172
26401412,48.8599372,2.3544088,2,,,POINT (2.3544088 48.8599372),51,67,5167
26401414,48.859518,2.3540808,3,,,POINT (2.3540808 48.859518),50,67,5067
26401417,48.8584984,2.355264,3,traffic_signals,,POINT (2.355264 48.8584984),49,67,4967
26401478,48.8608745,2.3532954,3,,,POINT (2.3532954 48.8608745),52,66,5266
26401482,48.8602865,2.3529766,3,crossing,,POINT (2.3529766 48.8602865),51,66,5166
26401611,48.8575068,2.3542487,4,,,POINT (2.3542487 48.8575068),48,67,4867
26401613,48.8570633,2.3552773,3,,,POINT (2.3552773 48.8570633),47,67,4767
26401623,48.8612321,2.3582039,4,traffic_signals,,POINT (2.3582039 48.8612321),52,69,5269
26401624,48.8612625,2.3561164,3,,,POINT (2.3561164 48.8612625),52,68,5268
26401625,48.860561,2.3574376,3,,,POINT (2.3574376 48.860561),51,69,5169
26401644,48.8554507,2.3619471,3,,,POINT (2.3619471 48.8554507),46,71,4671
26401645,48.8554573,2.3600815,1,traffic_signals,,POINT (2.3600815 48.8554573),46,70,4670
26401652,48.8543089,2.355931,2,,,POINT (2.355931 48.8543089),44,68,4468
26401655,48.8555133,2.3577386,3,,,POINT (2.3577386 48.8555133),46,69,4669
26401658,48.8535655,2.358018,3,traffic_signals,,POINT (2.358018 48.8535655),43,69,4369
26401659,48.8553558,2.3595896,3,traffic_signals,,POINT (2.3595896 48.8553558),45,70,4570
26401664,48.8540335,2.361118,1,,,POINT (2.361118 48.8540335),44,70,4470
26401666,48.8538627,2.3620458,3,,,POINT (2.3620458 48.8538627),44,71,4471
26401686,48.8534008,2.3593748,3,,,POINT (2.3593748 48.8534008),43,70,4370
26401687,48.8525851,2.3606854,3,,,POINT (2.3606854 48.8525851),42,70,4270
26401688,48.8529653,2.3611291,3,,,POINT (2.3611291 48.8529653),43,71,4371
26401691,48.8521226,2.3627186,3,,,POINT (2.3627186 48.8521226),42,71,4271
26401692,48.8519079,2.3630953,3,,,POINT (2.3630953 48.8519079),41,72,4172
26401693,48.8524043,2.3638196,1,,,POINT (2.3638196 48.8524043),42,72,4272
26401694,48.8526382,2.3641686,3,,,POINT (2.3641686 48.8526382),42,72,4272
26401696,48.855095,2.3616767,1,,,POINT (2.3616767 48.855095),45,71,4571
26401699,48.8539852,2.3647884,1,,,POINT (2.3647884 48.8539852),44,72,4472
26401700,48.8550653,2.3653321,3,,,POINT (2.3653321 48.8550653),45,73,4573
26401727,48.8520478,2.3654898,3,traffic_signals,,POINT (2.3654898 48.8520478),42,73,4273
26401805,48.853876,2.3673852,3,,,POINT (2.3673852 48.853876),44,74,4474
26401819,48.8533737,2.3676402,1,,,POINT (2.3676402 48.8533737),43,74,4374
26401820,48.8537421,2.3656764,1,,,POINT (2.3656764 48.8537421),44,73,4473
26401823,48.8545998,2.3629491,1,,,POINT (2.3629491 48.8545998),45,71,4571
26401859,48.852409,2.3667205,4,,,POINT (2.3667205 48.852409),42,73,4273
26401864,48.8521858,2.3659391,3,traffic_signals,,POINT (2.3659391 48.8521858),42,73,4273
26401868,48.8525972,2.3673466,4,traffic_signals,,POINT (2.3673466 48.8525972),42,74,4274
26401904,48.851755,2.367008,4,,,POINT (2.367008 48.851755),41,74,4174
26401905,48.8516523,2.3676404,3,traffic_signals,,POINT (2.3676404 48.8516523),41,74,4174
26401919,48.856307,2.3649664,3,,,POINT (2.3649664 48.856307),47,73,4773
26401920,48.8561801,2.3657542,3,,,POINT (2.3657542 48.8561801),46,73,4673
26401922,48.8568275,2.3660028,4,,,POINT (2.3660028 48.8568275),47,73,4773
26401924,48.8570926,2.3644266,3,,,POINT (2.3644266 48.8570926),47,72,4772
26401925,48.8571832,2.3661446,4,,,POINT (2.3661446 48.8571832),48,73,4873
26401934,48.86046,2.3597534,3,,,POINT (2.3597534 48.86046),51,70,5170
26401935,48.8612306,2.3606609,3,,,POINT (2.3606609 48.8612306),52,70,5270
26401938,48.8617808,2.3612937,4,,,POINT (2.3612937 48.8617808),53,71,5371
26401946,48.8616432,2.3623252,4,,,POINT (2.3623252 48.8616432),53,71,5371
26401949,48.8615225,2.3631652,3,,,POINT (2.3631652 48.8615225),53,72,5372
26401951,48.8612282,2.3631411,3,,,POINT (2.3631411 48.8612282),52,72,5272
26401959,48.8614611,2.3635946,4,,,POINT (2.3635946 48.8614611),52,72,5272
26401980,48.8624858,2.3633319,4,,,POINT (2.3633319 48.8624858),54,72,5472
26401983,48.8626004,2.3597973,4,,,POINT (2.3597973 48.8626004),54,70,5470
26401984,48.8618987,2.3569151,4,traffic_signals,,POINT (2.3569151 48.8618987),53,68,5368
26401985,48.8613261,2.3645939,4,traffic_signals,,POINT (2.3645939 48.8613261),52,72,5272
26402043,48.8608149,2.3613427,3,,,POINT (2.3613427 48.8608149),52,71,5271
26402049,48.8602174,2.3636819,3,,,POINT (2.3636819 48.8602174),51,72,5172
26402085,48.862391,2.3574301,3,,,POINT (2.3574301 48.862391),54,69,5469
26402086,48.862866,2.3578642,3,,,POINT (2.3578642 48.862866),54,69,5469
26402088,48.8633732,2.3582451,4,,,POINT (2.3582451 48.8633732),55,69,5569
26402089,48.8643863,2.3578695,1,,,POINT (2.3578695 48.8643863),56,69,5669
26402095,48.8632243,2.3545594,4,,,POINT (2.3545594 48.8632243),55,67,5567
26402096,48.8637665,2.3548576,3,traffic_signals,,POINT (2.3548576 48.8637665),55,67,5567
26402097,48.8642785,2.3551393,4,,,POINT (2.3551393 48.8642785),56,67,5667
26402098,48.8648082,2.3554306,3,,,POINT (2.3554306 48.8648082),56,68,5668
26402125,48.8654585,2.3532317,3,,,POINT (2.3532317 48.8654585),57,66,5766
26402126,48.8650847,2.3544498,4,traffic_signals,,POINT (2.3544498 48.8650847),57,67,5767
26503666,48.8877726,2.3892753,4,,,POINT (2.3892753 48.8877726),83,85,8385
26551708,48.8870129,2.3863474,3,,,POINT (2.3863474 48.8870129),82,84,8284
26551714,48.8872193,2.3871642,3,,,POINT (2.3871642 48.8872193),82,84,8284
26551723,48.8852393,2.3845844,4,,,POINT (2.3845844 48.8852393),80,83,8083
26551726,48.8850957,2.3837725,4,traffic_signals,,POINT (2.3837725 48.8850957),80,82,8082
26551730,48.8841805,2.3842587,4,,,POINT (2.3842587 48.8841805),79,83,7983
26551733,48.8856742,2.3868666,4,,,POINT (2.3868666 48.8856742),81,84,8184
26551735,48.8845701,2.3873457,3,,,POINT (2.3873457 48.8845701),79,84,7984
26551737,48.8847847,2.381267,4,traffic_signals,,POINT (2.381267 48.8847847),80,81,8081
26551740,48.8846821,2.3798078,4,traffic_signals,,POINT (2.3798078 48.8846821),79,80,7980
26551742,48.8853231,2.3850833,3,,,POINT (2.3850833 48.8853231),80,83,8083
26588347,48.8510533,2.3664729,3,,,POINT (2.3664729 48.8510533),40,73,4073
26588350,48.8495132,2.3656306,4,,,POINT (2.3656306 48.8495132),39,73,3973
26588354,48.8496322,2.3650171,3,,,POINT (2.3650171 48.8496322),39,73,3973
26588357,48.849734,2.3644925,3,,,POINT (2.3644925 48.849734),39,72,3972
26588359,48.8496314,2.363907,4,traffic_signals,,POINT (2.363907 48.8496314),39,72,3972
26588366,48.8493329,2.36656,3,traffic_signals,,POINT (2.36656 48.8493329),38,73,3873
26588372,48.850613,2.3661236,3,,,POINT (2.3661236 48.850613),40,73,4073
26588374,48.8489914,2.3644743,3,traffic_signals,,POINT (2.3644743 48.8489914),38,72,3872
26588376,48.848826,2.3653208,3,,,POINT (2.3653208 48.848826),38,73,3873
26588378,48.8482577,2.3649113,3,traffic_signals,,POINT (2.3649113 48.8482577),37,72,3772
26588388,48.8500511,2.3685676,3,,,POINT (2.3685676 48.8500511),39,74,3974
26588862,48.8520905,2.3656427,3,traffic_signals,,POINT (2.3656427 48.8520905),42,73,4273
26666916,48.8560484,2.3665633,3,,,POINT (2.3665633 48.8560484),46,73,4673
26666918,48.8559452,2.3673131,4,traffic_signals,,POINT (2.3673131 48.8559452),46,74,4674
26666919,48.8569862,2.3673453,3,,,POINT (2.3673453 48.8569862),47,74,4774
26666953,48.8551582,2.3680895,1,,,POINT (2.3680895 48.8551582),45,74,4574
26667206,48.8578554,2.3663946,1,,,POINT (2.3663946 48.8578554),48,73,4873
27018629,48.8494137,2.3559612,4,traffic_signals,,POINT (2.3559612 48.8494137),38,68,3868
27018632,48.8420367,2.329669,4,traffic_signals,,POINT (2.329669 48.8420367),30,54,3054
27018633,48.8455051,2.3284628,4,traffic_signals,,POINT (2.3284628 48.8455051),34,53,3453
27018634,48.8431125,2.3264298,4,traffic_signals,,POINT (2.3264298 48.8431125),31,52,3152
27117303,48.867665,2.2508892,4,,,POINT (2.2508892 48.867665),60,12,6012
27117304,48.8725229,2.264432,4,,,POINT (2.264432 48.8725229),65,20,6520
27117336,48.8678434,2.2657045,3,,,POINT (2.2657045 48.8678434),60,20,6020
27117353,48.8637052,2.2619544,1,,,POINT (2.2619544 48.8637052),55,18,5518
27117485,48.8632696,2.2390515,3,,,POINT (2.2390515 48.8632696),55,6,5506
27180752,48.8674747,2.2329899,3,,,POINT (2.2329899 48.8674747),59,3,5903
27180777,48.865174,2.2345981,3,traffic_signals,,POINT (2.2345981 48.865174),57,4,5704
27180780,48.8640278,2.2361154,3,,,POINT (2.2361154 48.8640278),55,5,5505
27180802,48.8640575,2.2331252,3,,,POINT (2.2331252 48.8640575),56,3,5603
27180811,48.8633828,2.2398477,1,,,POINT (2.2398477 48.8633828),55,7,5507
27180815,48.8639927,2.2396988,3,,,POINT (2.2396988 48.8639927),55,7,5507
27180826,48.8619092,2.2303736,3,,,POINT (2.2303736 48.8619092),53,2,5302
27180827,48.8622065,2.229395,4,,,POINT (2.229395 48.8622065),53,1,5301
27180828,48.8616454,2.2290868,4,,,POINT (2.2290868 48.8616454),53,1,5301
27180835,48.8614147,2.2300683,3,,,POINT (2.2300683 48.8614147),52,2,5202
27181011,48.8537868,2.2262612,3,,,POINT (2.2262612 48.8537868),44,0,4400
27181017,48.8533643,2.2268102,3,,,POINT (2.2268102 48.8533643),43,0,4300
27181019,48.8534439,2.2264047,3,,,POINT (2.2264047 48.8534439),43,0,4300
27181031,48.85288,2.2297361,1,,,POINT (2.2297361 48.85288),43,1,4301
27181929,48.8643178,2.2358214,3,,,POINT (2.2358214 48.8643178),56,5,5605
27196659,48.8761177,2.2464884,4,traffic_signals,,POINT (2.2464884 48.8761177),70,10,7010
27233726,48.8851024,2.2978724,3,,,POINT (2.2978724 48.8851024),80,37,8037
27233732,48.88459,2.297659,3,,,POINT (2.297659 48.88459),79,37,7937
27233754,48.8852963,2.2969448,3,,,POINT (2.2969448 48.8852963),80,37,8037
27233766,48.8864662,2.2957668,5,traffic_signals,,POINT (2.2957668 48.8864662),82,36,8236
27233804,48.8871447,2.2974904,5,,,POINT (2.2974904 48.8871447),82,37,8237
27233853,48.8854029,2.2984706,3,,,POINT (2.2984706 48.8854029),80,38,8038
27233862,48.8862959,2.3005606,3,,,POINT (2.3005606 48.8862959),81,39,8139
27233864,48.886677,2.3004376,3,,,POINT (2.3004376 48.886677),82,39,8239
27233866,48.8871874,2.3007889,5,,,POINT (2.3007889 48.8871874),82,39,8239
27233870,48.8880826,2.3023016,3,,,POINT (2.3023016 48.8880826),83,40,8340
27233873,48.8866026,2.3015371,4,,,POINT (2.3015371 48.8866026),82,39,8239
27233893,48.8842578,2.3026608,4,,,POINT (2.3026608 48.8842578),79,40,7940
27233905,48.8838166,2.3047736,4,,,POINT (2.3047736 48.8838166),78,41,7841
27233920,48.8835547,2.3043154,3,,,POINT (2.3043154 48.8835547),78,41,7841
27234006,48.8862647,2.307174,3,,,POINT (2.307174 48.8862647),81,42,8142
27234017,48.8868835,2.3083542,3,,,POINT (2.3083542 48.8868835),82,43,8243
27234025,48.88704,2.308145,3,,,POINT (2.308145 48.88704),82,43,8243
27234032,48.8854878,2.3080395,4,,,POINT (2.3080395 48.8854878),80,43,8043
27234045,48.8835944,2.3058121,3,,,POINT (2.3058121 48.8835944),78,41,7841
27234052,48.8835478,2.3060266,3,,,POINT (2.3060266 48.8835478),78,41,7841
27234076,48.8832695,2.3019395,4,,,POINT (2.3019395 48.8832695),78,39,7839
27234093,48.884436,2.301248,3,,,POINT (2.301248 48.884436),79,39,7939
27234100,48.8833209,2.2989387,4,,,POINT (2.2989387 48.8833209),78,38,7838
27234112,48.8829628,2.2981953,3,,,POINT (2.2981953 48.8829628),77,37,7737
27234121,48.8826175,2.2974485,3,,,POINT (2.2974485 48.8826175),77,37,7737
27234129,48.8824305,2.2970474,4,,,POINT (2.2970474 48.8824305),77,37,7737
27234149,48.8829298,2.2963839,4,,,POINT (2.2963839 48.8829298),77,36,7736
27234162,48.8832769,2.2965575,3,,,POINT (2.2965575 48.8832769),78,37,7837
27234189,48.8852769,2.3018068,3,,,POINT (2.3018068 48.8852769),80,39,8039
27234190,48.8821905,2.3011631,3,,,POINT (2.3011631 48.8821905),77,39,7739
27234191,48.8817888,2.3008715,3,,,POINT (2.3008715 48.8817888),76,39,7639
27234192,48.8815548,2.3006962,4,traffic_signals,,POINT (2.3006962 48.8815548),76,39,7639
27234193,48.8817397,2.3005245,4,,,POINT (2.3005245 48.8817397),76,39,7639
27234194,48.8815468,2.2996694,4,,,POINT (2.2996694 48.8815468),76,38,7638
27234195,48.8813069,2.2985527,4,,,POINT (2.2985527 48.8813069),76,38,7638
27234196,48.8809783,2.3002774,5,,,POINT (2.3002774 48.8809783),75,38,7538
27234197,48.8812385,2.3010147,4,,,POINT (2.3010147 48.8812385),75,39,7539
27234198,48.8814126,2.3016294,3,,,POINT (2.3016294 48.8814126),76,39,7639
27234202,48.8817242,2.3055969,4,,,POINT (2.3055969 48.8817242),76,41,7641
27234203,48.8830575,2.3083266,3,,,POINT (2.3083266 48.8830575),78,43,7843
27234208,48.8829027,2.3090567,4,,,POINT (2.3090567 48.8829027),77,43,7743
27234209,48.8821185,2.3076772,3,,,POINT (2.3076772 48.8821185),77,42,7742
27234210,48.8814143,2.3063655,3,,,POINT (2.3063655 48.8814143),76,42,7642
27234213,48.8832876,2.307265,4,,,POINT (2.307265 48.8832876),78,42,7842
27234214,48.8828571,2.3051239,3,,,POINT (2.3051239 48.8828571),77,41,7741
27234215,48.8859697,2.3095762,4,,,POINT (2.3095762 48.8859697),81,43,8143
27234216,48.8849424,2.3086094,3,,,POINT (2.3086094 48.8849424),80,43,8043
27234217,48.8843245,2.3093161,3,,,POINT (2.3093161 48.8843245),79,43,7943
27234218,48.8845987,2.3079711,3,,,POINT (2.3079711 48.8845987),79,43,7943
27234261,48.8866879,2.3054213,3,,,POINT (2.3054213 48.8866879),82,41,8241
27234301,48.8878365,2.3070802,4,,,POINT (2.3070802 48.8878365),83,42,8342
27234331,48.8875336,2.3074847,4,,,POINT (2.3074847 48.8875336),83,42,8342
27234336,48.8877424,2.3091682,3,,,POINT (2.3091682 48.8877424),83,43,8343
27234346,48.8878335,2.3103508,3,,,POINT (2.3103508 48.8878335),83,44,8344
27234356,48.8878424,2.3110955,3,traffic_signals,,POINT (2.3110955 48.8878424),83,44,8344
27234414,48.8869254,2.3126267,4,traffic_signals,,POINT (2.3126267 48.8869254),82,45,8245
27234435,48.8863157,2.3107013,3,,,POINT (2.3107013 48.8863157),81,44,8144
27234453,48.886286,2.3091533,3,,,POINT (2.3091533 48.886286),81,43,8143
27234454,48.8866871,2.3086169,3,,,POINT (2.3086169 48.8866871),82,43,8243
27234710,48.8854104,2.3103202,3,,,POINT (2.3103202 48.8854104),80,44,8044
27234711,48.8856882,2.3099512,3,,,POINT (2.3099512 48.8856882),81,44,8144
27234717,48.8844891,2.3148015,3,,,POINT (2.3148015 48.8844891),79,46,7946
27234737,48.8848876,2.3154852,4,,,POINT (2.3154852 48.8848876),80,46,8046
27234739,48.8853218,2.3162186,4,,,POINT (2.3162186 48.8853218),80,47,8047
27234740,48.8856643,2.3168158,4,,,POINT (2.3168158 48.8856643),81,47,8147
27234808,48.8830692,2.3104152,3,,,POINT (2.3104152 48.8830692),78,44,7844
27234809,48.8832704,2.3127394,5,,,POINT (2.3127394 48.8832704),78,45,7845
27234813,48.8843446,2.3145719,3,,,POINT (2.3145719 48.8843446),79,46,7946
27234831,48.8838169,2.3119939,3,,,POINT (2.3119939 48.8838169),78,45,7845
27234833,48.8839601,2.3122152,3,,,POINT (2.3122152 48.8839601),79,45,7945
27234834,48.8848219,2.3109392,3,,,POINT (2.3109392 48.8848219),80,44,8044
27234839,48.8822729,2.3141045,3,,,POINT (2.3141045 48.8822729),77,46,7746
27234840,48.8817044,2.3147107,3,,,POINT (2.3147107 48.8817044),76,46,7646
27234841,48.8819478,2.3135438,4,,,POINT (2.3135438 48.8819478),76,45,7645
27234843,48.8823316,2.3117364,4,,,POINT (2.3117364 48.8823316),77,45,7745
27234846,48.8813903,2.316377,4,traffic_signals,,POINT (2.316377 48.8813903),76,47,7647
27234848,48.8815282,2.31572,3,,,POINT (2.31572 48.8815282),76,47,7647
27234849,48.8813889,2.3155273,3,,,POINT (2.3155273 48.8813889),76,46,7646
27234850,48.8816609,2.314912,3,,,POINT (2.314912 48.8816609),76,46,7646
27234851,48.8812004,2.3154476,3,,,POINT (2.3154476 48.8812004),75,46,7546
27234852,48.8812425,2.3165841,5,traffic_signals,,POINT (2.3165841 48.8812425),75,47,7547
27234859,48.8811833,2.315337,3,,,POINT (2.315337 48.8811833),75,46,7546
27234871,48.8809132,2.3175733,3,,,POINT (2.3175733 48.8809132),75,48,7548
27234873,48.8806708,2.3182981,3,,,POINT (2.3182981 48.8806708),75,48,7548
27234874,48.8803774,2.3191845,3,,,POINT (2.3191845 48.8803774),74,48,7448
27234876,48.881258,2.3189939,3,,,POINT (2.3189939 48.881258),76,48,7648
27234877,48.8816383,2.3188336,4,,,POINT (2.3188336 48.8816383),76,48,7648
27234928,48.880461,2.3213323,3,,,POINT (2.3213323 48.880461),75,50,7550
27234933,48.8800082,2.3215751,3,,,POINT (2.3215751 48.8800082),74,50,7450
27234943,48.8801268,2.3199358,3,,,POINT (2.3199358 48.8801268),74,49,7449
27234944,48.8798796,2.3206912,4,,,POINT (2.3206912 48.8798796),74,49,7449
27234945,48.8795099,2.3182304,4,,,POINT (2.3182304 48.8795099),73,48,7348
27234946,48.87937,2.3172162,3,,,POINT (2.3172162 48.87937),73,47,7347
27234947,48.880489,2.3164997,2,,,POINT (2.3164997 48.880489),75,47,7547
27235037,48.8822408,2.3217339,3,,,POINT (2.3217339 48.8822408),77,50,7750
27235043,48.8825742,2.3233756,4,,,POINT (2.3233756 48.8825742),77,51,7751
27235051,48.882799,2.3232501,4,,,POINT (2.3232501 48.882799),77,51,7751
27235057,48.8827582,2.3242625,4,traffic_signals,,POINT (2.3242625 48.8827582),77,51,7751
27235064,48.8806917,2.3247546,5,traffic_signals,,POINT (2.3247546 48.8806917),75,51,7551
27235132,48.8805324,2.3251709,1,,,POINT (2.3251709 48.8805324),75,52,7552
27235133,48.880807,2.327062,3,,,POINT (2.327062 48.880807),75,53,7553
27235134,48.8804419,2.3270516,3,,,POINT (2.3270516 48.8804419),75,53,7553
27235135,48.8796403,2.3270201,4,traffic_signals,,POINT (2.3270201 48.8796403),74,53,7453
27235142,48.8788837,2.3232709,3,traffic_signals,,POINT (2.3232709 48.8788837),73,51,7351
27235143,48.8789733,2.3235604,3,traffic_signals,,POINT (2.3235604 48.8789733),73,51,7351
27235149,48.8790467,2.3235464,3,traffic_signals,,POINT (2.3235464 48.8790467),73,51,7351
27235150,48.8791069,2.3234625,3,traffic_signals,,POINT (2.3234625 48.8791069),73,51,7351
27235167,48.8770583,2.3218283,3,,,POINT (2.3218283 48.8770583),71,50,7150
27235168,48.8771999,2.3230811,3,traffic_signals,,POINT (2.3230811 48.8771999),71,50,7150
27235169,48.8768662,2.3216736,3,traffic_signals,,POINT (2.3216736 48.8768662),70,50,7050
27235170,48.8787659,2.3222401,3,traffic_signals,,POINT (2.3222401 48.8787659),73,50,7350
27235173,48.878261,2.3198588,3,,,POINT (2.3198588 48.878261),72,49,7249
27235175,48.8767023,2.3190416,3,,,POINT (2.3190416 48.8767023),70,48,7048
27235177,48.8793152,2.318468,3,,,POINT (2.318468 48.8793152),73,48,7348
27235206,48.8777862,2.3163068,4,traffic_signals,,POINT (2.3163068 48.8777862),71,47,7147
27235208,48.8778807,2.3181614,4,,,POINT (2.3181614 48.8778807),72,48,7248
27235211,48.8766419,2.3176896,4,traffic_signals,,POINT (2.3176896 48.8766419),70,48,7048
27235215,48.8791171,2.3154949,3,,,POINT (2.3154949 48.8791171),73,46,7346
27235219,48.8783884,2.3155419,4,traffic_signals,,POINT (2.3155419 48.8783884),72,47,7247
27235241,48.8794399,2.3142755,4,traffic_signals,,POINT (2.3142755 48.8794399),73,46,7346
27235246,48.8785239,2.3123674,3,,,POINT (2.3123674 48.8785239),72,45,7245
27235248,48.8776457,2.3132817,3,,,POINT (2.3132817 48.8776457),71,45,7145
27235250,48.8777535,2.3156018,4,traffic_signals,,POINT (2.3156018 48.8777535),71,47,7147
27235261,48.876553,2.3156962,5,traffic_signals,,POINT (2.3156962 48.876553),70,47,7047
27235262,48.8770565,2.3149111,3,,,POINT (2.3149111 48.8770565),71,46,7146
27235263,48.8770067,2.313336,3,,,POINT (2.313336 48.8770067),71,45,7145
27235265,48.8755968,2.314793,3,,,POINT (2.314793 48.8755968),69,46,6946
27235266,48.8752583,2.3148059,3,,,POINT (2.3148059 48.8752583),69,46,6946
27235293,48.8774286,2.3081805,4,,,POINT (2.3081805 48.8774286),71,43,7143
27235305,48.8763928,2.3078886,5,traffic_signals,,POINT (2.3078886 48.8763928),70,42,7042
27235306,48.8767126,2.3085902,3,,,POINT (2.3085902 48.8767126),70,43,7043
27235315,48.8778623,2.3082944,4,,,POINT (2.3082944 48.8778623),72,43,7243
27235316,48.8782386,2.3083934,1,,,POINT (2.3083934 48.8782386),72,43,7243
27235318,48.8779366,2.3100389,3,,,POINT (2.3100389 48.8779366),72,44,7244
27235327,48.8778763,2.3016909,3,,,POINT (2.3016909 48.8778763),72,39,7239
27235394,48.879259,2.303042,3,,,POINT (2.303042 48.879259),73,40,7340
27235424,48.8789953,2.3024076,3,,,POINT (2.3024076 48.8789953),73,40,7340
27235433,48.8788572,2.3017712,3,,,POINT (2.3017712 48.8788572),73,39,7339
27235445,48.8797212,2.2993531,4,traffic_signals,,POINT (2.2993531 48.8797212),74,38,7438
27235462,48.8803514,2.2998096,4,,,POINT (2.2998096 48.8803514),74,38,7438
27235464,48.8800467,2.2988676,4,,,POINT (2.2988676 48.8800467),74,38,7438
27235497,48.8801324,2.295656,4,,,POINT (2.295656 48.8801324),74,36,7436
27235498,48.8804605,2.296462,4,,,POINT (2.296462 48.8804605),75,36,7536
27235499,48.8808965,2.2975418,4,,,POINT (2.2975418 48.8808965),75,37,7537
27235500,48.8794609,2.2977775,3,,,POINT (2.2977775 48.8794609),73,37,7337
27235503,48.8815576,2.2951808,4,,,POINT (2.2951808 48.8815576),76,36,7636
27235510,48.8818814,2.2958633,5,,,POINT (2.2958633 48.8818814),76,36,7636
27235518,48.883954,2.2950204,4,,,POINT (2.2950204 48.883954),79,36,7936
27235519,48.8837348,2.2953062,4,,,POINT (2.2953062 48.8837348),78,36,7836
27235520,48.8831259,2.2934939,4,,,POINT (2.2934939 48.8831259),78,35,7835
27235521,48.8828874,2.2937428,4,,,POINT (2.2937428 48.8828874),77,35,7735
27235522,48.882536,2.2941323,3,,,POINT (2.2941323 48.882536),77,35,7735
27235523,48.8824432,2.2942409,3,,,POINT (2.2942409 48.8824432),77,35,7735
27235524,48.8818201,2.2938997,3,crossing,,POINT (2.2938997 48.8818201),76,35,7635
27235526,48.8812463,2.2927972,4,,,POINT (2.2927972 48.8812463),75,35,7535
27235529,48.8816007,2.2923681,4,,,POINT (2.2923681 48.8816007),76,34,7634
27235531,48.8819264,2.2919654,4,,,POINT (2.2919654 48.8819264),76,34,7634
27235533,48.8821524,2.2916998,4,,,POINT (2.2916998 48.8821524),77,34,7734
27235535,48.8826338,2.292587,3,,,POINT (2.292587 48.8826338),77,34,7734
27235536,48.8830857,2.2920362,3,,,POINT (2.2920362 48.8830857),78,34,7834
27235537,48.88359,2.2929802,3,,,POINT (2.2929802 48.88359),78,35,7835
27235538,48.8836804,2.2928734,3,,,POINT (2.2928734 48.8836804),78,35,7835
27235539,48.8838563,2.2926662,3,,,POINT (2.2926662 48.8838563),79,34,7934
27235540,48.8840477,2.293619,3,,,POINT (2.293619 48.8840477),79,35,7935
27235547,48.8856411,2.2917707,5,,,POINT (2.2917707 48.8856411),81,34,8134
27235555,48.8855298,2.2932341,3,,,POINT (2.2932341 48.8855298),80,35,8035
27235559,48.8851505,2.2956663,5,,,POINT (2.2956663 48.8851505),80,36,8036
27235565,48.8844144,2.2944085,4,,,POINT (2.2944085 48.8844144),79,35,7935
27235702,48.883992,2.290868,4,,,POINT (2.290868 48.883992),79,34,7934
27235703,48.8829111,2.2907814,3,,,POINT (2.2907814 48.8829111),77,33,7733
27235704,48.8826064,2.2911503,3,,,POINT (2.2911503 48.8826064),77,34,7734
27235707,48.8799301,2.2943888,3,,,POINT (2.2943888 48.8799301),74,35,7435
27235708,48.8812108,2.2944483,3,,,POINT (2.2944483 48.8812108),75,35,7535
27235709,48.8807218,2.2934369,3,,,POINT (2.2934369 48.8807218),75,35,7535
27235711,48.8802634,2.2924592,3,,,POINT (2.2924592 48.8802634),74,34,7434
27235712,48.8796885,2.2912348,4,,,POINT (2.2912348 48.8796885),74,34,7434
27235713,48.8801551,2.2907173,3,,,POINT (2.2907173 48.8801551),74,33,7433
27235714,48.8808492,2.2899684,4,,,POINT (2.2899684 48.8808492),75,33,7533
27235715,48.8810846,2.2896927,4,,,POINT (2.2896927 48.8810846),75,33,7533
27235717,48.8815253,2.2892002,3,,,POINT (2.2892002 48.8815253),76,33,7633
27235718,48.8821517,2.2885228,3,,,POINT (2.2885228 48.8821517),77,32,7732
27235719,48.8825907,2.2893406,3,,,POINT (2.2893406 48.8825907),77,33,7733
27235720,48.8809041,2.2921325,3,,,POINT (2.2921325 48.8809041),75,34,7534
27235721,48.8812547,2.2917057,3,,,POINT (2.2917057 48.8812547),76,34,7634
27235722,48.8815766,2.2913317,4,,,POINT (2.2913317 48.8815766),76,34,7634
27235938,48.8794764,2.2936152,3,,,POINT (2.2936152 48.8794764),73,35,7335
27235954,48.880661,2.2889463,3,,,POINT (2.2889463 48.880661),75,33,7533
27235955,48.8799962,2.2883743,4,,,POINT (2.2883743 48.8799962),74,32,7432
27235956,48.8794526,2.2873692,3,,,POINT (2.2873692 48.8794526),73,32,7332
27235957,48.8790609,2.2875722,3,,,POINT (2.2875722 48.8790609),73,32,7332
27235960,48.8803516,2.2868241,3,,,POINT (2.2868241 48.8803516),74,31,7431
27235964,48.8793298,2.2864588,3,,,POINT (2.2864588 48.8793298),73,31,7331
27252238,48.8833547,2.3094959,4,,,POINT (2.3094959 48.8833547),78,43,7843
27252239,48.8818977,2.3112755,4,,,POINT (2.3112755 48.8818977),76,44,7644
27252241,48.8824281,2.3118341,3,,,POINT (2.3118341 48.8824281),77,45,7745
27252242,48.8828052,2.308978,4,,,POINT (2.308978 48.8828052),77,43,7743
27252303,48.8812045,2.3068756,3,,,POINT (2.3068756 48.8812045),75,42,7542
27252314,48.8807108,2.3090708,4,,,POINT (2.3090708 48.8807108),75,43,7543
27252415,48.8815529,2.3052578,3,,,POINT (2.3052578 48.8815529),76,41,7641
27252417,48.8808093,2.3061177,3,,,POINT (2.3061177 48.8808093),75,42,7542
27252419,48.8817795,2.3029519,3,,,POINT (2.3029519 48.8817795),76,40,7640
27252543,48.8797876,2.3120387,1,,,POINT (2.3120387 48.8797876),74,45,7445
27252609,48.880102,2.3134724,3,,,POINT (2.3134724 48.880102),74,45,7445
27286550,48.8864547,2.2927988,3,,,POINT (2.2927988 48.8864547),82,35,8235
27286551,48.8860516,2.2920724,3,,,POINT (2.2920724 48.8860516),81,34,8134
27286553,48.8870185,2.2939819,3,,,POINT (2.2939819 48.8870185),82,35,8235
27286555,48.8862751,2.2946449,4,,,POINT (2.2946449 48.8862751),81,36,8136
27286559,48.8869423,2.2909304,3,,,POINT (2.2909304 48.8869423),82,34,8234
27286560,48.8866549,2.2913192,3,,,POINT (2.2913192 48.8866549),82,34,8234
27286561,48.8859963,2.2890999,6,,,POINT (2.2890999 48.8859963),81,33,8133
27286563,48.8866801,2.2904904,3,,,POINT (2.2904904 48.8866801),82,33,8233
27286564,48.8873797,2.2916386,3,,,POINT (2.2916386 48.8873797),83,34,8334
27286570,48.8845311,2.2870232,3,,,POINT (2.2870232 48.8845311),79,31,7931
27286593,48.8843964,2.2894669,3,,,POINT (2.2894669 48.8843964),79,33,7933
27286610,48.8841034,2.2890014,3,,,POINT (2.2890014 48.8841034),79,33,7933
27286613,48.8840449,2.2862568,4,,,POINT (2.2862568 48.8840449),79,31,7931
27286616,48.883126,2.2874275,4,,,POINT (2.2874275 48.883126),78,32,7832
27286618,48.8834621,2.2882453,3,,,POINT (2.2882453 48.8834621),78,32,7832
27286619,48.8837267,2.2886683,3,,,POINT (2.2886683 48.8837267),78,32,7832
27286620,48.8835522,2.2855067,3,,,POINT (2.2855067 48.8835522),78,31,7831
27286621,48.8830991,2.2847788,3,,,POINT (2.2847788 48.8830991),78,30,7830
27286622,48.8828872,2.2899321,3,,,POINT (2.2899321 48.8828872),77,33,7733
27286623,48.88316,2.29048,3,,,POINT (2.29048 48.88316),78,33,7833
27286624,48.8830282,2.2875524,4,,,POINT (2.2875524 48.8830282),78,32,7832
27286626,48.8817193,2.2852531,4,,,POINT (2.2852531 48.8817193),76,31,7631
27286630,48.8810929,2.2841296,5,,,POINT (2.2841296 48.8810929),75,30,7530
27286635,48.880914,2.2839407,5,,,POINT (2.2839407 48.880914),75,30,7530
27286644,48.8819318,2.2833155,3,,,POINT (2.2833155 48.8819318),76,30,7630
27286645,48.8815002,2.2817943,4,,,POINT (2.2817943 48.8815002),76,29,7629
27286646,48.8825876,2.2827473,4,,,POINT (2.2827473 48.8825876),77,29,7729
27286650,48.8779694,2.2848152,4,,,POINT (2.2848152 48.8779694),72,30,7230
27286653,48.8801461,2.2850998,3,,,POINT (2.2850998 48.8801461),74,30,7430
27286660,48.8781136,2.2880261,3,,,POINT (2.2880261 48.8781136),72,32,7232
27286661,48.8779749,2.2878739,3,,,POINT (2.2878739 48.8779749),72,32,7232
27286662,48.8778943,2.2879006,3,,,POINT (2.2879006 48.8778943),72,32,7232
27286663,48.8778198,2.2880281,3,,,POINT (2.2880281 48.8778198),72,32,7232
27286664,48.8778142,2.2881683,3,,,POINT (2.2881683 48.8778142),72,32,7232
27286665,48.8780436,2.28832,3,,,POINT (2.28832 48.8780436),72,32,7232
27286670,48.8762634,2.2872212,4,traffic_signals,,POINT (2.2872212 48.8762634),70,32,7032
27286671,48.8760115,2.2870294,4,,,POINT (2.2870294 48.8760115),69,31,6931
27286674,48.875698,2.288992,3,,,POINT (2.288992 48.875698),69,33,6933
27286676,48.8769574,2.289952,3,,,POINT (2.289952 48.8769574),71,33,7133
27286678,48.8775143,2.2893979,1,,,POINT (2.2893979 48.8775143),71,33,7133
27286681,48.8748484,2.2842418,3,,,POINT (2.2842418 48.8748484),68,30,6830
27286683,48.8748312,2.286165,3,,,POINT (2.286165 48.8748312),68,31,6831
27286684,48.8738752,2.2854646,4,,,POINT (2.2854646 48.8738752),67,31,6731
27286687,48.8732322,2.2850026,4,traffic_signals,,POINT (2.2850026 48.8732322),66,30,6630
27286688,48.8731614,2.2844501,4,traffic_signals,,POINT (2.2844501 48.8731614),66,30,6630
27286689,48.8733609,2.2860986,3,,,POINT (2.2860986 48.8733609),66,31,6631
27286690,48.8735628,2.2879577,3,,,POINT (2.2879577 48.8735628),67,32,6732
27286691,48.8737735,2.2878855,3,,,POINT (2.2878855 48.8737735),67,32,6732
27286694,48.874195,2.2897121,3,,,POINT (2.2897121 48.874195),67,33,6733
27286696,48.8738142,2.2902265,3,,,POINT (2.2902265 48.8738142),67,33,6733
27286697,48.875156,2.2873618,3,,,POINT (2.2873618 48.875156),68,32,6832
27286699,48.8752181,2.286455,3,,,POINT (2.286455 48.8752181),68,31,6831
27286700,48.8750861,2.2839503,4,traffic_signals,,POINT (2.2839503 48.8750861),68,30,6830
27286701,48.8764013,2.2904432,3,,,POINT (2.2904432 48.8764013),70,33,7033
27286702,48.8766466,2.2910548,3,,,POINT (2.2910548 48.8766466),70,34,7034
27286703,48.8776129,2.2903315,2,,,POINT (2.2903315 48.8776129),71,33,7133
27286709,48.8750111,2.2911575,3,,,POINT (2.2911575 48.8750111),68,34,6834
27286710,48.8780354,2.2915913,3,,,POINT (2.2915913 48.8780354),72,34,7234
27286711,48.8763148,2.2968738,3,,,POINT (2.2968738 48.8763148),70,37,7037
27286712,48.8758928,2.2965695,3,,,POINT (2.2965695 48.8758928),69,37,6937
27286713,48.8772173,2.2948507,3,,,POINT (2.2948507 48.8772173),71,36,7136
27286714,48.8775394,2.2951235,4,,,POINT (2.2951235 48.8775394),71,36,7136
27286715,48.8754383,2.2962423,3,,,POINT (2.2962423 48.8754383),69,36,6936
27286735,48.889916,2.3026397,3,,,POINT (2.3026397 48.889916),86,40,8640
27286738,48.8899266,2.3001346,3,,,POINT (2.3001346 48.8899266),86,38,8638
27286745,48.8896637,2.3028829,3,,,POINT (2.3028829 48.8896637),85,40,8540
27286747,48.8887724,2.3088673,3,,,POINT (2.3088673 48.8887724),84,43,8443
27288836,48.8877507,2.3063133,3,,,POINT (2.3063133 48.8877507),83,42,8342
27288845,48.8842459,2.2854009,3,,,POINT (2.2854009 48.8842459),79,31,7931
27288853,48.8870372,2.3016482,3,,,POINT (2.3016482 48.8870372),82,39,8239
27288858,48.8765072,2.2926376,3,,,POINT (2.2926376 48.8765072),70,34,7034
27288863,48.8875415,2.3045477,3,,,POINT (2.3045477 48.8875415),83,41,8341
27288869,48.8902666,2.304562,3,traffic_signals,,POINT (2.304562 48.8902666),86,41,8641
27308705,48.848144,2.3491626,1,,,POINT (2.3491626 48.848144),37,64,3764
27323238,48.888567,2.2972242,3,,,POINT (2.2972242 48.888567),84,37,8437
27323239,48.8888447,2.2978324,3,,,POINT (2.2978324 48.8888447),84,37,8437
27323248,48.8902813,2.3008979,3,,,POINT (2.3008979 48.8902813),86,39,8639
27323249,48.8907697,2.3019276,3,,,POINT (2.3019276 48.8907697),87,39,8739
27323270,48.8904221,2.301934,3,,,POINT (2.301934 48.8904221),86,39,8639
27323303,48.890394,2.3026955,3,,,POINT (2.3026955 48.890394),86,40,8640
27323304,48.8906305,2.3031232,3,,,POINT (2.3031232 48.8906305),86,40,8640
27323334,48.8906702,2.3049975,3,,,POINT (2.3049975 48.8906702),86,41,8641
27323392,48.8926871,2.3044351,3,,,POINT (2.3044351 48.8926871),89,41,8941
27323394,48.8920446,2.3033088,3,,,POINT (2.3033088 48.8920446),88,40,8840
27323397,48.8924033,2.3025976,3,,,POINT (2.3025976 48.8924033),88,40,8840
27323471,48.882866,2.3176391,3,,,POINT (2.3176391 48.882866),77,48,7748
27323472,48.8837369,2.3166986,3,,,POINT (2.3166986 48.8837369),78,47,7847
27323473,48.8829976,2.3181547,3,,,POINT (2.3181547 48.8829976),78,48,7848
27323474,48.8830886,2.3185036,3,,,POINT (2.3185036 48.8830886),78,48,7848
27323475,48.8831907,2.3188963,3,,,POINT (2.3188963 48.8831907),78,48,7848
27323478,48.8819182,2.3188834,3,,,POINT (2.3188834 48.8819182),76,48,7648
27323479,48.8820668,2.319637,3,,,POINT (2.319637 48.8820668),76,49,7649
27323481,48.8832876,2.3192678,4,,,POINT (2.3192678 48.8832876),78,48,7848
27323482,48.8835765,2.3203807,4,,,POINT (2.3203807 48.8835765),78,49,7849
27323484,48.8840198,2.3185056,4,,,POINT (2.3185056 48.8840198),79,48,7948
27323485,48.8850314,2.3207747,4,,,POINT (2.3207747 48.8850314),80,49,8049
27323488,48.8837575,2.3211756,3,,,POINT (2.3211756 48.8837575),78,49,7849
27323501,48.8864305,2.3184579,3,,,POINT (2.3184579 48.8864305),82,48,8248
27323502,48.885027,2.3189704,3,,,POINT (2.3189704 48.885027),80,48,8048
27323506,48.8856236,2.3197929,4,,,POINT (2.3197929 48.8856236),81,49,8149
27323507,48.8860689,2.3204388,3,,,POINT (2.3204388 48.8860689),81,49,8149
27323508,48.8863,2.3207599,3,,,POINT (2.3207599 48.8863),81,49,8149
27323510,48.8840263,2.3224283,3,,,POINT (2.3224283 48.8840263),79,50,7950
27323525,48.8871135,2.3176818,3,,,POINT (2.3176818 48.8871135),82,48,8248
27323528,48.887168,2.3193809,4,,,POINT (2.3193809 48.887168),82,49,8249
27323532,48.8877673,2.3183641,4,,,POINT (2.3183641 48.8877673),83,48,8348
27323533,48.8883604,2.3189452,4,,,POINT (2.3189452 48.8883604),84,48,8448
27323534,48.8876464,2.3201962,4,,,POINT (2.3201962 48.8876464),83,49,8349
27323535,48.8863877,2.3223751,4,,,POINT (2.3223751 48.8863877),81,50,8150
27323537,48.8884143,2.3172553,4,,,POINT (2.3172553 48.8884143),84,47,8447
27323557,48.8891025,2.316111,3,,,POINT (2.316111 48.8891025),85,47,8547
27323564,48.8889409,2.3179476,4,,,POINT (2.3179476 48.8889409),84,48,8448
27323565,48.8894753,2.3186696,4,,,POINT (2.3186696 48.8894753),85,48,8548
27323568,48.8886101,2.3202167,3,,,POINT (2.3202167 48.8886101),84,49,8449
27323569,48.8881339,2.3210424,4,traffic_signals,,POINT (2.3210424 48.8881339),84,49,8449
27323593,48.8894953,2.3200131,3,,,POINT (2.3200131 48.8894953),85,49,8549
27323600,48.8902674,2.3207746,4,traffic_signals,,POINT (2.3207746 48.8902674),86,49,8649
27323603,48.889717,2.3217315,4,,,POINT (2.3217315 48.889717),85,50,8550
27323626,48.8899907,2.3212594,3,,,POINT (2.3212594 48.8899907),86,50,8650
27323629,48.8893683,2.3223298,3,,,POINT (2.3223298 48.8893683),85,50,8550
27323636,48.8908627,2.3197442,3,,,POINT (2.3197442 48.8908627),87,49,8749
27323662,48.8902524,2.3172175,3,traffic_signals,,POINT (2.3172175 48.8902524),86,47,8647
27323674,48.887502,2.3221192,3,,,POINT (2.3221192 48.887502),83,50,8350
27323679,48.8886231,2.3236381,3,,,POINT (2.3236381 48.8886231),84,51,8451
27323681,48.8883062,2.3241705,3,,,POINT (2.3241705 48.8883062),84,51,8451
27323689,48.8869728,2.3230423,4,,,POINT (2.3230423 48.8869728),82,50,8250
27323738,48.8867529,2.3258925,4,,,POINT (2.3258925 48.8867529),82,52,8252
27323739,48.8865994,2.3259579,3,,,POINT (2.3259579 48.8865994),82,52,8252
27323741,48.8862817,2.326102,4,,,POINT (2.326102 48.8862817),81,52,8152
27323744,48.8857954,2.3263178,4,,,POINT (2.3263178 48.8857954),81,52,8152
27323749,48.8852091,2.3254234,3,,,POINT (2.3254234 48.8852091),80,52,8052
27323753,48.8856011,2.3249476,3,,,POINT (2.3249476 48.8856011),81,51,8151
27323756,48.8861071,2.3243267,3,,,POINT (2.3243267 48.8861071),81,51,8151
27323764,48.8847822,2.3247598,3,,,POINT (2.3247598 48.8847822),80,51,8051
27323767,48.8853917,2.3238241,3,,,POINT (2.3238241 48.8853917),80,51,8051
27323772,48.8848202,2.3227927,3,,,POINT (2.3227927 48.8848202),80,50,8050
27323791,48.8842323,2.3235279,3,,,POINT (2.3235279 48.8842323),79,51,7951
27323794,48.8838036,2.322776,3,,,POINT (2.322776 48.8838036),78,50,7850
27323814,48.8834957,2.3267035,3,,,POINT (2.3267035 48.8834957),78,52,7852
27323832,48.883337,2.3271771,3,traffic_signals,,POINT (2.3271771 48.883337),78,53,7853
27323836,48.8832702,2.3268037,4,traffic_signals,,POINT (2.3268037 48.8832702),78,52,7852
27323842,48.8833204,2.3258177,3,,,POINT (2.3258177 48.8833204),78,52,7852
27323848,48.8838223,2.3249647,3,,,POINT (2.3249647 48.8838223),78,51,7851
27323850,48.8834781,2.3233118,3,,,POINT (2.3233118 48.8834781),78,51,7851
27323851,48.8846088,2.3244902,3,,,POINT (2.3244902 48.8846088),79,51,7951
27323852,48.8849458,2.3250141,3,,,POINT (2.3250141 48.8849458),80,51,8051
27323853,48.8832211,2.3253275,3,,,POINT (2.3253275 48.8832211),78,52,7852
27324025,48.8796238,2.2821868,3,,,POINT (2.2821868 48.8796238),74,29,7429
27336484,48.8765463,2.2756518,3,,,POINT (2.2756518 48.8765463),70,26,7026
27336500,48.8766181,2.2752675,3,,,POINT (2.2752675 48.8766181),70,25,7025
27336542,48.8767059,2.2752313,3,,,POINT (2.2752313 48.8767059),70,25,7025
27336546,48.8769381,2.278472,3,,,POINT (2.278472 48.8769381),70,27,7027
27339849,48.8811596,2.2833524,3,,,POINT (2.2833524 48.8811596),75,30,7530
27339851,48.8768109,2.2763516,3,traffic_signals,,POINT (2.2763516 48.8768109),70,26,7026
27339859,48.8759787,2.2791285,3,,,POINT (2.2791285 48.8759787),69,27,6927
27362231,48.8847222,2.3078193,3,,,POINT (2.3078193 48.8847222),80,42,8042
27362262,48.8824861,2.3055082,3,,,POINT (2.3055082 48.8824861),77,41,7741
27362263,48.8830039,2.3049472,1,,,POINT (2.3049472 48.8830039),78,41,7841
27373192,48.8721004,2.2745493,3,,,POINT (2.2745493 48.8721004),65,25,6525
27373193,48.8718646,2.274207,3,traffic_signals,,POINT (2.274207 48.8718646),65,25,6525
27373195,48.871316,2.2743479,3,traffic_signals,,POINT (2.2743479 48.871316),64,25,6425
27373205,48.8721427,2.2748292,3,,,POINT (2.2748292 48.8721427),65,25,6525
27373206,48.8725687,2.2736504,4,,,POINT (2.2736504 48.8725687),65,24,6524
27373209,48.8711462,2.2724037,1,,,POINT (2.2724037 48.8711462),64,24,6424
27373241,48.8709405,2.2738108,3,,,POINT (2.2738108 48.8709405),64,25,6425
27373290,48.8645156,2.2664992,4,,,POINT (2.2664992 48.8645156),56,21,5621
27373293,48.8640427,2.2670183,3,,,POINT (2.2670183 48.8640427),55,21,5521
27373297,48.8634034,2.2676584,3,,,POINT (2.2676584 48.8634034),55,21,5521
27373333,48.877512,2.2703568,3,,,POINT (2.2703568 48.877512),71,23,7123
27373336,48.8775278,2.2699285,3,,,POINT (2.2699285 48.8775278),71,22,7122
27373337,48.8773676,2.270062,3,,,POINT (2.270062 48.8773676),71,23,7123
27373342,48.876709,2.2706465,3,,,POINT (2.2706465 48.876709),70,23,7023
27373357,48.8782695,2.2704285,3,,,POINT (2.2704285 48.8782695),72,23,7223
27373358,48.8772544,2.2695517,3,,,POINT (2.2695517 48.8772544),71,22,7122
27373360,48.8738452,2.2641325,3,,,POINT (2.2641325 48.8738452),67,19,6719
27373400,48.871764,2.2579785,3,,,POINT (2.2579785 48.871764),64,16,6416
27373403,48.8668894,2.2388854,3,,,POINT (2.2388854 48.8668894),59,6,5906
27373404,48.8669533,2.2397685,3,,,POINT (2.2397685 48.8669533),59,7,5907
27373407,48.8663166,2.2415724,3,,,POINT (2.2415724 48.8663166),58,8,5808
27373411,48.867419,2.2426025,3,,,POINT (2.2426025 48.867419),59,8,5908
27373431,48.8742445,2.2452432,3,,,POINT (2.2452432 48.8742445),67,9,6709
27373432,48.8744469,2.2450293,3,,,POINT (2.2450293 48.8744469),68,9,6809
27373433,48.87412,2.2447253,3,,,POINT (2.2447253 48.87412),67,9,6709
27373463,48.8620221,2.2381054,1,,,POINT (2.2381054 48.8620221),53,6,5306
27415722,48.8745508,2.2757996,3,motorway_junction,,POINT (2.2757996 48.8745508),68,26,6826
27415726,48.8744579,2.2760559,3,,,POINT (2.2760559 48.8744579),68,26,6826
27415736,48.8659979,2.2684581,3,motorway_junction,,POINT (2.2684581 48.8659979),58,22,5822
27415756,48.8755725,2.3265939,4,traffic_signals,,POINT (2.3265939 48.8755725),69,52,6952
27415813,48.8739198,2.3158959,4,traffic_signals,,POINT (2.3158959 48.8739198),67,47,6747
27453294,48.8246312,2.3398894,3,,,POINT (2.3398894 48.8246312),10,59,1059
27681728,48.8440685,2.3819861,3,,,POINT (2.3819861 48.8440685),32,81,3281
29400085,48.8487897,2.3121908,4,,,POINT (2.3121908 48.8487897),38,45,3845
29400086,48.8488324,2.3114198,3,,,POINT (2.3114198 48.8488324),38,44,3844
29414561,48.8487245,2.2750512,4,,,POINT (2.2750512 48.8487245),38,25,3825
29414562,48.8499368,2.272228,4,traffic_signals,,POINT (2.272228 48.8499368),39,24,3924
29414990,48.8511595,2.2697397,3,,,POINT (2.2697397 48.8511595),41,22,4122
29414991,48.8515966,2.2692853,4,,,POINT (2.2692853 48.8515966),41,22,4122
29414993,48.8513943,2.2652509,3,,,POINT (2.2652509 48.8513943),41,20,4120
29414995,48.8521529,2.2642409,3,,,POINT (2.2642409 48.8521529),42,19,4219
29434737,48.8553699,2.3071396,3,,,POINT (2.3071396 48.8553699),45,42,4542
29434738,48.8576937,2.3059409,3,,,POINT (2.3059409 48.8576937),48,41,4841
29604212,48.8717777,2.3305842,4,traffic_signals,,POINT (2.3305842 48.8717777),64,54,6454
29604226,48.8735856,2.3283475,4,,,POINT (2.3283475 48.8735856),67,53,6753
29604227,48.8730323,2.3283036,6,,,POINT (2.3283036 48.8730323),66,53,6653
29604238,48.8721849,2.32987,3,,,POINT (2.32987 48.8721849),65,54,6554
29604239,48.8723065,2.328219,3,,,POINT (2.328219 48.8723065),65,53,6553
29604242,48.8731421,2.3267504,4,traffic_signals,,POINT (2.3267504 48.8731421),66,52,6652
29604243,48.8735071,2.3208299,4,traffic_signals,,POINT (2.3208299 48.8735071),66,49,6649
29604246,48.8730723,2.3277036,3,,,POINT (2.3277036 48.8730723),66,53,6653
29604272,48.8705675,2.3260902,4,traffic_signals,,POINT (2.3260902 48.8705675),63,52,6352
29604273,48.8695736,2.3258699,3,,,POINT (2.3258699 48.8695736),62,52,6252
30183055,48.8551202,2.3871219,4,traffic_signals,,POINT (2.3871219 48.8551202),45,84,4584
30183089,48.8555035,2.3896492,3,,,POINT (2.3896492 48.8555035),46,86,4686
30183253,48.8585347,2.3836681,4,,,POINT (2.3836681 48.8585347),49,82,4982
30183255,48.8573693,2.3808514,3,,,POINT (2.3808514 48.8573693),48,81,4881
30183343,48.8576206,2.3846064,4,traffic_signals,,POINT (2.3846064 48.8576206),48,83,4883
30183344,48.856547,2.3822274,3,,,POINT (2.3822274 48.856547),47,82,4782
30378216,48.8781944,2.3099007,1,,,POINT (2.3099007 48.8781944),72,44,7244
30378220,48.8805088,2.3097804,3,crossing,,POINT (2.3097804 48.8805088),75,43,7543
30378221,48.8803252,2.308573,3,,,POINT (2.308573 48.8803252),74,43,7443
30378224,48.8879989,2.3166963,3,,,POINT (2.3166963 48.8879989),83,47,8347
30378225,48.8872599,2.3178264,3,,,POINT (2.3178264 48.8872599),82,48,8248
30558781,48.8267719,2.3243365,3,traffic_signals,,POINT (2.3243365 48.8267719),12,51,1251
30560446,48.8248992,2.3184024,4,,,POINT (2.3184024 48.8248992),10,48,1048
30624766,48.8320578,2.2805406,4,traffic_signals,,POINT (2.2805406 48.8320578),18,28,1828
30657578,48.8199678,2.3567973,3,,,POINT (2.3567973 48.8199678),4,68,468
31960431,48.8791465,2.3031146,4,,,POINT (2.3031146 48.8791465),73,40,7340
31960694,48.8796048,2.3037185,3,,,POINT (2.3037185 48.8796048),74,40,7440
31960801,48.8800811,2.3022239,3,,,POINT (2.3022239 48.8800811),74,39,7439
31960812,48.8800559,2.3046232,3,,,POINT (2.3046232 48.8800559),74,41,7441
32037768,48.8408296,2.3738957,3,,,POINT (2.3738957 48.8408296),29,77,2977
32206953,48.8465347,2.3796359,3,,,POINT (2.3796359 48.8465347),35,80,3580
32207171,48.8634475,2.4133664,3,,,POINT (2.4133664 48.8634475),55,98,5598
32463560,48.8879391,2.3327427,4,,,POINT (2.3327427 48.8879391),83,56,8356
32463561,48.8884729,2.3330599,3,,,POINT (2.3330599 48.8884729),84,56,8456
32560608,48.8737179,2.3005648,4,,,POINT (2.3005648 48.8737179),67,39,6739
32560609,48.8733227,2.3014771,3,crossing,,POINT (2.3014771 48.8733227),66,39,6639
32560653,48.8732327,2.3001982,4,,,POINT (2.3001982 48.8732327),66,38,6638
32560666,48.8729901,2.302763,3,,,POINT (2.302763 48.8729901),66,40,6640
32560667,48.8734521,2.3034717,3,,,POINT (2.3034717 48.8734521),66,40,6640
32560668,48.8745848,2.3051972,3,traffic_signals,,POINT (2.3051972 48.8745848),68,41,6841
32560679,48.8724204,2.304132,3,,,POINT (2.304132 48.8724204),65,40,6540
32560680,48.8737055,2.3065132,4,,,POINT (2.3065132 48.8737055),67,42,6742
32560681,48.8742061,2.3074361,4,,,POINT (2.3074361 48.8742061),67,42,6742
32560682,48.8750141,2.3086572,3,traffic_signals,,POINT (2.3086572 48.8750141),68,43,6843
32560718,48.8731936,2.3073549,3,,,POINT (2.3073549 48.8731936),66,42,6642
32560719,48.872754,2.3080827,3,,,POINT (2.3080827 48.872754),66,43,6643
32560720,48.8726775,2.3082042,3,,,POINT (2.3082042 48.8726775),66,43,6643
32560721,48.8721542,2.3090607,3,,,POINT (2.3090607 48.8721542),65,43,6543
32560722,48.8717902,2.3061228,3,,,POINT (2.3061228 48.8717902),65,42,6542
32560723,48.8714127,2.3073081,4,,,POINT (2.3073081 48.8714127),64,42,6442
32560724,48.8709386,2.3088316,4,traffic_signals,,POINT (2.3088316 48.8709386),64,43,6443
32560725,48.8705292,2.3100895,4,traffic_signals,,POINT (2.3100895 48.8705292),63,44,6344
32560728,48.8734934,2.309147,3,,,POINT (2.309147 48.8734934),66,43,6643
32560746,48.8730914,2.3100236,4,traffic_signals,,POINT (2.3100236 48.8730914),66,44,6644
32560750,48.8699287,2.3119315,4,,,POINT (2.3119315 48.8699287),62,45,6245
32560751,48.8704136,2.312904,3,,,POINT (2.312904 48.8704136),63,45,6345
32560753,48.8725947,2.3147294,4,,,POINT (2.3147294 48.8725947),65,46,6546
32561070,48.8722526,2.3124642,3,,,POINT (2.3124642 48.8722526),65,45,6545
32561072,48.8721564,2.3127813,3,,,POINT (2.3127813 48.8721564),65,45,6545
32561073,48.8713388,2.3157095,3,,,POINT (2.3157095 48.8713388),64,47,6447
32561074,48.8711995,2.316122,3,,,POINT (2.316122 48.8711995),64,47,6447
32561132,48.8750336,2.3091818,4,traffic_signals,,POINT (2.3091818 48.8750336),68,43,6843
32561134,48.8751798,2.3128296,3,traffic_signals,,POINT (2.3128296 48.8751798),68,45,6845
32561135,48.8752402,2.3143628,3,,,POINT (2.3143628 48.8752402),69,46,6946
32561136,48.8753122,2.3157987,6,,,POINT (2.3157987 48.8753122),69,47,6947
32561279,48.872596,2.3100745,4,traffic_signals,,POINT (2.3100745 48.872596),65,44,6544
32561341,48.871388,2.3100809,4,traffic_signals,,POINT (2.3100809 48.871388),64,44,6444
32564429,48.8748836,2.3143833,3,,,POINT (2.3143833 48.8748836),68,46,6846
32564555,48.8742701,2.3100246,4,,,POINT (2.3100246 48.8742701),67,44,6744
32564556,48.8702135,2.3110419,4,,,POINT (2.3110419 48.8702135),63,44,6344
32565381,48.8777509,2.3058498,3,,,POINT (2.3058498 48.8777509),71,41,7141
32565382,48.8773515,2.3066924,3,,,POINT (2.3066924 48.8773515),71,42,7142
32565383,48.8754103,2.3088177,3,,,POINT (2.3088177 48.8754103),69,43,6943
32565441,48.8762835,2.3109239,3,,,POINT (2.3109239 48.8762835),70,44,7044
32565460,48.877612,2.3125549,4,,,POINT (2.3125549 48.877612),71,45,7145
32565475,48.8771498,2.3113468,3,,,POINT (2.3113468 48.8771498),71,44,7144
32565509,48.8775755,2.310237,4,,,POINT (2.310237 48.8775755),71,44,7144
32565511,48.8777174,2.3148576,4,,,POINT (2.3148576 48.8777174),71,46,7146
32565515,48.8789994,2.313358,3,,,POINT (2.313358 48.8789994),73,45,7345
33350670,48.8739015,2.4034315,3,,,POINT (2.4034315 48.8739015),67,93,6793
34096462,48.8593813,2.382825,3,,,POINT (2.382825 48.8593813),50,82,5082
34096774,48.8590336,2.381275,4,,,POINT (2.381275 48.8590336),50,81,5081
34096776,48.8597664,2.3806909,3,,,POINT (2.3806909 48.8597664),51,81,5181
34096777,48.8607145,2.3799308,3,,,POINT (2.3799308 48.8607145),52,80,5280
34097214,48.8601802,2.3820553,4,,,POINT (2.3820553 48.8601802),51,82,5182
34097216,48.8615853,2.380675,3,,,POINT (2.380675 48.8615853),53,81,5381
34097217,48.8621233,2.3801666,3,,,POINT (2.3801666 48.8621233),53,81,5381
34097218,48.8626966,2.3796314,3,,,POINT (2.3796314 48.8626966),54,80,5480
34097219,48.863055,2.3792969,4,,,POINT (2.3792969 48.863055),54,80,5480
34097220,48.8635501,2.3788795,3,,,POINT (2.3788795 48.8635501),55,80,5580
34151758,48.8594447,2.3827631,3,,,POINT (2.3827631 48.8594447),50,82,5082
34151805,48.8603089,2.3786397,4,traffic_signals,,POINT (2.3786397 48.8603089),51,80,5180
34632752,48.8624931,2.3859553,3,,,POINT (2.3859553 48.8624931),54,84,5484
34632753,48.8623432,2.385392,3,,,POINT (2.385392 48.8623432),54,83,5483
34632754,48.8623021,2.3852205,3,,,POINT (2.3852205 48.8623021),53,83,5383
34632755,48.8621402,2.3844281,3,,,POINT (2.3844281 48.8621402),53,83,5383
34632783,48.8581375,2.3719568,3,,,POINT (2.3719568 48.8581375),49,76,4976
34632784,48.8587694,2.3737956,3,,,POINT (2.3737956 48.8587694),49,77,4977
34632786,48.8594345,2.375842,4,,,POINT (2.375842 48.8594345),50,78,5078
34632819,48.8580365,2.3716607,4,,,POINT (2.3716607 48.8580365),49,76,4976
34665266,48.8846696,2.3397661,3,,,POINT (2.3397661 48.8846696),79,59,7959
34674540,48.861101,2.3811518,4,traffic_signals,,POINT (2.3811518 48.861101),52,81,5281
34674541,48.8615702,2.3825816,4,,,POINT (2.3825816 48.8615702),53,82,5382
34674620,48.8627766,2.3787073,3,,,POINT (2.3787073 48.8627766),54,80,5480
34674621,48.8624246,2.3790433,4,,,POINT (2.3790433 48.8624246),54,80,5480
34674622,48.8616422,2.3773387,4,traffic_signals,,POINT (2.3773387 48.8616422),53,79,5379
34674624,48.8606491,2.3783091,3,,,POINT (2.3783091 48.8606491),52,80,5280
34674636,48.8613564,2.3800964,4,,,POINT (2.3800964 48.8613564),52,80,5280
34760703,48.861978,2.378073,3,,,POINT (2.378073 48.861978),53,79,5379
34760743,48.8609566,2.3790911,3,,,POINT (2.3790911 48.8609566),52,80,5280
34760949,48.861886,2.379583,3,,,POINT (2.379583 48.861886),53,80,5380
34777850,48.8641906,2.3802358,3,,,POINT (2.3802358 48.8641906),56,81,5681
34816179,48.8632883,2.2866653,3,,,POINT (2.2866653 48.8632883),55,31,5531
34816181,48.8631099,2.286485,3,,,POINT (2.286485 48.8631099),54,31,5431
34816182,48.8629418,2.2864427,3,,,POINT (2.2864427 48.8629418),54,31,5431
34816380,48.8624668,2.2871615,3,,,POINT (2.2871615 48.8624668),54,32,5432
34816424,48.8629558,2.2691588,4,,,POINT (2.2691588 48.8629558),54,22,5422
34816425,48.8630533,2.2698223,3,,,POINT (2.2698223 48.8630533),54,22,5422
34816432,48.8642144,2.2749366,4,,,POINT (2.2749366 48.8642144),56,25,5625
34816433,48.8639585,2.2773634,4,,,POINT (2.2773634 48.8639585),55,26,5526
34816434,48.86349,2.2815517,4,,,POINT (2.2815517 48.86349),55,29,5529
34816435,48.8654683,2.2835,3,,,POINT (2.2835 48.8654683),57,30,5730
34816437,48.8656083,2.2833898,3,,,POINT (2.2833898 48.8656083),57,30,5730
34816439,48.8656036,2.2832064,3,,,POINT (2.2832064 48.8656036),57,29,5729
34816441,48.8655486,2.2831277,3,,,POINT (2.2831277 48.8655486),57,29,5729
34816443,48.8654233,2.2831356,3,,,POINT (2.2831356 48.8654233),57,29,5729
34816444,48.8653784,2.2832047,3,,,POINT (2.2832047 48.8653784),57,29,5729
34816446,48.8653685,2.2833738,3,,,POINT (2.2833738 48.8653685),57,30,5730
34816448,48.8634066,2.2869493,3,,,POINT (2.2869493 48.8634066),55,31,5531
34816455,48.8650712,2.2865054,4,traffic_signals,,POINT (2.2865054 48.8650712),57,31,5731
34816456,48.8660266,2.2862611,3,,,POINT (2.2862611 48.8660266),58,31,5831
34816457,48.866259,2.2862017,4,traffic_signals,,POINT (2.2862017 48.866259),58,31,5831
34816458,48.8694567,2.2853947,3,,,POINT (2.2853947 48.8694567),62,31,6231
34816475,48.8697852,2.285603,3,,,POINT (2.285603 48.8697852),62,31,6231
34816507,48.8695511,2.2850594,3,,,POINT (2.2850594 48.8695511),62,30,6230
34816538,48.8694721,2.2851976,3,,,POINT (2.2851976 48.8694721),62,31,6231
34816539,48.8695198,2.2855684,3,,,POINT (2.2855684 48.8695198),62,31,6231
34816540,48.8696273,2.2856515,3,,,POINT (2.2856515 48.8696273),62,31,6231
34816542,48.8698608,2.28547,3,,,POINT (2.28547 48.8698608),62,31,6231
34816544,48.8698787,2.2852855,3,,,POINT (2.2852855 48.8698787),62,31,6231
34816546,48.8698314,2.2851247,3,,,POINT (2.2851247 48.8698314),62,30,6230
34816547,48.8697349,2.2850247,3,,,POINT (2.2850247 48.8697349),62,30,6230
34816549,48.8652322,2.2853648,3,,,POINT (2.2853648 48.8652322),57,31,5731
34816563,48.8671049,2.2876783,3,,,POINT (2.2876783 48.8671049),59,32,5932
34816565,48.868474,2.2891435,3,,,POINT (2.2891435 48.868474),61,33,6133
34816566,48.8691212,2.2898109,4,,,POINT (2.2898109 48.8691212),61,33,6133
34816567,48.8698282,2.2905464,3,,,POINT (2.2905464 48.8698282),62,33,6233
34816568,48.8711063,2.2918637,3,,,POINT (2.2918637 48.8711063),64,34,6434
34816570,48.8728033,2.2932894,3,,,POINT (2.2932894 48.8728033),66,35,6635
34816573,48.8711631,2.2888586,4,traffic_signals,,POINT (2.2888586 48.8711631),64,32,6432
34816574,48.8724721,2.2872257,3,,,POINT (2.2872257 48.8724721),65,32,6532
34816576,48.8693778,2.2876722,3,,,POINT (2.2876722 48.8693778),62,32,6232
34816578,48.8685242,2.2871413,3,,,POINT (2.2871413 48.8685242),61,32,6132
34816582,48.867732,2.2884025,4,traffic_signals,,POINT (2.2884025 48.867732),60,32,6032
34816647,48.8662503,2.2864703,3,traffic_signals,,POINT (2.2864703 48.8662503),58,31,5831
34816662,48.8668626,2.284289,3,,,POINT (2.284289 48.8668626),59,30,5930
34816711,48.8659854,2.2818251,3,,,POINT (2.2818251 48.8659854),58,29,5829
34816712,48.8665588,2.2801115,4,,,POINT (2.2801115 48.8665588),58,28,5828
34816713,48.8669617,2.2789485,4,traffic_signals,,POINT (2.2789485 48.8669617),59,27,5927
34816717,48.8684235,2.2746995,3,,,POINT (2.2746995 48.8684235),61,25,6125
34816718,48.8688319,2.2734974,3,traffic_signals,,POINT (2.2734974 48.8688319),61,24,6124
34816750,48.8713941,2.2774677,4,,,POINT (2.2774677 48.8713941),64,26,6426
34816752,48.8717708,2.2809417,3,,,POINT (2.2809417 48.8717708),64,28,6428
34816753,48.8721988,2.2846852,4,traffic_signals,,POINT (2.2846852 48.8721988),65,30,6530
34816754,48.8729274,2.2913999,3,,,POINT (2.2913999 48.8729274),66,34,6634
34816758,48.8724886,2.2919918,3,,,POINT (2.2919918 48.8724886),65,34,6534
34816775,48.8706717,2.2876928,3,,,POINT (2.2876928 48.8706717),63,32,6332
34816822,48.8670767,2.2836018,3,,,POINT (2.2836018 48.8670767),59,30,5930
34816998,48.87214,2.2841954,4,,,POINT (2.2841954 48.87214),65,30,6530
34816999,48.8641183,2.2775566,4,,,POINT (2.2775566 48.8641183),56,27,5627
34817002,48.855176,2.2752346,3,,,POINT (2.2752346 48.855176),45,25,4525
34817003,48.8555309,2.2750872,3,,,POINT (2.2750872 48.8555309),46,25,4625
34817004,48.8564627,2.2746919,4,traffic_signals,,POINT (2.2746919 48.8564627),47,25,4725
34817006,48.8595524,2.2751942,4,,,POINT (2.2751942 48.8595524),50,25,5025
34817009,48.8612542,2.2754467,4,,,POINT (2.2754467 48.8612542),52,25,5225
34817010,48.8615656,2.2756309,3,,,POINT (2.2756309 48.8615656),53,25,5325
34817011,48.8627948,2.2763251,4,,,POINT (2.2763251 48.8627948),54,26,5426
34817017,48.8710808,2.2834308,3,,,POINT (2.2834308 48.8710808),64,30,6430
34817018,48.8715873,2.283799,3,,,POINT (2.283799 48.8715873),64,30,6430
34817055,48.8702255,2.2828083,4,traffic_signals,,POINT (2.2828083 48.8702255),63,29,6329
34817056,48.8704474,2.2817823,3,,,POINT (2.2817823 48.8704474),63,29,6329
34817057,48.8705714,2.2812373,3,,,POINT (2.2812373 48.8705714),63,28,6328
34817058,48.8710682,2.2789721,4,,,POINT (2.2789721 48.8710682),64,27,6427
34817059,48.8717972,2.276498,4,,,POINT (2.276498 48.8717972),65,26,6526
34817184,48.8692955,2.2746954,3,,,POINT (2.2746954 48.8692955),62,25,6225
34817185,48.8686018,2.2741755,4,traffic_signals,,POINT (2.2741755 48.8686018),61,25,6125
34817188,48.8664413,2.27276,4,traffic_signals,,POINT (2.27276 48.8664413),58,24,5824
34817192,48.8641568,2.2723667,4,,,POINT (2.2723667 48.8641568),56,24,5624
34817193,48.8639768,2.2723788,4,,,POINT (2.2723788 48.8639768),55,24,5524
34817194,48.8638584,2.2724006,3,,,POINT (2.2724006 48.8638584),55,24,5524
34817196,48.8629946,2.2726165,4,,,POINT (2.2726165 48.8629946),54,24,5424
34817198,48.8621556,2.273071,4,,,POINT (2.273071 48.8621556),53,24,5324
34817202,48.8606077,2.2738841,3,,,POINT (2.2738841 48.8606077),52,25,5225
34817220,48.866552,2.2723017,3,,,POINT (2.2723017 48.866552),58,24,5824
34817226,48.864031,2.2719291,4,,,POINT (2.2719291 48.864031),55,24,5524
34817227,48.8638535,2.2719723,4,,,POINT (2.2719723 48.8638535),55,24,5524
34817231,48.8621406,2.2725974,4,,,POINT (2.2725974 48.8621406),53,24,5324
34817240,48.8588292,2.2720952,3,,,POINT (2.2720952 48.8588292),49,24,4924
34817243,48.8667024,2.2716786,3,traffic_signals,,POINT (2.2716786 48.8667024),59,23,5923
34817253,48.8657961,2.2758015,3,traffic_signals,,POINT (2.2758015 48.8657961),58,26,5826
34817257,48.8643867,2.2750589,4,,,POINT (2.2750589 48.8643867),56,25,5625
34817259,48.8668427,2.2765526,3,,,POINT (2.2765526 48.8668427),59,26,5926
34817260,48.8676326,2.2770112,4,traffic_signals,,POINT (2.2770112 48.8676326),60,26,6026
34817262,48.8715954,2.2792717,3,,,POINT (2.2792717 48.8715954),64,27,6427
34817359,48.8719512,2.2825386,3,,,POINT (2.2825386 48.8719512),65,29,6529
34817364,48.8693114,2.279172,3,,,POINT (2.279172 48.8693114),62,27,6227
34817365,48.8698804,2.2795452,3,,,POINT (2.2795452 48.8698804),62,28,6228
34817368,48.8709035,2.2790575,3,,,POINT (2.2790575 48.8709035),63,27,6327
34817369,48.8709065,2.2788853,3,,,POINT (2.2788853 48.8709065),63,27,6327
34817370,48.8712248,2.2790702,3,,,POINT (2.2790702 48.8712248),64,27,6427
34817400,48.8710138,2.2792246,4,,,POINT (2.2792246 48.8710138),64,27,6427
34817406,48.8688839,2.2759942,4,,,POINT (2.2759942 48.8688839),61,26,6126
34817407,48.8682623,2.2773765,3,,,POINT (2.2773765 48.8682623),60,26,6026
34817410,48.8640768,2.2728613,3,,,POINT (2.2728613 48.8640768),56,24,5624
34817411,48.8643336,2.2729638,4,,,POINT (2.2729638 48.8643336),56,24,5624
34817412,48.8644513,2.2730168,3,,,POINT (2.2730168 48.8644513),56,24,5624
34817413,48.8661163,2.2741203,4,,,POINT (2.2741203 48.8661163),58,25,5825
34817414,48.8681461,2.2754993,4,traffic_signals,,POINT (2.2754993 48.8681461),60,25,6025
34817415,48.8694448,2.2763784,3,,,POINT (2.2763784 48.8694448),62,26,6226
34817442,48.8689865,2.2778019,4,,,POINT (2.2778019 48.8689865),61,27,6127
34817443,48.8684453,2.2786759,3,,,POINT (2.2786759 48.8684453),61,27,6127
34817450,48.8682631,2.2785851,1,,,POINT (2.2785851 48.8682631),60,27,6027
34817686,48.8678458,2.2763641,3,,,POINT (2.2763641 48.8678458),60,26,6026
34817688,48.8664616,2.2763247,3,,,POINT (2.2763247 48.8664616),58,26,5826
34817689,48.8666444,2.2755755,3,,,POINT (2.2755755 48.8666444),59,25,5925
34817691,48.866433,2.2776884,3,,,POINT (2.2776884 48.866433),58,27,5827
34817692,48.8663239,2.2732709,3,,,POINT (2.2732709 48.8663239),58,24,5824
34817741,48.8673921,2.2807348,3,,,POINT (2.2807348 48.8673921),59,28,5928
34817752,48.8647281,2.2813623,3,,,POINT (2.2813623 48.8647281),56,29,5629
34817753,48.8644203,2.2823658,4,,,POINT (2.2823658 48.8644203),56,29,5629
34817757,48.8632483,2.285314,3,,,POINT (2.285314 48.8632483),55,31,5531
34817771,48.8636537,2.2816971,4,,,POINT (2.2816971 48.8636537),55,29,5529
34817772,48.8628222,2.2809738,4,,,POINT (2.2809738 48.8628222),54,28,5428
34817774,48.8601468,2.2781075,4,,,POINT (2.2781075 48.8601468),51,27,5127
34817782,48.8593849,2.2772495,3,,,POINT (2.2772495 48.8593849),50,26,5026
34817783,48.8592556,2.2773991,3,,,POINT (2.2773991 48.8592556),50,26,5026
34817788,48.8594221,2.2761906,3,,,POINT (2.2761906 48.8594221),50,26,5026
34817789,48.8595292,2.2745679,3,,,POINT (2.2745679 48.8595292),50,25,5025
34817793,48.8594638,2.2737543,3,,,POINT (2.2737543 48.8594638),50,25,5025
34817796,48.8617487,2.2783419,3,,,POINT (2.2783419 48.8617487),53,27,5327
34817798,48.8605805,2.2770445,4,,,POINT (2.2770445 48.8605805),51,26,5126
34817806,48.8617478,2.2733587,3,,,POINT (2.2733587 48.8617478),53,24,5324
34817807,48.8622376,2.2708831,3,,,POINT (2.2708831 48.8622376),53,23,5323
34817811,48.863362,2.2743834,4,,,POINT (2.2743834 48.863362),55,25,5525
34817812,48.8608512,2.2799383,3,,,POINT (2.2799383 48.8608512),52,28,5228
34817813,48.8606991,2.2802025,3,,,POINT (2.2802025 48.8606991),52,28,5228
34817815,48.8596909,2.2820945,3,,,POINT (2.2820945 48.8596909),50,29,5029
34817816,48.8591879,2.2831223,3,,,POINT (2.2831223 48.8591879),50,29,5029
34817817,48.8585236,2.2845608,3,,,POINT (2.2845608 48.8585236),49,30,4930
34817839,48.8638122,2.2787143,3,,,POINT (2.2787143 48.8638122),55,27,5527
34817852,48.8622096,2.2775086,3,,,POINT (2.2775086 48.8622096),53,26,5326
34817989,48.8623774,2.2706051,4,,,POINT (2.2706051 48.8623774),54,23,5423
34817991,48.8614297,2.2723137,3,,,POINT (2.2723137 48.8614297),52,24,5224
34817992,48.8609459,2.2731579,3,,,POINT (2.2731579 48.8609459),52,24,5224
34818034,48.8621062,2.2699878,3,,,POINT (2.2699878 48.8621062),53,23,5323
34818035,48.8629739,2.2721854,4,,,POINT (2.2721854 48.8629739),54,24,5424
34818036,48.8626882,2.273957,4,,,POINT (2.273957 48.8626882),54,25,5425
34818040,48.8631118,2.2691375,3,,,POINT (2.2691375 48.8631118),54,22,5422
34818058,48.8628425,2.2683748,3,,,POINT (2.2683748 48.8628425),54,22,5422
34818082,48.8615108,2.270571,4,,,POINT (2.270571 48.8615108),53,23,5323
34818083,48.8609236,2.2711605,4,,,POINT (2.2711605 48.8609236),52,23,5223
34818084,48.8603483,2.2717845,4,,,POINT (2.2717845 48.8603483),51,23,5123
34818085,48.8601678,2.2732961,4,,,POINT (2.2732961 48.8601678),51,24,5124
34818087,48.8597911,2.2706336,1,,,POINT (2.2706336 48.8597911),51,23,5123
34818088,48.8599412,2.270937,3,,,POINT (2.270937 48.8599412),51,23,5123
34818097,48.8593471,2.2715558,3,,,POINT (2.2715558 48.8593471),50,23,5023
34818110,48.8603044,2.2697365,1,,,POINT (2.2697365 48.8603044),51,22,5122
34818121,48.8619027,2.2714662,3,,,POINT (2.2714662 48.8619027),53,23,5323
34818142,48.8639983,2.2718156,3,,,POINT (2.2718156 48.8639983),55,23,5523
34818158,48.8645168,2.269797,3,traffic_signals,,POINT (2.269797 48.8645168),56,22,5622
34818167,48.8637062,2.2796146,3,,,POINT (2.2796146 48.8637062),55,28,5528
34818272,48.8621518,2.2819113,3,,,POINT (2.2819113 48.8621518),53,29,5329
34818275,48.8610077,2.283391,4,traffic_signals,,POINT (2.283391 48.8610077),52,30,5230
34818276,48.8602866,2.2846064,4,,,POINT (2.2846064 48.8602866),51,30,5130
34818277,48.8599802,2.2856027,3,,,POINT (2.2856027 48.8599802),51,31,5131
34818301,48.8616976,2.2825037,3,,,POINT (2.2825037 48.8616976),53,29,5329
34818302,48.8620898,2.28312,3,,,POINT (2.28312 48.8620898),53,29,5329
34818325,48.8624397,2.2826587,1,,,POINT (2.2826587 48.8624397),54,29,5429
34818326,48.8617123,2.2836487,3,,,POINT (2.2836487 48.8617123),53,30,5330
34818327,48.8612785,2.2842303,3,,,POINT (2.2842303 48.8612785),52,30,5230
34818328,48.8618186,2.2849664,3,,,POINT (2.2849664 48.8618186),53,30,5330
34818374,48.8581705,2.2748549,4,,,POINT (2.2748549 48.8581705),49,25,4925
34818378,48.8597228,2.2789835,5,traffic_signals,,POINT (2.2789835 48.8597228),50,27,5027
34818408,48.8583314,2.2749515,5,,,POINT (2.2749515 48.8583314),49,25,4925
34818420,48.8526079,2.2682341,3,,,POINT (2.2682341 48.8526079),42,22,4222
34818421,48.8509147,2.267311,3,,,POINT (2.267311 48.8509147),40,21,4021
34818428,48.8580106,2.2768551,3,,,POINT (2.2768551 48.8580106),48,26,4826
34818434,48.8577839,2.28018,3,,,POINT (2.28018 48.8577839),48,28,4828
34818437,48.85869,2.2846451,3,,,POINT (2.2846451 48.85869),49,30,4930
34818440,48.8585929,2.2845351,3,,,POINT (2.2845351 48.8585929),49,30,4930
34818441,48.8584913,2.2846292,3,,,POINT (2.2846292 48.8584913),49,30,4930
34818443,48.8584969,2.2847743,3,,,POINT (2.2847743 48.8584969),49,30,4930
34818448,48.8586021,2.2848511,3,,,POINT (2.2848511 48.8586021),49,30,4930
34818459,48.8587799,2.278003,3,,,POINT (2.278003 48.8587799),49,27,4927
34818463,48.859074,2.2783544,3,,,POINT (2.2783544 48.859074),50,27,5027
34818466,48.8590886,2.2798617,3,,,POINT (2.2798617 48.8590886),50,28,5028
34818469,48.8578979,2.2807719,3,,,POINT (2.2807719 48.8578979),48,28,4828
34818472,48.8586783,2.2847733,3,,,POINT (2.2847733 48.8586783),49,30,4930
34818484,48.8619097,2.2861161,4,,,POINT (2.2861161 48.8619097),53,31,5331
34818510,48.8614474,2.2863814,3,,,POINT (2.2863814 48.8614474),52,31,5231
34818512,48.8606238,2.2860613,3,,,POINT (2.2860613 48.8606238),52,31,5231
34818551,48.8595667,2.2807448,3,,,POINT (2.2807448 48.8595667),50,28,5028
34818552,48.8591737,2.2814682,3,,,POINT (2.2814682 48.8591737),50,29,5029
34818554,48.8587354,2.2821964,3,,,POINT (2.2821964 48.8587354),49,29,4929
34818561,48.8599113,2.2797141,3,,,POINT (2.2797141 48.8599113),51,28,5128
34818576,48.8588606,2.2826977,3,,,POINT (2.2826977 48.8588606),49,29,4929
34818584,48.8583024,2.2831008,3,,,POINT (2.2831008 48.8583024),49,29,4929
34818588,48.8561877,2.2778487,5,,,POINT (2.2778487 48.8561877),46,27,4627
34818589,48.8576296,2.2775632,3,,,POINT (2.2775632 48.8576296),48,27,4827
34818590,48.8548422,2.2796032,3,,,POINT (2.2796032 48.8548422),45,28,4528
34818592,48.8568041,2.2757691,3,,,POINT (2.2757691 48.8568041),47,26,4726
34818593,48.8571199,2.2747255,4,,,POINT (2.2747255 48.8571199),47,25,4725
34818594,48.8571112,2.273422,3,,,POINT (2.273422 48.8571112),47,24,4724
34818596,48.8580246,2.2725678,4,,,POINT (2.2725678 48.8580246),49,24,4924
34818598,48.8568011,2.2740197,3,,,POINT (2.2740197 48.8568011),47,25,4725
34818599,48.8554099,2.2766244,3,,,POINT (2.2766244 48.8554099),45,26,4526
34818600,48.8543033,2.2782955,3,traffic_signals,,POINT (2.2782955 48.8543033),44,27,4427
34818603,48.8556048,2.280921,3,,,POINT (2.280921 48.8556048),46,28,4628
34818604,48.8559874,2.2776067,3,,,POINT (2.2776067 48.8559874),46,27,4627
34818610,48.8547119,2.279221,3,,,POINT (2.279221 48.8547119),45,27,4527
34818611,48.8563585,2.279754,3,,,POINT (2.279754 48.8563585),47,28,4728
34818614,48.8569343,2.2802247,3,,,POINT (2.2802247 48.8569343),47,28,4728
34818617,48.8569054,2.280637,3,,,POINT (2.280637 48.8569054),47,28,4728
34818618,48.8562072,2.2816207,3,,,POINT (2.2816207 48.8562072),46,29,4629
34818623,48.8577401,2.2799205,3,,,POINT (2.2799205 48.8577401),48,28,4828
34818625,48.8579552,2.2810799,3,,,POINT (2.2810799 48.8579552),48,28,4828
34818626,48.8567877,2.2824656,3,,,POINT (2.2824656 48.8567877),47,29,4729
34818635,48.8540449,2.2779,3,traffic_signals,,POINT (2.2779 48.8540449),44,27,4427
34818636,48.8537137,2.2773926,4,traffic_signals,,POINT (2.2773926 48.8537137),43,26,4326
34818640,48.8511055,2.2722836,4,,,POINT (2.2722836 48.8511055),40,24,4024
34818642,48.8496624,2.2686287,4,traffic_signals,,POINT (2.2686287 48.8496624),39,22,3922
34818644,48.8493024,2.2671565,3,,,POINT (2.2671565 48.8493024),38,21,3821
34818650,48.8484014,2.2665819,3,,,POINT (2.2665819 48.8484014),37,21,3721
34818652,48.8486689,2.2656566,3,,,POINT (2.2656566 48.8486689),38,20,3820
34818664,48.8483543,2.264926,4,,,POINT (2.264926 48.8483543),37,20,3720
34818665,48.8479827,2.264134,5,traffic_signals,,POINT (2.264134 48.8479827),37,19,3719
34818672,48.8475656,2.2663236,4,traffic_signals,,POINT (2.2663236 48.8475656),36,21,3621
34818707,48.8475461,2.2681893,3,,,POINT (2.2681893 48.8475461),36,22,3622
34818711,48.8478534,2.2651205,3,,,POINT (2.2651205 48.8478534),37,20,3720
34818712,48.8480941,2.2706302,4,,,POINT (2.2706302 48.8480941),37,23,3723
34818713,48.8484856,2.2701802,4,traffic_signals,,POINT (2.2701802 48.8484856),37,23,3723
34818714,48.8507148,2.2672014,4,,,POINT (2.2672014 48.8507148),40,21,4021
34818715,48.8508202,2.2670802,3,,,POINT (2.2670802 48.8508202),40,21,4021
34818716,48.8518042,2.2662299,4,,,POINT (2.2662299 48.8518042),41,21,4121
34818717,48.8530192,2.2648256,3,,,POINT (2.2648256 48.8530192),43,20,4320
34818735,48.8539825,2.2654425,3,,,POINT (2.2654425 48.8539825),44,20,4420
34818737,48.8555373,2.2661127,3,,,POINT (2.2661127 48.8555373),46,20,4620
34818739,48.8525283,2.267928,3,,,POINT (2.267928 48.8525283),42,21,4221
34818741,48.8533824,2.266513,3,,,POINT (2.266513 48.8533824),43,21,4321
34818743,48.8526066,2.2652939,3,,,POINT (2.2652939 48.8526066),42,20,4220
34818760,48.8503699,2.2658323,4,,,POINT (2.2658323 48.8503699),40,20,4020
34818762,48.8490918,2.2693786,4,,,POINT (2.2693786 48.8490918),38,22,3822
34818774,48.8497223,2.2655991,4,,,POINT (2.2655991 48.8497223),39,20,3920
34818778,48.8474885,2.2671017,3,,,POINT (2.2671017 48.8474885),36,21,3621
34818779,48.848125,2.2595582,5,,,POINT (2.2595582 48.848125),37,17,3717
34818785,48.8479914,2.2513016,3,,,POINT (2.2513016 48.8479914),37,13,3713
34818786,48.8478604,2.2572906,4,,,POINT (2.2572906 48.8478604),37,16,3716
34818796,48.8481291,2.2587167,4,,,POINT (2.2587167 48.8481291),37,17,3717
34818801,48.8567087,2.2720813,3,,,POINT (2.2720813 48.8567087),47,24,4724
34818812,48.8564168,2.2727237,1,,,POINT (2.2727237 48.8564168),47,24,4724
34818837,48.8550945,2.2720361,3,,,POINT (2.2720361 48.8550945),45,24,4524
34818843,48.855554,2.2702205,4,traffic_signals,,POINT (2.2702205 48.855554),46,23,4623
34818845,48.8542033,2.2755291,4,traffic_signals,,POINT (2.2755291 48.8542033),44,25,4425
34818846,48.8562276,2.2731633,1,,,POINT (2.2731633 48.8562276),46,24,4624
34818847,48.8544246,2.2702097,3,,,POINT (2.2702097 48.8544246),44,23,4423
34818848,48.8553766,2.270913,4,,,POINT (2.270913 48.8553766),45,23,4523
34818849,48.8562806,2.2717309,3,,,POINT (2.2717309 48.8562806),46,23,4623
34818859,48.8559539,2.2722284,3,,,POINT (2.2722284 48.8559539),46,24,4624
34818871,48.8565091,2.2725916,1,,,POINT (2.2725916 48.8565091),47,24,4724
34818886,48.8582029,2.2737091,3,,,POINT (2.2737091 48.8582029),49,24,4924
34818898,48.852724,2.2625129,4,traffic_signals,,POINT (2.2625129 48.852724),42,19,4219
34818912,48.855841,2.2691297,3,,,POINT (2.2691297 48.855841),46,22,4622
34818913,48.8573069,2.2693073,3,,,POINT (2.2693073 48.8573069),48,22,4822
34818920,48.8558456,2.2647378,3,,,POINT (2.2647378 48.8558456),46,20,4620
34818930,48.8529741,2.275815,3,traffic_signals,,POINT (2.275815 48.8529741),43,26,4326
34818932,48.8539726,2.2689868,3,,,POINT (2.2689868 48.8539726),44,22,4422
34818935,48.8538392,2.2717747,3,,,POINT (2.2717747 48.8538392),44,23,4423
34818937,48.8533401,2.27116,3,,,POINT (2.27116 48.8533401),43,23,4323
34818938,48.8518439,2.2739299,4,traffic_signals,,POINT (2.2739299 48.8518439),41,25,4125
34818939,48.8511954,2.2750783,3,,,POINT (2.2750783 48.8511954),41,25,4125
34819097,48.8503715,2.2732955,3,,,POINT (2.2732955 48.8503715),40,24,4024
34819104,48.8532013,2.2709951,3,,,POINT (2.2709951 48.8532013),43,23,4323
34819140,48.8529353,2.2719094,3,,,POINT (2.2719094 48.8529353),43,24,4324
34819141,48.8537619,2.27225,3,,,POINT (2.27225 48.8537619),44,24,4424
34819142,48.8500086,2.2681249,3,,,POINT (2.2681249 48.8500086),39,22,3922
34819151,48.8503137,2.2685047,1,,,POINT (2.2685047 48.8503137),40,22,4022
34819154,48.8496747,2.2760102,3,,,POINT (2.2760102 48.8496747),39,26,3926
34819155,48.8501355,2.2749378,3,,,POINT (2.2749378 48.8501355),39,25,3925
34819156,48.8494856,2.2742921,3,,,POINT (2.2742921 48.8494856),39,25,3925
34819157,48.8500758,2.2764153,3,,,POINT (2.2764153 48.8500758),39,26,3926
34819158,48.850548,2.2753407,3,,,POINT (2.2753407 48.850548),40,25,4025
34819159,48.8512643,2.2759171,3,,,POINT (2.2759171 48.8512643),41,26,4126
34819160,48.8490978,2.2738947,4,,,POINT (2.2738947 48.8490978),38,25,3825
34819161,48.8476858,2.2725241,3,,,POINT (2.2725241 48.8476858),36,24,3624
34819213,48.8473101,2.2689068,4,traffic_signals,,POINT (2.2689068 48.8473101),36,22,3622
34819216,48.8445008,2.2718911,4,traffic_signals,,POINT (2.2718911 48.8445008),33,24,3324
34819298,48.8396641,2.262944,3,traffic_signals,,POINT (2.262944 48.8396641),27,19,2719
34819299,48.8400976,2.2637793,3,,,POINT (2.2637793 48.8400976),28,19,2819
34819304,48.8453084,2.2715954,4,,,POINT (2.2715954 48.8453084),34,23,3423
34819350,48.8487487,2.2639254,3,,,POINT (2.2639254 48.8487487),38,19,3819
34819375,48.8488291,2.2647416,3,,,POINT (2.2647416 48.8488291),38,20,3820
34819406,48.8485528,2.2619995,3,,,POINT (2.2619995 48.8485528),37,18,3718
34819421,48.8437295,2.2594633,4,traffic_signals,,POINT (2.2594633 48.8437295),32,17,3217
34819428,48.8452396,2.2619205,4,,,POINT (2.2619205 48.8452396),34,18,3418
34819429,48.8431532,2.2602036,4,traffic_signals,,POINT (2.2602036 48.8431532),31,17,3117
34819430,48.8408039,2.2584124,3,,,POINT (2.2584124 48.8408039),28,16,2816
34833592,48.887858,2.2976782,3,,,POINT (2.2976782 48.887858),83,37,8337
34836995,48.8893943,2.3007158,3,,,POINT (2.3007158 48.8893943),85,39,8539
34837037,48.8895652,2.3010959,3,,,POINT (2.3010959 48.8895652),85,39,8539
34837038,48.8900694,2.3011399,3,,,POINT (2.3011399 48.8900694),86,39,8639
34837075,48.8900423,2.3019041,3,,,POINT (2.3019041 48.8900423),86,39,8639
34837156,48.8895544,2.3018767,3,,,POINT (2.3018767 48.8895544),85,39,8539
34843153,48.8714369,2.3119705,3,,,POINT (2.3119705 48.8714369),64,45,6445
34843155,48.8803785,2.3028313,4,,,POINT (2.3028313 48.8803785),74,40,7440
34843156,48.8728718,2.3159826,4,traffic_signals,,POINT (2.3159826 48.8728718),66,47,6647
34843158,48.8732325,2.317932,4,,,POINT (2.317932 48.8732325),66,48,6648
34843160,48.8733917,2.3195738,4,,,POINT (2.3195738 48.8733917),66,49,6649
34843165,48.8741994,2.3175277,4,traffic_signals,,POINT (2.3175277 48.8741994),67,48,6748
34843168,48.871694,2.318445,4,,,POINT (2.318445 48.871694),64,48,6448
34843170,48.8745263,2.3194392,3,traffic_signals,,POINT (2.3194392 48.8745263),68,49,6849
34845749,48.8593576,2.2974678,3,,,POINT (2.2974678 48.8593576),50,37,5037
34845752,48.8586493,2.2985733,4,,,POINT (2.2985733 48.8586493),49,38,4938
34845754,48.8590626,2.3005847,3,,,POINT (2.3005847 48.8590626),50,39,5039
34845756,48.8603254,2.300982,3,,,POINT (2.300982 48.8603254),51,39,5139
34845759,48.8605335,2.2986461,3,,,POINT (2.2986461 48.8605335),51,38,5138
34845761,48.8609863,2.3011909,4,traffic_signals,,POINT (2.3011909 48.8609863),52,39,5239
34845763,48.8599112,2.2966038,3,,,POINT (2.2966038 48.8599112),51,37,5137
34845764,48.8596371,2.3011654,3,,,POINT (2.3011654 48.8596371),50,39,5039
34845766,48.8583335,2.3020207,3,,,POINT (2.3020207 48.8583335),49,39,4939
34845768,48.8598321,2.3030091,3,,,POINT (2.3030091 48.8598321),51,40,5140
34845770,48.859651,2.3007692,3,traffic_signals,,POINT (2.3007692 48.859651),50,39,5039
34845775,48.861157,2.3023671,4,,,POINT (2.3023671 48.861157),52,40,5240
34845781,48.8581288,2.301447,3,,,POINT (2.301447 48.8581288),49,39,4939
34845783,48.8563232,2.30274,3,,,POINT (2.30274 48.8563232),47,40,4740
34845786,48.8567753,2.3035662,3,,,POINT (2.3035662 48.8567753),47,40,4740
34845795,48.8588107,2.303184,3,,,POINT (2.303184 48.8588107),49,40,4940
34909004,48.8690396,2.3147541,3,,,POINT (2.3147541 48.8690396),61,46,6146
34909005,48.8694642,2.3133958,3,,,POINT (2.3133958 48.8694642),62,45,6245
34909006,48.8711169,2.3162913,3,,,POINT (2.3162913 48.8711169),64,47,6447
34909007,48.8703495,2.3176551,3,,,POINT (2.3176551 48.8703495),63,48,6348
34909008,48.8696233,2.319034,3,,,POINT (2.319034 48.8696233),62,48,6248
34909009,48.8691711,2.3203432,3,,,POINT (2.3203432 48.8691711),61,49,6149
34909010,48.8688343,2.3146188,3,,,POINT (2.3146188 48.8688343),61,46,6146
34909024,48.8707142,2.3228292,3,,,POINT (2.3228292 48.8707142),63,50,6350
34909025,48.8704222,2.322703,3,,,POINT (2.322703 48.8704222),63,50,6350
34909027,48.8721437,2.3217869,3,traffic_signals,,POINT (2.3217869 48.8721437),65,50,6550
34909028,48.871344,2.3177128,3,,,POINT (2.3177128 48.871344),64,48,6448
34909031,48.8719262,2.3186715,3,,,POINT (2.3186715 48.8719262),65,48,6548
34909032,48.8719737,2.3182746,3,,,POINT (2.3182746 48.8719737),65,48,6548
34909033,48.8718737,2.3192483,3,,,POINT (2.3192483 48.8718737),65,48,6548
34909034,48.8711624,2.3216449,4,,,POINT (2.3216449 48.8711624),64,50,6450
34909035,48.8707363,2.321379,4,,,POINT (2.321379 48.8707363),63,50,6350
34909037,48.8711719,2.3200334,3,,,POINT (2.3200334 48.8711719),64,49,6449
34909038,48.8706572,2.3197009,3,,,POINT (2.3197009 48.8706572),63,49,6349
34909039,48.871183,2.3181796,3,,,POINT (2.3181796 48.871183),64,48,6448
34909040,48.8710516,2.3164245,3,,,POINT (2.3164245 48.8710516),64,47,6447
34909041,48.8704592,2.3174674,3,,,POINT (2.3174674 48.8704592),63,48,6348
34909043,48.8709396,2.3226649,4,traffic_signals,,POINT (2.3226649 48.8709396),64,50,6450
34909158,48.8809207,2.3039394,3,,,POINT (2.3039394 48.8809207),75,40,7540
34909161,48.851785,2.2916875,4,,,POINT (2.2916875 48.851785),41,34,4134
34909185,48.8428604,2.3123884,4,,,POINT (2.3123884 48.8428604),31,45,3145
34909186,48.8429995,2.3127928,4,,,POINT (2.3127928 48.8429995),31,45,3145
34909758,48.8210734,2.3544598,3,,,POINT (2.3544598 48.8210734),6,67,667
34909760,48.8282852,2.3029751,4,traffic_signals,,POINT (2.3029751 48.8282852),14,40,1440
34909762,48.8281489,2.3035882,3,,,POINT (2.3035882 48.8281489),14,40,1440
34909764,48.8352771,2.280995,3,,,POINT (2.280995 48.8352771),22,28,2228
34909766,48.8342881,2.283959,4,traffic_signals,,POINT (2.283959 48.8342881),21,30,2130
34909775,48.8323285,2.2876736,3,traffic_signals,,POINT (2.2876736 48.8323285),19,32,1932
34909787,48.8308097,2.2923989,4,,,POINT (2.2923989 48.8308097),17,34,1734
34909791,48.8284779,2.3013615,4,traffic_signals,,POINT (2.3013615 48.8284779),14,39,1439
34909797,48.8260188,2.3125631,4,,,POINT (2.3125631 48.8260188),11,45,1145
34909804,48.8236762,2.3231609,5,,,POINT (2.3231609 48.8236762),9,51,951
34909805,48.823027,2.3255843,4,,,POINT (2.3255843 48.823027),8,52,852
34909807,48.8233042,2.3243729,3,,,POINT (2.3243729 48.8233042),8,51,851
34909808,48.8227929,2.3265969,3,traffic_signals,,POINT (2.3265969 48.8227929),8,52,852
34909811,48.8212246,2.3343062,3,traffic_signals,,POINT (2.3343062 48.8212246),6,56,656
34909817,48.8193299,2.3445781,4,,,POINT (2.3445781 48.8193299),4,62,462
34909834,48.8188776,2.3595373,4,,,POINT (2.3595373 48.8188776),3,70,370
34909839,48.8192178,2.3620697,4,,,POINT (2.3620697 48.8192178),3,71,371
34909841,48.8360334,2.2781151,4,,,POINT (2.2781151 48.8360334),23,27,2327
34910232,48.8334923,2.2865523,4,traffic_signals,,POINT (2.2865523 48.8334923),20,31,2031
35514153,48.8672959,2.3759192,4,,,POINT (2.3759192 48.8672959),59,78,5978
35514154,48.8684407,2.3749039,4,traffic_signals,,POINT (2.3749039 48.8684407),61,78,6178
35514390,48.8705636,2.3728843,4,traffic_signals,,POINT (2.3728843 48.8705636),63,77,6377
35514661,48.8700004,2.3710483,4,traffic_signals,,POINT (2.3710483 48.8700004),62,76,6276
36466111,48.8367133,2.3382689,3,,,POINT (2.3382689 48.8367133),24,58,2458
36466129,48.8376632,2.3356024,3,,,POINT (2.3356024 48.8376632),25,57,2557
36466301,48.8373147,2.3365636,4,,,POINT (2.3365636 48.8373147),24,58,2458
36466893,48.8358733,2.3377495,3,,,POINT (2.3377495 48.8358733),23,58,2358
36467166,48.8353782,2.3416844,3,,,POINT (2.3416844 48.8353782),22,60,2260
36467756,48.8449988,2.3198283,4,traffic_signals,,POINT (2.3198283 48.8449988),33,49,3349
36468207,48.8447128,2.3188078,2,,,POINT (2.3188078 48.8447128),33,48,3348
36468208,48.8445867,2.3183543,2,,,POINT (2.3183543 48.8445867),33,48,3348
36468210,48.8444207,2.3176931,4,traffic_signals,,POINT (2.3176931 48.8444207),33,48,3348
36468214,48.8437119,2.3151948,3,,,POINT (2.3151948 48.8437119),32,46,3246
36468215,48.8435548,2.3146651,3,,,POINT (2.3146651 48.8435548),32,46,3246
36468216,48.8433725,2.3140507,3,,,POINT (2.3140507 48.8433725),31,46,3146
36468217,48.8432339,2.3135832,3,,,POINT (2.3135832 48.8432339),31,45,3145
36468339,48.8413488,2.3136564,4,traffic_signals,,POINT (2.3136564 48.8413488),29,46,2946
36468340,48.8410501,2.3145408,3,,,POINT (2.3145408 48.8410501),29,46,2946
36468341,48.8415355,2.3140103,4,traffic_signals,,POINT (2.3140103 48.8415355),29,46,2946
36468343,48.842267,2.3133626,4,traffic_signals,,POINT (2.3133626 48.842267),30,45,3045
36468981,48.8417897,2.314492,3,,,POINT (2.314492 48.8417897),30,46,3046
36468983,48.8420172,2.3149286,3,,,POINT (2.3149286 48.8420172),30,46,3046
36468984,48.8425587,2.3159644,3,,,POINT (2.3159644 48.8425587),31,47,3147
36469070,48.8426047,2.3145432,3,,,POINT (2.3145432 48.8426047),31,46,3146
36469071,48.8424721,2.3140535,4,,,POINT (2.3140535 48.8424721),30,46,3046
36469532,48.8430079,2.3167879,3,traffic_signals,,POINT (2.3167879 48.8430079),31,47,3147
36469552,48.8415678,2.3183239,3,,,POINT (2.3183239 48.8415678),29,48,2948
36469609,48.8408954,2.3159691,3,,,POINT (2.3159691 48.8408954),29,47,2947
36469792,48.8414743,2.3154364,3,,,POINT (2.3154364 48.8414743),29,46,2946
36469963,48.8404648,2.3151473,3,,,POINT (2.3151473 48.8404648),28,46,2846
36470367,48.8386563,2.3145718,4,traffic_signals,,POINT (2.3145718 48.8386563),26,46,2646
36471402,48.8374831,2.3202237,4,traffic_signals,,POINT (2.3202237 48.8374831),25,49,2549
36471404,48.8373496,2.3194453,3,,,POINT (2.3194453 48.8373496),24,49,2449
36471648,48.8368222,2.3232462,4,traffic_signals,,POINT (2.3232462 48.8368222),24,51,2451
36471649,48.8362216,2.3234901,3,,,POINT (2.3234901 48.8362216),23,51,2351
36471651,48.8354988,2.3237679,3,traffic_signals,,POINT (2.3237679 48.8354988),22,51,2251
36471747,48.8356797,2.3249551,3,,,POINT (2.3249551 48.8356797),23,51,2351
36472067,48.836017,2.3276344,3,traffic_signals,,POINT (2.3276344 48.836017),23,53,2353
36472069,48.8361583,2.3272356,3,,,POINT (2.3272356 48.8361583),23,53,2353
36472070,48.8363607,2.3266162,3,,,POINT (2.3266162 48.8363607),23,52,2352
36472071,48.8366188,2.3258462,3,,,POINT (2.3258462 48.8366188),24,52,2452
36472072,48.8372329,2.3240066,3,,,POINT (2.3240066 48.8372329),24,51,2451
36472283,48.8340841,2.3243448,3,,,POINT (2.3243448 48.8340841),21,51,2151
36472431,48.8326864,2.3249093,4,,,POINT (2.3249093 48.8326864),19,51,1951
36472566,48.8326214,2.3251053,4,,,POINT (2.3251053 48.8326214),19,52,1952
36472568,48.8335716,2.3258159,4,,,POINT (2.3258159 48.8335716),20,52,2052
36472569,48.8342121,2.3262906,4,traffic_signals,,POINT (2.3262906 48.8342121),21,52,2152
36472665,48.8349739,2.3268632,4,,,POINT (2.3268632 48.8349739),22,52,2252
36472814,48.834297,2.3309349,3,,,POINT (2.3309349 48.834297),21,55,2155
36472843,48.835165,2.3299977,4,traffic_signals,,POINT (2.3299977 48.835165),22,54,2254
36472844,48.8355563,2.3288758,3,,,POINT (2.3288758 48.8355563),22,54,2254
36473030,48.8353392,2.3292298,4,,,POINT (2.3292298 48.8353392),22,54,2254
36473032,48.8349731,2.3298292,4,traffic_signals,,POINT (2.3298292 48.8349731),22,54,2254
36473079,48.8349858,2.3318586,3,,,POINT (2.3318586 48.8349858),22,55,2255
36473226,48.8369723,2.3314555,3,,,POINT (2.3314555 48.8369723),24,55,2455
36473316,48.8355642,2.3303198,3,,,POINT (2.3303198 48.8355642),22,54,2254
36473602,48.8322136,2.330682,3,traffic_signals,,POINT (2.330682 48.8322136),18,54,1854
36473759,48.8313718,2.3299492,3,traffic_signals,,POINT (2.3299492 48.8313718),18,54,1854
36474058,48.8344165,2.3333776,3,,,POINT (2.3333776 48.8344165),21,56,2156
36474700,48.8329773,2.3282033,3,,,POINT (2.3282033 48.8329773),19,53,1953
36474701,48.8334436,2.3285891,3,,,POINT (2.3285891 48.8334436),20,53,2053
36474702,48.8341265,2.3291426,3,,,POINT (2.3291426 48.8341265),21,54,2154
36475482,48.8333777,2.3264397,3,,,POINT (2.3264397 48.8333777),20,52,2052
36475483,48.8332219,2.3269946,3,,,POINT (2.3269946 48.8332219),20,53,2053
36475570,48.8315248,2.3266184,3,,,POINT (2.3266184 48.8315248),18,52,1852
36475791,48.8353948,2.325727,4,,,POINT (2.325727 48.8353948),22,52,2252
36475792,48.8351383,2.3264075,3,,,POINT (2.3264075 48.8351383),22,52,2252
36475793,48.8346021,2.3278623,3,,,POINT (2.3278623 48.8346021),21,53,2153
36475794,48.8343851,2.3284474,4,,,POINT (2.3284474 48.8343851),21,53,2153
36475830,48.8338832,2.3272689,3,,,POINT (2.3272689 48.8338832),20,53,2053
36475835,48.8336822,2.327871,3,,,POINT (2.327871 48.8336822),20,53,2053
36476106,48.8361673,2.3254182,3,,,POINT (2.3254182 48.8361673),23,52,2352
36476152,48.8369706,2.3235206,3,,,POINT (2.3235206 48.8369706),24,51,2451
36476556,48.8316283,2.3244231,4,traffic_signals,,POINT (2.3244231 48.8316283),18,51,1851
36476557,48.8309992,2.3239845,3,,,POINT (2.3239845 48.8309992),17,51,1751
36476560,48.8298683,2.3231328,4,,,POINT (2.3231328 48.8298683),16,51,1651
36476800,48.8314758,2.3254156,3,,,POINT (2.3254156 48.8314758),18,52,1852
36476880,48.8361984,2.3221818,3,,,POINT (2.3221818 48.8361984),23,50,2350
36476881,48.8359965,2.3218458,3,,,POINT (2.3218458 48.8359965),23,50,2350
36476882,48.8359175,2.321708,3,,,POINT (2.321708 48.8359175),23,50,2350
36476883,48.8356132,2.3211954,3,,,POINT (2.3211954 48.8356132),22,49,2249
36476885,48.8350992,2.3203191,4,,,POINT (2.3203191 48.8350992),22,49,2249
36476886,48.8343841,2.31895,3,,,POINT (2.31895 48.8343841),21,48,2148
36476887,48.8339549,2.318144,4,traffic_signals,,POINT (2.318144 48.8339549),21,48,2148
36476888,48.8336965,2.3176599,3,,,POINT (2.3176599 48.8336965),20,48,2048
36476889,48.8334418,2.3171631,3,,,POINT (2.3171631 48.8334418),20,47,2047
36476890,48.833401,2.3170888,3,,,POINT (2.3170888 48.833401),20,47,2047
36476891,48.8329513,2.3162465,4,traffic_signals,,POINT (2.3162465 48.8329513),19,47,1947
36476892,48.8326383,2.3156725,3,,,POINT (2.3156725 48.8326383),19,47,1947
36476946,48.8319688,2.3135538,3,,,POINT (2.3135538 48.8319688),18,45,1845
36476947,48.8322287,2.3128614,3,traffic_signals,,POINT (2.3128614 48.8322287),19,45,1945
36477659,48.8334113,2.3155271,3,,,POINT (2.3155271 48.8334113),20,46,2046
36477660,48.8337163,2.3149783,4,,,POINT (2.3149783 48.8337163),20,46,2046
36477661,48.8339302,2.3144351,3,,,POINT (2.3144351 48.8339302),20,46,2046
36477662,48.8343599,2.3136225,4,traffic_signals,,POINT (2.3136225 48.8343599),21,45,2145
36477762,48.8351529,2.3149402,3,,,POINT (2.3149402 48.8351529),22,46,2246
36477849,48.8347656,2.3168426,4,traffic_signals,,POINT (2.3168426 48.8347656),21,47,2147
36478353,48.8329587,2.3139148,3,,,POINT (2.3139148 48.8329587),19,46,1946
36478354,48.8342569,2.3159472,3,,,POINT (2.3159472 48.8342569),21,47,2147
36478355,48.8343666,2.3161463,3,,,POINT (2.3161463 48.8343666),21,47,2147
36478356,48.8350378,2.3173357,3,,,POINT (2.3173357 48.8350378),22,47,2247
36478357,48.8352923,2.3177901,3,,,POINT (2.3177901 48.8352923),22,48,2248
36478359,48.8358752,2.3188244,3,,,POINT (2.3188244 48.8358752),23,48,2348
36478941,48.834765,2.3155258,3,,,POINT (2.3155258 48.834765),21,46,2146
36479232,48.8364921,2.3201463,4,,,POINT (2.3201463 48.8364921),23,49,2349
36479233,48.8367592,2.3207375,4,,,POINT (2.3207375 48.8367592),24,49,2449
36479234,48.837033,2.321369,3,,,POINT (2.321369 48.837033),24,50,2450
36479645,48.8359732,2.3218851,3,crossing,,POINT (2.3218851 48.8359732),23,50,2350
36479826,48.8337933,2.3215669,3,,,POINT (2.3215669 48.8337933),20,50,2050
36479827,48.8332458,2.3232408,3,,,POINT (2.3232408 48.8332458),20,51,2051
36480043,48.8343836,2.3217889,3,traffic_signals,,POINT (2.3217889 48.8343836),21,50,2150
36480264,48.8316272,2.3200412,3,,,POINT (2.3200412 48.8316272),18,49,1849
36480265,48.8317685,2.3201293,3,,,POINT (2.3201293 48.8317685),18,49,1849
36480268,48.8324437,2.3205525,3,,,POINT (2.3205525 48.8324437),19,49,1949
36480269,48.8329865,2.3208964,3,,,POINT (2.3208964 48.8329865),19,49,1949
36480498,48.8332068,2.3193396,3,,,POINT (2.3193396 48.8332068),20,49,2049
36480556,48.8321802,2.320375,3,,,POINT (2.320375 48.8321802),18,49,1849
36480662,48.8310473,2.3174929,3,,,POINT (2.3174929 48.8310473),17,48,1748
36480663,48.8311355,2.3171503,3,,,POINT (2.3171503 48.8311355),17,47,1747
36480664,48.8315526,2.3153589,3,,,POINT (2.3153589 48.8315526),18,46,1846
36480709,48.8317688,2.3178741,3,,,POINT (2.3178741 48.8317688),18,48,1848
36480971,48.8326702,2.3144866,3,,,POINT (2.3144866 48.8326702),19,46,1946
36481200,48.8323489,2.3224737,3,,,POINT (2.3224737 48.8323489),19,50,1950
36481203,48.8302377,2.3200551,3,,,POINT (2.3200551 48.8302377),16,49,1649
36481290,48.829835,2.3211682,3,,,POINT (2.3211682 48.829835),16,49,1649
36481291,48.8303799,2.3196756,3,traffic_signals,,POINT (2.3196756 48.8303799),16,49,1649
36481435,48.8307897,2.3210431,3,,,POINT (2.3210431 48.8307897),17,49,1749
36481436,48.8312189,2.3214525,3,,,POINT (2.3214525 48.8312189),17,50,1750
36481437,48.8313596,2.3215897,3,,,POINT (2.3215897 48.8313596),18,50,1850
36481438,48.8317638,2.3219766,4,,,POINT (2.3219766 48.8317638),18,50,1850
36481439,48.8320682,2.3222406,4,,,POINT (2.3222406 48.8320682),18,50,1850
36481440,48.8326319,2.3227086,3,,,POINT (2.3227086 48.8326319),19,50,1950
36481605,48.8317295,2.3239267,3,,,POINT (2.3239267 48.8317295),18,51,1851
36481889,48.8302781,2.3232368,3,,,POINT (2.3232368 48.8302781),16,51,1651
36482951,48.8338744,2.3080998,4,traffic_signals,,POINT (2.3080998 48.8338744),20,43,2043
36482973,48.8343446,2.3064662,3,,,POINT (2.3064662 48.8343446),21,42,2142
36483071,48.8347253,2.3051594,4,traffic_signals,,POINT (2.3051594 48.8347253),21,41,2141
36483072,48.8351204,2.3037932,3,,,POINT (2.3037932 48.8351204),22,40,2240
36483203,48.835153,2.3055295,3,,,POINT (2.3055295 48.835153),22,41,2241
36483339,48.8395889,2.2930953,4,traffic_signals,,POINT (2.2930953 48.8395889),27,35,2735
36483363,48.8404633,2.2957232,4,traffic_signals,,POINT (2.2957232 48.8404633),28,36,2836
36483364,48.8402767,2.2951703,3,,,POINT (2.2951703 48.8402767),28,36,2836
36483675,48.8420162,2.3006137,4,,,POINT (2.3006137 48.8420162),30,39,3039
36483678,48.841567,2.2991046,4,traffic_signals,,POINT (2.2991046 48.841567),29,38,2938
36485460,48.856161,2.2931026,3,traffic_signals,,POINT (2.2931026 48.856161),46,35,4635
36485568,48.8562691,2.292933,3,traffic_signals,,POINT (2.292933 48.8562691),46,35,4635
36486916,48.8592284,2.2976695,3,,,POINT (2.2976695 48.8592284),50,37,5037
36487176,48.8563651,2.3008815,4,,,POINT (2.3008815 48.8563651),47,39,4739
36487357,48.856771,2.301477,3,,,POINT (2.301477 48.856771),47,39,4739
36487359,48.8557954,2.3030082,3,,,POINT (2.3030082 48.8557954),46,40,4640
36487372,48.8553479,2.303726,3,,,POINT (2.303726 48.8553479),45,40,4540
36487395,48.8549317,2.3031055,4,,,POINT (2.3031055 48.8549317),45,40,4540
36487636,48.8557343,2.3049729,3,,,POINT (2.3049729 48.8557343),46,41,4641
36487637,48.8561944,2.30475,4,traffic_signals,,POINT (2.30475 48.8561944),46,41,4641
36487657,48.8561326,2.3067483,1,,,POINT (2.3067483 48.8561326),46,42,4642
36487669,48.8574121,2.3050889,3,,,POINT (2.3050889 48.8574121),48,41,4841
36487670,48.8575005,2.3053562,3,,,POINT (2.3053562 48.8575005),48,41,4841
36487707,48.856728,2.3070935,3,,,POINT (2.3070935 48.856728),47,42,4742
36488710,48.8578356,2.3048092,1,,,POINT (2.3048092 48.8578356),48,41,4841
36488943,48.8560347,2.3081218,3,,,POINT (2.3081218 48.8560347),46,43,4643
36488944,48.8559629,2.3080159,3,,,POINT (2.3080159 48.8559629),46,43,4643
36488945,48.8556982,2.3076253,3,,,POINT (2.3076253 48.8556982),46,42,4642
36489069,48.8579379,2.3078202,3,,,POINT (2.3078202 48.8579379),48,42,4842
36489249,48.8579803,2.308524,3,,,POINT (2.308524 48.8579803),48,43,4843
36489250,48.8580286,2.3093353,3,,,POINT (2.3093353 48.8580286),49,43,4943
36489313,48.857356,2.3074051,1,,,POINT (2.3074051 48.857356),48,42,4842
36489372,48.8571485,2.3086373,1,,,POINT (2.3086373 48.8571485),47,43,4743
36489622,48.8540882,2.3069236,3,,,POINT (2.3069236 48.8540882),44,42,4442
36489623,48.8540736,2.3072109,3,,,POINT (2.3072109 48.8540736),44,42,4442
36489624,48.8540057,2.3085403,3,,,POINT (2.3085403 48.8540057),44,43,4443
36489772,48.8563476,2.3098279,3,,,POINT (2.3098279 48.8563476),47,43,4743
36489773,48.8549686,2.3096646,3,,,POINT (2.3096646 48.8549686),45,43,4543
36489786,48.8555557,2.3085084,3,,,POINT (2.3085084 48.8555557),46,43,4643
36489815,48.8551465,2.3081562,3,,,POINT (2.3081562 48.8551465),45,43,4543
36489824,48.8550123,2.3086593,3,,,POINT (2.3086593 48.8550123),45,43,4543
36591144,48.8405829,2.3217625,3,,,POINT (2.3217625 48.8405829),28,50,2850
36591147,48.8394551,2.3222449,3,,,POINT (2.3222449 48.8394551),27,50,2750
36591187,48.8405468,2.3242805,3,,,POINT (2.3242805 48.8405468),28,51,2851
36591188,48.8396592,2.323563,3,,,POINT (2.323563 48.8396592),27,51,2751
36591221,48.8415506,2.3235297,3,,,POINT (2.3235297 48.8415506),29,51,2951
36591290,48.8405928,2.3232873,3,,,POINT (2.3232873 48.8405928),28,51,2851
36591291,48.8405618,2.323974,3,,,POINT (2.323974 48.8405618),28,51,2851
36591334,48.8412107,2.3234423,3,,,POINT (2.3234423 48.8412107),29,51,2951
36592487,48.8429925,2.3263198,3,traffic_signals,,POINT (2.3263198 48.8429925),31,52,3152
36592581,48.8416499,2.3297042,3,,,POINT (2.3297042 48.8416499),29,54,2954
36592749,48.8413578,2.3312631,3,,,POINT (2.3312631 48.8413578),29,55,2955
36592750,48.8405472,2.3337063,3,,,POINT (2.3337063 48.8405472),28,56,2856
36592751,48.8401821,2.3348063,3,,,POINT (2.3348063 48.8401821),28,57,2857
36592903,48.8415816,2.3272382,3,,,POINT (2.3272382 48.8415816),29,53,2953
36592904,48.8419493,2.329484,5,traffic_signals,,POINT (2.329484 48.8419493),30,54,3054
36593088,48.8403706,2.327587,3,,,POINT (2.327587 48.8403706),28,53,2853
36593255,48.8405618,2.3301216,3,,,POINT (2.3301216 48.8405618),28,54,2854
36593698,48.8421147,2.3294369,4,traffic_signals,,POINT (2.3294369 48.8421147),30,54,3054
36594295,48.841959,2.3299018,4,,,POINT (2.3299018 48.841959),30,54,3054
36594332,48.842702,2.331761,3,,,POINT (2.331761 48.842702),31,55,3155
36594364,48.8415459,2.3311284,3,,,POINT (2.3311284 48.8415459),29,55,2955
36594365,48.8413243,2.3318183,3,,,POINT (2.3318183 48.8413243),29,55,2955
36594394,48.8420496,2.3320988,3,,,POINT (2.3320988 48.8420496),30,55,3055
36594938,48.8386726,2.3308195,3,,,POINT (2.3308195 48.8386726),26,55,2655
36594940,48.8377803,2.3311533,3,,,POINT (2.3311533 48.8377803),25,55,2555
36597967,48.8275884,2.3209904,4,traffic_signals,,POINT (2.3209904 48.8275884),13,49,1349
36598216,48.8286055,2.3220611,4,,,POINT (2.3220611 48.8286055),14,50,1450
36598217,48.8282804,2.3217329,3,traffic_signals,,POINT (2.3217329 48.8282804),14,50,1450
36598218,48.828037,2.3214658,3,traffic_signals,,POINT (2.3214658 48.828037),14,50,1450
36598423,48.82872,2.3242922,3,,,POINT (2.3242922 48.82872),14,51,1451
36599971,48.838374,2.3223698,3,,,POINT (2.3223698 48.838374),26,50,2650
36600117,48.8405911,2.324317,3,,,POINT (2.324317 48.8405911),28,51,2851
36600344,48.8394699,2.3302874,3,,,POINT (2.3302874 48.8394699),27,54,2754
36600367,48.8393174,2.3301114,3,,,POINT (2.3301114 48.8393174),27,54,2754
36600643,48.8370025,2.3365485,1,,,POINT (2.3365485 48.8370025),24,58,2458
36719193,48.8198095,2.3416567,4,,,POINT (2.3416567 48.8198095),4,60,460
39859734,48.8206585,2.321712,3,,,POINT (2.321712 48.8206585),5,50,550
43880810,48.8559637,2.3862335,3,,,POINT (2.3862335 48.8559637),46,84,4684
43880829,48.8555123,2.3867016,3,,,POINT (2.3867016 48.8555123),46,84,4684
45042500,48.8848844,2.3374281,3,,,POINT (2.3374281 48.8848844),80,58,8058
45042502,48.8858272,2.334791,3,,,POINT (2.334791 48.8858272),81,57,8157
45042504,48.8846801,2.3336001,3,,,POINT (2.3336001 48.8846801),79,56,7956
49803905,48.8527049,2.3085681,4,traffic_signals,,POINT (2.3085681 48.8527049),42,43,4243
49809150,48.853913,2.3102995,3,,,POINT (2.3102995 48.853913),44,44,4444
49809410,48.8533773,2.3095449,3,,,POINT (2.3095449 48.8533773),43,43,4343
49809411,48.8535185,2.3097623,3,,,POINT (2.3097623 48.8535185),43,43,4343
49889201,48.8278937,2.3456404,5,,,POINT (2.3456404 48.8278937),13,62,1362
49889917,48.8256558,2.3472127,4,traffic_signals,,POINT (2.3472127 48.8256558),11,63,1163
49890796,48.8285833,2.3428663,4,traffic_signals,,POINT (2.3428663 48.8285833),14,61,1461
49890798,48.828299,2.3426073,3,,,POINT (2.3426073 48.828299),14,61,1461
49892580,48.8288197,2.3415117,3,,,POINT (2.3415117 48.8288197),15,60,1560
49894363,48.8240912,2.344545,4,traffic_signals,,POINT (2.344545 48.8240912),9,62,962
49896430,48.821461,2.3424807,4,,,POINT (2.3424807 48.821461),6,61,661
49896707,48.8204578,2.3428366,3,,,POINT (2.3428366 48.8204578),5,61,561
49896709,48.8196735,2.3427674,3,,,POINT (2.3427674 48.8196735),4,61,461
52024457,48.8221218,2.3553309,4,traffic_signals,,POINT (2.3553309 48.8221218),7,67,767
52025142,48.8251193,2.3575888,3,traffic_signals,,POINT (2.3575888 48.8251193),10,69,1069
52842194,48.8609055,2.3805423,3,,,POINT (2.3805423 48.8609055),52,81,5281
52842199,48.8621771,2.3796471,1,,,POINT (2.3796471 48.8621771),53,80,5380
52842202,48.8614473,2.380324,3,,,POINT (2.380324 48.8614473),52,81,5281
52842205,48.8619768,2.3798063,4,,,POINT (2.3798063 48.8619768),53,80,5380
52842211,48.8624461,2.3798629,3,,,POINT (2.3798629 48.8624461),54,80,5480
52842214,48.8630665,2.3812979,1,,,POINT (2.3812979 48.8630665),54,81,5481
52842220,48.8587057,2.384331,3,,,POINT (2.384331 48.8587057),49,83,4983
54775311,48.8915753,2.3496042,4,traffic_signals,,POINT (2.3496042 48.8915753),88,64,8864
54778001,48.8894785,2.349592,4,,,POINT (2.349592 48.8894785),85,64,8564
54781286,48.8904353,2.3484592,6,traffic_signals,,POINT (2.3484592 48.8904353),86,64,8664
54781287,48.8896054,2.3495942,3,traffic_signals,,POINT (2.3495942 48.8896054),85,64,8564
54781853,48.893652,2.3479382,4,traffic_signals,,POINT (2.3479382 48.893652),90,64,9064
54782348,48.8932667,2.3429025,3,crossing,,POINT (2.3429025 48.8932667),89,61,8961
54794649,48.8956182,2.3463293,4,traffic_signals,,POINT (2.3463293 48.8956182),92,63,9263
56500721,48.892056,2.3462941,3,,,POINT (2.3462941 48.892056),88,63,8863
56508342,48.8960248,2.3459932,4,traffic_signals,,POINT (2.3459932 48.8960248),93,63,9363
56508345,48.8956002,2.3460463,3,,,POINT (2.3460463 48.8956002),92,63,9263
56517036,48.8889048,2.3465168,4,traffic_signals,,POINT (2.3465168 48.8889048),84,63,8463
56526128,48.8869214,2.347649,4,,,POINT (2.347649 48.8869214),82,63,8263
56529965,48.8917098,2.3487345,5,traffic_signals,,POINT (2.3487345 48.8917098),88,64,8864
56976266,48.8964134,2.3417551,3,,,POINT (2.3417551 48.8964134),93,60,9360
56976634,48.8953257,2.3465707,3,,,POINT (2.3465707 48.8953257),92,63,9263
57336018,48.8905059,2.3495966,4,traffic_signals,,POINT (2.3495966 48.8905059),86,64,8664
57340428,48.8946283,2.3471463,4,traffic_signals,,POINT (2.3471463 48.8946283),91,63,9163
59854309,48.8505787,2.3339854,3,,,POINT (2.3339854 48.8505787),40,56,4056
60766531,48.8979651,2.3525397,3,traffic_signals,,POINT (2.3525397 48.8979651),95,66,9566
60766750,48.8978426,2.3472623,3,,,POINT (2.3472623 48.8978426),95,63,9563
60766874,48.8975513,2.3446898,5,,,POINT (2.3446898 48.8975513),94,62,9462
60912007,48.8643456,2.3818052,3,,,POINT (2.3818052 48.8643456),56,81,5681
60912023,48.8650829,2.3826917,4,,,POINT (2.3826917 48.8650829),57,82,5782
60912024,48.8647388,2.3829556,4,,,POINT (2.3829556 48.8647388),56,82,5682
60912115,48.8727907,2.3895313,3,,,POINT (2.3895313 48.8727907),66,85,6685
60912123,48.8714942,2.3914153,3,,,POINT (2.3914153 48.8714942),64,86,6486
60912206,48.8718064,2.3893099,3,,,POINT (2.3893099 48.8718064),65,85,6585
60912208,48.8705739,2.3882393,3,,,POINT (2.3882393 48.8705739),63,85,6385
60912639,48.8499459,2.4022662,4,,,POINT (2.4022662 48.8499459),39,92,3992
60912643,48.8504998,2.4064033,3,,,POINT (2.4064033 48.8504998),40,94,4094
60912853,48.8513433,2.3985159,5,,,POINT (2.3985159 48.8513433),41,90,4190
60912906,48.8575829,2.3993345,4,traffic_signals,,POINT (2.3993345 48.8575829),48,91,4891
60912977,48.8539799,2.4026153,4,,,POINT (2.4026153 48.8539799),44,92,4492
60912980,48.8529444,2.4007804,4,,,POINT (2.4007804 48.8529444),43,91,4391
60913095,48.8516507,2.4069987,4,,,POINT (2.4069987 48.8516507),41,95,4195
60913097,48.8526451,2.4078271,3,,,POINT (2.4078271 48.8526451),42,95,4295
60913098,48.8509196,2.4017983,4,,,POINT (2.4017983 48.8509196),40,92,4092
60913379,48.866354,2.3802491,4,,,POINT (2.3802491 48.866354),58,81,5881
60913380,48.8647038,2.3815319,3,,,POINT (2.3815319 48.8647038),56,81,5681
60913492,48.8716752,2.3758813,3,,,POINT (2.3758813 48.8716752),64,78,6478
60913494,48.8696579,2.378368,4,,,POINT (2.378368 48.8696579),62,80,6280
60913509,48.8688974,2.3805038,3,,,POINT (2.3805038 48.8688974),61,81,6181
60913510,48.8684056,2.3795529,3,,,POINT (2.3795529 48.8684056),61,80,6180
63111356,48.8302331,2.3234593,3,,,POINT (2.3234593 48.8302331),16,51,1651
63164022,48.8263443,2.3130444,3,,,POINT (2.3130444 48.8263443),12,45,1245
63165325,48.8294601,2.318612,3,,,POINT (2.318612 48.8294601),15,48,1548
63165326,48.8292485,2.3192109,3,,,POINT (2.3192109 48.8292485),15,48,1548
63165328,48.8288081,2.3203628,3,,,POINT (2.3203628 48.8288081),15,49,1549
63167002,48.8291627,2.3206395,3,,,POINT (2.3206395 48.8291627),15,49,1549
64125992,48.8280097,2.3249853,1,,,POINT (2.3249853 48.8280097),14,51,1451
64127730,48.8280469,2.3268106,3,,,POINT (2.3268106 48.8280469),14,52,1452
64441586,48.8278404,2.3270254,3,,,POINT (2.3270254 48.8278404),13,53,1353
64621411,48.8270921,2.3155497,1,,,POINT (2.3155497 48.8270921),13,47,1347
64621468,48.8274484,2.3176341,1,,,POINT (2.3176341 48.8274484),13,48,1348
64621469,48.8283807,2.3160628,3,,,POINT (2.3160628 48.8283807),14,47,1447
64621531,48.8278705,2.3176041,1,,,POINT (2.3176041 48.8278705),13,48,1348
64621532,48.8282166,2.3170147,3,,,POINT (2.3170147 48.8282166),14,47,1447
64621533,48.8285906,2.3163735,3,,,POINT (2.3163735 48.8285906),14,47,1447
64621796,48.82617,2.3195894,4,,,POINT (2.3195894 48.82617),11,49,1149
64621851,48.827132,2.3169177,1,,,POINT (2.3169177 48.827132),13,47,1347
64621852,48.8279964,2.3154935,3,,,POINT (2.3154935 48.8279964),14,46,1446
64622172,48.8266175,2.3142005,1,,,POINT (2.3142005 48.8266175),12,46,1246
64622173,48.8268672,2.3138134,3,,,POINT (2.3138134 48.8268672),12,46,1246
64622806,48.8255963,2.3216832,3,,,POINT (2.3216832 48.8255963),11,50,1150
64624089,48.8306999,2.3117656,3,,,POINT (2.3117656 48.8306999),17,45,1745
64624091,48.8291378,2.3084322,3,,,POINT (2.3084322 48.8291378),15,43,1543
64624092,48.8287639,2.3076413,4,,,POINT (2.3076413 48.8287639),14,42,1442
65277086,48.8490555,2.3759616,4,,,POINT (2.3759616 48.8490555),38,78,3878
65278138,48.8503787,2.3757795,4,,,POINT (2.3757795 48.8503787),40,78,4078
65278930,48.8508848,2.3777742,3,,,POINT (2.3777742 48.8508848),40,79,4079
65280673,48.8488869,2.3772722,4,,,POINT (2.3772722 48.8488869),38,79,3879
65280674,48.8486872,2.3778858,3,,,POINT (2.3778858 48.8486872),38,79,3879
65280677,48.8485871,2.378583,3,,,POINT (2.378583 48.8485871),38,80,3880
65280686,48.8493959,2.3776276,4,,,POINT (2.3776276 48.8493959),38,79,3879
65282584,48.8479867,2.3766167,3,,,POINT (2.3766167 48.8479867),37,79,3779
65287255,48.8501287,2.3790708,3,,,POINT (2.3790708 48.8501287),39,80,3980
65287256,48.8480436,2.3806907,3,traffic_signals,,POINT (2.3806907 48.8480436),37,81,3781
65288891,48.8504533,2.3801138,3,,,POINT (2.3801138 48.8504533),40,80,4080
65306437,48.8498425,2.3129954,3,,,POINT (2.3129954 48.8498425),39,45,3945
65306439,48.8507199,2.3116435,4,traffic_signals,,POINT (2.3116435 48.8507199),40,44,4044
65306441,48.8514584,2.3105047,3,traffic_signals,,POINT (2.3105047 48.8514584),41,44,4144
65307296,48.8515684,2.3117411,4,traffic_signals,,POINT (2.3117411 48.8515684),41,45,4145
65307297,48.8516386,2.3125303,4,traffic_signals,,POINT (2.3125303 48.8516386),41,45,4145
65308763,48.8505392,2.314539,3,,,POINT (2.314539 48.8505392),40,46,4046
65309265,48.8515244,2.3139974,3,,,POINT (2.3139974 48.8515244),41,46,4146
65310517,48.8521745,2.3104884,3,,,POINT (2.3104884 48.8521745),42,44,4244
65311768,48.8513257,2.3096199,3,,,POINT (2.3096199 48.8513257),41,43,4143
65311769,48.8510936,2.3070227,4,,,POINT (2.3070227 48.8510936),40,42,4042
76291820,48.865521,2.4117292,4,,,POINT (2.4117292 48.865521),57,97,5797
82408905,48.8256882,2.3235866,1,,,POINT (2.3235866 48.8256882),11,51,1151
82408915,48.8259096,2.3223789,3,,,POINT (2.3223789 48.8259096),11,50,1150
82408956,48.8255688,2.319029,3,,,POINT (2.319029 48.8255688),11,48,1148
82408971,48.8237599,2.3320365,3,,,POINT (2.3320365 48.8237599),9,55,955
82408990,48.8232685,2.3342543,1,,,POINT (2.3342543 48.8232685),8,56,856
82409031,48.8266448,2.3336751,3,,,POINT (2.3336751 48.8266448),12,56,1256
82409063,48.8252214,2.3382137,3,,,POINT (2.3382137 48.8252214),10,58,1058
82409081,48.8222943,2.3349455,2,,,POINT (2.3349455 48.8222943),7,57,757
82409084,48.8226255,2.3351563,2,,,POINT (2.3351563 48.8226255),7,57,757
82409088,48.8232298,2.3355277,3,,,POINT (2.3355277 48.8232298),8,57,857
82409093,48.8262834,2.3318364,3,,,POINT (2.3318364 48.8262834),12,55,1255
84762429,48.8283535,2.3920963,3,,,POINT (2.3920963 48.8283535),14,87,1487
84762448,48.8283975,2.388355,3,,,POINT (2.388355 48.8283975),14,85,1485
84762454,48.8335121,2.3821039,4,,,POINT (2.3821039 48.8335121),20,82,2082
84762462,48.838725,2.3763743,4,traffic_signals,,POINT (2.3763743 48.838725),26,79,2679
84762463,48.8384959,2.3759197,4,,,POINT (2.3759197 48.8384959),26,78,2678
84762474,48.8279427,2.3886045,3,,,POINT (2.3886045 48.8279427),14,85,1485
84762481,48.8300325,2.3866791,3,,,POINT (2.3866791 48.8300325),16,84,1684
84791114,48.8539686,2.412959,3,,,POINT (2.412959 48.8539686),44,98,4498
84791118,48.8538726,2.4130119,3,,,POINT (2.4130119 48.8538726),44,98,4498
84791125,48.8541581,2.4147057,3,,,POINT (2.4147057 48.8541581),44,99,4499
84791176,48.8668548,2.4137494,3,,,POINT (2.4137494 48.8668548),59,98,5998
84791189,48.8669329,2.4132321,3,,,POINT (2.4132321 48.8669329),59,98,5998
84791191,48.8664477,2.4126355,3,traffic_signals,,POINT (2.4126355 48.8664477),58,98,5898
84791219,48.8645701,2.4089732,3,,,POINT (2.4089732 48.8645701),56,96,5696
84791229,48.8646431,2.4085983,3,,,POINT (2.4085983 48.8646431),56,95,5695
84791232,48.8645641,2.4084996,3,,,POINT (2.4084996 48.8645641),56,95,5695
88194431,48.8297886,2.3161471,3,,,POINT (2.3161471 48.8297886),16,47,1647
88194432,48.8306879,2.3142954,3,,,POINT (2.3142954 48.8306879),17,46,1746
88195532,48.8287536,2.3166149,3,,,POINT (2.3166149 48.8287536),14,47,1447
88195739,48.8303795,2.3137989,3,,,POINT (2.3137989 48.8303795),16,46,1646
88195901,48.8280875,2.3156286,3,traffic_signals,,POINT (2.3156286 48.8280875),14,47,1447
88196523,48.8298988,2.3128918,3,,,POINT (2.3128918 48.8298988),16,45,1645
88197671,48.8301498,2.3133564,3,,,POINT (2.3133564 48.8301498),16,45,1645
88198573,48.8320976,2.3104588,3,traffic_signals,,POINT (2.3104588 48.8320976),18,44,1844
88199104,48.8296307,2.3069515,3,,,POINT (2.3069515 48.8296307),15,42,1542
88199568,48.8314307,2.3093016,3,traffic_signals,,POINT (2.3093016 48.8314307),18,43,1843
88201209,48.8278042,2.3052254,4,,,POINT (2.3052254 48.8278042),13,41,1341
88201211,48.8273803,2.3049842,3,,,POINT (2.3049842 48.8273803),13,41,1341
88797309,48.8321787,2.3187874,3,crossing,,POINT (2.3187874 48.8321787),18,48,1848
88797435,48.8336017,2.3174668,3,,,POINT (2.3174668 48.8336017),20,48,2048
88797711,48.8323167,2.319102,3,,,POINT (2.319102 48.8323167),19,48,1948
88797795,48.8318526,2.3201725,3,,,POINT (2.3201725 48.8318526),18,49,1849
89163066,48.836658,2.2551609,3,,,POINT (2.2551609 48.836658),24,15,2415
89163093,48.8348349,2.2599189,3,,,POINT (2.2599189 48.8348349),22,17,2217
89163097,48.8347003,2.2620224,4,,,POINT (2.2620224 48.8347003),21,18,2118
89163134,48.8471424,2.274423,4,,,POINT (2.274423 48.8471424),36,25,3625
94108134,48.8800361,2.3670903,3,traffic_signals,,POINT (2.3670903 48.8800361),74,74,7474
94108761,48.8820941,2.3633691,4,traffic_signals,,POINT (2.3633691 48.8820941),76,72,7672
94108762,48.881336,2.3647597,4,traffic_signals,,POINT (2.3647597 48.881336),76,72,7672
94109064,48.8831837,2.3656192,4,,,POINT (2.3656192 48.8831837),78,73,7873
94109380,48.8837865,2.3642975,3,,,POINT (2.3642975 48.8837865),78,72,7872
94110195,48.8785897,2.3641941,3,,,POINT (2.3641941 48.8785897),72,72,7272
94110199,48.8781006,2.3649225,3,,,POINT (2.3649225 48.8781006),72,73,7273
94110200,48.8776979,2.3654009,4,traffic_signals,,POINT (2.3654009 48.8776979),71,73,7173
94110580,48.8792157,2.3648937,3,,,POINT (2.3648937 48.8792157),73,72,7372
94110581,48.8798192,2.3655286,3,,,POINT (2.3655286 48.8798192),74,73,7473
94110611,48.8804019,2.3642915,3,,,POINT (2.3642915 48.8804019),75,72,7572
94110863,48.8792439,2.36675,3,,,POINT (2.36675 48.8792439),73,73,7373
94110994,48.8786913,2.3662531,3,,,POINT (2.3662531 48.8786913),73,73,7373
94111834,48.8826632,2.3616582,3,,,POINT (2.3616582 48.8826632),77,71,7771
94112317,48.8806139,2.3620006,4,traffic_signals,,POINT (2.3620006 48.8806139),75,71,7571
94112319,48.8802301,2.3622836,3,,,POINT (2.3622836 48.8802301),74,71,7471
94112321,48.8789074,2.3624824,3,traffic_signals,,POINT (2.3624824 48.8789074),73,71,7371
94113133,48.8821846,2.3631958,3,traffic_signals,,POINT (2.3631958 48.8821846),77,72,7772
94113305,48.8842603,2.3646323,4,traffic_signals,,POINT (2.3646323 48.8842603),79,72,7972
94113740,48.883094,2.3714466,4,,,POINT (2.3714466 48.883094),78,76,7876
94114880,48.8817426,2.3738127,3,,,POINT (2.3738127 48.8817426),76,77,7677
94114883,48.8821993,2.3745156,3,,,POINT (2.3745156 48.8821993),77,78,7778
94114887,48.883517,2.3769401,3,,,POINT (2.3769401 48.883517),78,79,7879
94114892,48.8848612,2.3796458,3,traffic_signals,,POINT (2.3796458 48.8848612),80,80,8080
94114987,48.8842703,2.3758926,3,,,POINT (2.3758926 48.8842703),79,78,7978
94115127,48.8845175,2.3787553,3,,,POINT (2.3787553 48.8845175),79,80,7980
94116285,48.8828192,2.382439,3,,,POINT (2.382439 48.8828192),77,82,7782
94117683,48.8832112,2.387924,4,,,POINT (2.387924 48.8832112),78,85,7885
94117687,48.8840177,2.3904666,3,,,POINT (2.3904666 48.8840177),79,86,7986
94117688,48.884346,2.3912631,3,,,POINT (2.3912631 48.884346),79,86,7986
94117696,48.886407,2.3939655,3,,,POINT (2.3939655 48.886407),81,88,8188
94118086,48.8857981,2.3877558,3,,,POINT (2.3877558 48.8857981),81,85,8185
94118089,48.8860911,2.3898544,4,,,POINT (2.3898544 48.8860911),81,86,8186
94118096,48.8864984,2.3939739,3,,,POINT (2.3939739 48.8864984),82,88,8288
94118484,48.8865588,2.3940539,3,,,POINT (2.3940539 48.8865588),82,88,8288
94118486,48.8865172,2.3943304,3,,,POINT (2.3943304 48.8865172),82,88,8288
94119883,48.8848961,2.394434,3,,,POINT (2.394434 48.8848961),80,88,8088
94119902,48.8795941,2.399707,3,,,POINT (2.399707 48.8795941),74,91,7491
94120406,48.8813283,2.3966895,4,crossing,,POINT (2.3966895 48.8813283),76,89,7689
94120585,48.8824056,2.3912974,3,,,POINT (2.3912974 48.8824056),77,86,7786
94120908,48.8828481,2.392779,4,,,POINT (2.392779 48.8828481),77,87,7787
94120911,48.8837458,2.3948048,3,,,POINT (2.3948048 48.8837458),78,88,7888
94121217,48.8809467,2.3892004,3,,,POINT (2.3892004 48.8809467),75,85,7585
94121557,48.8818471,2.3883891,3,,,POINT (2.3883891 48.8818471),76,85,7685
94121562,48.8801396,2.3903082,3,,,POINT (2.3903082 48.8801396),74,86,7486
94121972,48.8795803,2.3895182,4,traffic_signals,,POINT (2.3895182 48.8795803),74,85,7485
94121975,48.8832945,2.3949486,4,traffic_signals,,POINT (2.3949486 48.8832945),78,88,7888
94125868,48.882481,2.382638,3,traffic_signals,,POINT (2.382638 48.882481),77,82,7782
94126806,48.8830059,2.3855547,4,traffic_signals,,POINT (2.3855547 48.8830059),78,83,7883
94128163,48.8759806,2.3813181,3,,,POINT (2.3813181 48.8759806),69,81,6981
94130172,48.8755822,2.3818804,4,,,POINT (2.3818804 48.8755822),69,81,6981
94130189,48.873712,2.389542,3,,,POINT (2.389542 48.873712),67,85,6785
94130192,48.8733643,2.3900409,3,traffic_signals,,POINT (2.3900409 48.8733643),66,86,6686
94130199,48.8711041,2.3930125,4,,,POINT (2.3930125 48.8711041),64,87,6487
94130205,48.8666633,2.3970953,4,traffic_signals,,POINT (2.3970953 48.8666633),59,89,5989
94130397,48.8634809,2.3972645,3,,,POINT (2.3972645 48.8634809),55,90,5590
94131393,48.864422,2.3980645,3,,,POINT (2.3980645 48.864422),56,90,5690
94131398,48.8665174,2.3998886,4,traffic_signals,,POINT (2.3998886 48.8665174),58,91,5891
94131399,48.8674718,2.4007254,3,,,POINT (2.4007254 48.8674718),59,91,5991
94131400,48.8683061,2.4014206,5,traffic_signals,,POINT (2.4014206 48.8683061),60,92,6092
94131401,48.8696895,2.4026394,3,,,POINT (2.4026394 48.8696895),62,92,6292
94131402,48.8717183,2.4043697,5,,,POINT (2.4043697 48.8717183),64,93,6493
94131404,48.8749266,2.4056824,3,,,POINT (2.4056824 48.8749266),68,94,6894
94131756,48.8777858,2.4081972,4,traffic_signals,,POINT (2.4081972 48.8777858),71,95,7195
94132137,48.8775746,2.4082932,5,traffic_signals,,POINT (2.4082932 48.8775746),71,95,7195
94132142,48.8779687,2.4095393,4,traffic_signals,,POINT (2.4095393 48.8779687),72,96,7296
94132143,48.8781628,2.409422,4,,,POINT (2.409422 48.8781628),72,96,7296
94132145,48.8781461,2.4093361,3,,,POINT (2.4093361 48.8781461),72,96,7296
94133087,48.8772386,2.4100259,3,traffic_signals,,POINT (2.4100259 48.8772386),71,96,7196
94133090,48.87966,2.4083963,3,,,POINT (2.4083963 48.87966),74,95,7495
94134791,48.8728224,2.4083823,4,traffic_signals,,POINT (2.4083823 48.8728224),66,95,6695
94134793,48.8733437,2.410251,3,,,POINT (2.410251 48.8733437),66,96,6696
94134800,48.874089,2.4130448,4,,,POINT (2.4130448 48.874089),67,98,6798
94137693,48.8658547,2.3608657,3,,,POINT (2.3608657 48.8658547),58,70,5870
94137695,48.8668272,2.3619167,3,traffic_signals,,POINT (2.3619167 48.8668272),59,71,5971
94137863,48.8646815,2.3596085,4,,,POINT (2.3596085 48.8646815),56,70,5670
94138036,48.8637155,2.3610975,3,traffic_signals,,POINT (2.3610975 48.8637155),55,70,5570
94138038,48.8633841,2.3615336,3,,,POINT (2.3615336 48.8633841),55,71,5571
94138040,48.8628675,2.3625519,4,traffic_signals,,POINT (2.3625519 48.8628675),54,71,5471
94138281,48.8650224,2.3625196,4,,,POINT (2.3625196 48.8650224),57,71,5771
94138282,48.8633104,2.3606268,3,,,POINT (2.3606268 48.8633104),55,70,5570
94138525,48.8652788,2.3620056,3,,,POINT (2.3620056 48.8652788),57,71,5771
94138527,48.86453,2.3634885,3,,,POINT (2.3634885 48.86453),56,72,5672
94138623,48.8655142,2.3640643,3,,,POINT (2.3640643 48.8655142),57,72,5772
94138857,48.8647183,2.3645427,4,,,POINT (2.3645427 48.8647183),56,72,5672
94139727,48.8617571,2.3652567,4,traffic_signals,,POINT (2.3652567 48.8617571),53,73,5373
94139728,48.8613549,2.367164,3,,,POINT (2.367164 48.8613549),52,74,5274
94139827,48.8631027,2.3667404,3,traffic_signals,,POINT (2.3667404 48.8631027),54,73,5473
94139840,48.8614871,2.3646026,3,,,POINT (2.3646026 48.8614871),53,72,5372
94139897,48.862463,2.3668914,4,traffic_signals,,POINT (2.3668914 48.862463),54,74,5474
94140289,48.8636389,2.3646846,4,traffic_signals,,POINT (2.3646846 48.8636389),55,72,5572
94140444,48.8626326,2.3643777,3,,,POINT (2.3643777 48.8626326),54,72,5472
94140445,48.8632154,2.3641848,4,,,POINT (2.3641848 48.8632154),55,72,5572
94140446,48.8640443,2.3639106,3,,,POINT (2.3639106 48.8640443),55,72,5572
94140737,48.864674,2.3657985,4,traffic_signals,,POINT (2.3657985 48.864674),56,73,5673
94140897,48.8627566,2.3646445,3,,,POINT (2.3646445 48.8627566),54,72,5472
94141000,48.8601353,2.3645557,3,,,POINT (2.3645557 48.8601353),51,72,5172
94141094,48.8601124,2.3664704,3,,,POINT (2.3664704 48.8601124),51,73,5173
94141096,48.8601004,2.3674655,3,,,POINT (2.3674655 48.8601004),51,74,5174
94141548,48.869147,2.3643848,4,,,POINT (2.3643848 48.869147),61,72,6172
94141550,48.8699297,2.3637672,4,,,POINT (2.3637672 48.8699297),62,72,6272
94141551,48.8712448,2.3626009,3,,,POINT (2.3626009 48.8712448),64,71,6471
94141832,48.8714858,2.3620788,3,,,POINT (2.3620788 48.8714858),64,71,6471
94142433,48.8708496,2.3614229,4,,,POINT (2.3614229 48.8708496),63,71,6371
94142437,48.8737069,2.3649045,4,,,POINT (2.3649045 48.8737069),67,72,6772
94142442,48.873226,2.3641902,3,,,POINT (2.3641902 48.873226),66,72,6672
94142445,48.8729141,2.3637458,3,,,POINT (2.3637458 48.8729141),66,72,6672
94142447,48.8760046,2.3683492,4,traffic_signals,,POINT (2.3683492 48.8760046),69,74,6974
94143078,48.872856,2.3544476,3,,,POINT (2.3544476 48.872856),66,67,6667
94143079,48.8722683,2.355909,4,,,POINT (2.355909 48.8722683),65,68,6568
94143086,48.8705005,2.3595534,3,,,POINT (2.3595534 48.8705005),63,70,6370
94143087,48.8702331,2.3600501,3,,,POINT (2.3600501 48.8702331),63,70,6370
94143088,48.8698647,2.3607266,4,traffic_signals,,POINT (2.3607266 48.8698647),62,70,6270
94143090,48.8689409,2.3625752,3,,,POINT (2.3625752 48.8689409),61,71,6171
94143538,48.8645382,2.3693693,3,,,POINT (2.3693693 48.8645382),56,75,5675
94143743,48.8651764,2.3677434,4,traffic_signals,,POINT (2.3677434 48.8651764),57,74,5774
94143863,48.8637244,2.3663736,3,traffic_signals,,POINT (2.3663736 48.8637244),55,73,5573
94143998,48.8638773,2.3669416,3,,,POINT (2.3669416 48.8638773),55,74,5574
94143999,48.8643292,2.3686595,3,,,POINT (2.3686595 48.8643292),56,74,5674
94144255,48.8626491,2.3673118,4,traffic_signals,,POINT (2.3673118 48.8626491),54,74,5474
94144256,48.863407,2.3692452,3,,,POINT (2.3692452 48.863407),55,75,5575
94144498,48.8664665,2.3681911,3,,,POINT (2.3681911 48.8664665),58,74,5874
94144565,48.865055,2.3679453,3,,,POINT (2.3679453 48.865055),57,74,5774
94144708,48.8652585,2.3680487,4,,,POINT (2.3680487 48.8652585),57,74,5774
94144709,48.866272,2.3674044,4,,,POINT (2.3674044 48.866272),58,74,5874
94145388,48.8648656,2.3665378,4,,,POINT (2.3665378 48.8648656),56,73,5673
94145390,48.8660184,2.36633,4,traffic_signals,,POINT (2.36633 48.8660184),58,73,5873
94145770,48.8693366,2.3633856,4,,,POINT (2.3633856 48.8693366),62,72,6272
94145771,48.8689313,2.3638737,3,,,POINT (2.3638737 48.8689313),61,72,6172
94146144,48.8720371,2.3695465,3,,,POINT (2.3695465 48.8720371),65,75,6575
94147376,48.8737628,2.3703431,3,,,POINT (2.3703431 48.8737628),67,75,6775
94149088,48.8651519,2.3751944,4,,,POINT (2.3751944 48.8651519),57,78,5778
94149715,48.8688319,2.3763005,4,,,POINT (2.3763005 48.8688319),61,78,6178
94149716,48.8692237,2.3774586,4,,,POINT (2.3774586 48.8692237),62,79,6279
94149717,48.8700208,2.3791043,4,traffic_signals,,POINT (2.3791043 48.8700208),62,80,6280
94149921,48.8670053,2.3828597,4,traffic_signals,,POINT (2.3828597 48.8670053),59,82,5982
94149988,48.8666087,2.381284,3,,,POINT (2.381284 48.8666087),58,81,5881
94150131,48.8647721,2.381747,3,,,POINT (2.381747 48.8647721),56,81,5681
94150523,48.8638063,2.3822716,3,,,POINT (2.3822716 48.8638063),55,82,5582
94151144,48.8666653,2.373501,3,traffic_signals,,POINT (2.373501 48.8666653),59,77,5977
94151145,48.8668735,2.3733491,4,traffic_signals,,POINT (2.3733491 48.8668735),59,77,5977
94151147,48.8681156,2.3724162,4,traffic_signals,,POINT (2.3724162 48.8681156),60,76,6076
94151149,48.8683331,2.3722559,3,,,POINT (2.3722559 48.8683331),60,76,6076
94151150,48.8686276,2.3720388,3,traffic_signals,,POINT (2.3720388 48.8686276),61,76,6176
94151151,48.8693078,2.3715376,3,,,POINT (2.3715376 48.8693078),62,76,6276
94151152,48.8712438,2.3701205,4,,,POINT (2.3701205 48.8712438),64,75,6475
94151281,48.8694654,2.3693541,3,,,POINT (2.3693541 48.8694654),62,75,6275
94151393,48.8707793,2.3685166,3,,,POINT (2.3685166 48.8707793),63,74,6374
94151489,48.8717842,2.3719716,4,traffic_signals,,POINT (2.3719716 48.8717842),64,76,6476
94151612,48.8707815,2.3704611,3,,,POINT (2.3704611 48.8707815),63,75,6375
94151697,48.8713505,2.3723087,3,,,POINT (2.3723087 48.8713505),64,76,6476
94151884,48.8737871,2.3751651,4,,,POINT (2.3751651 48.8737871),67,78,6778
94151968,48.8732459,2.3747392,3,,,POINT (2.3747392 48.8732459),66,78,6678
94152748,48.8699147,2.3754047,3,,,POINT (2.3754047 48.8699147),62,78,6278
94153133,48.868901,2.3726488,3,,,POINT (2.3726488 48.868901),61,77,6177
94153134,48.8694605,2.3739261,4,,,POINT (2.3739261 48.8694605),62,77,6277
94153136,48.8700899,2.3759766,4,,,POINT (2.3759766 48.8700899),63,78,6378
94153137,48.8702576,2.3765191,3,,,POINT (2.3765191 48.8702576),63,79,6379
94153138,48.8703277,2.3767719,3,,,POINT (2.3767719 48.8703277),63,79,6379
94153139,48.8707462,2.3781575,3,,,POINT (2.3781575 48.8707462),63,79,6379
94153572,48.8711284,2.3766972,3,,,POINT (2.3766972 48.8711284),64,79,6479
94153948,48.8739244,2.3853197,4,traffic_signals,,POINT (2.3853197 48.8739244),67,83,6783
94153952,48.87347,2.3830154,3,,,POINT (2.3830154 48.87347),66,82,6682
94153953,48.8733922,2.3825972,3,,,POINT (2.3825972 48.8733922),66,82,6682
94156557,48.8757979,2.3565333,3,,,POINT (2.3565333 48.8757979),69,68,6968
94156558,48.874164,2.3552614,3,,,POINT (2.3552614 48.874164),67,67,6767
94156677,48.8743607,2.3553833,4,,,POINT (2.3553833 48.8743607),67,67,6767
94157217,48.8747743,2.3534685,3,,,POINT (2.3534685 48.8747743),68,66,6866
94157219,48.8753256,2.3509072,4,,,POINT (2.3509072 48.8753256),69,65,6965
94157756,48.8758898,2.3463729,3,,,POINT (2.3463729 48.8758898),69,63,6963
94157757,48.8759401,2.3455501,4,,,POINT (2.3455501 48.8759401),69,62,6962
94157762,48.875826,2.3436827,3,traffic_signals,,POINT (2.3436827 48.875826),69,61,6961
94158188,48.8740226,2.3479115,4,,,POINT (2.3479115 48.8740226),67,64,6764
94158189,48.8724568,2.3479039,3,,,POINT (2.3479039 48.8724568),65,64,6564
94158190,48.8720024,2.3479005,4,,,POINT (2.3479005 48.8720024),65,64,6564
94158481,48.8726897,2.3431257,3,traffic_signals,,POINT (2.3431257 48.8726897),66,61,6661
94158482,48.8724279,2.3449412,3,,,POINT (2.3449412 48.8724279),65,62,6562
94158483,48.8722544,2.3460936,3,,,POINT (2.3460936 48.8722544),65,63,6563
94158484,48.8721683,2.3467084,3,,,POINT (2.3467084 48.8721683),65,63,6563
94158854,48.8730686,2.3468458,3,,,POINT (2.3468458 48.8730686),66,63,6663
94158855,48.8740269,2.3469919,3,,,POINT (2.3469919 48.8740269),67,63,6763
94159195,48.8730775,2.3430485,3,,,POINT (2.3430485 48.8730775),66,61,6661
94159196,48.8730801,2.3446506,3,,,POINT (2.3446506 48.8730801),66,62,6662
94159197,48.8730722,2.3450949,4,,,POINT (2.3450949 48.8730722),66,62,6662
94159488,48.8740337,2.3453266,4,traffic_signals,,POINT (2.3453266 48.8740337),67,62,6762
94159491,48.8763077,2.3455815,3,traffic_signals,,POINT (2.3455815 48.8763077),70,62,7062
94160057,48.8760313,2.3445179,4,,,POINT (2.3445179 48.8760313),69,62,6962
94160265,48.8740367,2.3442656,3,,,POINT (2.3442656 48.8740367),67,62,6762
94161165,48.8733866,2.3526565,3,,,POINT (2.3526565 48.8733866),66,66,6666
94161169,48.8738168,2.3505169,4,,,POINT (2.3505169 48.8738168),67,65,6765
94161171,48.8740828,2.3407231,4,traffic_signals,,POINT (2.3407231 48.8740828),67,60,6760
94161172,48.8741082,2.339759,4,traffic_signals,,POINT (2.339759 48.8741082),67,59,6759
94161173,48.8741273,2.3391093,4,,,POINT (2.3391093 48.8741273),67,59,6759
94161174,48.8741531,2.3380849,3,traffic_signals,,POINT (2.3380849 48.8741531),67,58,6758
94161176,48.8741376,2.3373359,3,,,POINT (2.3373359 48.8741376),67,58,6758
94163101,48.878044,2.3564686,3,,,POINT (2.3564686 48.878044),72,68,7268
94164234,48.8776293,2.3515582,3,,,POINT (2.3515582 48.8776293),71,65,7165
94164238,48.8771009,2.351403,4,traffic_signals,,POINT (2.351403 48.8771009),71,65,7165
94164241,48.8721309,2.350047,4,,,POINT (2.350047 48.8721309),65,65,6565
94164242,48.871625,2.3499058,4,,,POINT (2.3499058 48.871625),64,65,6465
94164243,48.8703465,2.3495659,3,,,POINT (2.3495659 48.8703465),63,64,6364
94164591,48.8715698,2.3536286,3,,,POINT (2.3536286 48.8715698),64,67,6467
94165147,48.8771909,2.3489767,4,traffic_signals,,POINT (2.3489767 48.8771909),71,64,7164
94165414,48.8796827,2.3495234,5,,,POINT (2.3495234 48.8796827),74,64,7464
94165420,48.8774234,2.3491,4,traffic_signals,,POINT (2.3491 48.8774234),71,64,7164
94165798,48.8785497,2.3505446,3,,,POINT (2.3505446 48.8785497),72,65,7265
94166145,48.8801114,2.3509646,4,traffic_signals,,POINT (2.3509646 48.8801114),74,65,7465
94166149,48.8814567,2.3514274,3,,,POINT (2.3514274 48.8814567),76,65,7665
94166338,48.8794977,2.3508043,4,traffic_signals,,POINT (2.3508043 48.8794977),73,65,7365
94166339,48.879406,2.351618,3,,,POINT (2.351618 48.879406),73,65,7365
94166342,48.879509,2.3520644,3,crossing,,POINT (2.3520644 48.879509),73,66,7366
94166688,48.8819204,2.3527269,3,traffic_signals,,POINT (2.3527269 48.8819204),76,66,7666
94167365,48.8840521,2.3554761,4,traffic_signals,,POINT (2.3554761 48.8840521),79,68,7968
94168021,48.8773293,2.3551303,4,,,POINT (2.3551303 48.8773293),71,67,7167
94168165,48.8773529,2.3496039,4,,,POINT (2.3496039 48.8773529),71,64,7164
94169400,48.8774262,2.3468817,3,,,POINT (2.3468817 48.8774262),71,63,7163
94169547,48.8765726,2.3465898,5,traffic_signals,,POINT (2.3465898 48.8765726),70,63,7063
94169695,48.8766355,2.34868,3,,,POINT (2.34868 48.8766355),70,64,7064
94169980,48.8765541,2.3413019,4,traffic_signals,,POINT (2.3413019 48.8765541),70,60,7060
94169988,48.8765886,2.3460715,3,,,POINT (2.3460715 48.8765886),70,63,7063
94170757,48.8767471,2.3472774,4,traffic_signals,,POINT (2.3472774 48.8767471),70,63,7063
94170852,48.8771176,2.3457401,1,,,POINT (2.3457401 48.8771176),71,62,7162
94170853,48.8773422,2.3446543,3,,,POINT (2.3446543 48.8773422),71,62,7162
94171402,48.8783464,2.3450231,5,traffic_signals,,POINT (2.3450231 48.8783464),72,62,7262
94171698,48.8740453,2.3423567,4,,,POINT (2.3423567 48.8740453),67,61,6761
94172432,48.876034,2.3401769,4,traffic_signals,,POINT (2.3401769 48.876034),69,59,6959
94172434,48.8758569,2.3403415,4,traffic_signals,,POINT (2.3403415 48.8758569),69,60,6960
94172435,48.8751066,2.3410036,4,,,POINT (2.3410036 48.8751066),68,60,6860
94172436,48.8747698,2.3413623,3,,,POINT (2.3413623 48.8747698),68,60,6860
94173046,48.8732672,2.3405438,3,,,POINT (2.3405438 48.8732672),66,60,6660
94173047,48.8728447,2.3404604,4,,,POINT (2.3404604 48.8728447),66,60,6660
94173210,48.8734045,2.3378058,3,,,POINT (2.3378058 48.8734045),66,58,6658
94173211,48.8732202,2.3387247,4,traffic_signals,,POINT (2.3387247 48.8732202),66,59,6659
94173212,48.873048,2.3394983,4,,,POINT (2.3394983 48.873048),66,59,6659
94173259,48.8721203,2.3392101,3,,,POINT (2.3392101 48.8721203),65,59,6559
94173335,48.8747843,2.3397888,3,,,POINT (2.3397888 48.8747843),68,59,6859
94173545,48.8759635,2.3387535,3,traffic_signals,,POINT (2.3387535 48.8759635),69,59,6959
94173548,48.8743622,2.3381599,4,,,POINT (2.3381599 48.8743622),67,58,6758
94173550,48.8751072,2.3384376,3,,,POINT (2.3384376 48.8751072),68,59,6859
94173692,48.8752609,2.3322934,4,traffic_signals,,POINT (2.3322934 48.8752609),69,55,6955
94173694,48.8764552,2.3317833,3,,,POINT (2.3317833 48.8764552),70,55,7055
94173781,48.8752075,2.3352039,4,traffic_signals,,POINT (2.3352039 48.8752075),68,57,6857
94174398,48.8765397,2.3309578,4,traffic_signals,,POINT (2.3309578 48.8765397),70,55,7055
94174697,48.8767059,2.3323466,4,traffic_signals,,POINT (2.3323466 48.8767059),70,55,7055
94174699,48.8769184,2.3342067,3,,,POINT (2.3342067 48.8769184),70,56,7056
94174700,48.8768237,2.3354483,4,,,POINT (2.3354483 48.8768237),70,57,7057
94174702,48.8767076,2.3370849,4,,,POINT (2.3370849 48.8767076),70,58,7058
94174914,48.8790016,2.3368475,4,,,POINT (2.3368475 48.8790016),73,58,7358
94174915,48.8784672,2.3374776,3,,,POINT (2.3374776 48.8784672),72,58,7258
94175164,48.8776955,2.3373551,3,,,POINT (2.3373551 48.8776955),71,58,7158
94175166,48.8751492,2.3371452,4,,,POINT (2.3371452 48.8751492),68,58,6858
94175315,48.8763633,2.3324618,3,traffic_signals,,POINT (2.3324618 48.8763633),70,55,7055
94176325,48.8777951,2.3319425,4,,,POINT (2.3319425 48.8777951),71,55,7155
94176330,48.8806481,2.3314538,3,,,POINT (2.3314538 48.8806481),75,55,7555
94176331,48.8812084,2.3315628,3,,,POINT (2.3315628 48.8812084),75,55,7555
94176332,48.8821553,2.3318103,4,,,POINT (2.3318103 48.8821553),77,55,7755
94177741,48.8823438,2.3369571,4,,,POINT (2.3369571 48.8823438),77,58,7758
94177943,48.8820962,2.3369708,3,,,POINT (2.3369708 48.8820962),76,58,7658
94177951,48.8824383,2.3379158,4,traffic_signals,,POINT (2.3379158 48.8824383),77,58,7758
94177954,48.8839421,2.3391239,3,,,POINT (2.3391239 48.8839421),79,59,7959
94178123,48.8836974,2.3397206,3,,,POINT (2.3397206 48.8836974),78,59,7859
94178357,48.8807224,2.3402436,4,,,POINT (2.3402436 48.8807224),75,60,7560
94178681,48.8811934,2.3424989,4,,,POINT (2.3424989 48.8811934),75,61,7561
94178683,48.881594,2.3447579,3,traffic_signals,,POINT (2.3447579 48.881594),76,62,7662
94179673,48.8797739,2.3455701,3,,,POINT (2.3455701 48.8797739),74,62,7462
94179906,48.8808844,2.3464352,3,,,POINT (2.3464352 48.8808844),75,63,7563
94179907,48.8801694,2.3462491,3,,,POINT (2.3462491 48.8801694),74,63,7463
94181022,48.8782363,2.3543147,3,,,POINT (2.3543147 48.8782363),72,67,7267
94181096,48.8782082,2.3555521,4,,,POINT (2.3555521 48.8782082),72,68,7268
94181306,48.8789543,2.3557548,4,,,POINT (2.3557548 48.8789543),73,68,7368
94181307,48.8797605,2.356037,1,,,POINT (2.356037 48.8797605),74,68,7468
94181728,48.88128,2.3581073,3,traffic_signals,,POINT (2.3581073 48.88128),76,69,7669
94181730,48.8828527,2.3590344,3,traffic_signals,,POINT (2.3590344 48.8828527),77,69,7769
94181731,48.8842935,2.3593856,4,,,POINT (2.3593856 48.8842935),79,70,7970
94182333,48.8836131,2.3605267,4,traffic_signals,,POINT (2.3605267 48.8836131),78,70,7870
94182913,48.8829399,2.3593471,3,,,POINT (2.3593471 48.8829399),77,70,7770
94182914,48.8841431,2.3615417,3,,,POINT (2.3615417 48.8841431),79,71,7971
94182999,48.8830892,2.3615015,3,traffic_signals,,POINT (2.3615015 48.8830892),78,71,7871
94184172,48.8842858,2.3615176,4,traffic_signals,,POINT (2.3615176 48.8842858),79,71,7971
94184179,48.8901818,2.3601966,3,,,POINT (2.3601966 48.8901818),86,70,8670
94184450,48.8868337,2.3596441,3,traffic_signals,,POINT (2.3596441 48.8868337),82,70,8270
94184713,48.8867695,2.3609808,3,traffic_signals,,POINT (2.3609808 48.8867695),82,70,8270
94184716,48.8848699,2.3674155,3,,,POINT (2.3674155 48.8848699),80,74,8074
94185760,48.8855527,2.3657973,4,,,POINT (2.3657973 48.8855527),81,73,8173
94185764,48.8844689,2.3647795,4,traffic_signals,,POINT (2.3647795 48.8844689),79,72,7972
94185770,48.8863999,2.3665488,3,,,POINT (2.3665488 48.8863999),81,73,8173
94185774,48.8873252,2.3670592,3,,,POINT (2.3670592 48.8873252),83,74,8374
94186411,48.8892514,2.3713185,5,traffic_signals,,POINT (2.3713185 48.8892514),85,76,8576
94187779,48.8857877,2.3709501,3,,,POINT (2.3709501 48.8857877),81,76,8176
94187780,48.8883711,2.3741078,4,traffic_signals,,POINT (2.3741078 48.8883711),84,77,8477
94187782,48.8905562,2.3768534,4,,,POINT (2.3768534 48.8905562),86,79,8679
94187785,48.8930427,2.380072,4,,,POINT (2.380072 48.8930427),89,80,8980
94187786,48.8943154,2.3817076,4,traffic_signals,,POINT (2.3817076 48.8943154),91,81,9181
94188138,48.8944376,2.3814641,4,traffic_signals,,POINT (2.3814641 48.8944376),91,81,9181
94188710,48.884378,2.369196,4,,,POINT (2.369196 48.884378),79,75,7975
94189165,48.8853232,2.3718384,3,,,POINT (2.3718384 48.8853232),80,76,8076
94189169,48.8879985,2.3772367,3,,,POINT (2.3772367 48.8879985),83,79,8379
94190864,48.882802,2.3756503,4,traffic_signals,,POINT (2.3756503 48.882802),77,78,7778
94191162,48.8825901,2.380309,4,traffic_signals,,POINT (2.380309 48.8825901),77,81,7781
94191164,48.8825305,2.3817129,3,traffic_signals,,POINT (2.3817129 48.8825305),77,81,7781
94191592,48.882249,2.3819455,3,traffic_signals,,POINT (2.3819455 48.882249),77,81,7781
94191744,48.8832435,2.3810931,3,,,POINT (2.3810931 48.8832435),78,81,7881
94191905,48.8835316,2.3820058,3,,,POINT (2.3820058 48.8835316),78,81,7881
94192767,48.878409,2.3742541,4,traffic_signals,,POINT (2.3742541 48.878409),72,77,7277
94192768,48.8785399,2.3754218,3,,,POINT (2.3754218 48.8785399),72,78,7278
94193348,48.8801511,2.3757009,5,traffic_signals,,POINT (2.3757009 48.8801511),74,78,7478
94193350,48.8812477,2.3732164,3,traffic_signals,,POINT (2.3732164 48.8812477),75,77,7577
94193351,48.882499,2.3703715,3,,,POINT (2.3703715 48.882499),77,75,7775
94196265,48.8796451,2.3743683,3,traffic_signals,,POINT (2.3743683 48.8796451),74,77,7477
94196267,48.8778478,2.3740809,4,,,POINT (2.3740809 48.8778478),72,77,7277
94196276,48.8764251,2.3768696,3,,,POINT (2.3768696 48.8764251),70,79,7079
94196430,48.8752511,2.3786694,3,,,POINT (2.3786694 48.8752511),69,80,6980
94196587,48.8746465,2.3789183,3,,,POINT (2.3789183 48.8746465),68,80,6880
94196984,48.8746813,2.3811094,4,,,POINT (2.3811094 48.8746813),68,81,6881
94197384,48.8747658,2.3795742,3,,,POINT (2.3795742 48.8747658),68,80,6880
94197641,48.8753837,2.3764359,2,,,POINT (2.3764359 48.8753837),69,79,6979
94199167,48.8731658,2.3614744,4,,,POINT (2.3614744 48.8731658),66,71,6671
94199168,48.8745164,2.3628707,3,,,POINT (2.3628707 48.8745164),68,71,6871
94199676,48.8752331,2.3594435,4,,,POINT (2.3594435 48.8752331),69,70,6970
94200623,48.8769701,2.3623872,1,,,POINT (2.3623872 48.8769701),71,71,7171
94200928,48.8755402,2.356717,4,,,POINT (2.356717 48.8755402),69,68,6968
94201158,48.8754843,2.3578116,4,,,POINT (2.3578116 48.8754843),69,69,6969
94201292,48.8763011,2.3574429,4,,,POINT (2.3574429 48.8763011),70,69,7069
94201521,48.8797433,2.3586957,4,traffic_signals,,POINT (2.3586957 48.8797433),74,69,7469
94201600,48.8784749,2.35667,3,traffic_signals,,POINT (2.35667 48.8784749),72,68,7268
94202286,48.8806867,2.3602953,3,,,POINT (2.3602953 48.8806867),75,70,7570
94205088,48.8807111,2.3477568,3,,,POINT (2.3477568 48.8807111),75,63,7563
94205089,48.8804647,2.3498007,3,,,POINT (2.3498007 48.8804647),75,65,7565
94206073,48.8831462,2.3469109,3,,,POINT (2.3469109 48.8831462),78,63,7863
94206128,48.8824485,2.3467249,3,,,POINT (2.3467249 48.8824485),77,63,7763
94206274,48.8823973,2.3496702,3,,,POINT (2.3496702 48.8823973),77,64,7764
94206449,48.8795636,2.3474182,3,,,POINT (2.3474182 48.8795636),74,63,7463
94206882,48.8799696,2.3475398,3,,,POINT (2.3475398 48.8799696),74,63,7463
94207053,48.8778821,2.3468364,3,,,POINT (2.3468364 48.8778821),72,63,7263
94207230,48.8790148,2.3472831,3,,,POINT (2.3472831 48.8790148),73,63,7363
94208275,48.8828044,2.3320731,4,,,POINT (2.3320731 48.8828044),77,55,7755
94208278,48.8801848,2.343747,4,,,POINT (2.343747 48.8801848),74,61,7461
94208279,48.8802409,2.3429271,3,,,POINT (2.3429271 48.8802409),74,61,7461
94208286,48.8832947,2.3304302,4,,,POINT (2.3304302 48.8832947),78,54,7854
94208287,48.883379,2.3301366,3,,,POINT (2.3301366 48.883379),78,54,7854
94208290,48.8838717,2.3285532,3,traffic_signals,,POINT (2.3285532 48.8838717),79,53,7953
94208583,48.881798,2.3282293,3,,,POINT (2.3282293 48.881798),76,53,7653
94208711,48.8828617,2.3298209,4,,,POINT (2.3298209 48.8828617),77,54,7754
94209002,48.8809008,2.3377552,4,,,POINT (2.3377552 48.8809008),75,58,7558
94209095,48.8800189,2.337325,3,,,POINT (2.337325 48.8800189),74,58,7458
94209398,48.8821363,2.3337329,4,,,POINT (2.3337329 48.8821363),77,56,7756
94209400,48.8804359,2.3350485,4,,,POINT (2.3350485 48.8804359),75,57,7557
94209706,48.881986,2.3371874,4,,,POINT (2.3371874 48.881986),76,58,7658
94209853,48.8812104,2.3361502,4,,,POINT (2.3361502 48.8812104),75,57,7557
94209855,48.8795151,2.3337825,4,,,POINT (2.3337825 48.8795151),73,56,7356
94209968,48.8778564,2.3319307,3,,,POINT (2.3319307 48.8778564),72,55,7255
94210316,48.8816542,2.345051,3,traffic_signals,,POINT (2.345051 48.8816542),76,62,7662
94210394,48.882794,2.3445279,4,traffic_signals,,POINT (2.3445279 48.882794),77,62,7762
94210795,48.8823523,2.3456943,4,,,POINT (2.3456943 48.8823523),77,62,7762
94210933,48.876998,2.3422049,3,,,POINT (2.3422049 48.876998),71,61,7161
94211139,48.8773123,2.342281,3,,,POINT (2.342281 48.8773123),71,61,7161
94211142,48.8792364,2.3432076,4,,,POINT (2.3432076 48.8792364),73,61,7361
94211143,48.8815197,2.344398,4,traffic_signals,,POINT (2.344398 48.8815197),76,62,7662
94211386,48.8786107,2.3459042,3,,,POINT (2.3459042 48.8786107),72,62,7262
94211772,48.8787586,2.3453181,4,traffic_signals,,POINT (2.3453181 48.8787586),73,62,7362
94211916,48.8804114,2.3403964,4,,,POINT (2.3403964 48.8804114),75,60,7560
94212484,48.878438,2.3396892,3,,,POINT (2.3396892 48.878438),72,59,7259
94212488,48.8767233,2.339342,3,traffic_signals,,POINT (2.339342 48.8767233),70,59,7059
94212490,48.8759456,2.3390528,3,traffic_signals,,POINT (2.3390528 48.8759456),69,59,6959
94213033,48.8823063,2.341981,3,,,POINT (2.341981 48.8823063),77,60,7760
94213173,48.8808512,2.3407368,4,,,POINT (2.3407368 48.8808512),75,60,7560
94213175,48.8812967,2.3409525,3,,,POINT (2.3409525 48.8812967),76,60,7660
94213176,48.881821,2.3412496,3,,,POINT (2.3412496 48.881821),76,60,7660
94213177,48.8821422,2.3411203,3,,,POINT (2.3411203 48.8821422),77,60,7760
94213224,48.881145,2.3408732,3,,,POINT (2.3408732 48.881145),75,60,7560
94213335,48.8819989,2.3404022,3,,,POINT (2.3404022 48.8819989),76,60,7660
94213424,48.8819842,2.342148,3,,,POINT (2.342148 48.8819842),76,61,7661
94213531,48.881564,2.3423292,3,,,POINT (2.3423292 48.881564),76,61,7661
94213772,48.8766664,2.3395123,3,traffic_signals,,POINT (2.3395123 48.8766664),70,59,7059
94214157,48.8782002,2.3410555,3,,,POINT (2.3410555 48.8782002),72,60,7260
94214158,48.8787777,2.3413374,3,,,POINT (2.3413374 48.8787777),73,60,7360
94214160,48.8793363,2.3427941,3,,,POINT (2.3427941 48.8793363),73,61,7361
94214602,48.8777882,2.339506,3,,,POINT (2.339506 48.8777882),71,59,7159
94214726,48.8775799,2.3407696,3,,,POINT (2.3407696 48.8775799),71,60,7160
94214786,48.8773066,2.3393668,3,,,POINT (2.3393668 48.8773066),71,59,7159
94214881,48.8768627,2.3419239,3,,,POINT (2.3419239 48.8768627),70,60,7060
94215152,48.8752974,2.3417093,4,traffic_signals,,POINT (2.3417093 48.8752974),69,60,6960
94215153,48.8757494,2.3419968,3,,,POINT (2.3419968 48.8757494),69,60,6960
94216326,48.8797328,2.3328438,3,,,POINT (2.3328438 48.8797328),74,56,7456
94216327,48.8793032,2.334793,4,,,POINT (2.334793 48.8793032),73,57,7357
94216328,48.8788344,2.3370284,3,,,POINT (2.3370284 48.8788344),73,58,7358
94216674,48.8777336,2.3342904,3,,,POINT (2.3342904 48.8777336),71,56,7156
94216675,48.8786543,2.3345307,3,,,POINT (2.3345307 48.8786543),72,57,7257
94216677,48.8802489,2.3353167,4,,,POINT (2.3353167 48.8802489),74,57,7457
94216678,48.8809098,2.3357285,3,,,POINT (2.3357285 48.8809098),75,57,7557
94217111,48.8803849,2.3330875,3,,,POINT (2.3330875 48.8803849),74,56,7456
94217441,48.8823646,2.3279769,3,,,POINT (2.3279769 48.8823646),77,53,7753
94217565,48.8815142,2.3316215,3,,,POINT (2.3316215 48.8815142),76,55,7655
94217728,48.8798785,2.3291229,3,,,POINT (2.3291229 48.8798785),74,54,7454
94218002,48.8796868,2.3292114,3,,,POINT (2.3292114 48.8796868),74,54,7454
94218583,48.880536,2.3288111,3,,,POINT (2.3288111 48.880536),75,53,7553
94218636,48.8787234,2.326981,3,,,POINT (2.326981 48.8787234),73,53,7353
94218701,48.8789831,2.3295871,3,,,POINT (2.3295871 48.8789831),73,54,7354
94218952,48.878145,2.3301261,3,,,POINT (2.3301261 48.878145),72,54,7254
94219427,48.8726771,2.3352317,3,,,POINT (2.3352317 48.8726771),66,57,6657
94219781,48.8736231,2.3353155,4,,,POINT (2.3353155 48.8736231),67,57,6757
94219782,48.87424,2.3353006,4,traffic_signals,,POINT (2.3353006 48.87424),67,57,6757
94219783,48.876175,2.3353568,4,traffic_signals,,POINT (2.3353568 48.876175),70,57,7057
94219784,48.8782677,2.3356713,3,,,POINT (2.3356713 48.8782677),72,57,7257
94220085,48.8793907,2.3399969,3,,,POINT (2.3399969 48.8793907),73,59,7359
94220106,48.8793832,2.3370294,3,,,POINT (2.3370294 48.8793832),73,58,7358
94220177,48.878916,2.3398288,3,,,POINT (2.3398288 48.878916),73,59,7359
94220218,48.8791179,2.3369039,3,,,POINT (2.3369039 48.8791179),73,58,7358
94220416,48.8779358,2.3380239,3,,,POINT (2.3380239 48.8779358),72,58,7258
94220945,48.8827072,2.3278047,3,,,POINT (2.3278047 48.8827072),77,53,7753
94223221,48.8887405,2.3355561,3,,,POINT (2.3355561 48.8887405),84,57,8457
94223839,48.8895024,2.3357534,4,traffic_signals,,POINT (2.3357534 48.8895024),85,57,8557
94225409,48.8861561,2.3342877,3,,,POINT (2.3342877 48.8861561),81,56,8156
94225411,48.8871187,2.333912,3,,,POINT (2.333912 48.8871187),82,56,8256
94225412,48.887429,2.3341357,3,,,POINT (2.3341357 48.887429),83,56,8356
94225415,48.8875305,2.3352629,3,,,POINT (2.3352629 48.8875305),83,57,8357
94225418,48.8872626,2.3372233,3,,,POINT (2.3372233 48.8872626),82,58,8258
94225825,48.8876471,2.3374922,4,,,POINT (2.3374922 48.8876471),83,58,8358
94225869,48.8857673,2.3349883,3,,,POINT (2.3349883 48.8857673),81,57,8157
94225980,48.8865913,2.3355974,3,,,POINT (2.3355974 48.8865913),82,57,8257
94226429,48.8862293,2.3363382,4,,,POINT (2.3363382 48.8862293),81,57,8157
94226431,48.8860215,2.3367831,3,,,POINT (2.3367831 48.8860215),81,58,8158
94226435,48.8849659,2.3404739,3,,,POINT (2.3404739 48.8849659),80,60,8060
94226441,48.8834366,2.3417377,3,,,POINT (2.3417377 48.8834366),78,60,7860
94226442,48.8825648,2.3419024,3,traffic_signals,,POINT (2.3419024 48.8825648),77,60,7760
94226478,48.8835737,2.3397225,2,,,POINT (2.3397225 48.8835737),78,59,7859
94226653,48.8828591,2.3361773,3,,,POINT (2.3361773 48.8828591),77,57,7757
94226785,48.8843542,2.3369523,4,,,POINT (2.3369523 48.8843542),79,58,7958
94226787,48.8849759,2.3371971,3,,,POINT (2.3371971 48.8849759),80,58,8058
94226992,48.8850836,2.3375686,3,,,POINT (2.3375686 48.8850836),80,58,8058
94226995,48.8856862,2.3379834,3,,,POINT (2.3379834 48.8856862),81,58,8158
94227239,48.8839931,2.3414489,5,,,POINT (2.3414489 48.8839931),79,60,7960
94227304,48.884988,2.3418258,3,,,POINT (2.3418258 48.884988),80,60,8060
94227585,48.8844081,2.3440339,3,crossing,,POINT (2.3440339 48.8844081),79,62,7962
94227587,48.8844494,2.3448289,3,,,POINT (2.3448289 48.8844494),79,62,7962
94227588,48.8841729,2.3459533,3,,,POINT (2.3459533 48.8841729),79,63,7963
94227589,48.8838021,2.3470155,3,,,POINT (2.3470155 48.8838021),78,63,7863
94227785,48.8858003,2.3449978,3,,,POINT (2.3449978 48.8858003),81,62,8162
94229703,48.8872895,2.3434132,3,,,POINT (2.3434132 48.8872895),83,61,8361
94230474,48.8873976,2.3441442,1,,,POINT (2.3441442 48.8873976),83,62,8362
94230475,48.8875312,2.3445384,3,,,POINT (2.3445384 48.8875312),83,62,8362
94230668,48.8884156,2.3434891,1,,,POINT (2.3434891 48.8884156),84,61,8461
94230746,48.8883192,2.3420461,3,,,POINT (2.3420461 48.8883192),84,60,8460
94230913,48.8889254,2.3438034,4,,,POINT (2.3438034 48.8889254),84,61,8461
94230933,48.8893635,2.3444967,3,,,POINT (2.3444967 48.8893635),85,62,8562
94231213,48.8885782,2.3449206,3,,,POINT (2.3449206 48.8885782),84,62,8462
94231216,48.8881263,2.3460384,3,,,POINT (2.3460384 48.8881263),83,63,8363
94231217,48.8882462,2.3468809,3,,,POINT (2.3468809 48.8882462),84,63,8463
94231342,48.8887533,2.3456964,4,,,POINT (2.3456964 48.8887533),84,62,8462
94231344,48.8888834,2.3462529,4,,,POINT (2.3462529 48.8888834),84,63,8463
94231703,48.8857068,2.3474194,3,,,POINT (2.3474194 48.8857068),81,63,8163
94232105,48.885043,2.3472727,3,,,POINT (2.3472727 48.885043),80,63,8063
94232177,48.8848127,2.3448788,3,,,POINT (2.3448788 48.8848127),80,62,8062
94232268,48.8846086,2.3471784,3,,,POINT (2.3471784 48.8846086),79,63,7963
94232556,48.8867056,2.3465964,3,,,POINT (2.3465964 48.8867056),82,63,8263
94232729,48.8864874,2.3450755,2,,,POINT (2.3450755 48.8864874),82,62,8262
94232733,48.8857671,2.3464655,3,,,POINT (2.3464655 48.8857671),81,63,8163
94233052,48.8855198,2.3495235,4,traffic_signals,,POINT (2.3495235 48.8855198),80,64,8064
94233332,48.8865523,2.3495414,4,traffic_signals,,POINT (2.3495414 48.8865523),82,64,8264
94233334,48.8871086,2.3534486,4,,,POINT (2.3534486 48.8871086),82,66,8266
94233335,48.8873371,2.3563378,3,,,POINT (2.3563378 48.8873371),83,68,8368
94233597,48.8844655,2.3494898,3,,,POINT (2.3494898 48.8844655),79,64,7964
94233621,48.8837149,2.3482456,3,,,POINT (2.3482456 48.8837149),78,64,7864
94233688,48.8846419,2.3488106,3,,,POINT (2.3488106 48.8846419),79,64,7964
94233976,48.8832312,2.3453054,3,,,POINT (2.3453054 48.8832312),78,62,7862
94234180,48.883925,2.3445559,4,,,POINT (2.3445559 48.883925),79,62,7962
94234848,48.8841319,2.3386563,3,,,POINT (2.3386563 48.8841319),79,59,7959
94234857,48.8853609,2.3405587,3,,,POINT (2.3405587 48.8853609),80,60,8060
94234858,48.8857602,2.3406728,3,,,POINT (2.3406728 48.8857602),81,60,8160
94235042,48.8843095,2.3387275,3,,,POINT (2.3387275 48.8843095),79,59,7959
94235482,48.8848727,2.3422512,1,,,POINT (2.3422512 48.8848727),80,61,8061
94236058,48.8862813,2.3388544,3,,,POINT (2.3388544 48.8862813),81,59,8159
94236061,48.8852944,2.3422301,1,,,POINT (2.3422301 48.8852944),80,61,8061
94236322,48.8853895,2.3343366,3,,,POINT (2.3343366 48.8853895),80,56,8056
94236658,48.8855201,2.3358358,3,,,POINT (2.3358358 48.8855201),80,57,8057
94237045,48.8851335,2.335022,3,,,POINT (2.335022 48.8851335),80,57,8057
94237136,48.8856283,2.3354525,3,,,POINT (2.3354525 48.8856283),81,57,8157
94237223,48.8834263,2.334286,3,,,POINT (2.334286 48.8834263),78,56,7856
94237705,48.8841625,2.3339205,3,,,POINT (2.3339205 48.8841625),79,56,7956
94237931,48.8840904,2.3308184,3,,,POINT (2.3308184 48.8840904),79,55,7955
94239462,48.8883551,2.3495726,4,traffic_signals,,POINT (2.3495726 48.8883551),84,64,8464
94239467,48.889057,2.3599289,3,traffic_signals,,POINT (2.3599289 48.889057),85,70,8570
94239628,48.8882977,2.3514657,3,,,POINT (2.3514657 48.8882977),84,65,8465
94239964,48.8872308,2.3510356,3,,,POINT (2.3510356 48.8872308),82,65,8265
94239966,48.8882958,2.3515404,4,,,POINT (2.3515404 48.8882958),84,65,8465
94239967,48.8890602,2.3516447,3,,,POINT (2.3516447 48.8890602),85,66,8566
94239969,48.8904666,2.351454,5,traffic_signals,,POINT (2.351454 48.8904666),86,65,8665
94239970,48.8911838,2.3516153,4,traffic_signals,,POINT (2.3516153 48.8911838),87,65,8765
94241344,48.8954397,2.3464797,3,,,POINT (2.3464797 48.8954397),92,63,9263
94241964,48.8916826,2.349577,3,traffic_signals,,POINT (2.349577 48.8916826),88,64,8864
94243036,48.8861712,2.3338279,3,,,POINT (2.3338279 48.8861712),81,56,8156
94243262,48.8851195,2.334057,3,,,POINT (2.334057 48.8851195),80,56,8056
94243623,48.8867455,2.327792,3,,,POINT (2.327792 48.8867455),82,53,8253
94243625,48.88632,2.3281886,3,,,POINT (2.3281886 48.88632),81,53,8153
94244169,48.8896147,2.3384882,4,traffic_signals,,POINT (2.3384882 48.8896147),85,59,8559
94245630,48.8896886,2.3402131,3,,,POINT (2.3402131 48.8896886),85,59,8559
94246427,48.8885426,2.3397995,3,,,POINT (2.3397995 48.8885426),84,59,8459
94247165,48.8903814,2.3416158,3,,,POINT (2.3416158 48.8903814),86,60,8660
94247453,48.8848964,2.3593228,3,,,POINT (2.3593228 48.8848964),80,70,8070
94247754,48.8867262,2.3611518,3,traffic_signals,,POINT (2.3611518 48.8867262),82,71,8271
94248444,48.8937485,2.3733249,4,,,POINT (2.3733249 48.8937485),90,77,9077
94248592,48.8852031,2.3678239,3,,,POINT (2.3678239 48.8852031),80,74,8074
94248618,48.8844707,2.3689748,4,,,POINT (2.3689748 48.8844707),79,75,7975
94248806,48.8856973,2.3683911,3,,,POINT (2.3683911 48.8856973),81,74,8174
94249286,48.8847908,2.3593089,4,,,POINT (2.3593089 48.8847908),80,70,8070
94249422,48.8849236,2.3567999,4,,,POINT (2.3567999 48.8849236),80,68,8068
94249424,48.8849826,2.3552347,4,,,POINT (2.3552347 48.8849826),80,67,8067
94249426,48.8850341,2.3525233,3,,,POINT (2.3525233 48.8850341),80,66,8066
94249428,48.8850285,2.3522078,4,,,POINT (2.3522078 48.8850285),80,66,8066
94249439,48.8852755,2.3495181,3,traffic_signals,,POINT (2.3495181 48.8852755),80,64,8064
94249523,48.8851422,2.3507852,3,,,POINT (2.3507852 48.8851422),80,65,8065
94249639,48.8842223,2.3524083,3,,,POINT (2.3524083 48.8842223),79,66,7966
94249772,48.8846009,2.354082,4,,,POINT (2.354082 48.8846009),79,67,7967
94249773,48.8849752,2.3557178,3,,,POINT (2.3557178 48.8849752),80,68,8068
94249865,48.8843178,2.3560448,3,traffic_signals,,POINT (2.3560448 48.8843178),79,68,7968
94250088,48.8849707,2.3558348,3,,,POINT (2.3558348 48.8849707),80,68,8068
94250132,48.8859024,2.3557159,3,,,POINT (2.3557159 48.8859024),81,68,8168
94250133,48.8867629,2.3555497,3,,,POINT (2.3555497 48.8867629),82,68,8268
94250134,48.8872771,2.3554522,3,,,POINT (2.3554522 48.8872771),83,68,8368
94250376,48.890409,2.3558139,3,traffic_signals,,POINT (2.3558139 48.890409),86,68,8668
94250378,48.888703,2.3560535,4,traffic_signals,,POINT (2.3560535 48.888703),84,68,8468
94250379,48.8860564,2.356607,3,,,POINT (2.356607 48.8860564),81,68,8168
94250487,48.888567,2.3545838,3,,,POINT (2.3545838 48.888567),84,67,8467
94250558,48.8903544,2.3545343,3,,,POINT (2.3545343 48.8903544),86,67,8667
94250560,48.8906493,2.3545335,3,,,POINT (2.3545335 48.8906493),86,67,8667
94250805,48.890366,2.3533306,4,,,POINT (2.3533306 48.890366),86,66,8666
94251337,48.8867347,2.353428,4,,,POINT (2.353428 48.8867347),82,66,8266
94251338,48.8877733,2.3535011,3,,,POINT (2.3535011 48.8877733),83,66,8366
94251344,48.8884808,2.3535674,4,,,POINT (2.3535674 48.8884808),84,67,8467
94251346,48.8908898,2.3532204,3,,,POINT (2.3532204 48.8908898),87,66,8766
94251582,48.8859309,2.3520804,3,,,POINT (2.3520804 48.8859309),81,66,8166
94251584,48.8857038,2.3529732,4,,,POINT (2.3529732 48.8857038),81,66,8166
94251779,48.8866039,2.3527547,4,,,POINT (2.3527547 48.8866039),82,66,8266
94251780,48.8869964,2.352611,3,,,POINT (2.352611 48.8869964),82,66,8266
94251970,48.8867834,2.3564598,3,,,POINT (2.3564598 48.8867834),82,68,8268
94252127,48.8861991,2.3544136,3,,,POINT (2.3544136 48.8861991),81,67,8167
94252128,48.8862445,2.3549606,3,,,POINT (2.3549606 48.8862445),81,67,8167
94252519,48.8858627,2.3550328,3,,,POINT (2.3550328 48.8858627),81,67,8167
94252521,48.886106,2.3595262,3,traffic_signals,,POINT (2.3595262 48.886106),81,70,8170
94253119,48.888006,2.3562029,3,,,POINT (2.3562029 48.888006),83,68,8368
94253222,48.8876222,2.3534917,3,,,POINT (2.3534917 48.8876222),83,66,8366
94253261,48.8876367,2.3529991,3,,,POINT (2.3529991 48.8876367),83,66,8366
94253649,48.8889585,2.3536006,4,,,POINT (2.3536006 48.8889585),84,67,8467
94253650,48.8889075,2.3545676,3,,,POINT (2.3545676 48.8889075),84,67,8467
94257976,48.849961,2.2884178,5,traffic_signals,,POINT (2.2884178 48.849961),39,32,3932
94258075,48.8502734,2.2901004,3,,,POINT (2.2901004 48.8502734),39,33,3933
94258422,48.8428375,2.2861736,3,,,POINT (2.2861736 48.8428375),31,31,3131
94258423,48.8437783,2.2863504,4,,,POINT (2.2863504 48.8437783),32,31,3231
94258426,48.8466945,2.2888795,4,traffic_signals,,POINT (2.2888795 48.8466945),35,32,3532
94258428,48.8489997,2.2909188,4,,,POINT (2.2909188 48.8489997),38,34,3834
94258875,48.8468721,2.2924141,4,traffic_signals,,POINT (2.2924141 48.8468721),36,34,3634
94258877,48.8469303,2.2935692,3,,,POINT (2.2935692 48.8469303),36,35,3635
94259118,48.8480692,2.3015006,4,,,POINT (2.3015006 48.8480692),37,39,3739
94260214,48.8479029,2.3061538,4,traffic_signals,,POINT (2.3061538 48.8479029),37,42,3742
94260215,48.8533639,2.3116809,4,,,POINT (2.3116809 48.8533639),43,44,4344
94260216,48.8538201,2.3122123,3,,,POINT (2.3122123 48.8538201),44,45,4445
94260585,48.8471393,2.307339,4,,,POINT (2.307339 48.8471393),36,42,3642
94260586,48.8477529,2.3095429,3,,,POINT (2.3095429 48.8477529),37,43,3743
94260587,48.8479419,2.310324,3,,,POINT (2.310324 48.8479419),37,44,3744
94260793,48.8488296,2.3089369,3,,,POINT (2.3089369 48.8488296),38,43,3843
94261155,48.8460237,2.310494,3,,,POINT (2.310494 48.8460237),35,44,3544
94261348,48.8470096,2.3084406,3,,,POINT (2.3084406 48.8470096),36,43,3643
94261410,48.847333,2.3097705,4,,,POINT (2.3097705 48.847333),36,43,3643
94261495,48.8464359,2.3084706,3,,,POINT (2.3084706 48.8464359),35,43,3543
94261711,48.8461378,2.3089695,3,,,POINT (2.3089695 48.8461378),35,43,3543
94261982,48.8464486,2.3102588,4,,,POINT (2.3102588 48.8464486),35,44,3544
94261984,48.8466649,2.3111559,3,,,POINT (2.3111559 48.8466649),35,44,3544
94262176,48.8461675,2.3110986,3,,,POINT (2.3110986 48.8461675),35,44,3544
94262258,48.8445367,2.3115544,3,,,POINT (2.3115544 48.8445367),33,44,3344
94262351,48.845342,2.3117972,5,,,POINT (2.3117972 48.845342),34,45,3445
94262684,48.8460883,2.3142378,3,,,POINT (2.3142378 48.8460883),35,46,3546
94262804,48.8464376,2.3153669,3,traffic_signals,,POINT (2.3153669 48.8464376),35,46,3546
94262979,48.8508245,2.3124342,3,,,POINT (2.3124342 48.8508245),40,45,4045
94263090,48.8537961,2.312668,3,,,POINT (2.312668 48.8537961),44,45,4445
94264649,48.8532282,2.3119493,3,,,POINT (2.3119493 48.8532282),43,45,4345
94264937,48.8531939,2.3126966,3,,,POINT (2.3126966 48.8531939),43,45,4345
94264938,48.8533101,2.3129987,4,,,POINT (2.3129987 48.8533101),43,45,4345
94264940,48.853763,2.3133321,3,,,POINT (2.3133321 48.853763),44,45,4445
94265887,48.8514807,2.291976,3,,,POINT (2.291976 48.8514807),41,34,4134
94266272,48.8511758,2.294454,3,,,POINT (2.294454 48.8511758),41,35,4135
94266273,48.8510495,2.2949552,4,,,POINT (2.2949552 48.8510495),40,36,4036
94266274,48.8506596,2.2956421,4,,,POINT (2.2956421 48.8506596),40,36,4036
94266276,48.8501601,2.2965036,4,,,POINT (2.2965036 48.8501601),39,36,3936
94266440,48.8498987,2.3011175,5,,,POINT (2.3011175 48.8498987),39,39,3939
94266789,48.8505062,2.2999853,3,,,POINT (2.2999853 48.8505062),40,38,4038
94266791,48.8505319,2.3020523,3,,,POINT (2.3020523 48.8505319),40,39,4039
94267105,48.8505926,2.2988074,3,,,POINT (2.2988074 48.8505926),40,38,4038
94267106,48.851581,2.3002822,3,,,POINT (2.3002822 48.851581),41,38,4138
94267208,48.8504225,2.2940468,3,,,POINT (2.2940468 48.8504225),40,35,4035
94267358,48.8517262,2.2959733,3,,,POINT (2.2959733 48.8517262),41,36,4136
94267360,48.8530128,2.2970834,4,,,POINT (2.2970834 48.8530128),43,37,4337
94267384,48.8500645,2.2951699,4,traffic_signals,,POINT (2.2951699 48.8500645),39,36,3936
94267503,48.8513429,2.2965473,3,,,POINT (2.2965473 48.8513429),41,37,4137
94267505,48.8521822,2.2993432,3,traffic_signals,,POINT (2.2993432 48.8521822),42,38,4238
94267653,48.8526831,2.2997895,4,,,POINT (2.2997895 48.8526831),42,38,4238
94267807,48.8516097,2.2974342,3,,,POINT (2.2974342 48.8516097),41,37,4137
94267985,48.8506735,2.2989289,3,,,POINT (2.2989289 48.8506735),40,38,4038
94267986,48.8502346,2.2995872,4,,,POINT (2.2995872 48.8502346),39,38,3938
94268063,48.8515274,2.2970483,3,,,POINT (2.2970483 48.8515274),41,37,4137
94268113,48.852031,2.2963793,3,,,POINT (2.2963793 48.852031),42,36,4236
94268321,48.8528906,2.2865617,3,traffic_signals,,POINT (2.2865617 48.8528906),43,31,4331
94268492,48.8520806,2.2888245,3,,,POINT (2.2888245 48.8520806),42,32,4232
94268747,48.8476848,2.2841351,4,traffic_signals,,POINT (2.2841351 48.8476848),36,30,3630
94268943,48.8480233,2.2844718,3,,,POINT (2.2844718 48.8480233),37,30,3730
94268944,48.8486399,2.2851216,3,,,POINT (2.2851216 48.8486399),38,30,3830
94268946,48.8504611,2.2871117,5,,,POINT (2.2871117 48.8504611),40,32,4032
94269206,48.8481058,2.2901315,4,,,POINT (2.2901315 48.8481058),37,33,3733
94269207,48.8471467,2.292651,4,traffic_signals,,POINT (2.292651 48.8471467),36,34,3634
94269209,48.8469119,2.2931874,3,traffic_signals,,POINT (2.2931874 48.8469119),36,35,3635
94269214,48.8490693,2.2876268,5,,,POINT (2.2876268 48.8490693),38,32,3832
94269217,48.8461915,2.2951755,4,,,POINT (2.2951755 48.8461915),35,36,3536
94269263,48.8446574,2.2904942,3,,,POINT (2.2904942 48.8446574),33,33,3333
94269402,48.8480039,2.2934125,4,traffic_signals,,POINT (2.2934125 48.8480039),37,35,3735
94269403,48.8498514,2.29501,4,traffic_signals,,POINT (2.29501 48.8498514),39,36,3936
94269863,48.8494102,2.2898821,3,,,POINT (2.2898821 48.8494102),38,33,3833
94269969,48.8505079,2.291278,3,,,POINT (2.291278 48.8505079),40,34,4034
94270046,48.8502176,2.291977,4,,,POINT (2.291977 48.8502176),39,34,3934
94270047,48.8494038,2.294613,4,,,POINT (2.294613 48.8494038),38,35,3835
94270048,48.8485424,2.2973083,3,,,POINT (2.2973083 48.8485424),37,37,3737
94270059,48.8487613,2.2940586,3,,,POINT (2.2940586 48.8487613),38,35,3835
94270166,48.846611,2.2996613,3,,,POINT (2.2996613 48.846611),35,38,3538
94270168,48.8478027,2.2965615,4,,,POINT (2.2965615 48.8478027),37,37,3737
94270239,48.8475616,2.2971978,3,,,POINT (2.2971978 48.8475616),36,37,3637
94270277,48.8487024,2.2986791,3,,,POINT (2.2986791 48.8487024),38,38,3838
94270517,48.8473729,2.3030128,3,,,POINT (2.3030128 48.8473729),36,40,3640
94270578,48.8470984,2.3053345,3,,,POINT (2.3053345 48.8470984),36,41,3641
94270669,48.8489377,2.3045331,3,,,POINT (2.3045331 48.8489377),38,41,3841
94270877,48.8485061,2.2890827,3,,,POINT (2.2890827 48.8485061),37,33,3733
94271277,48.8481148,2.2867978,4,,,POINT (2.2867978 48.8481148),37,31,3731
94271403,48.8473884,2.2861895,3,,,POINT (2.2861895 48.8473884),36,31,3631
94271793,48.8455694,2.2807852,3,,,POINT (2.2807852 48.8455694),34,28,3428
94271799,48.8447472,2.2798686,4,traffic_signals,,POINT (2.2798686 48.8447472),33,28,3328
94272532,48.8383937,2.2783782,5,,,POINT (2.2783782 48.8383937),26,27,2627
94272854,48.8447668,2.2838996,4,,,POINT (2.2838996 48.8447668),33,30,3330
94272855,48.8465292,2.285409,4,traffic_signals,,POINT (2.285409 48.8465292),35,31,3531
96115609,48.8759896,2.4025455,4,traffic_signals,,POINT (2.4025455 48.8759896),69,92,6992
96115612,48.8754535,2.3979279,4,traffic_signals,,POINT (2.3979279 48.8754535),69,90,6990
96115614,48.8752544,2.3953549,3,traffic_signals,,POINT (2.3953549 48.8752544),69,89,6989
96115615,48.8753222,2.3935606,3,,,POINT (2.3935606 48.8753222),69,88,6988
96115618,48.8754525,2.3922838,4,traffic_signals,,POINT (2.3922838 48.8754525),69,87,6987
96115619,48.8754712,2.3920852,3,traffic_signals,,POINT (2.3920852 48.8754712),69,87,6987
96115623,48.8752868,2.3896435,3,traffic_signals,,POINT (2.3896435 48.8752868),69,86,6986
96115627,48.8746856,2.3877743,3,,,POINT (2.3877743 48.8746856),68,85,6885
96115628,48.8746703,2.3874522,3,,,POINT (2.3874522 48.8746703),68,84,6884
96127095,48.8726113,2.3961196,3,,,POINT (2.3961196 48.8726113),65,89,6589
96127099,48.8700944,2.3957728,4,traffic_signals,,POINT (2.3957728 48.8700944),63,89,6389
96127245,48.8740258,2.3959159,3,,,POINT (2.3959159 48.8740258),67,89,6789
96127745,48.8739203,2.3952367,3,,,POINT (2.3952367 48.8739203),67,88,6788
96134191,48.8727653,2.3942092,3,,,POINT (2.3942092 48.8727653),66,88,6688
96134192,48.8716662,2.3922824,4,traffic_signals,,POINT (2.3922824 48.8716662),64,87,6487
96134198,48.8692072,2.3919063,4,traffic_signals,,POINT (2.3919063 48.8692072),62,87,6287
96135127,48.8752147,2.3923814,3,,,POINT (2.3923814 48.8752147),68,87,6887
96135128,48.8744598,2.3928976,4,,,POINT (2.3928976 48.8744598),68,87,6887
96135356,48.8714404,2.3956473,4,,,POINT (2.3956473 48.8714404),64,89,6489
96135607,48.8718698,2.3937762,3,,,POINT (2.3937762 48.8718698),65,88,6588
96135608,48.8721961,2.3931756,4,,,POINT (2.3931756 48.8721961),65,87,6587
96135609,48.8724417,2.3927016,3,,,POINT (2.3927016 48.8724417),65,87,6587
96135611,48.8733708,2.3909322,3,,,POINT (2.3909322 48.8733708),66,86,6686
96135613,48.873602,2.3903631,3,,,POINT (2.3903631 48.873602),67,86,6786
96136327,48.8766093,2.3925107,4,,,POINT (2.3925107 48.8766093),70,87,7087
96136601,48.8763604,2.3930959,3,,,POINT (2.3930959 48.8763604),70,87,7087
96136609,48.8775088,2.3938077,3,,,POINT (2.3938077 48.8775088),71,88,7188
96136832,48.8782561,2.3979173,4,traffic_signals,,POINT (2.3979173 48.8782561),72,90,7290
96136833,48.8801328,2.3985928,5,,,POINT (2.3985928 48.8801328),74,90,7490
96136841,48.8707805,2.3992295,4,traffic_signals,,POINT (2.3992295 48.8707805),63,91,6391
96136842,48.8693224,2.4004764,3,,,POINT (2.4004764 48.8693224),62,91,6291
96137270,48.8710693,2.4002919,3,,,POINT (2.4002919 48.8710693),64,91,6491
96137271,48.8712236,2.4008072,3,,,POINT (2.4008072 48.8712236),64,91,6491
96137274,48.8716199,2.4023512,3,,,POINT (2.4023512 48.8716199),64,92,6492
96137424,48.8723847,2.3977146,3,,,POINT (2.3977146 48.8723847),65,90,6590
96137428,48.8729661,2.3962049,3,,,POINT (2.3962049 48.8729661),66,89,6689
96137709,48.872774,2.3970883,3,,,POINT (2.3970883 48.872774),66,89,6689
96138283,48.8767647,2.3905842,3,,,POINT (2.3905842 48.8767647),70,86,7086
96138756,48.875108,2.389291,3,traffic_signals,,POINT (2.389291 48.875108),68,85,6885
96138964,48.8763093,2.3876059,4,traffic_signals,,POINT (2.3876059 48.8763093),70,84,7084
96139197,48.8738054,2.3880252,3,,,POINT (2.3880252 48.8738054),67,85,6785
96139483,48.8714738,2.3860287,3,,,POINT (2.3860287 48.8714738),64,84,6484
96141540,48.8712369,2.3746456,3,,,POINT (2.3746456 48.8712369),64,78,6478
96141641,48.869965,2.3755758,3,,,POINT (2.3755758 48.869965),62,78,6278
96141927,48.8742123,2.3774044,3,,,POINT (2.3774044 48.8742123),67,79,6779
96142019,48.8725317,2.3785381,3,,,POINT (2.3785381 48.8725317),65,80,6580
96142236,48.8738234,2.3827956,3,,,POINT (2.3827956 48.8738234),67,82,6782
96142238,48.8744229,2.381577,3,,,POINT (2.381577 48.8744229),68,81,6881
96142386,48.8740966,2.3856919,3,,,POINT (2.3856919 48.8740966),67,83,6783
96143095,48.8744031,2.3862848,3,,,POINT (2.3862848 48.8744031),68,84,6884
96143215,48.8771078,2.387875,3,,,POINT (2.387875 48.8771078),71,85,7185
96143370,48.8775792,2.385473,3,,,POINT (2.385473 48.8775792),71,83,7183
96143575,48.8791997,2.3882962,3,,,POINT (2.3882962 48.8791997),73,85,7385
96143576,48.8795312,2.3883324,3,,,POINT (2.3883324 48.8795312),74,85,7485
96144808,48.8801413,2.3919702,4,,,POINT (2.3919702 48.8801413),74,87,7487
96145094,48.8794817,2.3913436,4,,,POINT (2.3913436 48.8794817),73,86,7386
96145095,48.8791814,2.3923896,3,,,POINT (2.3923896 48.8791814),73,87,7387
96145097,48.8795721,2.396496,3,,,POINT (2.396496 48.8795721),74,89,7489
96145557,48.8803992,2.3967352,4,,,POINT (2.3967352 48.8803992),75,89,7589
96146088,48.8761314,2.3703055,3,,,POINT (2.3703055 48.8761314),70,75,7075
96146089,48.8761438,2.3685092,3,traffic_signals,,POINT (2.3685092 48.8761438),70,74,7074
96146342,48.874652,2.3725017,3,,,POINT (2.3725017 48.874652),68,76,6876
96146596,48.875217,2.3703124,4,,,POINT (2.3703124 48.875217),68,75,6875
96149590,48.8671068,2.3832861,4,traffic_signals,,POINT (2.3832861 48.8671068),59,82,5982
96149592,48.8679235,2.3866245,3,,,POINT (2.3866245 48.8679235),60,84,6084
96149593,48.8680251,2.3870345,3,,,POINT (2.3870345 48.8680251),60,84,6084
96149597,48.8691112,2.3914388,3,,,POINT (2.3914388 48.8691112),61,86,6186
96149599,48.8695329,2.3931657,3,,,POINT (2.3931657 48.8695329),62,87,6287
96149607,48.8699679,2.3945024,4,traffic_signals,,POINT (2.3945024 48.8699679),62,88,6288
96151090,48.8751762,2.3735899,3,,,POINT (2.3735899 48.8751762),68,77,6877
96151437,48.8764327,2.3721293,3,,,POINT (2.3721293 48.8764327),70,76,7076
96151752,48.8770865,2.3742056,3,,,POINT (2.3742056 48.8770865),71,77,7177
96152276,48.8782577,2.3728587,3,traffic_signals,,POINT (2.3728587 48.8782577),72,77,7277
96153935,48.8718194,2.3983451,3,,,POINT (2.3983451 48.8718194),65,90,6590
96154101,48.872683,2.3992559,3,,,POINT (2.3992559 48.872683),66,91,6691
96416976,48.8851521,2.3253356,3,,,POINT (2.3253356 48.8851521),80,52,8052
100287503,48.824,2.3485412,4,,,POINT (2.3485412 48.824),9,64,964
100287651,48.8236655,2.3534824,3,,,POINT (2.3534824 48.8236655),9,66,966
100287808,48.8238486,2.3529956,3,,,POINT (2.3529956 48.8238486),9,66,966
100287884,48.8236356,2.3532356,3,,,POINT (2.3532356 48.8236356),9,66,966
100287974,48.8221517,2.3526895,4,traffic_signals,,POINT (2.3526895 48.8221517),7,66,766
100288356,48.8239453,2.3535766,3,,,POINT (2.3535766 48.8239453),9,67,967
100288988,48.8239612,2.3530592,3,,,POINT (2.3530592 48.8239612),9,66,966
100289067,48.8240399,2.3533795,3,,,POINT (2.3533795 48.8240399),9,66,966
100289150,48.8253602,2.3539437,4,,,POINT (2.3539437 48.8253602),11,67,1167
100289178,48.8259905,2.353653,4,traffic_signals,,POINT (2.353653 48.8259905),11,67,1167
100289321,48.8243549,2.3543989,4,,,POINT (2.3543989 48.8243549),9,67,967
100289322,48.8234417,2.3554355,3,,,POINT (2.3554355 48.8234417),8,68,868
100289410,48.8230231,2.355415,3,,,POINT (2.355415 48.8230231),8,67,867
100289509,48.8234447,2.3541248,3,,,POINT (2.3541248 48.8234447),8,67,867
100289671,48.82319,2.3541893,3,,,POINT (2.3541893 48.82319),8,67,867
100289673,48.8231877,2.3544169,3,,,POINT (2.3544169 48.8231877),8,67,867
100289676,48.8232969,2.3545614,3,,,POINT (2.3545614 48.8232969),8,67,867
100289808,48.8222355,2.3540576,3,,,POINT (2.3540576 48.8222355),7,67,767
100290177,48.8228708,2.3529541,3,,,POINT (2.3529541 48.8228708),8,66,866
100291267,48.822971,2.3488677,3,,,POINT (2.3488677 48.822971),8,64,864
100291522,48.8221798,2.3493502,3,traffic_signals,,POINT (2.3493502 48.8221798),7,64,764
100291881,48.8225837,2.3440471,4,,,POINT (2.3440471 48.8225837),7,62,762
100292094,48.8251937,2.3432735,5,,,POINT (2.3432735 48.8251937),10,61,1061
100292096,48.8261143,2.3440471,4,traffic_signals,,POINT (2.3440471 48.8261143),11,62,1162
100292375,48.8316883,2.3443707,3,,,POINT (2.3443707 48.8316883),18,62,1862
100292741,48.8341573,2.3448449,4,traffic_signals,,POINT (2.3448449 48.8341573),21,62,2162
100293163,48.833051,2.3359939,4,,,POINT (2.3359939 48.833051),19,57,1957
100294250,48.8271924,2.3347555,1,,,POINT (2.3347555 48.8271924),13,57,1357
100294442,48.8265121,2.3346128,4,,,POINT (2.3346128 48.8265121),12,57,1257
100294494,48.8256652,2.3344586,3,,,POINT (2.3344586 48.8256652),11,56,1156
100294683,48.8209283,2.3299648,4,,,POINT (2.3299648 48.8209283),5,54,554
100294771,48.8222335,2.3303979,3,traffic_signals,,POINT (2.3303979 48.8222335),7,54,754
106017215,48.9013304,2.3441098,4,,,POINT (2.3441098 48.9013304),99,62,9962
108270264,48.8381616,2.2524299,3,,,POINT (2.2524299 48.8381616),25,13,2513
108391780,48.8482974,2.241907,3,,,POINT (2.241907 48.8482974),37,8,3708
108391783,48.8484389,2.2422758,3,,,POINT (2.2422758 48.8484389),37,8,3708
108391788,48.8484094,2.2426186,3,,,POINT (2.2426186 48.8484094),37,8,3708
108391798,48.8480407,2.2427133,3,,,POINT (2.2427133 48.8480407),37,8,3708
110506443,48.8436985,2.2984104,3,,,POINT (2.2984104 48.8436985),32,37,3237
110509773,48.8398726,2.3021998,3,traffic_signals,,POINT (2.3021998 48.8398726),27,39,2739
110512079,48.8411421,2.3012185,3,,,POINT (2.3012185 48.8411421),29,39,2939
110512081,48.8433503,2.2999452,4,,,POINT (2.2999452 48.8433503),31,38,3138
110517369,48.838059,2.2946016,4,traffic_signals,,POINT (2.2946016 48.838059),25,35,2535
110517371,48.8385044,2.2946961,3,,,POINT (2.2946961 48.8385044),26,36,2636
110517378,48.8405518,2.2994543,4,traffic_signals,,POINT (2.2994543 48.8405518),28,38,2838
110517384,48.8418276,2.3032567,4,traffic_signals,,POINT (2.3032567 48.8418276),30,40,3040
110517387,48.8428149,2.3061821,3,,,POINT (2.3061821 48.8428149),31,42,3142
110548692,48.8414778,2.3079317,4,traffic_signals,,POINT (2.3079317 48.8414778),29,43,2943
110548693,48.8392607,2.3004089,3,traffic_signals,,POINT (2.3004089 48.8392607),27,39,2739
110548695,48.8383197,2.2984429,4,traffic_signals,,POINT (2.2984429 48.8383197),26,38,2638
110548696,48.8379256,2.2977341,4,,,POINT (2.2977341 48.8379256),25,37,2537
110548697,48.8368743,2.2957805,3,,,POINT (2.2957805 48.8368743),24,36,2436
110548699,48.8360839,2.2939785,4,,,POINT (2.2939785 48.8360839),23,35,2335
110548702,48.8348462,2.2917153,3,,,POINT (2.2917153 48.8348462),22,34,2234
110550432,48.8422304,2.304478,3,,,POINT (2.304478 48.8422304),30,41,3041
110553570,48.8437152,2.3063921,3,,,POINT (2.3063921 48.8437152),32,42,3242
110555345,48.8412654,2.307193,3,,,POINT (2.307193 48.8412654),29,42,2942
110557418,48.843587,2.307998,3,,,POINT (2.307998 48.843587),32,43,3243
110557419,48.841855,2.3091474,3,,,POINT (2.3091474 48.841855),30,43,3043
110562477,48.8422975,2.3105739,3,,,POINT (2.3105739 48.8422975),30,44,3044
110565283,48.8424504,2.3110668,3,,,POINT (2.3110668 48.8424504),30,44,3044
110567078,48.8442425,2.3081976,3,,,POINT (2.3081976 48.8442425),32,43,3243
110569416,48.8461128,2.3049174,4,,,POINT (2.3049174 48.8461128),35,41,3541
110571443,48.8437592,2.3065428,3,traffic_signals,,POINT (2.3065428 48.8437592),32,42,3242
110571874,48.8437358,2.3024068,3,,,POINT (2.3024068 48.8437358),32,40,3240
110573261,48.8425288,2.3003418,3,,,POINT (2.3003418 48.8425288),30,39,3039
112010329,48.8413032,2.2981973,3,,,POINT (2.2981973 48.8413032),29,37,2937
112010331,48.8403725,2.2988543,3,,,POINT (2.2988543 48.8403725),28,38,2838
112011214,48.8388948,2.2976114,3,,,POINT (2.2976114 48.8388948),26,37,2637
112011222,48.8394552,2.2987681,3,,,POINT (2.2987681 48.8394552),27,38,2738
112011224,48.8401945,2.3003269,3,,,POINT (2.3003269 48.8401945),28,38,2838
112011484,48.8393302,2.2969596,3,,,POINT (2.2969596 48.8393302),27,37,2737
112012920,48.8402627,2.2996571,3,,,POINT (2.2996571 48.8402627),28,38,2838
112014078,48.835656,2.302421,3,traffic_signals,,POINT (2.302421 48.835656),22,40,2240
112014079,48.8371844,2.3001202,4,,,POINT (2.3001202 48.8371844),24,38,2438
112014080,48.837969,2.2989645,4,,,POINT (2.2989645 48.837969),25,38,2538
112014081,48.8396434,2.2965306,4,,,POINT (2.2965306 48.8396434),27,36,2736
112014169,48.8392559,2.2958417,3,,,POINT (2.2958417 48.8392559),27,36,2736
112014705,48.8373825,2.2967396,4,traffic_signals,,POINT (2.2967396 48.8373825),25,37,2537
112014706,48.8370025,2.2971741,3,,,POINT (2.2971741 48.8370025),24,37,2437
112016218,48.8372166,2.298818,3,,,POINT (2.298818 48.8372166),24,38,2438
112016514,48.8437036,2.2985418,3,,,POINT (2.2985418 48.8437036),32,38,3238
112017509,48.8449167,2.2984141,3,,,POINT (2.2984141 48.8449167),33,37,3337
112017915,48.8446021,2.3036676,3,,,POINT (2.3036676 48.8446021),33,40,3340
112017916,48.8431921,2.3046007,3,,,POINT (2.3046007 48.8431921),31,41,3141
112035228,48.8459475,2.3043215,3,,,POINT (2.3043215 48.8459475),34,41,3441
112036802,48.8446221,2.2968925,3,,,POINT (2.2968925 48.8446221),33,37,3337
112037093,48.8437265,2.295872,3,,,POINT (2.295872 48.8437265),32,36,3236
112039658,48.842929,2.2980057,4,,,POINT (2.2980057 48.842929),31,37,3137
112040187,48.8428084,2.2987879,3,,,POINT (2.2987879 48.8428084),31,38,3138
112040699,48.8419471,2.2933723,3,,,POINT (2.2933723 48.8419471),30,35,3035
112042384,48.839937,2.2927325,3,,,POINT (2.2927325 48.839937),27,34,2734
112042925,48.8409954,2.2914201,4,traffic_signals,,POINT (2.2914201 48.8409954),29,34,2934
112413018,48.8358504,2.2557717,3,,,POINT (2.2557717 48.8358504),23,15,2315
113494617,48.8369256,2.3027349,3,,,POINT (2.3027349 48.8369256),24,40,2440
113494619,48.8391318,2.3000665,3,traffic_signals,,POINT (2.3000665 48.8391318),27,38,2738
113494973,48.8399499,2.3025163,3,,,POINT (2.3025163 48.8399499),27,40,2740
116109846,48.8376956,2.3078275,4,,,POINT (2.3078275 48.8376956),25,42,2542
116109849,48.8391037,2.306267,4,,,POINT (2.306267 48.8391037),27,42,2742
116109850,48.8396224,2.3058463,3,,,POINT (2.3058463 48.8396224),27,41,2741
116109852,48.840624,2.3049699,3,,,POINT (2.3049699 48.840624),28,41,2841
116110295,48.8382183,2.3083315,4,,,POINT (2.3083315 48.8382183),25,43,2543
116110297,48.839466,2.3071806,3,,,POINT (2.3071806 48.839466),27,42,2742
116110298,48.8399543,2.3067426,3,,,POINT (2.3067426 48.8399543),27,42,2742
116110299,48.8408972,2.3058827,3,,,POINT (2.3058827 48.8408972),29,41,2941
116111863,48.8386531,2.3087434,4,,,POINT (2.3087434 48.8386531),26,43,2643
116111865,48.8411216,2.3066683,3,,,POINT (2.3066683 48.8411216),29,42,2942
116112289,48.8392569,2.3049039,4,,,POINT (2.3049039 48.8392569),27,41,2741
116112942,48.8380418,2.3042274,4,,,POINT (2.3042274 48.8380418),25,41,2541
116113090,48.837356,2.3059986,4,,,POINT (2.3059986 48.837356),24,41,2441
116113091,48.8381523,2.3072529,3,,,POINT (2.3072529 48.8381523),25,42,2542
116114646,48.8404768,2.3128953,3,,,POINT (2.3128953 48.8404768),28,45,2845
116114647,48.8385019,2.3115134,4,traffic_signals,,POINT (2.3115134 48.8385019),26,44,2644
116114648,48.8376072,2.3109833,3,,,POINT (2.3109833 48.8376072),25,44,2544
116114649,48.8370855,2.3106522,3,,,POINT (2.3106522 48.8370855),24,44,2444
116115178,48.8389524,2.3105916,3,,,POINT (2.3105916 48.8389524),26,44,2644
116115388,48.8380159,2.3112189,3,,,POINT (2.3112189 48.8380159),25,44,2544
116116513,48.8396334,2.3147411,3,,,POINT (2.3147411 48.8396334),27,46,2746
116116879,48.8476826,2.2942499,3,,,POINT (2.2942499 48.8476826),36,35,3635
116116881,48.8469325,2.2936115,3,,,POINT (2.2936115 48.8469325),36,35,3635
116117345,48.8458067,2.2961635,3,,,POINT (2.2961635 48.8458067),34,36,3436
116118798,48.8338121,2.2900461,3,traffic_signals,,POINT (2.2900461 48.8338121),20,33,2033
116118801,48.8423483,2.2941665,4,traffic_signals,,POINT (2.2941665 48.8423483),30,35,3035
116118805,48.8411926,2.291827,3,,,POINT (2.291827 48.8411926),29,34,2934
116118809,48.8343989,2.2899441,3,,,POINT (2.2899441 48.8343989),21,33,2133
116118812,48.8358091,2.2896988,4,traffic_signals,,POINT (2.2896988 48.8358091),23,33,2333
116118814,48.8373627,2.2894094,3,,,POINT (2.2894094 48.8373627),24,33,2433
116118817,48.8385847,2.2894055,4,,,POINT (2.2894055 48.8385847),26,33,2633
116118819,48.8399897,2.2903618,4,traffic_signals,,POINT (2.2903618 48.8399897),28,33,2833
116118820,48.8407438,2.2909726,3,,,POINT (2.2909726 48.8407438),28,34,2834
116120001,48.8382984,2.281279,3,,,POINT (2.281279 48.8382984),26,28,2628
116120004,48.840104,2.2854121,3,,,POINT (2.2854121 48.840104),28,31,2831
116120005,48.8402952,2.2858876,4,,,POINT (2.2858876 48.8402952),28,31,2831
116120006,48.8411044,2.2879009,4,traffic_signals,,POINT (2.2879009 48.8411044),29,32,2932
116120007,48.8415253,2.2889479,3,,,POINT (2.2889479 48.8415253),29,33,2933
116120011,48.8437601,2.2928056,3,traffic_signals,,POINT (2.2928056 48.8437601),32,35,3235
116120352,48.8363903,2.2805733,3,,,POINT (2.2805733 48.8363903),23,28,2328
116120686,48.8378847,2.2817776,4,,,POINT (2.2817776 48.8378847),25,29,2529
116121031,48.8368606,2.2836148,4,traffic_signals,,POINT (2.2836148 48.8368606),24,30,2430
116122967,48.8381365,2.2876752,3,,,POINT (2.2876752 48.8381365),25,32,2532
116123725,48.8373765,2.2919417,3,,,POINT (2.2919417 48.8373765),24,34,2434
116124379,48.8351269,2.2890224,4,,,POINT (2.2890224 48.8351269),22,33,2233
116124382,48.8359989,2.2903883,3,,,POINT (2.2903883 48.8359989),23,33,2333
116124652,48.8360944,2.2924752,3,,,POINT (2.2924752 48.8360944),23,34,2334
116125149,48.8381205,2.2922298,3,,,POINT (2.2922298 48.8381205),25,34,2534
116125150,48.8383145,2.2927725,3,,,POINT (2.2927725 48.8383145),26,35,2635
116125151,48.8391027,2.2923164,3,,,POINT (2.2923164 48.8391027),27,34,2734
116125763,48.8387821,2.3004741,3,,,POINT (2.3004741 48.8387821),26,39,2639
116126000,48.837595,2.3011971,3,,,POINT (2.3011971 48.837595),25,39,2539
116126001,48.8385396,2.299987,3,,,POINT (2.299987 48.8385396),26,38,2638
116126452,48.8373791,2.3010786,3,,,POINT (2.3010786 48.8373791),25,39,2539
116126458,48.8365962,2.3047367,3,,,POINT (2.3047367 48.8365962),24,41,2441
116126781,48.8367488,2.2995386,4,,,POINT (2.2995386 48.8367488),24,38,2438
116126782,48.8380027,2.3014207,3,,,POINT (2.3014207 48.8380027),25,39,2539
116126870,48.8353968,2.3027901,3,traffic_signals,,POINT (2.3027901 48.8353968),22,40,2240
116128851,48.8464042,2.2831384,4,traffic_signals,,POINT (2.2831384 48.8464042),35,29,3529
116128852,48.8454745,2.2824265,4,,,POINT (2.2824265 48.8454745),34,29,3429
116129800,48.8445633,2.2870322,4,,,POINT (2.2870322 48.8445633),33,31,3331
116129802,48.8439889,2.2885535,3,,,POINT (2.2885535 48.8439889),32,32,3232
116130176,48.8426133,2.2923389,3,,,POINT (2.2923389 48.8426133),31,34,3134
116130775,48.8460718,2.2813522,3,traffic_signals,,POINT (2.2813522 48.8460718),35,29,3529
116130783,48.8420967,2.2903696,4,traffic_signals,,POINT (2.2903696 48.8420967),30,33,3033
116130924,48.8425606,2.289566,3,,,POINT (2.289566 48.8425606),31,33,3133
116131391,48.8424523,2.286988,3,,,POINT (2.286988 48.8424523),30,31,3031
116131632,48.8418325,2.2862996,3,,,POINT (2.2862996 48.8418325),30,31,3031
116131978,48.8406575,2.2841595,4,,,POINT (2.2841595 48.8406575),28,30,2830
116132337,48.843811,2.281919,4,,,POINT (2.281919 48.843811),32,29,3229
116132518,48.8415611,2.2799729,3,,,POINT (2.2799729 48.8415611),29,28,2928
116132694,48.8434294,2.2785263,3,,,POINT (2.2785263 48.8434294),32,27,3227
116132695,48.8428185,2.280012,3,,,POINT (2.280012 48.8428185),31,28,3128
116132962,48.8435277,2.2806782,4,,,POINT (2.2806782 48.8435277),32,28,3228
116133265,48.8428525,2.2822318,3,,,POINT (2.2822318 48.8428525),31,29,3129
116133266,48.8431874,2.2813771,4,,,POINT (2.2813771 48.8431874),31,29,3129
116133268,48.8442052,2.2792769,4,,,POINT (2.2792769 48.8442052),32,27,3227
116133270,48.8448156,2.2780334,3,,,POINT (2.2780334 48.8448156),33,27,3327
116133958,48.8412448,2.2808346,3,,,POINT (2.2808346 48.8412448),29,28,2928
116133962,48.8424273,2.2776178,4,traffic_signals,,POINT (2.2776178 48.8424273),30,27,3027
116135091,48.8371395,2.2772669,3,,,POINT (2.2772669 48.8371395),24,26,2426
116136718,48.837727,2.2752277,4,,,POINT (2.2752277 48.837727),25,25,2525
116136721,48.8390875,2.2761707,2,,,POINT (2.2761707 48.8390875),26,26,2626
116137021,48.8352546,2.2854647,3,,,POINT (2.2854647 48.8352546),22,31,2231
116137774,48.8359462,2.2885417,3,,,POINT (2.2885417 48.8359462),23,32,2332
116138680,48.8360784,2.2918382,3,,,POINT (2.2918382 48.8360784),23,34,2334
116139243,48.8344841,2.2956671,4,traffic_signals,,POINT (2.2956671 48.8344841),21,36,2136
116139382,48.8349499,2.2961151,3,,,POINT (2.2961151 48.8349499),22,36,2236
116139384,48.8362542,2.2943729,3,,,POINT (2.2943729 48.8362542),23,35,2335
116139798,48.8361469,2.297233,4,traffic_signals,,POINT (2.297233 48.8361469),23,37,2337
116140169,48.8355214,2.3006958,4,,,POINT (2.3006958 48.8355214),22,39,2239
116141316,48.8299323,2.2956244,4,,,POINT (2.2956244 48.8299323),16,36,1636
116141321,48.8325305,2.2976153,3,,,POINT (2.2976153 48.8325305),19,37,1937
116141322,48.8334997,2.2987009,4,traffic_signals,,POINT (2.2987009 48.8334997),20,38,2038
116141651,48.8339286,2.2951319,3,,,POINT (2.2951319 48.8339286),20,36,2036
116141764,48.8340564,2.2969882,3,,,POINT (2.2969882 48.8340564),21,37,2137
116141767,48.8333723,2.2961254,3,,,POINT (2.2961254 48.8333723),20,36,2036
116141941,48.8337803,2.2978434,3,,,POINT (2.2978434 48.8337803),20,37,2037
116142353,48.8346265,2.2988501,2,,,POINT (2.2988501 48.8346265),21,38,2138
116142358,48.8356315,2.2997386,3,,,POINT (2.2997386 48.8356315),22,38,2238
116142965,48.8317184,2.296276,3,,,POINT (2.296276 48.8317184),18,36,1836
116142969,48.8315088,2.2968731,3,,,POINT (2.2968731 48.8315088),18,37,1837
116143564,48.8329947,2.2942277,3,,,POINT (2.2942277 48.8329947),19,35,1935
116144807,48.831013,2.2923396,4,,,POINT (2.2923396 48.831013),17,34,1734
116145478,48.8332706,2.2945033,3,,,POINT (2.2945033 48.8332706),20,35,2035
116146083,48.8384754,2.2889877,3,,,POINT (2.2889877 48.8384754),26,33,2633
116146533,48.840743,2.2870018,3,,,POINT (2.2870018 48.840743),28,31,2831
116146569,48.8405163,2.2878906,4,,,POINT (2.2878906 48.8405163),28,32,2832
116146571,48.8409442,2.2875024,3,,,POINT (2.2875024 48.8409442),29,32,2932
116146615,48.8401743,2.2882136,1,,,POINT (2.2882136 48.8401743),28,32,2832
116146751,48.8399587,2.2864513,3,,,POINT (2.2864513 48.8399587),27,31,2731
116146753,48.8408002,2.288567,3,,,POINT (2.288567 48.8408002),28,32,2832
116146936,48.8411661,2.2912657,4,traffic_signals,,POINT (2.2912657 48.8411661),29,34,2934
116146939,48.8418086,2.2906856,3,,,POINT (2.2906856 48.8418086),30,33,3033
116146943,48.840676,2.2888515,3,,,POINT (2.2888515 48.840676),28,32,2832
116146944,48.8410018,2.2893604,3,,,POINT (2.2893604 48.8410018),29,33,2933
116146997,48.8413917,2.2886156,3,,,POINT (2.2886156 48.8413917),29,32,2932
116147108,48.8452811,2.2910305,3,,,POINT (2.2910305 48.8452811),34,34,3434
116147133,48.8410734,2.2845444,3,,,POINT (2.2845444 48.8410734),29,30,2930
116147180,48.8397097,2.2831493,3,,,POINT (2.2831493 48.8397097),27,29,2729
116147265,48.8391886,2.2858735,3,,,POINT (2.2858735 48.8391886),27,31,2731
116147416,48.8396086,2.2841796,3,,,POINT (2.2841796 48.8396086),27,30,2730
116147457,48.8340772,2.2904974,3,,,POINT (2.2904974 48.8340772),21,33,2133
116147536,48.8338593,2.2950662,3,,,POINT (2.2950662 48.8338593),20,36,2036
116147537,48.8341647,2.294323,3,,,POINT (2.294323 48.8341647),21,35,2135
116147539,48.8329198,2.2922783,3,,,POINT (2.2922783 48.8329198),19,34,1934
116147553,48.8341312,2.295331,3,,,POINT (2.295331 48.8341312),21,36,2136
116147572,48.8321075,2.293388,3,,,POINT (2.293388 48.8321075),18,35,1835
116147645,48.8326812,2.2959852,1,,,POINT (2.2959852 48.8326812),19,36,1936
116147646,48.8331231,2.2965462,4,,,POINT (2.2965462 48.8331231),20,37,2037
116147905,48.8504243,2.305252,3,,,POINT (2.305252 48.8504243),40,41,4041
116147961,48.8513939,2.3066597,3,,,POINT (2.3066597 48.8513939),41,42,4142
116147966,48.8503734,2.3068171,4,,,POINT (2.3068171 48.8503734),40,42,4042
116147982,48.8508044,2.3057915,4,,,POINT (2.3057915 48.8508044),40,41,4041
116147990,48.8502016,2.3057152,3,,,POINT (2.3057152 48.8502016),39,41,3941
117087528,48.845425,2.3696919,3,,,POINT (2.3696919 48.845425),34,75,3475
117087532,48.8464593,2.3699407,3,,,POINT (2.3699407 48.8464593),35,75,3575
117091166,48.8466464,2.3720012,4,traffic_signals,,POINT (2.3720012 48.8466464),35,76,3576
117092530,48.846531,2.3698426,3,,,POINT (2.3698426 48.846531),35,75,3575
117092534,48.8475999,2.371587,3,,,POINT (2.371587 48.8475999),36,76,3676
117093293,48.8469268,2.3738607,4,traffic_signals,,POINT (2.3738607 48.8469268),36,77,3677
117100909,48.8468115,2.3730939,3,,,POINT (2.3730939 48.8468115),35,77,3577
117100910,48.8458439,2.3733888,3,,,POINT (2.3733888 48.8458439),34,77,3477
117101555,48.8472797,2.3753303,4,traffic_signals,,POINT (2.3753303 48.8472797),36,78,3678
117106433,48.8471112,2.3756822,3,,,POINT (2.3756822 48.8471112),36,78,3678
117106917,48.8446585,2.369136,4,,,POINT (2.369136 48.8446585),33,75,3375
117639344,48.8458505,2.3708451,3,traffic_signals,,POINT (2.3708451 48.8458505),34,76,3476
117645792,48.8454881,2.3703249,3,,,POINT (2.3703249 48.8454881),34,75,3475
122627999,48.884034,2.3688396,4,,,POINT (2.3688396 48.884034),79,75,7975
122628005,48.8843361,2.3668555,4,traffic_signals,,POINT (2.3668555 48.8843361),79,74,7974
123246622,48.8826727,2.3698584,5,,,POINT (2.3698584 48.8826727),77,75,7775
123249015,48.8784369,2.3704207,3,,,POINT (2.3704207 48.8784369),72,75,7275
123255453,48.8774244,2.3613867,3,,,POINT (2.3613867 48.8774244),71,71,7171
123255468,48.8811111,2.3651516,4,traffic_signals,,POINT (2.3651516 48.8811111),75,73,7573
123256396,48.875356,2.3596084,3,,,POINT (2.3596084 48.875356),69,70,6970
123256917,48.8717748,2.3571452,4,,,POINT (2.3571452 48.8717748),64,68,6468
123256923,48.8737642,2.3583134,4,traffic_signals,,POINT (2.3583134 48.8737642),67,69,6769
123256978,48.872659,2.3576672,3,,,POINT (2.3576672 48.872659),66,69,6669
123455097,48.8783808,2.3700173,3,,,POINT (2.3700173 48.8783808),72,75,7275
123455101,48.8777415,2.3700207,3,,,POINT (2.3700207 48.8777415),71,75,7175
123455103,48.8776628,2.3702171,3,,,POINT (2.3702171 48.8776628),71,75,7175
123455104,48.8776716,2.3704292,3,,,POINT (2.3704292 48.8776716),71,75,7175
123456823,48.8451755,2.264191,4,traffic_signals,,POINT (2.264191 48.8451755),34,19,3419
123456832,48.8435682,2.2632197,3,,,POINT (2.2632197 48.8435682),32,19,3219
123457132,48.8761746,2.3721286,3,,,POINT (2.3721286 48.8761746),70,76,7076
123457133,48.875278,2.3731574,3,,,POINT (2.3731574 48.875278),69,77,6977
123457134,48.8743644,2.374193,3,,,POINT (2.374193 48.8743644),67,77,6777
123457135,48.8736325,2.3750385,3,,,POINT (2.3750385 48.8736325),67,78,6778
123457136,48.8720138,2.376804,4,traffic_signals,,POINT (2.376804 48.8720138),65,79,6579
123468439,48.8431036,2.2648256,4,traffic_signals,,POINT (2.2648256 48.8431036),31,20,3120
123468446,48.8419679,2.2641563,3,,,POINT (2.2641563 48.8419679),30,19,3019
123469144,48.8450531,2.2667138,3,traffic_signals,,POINT (2.2667138 48.8450531),33,21,3321
123477301,48.871893,2.3769238,4,traffic_signals,,POINT (2.3769238 48.871893),65,79,6579
123479621,48.8656025,2.3841762,3,,,POINT (2.3841762 48.8656025),57,83,5783
123479622,48.8652533,2.3845797,3,,,POINT (2.3845797 48.8652533),57,83,5783
123479648,48.8629298,2.387228,4,,,POINT (2.387228 48.8629298),54,84,5484
123482362,48.8674056,2.3828715,3,,,POINT (2.3828715 48.8674056),59,82,5982
123482363,48.8676699,2.382495,3,,,POINT (2.382495 48.8676699),60,82,6082
123482364,48.8690492,2.3806546,4,traffic_signals,,POINT (2.3806546 48.8690492),61,81,6181
123482365,48.8695739,2.3799936,3,,,POINT (2.3799936 48.8695739),62,80,6280
123482366,48.8701026,2.3793172,4,traffic_signals,,POINT (2.3793172 48.8701026),63,80,6380
123482367,48.8708016,2.3784312,3,traffic_signals,,POINT (2.3784312 48.8708016),63,80,6380
123488801,48.8584296,2.3894203,4,,,POINT (2.3894203 48.8584296),49,85,4985
123488806,48.8598315,2.3887552,4,,,POINT (2.3887552 48.8598315),51,85,5185
123489766,48.8648446,2.3850425,3,,,POINT (2.3850425 48.8648446),56,83,5683
123489767,48.8640427,2.3859762,4,,,POINT (2.3859762 48.8640427),55,84,5584
123495120,48.8660328,2.3840078,3,,,POINT (2.3840078 48.8660328),58,83,5883
123495720,48.8651526,2.3850128,4,,,POINT (2.3850128 48.8651526),57,83,5783
123495721,48.8641627,2.3861398,4,,,POINT (2.3861398 48.8641627),56,84,5684
123495722,48.8585477,2.3896646,3,,,POINT (2.3896646 48.8585477),49,86,4986
123496677,48.8582633,2.3898851,4,,,POINT (2.3898851 48.8582633),49,86,4986
123497816,48.8575863,2.3921483,3,,,POINT (2.3921483 48.8575863),48,87,4887
123497817,48.856482,2.3942212,3,,,POINT (2.3942212 48.856482),47,88,4788
123497818,48.8543083,2.3959136,4,traffic_signals,,POINT (2.3959136 48.8543083),44,89,4489
123497819,48.851247,2.3982616,4,,,POINT (2.3982616 48.851247),41,90,4190
123497820,48.8488848,2.399118,4,,,POINT (2.399118 48.8488848),38,91,3891
123498361,48.8584006,2.3900359,3,,,POINT (2.3900359 48.8584006),49,86,4986
123498921,48.8543665,2.3961334,4,traffic_signals,,POINT (2.3961334 48.8543665),44,89,4489
123498923,48.8577134,2.3922853,3,,,POINT (2.3922853 48.8577134),48,87,4887
123500200,48.8488486,2.3993259,4,,,POINT (2.3993259 48.8488486),38,91,3891
123500829,48.8503634,2.3989419,4,,,POINT (2.3989419 48.8503634),40,90,4090
123509452,48.8420226,2.2659111,3,,,POINT (2.2659111 48.8420226),30,20,3020
123511979,48.842171,2.2628221,3,,,POINT (2.2628221 48.842171),30,19,3019
123511989,48.8415767,2.2657172,3,,,POINT (2.2657172 48.8415767),29,20,2920
123526538,48.847329,2.3991063,3,,,POINT (2.3991063 48.847329),36,90,3690
123526863,48.8451549,2.4023276,3,,,POINT (2.4023276 48.8451549),34,92,3492
123529844,48.8411959,2.401038,3,,,POINT (2.401038 48.8411959),29,92,2992
123532939,48.8402583,2.3792248,4,,,POINT (2.3792248 48.8402583),28,80,2880
123532977,48.8404822,2.3794328,3,traffic_signals,,POINT (2.3794328 48.8404822),28,80,2880
123713357,48.8236767,2.3618793,4,traffic_signals,,POINT (2.3618793 48.8236767),9,71,971
123725572,48.8408498,2.3409849,3,,,POINT (2.3409849 48.8408498),29,60,2960
123726617,48.8333259,2.336172,4,traffic_signals,,POINT (2.336172 48.8333259),20,57,2057
123748604,48.8645514,2.3012871,5,,,POINT (2.3012871 48.8645514),56,39,5639
123759978,48.8632179,2.2878296,3,traffic_signals,,POINT (2.2878296 48.8632179),55,32,5532
123766566,48.8700498,2.3509547,3,,,POINT (2.3509547 48.8700498),62,65,6265
125341029,48.8287652,2.3060346,3,,,POINT (2.3060346 48.8287652),14,42,1442
125347970,48.8271788,2.3045916,3,traffic_signals,,POINT (2.3045916 48.8271788),13,41,1341
125353236,48.8264767,2.3033362,3,,,POINT (2.3033362 48.8264767),12,40,1240
125382546,48.8303712,2.2847333,4,,,POINT (2.2847333 48.8303712),16,30,1630
125383643,48.8322758,2.2888615,3,,,POINT (2.2888615 48.8322758),19,32,1932
125383645,48.8324322,2.2889752,3,,,POINT (2.2889752 48.8324322),19,33,1933
125385335,48.8277899,2.2923245,3,,,POINT (2.2923245 48.8277899),13,34,1334
125385545,48.8277764,2.2927347,3,,,POINT (2.2927347 48.8277764),13,35,1335
125385546,48.828933,2.2941427,4,,,POINT (2.2941427 48.828933),15,35,1535
125385881,48.8313378,2.3198354,4,,,POINT (2.3198354 48.8313378),17,49,1749
125391183,48.8272338,2.2922829,3,,,POINT (2.2922829 48.8272338),13,34,1334
125393728,48.8226609,2.3147242,4,,,POINT (2.3147242 48.8226609),7,46,746
125400948,48.8330634,2.3275335,3,,,POINT (2.3275335 48.8330634),19,53,1953
125487646,48.8353905,2.3117973,4,,,POINT (2.3117973 48.8353905),22,45,2245
125487648,48.8356821,2.3112868,4,traffic_signals,,POINT (2.3112868 48.8356821),23,44,2344
125488831,48.8344154,2.3084983,4,traffic_signals,,POINT (2.3084983 48.8344154),21,43,2143
125496888,48.8329617,2.3009114,3,,,POINT (2.3009114 48.8329617),19,39,1939
127864092,48.8572593,2.3099287,4,,,POINT (2.3099287 48.8572593),48,44,4844
128054158,48.8289768,2.3178283,3,,,POINT (2.3178283 48.8289768),15,48,1548
128057687,48.8237011,2.3171281,4,,,POINT (2.3171281 48.8237011),9,47,947
128064623,48.821235,2.3214717,3,,,POINT (2.3214717 48.821235),6,50,650
128065399,48.8278033,2.3152029,3,,,POINT (2.3152029 48.8278033),13,46,1346
128657996,48.8439119,2.2518269,3,,,POINT (2.2518269 48.8439119),32,13,3213
129537079,48.8304107,2.3233052,3,,,POINT (2.3233052 48.8304107),16,51,1651
130036456,48.8483831,2.3992443,4,,,POINT (2.3992443 48.8483831),37,91,3791
130037329,48.8326583,2.399883,3,,,POINT (2.399883 48.8326583),19,91,1991
130037356,48.8293282,2.3902518,4,traffic_signals,,POINT (2.3902518 48.8293282),15,86,1586
130037378,48.8364456,2.4078262,3,,,POINT (2.4078262 48.8364456),23,95,2395
130040863,48.8466974,2.4158847,4,,,POINT (2.4158847 48.8466974),35,99,3599
130040865,48.8469322,2.4150839,3,,,POINT (2.4150839 48.8469322),36,99,3699
130040869,48.8470335,2.4140476,3,traffic_signals,,POINT (2.4140476 48.8470335),36,98,3698
130040923,48.8465694,2.4158517,4,,,POINT (2.4158517 48.8465694),35,99,3599
130040925,48.8465805,2.4151645,3,,,POINT (2.4151645 48.8465805),35,99,3599
130040926,48.8464724,2.414988,3,,,POINT (2.414988 48.8464724),35,99,3599
130043444,48.8489724,2.4148471,3,motorway_junction,,POINT (2.4148471 48.8489724),38,99,3899
130049381,48.8863197,2.3963549,4,traffic_signals,,POINT (2.3963549 48.8863197),81,89,8189
130049750,48.8862859,2.3967574,5,traffic_signals,,POINT (2.3967574 48.8862859),81,89,8189
130050673,48.8896335,2.3957351,4,traffic_signals,,POINT (2.3957351 48.8896335),85,89,8589
130050682,48.8897194,2.3966718,4,traffic_signals,,POINT (2.3966718 48.8897194),85,89,8589
130050685,48.889876,2.3966289,4,traffic_signals,,POINT (2.3966289 48.889876),86,89,8689
130052295,48.8937897,2.3945887,3,,,POINT (2.3945887 48.8937897),90,88,9088
130052296,48.8933119,2.3947471,3,,,POINT (2.3947471 48.8933119),90,88,9088
130052302,48.8931847,2.3951866,3,motorway_junction,,POINT (2.3951866 48.8931847),89,88,8988
130057658,48.8930061,2.3274236,5,traffic_signals,,POINT (2.3274236 48.8930061),89,53,8953
130071110,48.9006809,2.3442298,5,,,POINT (2.3442298 48.9006809),98,62,9862
130095414,48.8464628,2.3060861,4,traffic_signals,,POINT (2.3060861 48.8464628),35,42,3542
130095450,48.846678,2.3062174,4,,,POINT (2.3062174 48.846678),35,42,3542
130095642,48.8470061,2.3042602,3,,,POINT (2.3042602 48.8470061),36,41,3641
130095656,48.847228,2.3035129,3,,,POINT (2.3035129 48.847228),36,40,3640
130095671,48.8460095,2.3085582,4,traffic_signals,,POINT (2.3085582 48.8460095),35,43,3543
130096198,48.8471498,2.3121304,3,,,POINT (2.3121304 48.8471498),36,45,3645
130096200,48.8459809,2.3138936,3,traffic_signals,,POINT (2.3138936 48.8459809),35,46,3546
130096394,48.8471607,2.3111318,3,,,POINT (2.3111318 48.8471607),36,44,3644
130096473,48.8476011,2.3108565,3,,,POINT (2.3108565 48.8476011),36,44,3644
130096486,48.8497519,2.3080357,3,,,POINT (2.3080357 48.8497519),39,43,3943
130097196,48.8544663,2.3058157,4,traffic_signals,,POINT (2.3058157 48.8544663),44,41,4441
130097205,48.8541144,2.3062968,4,,,POINT (2.3062968 48.8541144),44,42,4442
130099800,48.8545491,2.3780311,3,,,POINT (2.3780311 48.8545491),44,79,4479
130099806,48.8557065,2.3787055,4,traffic_signals,,POINT (2.3787055 48.8557065),46,80,4680
130234851,48.8404721,2.2718172,3,,,POINT (2.2718172 48.8404721),28,23,2823
130234860,48.8401869,2.271956,3,,,POINT (2.271956 48.8401869),28,24,2824
130234864,48.8402447,2.2715361,3,,,POINT (2.2715361 48.8402447),28,23,2823
130234868,48.8404251,2.2715936,3,,,POINT (2.2715936 48.8404251),28,23,2823
130236068,48.8403015,2.270908,3,,,POINT (2.270908 48.8403015),28,23,2823
130238571,48.8452234,2.277099,3,traffic_signals,,POINT (2.277099 48.8452234),34,26,3426
132763840,48.8303052,2.284919,3,,,POINT (2.284919 48.8303052),16,30,1630
132773129,48.8249336,2.3024339,3,,,POINT (2.3024339 48.8249336),10,40,1040
132779919,48.8254397,2.3004676,5,,,POINT (2.3004676 48.8254397),11,39,1139
133128980,48.8547762,2.2975614,1,,,POINT (2.2975614 48.8547762),45,37,4537
133129310,48.8574133,2.2984394,1,,,POINT (2.2984394 48.8574133),48,38,4838
133129542,48.855826,2.2959411,1,,,POINT (2.2959411 48.855826),46,36,4636
134500496,48.8648888,2.3983194,3,,,POINT (2.3983194 48.8648888),56,90,5690
134515510,48.8634342,2.3996122,3,,,POINT (2.3996122 48.8634342),55,91,5591
134517352,48.8634863,2.4039971,3,,,POINT (2.4039971 48.8634863),55,93,5593
134518691,48.8649094,2.3986652,3,,,POINT (2.3986652 48.8649094),57,90,5790
134518697,48.8650048,2.3985668,3,,,POINT (2.3985668 48.8650048),57,90,5790
134521832,48.8645752,2.4072226,3,,,POINT (2.4072226 48.8645752),56,95,5695
134521836,48.8646683,2.4046572,4,traffic_signals,,POINT (2.4046572 48.8646683),56,93,5693
134521839,48.8646874,2.4041582,4,traffic_signals,,POINT (2.4041582 48.8646874),56,93,5693
134521840,48.8648001,2.4013068,4,,,POINT (2.4013068 48.8648001),56,92,5692
134579176,48.8570207,2.2665471,3,,,POINT (2.2665471 48.8570207),47,21,4721
134579178,48.8590108,2.2677991,3,,,POINT (2.2677991 48.8590108),50,21,5021
134579180,48.8597491,2.2681934,3,,,POINT (2.2681934 48.8597491),51,22,5122
134579181,48.8617994,2.2676911,4,,,POINT (2.2676911 48.8617994),53,21,5321
134594099,48.84247,2.2560743,4,traffic_signals,,POINT (2.2560743 48.84247),30,15,3015
134594601,48.8399987,2.2563188,4,traffic_signals,,POINT (2.2563188 48.8399987),28,15,2815
134600644,48.8382728,2.2564915,3,,,POINT (2.2564915 48.8382728),26,15,2615
134600660,48.8375258,2.2567271,3,,,POINT (2.2567271 48.8375258),25,16,2516
134600676,48.8379868,2.2575805,3,,,POINT (2.2575805 48.8379868),25,16,2516
134600684,48.8383975,2.2570437,3,,,POINT (2.2570437 48.8383975),26,16,2616
134601073,48.838318,2.257305,3,,,POINT (2.257305 48.838318),26,16,2616
134607233,48.8401422,2.2709772,3,,,POINT (2.2709772 48.8401422),28,23,2823
135577865,48.9004222,2.3575122,3,motorway_junction,,POINT (2.3575122 48.9004222),98,69,9869
135577913,48.8990269,2.3589924,4,,,POINT (2.3589924 48.8990269),96,69,9669
135577917,48.89941,2.3593744,3,,,POINT (2.3593744 48.89941),97,70,9770
135577936,48.9004579,2.3607218,3,motorway_junction,,POINT (2.3607218 48.9004579),98,70,9870
135578001,48.9009038,2.3596828,3,,,POINT (2.3596828 48.9009038),98,70,9870
135578017,48.8986953,2.3590108,4,,,POINT (2.3590108 48.8986953),96,69,9669
135578024,48.8985244,2.3590203,4,,,POINT (2.3590203 48.8985244),96,69,9669
135578081,48.8998259,2.3594022,3,motorway_junction,,POINT (2.3594022 48.8998259),97,70,9770
135578163,48.90107,2.3587604,3,motorway_junction,,POINT (2.3587604 48.90107),99,69,9969
135578183,48.9004296,2.3629578,3,,,POINT (2.3629578 48.9004296),98,71,9871
135578235,48.9006641,2.3650325,3,,,POINT (2.3650325 48.9006641),98,73,9873
135578399,48.9012223,2.3623179,3,motorway_junction,,POINT (2.3623179 48.9012223),99,71,9971
135578490,48.9014928,2.3602021,3,,,POINT (2.3602021 48.9014928),99,70,9970
135578493,48.9014953,2.3595499,4,,,POINT (2.3595499 48.9014953),99,70,9970
135612245,48.8985877,2.3629046,3,,,POINT (2.3629046 48.8985877),96,71,9671
135612262,48.8986994,2.3593623,4,,,POINT (2.3593623 48.8986994),96,70,9670
137701374,48.838602,2.3067583,3,,,POINT (2.3067583 48.838602),26,42,2642
137705346,48.8383825,2.3089437,3,,,POINT (2.3089437 48.8383825),26,43,2643
138151296,48.8312512,2.366401,3,traffic_signals,,POINT (2.366401 48.8312512),17,73,1773
138155611,48.8422102,2.2992357,3,,,POINT (2.2992357 48.8422102),30,38,3038
138226659,48.8428697,2.2965239,3,,,POINT (2.2965239 48.8428697),31,36,3136
138254823,48.8436326,2.2964716,3,,,POINT (2.2964716 48.8436326),32,36,3236
138257395,48.8450557,2.2977133,3,traffic_signals,,POINT (2.2977133 48.8450557),33,37,3337
138259866,48.8453306,2.2978178,3,,,POINT (2.2978178 48.8453306),34,37,3437
138262786,48.8394133,2.3008427,3,,,POINT (2.3008427 48.8394133),27,39,2739
138262794,48.8407228,2.299971,3,,,POINT (2.299971 48.8407228),28,38,2838
138263854,48.8395806,2.3013087,3,,,POINT (2.3013087 48.8395806),27,39,2739
138263863,48.8408889,2.3004598,3,,,POINT (2.3004598 48.8408889),29,39,2939
138272361,48.8368439,2.3027214,3,,,POINT (2.3027214 48.8368439),24,40,2440
139220081,48.8455824,2.2946502,3,,,POINT (2.2946502 48.8455824),34,36,3436
139226277,48.8448262,2.2939978,3,,,POINT (2.2939978 48.8448262),33,35,3335
139227049,48.8445017,2.2937179,3,,,POINT (2.2937179 48.8445017),33,35,3335
139227542,48.8452872,2.2920075,3,,,POINT (2.2920075 48.8452872),34,34,3434
139227543,48.8455682,2.291278,3,,,POINT (2.291278 48.8455682),34,34,3434
139227775,48.8454134,2.292133,3,,,POINT (2.292133 48.8454134),34,34,3434
139227776,48.8457042,2.2913944,3,,,POINT (2.2913944 48.8457042),34,34,3434
139232476,48.8436064,2.2931814,4,traffic_signals,,POINT (2.2931814 48.8436064),32,35,3235
139236399,48.840147,2.2980004,3,,,POINT (2.2980004 48.840147),28,37,2837
139236568,48.8400232,2.2975442,3,,,POINT (2.2975442 48.8400232),28,37,2837
139237818,48.8392345,2.298702,3,,,POINT (2.298702 48.8392345),27,38,2738
139238000,48.83874,2.2992593,3,,,POINT (2.2992593 48.83874),26,38,2638
139247101,48.8364517,2.299109,3,,,POINT (2.299109 48.8364517),23,38,2338
139247803,48.8454124,2.2559004,4,traffic_signals,,POINT (2.2559004 48.8454124),34,15,3415
139248385,48.8377508,2.2974005,3,,,POINT (2.2974005 48.8377508),25,37,2537
139248541,48.8369952,2.2984663,3,,,POINT (2.2984663 48.8369952),24,38,2438
139249813,48.8454852,2.2525919,3,,,POINT (2.2525919 48.8454852),34,13,3413
139250456,48.8446734,2.2521948,4,,,POINT (2.2521948 48.8446734),33,13,3313
139250877,48.837042,2.3056246,3,,,POINT (2.3056246 48.837042),24,41,2441
139251546,48.8376062,2.3095789,3,,,POINT (2.3095789 48.8376062),25,43,2543
139258405,48.8392559,2.2517156,3,,,POINT (2.2517156 48.8392559),27,13,2713
139260301,48.8369185,2.3127907,3,,,POINT (2.3127907 48.8369185),24,45,2445
139261112,48.8384745,2.2552935,4,,,POINT (2.2552935 48.8384745),26,15,2615
139262743,48.8368099,2.2536054,4,,,POINT (2.2536054 48.8368099),24,14,2414
139264323,48.8316049,2.3059839,4,,,POINT (2.3059839 48.8316049),18,41,1841
139265369,48.830192,2.3019117,3,,,POINT (2.3019117 48.830192),16,39,1639
139266047,48.8373554,2.2531234,3,,,POINT (2.2531234 48.8373554),24,14,2414
139270002,48.8349813,2.2551291,4,,,POINT (2.2551291 48.8349813),22,15,2215
139270183,48.8359601,2.2542974,3,,,POINT (2.2542974 48.8359601),23,14,2314
139284378,48.8299563,2.3035735,3,,,POINT (2.3035735 48.8299563),16,40,1640
139284388,48.8300274,2.3056553,3,,,POINT (2.3056553 48.8300274),16,41,1641
139308939,48.8312896,2.3024636,3,,,POINT (2.3024636 48.8312896),17,40,1740
139309189,48.8305785,2.3038308,4,,,POINT (2.3038308 48.8305785),17,40,1740
139309192,48.8299408,2.304922,3,,,POINT (2.304922 48.8299408),16,41,1641
139309538,48.830016,2.3031299,3,,,POINT (2.3031299 48.830016),16,40,1640
139309881,48.8308562,2.3032892,4,,,POINT (2.3032892 48.8308562),17,40,1740
139309882,48.8301052,2.302516,3,,,POINT (2.302516 48.8301052),16,40,1640
139310006,48.8319369,2.3044653,3,,,POINT (2.3044653 48.8319369),18,41,1841
139310596,48.8313171,2.3068415,3,,,POINT (2.3068415 48.8313171),17,42,1742
139310604,48.8319082,2.3047938,3,,,POINT (2.3047938 48.8319082),18,41,1841
139310605,48.8318166,2.3052434,3,,,POINT (2.3052434 48.8318166),18,41,1841
139310781,48.8306991,2.3036043,3,,,POINT (2.3036043 48.8306991),17,40,1740
139311158,48.833108,2.3058573,4,,,POINT (2.3058573 48.833108),20,41,2041
139311860,48.83331,2.3051224,3,,,POINT (2.3051224 48.83331),20,41,2041
139311861,48.8327732,2.307068,3,,,POINT (2.307068 48.8327732),19,42,1942
139312070,48.8345452,2.305773,3,,,POINT (2.305773 48.8345452),21,41,2141
139312073,48.832922,2.3045142,3,,,POINT (2.3045142 48.832922),19,41,1941
139312459,48.831056,2.3029231,3,,,POINT (2.3029231 48.831056),17,40,1740
140107304,48.8462968,2.2809153,4,,,POINT (2.2809153 48.8462968),35,28,3528
140107707,48.8473887,2.2788772,3,traffic_signals,,POINT (2.2788772 48.8473887),36,27,3627
140136434,48.8434685,2.2914396,1,,,POINT (2.2914396 48.8434685),32,34,3234
140136435,48.8430085,2.2910823,3,,,POINT (2.2910823 48.8430085),31,34,3134
140139203,48.8445091,2.2927816,3,,,POINT (2.2927816 48.8445091),33,35,3335
140139204,48.8452194,2.2909773,3,,,POINT (2.2909773 48.8452194),34,34,3434
140139446,48.8447789,2.293025,3,,,POINT (2.293025 48.8447789),33,35,3335
140139447,48.8439552,2.2923075,3,,,POINT (2.2923075 48.8439552),32,34,3234
140145478,48.8416898,2.2822856,4,,,POINT (2.2822856 48.8416898),30,29,3029
140145854,48.8431076,2.2835061,3,,,POINT (2.2835061 48.8431076),31,30,3130
140146106,48.8413825,2.2809533,3,,,POINT (2.2809533 48.8413825),29,28,2928
141552825,48.8449429,2.2860831,3,,,POINT (2.2860831 48.8449429),33,31,3331
141552962,48.8441449,2.2853836,3,,,POINT (2.2853836 48.8441449),32,31,3231
141554136,48.845343,2.2785498,4,,,POINT (2.2785498 48.845343),34,27,3427
141554367,48.8462399,2.2796544,3,,,POINT (2.2796544 48.8462399),35,28,3528
141556844,48.8461116,2.277432,4,,,POINT (2.277432 48.8461116),35,26,3526
141557799,48.8464736,2.2775817,3,,,POINT (2.2775817 48.8464736),35,27,3527
141559263,48.8462173,2.2771677,3,,,POINT (2.2771677 48.8462173),35,26,3526
141561174,48.8461462,2.2780662,3,,,POINT (2.2780662 48.8461462),35,27,3527
141562735,48.847231,2.2791678,4,,,POINT (2.2791678 48.847231),36,27,3627
141563308,48.8484361,2.2808862,3,,,POINT (2.2808862 48.8484361),37,28,3728
141563311,48.8491544,2.2819108,3,traffic_signals,,POINT (2.2819108 48.8491544),38,29,3829
141563417,48.847115,2.2842716,1,,,POINT (2.2842716 48.847115),36,30,3630
141564062,48.8472874,2.2838421,4,,,POINT (2.2838421 48.8472874),36,30,3630
141566589,48.8493315,2.2838568,4,,,POINT (2.2838568 48.8493315),38,30,3830
141566590,48.8501839,2.2849038,4,,,POINT (2.2849038 48.8501839),39,30,3930
141567053,48.8498439,2.2828893,3,,,POINT (2.2828893 48.8498439),39,29,3929
141567054,48.8506542,2.2840023,4,traffic_signals,,POINT (2.2840023 48.8506542),40,30,4030
141567301,48.8508861,2.2843046,3,,,POINT (2.2843046 48.8508861),40,30,4030
141567836,48.8504965,2.2865479,3,,,POINT (2.2865479 48.8504965),40,31,4031
141567847,48.8517112,2.2853556,3,,,POINT (2.2853556 48.8517112),41,31,4131
141568877,48.8526479,2.2872358,3,,,POINT (2.2872358 48.8526479),42,32,4232
141569001,48.8539671,2.2890831,3,,,POINT (2.2890831 48.8539671),44,33,4433
141569116,48.8533873,2.2882712,3,,,POINT (2.2882712 48.8533873),43,32,4332
141569260,48.8536985,2.2876755,3,,,POINT (2.2876755 48.8536985),43,32,4332
141569960,48.8451274,2.2830834,3,,,POINT (2.2830834 48.8451274),34,29,3429
141570158,48.8444455,2.2846501,3,,,POINT (2.2846501 48.8444455),33,30,3330
141571672,48.8456571,2.2778679,3,,,POINT (2.2778679 48.8456571),34,27,3427
141571829,48.8461595,2.2782478,4,,,POINT (2.2782478 48.8461595),35,27,3527
141573529,48.8434167,2.2748807,4,,,POINT (2.2748807 48.8434167),32,25,3225
141575202,48.8437552,2.2788415,3,,,POINT (2.2788415 48.8437552),32,27,3227
141575250,48.8431428,2.2803036,3,,,POINT (2.2803036 48.8431428),31,28,3128
141577311,48.8408839,2.2779164,3,traffic_signals,,POINT (2.2779164 48.8408839),29,27,2927
141579476,48.8400846,2.2798354,3,,,POINT (2.2798354 48.8400846),28,28,2828
141586690,48.8359945,2.2782802,4,,,POINT (2.2782802 48.8359945),23,27,2327
141588923,48.8341321,2.2773182,4,,,POINT (2.2773182 48.8341321),21,26,2126
141589282,48.8341341,2.2771345,4,,,POINT (2.2771345 48.8341341),21,26,2126
141592723,48.8346462,2.2843401,3,,,POINT (2.2843401 48.8346462),21,30,2130
141595579,48.8374219,2.2850613,3,,,POINT (2.2850613 48.8374219),25,30,2530
141595971,48.8382916,2.2835231,1,,,POINT (2.2835231 48.8382916),26,30,2630
141596145,48.8284571,2.3032613,3,,,POINT (2.3032613 48.8284571),14,40,1440
141596149,48.8296923,2.301752,3,,,POINT (2.301752 48.8296923),16,39,1639
141596303,48.8292098,2.3023481,3,,,POINT (2.3023481 48.8292098),15,40,1540
141596632,48.8295189,2.3024197,1,,,POINT (2.3024197 48.8295189),15,40,1540
141596692,48.8290863,2.3024964,3,,,POINT (2.3024964 48.8290863),15,40,1540
141596896,48.829474,2.3029785,1,,,POINT (2.3029785 48.829474),15,40,1540
141598360,48.8254879,2.300276,5,,,POINT (2.300276 48.8254879),11,38,1138
141598363,48.8275727,2.3011094,3,traffic_signals,,POINT (2.3011094 48.8275727),13,39,1339
141600003,48.8277285,2.3001463,3,,,POINT (2.3001463 48.8277285),13,38,1338
141600004,48.8278574,2.2993062,3,,,POINT (2.2993062 48.8278574),13,38,1338
141600006,48.8279886,2.2984333,3,,,POINT (2.2984333 48.8279886),14,37,1437
141600007,48.8284765,2.2966524,3,,,POINT (2.2966524 48.8284765),14,37,1437
141600011,48.8290972,2.2932767,3,,,POINT (2.2932767 48.8290972),15,35,1535
141600012,48.8291595,2.2929948,3,,,POINT (2.2929948 48.8291595),15,35,1535
141600013,48.8304836,2.2922936,3,,,POINT (2.2922936 48.8304836),16,34,1634
141600258,48.8305216,2.2932767,3,,,POINT (2.2932767 48.8305216),17,35,1735
141600324,48.8286999,2.2958218,3,,,POINT (2.2958218 48.8286999),14,36,1436
141600619,48.8294284,2.297146,3,,,POINT (2.297146 48.8294284),15,37,1537
141600715,48.8290201,2.2989501,4,,,POINT (2.2989501 48.8290201),15,38,1538
141600847,48.8288476,2.2997924,3,,,POINT (2.2997924 48.8288476),15,38,1538
141601002,48.8286358,2.3006078,3,,,POINT (2.3006078 48.8286358),14,39,1439
141602065,48.8262605,2.3062598,3,traffic_signals,,POINT (2.3062598 48.8262605),12,42,1242
141602066,48.8266986,2.3049003,3,traffic_signals,,POINT (2.3049003 48.8266986),12,41,1241
141602256,48.8268893,2.3066877,3,,,POINT (2.3066877 48.8268893),12,42,1242
141602257,48.8272841,2.3067917,3,,,POINT (2.3067917 48.8272841),13,42,1342
141602550,48.8264852,2.3085681,3,,,POINT (2.3085681 48.8264852),12,43,1243
141602553,48.8259682,2.3104492,4,,,POINT (2.3104492 48.8259682),11,44,1144
141602554,48.8258081,2.3111915,3,,,POINT (2.3111915 48.8258081),11,44,1144
141603609,48.8236151,2.3084067,4,traffic_signals,,POINT (2.3084067 48.8236151),9,43,943
141603796,48.8254665,2.3117329,3,,,POINT (2.3117329 48.8254665),11,45,1145
141604160,48.8264405,2.3107006,3,,,POINT (2.3107006 48.8264405),12,44,1244
141604305,48.8254178,2.3101759,3,,,POINT (2.3101759 48.8254178),11,44,1144
141604352,48.8261003,2.3098831,3,,,POINT (2.3098831 48.8261003),11,44,1144
141604480,48.8265748,2.3101172,3,,,POINT (2.3101172 48.8265748),12,44,1244
141604509,48.8262782,2.3091044,3,,,POINT (2.3091044 48.8262782),12,43,1243
141604644,48.8267434,2.3093368,3,,,POINT (2.3093368 48.8267434),12,43,1243
141604682,48.8268529,2.3088476,3,,,POINT (2.3088476 48.8268529),12,43,1243
141605425,48.8239672,2.3162686,3,,,POINT (2.3162686 48.8239672),9,47,947
141605427,48.8246788,2.3135351,3,traffic_signals,,POINT (2.3135351 48.8246788),10,45,1045
141605429,48.8251041,2.3111791,4,traffic_signals,,POINT (2.3111791 48.8251041),10,44,1044
141605932,48.8253733,2.3138884,3,,,POINT (2.3138884 48.8253733),11,46,1146
141605938,48.8247471,2.3166614,3,,,POINT (2.3166614 48.8247471),10,47,1047
141606902,48.824282,2.318635,4,,,POINT (2.318635 48.824282),9,48,948
141606906,48.824214,2.3192094,3,,,POINT (2.3192094 48.824214),9,48,948
141607249,48.8243088,2.3203223,3,,,POINT (2.3203223 48.8243088),9,49,949
141607250,48.8234137,2.31986,3,,,POINT (2.31986 48.8234137),8,49,849
141607400,48.8241205,2.3202301,3,,,POINT (2.3202301 48.8241205),9,49,949
141607401,48.8230959,2.3210549,3,,,POINT (2.3210549 48.8230959),8,49,849
141607471,48.8241104,2.3212202,3,,,POINT (2.3212202 48.8241104),9,49,949
141607528,48.8229831,2.3220279,3,,,POINT (2.3220279 48.8229831),8,50,850
141607529,48.8228548,2.3219615,3,,,POINT (2.3219615 48.8228548),8,50,850
141607715,48.8238318,2.3224741,3,,,POINT (2.3224741 48.8238318),9,50,950
141607833,48.8242743,2.3234881,3,,,POINT (2.3234881 48.8242743),9,51,951
141609493,48.8250815,2.3205109,3,,,POINT (2.3205109 48.8250815),10,49,1049
141789927,48.8471601,2.289294,3,,,POINT (2.289294 48.8471601),36,33,3633
141790525,48.8387399,2.2821125,4,,,POINT (2.2821125 48.8387399),26,29,2629
141792855,48.8459824,2.28332,1,,,POINT (2.28332 48.8459824),35,30,3530
142318777,48.8398552,2.284793,3,,,POINT (2.284793 48.8398552),27,30,2730
142346148,48.8421608,2.2866642,3,,,POINT (2.2866642 48.8421608),30,31,3031
142347102,48.8425268,2.2858907,3,,,POINT (2.2858907 48.8425268),30,31,3031
142361613,48.8391348,2.2914493,3,,,POINT (2.2914493 48.8391348),27,34,2734
142362010,48.8380377,2.2919768,1,,,POINT (2.2919768 48.8380377),25,34,2534
142362013,48.838406,2.2930304,1,,,POINT (2.2930304 48.838406),26,35,2635
142634951,48.8387912,2.2901643,3,,,POINT (2.2901643 48.8387912),26,33,2633
142635449,48.8367528,2.2927354,3,,,POINT (2.2927354 48.8367528),24,35,2435
142636849,48.8376303,2.2908504,1,,,POINT (2.2908504 48.8376303),25,34,2534
143652614,48.8643392,2.4043262,3,traffic_signals,,POINT (2.4043262 48.8643392),56,93,5693
143653508,48.8626192,2.4032118,3,,,POINT (2.4032118 48.8626192),54,93,5493
143653569,48.8639055,2.4041357,3,,,POINT (2.4041357 48.8639055),55,93,5593
143653697,48.8626891,2.4066628,3,,,POINT (2.4066628 48.8626891),54,94,5494
143654595,48.8641558,2.3998419,3,,,POINT (2.3998419 48.8641558),56,91,5691
143654597,48.8639088,2.4005256,3,,,POINT (2.4005256 48.8639088),55,91,5591
143654600,48.8629984,2.4027072,3,,,POINT (2.4027072 48.8629984),54,92,5492
143654844,48.8636906,2.4034188,3,,,POINT (2.4034188 48.8636906),55,93,5593
144489536,48.830414,2.3041545,3,,,POINT (2.3041545 48.830414),16,41,1641
144496998,48.8312647,2.3052695,3,,,POINT (2.3052695 48.8312647),17,41,1741
144497225,48.8306766,2.3063069,3,,,POINT (2.3063069 48.8306766),17,42,1742
144501984,48.8337933,2.3050041,1,turning_circle,,POINT (2.3050041 48.8337933),20,41,2041
144503587,48.832278,2.3066156,3,,,POINT (2.3066156 48.832278),19,42,1942
144504071,48.8319841,2.3074216,3,,,POINT (2.3074216 48.8319841),18,42,1842
145934030,48.9009526,2.3269328,3,,,POINT (2.3269328 48.9009526),98,53,9853
145934089,48.8966539,2.309569,4,,,POINT (2.309569 48.8966539),93,43,9343
145983051,48.8347722,2.298973,2,,,POINT (2.298973 48.8347722),21,38,2138
145997239,48.8386482,2.2948357,3,,,POINT (2.2948357 48.8386482),26,36,2636
146706953,48.8621567,2.2931353,3,,,POINT (2.2931353 48.8621567),53,35,5335
146724409,48.8583383,2.2884955,3,,,POINT (2.2884955 48.8583383),49,32,4932
146724462,48.8601469,2.2901238,3,crossing,,POINT (2.2901238 48.8601469),51,33,5133
146724486,48.8608771,2.2915088,3,,,POINT (2.2915088 48.8608771),52,34,5234
147024201,48.8670939,2.3206535,4,,,POINT (2.3206535 48.8670939),59,49,5949
147024224,48.8668261,2.3212966,3,,,POINT (2.3212966 48.8668261),59,50,5950
147024230,48.8667223,2.3205453,3,,,POINT (2.3205453 48.8667223),59,49,5949
148726565,48.8309508,2.2964374,3,,,POINT (2.2964374 48.8309508),17,36,1736
148735674,48.8332205,2.2966798,1,,,POINT (2.2966798 48.8332205),20,37,2037
148737552,48.8323457,2.2974912,3,,,POINT (2.2974912 48.8323457),19,37,1937
148739825,48.8338269,2.2937555,3,,,POINT (2.2937555 48.8338269),20,35,2035
148740160,48.8334768,2.2942261,3,,,POINT (2.2942261 48.8334768),20,35,2035
148740553,48.8339824,2.2947666,4,,,POINT (2.2947666 48.8339824),21,36,2136
148742773,48.8377554,2.2872006,1,,,POINT (2.2872006 48.8377554),25,32,2532
148942796,48.863956,2.3916417,3,traffic_signals,,POINT (2.3916417 48.863956),55,87,5587
148942876,48.8655142,2.3898669,4,,,POINT (2.3898669 48.8655142),57,86,5786
148942879,48.8651432,2.3911672,4,,,POINT (2.3911672 48.8651432),57,86,5786
148942880,48.8650435,2.3940783,3,,,POINT (2.3940783 48.8650435),57,88,5788
148942993,48.8651191,2.391871,3,,,POINT (2.391871 48.8651191),57,87,5787
148943019,48.8645147,2.3920968,3,,,POINT (2.3920968 48.8645147),56,87,5687
148943020,48.8641129,2.3922558,3,,,POINT (2.3922558 48.8641129),56,87,5687
148943050,48.8649463,2.3942451,4,,,POINT (2.3942451 48.8649463),57,88,5788
148943089,48.8656494,2.393124,3,,,POINT (2.393124 48.8656494),57,87,5787
148943090,48.8650951,2.3923621,3,,,POINT (2.3923621 48.8650951),57,87,5787
148943210,48.8661639,2.3896642,3,,,POINT (2.3896642 48.8661639),58,86,5886
148943218,48.8683063,2.3881722,4,,,POINT (2.3881722 48.8683063),60,85,6085
148943356,48.8638548,2.3891047,3,,,POINT (2.3891047 48.8638548),55,85,5585
148943386,48.8644309,2.3914476,3,,,POINT (2.3914476 48.8644309),56,86,5686
148943553,48.8648628,2.3880017,2,,,POINT (2.3880017 48.8648628),56,85,5685
148943573,48.8643216,2.3894012,3,,,POINT (2.3894012 48.8643216),56,85,5685
148943606,48.8666845,2.3870306,3,,,POINT (2.3870306 48.8666845),59,84,5984
148943607,48.8657394,2.3875096,3,,,POINT (2.3875096 48.8657394),57,84,5784
148943753,48.8673334,2.3889733,4,,,POINT (2.3889733 48.8673334),59,85,5985
148943869,48.8669024,2.3877062,3,,,POINT (2.3877062 48.8669024),59,84,5984
148944014,48.8632416,2.3882453,3,,,POINT (2.3882453 48.8632416),55,85,5585
148944071,48.8646879,2.3945071,3,traffic_signals,,POINT (2.3945071 48.8646879),56,88,5688
148944193,48.8678096,2.390409,3,,,POINT (2.390409 48.8678096),60,86,6086
148944194,48.8686637,2.3896284,4,traffic_signals,,POINT (2.3896284 48.8686637),61,86,6186
148944195,48.8702425,2.38915,4,,,POINT (2.38915 48.8702425),63,85,6385
148944517,48.8604812,2.3832569,4,traffic_signals,,POINT (2.3832569 48.8604812),51,82,5182
148944518,48.8609833,2.3851445,4,,,POINT (2.3851445 48.8609833),52,83,5283
148944519,48.8611758,2.3858318,4,,,POINT (2.3858318 48.8611758),52,84,5284
148944645,48.8591975,2.3862187,3,,,POINT (2.3862187 48.8591975),50,84,5084
148944692,48.85935,2.3868459,4,,,POINT (2.3868459 48.85935),50,84,5084
148944850,48.8575237,2.3868796,3,,,POINT (2.3868796 48.8575237),48,84,4884
148944851,48.8570794,2.3851432,4,,,POINT (2.3851432 48.8570794),47,83,4783
148944876,48.8591194,2.3859172,3,,,POINT (2.3859172 48.8591194),50,84,5084
148944889,48.8573608,2.386249,3,,,POINT (2.386249 48.8573608),48,84,4884
148944914,48.8589538,2.3852782,3,,,POINT (2.3852782 48.8589538),50,83,5083
148944923,48.8571969,2.3855942,3,,,POINT (2.3855942 48.8571969),48,83,4883
148944950,48.8587824,2.3846328,3,,,POINT (2.3846328 48.8587824),49,83,4983
148945034,48.8578799,2.3851697,4,,,POINT (2.3851697 48.8578799),48,83,4883
148945035,48.8580596,2.3858111,4,,,POINT (2.3858111 48.8580596),49,83,4983
148945036,48.8582283,2.3864505,4,,,POINT (2.3864505 48.8582283),49,84,4984
148945037,48.8584616,2.3873376,3,,,POINT (2.3873376 48.8584616),49,84,4984
148945054,48.8580449,2.387583,3,,,POINT (2.387583 48.8580449),49,84,4984
148945385,48.8632782,2.3850021,3,,,POINT (2.3850021 48.8632782),55,83,5583
148945399,48.8618608,2.3834277,3,,,POINT (2.3834277 48.8618608),53,82,5382
148945438,48.8629525,2.382627,1,,,POINT (2.382627 48.8629525),54,82,5482
148947688,48.8359527,2.3008559,3,,,POINT (2.3008559 48.8359527),23,39,2339
148947791,48.8298621,2.295873,4,,,POINT (2.295873 48.8298621),16,36,1636
149001459,48.8573554,2.3289,4,,,POINT (2.3289 48.8573554),48,54,4854
149001460,48.8579425,2.3292957,4,,,POINT (2.3292957 48.8579425),48,54,4854
151348663,48.8506009,2.287009,4,,,POINT (2.287009 48.8506009),40,31,4031
151351827,48.8497195,2.2915511,3,,,POINT (2.2915511 48.8497195),39,34,3934
151351977,48.8496218,2.2914641,3,,,POINT (2.2914641 48.8496218),39,34,3934
151352057,48.8486612,2.2939741,3,,,POINT (2.2939741 48.8486612),38,35,3835
151353976,48.8534721,2.3695555,3,,,POINT (2.3695555 48.8534721),43,75,4375
151354567,48.8619114,2.3727462,3,crossing,,POINT (2.3727462 48.8619114),53,77,5377
151354808,48.8619088,2.3721432,4,,,POINT (2.3721432 48.8619088),53,76,5376
151357308,48.8684779,2.3697567,3,,,POINT (2.3697567 48.8684779),61,75,6175
151357309,48.8686872,2.3681147,3,,,POINT (2.3681147 48.8686872),61,74,6174
151357346,48.8661783,2.3712338,3,traffic_signals,,POINT (2.3712338 48.8661783),58,76,5876
151357427,48.8660987,2.3701571,3,,,POINT (2.3701571 48.8660987),58,75,5875
151357502,48.8659968,2.3707083,4,,,POINT (2.3707083 48.8659968),58,76,5876
151357908,48.8658892,2.3703509,3,traffic_signals,,POINT (2.3703509 48.8658892),58,75,5875
151357971,48.8643562,2.3715231,2,,,POINT (2.3715231 48.8643562),56,76,5676
151358219,48.8647166,2.3701149,3,,,POINT (2.3701149 48.8647166),56,75,5675
151358601,48.8647512,2.3729859,2,,,POINT (2.3729859 48.8647512),56,77,5677
151358603,48.8650448,2.3746366,4,,,POINT (2.3746366 48.8650448),57,78,5778
151359376,48.8636493,2.3747207,3,,,POINT (2.3747207 48.8636493),55,78,5578
151359581,48.8644366,2.3732708,3,,,POINT (2.3732708 48.8644366),56,77,5677
151359667,48.8638958,2.3720203,3,,,POINT (2.3720203 48.8638958),55,76,5576
151360041,48.8617137,2.3744283,3,,,POINT (2.3744283 48.8617137),53,78,5378
151360042,48.8610771,2.3749876,3,,,POINT (2.3749876 48.8610771),52,78,5278
151360238,48.862632,2.3764949,3,,,POINT (2.3764949 48.862632),54,79,5479
151360583,48.8633576,2.3740547,1,,,POINT (2.3740547 48.8633576),55,77,5577
151360584,48.8639498,2.3755118,3,,,POINT (2.3755118 48.8639498),55,78,5578
151361175,48.8609866,2.3747721,3,,,POINT (2.3747721 48.8609866),52,78,5278
151361754,48.8606816,2.3752716,3,,,POINT (2.3752716 48.8606816),52,78,5278
151362735,48.855449,2.3704872,4,traffic_signals,,POINT (2.3704872 48.855449),46,75,4675
151362736,48.8564487,2.3734868,4,,,POINT (2.3734868 48.8564487),47,77,4777
151362738,48.8579304,2.3769877,4,,,POINT (2.3769877 48.8579304),48,79,4879
151362739,48.8591522,2.3794926,3,,,POINT (2.3794926 48.8591522),50,80,5080
151362823,48.8571876,2.3728056,4,,,POINT (2.3728056 48.8571876),48,77,4877
151362824,48.8585544,2.3765017,3,,,POINT (2.3765017 48.8585544),49,79,4979
151363007,48.8567734,2.377876,4,,,POINT (2.377876 48.8567734),47,79,4779
151363033,48.8601228,2.3755721,3,,,POINT (2.3755721 48.8601228),51,78,5178
151363076,48.859555,2.373342,3,,,POINT (2.373342 48.859555),50,77,5077
152737125,48.8606498,2.3673344,3,traffic_signals,,POINT (2.3673344 48.8606498),52,74,5274
152737652,48.8607808,2.3678314,4,,,POINT (2.3678314 48.8607808),52,74,5274
152737653,48.8613599,2.3700513,3,,,POINT (2.3700513 48.8613599),52,75,5275
152737902,48.8599782,2.3708904,3,,,POINT (2.3708904 48.8599782),51,76,5176
152738274,48.8596219,2.3695431,1,,,POINT (2.3695431 48.8596219),50,75,5075
152738277,48.8602752,2.372037,3,,,POINT (2.372037 48.8602752),51,76,5176
152738831,48.8586304,2.3713011,3,,,POINT (2.3713011 48.8586304),49,76,4976
152739326,48.8568139,2.3704746,3,,,POINT (2.3704746 48.8568139),47,75,4775
152739328,48.8574425,2.3698374,4,,,POINT (2.3698374 48.8574425),48,75,4875
152739331,48.8594854,2.3676106,3,,,POINT (2.3676106 48.8594854),50,74,5074
152739363,48.8570516,2.3712172,3,,,POINT (2.3712172 48.8570516),47,76,4776
152739591,48.8568986,2.3722193,4,,,POINT (2.3722193 48.8568986),47,76,4776
152739592,48.8567324,2.3732199,3,,,POINT (2.3732199 48.8567324),47,77,4777
152740785,48.8555802,2.3745984,3,,,POINT (2.3745984 48.8555802),46,78,4678
152745398,48.866717,2.3929012,3,,,POINT (2.3929012 48.866717),59,87,5987
152746954,48.8679674,2.3956184,3,,,POINT (2.3956184 48.8679674),60,89,6089
152746955,48.8677927,2.3962193,3,,,POINT (2.3962193 48.8677927),60,89,6089
152748081,48.8675475,2.3964113,3,,,POINT (2.3964113 48.8675475),60,89,6089
152748341,48.8654243,2.3948834,4,,,POINT (2.3948834 48.8654243),57,88,5788
152749116,48.8658414,2.3984485,3,,,POINT (2.3984485 48.8658414),58,90,5890
152749117,48.8662273,2.3996405,3,,,POINT (2.3996405 48.8662273),58,91,5891
152755741,48.8647954,2.3984368,3,,,POINT (2.3984368 48.8647954),56,90,5690
152803063,48.8560561,2.3927813,3,,,POINT (2.3927813 48.8560561),46,87,4687
152805597,48.8532722,2.3877281,3,,,POINT (2.3877281 48.8532722),43,85,4385
152805837,48.8529939,2.3930417,3,,,POINT (2.3930417 48.8529939),43,87,4387
152806496,48.8547515,2.3975052,4,,,POINT (2.3975052 48.8547515),45,90,4590
152806497,48.8550957,2.3987036,4,,,POINT (2.3987036 48.8550957),45,90,4590
152806498,48.8556409,2.4006374,3,,,POINT (2.4006374 48.8556409),46,91,4691
152807169,48.8567515,2.3959815,3,,,POINT (2.3959815 48.8567515),47,89,4789
152807172,48.8543265,2.3979073,4,,,POINT (2.3979073 48.8543265),44,90,4490
152807173,48.8534114,2.3984613,4,,,POINT (2.3984613 48.8534114),43,90,4390
152807175,48.8515228,2.3995305,3,,,POINT (2.3995305 48.8515228),41,91,4191
152807823,48.8568488,2.3971276,3,,,POINT (2.3971276 48.8568488),47,89,4789
152807826,48.8548342,2.3991014,4,,,POINT (2.3991014 48.8548342),45,90,4590
152807827,48.8540316,2.3999199,4,,,POINT (2.3999199 48.8540316),44,91,4491
152808341,48.8570723,2.398131,3,traffic_signals,,POINT (2.398131 48.8570723),47,90,4790
152808344,48.8568685,2.3999892,4,,,POINT (2.3999892 48.8568685),47,91,4791
152808346,48.8565624,2.4022489,3,,,POINT (2.4022489 48.8565624),47,92,4792
152808347,48.8561931,2.4049269,4,traffic_signals,,POINT (2.4049269 48.8561931),46,94,4694
152976640,48.8296807,2.3179875,3,,,POINT (2.3179875 48.8296807),16,48,1648
153490006,48.8730381,2.3745838,3,,,POINT (2.3745838 48.8730381),66,78,6678
153492002,48.8722446,2.3715372,3,,,POINT (2.3715372 48.8722446),65,76,6576
153492351,48.8717024,2.3697807,3,,,POINT (2.3697807 48.8717024),64,75,6475
153492913,48.8726398,2.3666549,3,,,POINT (2.3666549 48.8726398),65,73,6573
153492914,48.8725807,2.3665857,3,,,POINT (2.3665857 48.8725807),65,73,6573
153492915,48.8716924,2.3653832,3,,,POINT (2.3653832 48.8716924),64,73,6473
153493424,48.8720468,2.365863,3,,,POINT (2.365863 48.8720468),65,73,6573
153500988,48.85147,2.3692128,3,,,POINT (2.3692128 48.85147),41,75,4175
153501214,48.85139,2.3696214,3,,,POINT (2.3696214 48.85139),41,75,4175
153501216,48.8514362,2.3698901,3,,,POINT (2.3698901 48.8514362),41,75,4175
153501361,48.84943,2.3699397,3,,,POINT (2.3699397 48.84943),39,75,3975
153501555,48.8490109,2.3709598,3,,,POINT (2.3709598 48.8490109),38,76,3876
153505343,48.8473185,2.3777304,3,,,POINT (2.3777304 48.8473185),36,79,3679
153506005,48.8466195,2.3767012,4,,,POINT (2.3767012 48.8466195),35,79,3579
153507013,48.8459127,2.3743596,3,,,POINT (2.3743596 48.8459127),34,77,3477
153508229,48.8443316,2.3724474,3,traffic_signals,,POINT (2.3724474 48.8443316),33,76,3376
153512281,48.8539222,2.3820074,3,,,POINT (2.3820074 48.8539222),44,81,4481
153512631,48.85745,2.3796975,4,traffic_signals,,POINT (2.3796975 48.85745),48,80,4880
153514264,48.8558322,2.38159,3,,,POINT (2.38159 48.8558322),46,81,4681
153514849,48.8554791,2.3818052,3,,,POINT (2.3818052 48.8554791),46,81,4681
153515015,48.8558802,2.3833433,3,,,POINT (2.3833433 48.8558802),46,82,4682
153515888,48.856456,2.3881929,3,,,POINT (2.3881929 48.856456),47,85,4785
153516060,48.8562948,2.38591,3,,,POINT (2.38591 48.8562948),46,84,4684
153516926,48.8537665,2.3879672,3,,,POINT (2.3879672 48.8537665),44,85,4485
153517219,48.8541923,2.3900806,4,,,POINT (2.3900806 48.8541923),44,86,4486
153517221,48.8555802,2.3901232,3,,,POINT (2.3901232 48.8555802),46,86,4686
157530492,48.8386397,2.3052683,4,,,POINT (2.3052683 48.8386397),26,41,2641
157530497,48.8492859,2.2981463,3,traffic_signals,,POINT (2.2981463 48.8492859),38,37,3837
157530500,48.8464704,2.2706081,4,traffic_signals,,POINT (2.2706081 48.8464704),35,23,3523
157530505,48.8399825,2.2998653,4,,,POINT (2.2998653 48.8399825),28,38,2838
158259680,48.8342149,2.332503,3,,,POINT (2.332503 48.8342149),21,55,2155
158274893,48.8301097,2.3204062,3,traffic_signals,,POINT (2.3204062 48.8301097),16,49,1649
158292822,48.828375,2.3171796,3,,,POINT (2.3171796 48.828375),14,47,1447
158587492,48.8275428,2.3148219,3,,,POINT (2.3148219 48.8275428),13,46,1346
158609785,48.8260922,2.3335732,1,,,POINT (2.3335732 48.8260922),11,56,1156
158620611,48.8403669,2.3251524,1,,,POINT (2.3251524 48.8403669),28,52,2852
158637165,48.8349876,2.3253588,1,,,POINT (2.3253588 48.8349876),22,52,2252
158684688,48.8254224,2.3212788,3,,,POINT (2.3212788 48.8254224),11,50,1150
158754129,48.8793958,2.3255132,3,,,POINT (2.3255132 48.8793958),73,52,7352
158755245,48.8812695,2.3270821,3,,,POINT (2.3270821 48.8812695),76,53,7653
158755297,48.8813001,2.3284689,3,,,POINT (2.3284689 48.8813001),76,53,7653
158803618,48.8819787,2.3222187,3,,,POINT (2.3222187 48.8819787),76,50,7650
158803655,48.8799232,2.324123,3,,,POINT (2.324123 48.8799232),74,51,7451
158834270,48.8528028,2.2983662,3,,,POINT (2.2983662 48.8528028),42,37,4237
158834278,48.8540975,2.2945982,3,,,POINT (2.2945982 48.8540975),44,35,4435
158834411,48.8539897,2.2935006,3,,,POINT (2.2935006 48.8539897),44,35,4435
158834602,48.853323,2.2958728,3,,,POINT (2.2958728 48.853323),43,36,4336
158834623,48.8539006,2.2966381,3,,,POINT (2.2966381 48.8539006),44,37,4437
158834766,48.8534277,2.2973826,3,,,POINT (2.2973826 48.8534277),43,37,4337
158835218,48.853122,2.2978638,3,,,POINT (2.2978638 48.853122),43,37,4337
158835639,48.8534846,2.2985351,4,,,POINT (2.2985351 48.8534846),43,38,4338
158845254,48.8503339,2.2887399,3,,,POINT (2.2887399 48.8503339),40,32,4032
159630023,48.8346619,2.4008067,4,,,POINT (2.4008067 48.8346619),21,91,2191
159658777,48.8400565,2.4047363,3,,,POINT (2.4047363 48.8400565),28,93,2893
159658783,48.8380859,2.4053275,4,,,POINT (2.4053275 48.8380859),25,94,2594
159658785,48.8364708,2.4040676,3,,,POINT (2.4040676 48.8364708),23,93,2393
159662572,48.8443585,2.4022044,3,,,POINT (2.4022044 48.8443585),33,92,3392
159666008,48.8428543,2.4022954,3,,,POINT (2.4022954 48.8428543),31,92,3192
159666101,48.8419511,2.4022802,3,,,POINT (2.4022802 48.8419511),30,92,3092
159666147,48.8410892,2.4023096,3,,,POINT (2.4023096 48.8410892),29,92,2992
159668904,48.8415726,2.4048824,3,,,POINT (2.4048824 48.8415726),29,94,2994
159670952,48.840861,2.4009126,3,,,POINT (2.4009126 48.840861),29,91,2991
159671407,48.8397194,2.4025135,4,,,POINT (2.4025135 48.8397194),27,92,2792
159674905,48.8403096,2.4024509,3,,,POINT (2.4024509 48.8403096),28,92,2892
159675541,48.8402571,2.4006876,3,,,POINT (2.4006876 48.8402571),28,91,2891
159676389,48.8404554,2.3994714,3,,,POINT (2.3994714 48.8404554),28,91,2891
159676393,48.8405003,2.4004133,3,,,POINT (2.4004133 48.8405003),28,91,2891
159693030,48.8598576,2.3543405,3,,,POINT (2.3543405 48.8598576),51,67,5167
159883856,48.8534369,2.2937708,3,,,POINT (2.2937708 48.8534369),43,35,4335
159884486,48.8516598,2.2958666,3,,,POINT (2.2958666 48.8516598),41,36,4136
159885961,48.8523932,2.2966366,3,,,POINT (2.2966366 48.8523932),42,37,4237
159886074,48.8516555,2.2975866,3,,,POINT (2.2975866 48.8516555),41,37,4137
159892504,48.8510191,2.2960803,3,,,POINT (2.2960803 48.8510191),40,36,4036
159894354,48.850302,2.2973838,4,,,POINT (2.2973838 48.850302),40,37,4037
159894355,48.8495305,2.2985374,3,,,POINT (2.2985374 48.8495305),39,38,3938
159935928,48.8504803,2.2984543,3,,,POINT (2.2984543 48.8504803),40,38,4038
159936180,48.8499405,2.2991502,3,,,POINT (2.2991502 48.8499405),39,38,3938
159965975,48.8474798,2.2947776,3,,,POINT (2.2947776 48.8474798),36,36,3636
159966762,48.8469688,2.2943422,4,,,POINT (2.2943422 48.8469688),36,35,3635
159966763,48.846618,2.2940415,3,,,POINT (2.2940415 48.846618),35,35,3535
160014360,48.8555675,2.2940284,3,,,POINT (2.2940284 48.8555675),46,35,4635
160018434,48.8552713,2.2957598,4,,,POINT (2.2957598 48.8552713),45,36,4536
160019289,48.8545649,2.2959252,3,,,POINT (2.2959252 48.8545649),44,36,4436
160020757,48.854648,2.2967204,4,,,POINT (2.2967204 48.854648),45,37,4537
160030886,48.8599923,2.3217179,4,,,POINT (2.3217179 48.8599923),51,50,5150
160034963,48.8595495,2.3292866,4,,,POINT (2.3292866 48.8595495),50,54,5054
160641767,48.8485141,2.2828808,3,traffic_signals,,POINT (2.2828808 48.8485141),37,29,3729
160648013,48.8467633,2.2856499,4,traffic_signals,,POINT (2.2856499 48.8467633),35,31,3531
160658390,48.8458936,2.2873659,3,,,POINT (2.2873659 48.8458936),34,32,3432
160664229,48.8461852,2.2851272,3,,,POINT (2.2851272 48.8461852),35,30,3530
160664667,48.8459445,2.2857378,1,,,POINT (2.2857378 48.8459445),34,31,3431
160668393,48.8444168,2.2835959,3,,,POINT (2.2835959 48.8444168),33,30,3330
160674357,48.8417131,2.2885508,3,,,POINT (2.2885508 48.8417131),30,32,3032
162284136,48.8314808,2.2776601,3,,,POINT (2.2776601 48.8314808),18,27,1827
162286787,48.8324374,2.2803014,3,,,POINT (2.2803014 48.8324374),19,28,1928
162296675,48.8260122,2.2991151,3,motorway_junction,,POINT (2.2991151 48.8260122),11,38,1138
162304831,48.8258438,2.3002826,5,,,POINT (2.3002826 48.8258438),11,38,1138
162311367,48.8267517,2.2958486,3,,,POINT (2.2958486 48.8267517),12,36,1236
162314294,48.8263766,2.2969389,3,motorway_junction,,POINT (2.2969389 48.8263766),12,37,1237
162317682,48.8247459,2.3047878,3,motorway_junction,,POINT (2.3047878 48.8247459),10,41,1041
162318175,48.8246385,2.3047449,3,,,POINT (2.3047449 48.8246385),10,41,1041
162320884,48.8245875,2.3039987,5,traffic_signals,,POINT (2.3039987 48.8245875),10,40,1040
162329176,48.8254424,2.3023173,4,traffic_signals,,POINT (2.3023173 48.8254424),11,40,1140
164096627,48.8446607,2.3095741,3,traffic_signals,,POINT (2.3095741 48.8446607),33,43,3343
164102622,48.8445311,2.3091498,3,,,POINT (2.3091498 48.8445311),33,43,3343
164102984,48.8444136,2.3087632,3,,,POINT (2.3087632 48.8444136),33,43,3343
164132298,48.8563955,2.3253757,3,,,POINT (2.3253757 48.8563955),47,52,4752
164336043,48.8239985,2.30766,3,,,POINT (2.30766 48.8239985),9,42,942
164348046,48.8223866,2.314187,5,,,POINT (2.314187 48.8223866),7,46,746
164348857,48.8233373,2.3111348,3,,,POINT (2.3111348 48.8233373),8,44,844
164350794,48.8231725,2.3113164,3,motorway_junction,,POINT (2.3113164 48.8231725),8,44,844
164400409,48.8298378,2.3870292,3,,,POINT (2.3870292 48.8298378),16,84,1684
164401621,48.8352404,2.38012,3,,,POINT (2.38012 48.8352404),22,81,2281
164404052,48.8418005,2.3725685,3,,,POINT (2.3725685 48.8418005),30,77,3077
164404057,48.844481,2.3691088,3,traffic_signals,,POINT (2.3691088 48.844481),33,75,3375
164407726,48.8417484,2.372414,3,,,POINT (2.372414 48.8417484),30,76,3076
164409247,48.8371386,2.3775682,3,,,POINT (2.3775682 48.8371386),24,79,2479
164410285,48.8350072,2.3802768,3,,,POINT (2.3802768 48.8350072),22,81,2281
164431842,48.8273279,2.3902264,3,,,POINT (2.3902264 48.8273279),13,86,1386
164439004,48.8280665,2.3901854,4,,,POINT (2.3901854 48.8280665),14,86,1486
164440639,48.8275604,2.3902923,3,,,POINT (2.3902923 48.8275604),13,86,1386
164446029,48.8294774,2.3909024,3,,,POINT (2.3909024 48.8294774),15,86,1586
164449838,48.8280303,2.3924407,5,,,POINT (2.3924407 48.8280303),14,87,1487
164456014,48.8281913,2.392153,3,,,POINT (2.392153 48.8281913),14,87,1487
164456617,48.8291579,2.3907038,3,,,POINT (2.3907038 48.8291579),15,86,1586
164456619,48.8293975,2.3904151,3,traffic_signals,,POINT (2.3904151 48.8293975),15,86,1586
164456805,48.8293817,2.3907007,3,,,POINT (2.3907007 48.8293817),15,86,1586
164460119,48.8265092,2.3916213,3,,,POINT (2.3916213 48.8265092),12,87,1287
164460128,48.8268046,2.3924712,4,,,POINT (2.3924712 48.8268046),12,87,1287
164460132,48.8275955,2.3929248,3,,,POINT (2.3929248 48.8275955),13,87,1387
164463699,48.8278876,2.3896026,3,,,POINT (2.3896026 48.8278876),13,85,1385
164466087,48.8274456,2.3892676,3,,,POINT (2.3892676 48.8274456),13,85,1385
165164943,48.8381238,2.2550287,4,,,POINT (2.2550287 48.8381238),25,15,2515
166203717,48.8351503,2.3077904,3,,,POINT (2.3077904 48.8351503),22,42,2242
166214859,48.8296455,2.3869261,3,,,POINT (2.3869261 48.8296455),16,84,1684
166286856,48.8161233,2.359905,3,milestone,,POINT (2.359905 48.8161233),0,70,70
166297606,48.8164158,2.360159,4,,,POINT (2.360159 48.8164158),0,70,70
166300778,48.8164144,2.360484,4,,,POINT (2.360484 48.8164144),0,70,70
166302206,48.816489,2.3645986,3,,,POINT (2.3645986 48.816489),0,72,72
166334075,48.8299058,2.3341749,3,traffic_signals,,POINT (2.3341749 48.8299058),16,56,1656
166334525,48.8320621,2.3395597,3,traffic_signals,,POINT (2.3395597 48.8320621),18,59,1859
166334756,48.8320689,2.3353577,3,,,POINT (2.3353577 48.8320689),18,57,1857
166334988,48.8314285,2.338048,3,,,POINT (2.338048 48.8314285),18,58,1858
166335615,48.8308933,2.3367227,3,,,POINT (2.3367227 48.8308933),17,58,1758
166336183,48.8303723,2.3366892,3,,,POINT (2.3366892 48.8303723),16,58,1658
166338742,48.8287858,2.347664,3,,,POINT (2.347664 48.8287858),15,63,1563
166338743,48.8263822,2.3465548,3,,,POINT (2.3465548 48.8263822),12,63,1263
166338964,48.8275657,2.3471028,3,,,POINT (2.3471028 48.8275657),13,63,1363
166413130,48.8208579,2.3215263,3,motorway_junction,,POINT (2.3215263 48.8208579),5,50,550
166413911,48.8209583,2.3215939,3,,,POINT (2.3215939 48.8209583),5,50,550
166414150,48.8205511,2.3242291,4,,,POINT (2.3242291 48.8205511),5,51,551
166417408,48.8193109,2.3287115,3,motorway_junction,,POINT (2.3287115 48.8193109),3,53,353
166417416,48.818773,2.3307078,3,,,POINT (2.3307078 48.818773),3,54,354
166449440,48.8465869,2.271006,3,,,POINT (2.271006 48.8465869),35,23,3523
166450259,48.8468965,2.2720086,3,,,POINT (2.2720086 48.8468965),36,24,3624
166452641,48.8471443,2.2700477,3,,,POINT (2.2700477 48.8471443),36,23,3623
166452642,48.8468363,2.2698508,3,,,POINT (2.2698508 48.8468363),35,22,3522
166452976,48.8475291,2.2691208,4,traffic_signals,,POINT (2.2691208 48.8475291),36,22,3622
166453391,48.8479226,2.2714025,3,,,POINT (2.2714025 48.8479226),37,23,3723
166453765,48.8473201,2.2712465,1,,,POINT (2.2712465 48.8473201),36,23,3623
166458811,48.846927,2.2681594,1,,,POINT (2.2681594 48.846927),36,22,3622
168356762,48.8233236,2.36572,3,traffic_signals,,POINT (2.36572 48.8233236),8,73,873
168357229,48.8225121,2.3605706,3,,,POINT (2.3605706 48.8225121),7,70,770
168357230,48.8210593,2.3608908,3,,,POINT (2.3608908 48.8210593),6,70,670
168357786,48.8218222,2.3633358,3,,,POINT (2.3633358 48.8218222),6,72,672
168358035,48.8220013,2.3606871,3,,,POINT (2.3606871 48.8220013),7,70,770
168358483,48.8222051,2.3585181,4,traffic_signals,,POINT (2.3585181 48.8222051),7,69,769
168358587,48.8227877,2.3583477,3,,,POINT (2.3583477 48.8227877),8,69,869
168363582,48.8229657,2.3565767,4,,,POINT (2.3565767 48.8229657),8,68,868
168363583,48.8221017,2.3564961,4,,,POINT (2.3564961 48.8221017),7,68,768
168363585,48.8205586,2.356291,3,,,POINT (2.356291 48.8205586),5,68,568
168363624,48.8229347,2.3554126,3,,,POINT (2.3554126 48.8229347),8,67,867
168363888,48.8230115,2.3582647,3,,,POINT (2.3582647 48.8230115),8,69,869
168540666,48.8165448,2.3433353,3,motorway_junction,,POINT (2.3433353 48.8165448),0,61,61
168541314,48.8168548,2.3434997,3,,,POINT (2.3434997 48.8168548),1,61,161
168541315,48.8170693,2.3437704,3,,,POINT (2.3437704 48.8170693),1,61,161
169164292,48.8197191,2.3729161,4,,,POINT (2.3729161 48.8197191),4,77,477
169164780,48.8186072,2.3699453,3,,,POINT (2.3699453 48.8186072),3,75,375
169165774,48.820768,2.3770686,3,,,POINT (2.3770686 48.820768),5,79,579
169278795,48.821787,2.3267338,4,,,POINT (2.3267338 48.821787),6,52,652
169278925,48.8223821,2.3291395,3,,,POINT (2.3291395 48.8223821),7,54,754
169279324,48.8213729,2.3287033,4,,,POINT (2.3287033 48.8213729),6,53,653
169279414,48.8226417,2.327953,3,,,POINT (2.327953 48.8226417),7,53,753
169279721,48.8222003,2.3277342,3,,,POINT (2.3277342 48.8222003),7,53,753
169280138,48.8215748,2.3287906,3,,,POINT (2.3287906 48.8215748),6,53,653
169280514,48.8221388,2.3266831,3,,,POINT (2.3266831 48.8221388),7,52,752
169287918,48.8196516,2.3277533,3,,,POINT (2.3277533 48.8196516),4,53,453
169288607,48.818966,2.3292883,3,,,POINT (2.3292883 48.818966),3,54,354
169290795,48.8184432,2.3316672,3,,,POINT (2.3316672 48.8184432),2,55,255
169290803,48.8168821,2.334933,3,,,POINT (2.334933 48.8168821),1,57,157
169291302,48.8165202,2.3380169,3,,,POINT (2.3380169 48.8165202),0,58,58
169291311,48.8166869,2.3351407,3,,,POINT (2.3351407 48.8166869),0,57,57
169293796,48.8159207,2.3439227,3,,,POINT (2.3439227 48.8159207),0,61,61
169293797,48.8160316,2.3438881,3,,,POINT (2.3438881 48.8160316),0,61,61
169298143,48.8197469,2.3460329,4,,,POINT (2.3460329 48.8197469),4,63,463
169310811,48.8755408,2.3642464,3,,,POINT (2.3642464 48.8755408),69,72,6972
169310982,48.8745681,2.3662509,3,,,POINT (2.3662509 48.8745681),68,73,6873
169314963,48.8747071,2.3608203,3,,,POINT (2.3608203 48.8747071),68,70,6870
169315420,48.8743119,2.3586113,3,,,POINT (2.3586113 48.8743119),67,69,6769
169317179,48.8740354,2.3448957,4,,,POINT (2.3448957 48.8740354),67,62,6762
169318293,48.8729531,2.3430825,3,traffic_signals,,POINT (2.3430825 48.8729531),66,61,6661
169318491,48.8732126,2.3409462,3,,,POINT (2.3409462 48.8732126),66,60,6660
169319602,48.8716014,2.3338689,3,,,POINT (2.3338689 48.8716014),64,56,6456
169320237,48.8731777,2.3314891,4,,,POINT (2.3314891 48.8731777),66,55,6655
169320939,48.8741632,2.3257949,3,traffic_signals,,POINT (2.3257949 48.8741632),67,52,6752
169320944,48.8742207,2.3297781,3,,,POINT (2.3297781 48.8742207),67,54,6754
169320949,48.8741823,2.3269246,5,traffic_signals,,POINT (2.3269246 48.8741823),67,52,6752
169322498,48.874623,2.3313584,4,traffic_signals,,POINT (2.3313584 48.874623),68,55,6855
169322499,48.874598,2.332582,3,,,POINT (2.332582 48.874598),68,55,6855
169322751,48.8750169,2.331406,4,,,POINT (2.331406 48.8750169),68,55,6855
169322949,48.8746772,2.3303354,3,,,POINT (2.3303354 48.8746772),68,54,6854
169325314,48.8752319,2.3162615,4,,,POINT (2.3162615 48.8752319),69,47,6947
169325341,48.8756182,2.318942,3,traffic_signals,,POINT (2.318942 48.8756182),69,48,6948
169325763,48.8755817,2.3183596,3,,,POINT (2.3183596 48.8755817),69,48,6948
169325938,48.8752707,2.3184155,3,,,POINT (2.3184155 48.8752707),69,48,6948
169325939,48.8749339,2.3184761,3,,,POINT (2.3184761 48.8749339),68,48,6848
169326630,48.8728282,2.3100572,3,,,POINT (2.3100572 48.8728282),66,44,6644
169336088,48.8428671,2.327162,3,,,POINT (2.327162 48.8428671),31,53,3153
169336089,48.8432297,2.3275823,3,,,POINT (2.3275823 48.8432297),31,53,3153
169336597,48.8426818,2.3277199,3,,,POINT (2.3277199 48.8426818),31,53,3153
173999126,48.8498057,2.2959973,3,,,POINT (2.2959973 48.8498057),39,36,3936
174026196,48.8485204,2.3024605,4,,,POINT (2.3024605 48.8485204),37,40,3740
174028241,48.8483805,2.3014539,3,,,POINT (2.3014539 48.8483805),37,39,3739
174032004,48.8477593,2.3048302,3,,,POINT (2.3048302 48.8477593),37,41,3741
174032471,48.8481071,2.3058246,3,,,POINT (2.3058246 48.8481071),37,41,3741
174040131,48.8504487,2.3123909,3,,,POINT (2.3123909 48.8504487),40,45,4045
174040240,48.8512422,2.314145,4,traffic_signals,,POINT (2.314145 48.8512422),41,46,4146
174042261,48.8507265,2.306239,3,,,POINT (2.306239 48.8507265),40,42,4042
174978251,48.8702038,2.3844291,3,,,POINT (2.3844291 48.8702038),63,83,6383
174978253,48.8689818,2.3858439,3,,,POINT (2.3858439 48.8689818),61,84,6184
174978470,48.8683269,2.3863317,3,,,POINT (2.3863317 48.8683269),60,84,6084
174978695,48.8687813,2.3852985,3,,,POINT (2.3852985 48.8687813),61,83,6183
174979269,48.8696554,2.3821879,4,,,POINT (2.3821879 48.8696554),62,82,6282
174979273,48.8682578,2.3839858,3,,,POINT (2.3839858 48.8682578),60,83,6083
174979761,48.8699465,2.3830542,3,,,POINT (2.3830542 48.8699465),62,82,6282
174981131,48.8685261,2.3861923,3,,,POINT (2.3861923 48.8685261),61,84,6184
174982973,48.8716473,2.3901789,3,,,POINT (2.3901789 48.8716473),64,86,6486
174983938,48.8715578,2.381073,3,,,POINT (2.381073 48.8715578),64,81,6481
174983940,48.8709222,2.3814725,4,,,POINT (2.3814725 48.8709222),63,81,6381
174984373,48.8719035,2.3826814,4,,,POINT (2.3826814 48.8719035),65,82,6582
174985066,48.8710045,2.3821162,3,,,POINT (2.3821162 48.8710045),64,82,6482
174985267,48.8703258,2.3818093,3,,,POINT (2.3818093 48.8703258),63,81,6381
174986030,48.8723171,2.3819042,1,,,POINT (2.3819042 48.8723171),65,81,6581
174986032,48.8725297,2.3829851,3,,,POINT (2.3829851 48.8725297),65,82,6582
174986877,48.8724138,2.3823958,4,,,POINT (2.3823958 48.8724138),65,82,6582
174994313,48.8828972,2.3737251,3,,,POINT (2.3737251 48.8828972),77,77,7777
174994682,48.8828528,2.3745667,3,,,POINT (2.3745667 48.8828528),77,78,7778
174994982,48.8835967,2.3733657,3,,,POINT (2.3733657 48.8835967),78,77,7877
174995113,48.8816352,2.372313,3,,,POINT (2.372313 48.8816352),76,76,7676
174996906,48.8795072,2.3680526,3,traffic_signals,,POINT (2.3680526 48.8795072),73,74,7374
175012899,48.8720347,2.3598727,3,,,POINT (2.3598727 48.8720347),65,70,6570
175013018,48.8718412,2.3600509,3,,,POINT (2.3600509 48.8718412),65,70,6570
175014120,48.8709587,2.3608352,3,,,POINT (2.3608352 48.8709587),64,70,6470
175014385,48.8708931,2.3587927,3,,,POINT (2.3587927 48.8708931),63,69,6369
175014568,48.8692191,2.35769,1,,,POINT (2.35769 48.8692191),62,69,6269
175014795,48.8712403,2.3581712,3,,,POINT (2.3581712 48.8712403),64,69,6469
175015093,48.8692522,2.3567611,1,,,POINT (2.3567611 48.8692522),62,68,6268
175016228,48.8684669,2.3629955,3,traffic_signals,,POINT (2.3629955 48.8684669),61,71,6171
175019359,48.8697507,2.3522815,3,traffic_signals,,POINT (2.3522815 48.8697507),62,66,6266
175036928,48.8664224,2.3603077,3,traffic_signals,,POINT (2.3603077 48.8664224),58,70,5870
175037711,48.8674092,2.3585214,1,,,POINT (2.3585214 48.8674092),59,69,5969
175038101,48.8669626,2.3582667,4,,,POINT (2.3582667 48.8669626),59,69,5969
175042209,48.8659179,2.3580936,3,,,POINT (2.3580936 48.8659179),58,69,5869
175042544,48.865642,2.3568879,3,,,POINT (2.3568879 48.865642),57,68,5768
175042755,48.8660076,2.3559776,1,,,POINT (2.3559776 48.8660076),58,68,5868
175043447,48.8652028,2.3602066,3,,,POINT (2.3602066 48.8652028),57,70,5770
175043657,48.8643885,2.3618018,3,,,POINT (2.3618018 48.8643885),56,71,5671
175043658,48.8638965,2.362763,3,,,POINT (2.362763 48.8638965),55,71,5571
175044295,48.8641565,2.3590184,3,,,POINT (2.3590184 48.8641565),56,69,5669
175044779,48.8653507,2.3566045,3,,,POINT (2.3566045 48.8653507),57,68,5768
175045017,48.8652357,2.3571314,4,,,POINT (2.3571314 48.8652357),57,68,5768
175046904,48.8646503,2.3613074,3,,,POINT (2.3613074 48.8646503),56,71,5671
175046959,48.8655505,2.3614624,3,,,POINT (2.3614624 48.8655505),57,71,5771
175047091,48.8649064,2.3607966,3,,,POINT (2.3607966 48.8649064),57,70,5770
175048261,48.8589615,2.3557294,3,,,POINT (2.3557294 48.8589615),50,68,5068
175077117,48.8345902,2.288311,3,,,POINT (2.288311 48.8345902),21,32,2132
175077220,48.833712,2.2898917,3,traffic_signals,,POINT (2.2898917 48.833712),20,33,2033
175078338,48.8334051,2.289441,3,,,POINT (2.289441 48.8334051),20,33,2033
175078684,48.8311223,2.2924379,3,traffic_signals,,POINT (2.2924379 48.8311223),17,34,1734
175079750,48.8339468,2.2853508,3,,,POINT (2.2853508 48.8339468),21,31,2131
175080067,48.8345208,2.2858489,1,,,POINT (2.2858489 48.8345208),21,31,2131
175082166,48.8346451,2.2835345,3,,,POINT (2.2835345 48.8346451),21,30,2130
175093927,48.8276208,2.3053832,4,,,POINT (2.3053832 48.8276208),13,41,1341
175106748,48.8367655,2.2740659,4,,,POINT (2.2740659 48.8367655),24,25,2425
175114384,48.8381854,2.27065,4,,,POINT (2.27065 48.8381854),25,23,2523
175129817,48.8388003,2.2695317,3,crossing,,POINT (2.2695317 48.8388003),26,22,2622
175130307,48.8386717,2.2696291,4,,,POINT (2.2696291 48.8386717),26,22,2622
175237475,48.8387254,2.2698868,4,,,POINT (2.2698868 48.8387254),26,22,2622
175239057,48.8416877,2.2668784,3,,,POINT (2.2668784 48.8416877),30,21,3021
175487395,48.8289015,2.3087055,1,,,POINT (2.3087055 48.8289015),15,43,1543
175492885,48.8249963,2.3021482,4,traffic_signals,,POINT (2.3021482 48.8249963),10,39,1039
176762224,48.8261209,2.2970244,3,,,POINT (2.2970244 48.8261209),11,37,1137
176779541,48.8268419,2.2938764,3,,,POINT (2.2938764 48.8268419),12,35,1235
176932324,48.8739194,2.291159,3,,,POINT (2.291159 48.8739194),67,34,6734
176932548,48.873556,2.2925244,4,traffic_signals,,POINT (2.2925244 48.873556),67,34,6734
176932687,48.8745357,2.2899614,3,,,POINT (2.2899614 48.8745357),68,33,6833
176932867,48.8741228,2.2912768,3,,,POINT (2.2912768 48.8741228),67,34,6734
176933851,48.8727155,2.2802446,3,,,POINT (2.2802446 48.8727155),66,28,6628
176934058,48.874398,2.282836,3,,,POINT (2.282836 48.874398),68,29,6829
176934169,48.8758308,2.2812336,3,,,POINT (2.2812336 48.8758308),69,28,6928
176934225,48.8736993,2.2817627,3,,,POINT (2.2817627 48.8736993),67,29,6729
176934396,48.8732748,2.2810999,3,,,POINT (2.2810999 48.8732748),66,28,6628
176935312,48.873893,2.2820603,3,,,POINT (2.2820603 48.873893),67,29,6729
176935440,48.8730992,2.2837127,3,,,POINT (2.2837127 48.8730992),66,30,6630
176943871,48.8811842,2.3121465,3,,,POINT (2.3121465 48.8811842),75,45,7545
176949010,48.891185,2.3247045,3,,,POINT (2.3247045 48.891185),87,51,8751
176949086,48.8914612,2.3238459,3,,,POINT (2.3238459 48.8914612),87,51,8751
176949157,48.8917226,2.3230341,3,,,POINT (2.3230341 48.8917226),88,50,8850
176949258,48.8918981,2.3221095,4,,,POINT (2.3221095 48.8918981),88,50,8850
176949384,48.8917095,2.3212138,4,,,POINT (2.3212138 48.8917095),88,49,8849
176950353,48.8919282,2.3261777,3,,,POINT (2.3261777 48.8919282),88,52,8852
177215574,48.8590482,2.2934949,3,,,POINT (2.2934949 48.8590482),50,35,5035
177267816,48.8594522,2.2660098,3,traffic_signals,,POINT (2.2660098 48.8594522),50,20,5020
177268309,48.8576692,2.2635387,5,traffic_signals,,POINT (2.2635387 48.8576692),48,19,4819
177268697,48.8613241,2.265877,3,,,POINT (2.265877 48.8613241),52,20,5220
177268978,48.8592808,2.2658963,3,traffic_signals,,POINT (2.2658963 48.8592808),50,20,5020
177270122,48.8485463,2.2590817,4,,,POINT (2.2590817 48.8485463),37,17,3717
177270209,48.8508888,2.2605021,3,traffic_signals,,POINT (2.2605021 48.8508888),40,18,4018
177272231,48.8505339,2.2602737,3,traffic_signals,,POINT (2.2602737 48.8505339),40,17,4017
177297981,48.8315414,2.3853113,3,,,POINT (2.3853113 48.8315414),18,83,1883
177308201,48.8441642,2.4116355,3,,,POINT (2.4116355 48.8441642),32,97,3297
177308558,48.8423128,2.4115294,3,,,POINT (2.4115294 48.8423128),30,97,3097
177308561,48.841043,2.4114488,3,,,POINT (2.4114488 48.841043),29,97,2997
177308565,48.8407491,2.4102428,3,,,POINT (2.4102428 48.8407491),28,96,2896
177308681,48.844038,2.4130858,5,traffic_signals,,POINT (2.4130858 48.844038),32,98,3298
177309563,48.842403,2.4108426,3,,,POINT (2.4108426 48.842403),30,97,3097
177309811,48.8420831,2.4107211,3,,,POINT (2.4107211 48.8420831),30,97,3097
177309812,48.8416787,2.4098749,3,,,POINT (2.4098749 48.8416787),29,96,2996
177690284,48.8487508,2.3088169,3,,,POINT (2.3088169 48.8487508),38,43,3843
178760713,48.8757642,2.3229408,3,,,POINT (2.3229408 48.8757642),69,50,6950
178760810,48.8756655,2.3196156,3,,,POINT (2.3196156 48.8756655),69,49,6949
178760884,48.8757438,2.3211645,3,,,POINT (2.3211645 48.8757438),69,49,6949
178760888,48.8761714,2.3211098,3,,,POINT (2.3211098 48.8761714),70,49,7049
178761023,48.8761869,2.3194496,3,,,POINT (2.3194496 48.8761869),70,49,7049
178761070,48.8767131,2.3193011,3,,,POINT (2.3193011 48.8767131),70,48,7048
178761212,48.8751301,2.322939,4,traffic_signals,,POINT (2.322939 48.8751301),68,50,6850
178761260,48.8743505,2.3227384,4,traffic_signals,,POINT (2.3227384 48.8743505),67,50,6750
178761284,48.8734268,2.3224208,4,traffic_signals,,POINT (2.3224208 48.8734268),66,50,6650
178761643,48.8753126,2.319307,3,,,POINT (2.319307 48.8753126),69,48,6948
178763120,48.8738441,2.3195192,3,,,POINT (2.3195192 48.8738441),67,49,6749
178763173,48.8738005,2.3206392,4,traffic_signals,,POINT (2.3206392 48.8738005),67,49,6749
178763174,48.8737376,2.3225214,3,,,POINT (2.3225214 48.8737376),67,50,6750
178763476,48.8733612,2.3236609,4,,,POINT (2.3236609 48.8733612),66,51,6651
178763478,48.8741867,2.3239231,4,traffic_signals,,POINT (2.3239231 48.8741867),67,51,6751
178763513,48.8751864,2.3238335,4,traffic_signals,,POINT (2.3238335 48.8751864),68,51,6851
178763514,48.8715077,2.3231084,4,traffic_signals,,POINT (2.3231084 48.8715077),64,50,6450
178763582,48.871718,2.3220943,4,traffic_signals,,POINT (2.3220943 48.871718),64,50,6450
178764043,48.8733219,2.3243018,4,,,POINT (2.3243018 48.8733219),66,51,6651
178764044,48.8750284,2.324578,3,traffic_signals,,POINT (2.324578 48.8750284),68,51,6851
178764046,48.8740924,2.324604,4,traffic_signals,,POINT (2.324604 48.8740924),67,51,6751
178764097,48.871393,2.3234969,4,traffic_signals,,POINT (2.3234969 48.871393),64,51,6451
178764205,48.8726054,2.3239929,3,,,POINT (2.3239929 48.8726054),65,51,6551
178764245,48.8720709,2.3259555,3,,,POINT (2.3259555 48.8720709),65,52,6552
178764278,48.8723623,2.3248871,3,,,POINT (2.3248871 48.8723623),65,51,6551
178764319,48.873236,2.3254339,3,,,POINT (2.3254339 48.873236),66,52,6652
178764427,48.8747735,2.3249271,3,,,POINT (2.3249271 48.8747735),68,51,6851
178764471,48.8748291,2.3267713,3,,,POINT (2.3267713 48.8748291),68,52,6852
178765238,48.8935006,2.3234208,3,,,POINT (2.3234208 48.8935006),90,51,9051
178765861,48.8946188,2.3193141,3,,,POINT (2.3193141 48.8946188),91,48,9148
178765863,48.8944882,2.3198275,4,,,POINT (2.3198275 48.8944882),91,49,9149
178765864,48.8942304,2.3206152,4,traffic_signals,,POINT (2.3206152 48.8942304),91,49,9149
178765865,48.8935695,2.3226907,4,,,POINT (2.3226907 48.8935695),90,50,9050
178765867,48.8934636,2.3253729,4,,,POINT (2.3253729 48.8934636),90,52,9052
178766056,48.8956143,2.3266035,4,,,POINT (2.3266035 48.8956143),92,52,9252
178766168,48.8958422,2.3245038,4,traffic_signals,,POINT (2.3245038 48.8958422),92,51,9251
178766322,48.8958559,2.3236966,3,,,POINT (2.3236966 48.8958559),92,51,9251
178766323,48.8937373,2.3221404,4,,,POINT (2.3221404 48.8937373),90,50,9050
178766485,48.8957813,2.3218623,4,,,POINT (2.3218623 48.8957813),92,50,9250
178766909,48.895871,2.3230072,4,traffic_signals,,POINT (2.3230072 48.895871),92,50,9250
178767081,48.8939634,2.3214401,3,,,POINT (2.3214401 48.8939634),90,50,9050
178767178,48.8918923,2.3179233,3,,,POINT (2.3179233 48.8918923),88,48,8848
178801482,48.8552187,2.3538018,3,,,POINT (2.3538018 48.8552187),45,67,4567
178802497,48.8533087,2.3592802,2,,,POINT (2.3592802 48.8533087),43,70,4370
178876750,48.8902842,2.3288612,3,,,POINT (2.3288612 48.8902842),86,54,8654
178877053,48.8885533,2.3318676,3,,,POINT (2.3318676 48.8885533),84,55,8455
178878155,48.8891567,2.332244,3,,,POINT (2.332244 48.8891567),85,55,8555
178878314,48.8892951,2.3335621,3,,,POINT (2.3335621 48.8892951),85,56,8556
178879594,48.8915178,2.3364918,3,,,POINT (2.3364918 48.8915178),87,58,8758
178880787,48.8949577,2.3280915,4,,,POINT (2.3280915 48.8949577),91,53,9153
178880823,48.893865,2.325618,3,,,POINT (2.325618 48.893865),90,52,9052
178882038,48.8964788,2.3251181,4,traffic_signals,,POINT (2.3251181 48.8964788),93,52,9352
178882042,48.8958431,2.3267322,4,,,POINT (2.3267322 48.8958431),92,52,9252
178882047,48.8958701,2.3284025,3,,,POINT (2.3284025 48.8958701),92,53,9253
178882329,48.8965734,2.327181,3,,,POINT (2.327181 48.8965734),93,53,9353
178882511,48.8972103,2.3258383,3,,,POINT (2.3258383 48.8972103),94,52,9452
178883172,48.8959702,2.3309065,4,,,POINT (2.3309065 48.8959702),93,55,9355
178884498,48.8958114,2.3310504,4,,,POINT (2.3310504 48.8958114),92,55,9255
178884499,48.8967675,2.3384095,4,,,POINT (2.3384095 48.8967675),94,59,9459
178888599,48.8555157,2.3698925,4,,,POINT (2.3698925 48.8555157),46,75,4675
178888999,48.8619235,2.3645917,6,traffic_signals,,POINT (2.3645917 48.8619235),53,72,5372
178889521,48.860949,2.3672638,3,,,POINT (2.3672638 48.860949),52,74,5274
180269744,48.8365088,2.2675467,3,,,POINT (2.2675467 48.8365088),23,21,2321
180269745,48.83557,2.266438,3,,,POINT (2.266438 48.83557),22,21,2221
180275736,48.8364792,2.267863,3,,,POINT (2.267863 48.8364792),23,21,2321
180275744,48.8386041,2.269766,4,,,POINT (2.269766 48.8386041),26,22,2622
180283627,48.8343323,2.2651008,3,,,POINT (2.2651008 48.8343323),21,20,2120
180283630,48.8346307,2.2656827,4,,,POINT (2.2656827 48.8346307),21,20,2120
180283729,48.834767,2.2655858,3,,,POINT (2.2655858 48.834767),21,20,2120
180284092,48.8345315,2.2658731,3,,,POINT (2.2658731 48.8345315),21,20,2120
180286237,48.8345547,2.2665217,3,,,POINT (2.2665217 48.8345547),21,21,2121
180286853,48.8349077,2.2735933,3,,,POINT (2.2735933 48.8349077),22,24,2224
180293367,48.8349162,2.2698219,3,,,POINT (2.2698219 48.8349162),22,22,2222
180293393,48.8350146,2.2675075,3,,,POINT (2.2675075 48.8350146),22,21,2221
180296150,48.8354973,2.2691422,3,,,POINT (2.2691422 48.8354973),22,22,2222
180296152,48.8353057,2.2683563,3,,,POINT (2.2683563 48.8353057),22,22,2222
180296377,48.8354004,2.2669096,5,traffic_signals,,POINT (2.2669096 48.8354004),22,21,2221
180297487,48.8357923,2.2704397,3,,,POINT (2.2704397 48.8357923),23,23,2323
185848442,48.8583628,2.2886989,3,,,POINT (2.2886989 48.8583628),49,32,4932
185849577,48.8543589,2.2784069,3,traffic_signals,,POINT (2.2784069 48.8543589),44,27,4427
185856415,48.8544756,2.2835108,4,,,POINT (2.2835108 48.8544756),44,30,4430
185856687,48.8544989,2.2813848,4,,,POINT (2.2813848 48.8544989),44,29,4429
185856688,48.8537096,2.2800562,3,,,POINT (2.2800562 48.8537096),43,28,4328
185857158,48.8528946,2.2810439,3,,,POINT (2.2810439 48.8528946),43,28,4328
185857229,48.8558427,2.2852418,4,,,POINT (2.2852418 48.8558427),46,31,4631
185857346,48.8545368,2.2835924,3,,,POINT (2.2835924 48.8545368),44,30,4430
185858517,48.8565704,2.28616,3,,,POINT (2.28616 48.8565704),47,31,4731
185858628,48.8562228,2.2857076,3,,,POINT (2.2857076 48.8562228),46,31,4631
185858641,48.8569418,2.2855089,3,,,POINT (2.2855089 48.8569418),47,31,4731
185859373,48.8551893,2.2825223,3,,,POINT (2.2825223 48.8551893),45,29,4529
185865166,48.8396526,2.2671862,3,,,POINT (2.2671862 48.8396526),27,21,2721
185865174,48.8484963,2.2757502,3,,,POINT (2.2757502 48.8484963),37,26,3726
185865175,48.8499647,2.2771844,3,,,POINT (2.2771844 48.8499647),39,26,3926
185865231,48.8508582,2.2776842,3,,,POINT (2.2776842 48.8508582),40,27,4027
185868716,48.8451898,2.2727753,3,,,POINT (2.2727753 48.8451898),34,24,3424
185869350,48.8415203,2.2665585,3,,,POINT (2.2665585 48.8415203),29,21,2921
185869720,48.8407145,2.2682241,3,,,POINT (2.2682241 48.8407145),28,22,2822
185876056,48.8596182,2.2877384,3,,,POINT (2.2877384 48.8596182),50,32,5032
185876212,48.8592116,2.2883536,3,,,POINT (2.2883536 48.8592116),50,32,5032
185876213,48.8588251,2.2889672,3,,,POINT (2.2889672 48.8588251),49,33,4933
185876331,48.8584433,2.2873321,3,,,POINT (2.2873321 48.8584433),49,32,4932
185876467,48.8579327,2.2878983,3,,,POINT (2.2878983 48.8579327),48,32,4832
185877479,48.8566741,2.2867276,3,,,POINT (2.2867276 48.8566741),47,31,4731
185877802,48.8548522,2.2885465,3,traffic_signals,,POINT (2.2885465 48.8548522),45,32,4532
185883894,48.8623024,2.3019543,4,,,POINT (2.3019543 48.8623024),53,39,5339
186658078,48.8764615,2.3461737,3,,,POINT (2.3461737 48.8764615),70,63,7063
186702854,48.8890459,2.3481452,4,,,POINT (2.3481452 48.8890459),85,64,8564
190812774,48.8403859,2.3151211,3,,,POINT (2.3151211 48.8403859),28,46,2846
190818547,48.8394721,2.3095261,4,traffic_signals,,POINT (2.3095261 48.8394721),27,43,2743
190949412,48.8935491,2.3037603,3,motorway_junction,,POINT (2.3037603 48.8935491),90,40,9040
191744889,48.8396683,2.3015693,3,traffic_signals,,POINT (2.3015693 48.8396683),27,39,2739
192451190,48.8989992,2.329477,5,,,POINT (2.329477 48.8989992),96,54,9654
192482737,48.8844116,2.3441377,3,,,POINT (2.3441377 48.8844116),79,62,7962
192483086,48.8853047,2.3444322,3,,,POINT (2.3444322 48.8853047),80,62,8062
194146960,48.8557131,2.3853914,1,,,POINT (2.3853914 48.8557131),46,83,4683
194188545,48.8522946,2.3889933,3,,,POINT (2.3889933 48.8522946),42,85,4285
194188548,48.8530004,2.3864908,3,,,POINT (2.3864908 48.8530004),43,84,4384
194211512,48.8553314,2.3951111,3,,,POINT (2.3951111 48.8553314),45,88,4588
194414341,48.8626174,2.2644633,5,,,POINT (2.2644633 48.8626174),54,20,5420
194414345,48.8625936,2.2681825,3,,,POINT (2.2681825 48.8625936),54,22,5422
195393625,48.8562262,2.3882803,3,,,POINT (2.3882803 48.8562262),46,85,4685
195393628,48.8557603,2.3864555,3,,,POINT (2.3864555 48.8557603),46,84,4684
195399361,48.8598889,2.3890049,3,,,POINT (2.3890049 48.8598889),51,85,5185
195408460,48.849174,2.3747625,4,mini_circular,,POINT (2.3747625 48.849174),38,78,3878
195867993,48.8533843,2.3882138,3,,,POINT (2.3882138 48.8533843),43,85,4385
199182646,48.8567337,2.3826439,3,,,POINT (2.3826439 48.8567337),47,82,4782
199183487,48.8579895,2.3815647,3,,,POINT (2.3815647 48.8579895),48,81,4881
199624817,48.8559326,2.3923567,3,,,POINT (2.3923567 48.8559326),46,87,4687
199624819,48.8549817,2.3934843,3,,,POINT (2.3934843 48.8549817),45,88,4588
199631876,48.8457592,2.4031459,4,traffic_signals,,POINT (2.4031459 48.8457592),34,93,3493
199631879,48.8471047,2.3994462,3,,,POINT (2.3994462 48.8471047),36,91,3691
201615482,48.8420802,2.3130042,4,traffic_signals,,POINT (2.3130042 48.8420802),30,45,3045
201646527,48.8952791,2.3719452,4,,,POINT (2.3719452 48.8952791),92,76,9276
201646642,48.8934931,2.3767674,4,,,POINT (2.3767674 48.8934931),90,79,9079
201646773,48.8924272,2.3788995,4,,,POINT (2.3788995 48.8924272),88,80,8880
201647463,48.8921563,2.3750776,4,,,POINT (2.3750776 48.8921563),88,78,8878
201647464,48.8910811,2.3737192,4,,,POINT (2.3737192 48.8910811),87,77,8777
201647513,48.8913515,2.3722417,3,,,POINT (2.3722417 48.8913515),87,76,8776
201647682,48.8905874,2.3765114,3,,,POINT (2.3765114 48.8905874),86,79,8679
201971295,48.8858084,2.3706416,4,,,POINT (2.3706416 48.8858084),81,76,8176
201971298,48.8857016,2.3708431,3,,,POINT (2.3708431 48.8857016),81,76,8176
201980162,48.887349,2.3728571,3,,,POINT (2.3728571 48.887349),83,77,8377
201980257,48.8866744,2.3745418,3,traffic_signals,,POINT (2.3745418 48.8866744),82,78,8278
201981889,48.8878856,2.3735183,3,,,POINT (2.3735183 48.8878856),83,77,8377
201987686,48.8871328,2.3754844,3,,,POINT (2.3754844 48.8871328),82,78,8278
201988034,48.8898349,2.3759602,3,,,POINT (2.3759602 48.8898349),85,78,8578
202041972,48.8887952,2.3931079,3,,,POINT (2.3931079 48.8887952),84,87,8487
202043454,48.888921,2.3885702,4,,,POINT (2.3885702 48.888921),84,85,8485
202044887,48.882257,2.3933772,4,,,POINT (2.3933772 48.882257),77,87,7787
202045084,48.8828163,2.3894057,3,,,POINT (2.3894057 48.8828163),77,85,7785
202045338,48.8839132,2.3917011,4,,,POINT (2.3917011 48.8839132),79,87,7987
202045340,48.8845179,2.3945415,3,,,POINT (2.3945415 48.8845179),79,88,7988
202047033,48.8911285,2.3775571,4,,,POINT (2.3775571 48.8911285),87,79,8779
202047327,48.8894061,2.3809452,3,,,POINT (2.3809452 48.8894061),85,81,8581
202048141,48.8886473,2.3791114,3,,,POINT (2.3791114 48.8886473),84,80,8480
202116726,48.890644,2.3822275,4,,,POINT (2.3822275 48.890644),86,82,8682
202117023,48.8893598,2.3836975,6,,,POINT (2.3836975 48.8893598),85,82,8582
202117298,48.8900473,2.3822139,3,,,POINT (2.3822139 48.8900473),86,82,8682
202117375,48.890513,2.3831484,3,,,POINT (2.3831484 48.890513),86,82,8682
202117744,48.8916595,2.3823975,3,,,POINT (2.3823975 48.8916595),88,82,8882
202117746,48.8908791,2.3838773,3,,,POINT (2.3838773 48.8908791),87,82,8782
202118178,48.8936746,2.384889,3,,,POINT (2.384889 48.8936746),90,83,9083
202118936,48.8947894,2.3823308,3,,,POINT (2.3823308 48.8947894),91,82,9182
202119086,48.8934523,2.3846111,4,,,POINT (2.3846111 48.8934523),90,83,9083
202119087,48.8931736,2.3851938,3,,,POINT (2.3851938 48.8931736),89,83,8983
202771066,48.8452898,2.3114708,3,,,POINT (2.3114708 48.8452898),34,44,3444
202772950,48.84375,2.3153234,3,,,POINT (2.3153234 48.84375),32,46,3246
202800560,48.8424523,2.3284092,3,traffic_signals,,POINT (2.3284092 48.8424523),30,53,3053
202800570,48.8430006,2.3291961,4,traffic_signals,,POINT (2.3291961 48.8430006),31,54,3154
202805712,48.8928994,2.3695477,3,,,POINT (2.3695477 48.8928994),89,75,8975
202805791,48.8920515,2.3725538,3,,,POINT (2.3725538 48.8920515),88,77,8877
202806611,48.8953134,2.3622548,3,,,POINT (2.3622548 48.8953134),92,71,9271
202807053,48.895095,2.3635698,3,,,POINT (2.3635698 48.895095),92,72,9272
202807054,48.8949154,2.3649085,3,,,POINT (2.3649085 48.8949154),91,72,9172
202807056,48.8943249,2.365979,3,,,POINT (2.365979 48.8943249),91,73,9173
202808302,48.8932542,2.3614106,4,,,POINT (2.3614106 48.8932542),89,71,8971
202808463,48.8940754,2.3617394,4,,,POINT (2.3617394 48.8940754),90,71,9071
202809157,48.8933074,2.3596757,4,,,POINT (2.3596757 48.8933074),90,70,9070
202809271,48.892146,2.3612056,3,,,POINT (2.3612056 48.892146),88,71,8871
202809434,48.8920167,2.3598715,4,traffic_signals,,POINT (2.3598715 48.8920167),88,70,8870
202809822,48.8921105,2.3618263,4,,,POINT (2.3618263 48.8921105),88,71,8871
202809823,48.8919413,2.3633639,4,,,POINT (2.3633639 48.8919413),88,72,8872
202810546,48.8908319,2.3599552,3,,,POINT (2.3599552 48.8908319),87,70,8770
202810897,48.8912993,2.3622931,3,,,POINT (2.3622931 48.8912993),87,71,8771
202810899,48.8912717,2.363273,4,,,POINT (2.363273 48.8912717),87,72,8772
202811131,48.8917272,2.3654695,3,,,POINT (2.3654695 48.8917272),88,73,8873
202813138,48.8902896,2.3583083,3,,,POINT (2.3583083 48.8902896),86,69,8669
202813304,48.8889011,2.3582187,3,,,POINT (2.3582187 48.8889011),84,69,8469
202813845,48.8860907,2.3611224,3,,,POINT (2.3611224 48.8860907),81,71,8171
202815231,48.8765239,2.3486204,3,,,POINT (2.3486204 48.8765239),70,64,7064
202815391,48.8760934,2.3511154,3,,,POINT (2.3511154 48.8760934),70,65,7065
202816303,48.871158,2.3522913,3,,,POINT (2.3522913 48.871158),64,66,6466
202816861,48.869183,2.3477774,3,,,POINT (2.3477774 48.869183),61,63,6163
202817512,48.8692918,2.3496831,3,,,POINT (2.3496831 48.8692918),62,64,6264
202817910,48.8697696,2.349715,3,,,POINT (2.349715 48.8697696),62,64,6264
202818217,48.8700259,2.3482299,3,,,POINT (2.3482299 48.8700259),62,64,6264
202818218,48.8692091,2.3481211,3,,,POINT (2.3481211 48.8692091),62,64,6264
202818262,48.8705196,2.3487034,3,traffic_signals,,POINT (2.3487034 48.8705196),63,64,6364
202818410,48.8699474,2.3486238,4,,,POINT (2.3486238 48.8699474),62,64,6264
202818411,48.8692254,2.3485173,3,,,POINT (2.3485173 48.8692254),62,64,6264
202818444,48.870441,2.349095,3,,,POINT (2.349095 48.870441),63,64,6364
202818644,48.8698796,2.3490277,4,,,POINT (2.3490277 48.8698796),62,64,6264
202818645,48.8692518,2.3489812,3,,,POINT (2.3489812 48.8692518),62,64,6264
203317232,48.8811579,2.3937114,3,,,POINT (2.3937114 48.8811579),75,88,7588
203317459,48.8803562,2.3959141,3,,,POINT (2.3959141 48.8803562),74,89,7489
203317665,48.881915,2.3935218,3,,,POINT (2.3935218 48.881915),76,88,7688
203318488,48.8863733,2.3943372,4,,,POINT (2.3943372 48.8863733),81,88,8188
203318837,48.8860761,2.3981398,4,traffic_signals,,POINT (2.3981398 48.8860761),81,90,8190
203319076,48.8857746,2.3951577,3,,,POINT (2.3951577 48.8857746),81,88,8188
203319113,48.8857631,2.3943744,3,,,POINT (2.3943744 48.8857631),81,88,8188
203319470,48.8839952,2.395536,3,,,POINT (2.395536 48.8839952),79,89,7989
203319471,48.883436,2.3957629,3,,,POINT (2.3957629 48.883436),78,89,7889
203319696,48.883913,2.3984862,3,,,POINT (2.3984862 48.883913),79,90,7990
203320011,48.884729,2.3921649,3,,,POINT (2.3921649 48.884729),80,87,8087
203320153,48.8846143,2.3945146,3,,,POINT (2.3945146 48.8846143),79,88,7988
203320329,48.8843334,2.3957194,4,,,POINT (2.3957194 48.8843334),79,89,7989
203320330,48.8840736,2.3968415,3,,,POINT (2.3968415 48.8840736),79,89,7989
203320591,48.8845794,2.3966634,3,,,POINT (2.3966634 48.8845794),79,89,7989
203322657,48.8796487,2.3995886,4,,,POINT (2.3995886 48.8796487),74,91,7491
203323105,48.8789835,2.3981125,4,,,POINT (2.3981125 48.8789835),73,90,7390
203323460,48.8785424,2.4001032,4,,,POINT (2.4001032 48.8785424),72,91,7291
203323462,48.8778326,2.4003078,3,,,POINT (2.4003078 48.8778326),72,91,7291
203323463,48.8774303,2.400334,3,,,POINT (2.400334 48.8774303),71,91,7191
203323677,48.8788223,2.4014936,5,,,POINT (2.4014936 48.8788223),73,92,7392
203323786,48.8787369,2.4016039,3,,,POINT (2.4016039 48.8787369),73,92,7392
203324085,48.8775458,2.4018402,4,traffic_signals,,POINT (2.4018402 48.8775458),71,92,7192
203324662,48.8767881,2.4052522,3,traffic_signals,,POINT (2.4052522 48.8767881),70,94,7094
203325286,48.8755492,2.3992279,3,traffic_signals,,POINT (2.3992279 48.8755492),69,91,6991
203325570,48.8780086,2.401738,3,,,POINT (2.401738 48.8780086),72,92,7292
203328709,48.8705525,2.3954357,3,,,POINT (2.3954357 48.8705525),63,89,6389
203329016,48.8713671,2.3968897,3,,,POINT (2.3968897 48.8713671),64,89,6489
203329020,48.8723131,2.3977898,3,,,POINT (2.3977898 48.8723131),65,90,6590
203329763,48.8681857,2.3980753,4,,,POINT (2.3980753 48.8681857),60,90,6090
203330027,48.8674762,2.3988542,4,traffic_signals,,POINT (2.3988542 48.8674762),59,90,5990
203330030,48.8680837,2.4001525,4,,,POINT (2.4001525 48.8680837),60,91,6091
203330262,48.8676642,2.3966309,1,,,POINT (2.3966309 48.8676642),60,89,6089
203330263,48.8686565,2.3996562,3,,,POINT (2.3996562 48.8686565),61,91,6191
203330264,48.8691304,2.4006567,3,,,POINT (2.4006567 48.8691304),61,91,6191
203331056,48.8697775,2.4019185,3,,,POINT (2.4019185 48.8697775),62,92,6292
203331230,48.8696466,2.4026035,3,,,POINT (2.4026035 48.8696466),62,92,6292
203332836,48.8692346,2.4054529,4,,,POINT (2.4054529 48.8692346),62,94,6294
203332837,48.8675043,2.4057079,4,,,POINT (2.4057079 48.8675043),60,94,6094
203332839,48.8660737,2.4065462,3,,,POINT (2.4065462 48.8660737),58,94,5894
203332899,48.8712096,2.4039617,3,traffic_signals,,POINT (2.4039617 48.8712096),64,93,6493
203333251,48.8689084,2.4048506,3,,,POINT (2.4048506 48.8689084),61,94,6194
203333299,48.8705632,2.4086996,4,,,POINT (2.4086996 48.8705632),63,96,6396
203333653,48.8682723,2.4038024,2,,,POINT (2.4038024 48.8682723),60,93,6093
203333776,48.8690392,2.4055137,4,,,POINT (2.4055137 48.8690392),61,94,6194
203334134,48.866807,2.408833,3,,,POINT (2.408833 48.866807),59,96,5996
203334632,48.8675523,2.4055241,3,,,POINT (2.4055241 48.8675523),60,94,6094
203334634,48.8685658,2.4042616,3,,,POINT (2.4042616 48.8685658),61,93,6193
203334981,48.8663976,2.406324,4,,,POINT (2.406324 48.8663976),58,94,5894
203336157,48.8624008,2.403425,3,,,POINT (2.403425 48.8624008),54,93,5493
203336683,48.8666106,2.4061945,3,,,POINT (2.4061945 48.8666106),58,94,5894
203337186,48.8672939,2.4037589,3,,,POINT (2.4037589 48.8672939),59,93,5993
203337187,48.8659739,2.4031926,3,,,POINT (2.4031926 48.8659739),58,93,5893
203337694,48.8661246,2.4059237,3,,,POINT (2.4059237 48.8661246),58,94,5894
203338323,48.8671167,2.4082307,4,,,POINT (2.4082307 48.8671167),59,95,5995
203338595,48.8651683,2.4072875,3,,,POINT (2.4072875 48.8651683),57,95,5795
203339438,48.8640937,2.4069088,3,,,POINT (2.4069088 48.8640937),56,95,5695
203339756,48.8637383,2.4076857,3,,,POINT (2.4076857 48.8637383),55,95,5595
203340628,48.8562548,2.409997,3,,,POINT (2.409997 48.8562548),46,96,4696
203341209,48.8576312,2.4038934,4,,,POINT (2.4038934 48.8576312),48,93,4893
203341696,48.8595698,2.4072826,3,,,POINT (2.4072826 48.8595698),50,95,5095
204830550,48.8544566,2.2980545,1,,,POINT (2.2980545 48.8544566),44,37,4437
204830556,48.8541168,2.2975588,4,,,POINT (2.2975588 48.8541168),44,37,4437
204834024,48.8559842,2.2946486,4,,,POINT (2.2946486 48.8559842),46,36,4636
204834533,48.8575157,2.2990545,3,,,POINT (2.2990545 48.8575157),48,38,4838
204836246,48.8582298,2.2979608,4,,,POINT (2.2979608 48.8582298),49,37,4937
204836247,48.8578883,2.2974414,1,,,POINT (2.2974414 48.8578883),48,37,4837
204840842,48.8590804,2.3004407,2,,,POINT (2.3004407 48.8590804),50,39,5039
204843940,48.8587189,2.3011065,1,,,POINT (2.3011065 48.8587189),49,39,4939
205006634,48.8575452,2.3869626,3,,,POINT (2.3869626 48.8575452),48,84,4884
205006636,48.8570058,2.3872396,3,,,POINT (2.3872396 48.8570058),47,84,4784
205006637,48.8566181,2.3855819,3,,,POINT (2.3855819 48.8566181),47,83,4783
205006823,48.8572225,2.3881841,1,,,POINT (2.3881841 48.8572225),48,85,4885
205083306,48.8430734,2.3068274,4,,,POINT (2.3068274 48.8430734),31,42,3142
205086385,48.859119,2.2933612,4,,,POINT (2.2933612 48.859119),50,35,5035
205086386,48.8578051,2.2913886,3,,,POINT (2.2913886 48.8578051),48,34,4834
205088968,48.8624148,2.3023685,3,,,POINT (2.3023685 48.8624148),54,40,5440
205092158,48.8611226,2.3098103,3,,,POINT (2.3098103 48.8611226),52,43,5243
205094614,48.8598484,2.3047508,1,,,POINT (2.3047508 48.8598484),51,41,5141
205094615,48.8592153,2.3050768,3,,,POINT (2.3050768 48.8592153),50,41,5041
206091857,48.8523153,2.3412746,3,,,POINT (2.3412746 48.8523153),42,60,4260
206091866,48.8524174,2.3417861,4,,,POINT (2.3417861 48.8524174),42,60,4260
206092825,48.834108,2.4103817,3,,,POINT (2.4103817 48.834108),21,96,2196
206092849,48.8361683,2.4121414,3,motorway_junction,,POINT (2.4121414 48.8361683),23,97,2397
206092892,48.8343082,2.4098701,3,,,POINT (2.4098701 48.8343082),21,96,2196
206092991,48.8300892,2.4020664,3,motorway_junction,,POINT (2.4020664 48.8300892),16,92,1692
206093338,48.8320819,2.4035609,3,,,POINT (2.4035609 48.8320819),18,93,1893
206093385,48.8303554,2.4021113,3,,,POINT (2.4021113 48.8303554),16,92,1692
206093388,48.8440668,2.4136323,3,,,POINT (2.4136323 48.8440668),32,98,3298
206093427,48.8418774,2.4136059,3,,,POINT (2.4136059 48.8418774),30,98,3098
206093615,48.8519634,2.4151343,3,motorway_junction,,POINT (2.4151343 48.8519634),41,99,4199
206093803,48.8641034,2.413765,3,,,POINT (2.413765 48.8641034),56,98,5698
206093804,48.864961,2.4137103,3,,,POINT (2.4137103 48.864961),57,98,5798
206094159,48.8666965,2.4134195,3,,,POINT (2.4134195 48.8666965),59,98,5998
206094197,48.8622097,2.4137943,3,motorway_junction,,POINT (2.4137943 48.8622097),53,98,5398
206094254,48.866051,2.4138046,3,,,POINT (2.4138046 48.866051),58,98,5898
206095243,48.8755251,2.4102128,3,motorway_junction,,POINT (2.4102128 48.8755251),69,96,6996
206095528,48.8808733,2.4040752,3,motorway_junction,,POINT (2.4040752 48.8808733),75,93,7593
206095619,48.8824515,2.4009477,3,motorway_junction,,POINT (2.4009477 48.8824515),77,91,7791
206153280,48.8600594,2.3734685,1,,,POINT (2.3734685 48.8600594),51,77,5177
206155083,48.8528292,2.3744998,3,,,POINT (2.3744998 48.8528292),42,78,4278
206155203,48.8533311,2.3827424,3,,,POINT (2.3827424 48.8533311),43,82,4382
206155654,48.8519258,2.3937234,3,,,POINT (2.3937234 48.8519258),41,88,4188
206155655,48.8516384,2.3926532,1,,,POINT (2.3926532 48.8516384),41,87,4187
206155796,48.850292,2.3985875,4,,,POINT (2.3985875 48.850292),40,90,4090
206155932,48.8517062,2.4005483,3,,,POINT (2.4005483 48.8517062),41,91,4191
206155934,48.8504162,2.3992002,3,,,POINT (2.3992002 48.8504162),40,91,4091
206155953,48.8507021,2.3988219,3,,,POINT (2.3988219 48.8507021),40,90,4090
206156015,48.8497997,2.3991262,3,,,POINT (2.3991262 48.8497997),39,91,3991
207263529,48.8527896,2.3820559,1,,,POINT (2.3820559 48.8527896),42,82,4282
207263532,48.8538232,2.3815591,3,,,POINT (2.3815591 48.8538232),44,81,4481
207267298,48.8515831,2.3845996,3,,,POINT (2.3845996 48.8515831),41,83,4183
207268373,48.8512143,2.3853361,1,,,POINT (2.3853361 48.8512143),41,83,4183
207268375,48.8512407,2.3844921,3,,,POINT (2.3844921 48.8512407),41,83,4183
207273409,48.8532863,2.378489,3,,,POINT (2.378489 48.8532863),43,80,4380
207278115,48.8524806,2.3765343,1,,,POINT (2.3765343 48.8524806),42,79,4279
207278117,48.8532729,2.3766908,3,,,POINT (2.3766908 48.8532729),43,79,4379
207281261,48.8516045,2.3748488,3,,,POINT (2.3748488 48.8516045),41,78,4178
207281263,48.8500645,2.3737669,3,,,POINT (2.3737669 48.8500645),39,77,3977
207282654,48.8506987,2.3757335,4,,,POINT (2.3757335 48.8506987),40,78,4078
207291586,48.8477149,2.3770797,3,,,POINT (2.3770797 48.8477149),37,79,3779
207435310,48.8198018,2.3257586,5,,,POINT (2.3257586 48.8198018),4,52,452
207435542,48.8198577,2.3254948,4,,,POINT (2.3254948 48.8198577),4,52,452
207782660,48.8629747,2.3478933,3,,,POINT (2.3478933 48.8629747),54,64,5464
208359407,48.8595465,2.3891623,3,,,POINT (2.3891623 48.8595465),50,85,5085
208361871,48.8589217,2.3912009,3,,,POINT (2.3912009 48.8589217),50,86,5086
208381519,48.8526055,2.3598343,3,,,POINT (2.3598343 48.8526055),42,70,4270
208381994,48.8529271,2.3601226,4,,,POINT (2.3601226 48.8529271),43,70,4370
208759442,48.8549427,2.3833375,1,,,POINT (2.3833375 48.8549427),45,82,4582
208906020,48.8376249,2.2575081,3,,,POINT (2.2575081 48.8376249),25,16,2516
208906482,48.8374113,2.2582683,3,,,POINT (2.2582683 48.8374113),25,16,2516
208906485,48.8366808,2.2640818,3,,,POINT (2.2640818 48.8366808),24,19,2419
208907968,48.8351857,2.2605631,3,motorway_junction,,POINT (2.2605631 48.8351857),22,18,2218
208911944,48.8352603,2.2584987,3,,,POINT (2.2584987 48.8352603),22,16,2216
208912939,48.8350522,2.2604902,3,,,POINT (2.2604902 48.8350522),22,18,2218
208913146,48.8359989,2.256971,3,motorway_junction,,POINT (2.256971 48.8359989),23,16,2316
208917002,48.8380118,2.2542353,3,,,POINT (2.2542353 48.8380118),25,14,2514
208918724,48.8371058,2.2601349,4,,,POINT (2.2601349 48.8371058),24,17,2417
208918726,48.8385416,2.2619984,4,,,POINT (2.2619984 48.8385416),26,18,2618
208918728,48.8395688,2.2633116,4,,,POINT (2.2633116 48.8395688),27,19,2719
208919955,48.836816,2.2561808,4,,,POINT (2.2561808 48.836816),24,15,2415
208919957,48.8370632,2.2564696,3,,,POINT (2.2564696 48.8370632),24,15,2415
208920782,48.8366123,2.2564795,4,,,POINT (2.2564795 48.8366123),24,15,2415
208920788,48.8370257,2.2566179,3,,,POINT (2.2566179 48.8370257),24,15,2415
208920794,48.8374759,2.2569114,3,,,POINT (2.2569114 48.8374759),25,16,2516
208921181,48.8413211,2.2575945,4,,,POINT (2.2575945 48.8413211),29,16,2916
208921584,48.8402149,2.2580844,3,crossing,,POINT (2.2580844 48.8402149),28,16,2816
208921845,48.8397606,2.261683,3,,,POINT (2.261683 48.8397606),27,18,2718
208922256,48.8396061,2.2628022,4,,,POINT (2.2628022 48.8396061),27,19,2719
208925404,48.8437114,2.2547731,3,motorway_junction,,POINT (2.2547731 48.8437114),32,15,3215
209133647,48.900203,2.3800481,3,motorway_junction,,POINT (2.3800481 48.900203),98,80,9880
209135904,48.9003411,2.3799755,3,,,POINT (2.3799755 48.9003411),98,80,9880
209138149,48.8996178,2.3920758,3,,,POINT (2.3920758 48.8996178),97,87,9787
209139387,48.8994361,2.3928027,3,motorway_junction,,POINT (2.3928027 48.8994361),97,87,9787
209141078,48.898806,2.3762704,3,,,POINT (2.3762704 48.898806),96,78,9678
209141187,48.8997745,2.3740653,3,,,POINT (2.3740653 48.8997745),97,77,9777
209141276,48.8987612,2.3741172,3,,,POINT (2.3741172 48.8987612),96,77,9677
209142433,48.9012044,2.3708438,3,,,POINT (2.3708438 48.9012044),99,76,9976
209142439,48.9009292,2.3703232,4,,,POINT (2.3703232 48.9009292),98,75,9875
209142444,48.9004861,2.3703511,3,traffic_signals,,POINT (2.3703511 48.9004861),98,75,9875
209142445,48.9003827,2.3704706,3,,,POINT (2.3704706 48.9003827),98,75,9875
209142450,48.9002208,2.3710822,3,,,POINT (2.3710822 48.9002208),98,76,9876
209142453,48.9003936,2.3714784,3,,,POINT (2.3714784 48.9003936),98,76,9876
209142457,48.9006903,2.3715916,3,,,POINT (2.3715916 48.9006903),98,76,9876
209142463,48.9010922,2.3714078,4,,,POINT (2.3714078 48.9010922),99,76,9976
209144150,48.9002144,2.3766138,3,,,POINT (2.3766138 48.9002144),98,79,9879
209145536,48.9006598,2.3659891,3,motorway_junction,,POINT (2.3659891 48.9006598),98,73,9873
209146479,48.9003754,2.3702516,4,,,POINT (2.3702516 48.9003754),98,75,9875
209147808,48.8998439,2.3702734,3,,,POINT (2.3702734 48.8998439),97,75,9775
209148462,48.8986184,2.3643165,3,,,POINT (2.3643165 48.8986184),96,72,9672
209148691,48.8994048,2.3658218,3,,,POINT (2.3658218 48.8994048),97,73,9773
209155013,48.9003212,2.3220046,3,motorway_junction,,POINT (2.3220046 48.9003212),98,50,9850
209157796,48.8974487,2.3242343,5,traffic_signals,,POINT (2.3242343 48.8974487),94,51,9451
209158195,48.8989336,2.3263998,3,,,POINT (2.3263998 48.8989336),96,52,9652
209165524,48.8897763,2.2976475,3,motorway_junction,,POINT (2.2976475 48.8897763),85,37,8537
209165758,48.8899324,2.2975301,3,,,POINT (2.2975301 48.8899324),86,37,8637
212523881,48.8514343,2.350421,3,,,POINT (2.350421 48.8514343),41,65,4165
212611013,48.861679,2.413686,3,,,POINT (2.413686 48.861679),53,98,5398
213166708,48.8722546,2.3540348,3,,,POINT (2.3540348 48.8722546),65,67,6567
213169528,48.871929,2.3513618,3,,,POINT (2.3513618 48.871929),65,65,6565
213198427,48.8699428,2.3527612,3,,,POINT (2.3527612 48.8699428),62,66,6266
213201643,48.8695996,2.3530027,3,,,POINT (2.3530027 48.8695996),62,66,6266
214843848,48.8496799,2.3615008,3,,,POINT (2.3615008 48.8496799),39,71,3971
214843853,48.8504375,2.3629103,3,traffic_signals,,POINT (2.3629103 48.8504375),40,71,4071
214885022,48.8550744,2.3633203,1,,,POINT (2.3633203 48.8550744),45,72,4572
216025888,48.8839979,2.3683832,3,,,POINT (2.3683832 48.8839979),79,74,7974
216033652,48.8930495,2.3841185,4,,,POINT (2.3841185 48.8930495),89,83,8983
216033654,48.8923408,2.385432,3,,,POINT (2.385432 48.8923408),88,83,8883
216033816,48.8936002,2.38308,3,,,POINT (2.38308 48.8936002),90,82,9082
216034235,48.8939774,2.3836661,4,,,POINT (2.3836661 48.8939774),90,82,9082
216034236,48.8945188,2.384354,3,,,POINT (2.384354 48.8945188),91,83,9183
216034547,48.8959513,2.3813233,3,crossing,,POINT (2.3813233 48.8959513),93,81,9381
216034847,48.8951429,2.3827408,3,,,POINT (2.3827408 48.8951429),92,82,9282
216041844,48.8983408,2.386188,4,,,POINT (2.386188 48.8983408),95,84,9584
216041845,48.8982098,2.3862774,4,,,POINT (2.3862774 48.8982098),95,84,9584
216046349,48.900046,2.387443,3,,,POINT (2.387443 48.900046),97,84,9784
216048606,48.9009897,2.3891683,3,,,POINT (2.3891683 48.9009897),98,85,9885
216049614,48.9011026,2.3891289,3,,,POINT (2.3891289 48.9011026),99,85,9985
216049616,48.9009516,2.3886671,3,,,POINT (2.3886671 48.9009516),98,85,9885
218155202,48.8566074,2.3673301,3,,,POINT (2.3673301 48.8566074),47,74,4774
218267571,48.8504082,2.3600926,3,,,POINT (2.3600926 48.8504082),40,70,4070
219233930,48.8971441,2.3604086,1,,,POINT (2.3604086 48.8971441),94,70,9470
219253511,48.8931287,2.3634243,3,,,POINT (2.3634243 48.8931287),89,72,8972
219253514,48.8931932,2.3633966,3,,,POINT (2.3633966 48.8931932),89,72,8972
219253517,48.8932247,2.3634161,3,,,POINT (2.3634161 48.8932247),89,72,8972
219320526,48.8838232,2.3214722,3,,,POINT (2.3214722 48.8838232),78,50,7850
219320528,48.8825596,2.3220663,3,,,POINT (2.3220663 48.8825596),77,50,7750
224364902,48.8452715,2.2604653,4,,,POINT (2.2604653 48.8452715),34,18,3418
225741028,48.8190958,2.3579671,3,,,POINT (2.3579671 48.8190958),3,69,369
225759777,48.8340936,2.3366512,4,,,POINT (2.3366512 48.8340936),21,58,2158
227052554,48.8633016,2.3616709,3,,,POINT (2.3616709 48.8633016),55,71,5571
227053183,48.8622432,2.3604334,3,,,POINT (2.3604334 48.8622432),53,70,5370
227053457,48.86406,2.3624302,3,,,POINT (2.3624302 48.86406),56,71,5671
227073732,48.8592518,2.367673,3,,,POINT (2.367673 48.8592518),50,74,5074
227158606,48.8583885,2.3134334,3,,,POINT (2.3134334 48.8583885),49,45,4945
227180463,48.8614174,2.320413,3,,,POINT (2.320413 48.8614174),52,49,5249
227211630,48.8596698,2.3295796,3,,,POINT (2.3295796 48.8596698),50,54,5054
227213605,48.8594308,2.3296641,3,,,POINT (2.3296641 48.8594308),50,54,5054
227214316,48.8605863,2.3302619,3,,,POINT (2.3302619 48.8605863),51,54,5154
227228433,48.857598,2.3360807,3,,,POINT (2.3360807 48.857598),48,57,4857
229577582,48.849408,2.3561319,4,,,POINT (2.3561319 48.849408),38,68,3868
229593999,48.8261524,2.3875514,3,motorway_junction,,POINT (2.3875514 48.8261524),11,84,1184
230012133,48.8477955,2.3177379,1,,,POINT (2.3177379 48.8477955),37,48,3748
230346452,48.8474002,2.312126,3,,,POINT (2.312126 48.8474002),36,45,3645
230346464,48.8475377,2.3119876,3,,,POINT (2.3119876 48.8475377),36,45,3645
230346492,48.8475931,2.3113711,4,traffic_signals,,POINT (2.3113711 48.8475931),36,44,3644
230346502,48.8473968,2.3111294,3,,,POINT (2.3111294 48.8473968),36,44,3644
230350267,48.8465664,2.3086873,4,,,POINT (2.3086873 48.8465664),35,43,3543
230350272,48.84361,2.2957522,4,traffic_signals,,POINT (2.2957522 48.84361),32,36,3236
230351389,48.8436732,2.2977613,4,traffic_signals,,POINT (2.2977613 48.8436732),32,37,3237
231396378,48.8530991,2.3248815,1,,,POINT (2.3248815 48.8530991),43,51,4351
231396379,48.8530587,2.3253274,3,,,POINT (2.3253274 48.8530587),43,52,4352
235011944,48.8753843,2.3826241,3,,,POINT (2.3826241 48.8753843),69,82,6982
235014152,48.8752366,2.3823005,3,,,POINT (2.3823005 48.8752366),69,82,6982
235029303,48.8757298,2.3890522,3,,,POINT (2.3890522 48.8757298),69,85,6985
235029304,48.875596,2.3874043,3,,,POINT (2.3874043 48.875596),69,84,6984
235083461,48.884545,2.376924,3,,,POINT (2.376924 48.884545),79,79,7979
235084384,48.886027,2.3777896,3,,,POINT (2.3777896 48.886027),81,79,8179
235388731,48.8804809,2.29965,4,,,POINT (2.29965 48.8804809),75,38,7538
235806764,48.850132,2.3484114,3,,,POINT (2.3484114 48.850132),39,64,3964
235830493,48.8439888,2.3645408,4,traffic_signals,,POINT (2.3645408 48.8439888),32,72,3272
235830503,48.8438738,2.364813,4,traffic_signals,,POINT (2.364813 48.8438738),32,72,3272
235830506,48.8440958,2.3649801,3,traffic_signals,,POINT (2.3649801 48.8440958),32,73,3273
237238103,48.8418239,2.3614952,1,turning_circle,,POINT (2.3614952 48.8418239),30,71,3071
241081749,48.8866245,2.3184506,4,,,POINT (2.3184506 48.8866245),82,48,8248
241082232,48.8868478,2.3188395,3,,,POINT (2.3188395 48.8868478),82,48,8248
241083467,48.8891165,2.3227347,4,,,POINT (2.3227347 48.8891165),85,50,8550
241085573,48.8862047,2.3177314,4,,,POINT (2.3177314 48.8862047),81,48,8148
241086941,48.8844692,2.3195119,4,,,POINT (2.3195119 48.8844692),79,49,7949
241094539,48.8756376,2.3239041,3,,,POINT (2.3239041 48.8756376),69,51,6951
241096774,48.8754542,2.3238775,3,,,POINT (2.3238775 48.8754542),69,51,6951
241582236,48.854429,2.2837307,3,,,POINT (2.2837307 48.854429),44,30,4430
241582419,48.8548984,2.2843802,3,,,POINT (2.2843802 48.8548984),45,30,4530
241583087,48.8554638,2.2852621,3,,,POINT (2.2852621 48.8554638),46,31,4631
241583357,48.8558465,2.2855542,3,,,POINT (2.2855542 48.8558465),46,31,4631
241583359,48.8565853,2.2865387,3,,,POINT (2.2865387 48.8565853),47,31,4731
241885960,48.8624565,2.293894,3,,,POINT (2.293894 48.8624565),54,35,5435
241886261,48.864886,2.3180423,3,,,POINT (2.3180423 48.864886),56,48,5648
241886816,48.8646795,2.3070817,3,,,POINT (2.3070817 48.8646795),56,42,5642
242686687,48.8532554,2.3308752,3,,,POINT (2.3308752 48.8532554),43,55,4355
243351837,48.8885012,2.3811312,3,,,POINT (2.3811312 48.8885012),84,81,8481
243351880,48.8883195,2.3813374,3,,,POINT (2.3813374 48.8883195),84,81,8481
243352044,48.8884573,2.3816842,3,,,POINT (2.3816842 48.8884573),84,81,8481
243352045,48.8875716,2.3803214,3,,,POINT (2.3803214 48.8875716),83,81,8381
243352113,48.8871707,2.3807846,3,,,POINT (2.3807846 48.8871707),82,81,8281
243352114,48.8876693,2.3823888,3,,,POINT (2.3823888 48.8876693),83,82,8382
243352115,48.8882844,2.3843007,3,,,POINT (2.3843007 48.8882844),84,83,8483
243352290,48.8906265,2.3869145,3,,,POINT (2.3869145 48.8906265),86,84,8684
243352291,48.8900318,2.3850892,5,,,POINT (2.3850892 48.8900318),86,83,8683
243352306,48.8883156,2.386235,3,,,POINT (2.386235 48.8883156),84,84,8484
243352307,48.8871217,2.3867895,3,,,POINT (2.3867895 48.8871217),82,84,8284
243352384,48.8899777,2.3873373,3,,,POINT (2.3873373 48.8899777),86,84,8684
243352386,48.8894737,2.38547,3,,,POINT (2.38547 48.8894737),85,83,8583
243352389,48.8893905,2.3877023,3,,,POINT (2.3877023 48.8893905),85,84,8584
243352391,48.8887432,2.3859532,3,,,POINT (2.3859532 48.8887432),84,84,8484
243352440,48.8866618,2.3813656,3,,,POINT (2.3813656 48.8866618),82,81,8281
243352888,48.8849352,2.3861694,3,,,POINT (2.3861694 48.8849352),80,84,8084
243353120,48.8841319,2.3863501,3,,,POINT (2.3863501 48.8841319),79,84,7984
243360169,48.8776661,2.3758388,3,,,POINT (2.3758388 48.8776661),71,78,7178
243360178,48.8785173,2.3752132,3,,,POINT (2.3752132 48.8785173),72,78,7278
243360183,48.8774016,2.3779153,3,,,POINT (2.3779153 48.8774016),71,79,7179
243360184,48.877103,2.3780787,3,,,POINT (2.3780787 48.877103),71,79,7179
243360192,48.877348,2.3757037,3,,,POINT (2.3757037 48.877348),71,78,7178
243360302,48.8773968,2.3762319,3,,,POINT (2.3762319 48.8773968),71,78,7178
243360342,48.8775718,2.3747873,1,turning_circle,,POINT (2.3747873 48.8775718),71,78,7178
243507564,48.8553621,2.3386577,3,,,POINT (2.3386577 48.8553621),45,59,4559
243524987,48.8552667,2.3384782,1,,,POINT (2.3384782 48.8552667),45,59,4559
243635109,48.8705348,2.3612095,4,,,POINT (2.3612095 48.8705348),63,71,6371
243635110,48.8656609,2.3773308,4,traffic_signals,,POINT (2.3773308 48.8656609),57,79,5779
243635111,48.8725629,2.3762196,3,,,POINT (2.3762196 48.8725629),65,78,6578
243647203,48.8841798,2.3397484,4,,,POINT (2.3397484 48.8841798),79,59,7959
243647204,48.8887918,2.3465805,4,traffic_signals,,POINT (2.3465805 48.8887918),84,63,8463
243647236,48.8516789,2.2899503,4,traffic_signals,,POINT (2.2899503 48.8516789),41,33,4133
243648472,48.8703725,2.3267063,4,,,POINT (2.3267063 48.8703725),63,52,6352
243648866,48.8931294,2.3636044,3,,,POINT (2.3636044 48.8931294),89,72,8972
243648867,48.89325,2.3635673,3,,,POINT (2.3635673 48.89325),89,72,8972
243648870,48.893102,2.3635074,3,,,POINT (2.3635074 48.893102),89,72,8972
243854424,48.8660661,2.3577308,3,,,POINT (2.3577308 48.8660661),58,69,5869
243854425,48.8662221,2.357183,1,,,POINT (2.357183 48.8662221),58,68,5868
244270850,48.8434282,2.3240642,4,traffic_signals,,POINT (2.3240642 48.8434282),32,51,3251
244419577,48.8433551,2.4023175,3,,,POINT (2.4023175 48.8433551),31,92,3192
244419638,48.8429327,2.4052536,3,,,POINT (2.4052536 48.8429327),31,94,3194
244419736,48.8433303,2.4053499,3,,,POINT (2.4053499 48.8433303),31,94,3194
244419806,48.8439723,2.4082753,3,,,POINT (2.4082753 48.8439723),32,95,3295
244420708,48.8442768,2.4089234,3,,,POINT (2.4089234 48.8442768),33,96,3396
244420709,48.844177,2.4101293,3,,,POINT (2.4101293 48.844177),32,96,3296
244420732,48.8446412,2.4060289,4,,,POINT (2.4060289 48.8446412),33,94,3394
244420789,48.8445007,2.408979,3,,,POINT (2.408979 48.8445007),33,96,3396
244422144,48.8465246,2.4095893,3,,,POINT (2.4095893 48.8465246),35,96,3596
244455407,48.8474408,2.3162486,3,,,POINT (2.3162486 48.8474408),36,47,3647
244455408,48.8539119,2.3964822,3,,,POINT (2.3964822 48.8539119),44,89,4489
244455428,48.853035,2.3971848,4,,,POINT (2.3971848 48.853035),43,89,4389
244455430,48.8552433,2.4014669,4,,,POINT (2.4014669 48.8552433),45,92,4592
244455431,48.8564601,2.403018,3,,,POINT (2.403018 48.8564601),47,93,4793
244455433,48.8523258,2.4040265,4,traffic_signals,,POINT (2.4040265 48.8523258),42,93,4293
244455437,48.8557589,2.404283,3,,,POINT (2.404283 48.8557589),46,93,4693
244455438,48.8562193,2.4047805,4,traffic_signals,,POINT (2.4047805 48.8562193),46,93,4693
244455441,48.8539904,2.4057184,3,,,POINT (2.4057184 48.8539904),44,94,4494
244455442,48.8532489,2.4032864,3,,,POINT (2.4032864 48.8532489),43,93,4393
244455444,48.8555972,2.4006662,3,,,POINT (2.4006662 48.8555972),46,91,4691
244455458,48.8519209,2.399353,3,,,POINT (2.399353 48.8519209),41,91,4191
244455460,48.8527831,2.4066132,4,traffic_signals,,POINT (2.4066132 48.8527831),42,94,4294
244455461,48.8539014,2.4064117,3,,,POINT (2.4064117 48.8539014),44,94,4494
244455466,48.8561155,2.4055057,5,traffic_signals,,POINT (2.4055057 48.8561155),46,94,4694
244455467,48.8564951,2.4052201,3,,,POINT (2.4052201 48.8564951),47,94,4794
244455468,48.85629,2.4048898,4,traffic_signals,,POINT (2.4048898 48.85629),46,94,4694
244455471,48.8555155,2.4097153,3,,,POINT (2.4097153 48.8555155),46,96,4696
244455472,48.8557499,2.4082396,4,traffic_signals,,POINT (2.4082396 48.8557499),46,95,4695
244455473,48.8566726,2.4092572,3,,,POINT (2.4092572 48.8566726),47,96,4796
244455479,48.8559017,2.4100641,4,,,POINT (2.4100641 48.8559017),46,96,4696
244455480,48.8533385,2.4096933,3,,,POINT (2.4096933 48.8533385),43,96,4396
244455481,48.8547665,2.4089599,3,,,POINT (2.4089599 48.8547665),45,96,4596
244455482,48.8552597,2.4095109,3,,,POINT (2.4095109 48.8552597),45,96,4596
244455483,48.8547435,2.4103001,3,,,POINT (2.4103001 48.8547435),45,96,4596
244455484,48.8577499,2.4075757,3,,,POINT (2.4075757 48.8577499),48,95,4895
244455485,48.8562386,2.4057743,4,traffic_signals,,POINT (2.4057743 48.8562386),46,94,4694
244455486,48.8560999,2.4058869,3,traffic_signals,,POINT (2.4058869 48.8560999),46,94,4694
244455489,48.8581215,2.4046256,4,,,POINT (2.4046256 48.8581215),49,93,4993
244455499,48.854669,2.4120729,4,,,POINT (2.4120729 48.854669),45,97,4597
244455500,48.8543149,2.4130481,3,,,POINT (2.4130481 48.8543149),44,98,4498
244455501,48.8537038,2.4120377,4,,,POINT (2.4120377 48.8537038),43,97,4397
244455502,48.8537919,2.4120008,4,,,POINT (2.4120008 48.8537919),44,97,4497
244455544,48.8588245,2.4115131,3,,,POINT (2.4115131 48.8588245),49,97,4997
244455545,48.8607337,2.4111989,4,,,POINT (2.4111989 48.8607337),52,97,5297
244455548,48.8625784,2.4109154,4,,,POINT (2.4109154 48.8625784),54,97,5497
244455550,48.860599,2.4092355,4,,,POINT (2.4092355 48.860599),51,96,5196
244455563,48.857042,2.4114663,3,,,POINT (2.4114663 48.857042),47,97,4797
244455564,48.8569838,2.411184,3,,,POINT (2.411184 48.8569838),47,97,4797
244455566,48.858761,2.4105986,3,,,POINT (2.4105986 48.858761),49,97,4997
244455571,48.8574697,2.399441,3,,,POINT (2.399441 48.8574697),48,91,4891
244455575,48.8575315,2.4017081,3,,,POINT (2.4017081 48.8575315),48,92,4892
244455579,48.8581074,2.4033753,3,,,POINT (2.4033753 48.8581074),49,93,4993
244455580,48.8568311,2.4026547,3,,,POINT (2.4026547 48.8568311),47,92,4792
244455586,48.8515773,2.3998357,3,,,POINT (2.3998357 48.8515773),41,91,4191
244455587,48.8532731,2.3772848,4,traffic_signals,,POINT (2.3772848 48.8532731),43,79,4379
244455594,48.8485135,2.3067721,3,,,POINT (2.3067721 48.8485135),37,42,3742
244455595,48.8434474,2.282755,4,traffic_signals,,POINT (2.282755 48.8434474),32,29,3229
244455596,48.8441381,2.2812144,4,traffic_signals,,POINT (2.2812144 48.8441381),32,28,3228
244455597,48.8461517,2.272448,3,,,POINT (2.272448 48.8461517),35,24,3524
244483517,48.8500413,2.3126897,3,,,POINT (2.3126897 48.8500413),39,45,3945
244483520,48.8508214,2.3143858,4,,,POINT (2.3143858 48.8508214),40,46,4046
244495387,48.8514115,2.3267964,4,traffic_signals,,POINT (2.3267964 48.8514115),41,52,4152
244567282,48.844626,2.4076298,3,,,POINT (2.4076298 48.844626),33,95,3395
244569593,48.8429457,2.4016841,3,,,POINT (2.4016841 48.8429457),31,92,3192
244571708,48.8397599,2.4043743,3,traffic_signals,,POINT (2.4043743 48.8397599),27,93,2793
244575245,48.838713,2.3962364,3,,,POINT (2.3962364 48.838713),26,89,2689
244580618,48.844646,2.3641708,3,,,POINT (2.3641708 48.844646),33,72,3372
244582108,48.8444574,2.364513,3,,,POINT (2.364513 48.8444574),33,72,3372
245030675,48.8457855,2.4046945,1,,,POINT (2.4046945 48.8457855),34,93,3493
245030676,48.8454389,2.4039473,3,,,POINT (2.4039473 48.8454389),34,93,3493
245031673,48.8473554,2.3981762,2,,,POINT (2.3981762 48.8473554),36,90,3690
245066939,48.8814832,2.3743956,3,,,POINT (2.3743956 48.8814832),76,77,7677
245081605,48.8823707,2.3700254,3,,,POINT (2.3700254 48.8823707),77,75,7775
245086454,48.8852208,2.332867,3,,,POINT (2.332867 48.8852208),80,56,8056
245086839,48.8846735,2.335272,1,,,POINT (2.335272 48.8846735),79,57,7957
245225501,48.830994,2.3557913,3,,,POINT (2.3557913 48.830994),17,68,1768
245225569,48.8310995,2.3560618,3,,,POINT (2.3560618 48.8310995),17,68,1768
245272062,48.8452384,2.4123984,3,,,POINT (2.4123984 48.8452384),34,97,3497
245277023,48.8350454,2.4038206,3,,,POINT (2.4038206 48.8350454),22,93,2293
245277242,48.8350757,2.4050646,3,,,POINT (2.4050646 48.8350757),22,94,2294
245277244,48.8348058,2.4056439,4,,,POINT (2.4056439 48.8348058),22,94,2294
245277325,48.835877,2.4056942,3,,,POINT (2.4056942 48.835877),23,94,2394
245398710,48.8343682,2.345531,3,,,POINT (2.345531 48.8343682),21,62,2162
245398807,48.8324986,2.3463685,3,,,POINT (2.3463685 48.8324986),19,63,1963
245399630,48.8338647,2.3457564,3,,,POINT (2.3457564 48.8338647),20,62,2062
245401812,48.8327385,2.3469587,4,,,POINT (2.3469587 48.8327385),19,63,1963
245403975,48.8346524,2.3460035,3,,,POINT (2.3460035 48.8346524),21,63,2163
245535448,48.8473776,2.3530932,4,traffic_signals,,POINT (2.3530932 48.8473776),36,66,3666
245924632,48.8360543,2.3495518,3,,,POINT (2.3495518 48.8360543),23,64,2364
245925171,48.8463373,2.3086408,4,,,POINT (2.3086408 48.8463373),35,43,3543
245925191,48.8457462,2.3086272,3,,,POINT (2.3086272 48.8457462),34,43,3443
245925859,48.84695,2.3099783,3,,,POINT (2.3099783 48.84695),36,44,3644
245925860,48.8468096,2.3100594,3,,,POINT (2.3100594 48.8468096),35,44,3544
245925892,48.8468664,2.3099063,3,,,POINT (2.3099063 48.8468664),36,44,3644
245925893,48.8469132,2.3101231,3,,,POINT (2.3101231 48.8469132),36,44,3644
245926115,48.8508231,2.3091109,3,,,POINT (2.3091109 48.8508231),40,43,4043
245926172,48.8501438,2.3099615,1,,,POINT (2.3099615 48.8501438),39,44,3944
245978167,48.8445074,2.3492536,4,,,POINT (2.3492536 48.8445074),33,64,3364
246019613,48.8389206,2.4084566,4,,,POINT (2.4084566 48.8389206),26,95,2695
246019897,48.8413509,2.4048219,3,,,POINT (2.4048219 48.8413509),29,94,2994
246020408,48.8413155,2.4058685,3,,,POINT (2.4058685 48.8413155),29,94,2994
246020494,48.8406684,2.4073794,3,,,POINT (2.4073794 48.8406684),28,95,2895
246144547,48.8356578,2.3483188,4,traffic_signals,,POINT (2.3483188 48.8356578),22,64,2264
246262622,48.8277247,2.3494542,3,,,POINT (2.3494542 48.8277247),13,64,1364
246263427,48.8266709,2.3512488,3,,,POINT (2.3512488 48.8266709),12,65,1265
246263539,48.8268991,2.3511111,3,,,POINT (2.3511111 48.8268991),12,65,1265
246264611,48.8288269,2.3507716,4,,,POINT (2.3507716 48.8288269),15,65,1565
246286541,48.8807311,2.3704177,3,,,POINT (2.3704177 48.8807311),75,75,7575
246286542,48.8806736,2.3728116,3,,,POINT (2.3728116 48.8806736),75,77,7577
246286543,48.8816864,2.3810614,3,,,POINT (2.3810614 48.8816864),76,81,7681
246286547,48.8827424,2.3703062,4,,,POINT (2.3703062 48.8827424),77,75,7775
246286550,48.8814944,2.3700578,4,,,POINT (2.3700578 48.8814944),76,75,7675
246286551,48.88883,2.3788972,3,,,POINT (2.3788972 48.88883),84,80,8480
246286552,48.892308,2.3791234,4,,,POINT (2.3791234 48.892308),88,80,8880
246286553,48.8814274,2.3618773,3,traffic_signals,,POINT (2.3618773 48.8814274),76,71,7671
246552638,48.8397727,2.4138833,4,,,POINT (2.4138833 48.8397727),27,98,2798
246652017,48.8195379,2.3268051,3,,,POINT (2.3268051 48.8195379),4,52,452
246842023,48.8515121,2.3144797,3,,,POINT (2.3144797 48.8515121),41,46,4146
246849044,48.8685383,2.3729074,3,,,POINT (2.3729074 48.8685383),61,77,6177
246849047,48.869116,2.3742691,3,,,POINT (2.3742691 48.869116),61,77,6177
246849049,48.8676223,2.3756268,3,,,POINT (2.3756268 48.8676223),60,78,6078
246849051,48.870153,2.3715364,3,,,POINT (2.3715364 48.870153),63,76,6376
246849056,48.8695158,2.3721001,3,,,POINT (2.3721001 48.8695158),62,76,6276
246998489,48.8215952,2.3539735,1,,,POINT (2.3539735 48.8215952),6,67,667
246998639,48.8247315,2.3536337,3,,,POINT (2.3536337 48.8247315),10,67,1067
246998815,48.8259409,2.352744,3,,,POINT (2.352744 48.8259409),11,66,1166
246999158,48.8244426,2.3489897,3,,,POINT (2.3489897 48.8244426),9,64,964
246999226,48.8253798,2.3470048,3,,,POINT (2.3470048 48.8253798),11,63,1163
246999320,48.825648,2.3451066,3,,,POINT (2.3451066 48.825648),11,62,1162
247039550,48.8212786,2.3426663,5,,,POINT (2.3426663 48.8212786),6,61,661
247039559,48.8211717,2.3411554,3,,,POINT (2.3411554 48.8211717),6,60,660
247040579,48.8191092,2.3487515,2,,,POINT (2.3487515 48.8191092),3,64,364
247040690,48.820976,2.3508028,4,,,POINT (2.3508028 48.820976),5,65,565
247040776,48.8159985,2.3467948,3,,,POINT (2.3467948 48.8159985),0,63,63
247040780,48.8160156,2.3443241,3,,,POINT (2.3443241 48.8160156),0,62,62
247040826,48.820276,2.347947,3,,,POINT (2.347947 48.820276),5,64,564
247040832,48.8196824,2.3500617,3,,,POINT (2.3500617 48.8196824),4,65,465
247040834,48.8206231,2.3494722,4,,,POINT (2.3494722 48.8206231),5,64,564
247040835,48.8206833,2.3494358,3,,,POINT (2.3494358 48.8206833),5,64,564
247060051,48.8203333,2.3540428,3,,,POINT (2.3540428 48.8203333),5,67,567
247060093,48.8208675,2.3549095,4,,,POINT (2.3549095 48.8208675),5,67,567
247074111,48.820823,2.3558406,3,,,POINT (2.3558406 48.820823),5,68,568
247074119,48.8207281,2.3557426,4,,,POINT (2.3557426 48.8207281),5,68,568
247078820,48.8227916,2.3436568,3,,,POINT (2.3436568 48.8227916),8,61,861
247087245,48.8209555,2.3550298,3,,,POINT (2.3550298 48.8209555),5,67,567
247097756,48.8181279,2.3597701,3,,,POINT (2.3597701 48.8181279),2,70,270
247114737,48.8787953,2.3465294,3,,,POINT (2.3465294 48.8787953),73,63,7363
247114746,48.8783315,2.3463528,1,,,POINT (2.3463528 48.8783315),72,63,7263
247188062,48.8485358,2.3536183,3,,,POINT (2.3536183 48.8485358),37,67,3767
247188122,48.8487195,2.3531255,1,,,POINT (2.3531255 48.8487195),38,66,3866
247265116,48.8424082,2.4011143,3,,,POINT (2.4011143 48.8424082),30,92,3092
247265230,48.8423442,2.3978169,3,,,POINT (2.3978169 48.8423442),30,90,3090
247277351,48.8492577,2.4162065,3,,,POINT (2.4162065 48.8492577),38,99,3899
247277761,48.8521068,2.4156947,3,,,POINT (2.4156947 48.8521068),42,99,4299
247277765,48.8542748,2.415334,4,,,POINT (2.415334 48.8542748),44,99,4499
247348743,48.8491498,2.3708928,3,,,POINT (2.3708928 48.8491498),38,76,3876
247350371,48.8461567,2.36818,3,,,POINT (2.36818 48.8461567),35,74,3574
247351078,48.8466116,2.3676082,1,,,POINT (2.3676082 48.8466116),35,74,3574
247352368,48.8702161,2.3972144,3,,,POINT (2.3972144 48.8702161),63,90,6390
247352374,48.8694083,2.3982544,1,,,POINT (2.3982544 48.8694083),62,90,6290
247352879,48.8465932,2.3666168,3,,,POINT (2.3666168 48.8465932),35,73,3573
247352896,48.8464299,2.3668468,4,,,POINT (2.3668468 48.8464299),35,74,3574
247754377,48.8436829,2.3655237,3,,,POINT (2.3655237 48.8436829),32,73,3273
247756542,48.8377138,2.3574164,1,,,POINT (2.3574164 48.8377138),25,69,2569
247757518,48.8363095,2.3580141,3,,,POINT (2.3580141 48.8363095),23,69,2369
247757608,48.8356963,2.3586399,3,,,POINT (2.3586399 48.8356963),23,69,2369
247757845,48.8341093,2.3557204,3,,,POINT (2.3557204 48.8341093),21,68,2168
247803742,48.8441344,2.3788767,3,,,POINT (2.3788767 48.8441344),32,80,3280
247803743,48.8448154,2.3804333,3,,,POINT (2.3804333 48.8448154),33,81,3381
247804696,48.851135,2.3767568,3,,,POINT (2.3767568 48.851135),40,79,4079
247805454,48.8491046,2.4130616,4,,,POINT (2.4130616 48.8491046),38,98,3898
247921252,48.8392582,2.3366624,3,,,POINT (2.3366624 48.8392582),27,58,2758
248107539,48.8331553,2.2776132,3,,,POINT (2.2776132 48.8331553),20,27,2027
248175139,48.8285514,2.2735762,3,,,POINT (2.2735762 48.8285514),14,24,1424
248175283,48.827959,2.2723143,3,,,POINT (2.2723143 48.827959),14,24,1424
248359781,48.8394716,2.3234068,3,,,POINT (2.3234068 48.8394716),27,51,2751
248492214,48.8543166,2.3733325,3,,,POINT (2.3733325 48.8543166),44,77,4477
248494025,48.8505629,2.3731817,3,,,POINT (2.3731817 48.8505629),40,77,4077
248578575,48.8768057,2.4119691,4,,,POINT (2.4119691 48.8768057),70,97,7097
248578580,48.8751674,2.4126762,4,,,POINT (2.4126762 48.8751674),68,98,6898
248578600,48.8772124,2.4101354,3,,,POINT (2.4101354 48.8772124),71,96,7196
248579166,48.8671323,2.4100288,3,,,POINT (2.4100288 48.8671323),59,96,5996
248579168,48.8664959,2.4111601,3,,,POINT (2.4111601 48.8664959),58,97,5897
248579169,48.8664324,2.4101334,3,,,POINT (2.4101334 48.8664324),58,96,5896
248579254,48.8706506,2.4107272,3,,,POINT (2.4107272 48.8706506),63,97,6397
248579256,48.8710728,2.4106946,3,,,POINT (2.4106946 48.8710728),64,97,6497
248579259,48.8678939,2.4109962,3,,,POINT (2.4109962 48.8678939),60,97,6097
248579260,48.8672213,2.4110698,3,,,POINT (2.4110698 48.8672213),59,97,5997
248579338,48.8679202,2.4100738,3,,,POINT (2.4100738 48.8679202),60,96,6096
248579417,48.8691198,2.4099842,3,,,POINT (2.4099842 48.8691198),61,96,6196
248579418,48.8690687,2.4088336,3,,,POINT (2.4088336 48.8690687),61,96,6196
248579442,48.8691853,2.4108707,3,,,POINT (2.4108707 48.8691853),61,97,6197
248579476,48.8730816,2.4133683,4,,,POINT (2.4133683 48.8730816),66,98,6698
248579477,48.8724615,2.41355,3,,,POINT (2.41355 48.8724615),65,98,6598
248581418,48.88591,2.3989023,4,,,POINT (2.3989023 48.88591),81,90,8190
248581536,48.8820103,2.4024945,4,,,POINT (2.4024945 48.8820103),76,92,7692
248581860,48.8810834,2.4017172,3,,,POINT (2.4017172 48.8810834),75,92,7592
248581961,48.8814535,2.4036221,3,,,POINT (2.4036221 48.8814535),76,93,7693
248581964,48.880462,2.4071043,3,,,POINT (2.4071043 48.880462),75,95,7595
248790771,48.8333733,2.3331235,3,,,POINT (2.3331235 48.8333733),20,56,2056
248898682,48.8164844,2.3386644,3,,,POINT (2.3386644 48.8164844),0,59,59
248898684,48.8164436,2.3395287,3,,,POINT (2.3395287 48.8164436),0,59,59
249076470,48.8161943,2.3558387,3,,,POINT (2.3558387 48.8161943),0,68,68
249076486,48.8162107,2.356917,3,,,POINT (2.356917 48.8162107),0,68,68
249076496,48.8160514,2.3601461,3,,,POINT (2.3601461 48.8160514),0,70,70
249168058,48.8526781,2.2949293,3,,,POINT (2.2949293 48.8526781),42,36,4236
249168967,48.8524303,2.294577,1,,,POINT (2.294577 48.8524303),42,35,4235
249483773,48.8968353,2.3100727,4,,,POINT (2.3100727 48.8968353),94,44,9444
249549514,48.834524,2.3133103,3,,,POINT (2.3133103 48.834524),21,45,2145
249549574,48.8339936,2.3123789,1,,,POINT (2.3123789 48.8339936),21,45,2145
249550532,48.8286544,2.3073827,3,traffic_signals,,POINT (2.3073827 48.8286544),14,42,1442
249550533,48.828832,2.3073497,3,,,POINT (2.3073497 48.828832),15,42,1542
249578857,48.8522774,2.2991932,3,,,POINT (2.2991932 48.8522774),42,38,4238
249580370,48.8517413,2.3100583,4,traffic_signals,,POINT (2.3100583 48.8517413),41,44,4144
249580371,48.8502504,2.312368,4,traffic_signals,,POINT (2.312368 48.8502504),39,45,3945
249580373,48.8526416,2.3765727,2,,,POINT (2.3765727 48.8526416),42,79,4279
249580374,48.8524655,2.3768154,3,,,POINT (2.3768154 48.8524655),42,79,4279
249581621,48.8317062,2.3408756,4,traffic_signals,,POINT (2.3408756 48.8317062),18,60,1860
249581622,48.8292285,2.3173183,4,traffic_signals,,POINT (2.3173183 48.8292285),15,47,1547
249624262,48.8438487,2.4153056,3,,,POINT (2.4153056 48.8438487),32,99,3299
249660715,48.8283649,2.3076941,1,,,POINT (2.3076941 48.8283649),14,42,1442
249661774,48.8270582,2.3338093,1,,,POINT (2.3338093 48.8270582),13,56,1356
249661993,48.8260889,2.3345365,3,,,POINT (2.3345365 48.8260889),11,57,1157
249661994,48.8261587,2.3337901,1,,,POINT (2.3337901 48.8261587),11,56,1156
249662080,48.8242428,2.3363051,3,traffic_signals,,POINT (2.3363051 48.8242428),9,57,957
249662085,48.8274313,2.3351116,4,traffic_signals,,POINT (2.3351116 48.8274313),13,57,1357
249662126,48.8301976,2.3348977,3,,,POINT (2.3348977 48.8301976),16,57,1657
249662172,48.8281736,2.3354976,3,,,POINT (2.3354976 48.8281736),14,57,1457
249662175,48.8273727,2.3355134,3,,,POINT (2.3355134 48.8273727),13,57,1357
249662201,48.8281783,2.3348289,3,,,POINT (2.3348289 48.8281783),14,57,1457
249662559,48.833201,2.3354455,3,,,POINT (2.3354455 48.833201),20,57,2057
249662613,48.8319362,2.3346312,3,,,POINT (2.3346312 48.8319362),18,57,1857
249662614,48.8317885,2.3351811,3,,,POINT (2.3351811 48.8317885),18,57,1857
249685109,48.8536752,2.4131875,3,,,POINT (2.4131875 48.8536752),43,98,4398
249685112,48.8532221,2.4124086,3,,,POINT (2.4124086 48.8532221),43,98,4398
249685113,48.8533209,2.4121671,3,,,POINT (2.4121671 48.8533209),43,97,4397
249685212,48.8527796,2.4116294,3,,,POINT (2.4116294 48.8527796),42,97,4297
249685272,48.8513016,2.4118841,4,,,POINT (2.4118841 48.8513016),41,97,4197
249685273,48.8510369,2.412662,3,,,POINT (2.412662 48.8510369),40,98,4098
249685381,48.8499784,2.4128631,3,,,POINT (2.4128631 48.8499784),39,98,3998
249688481,48.8490713,2.4123168,4,,,POINT (2.4123168 48.8490713),38,97,3897
249688483,48.8485878,2.4131617,3,,,POINT (2.4131617 48.8485878),38,98,3898
249689395,48.8587061,2.4147117,3,,,POINT (2.4147117 48.8587061),49,99,4999
249690956,48.8904257,2.3987268,4,traffic_signals,,POINT (2.3987268 48.8904257),86,90,8690
249743390,48.8160287,2.3460242,3,,,POINT (2.3460242 48.8160287),0,63,63
249743393,48.8167746,2.348606,4,,,POINT (2.348606 48.8167746),1,64,164
249743810,48.8167639,2.3337086,3,traffic_signals,,POINT (2.3337086 48.8167639),1,56,156
249875924,48.843481,2.3242686,4,,,POINT (2.3242686 48.843481),32,51,3251
249905951,48.8302753,2.3340437,3,traffic_signals,,POINT (2.3340437 48.8302753),16,56,1656
249907205,48.8332465,2.3364587,3,,,POINT (2.3364587 48.8332465),20,58,2058
249907393,48.8335775,2.3363322,4,traffic_signals,,POINT (2.3363322 48.8335775),20,57,2057
249907398,48.833411,2.3358656,3,,,POINT (2.3358656 48.833411),20,57,2057
249907843,48.8330726,2.3412677,3,,,POINT (2.3412677 48.8330726),19,60,1960
249910847,48.8331134,2.3412772,3,,,POINT (2.3412772 48.8331134),20,60,2060
250217117,48.8698083,2.3405863,3,,,POINT (2.3405863 48.8698083),62,60,6260
250217154,48.8694683,2.3423046,3,,,POINT (2.3423046 48.8694683),62,61,6261
250349330,48.8272003,2.33671,3,,,POINT (2.33671 48.8272003),13,58,1358
250349363,48.8302904,2.3404694,3,,,POINT (2.3404694 48.8302904),16,60,1660
250349381,48.8302846,2.341301,3,,,POINT (2.341301 48.8302846),16,60,1660
250350656,48.8287606,2.342766,3,,,POINT (2.342766 48.8287606),14,61,1461
250524313,48.85138,2.3319045,3,,,POINT (2.3319045 48.85138),41,55,4155
250528509,48.8242024,2.335902,3,traffic_signals,,POINT (2.335902 48.8242024),9,57,957
250549782,48.8269153,2.3386333,3,traffic_signals,,POINT (2.3386333 48.8269153),12,59,1259
250549783,48.824469,2.3383302,3,traffic_signals,,POINT (2.3383302 48.824469),9,59,959
250554259,48.8260728,2.3413669,3,traffic_signals,,POINT (2.3413669 48.8260728),11,60,1160
250554560,48.8252973,2.3415928,3,,,POINT (2.3415928 48.8252973),10,60,1060
250732799,48.8728666,2.3894147,3,,,POINT (2.3894147 48.8728666),66,85,6685
250961821,48.8262262,2.3387495,1,,,POINT (2.3387495 48.8262262),12,59,1259
250963055,48.8246278,2.3415453,3,,,POINT (2.3415453 48.8246278),10,60,1060
251481403,48.8212727,2.32866,3,,,POINT (2.32866 48.8212727),6,53,653
251489815,48.8221178,2.3251445,4,,,POINT (2.3251445 48.8221178),7,52,752
251489823,48.822065,2.3253887,4,,,POINT (2.3253887 48.822065),7,52,752
251489933,48.8230689,2.3253998,4,,,POINT (2.3253998 48.8230689),8,52,852
251490191,48.8216776,2.3266816,3,,,POINT (2.3266816 48.8216776),6,52,652
251510119,48.8356959,2.2897192,3,,,POINT (2.2897192 48.8356959),23,33,2333
251514378,48.8239185,2.3510499,3,,,POINT (2.3510499 48.8239185),9,65,965
251514416,48.8253419,2.3510655,3,,,POINT (2.3510655 48.8253419),11,65,1165
251514417,48.8238993,2.3515333,3,,,POINT (2.3515333 48.8238993),9,65,965
251514419,48.8250483,2.3514797,3,,,POINT (2.3514797 48.8250483),10,65,1065
251516079,48.8256373,2.3538162,3,,,POINT (2.3538162 48.8256373),11,67,1167
251516115,48.8255256,2.3536096,3,,,POINT (2.3536096 48.8255256),11,67,1167
251517019,48.8229777,2.3570311,3,,,POINT (2.3570311 48.8229777),8,68,868
251517029,48.8221379,2.3571698,3,,,POINT (2.3571698 48.8221379),7,68,768
251517488,48.8241306,2.3539542,3,,,POINT (2.3539542 48.8241306),9,67,967
251517578,48.8241395,2.354631,3,,,POINT (2.354631 48.8241395),9,67,967
251517624,48.8241519,2.3554455,3,,,POINT (2.3554455 48.8241519),9,68,968
251517626,48.82318,2.3549234,3,,,POINT (2.3549234 48.82318),8,67,867
251517741,48.8204187,2.3590687,3,,,POINT (2.3590687 48.8204187),5,69,569
251517742,48.8207714,2.3610775,3,,,POINT (2.3610775 48.8207714),5,70,570
251517810,48.8244351,2.3578057,3,,,POINT (2.3578057 48.8244351),9,69,969
251851369,48.8768338,2.3308408,3,,,POINT (2.3308408 48.8768338),70,55,7055
251851370,48.8770876,2.3322283,3,,,POINT (2.3322283 48.8770876),71,55,7155
252214033,48.8661427,2.3793595,3,,,POINT (2.3793595 48.8661427),58,80,5880
252214037,48.8661028,2.3791913,3,,,POINT (2.3791913 48.8661028),58,80,5880
252214038,48.8649023,2.3801612,1,,,POINT (2.3801612 48.8649023),56,81,5681
252258556,48.854377,2.4153146,5,,,POINT (2.4153146 48.854377),44,99,4499
252260939,48.8551478,2.4151924,3,,,POINT (2.4151924 48.8551478),45,99,4599
252659002,48.8230485,2.359391,3,,,POINT (2.359391 48.8230485),8,70,870
252659022,48.8227581,2.3596026,1,,,POINT (2.3596026 48.8227581),8,70,870
252659093,48.8257932,2.3573914,3,,,POINT (2.3573914 48.8257932),11,69,1169
252682717,48.8563832,2.3767796,3,,,POINT (2.3767796 48.8563832),47,79,4779
252682718,48.8547443,2.3781359,3,,,POINT (2.3781359 48.8547443),45,79,4579
252682723,48.854974,2.3778347,3,,,POINT (2.3778347 48.854974),45,79,4579
252682761,48.8538563,2.3784318,3,,,POINT (2.3784318 48.8538563),44,80,4480
252682762,48.8542443,2.3798728,3,,,POINT (2.3798728 48.8542443),44,80,4480
252803355,48.8717294,2.3679296,5,,,POINT (2.3679296 48.8717294),64,74,6474
252805659,48.8696889,2.3700646,3,,,POINT (2.3700646 48.8696889),62,75,6275
252969207,48.8861031,2.3140139,4,,,POINT (2.3140139 48.8861031),81,46,8146
253035664,48.8862258,2.3380292,3,,,POINT (2.3380292 48.8862258),81,58,8158
253045949,48.8869098,2.3370524,1,,,POINT (2.3370524 48.8869098),82,58,8258
253045952,48.8867525,2.336705,1,,,POINT (2.336705 48.8867525),82,58,8258
253046059,48.887271,2.3361056,1,,,POINT (2.3361056 48.887271),82,57,8257
253057775,48.8884859,2.3355041,3,,,POINT (2.3355041 48.8884859),84,57,8457
253057778,48.8881544,2.3346698,1,,,POINT (2.3346698 48.8881544),84,57,8457
253057786,48.8885807,2.3374215,1,,,POINT (2.3374215 48.8885807),84,58,8458
253057804,48.889551,2.3370388,3,traffic_signals,,POINT (2.3370388 48.889551),85,58,8558
253057805,48.8893325,2.3370445,3,,,POINT (2.3370445 48.8893325),85,58,8558
253057807,48.890344,2.3357922,3,,,POINT (2.3357922 48.890344),86,57,8657
253057808,48.8901432,2.3357378,1,,,POINT (2.3357378 48.8901432),86,57,8657
253058139,48.8852031,2.3449177,3,,,POINT (2.3449177 48.8852031),80,62,8062
253059409,48.8890162,2.3381887,3,,,POINT (2.3381887 48.8890162),85,58,8558
253316556,48.8261615,2.3586162,3,,,POINT (2.3586162 48.8261615),11,69,1169
253318696,48.8244247,2.3655088,3,,,POINT (2.3655088 48.8244247),9,73,973
253318732,48.8252822,2.3658721,3,,,POINT (2.3658721 48.8252822),10,73,1073
253318760,48.8257117,2.3671954,3,,,POINT (2.3671954 48.8257117),11,74,1174
253318867,48.8254856,2.3667907,2,,,POINT (2.3667907 48.8254856),11,73,1173
253318996,48.8230056,2.3663575,3,,,POINT (2.3663575 48.8230056),8,73,873
255028751,48.8747828,2.2763386,3,motorway_junction,,POINT (2.2763386 48.8747828),68,26,6826
255028808,48.8841515,2.2855554,3,motorway_junction,,POINT (2.2855554 48.8841515),79,31,7931
255038747,48.8464983,2.3793191,3,traffic_signals,,POINT (2.3793191 48.8464983),35,80,3580
255390542,48.9009929,2.386472,3,,,POINT (2.386472 48.9009929),98,84,9884
255390708,48.9014125,2.3702235,3,,,POINT (2.3702235 48.9014125),99,75,9975
256024828,48.8825608,2.3372261,4,,,POINT (2.3372261 48.8825608),77,58,7758
256409741,48.8624878,2.3780953,3,,,POINT (2.3780953 48.8624878),54,79,5479
256409832,48.8630703,2.376163,3,,,POINT (2.376163 48.8630703),54,78,5478
256409987,48.8634925,2.377256,3,,,POINT (2.377256 48.8634925),55,79,5579
256413458,48.8620778,2.3729443,4,traffic_signals,,POINT (2.3729443 48.8620778),53,77,5377
256414190,48.8624082,2.3737026,3,,,POINT (2.3737026 48.8624082),54,77,5477
256418977,48.8690272,2.3768676,3,,,POINT (2.3768676 48.8690272),61,79,6179
256419065,48.8713818,2.3750754,3,,,POINT (2.3750754 48.8713818),64,78,6478
256578981,48.8688711,2.3725827,3,,,POINT (2.3725827 48.8688711),61,77,6177
256582551,48.8639444,2.3734483,1,,,POINT (2.3734483 48.8639444),55,77,5577
256584613,48.8664096,2.3804832,3,,,POINT (2.3804832 48.8664096),58,81,5881
256586412,48.8667802,2.3739412,3,,,POINT (2.3739412 48.8667802),59,77,5977
256586524,48.8652194,2.3747871,3,,,POINT (2.3747871 48.8652194),57,78,5778
256586525,48.8669352,2.3745361,3,,,POINT (2.3745361 48.8669352),59,78,5978
256587045,48.8680459,2.3784005,4,,,POINT (2.3784005 48.8680459),60,80,6080
256587046,48.8678192,2.3771388,4,,,POINT (2.3771388 48.8678192),60,79,6079
256587051,48.8675122,2.3757349,3,,,POINT (2.3757349 48.8675122),60,78,6078
256587669,48.8666302,2.3673384,3,,,POINT (2.3673384 48.8666302),59,74,5974
256588304,48.8676509,2.3772839,3,,,POINT (2.3772839 48.8676509),60,79,6079
256589459,48.8679492,2.362358,3,traffic_signals,,POINT (2.362358 48.8679492),60,71,6071
256589864,48.8671431,2.3630607,3,,,POINT (2.3630607 48.8671431),59,72,5972
256618356,48.8740278,2.3472723,3,,,POINT (2.3472723 48.8740278),67,63,6763
256618376,48.874904,2.3474273,3,,,POINT (2.3474273 48.874904),68,63,6863
256619150,48.8749195,2.3472279,1,,,POINT (2.3472279 48.8749195),68,63,6863
256697105,48.8667172,2.3692432,3,,,POINT (2.3692432 48.8667172),59,75,5975
256697274,48.8667882,2.3695508,3,,,POINT (2.3695508 48.8667882),59,75,5975
257033087,48.847607,2.3890493,3,,,POINT (2.3890493 48.847607),36,85,3685
257033088,48.848351,2.3795421,1,,,POINT (2.3795421 48.848351),37,80,3780
257033089,48.8482524,2.3805504,3,,,POINT (2.3805504 48.8482524),37,81,3781
257149228,48.8364393,2.3064794,3,,,POINT (2.3064794 48.8364393),23,42,2342
257149229,48.8363917,2.3064234,3,,,POINT (2.3064234 48.8363917),23,42,2342
257149231,48.8362788,2.3065011,3,,,POINT (2.3065011 48.8362788),23,42,2342
257149234,48.8364454,2.3066271,3,,,POINT (2.3066271 48.8364454),23,42,2342
257149237,48.836364,2.3067033,3,,,POINT (2.3067033 48.836364),23,42,2342
257149258,48.8362957,2.3066604,3,,,POINT (2.3066604 48.8362957),23,42,2342
257404555,48.8501701,2.4044663,3,,,POINT (2.4044663 48.8501701),39,93,3993
257686878,48.8180678,2.3597883,3,,,POINT (2.3597883 48.8180678),2,70,270
257686885,48.8180359,2.3603665,4,traffic_signals,,POINT (2.3603665 48.8180359),2,70,270
257686887,48.8190702,2.3609639,3,,,POINT (2.3609639 48.8190702),3,70,370
257686893,48.8180277,2.3627815,3,,,POINT (2.3627815 48.8180277),2,71,271
257688552,48.832925,2.3994406,1,,,POINT (2.3994406 48.832925),19,91,1991
257712586,48.8455474,2.3953815,4,traffic_signals,,POINT (2.3953815 48.8455474),34,89,3489
257712873,48.8352787,2.392795,4,traffic_signals,,POINT (2.392795 48.8352787),22,87,2287
257712913,48.8369553,2.3915328,3,traffic_signals,,POINT (2.3915328 48.8369553),24,87,2487
257936405,48.8555137,2.3857737,1,,,POINT (2.3857737 48.8555137),46,83,4683
257936406,48.8548973,2.3861606,3,,,POINT (2.3861606 48.8548973),45,84,4584
257936407,48.8519354,2.3920062,2,,,POINT (2.3920062 48.8519354),41,87,4187
257936411,48.8522216,2.3923396,1,,,POINT (2.3923396 48.8522216),42,87,4287
257936418,48.8369969,2.3831953,3,,,POINT (2.3831953 48.8369969),24,82,2482
257936424,48.846582,2.3874691,3,,,POINT (2.3874691 48.846582),35,84,3584
257936842,48.8722805,2.2854697,3,,,POINT (2.2854697 48.8722805),65,31,6531
257936957,48.8721852,2.2875849,3,,,POINT (2.2875849 48.8721852),65,32,6532
257937229,48.871489,2.2848688,3,,,POINT (2.2848688 48.871489),64,30,6430
257937341,48.8710271,2.2835771,3,,,POINT (2.2835771 48.8710271),64,30,6430
257937352,48.8708557,2.2850327,3,,,POINT (2.2850327 48.8708557),63,30,6330
257938569,48.8653411,2.275126,3,,,POINT (2.275126 48.8653411),57,25,5725
257938597,48.8644027,2.2746389,4,,,POINT (2.2746389 48.8644027),56,25,5625
257938598,48.8642212,2.2747553,3,,,POINT (2.2747553 48.8642212),56,25,5625
257940602,48.8639065,2.279454,3,,,POINT (2.279454 48.8639065),55,28,5528
258041377,48.8850061,2.394417,3,,,POINT (2.394417 48.8850061),80,88,8088
258041472,48.8854889,2.39549,4,,,POINT (2.39549 48.8854889),80,89,8089
258041473,48.8858588,2.3964111,3,,,POINT (2.3964111 48.8858588),81,89,8189
258044700,48.8838782,2.3947583,3,,,POINT (2.3947583 48.8838782),79,88,7988
258045747,48.8847375,2.3928724,3,,,POINT (2.3928724 48.8847375),80,87,8087
258045863,48.8827023,2.389931,3,,,POINT (2.389931 48.8827023),77,86,7786
258045876,48.8834096,2.3922107,3,,,POINT (2.3922107 48.8834096),78,87,7887
258046141,48.8821357,2.3931494,3,,,POINT (2.3931494 48.8821357),77,87,7787
258046143,48.8820668,2.3928582,3,,,POINT (2.3928582 48.8820668),76,87,7687
258046144,48.8820174,2.3928341,3,,,POINT (2.3928341 48.8820174),76,87,7687
258046145,48.881931,2.3929134,3,,,POINT (2.3929134 48.881931),76,87,7687
258046147,48.8819871,2.3932697,3,,,POINT (2.3932697 48.8819871),76,87,7687
258046853,48.8800111,2.3901676,5,traffic_signals,,POINT (2.3901676 48.8800111),74,86,7486
258047075,48.8825942,2.3904289,3,,,POINT (2.3904289 48.8825942),77,86,7786
258047121,48.8818901,2.3900695,1,,,POINT (2.3900695 48.8818901),76,86,7686
258047126,48.8820417,2.3894079,1,,,POINT (2.3894079 48.8820417),76,85,7685
258047127,48.8820614,2.3895367,1,,,POINT (2.3895367 48.8820614),76,85,7685
258047128,48.8821649,2.3902113,3,,,POINT (2.3902113 48.8821649),77,86,7786
258048145,48.8816703,2.3885226,3,,,POINT (2.3885226 48.8816703),76,85,7685
258048194,48.8806553,2.3882544,3,,,POINT (2.3882544 48.8806553),75,85,7585
258050545,48.88818,2.3796279,3,traffic_signals,,POINT (2.3796279 48.88818),84,80,8480
258050694,48.8887682,2.3808282,3,,,POINT (2.3808282 48.8887682),84,81,8481
258050697,48.889659,2.3825957,3,,,POINT (2.3825957 48.889659),85,82,8582
258050714,48.8901324,2.3835566,3,,,POINT (2.3835566 48.8901324),86,82,8682
258050727,48.8907641,2.384817,3,,,POINT (2.384817 48.8907641),87,83,8783
258064786,48.8840301,2.377859,3,,,POINT (2.377859 48.8840301),79,79,7979
258075599,48.88791,2.3799292,4,,,POINT (2.3799292 48.88791),83,80,8380
258075799,48.8829327,2.3705998,3,,,POINT (2.3705998 48.8829327),77,75,7775
258075961,48.8857408,2.3755687,3,,,POINT (2.3755687 48.8857408),81,78,8178
258075963,48.8864799,2.3770622,3,,,POINT (2.3770622 48.8864799),82,79,8279
258079904,48.8864715,2.3891434,1,,,POINT (2.3891434 48.8864715),82,85,8285
258079905,48.8860268,2.3892875,3,,,POINT (2.3892875 48.8860268),81,85,8185
258126261,48.872387,2.2772343,3,,,POINT (2.2772343 48.872387),65,26,6526
258143696,48.8750155,2.2581825,3,,,POINT (2.2581825 48.8750155),68,16,6816
258146661,48.8792989,2.396417,3,,,POINT (2.396417 48.8792989),73,89,7389
258148183,48.879299,2.3981969,3,,,POINT (2.3981969 48.879299),73,90,7390
258156177,48.8681894,2.292666,3,,,POINT (2.292666 48.8681894),60,34,6034
258156659,48.8680469,2.2931477,4,,,POINT (2.2931477 48.8680469),60,35,6035
258169435,48.8753419,2.4075424,4,,,POINT (2.4075424 48.8753419),69,95,6995
258311984,48.8453668,2.3020551,3,traffic_signals,,POINT (2.3020551 48.8453668),34,39,3439
258352543,48.8321596,2.3885816,3,,,POINT (2.3885816 48.8321596),18,85,1885
258357503,48.8339231,2.4067915,3,,,POINT (2.4067915 48.8339231),20,95,2095
258357588,48.8371969,2.4079169,3,,,POINT (2.4079169 48.8371969),24,95,2495
258360211,48.8437092,2.4099707,3,,,POINT (2.4099707 48.8437092),32,96,3296
258391738,48.8488715,2.4114029,3,,,POINT (2.4114029 48.8488715),38,97,3897
258396880,48.8512251,2.4042775,3,,,POINT (2.4042775 48.8512251),41,93,4193
258396942,48.852179,2.4040296,3,,,POINT (2.4040296 48.852179),42,93,4293
258397253,48.8529942,2.4106062,3,,,POINT (2.4106062 48.8529942),43,97,4397
258402437,48.8585981,2.3984385,1,,,POINT (2.3984385 48.8585981),49,90,4990
258407091,48.8617912,2.4058065,4,traffic_signals,,POINT (2.4058065 48.8617912),53,94,5394
258408623,48.859972,2.4057501,1,,,POINT (2.4057501 48.859972),51,94,5194
258408724,48.8604724,2.4067961,3,,,POINT (2.4067961 48.8604724),51,95,5195
258412355,48.8651331,2.4050484,3,,,POINT (2.4050484 48.8651331),57,94,5794
258416296,48.8699457,2.4068647,3,,,POINT (2.4068647 48.8699457),62,95,6295
258418025,48.8690317,2.4020706,3,,,POINT (2.4020706 48.8690317),61,92,6192
258418134,48.8692268,2.4031204,3,,,POINT (2.4031204 48.8692268),62,93,6293
258418840,48.8711757,2.4046017,3,,,POINT (2.4046017 48.8711757),64,93,6493
258419264,48.8696569,2.4062144,3,,,POINT (2.4062144 48.8696569),62,94,6294
258419504,48.8688095,2.408297,3,,,POINT (2.408297 48.8688095),61,95,6195
258419837,48.8698757,2.4108105,3,,,POINT (2.4108105 48.8698757),62,97,6297
258571925,48.8932695,2.3731164,4,,,POINT (2.3731164 48.8932695),89,77,8977
258573050,48.8929134,2.3729535,3,,,POINT (2.3729535 48.8929134),89,77,8977
258573129,48.8925964,2.374611,3,,,POINT (2.374611 48.8925964),89,78,8978
258573336,48.8918416,2.3724586,3,,,POINT (2.3724586 48.8918416),88,76,8876
258573643,48.8911309,2.3734554,3,,,POINT (2.3734554 48.8911309),87,77,8777
258585914,48.8708795,2.3954194,3,,,POINT (2.3954194 48.8708795),63,89,6389
258590905,48.8734,2.4016478,3,,,POINT (2.4016478 48.8734),66,92,6692
258590908,48.8725479,2.4022039,1,,,POINT (2.4022039 48.8725479),65,92,6592
258675828,48.8605469,2.3861823,3,,,POINT (2.3861823 48.8605469),51,84,5184
258676368,48.8609703,2.3882022,4,,,POINT (2.3882022 48.8609703),52,85,5285
258676899,48.8611455,2.3828514,3,,,POINT (2.3828514 48.8611455),52,82,5282
258677333,48.8616406,2.3847351,3,,,POINT (2.3847351 48.8616406),53,83,5383
258883125,48.8864996,2.3324554,3,crossing,,POINT (2.3324554 48.8864996),82,55,8255
258883257,48.8844196,2.3305441,3,,,POINT (2.3305441 48.8844196),79,54,7954
258883365,48.8853838,2.3310606,1,,,POINT (2.3310606 48.8853838),80,55,8055
259008622,48.8837421,2.3379613,4,,,POINT (2.3379613 48.8837421),78,58,7858
259008648,48.8835282,2.3387876,3,,,POINT (2.3387876 48.8835282),78,59,7859
259021276,48.8730454,2.3235788,3,,,POINT (2.3235788 48.8730454),66,51,6651
259039022,48.8408911,2.4046965,4,,,POINT (2.4046965 48.8408911),29,93,2993
259039136,48.8407975,2.4058587,3,,,POINT (2.4058587 48.8407975),28,94,2894
259262303,48.8276138,2.3796421,3,,,POINT (2.3796421 48.8276138),13,80,1380
259637377,48.8540708,2.3557363,3,,,POINT (2.3557363 48.8540708),44,68,4468
259642673,48.8206737,2.3720385,3,,,POINT (2.3720385 48.8206737),5,76,576
259643630,48.8237952,2.3735279,3,,,POINT (2.3735279 48.8237952),9,77,977
259647309,48.8205404,2.3660278,4,,,POINT (2.3660278 48.8205404),5,73,573
259647896,48.8194684,2.363741,3,,,POINT (2.363741 48.8194684),4,72,472
259648047,48.8202141,2.3660554,3,,,POINT (2.3660554 48.8202141),5,73,573
259648564,48.8183684,2.3635593,3,,,POINT (2.3635593 48.8183684),2,72,272
259691354,48.8799918,2.3154308,4,,,POINT (2.3154308 48.8799918),74,46,7446
259706958,48.8204633,2.3414206,3,,,POINT (2.3414206 48.8204633),5,60,560
259961346,48.8524404,2.4061369,3,,,POINT (2.4061369 48.8524404),42,94,4294
260284445,48.827939,2.2710869,3,,,POINT (2.2710869 48.827939),14,23,1423
260382140,48.8524168,2.331688,3,,,POINT (2.331688 48.8524168),42,55,4255
260418666,48.887175,2.3271552,3,,,POINT (2.3271552 48.887175),82,53,8253
260418670,48.8877782,2.3280677,3,,,POINT (2.3280677 48.8877782),83,53,8353
260418870,48.8874584,2.3270882,3,,,POINT (2.3270882 48.8874584),83,53,8353
260419337,48.8868223,2.3288324,1,,,POINT (2.3288324 48.8868223),82,54,8254
260419617,48.8888068,2.3278694,3,,,POINT (2.3278694 48.8888068),84,53,8453
260419670,48.8896646,2.3286088,3,,,POINT (2.3286088 48.8896646),85,53,8553
260421264,48.894853,2.3355052,3,,,POINT (2.3355052 48.894853),91,57,9157
260423077,48.8887187,2.3318141,4,,,POINT (2.3318141 48.8887187),84,55,8455
260423175,48.8939071,2.3343602,3,,,POINT (2.3343602 48.8939071),90,56,9056
260424537,48.8957754,2.3414987,3,,,POINT (2.3414987 48.8957754),92,60,9260
260425771,48.8950386,2.3278517,3,,,POINT (2.3278517 48.8950386),92,53,9253
260425790,48.8936357,2.3265824,3,,,POINT (2.3265824 48.8936357),90,52,9052
260425918,48.8953477,2.3204864,3,,,POINT (2.3204864 48.8953477),92,49,9249
260425919,48.8950793,2.3212979,3,,,POINT (2.3212979 48.8950793),92,50,9250
260426074,48.8926634,2.3165713,3,,,POINT (2.3165713 48.8926634),89,47,8947
260426336,48.8921107,2.3175403,3,,,POINT (2.3175403 48.8921107),88,48,8848
260426337,48.8936131,2.3186132,3,,,POINT (2.3186132 48.8936131),90,48,9048
260426340,48.893954,2.3175714,3,,,POINT (2.3175714 48.893954),90,48,9048
260426345,48.8933653,2.3171175,3,,,POINT (2.3171175 48.8933653),90,47,9047
260426346,48.8930166,2.3181855,3,,,POINT (2.3181855 48.8930166),89,48,8948
260426348,48.8923754,2.3170771,3,,,POINT (2.3170771 48.8923754),88,47,8847
260426475,48.8931855,2.317668,4,,,POINT (2.317668 48.8931855),89,48,8948
260426476,48.8937798,2.3180877,3,,,POINT (2.3180877 48.8937798),90,48,9048
260426844,48.8929794,2.3160172,3,,,POINT (2.3160172 48.8929794),89,47,8947
260427137,48.8949518,2.3178221,3,,,POINT (2.3178221 48.8949518),91,48,9148
260427149,48.8957352,2.3175266,3,,,POINT (2.3175266 48.8957352),92,48,9248
260427380,48.8943767,2.3156313,3,,,POINT (2.3156313 48.8943767),91,47,9147
260427421,48.894265,2.3150407,3,,,POINT (2.3150407 48.894265),91,46,9146
260434482,48.8847596,2.3131442,3,,,POINT (2.3131442 48.8847596),80,45,8045
260434483,48.8849285,2.3134625,3,,,POINT (2.3134625 48.8849285),80,45,8045
260434493,48.8850245,2.3125363,1,turning_circle,,POINT (2.3125363 48.8850245),80,45,8045
260434525,48.88535,2.3130899,1,turning_circle,,POINT (2.3130899 48.88535),80,45,8045
260434535,48.8848398,2.3132946,3,,,POINT (2.3132946 48.8848398),80,45,8045
260434575,48.8852426,2.3127441,1,,,POINT (2.3127441 48.8852426),80,45,8045
260436255,48.8823123,2.3042348,3,,,POINT (2.3042348 48.8823123),77,41,7741
260453960,48.8818033,2.2910563,3,,,POINT (2.2910563 48.8818033),76,34,7634
260550361,48.8635931,2.3833721,3,,,POINT (2.3833721 48.8635931),55,82,5582
260556892,48.8839468,2.3507856,3,,,POINT (2.3507856 48.8839468),79,65,7965
260557574,48.8844174,2.3486717,3,,,POINT (2.3486717 48.8844174),79,64,7964
260557575,48.8842053,2.3494855,3,,,POINT (2.3494855 48.8842053),79,64,7964
260565201,48.8450571,2.3202841,3,traffic_signals,,POINT (2.3202841 48.8450571),33,49,3349
260566392,48.8805462,2.3193369,3,,,POINT (2.3193369 48.8805462),75,49,7549
260567154,48.88198,2.3205014,4,traffic_signals,,POINT (2.3205014 48.88198),76,49,7649
260567880,48.8773858,2.3148868,3,,,POINT (2.3148868 48.8773858),71,46,7146
260567950,48.8773322,2.3133097,3,,,POINT (2.3133097 48.8773322),71,45,7145
260568406,48.8441726,2.3241659,3,,,POINT (2.3241659 48.8441726),32,51,3251
260588267,48.8598454,2.2794812,3,,,POINT (2.2794812 48.8598454),51,28,5128
260588707,48.8615614,2.2850664,3,,,POINT (2.2850664 48.8615614),53,30,5330
260603682,48.8576041,2.2764777,3,,,POINT (2.2764777 48.8576041),48,26,4826
260603683,48.8576481,2.2747465,4,,,POINT (2.2747465 48.8576481),48,25,4825
260603684,48.8576482,2.2735843,3,,,POINT (2.2735843 48.8576482),48,24,4824
260603725,48.8567645,2.2758906,3,,,POINT (2.2758906 48.8567645),47,26,4726
260603762,48.8566742,2.2754308,1,,,POINT (2.2754308 48.8566742),47,25,4725
260611387,48.84996,2.2656847,3,,,POINT (2.2656847 48.84996),39,20,3920
260611411,48.8494225,2.2664877,3,,,POINT (2.2664877 48.8494225),39,21,3921
260612421,48.8480303,2.2636678,4,,,POINT (2.2636678 48.8480303),37,19,3719
260616987,48.8423934,2.2571462,3,,,POINT (2.2571462 48.8423934),30,16,3016
260617736,48.8403844,2.265464,3,,,POINT (2.265464 48.8403844),28,20,2820
260617738,48.839313,2.2668766,3,,,POINT (2.2668766 48.839313),27,21,2721
260617784,48.8399491,2.2664326,3,,,POINT (2.2664326 48.8399491),27,21,2721
260617791,48.8395965,2.2660964,4,,,POINT (2.2660964 48.8395965),27,20,2720
260617792,48.8389741,2.2655026,2,,,POINT (2.2655026 48.8389741),26,20,2620
260617860,48.836909,2.2615411,3,,,POINT (2.2615411 48.836909),24,18,2418
260617861,48.8381058,2.2632007,3,,,POINT (2.2632007 48.8381058),25,19,2519
260618028,48.8387956,2.2612896,3,,,POINT (2.2612896 48.8387956),26,18,2618
260618029,48.8377806,2.2595711,3,,,POINT (2.2595711 48.8377806),25,17,2517
260618120,48.8371916,2.2595867,3,,,POINT (2.2595867 48.8371916),24,17,2417
260618165,48.8379527,2.2596816,3,,,POINT (2.2596816 48.8379527),25,17,2517
260618312,48.8381773,2.2581939,3,,,POINT (2.2581939 48.8381773),25,16,2516
260618369,48.8392013,2.2614966,3,,,POINT (2.2614966 48.8392013),27,18,2718
260618381,48.8408639,2.2623806,3,,,POINT (2.2623806 48.8408639),29,19,2919
260618395,48.8417046,2.259018,3,,,POINT (2.259018 48.8417046),30,17,3017
260618507,48.8407603,2.2634001,3,,,POINT (2.2634001 48.8407603),28,19,2819
260619222,48.8398995,2.2557429,3,,,POINT (2.2557429 48.8398995),27,15,2715
260619223,48.8397503,2.2557658,3,,,POINT (2.2557658 48.8397503),27,15,2715
260619225,48.8394084,2.2560367,3,,,POINT (2.2560367 48.8394084),27,15,2715
260619226,48.8395131,2.2565215,3,,,POINT (2.2565215 48.8395131),27,15,2715
260619450,48.8386137,2.2554009,3,,,POINT (2.2554009 48.8386137),26,15,2615
260619453,48.8399671,2.2545894,2,traffic_signals,,POINT (2.2545894 48.8399671),28,14,2814
260619455,48.8410697,2.2546409,3,,,POINT (2.2546409 48.8410697),29,14,2914
260619456,48.8415807,2.2547948,3,,,POINT (2.2547948 48.8415807),29,15,2915
260619966,48.8437024,2.2550931,3,,,POINT (2.2550931 48.8437024),32,15,3215
260619967,48.8442846,2.2553554,3,,,POINT (2.2553554 48.8442846),33,15,3315
260620321,48.8479296,2.2602431,3,,,POINT (2.2602431 48.8479296),37,17,3717
260653353,48.8399529,2.2674758,3,,,POINT (2.2674758 48.8399529),27,21,2721
260653438,48.8408648,2.2653012,4,,,POINT (2.2653012 48.8408648),29,20,2920
260653466,48.8399419,2.2670203,4,,,POINT (2.2670203 48.8399419),27,21,2721
260653572,48.8407204,2.2650442,5,,,POINT (2.2650442 48.8407204),28,20,2820
260654567,48.841899,2.2626793,3,,,POINT (2.2626793 48.841899),30,19,3019
260654577,48.8430195,2.2600796,4,traffic_signals,,POINT (2.2600796 48.8430195),31,17,3117
260655137,48.8419926,2.2627624,3,,,POINT (2.2627624 48.8419926),30,19,3019
260655250,48.8414883,2.2638736,4,traffic_signals,,POINT (2.2638736 48.8414883),29,19,2919
260655375,48.8413086,2.2637354,4,traffic_signals,,POINT (2.2637354 48.8413086),29,19,2919
260656204,48.8479173,2.2594718,4,,,POINT (2.2594718 48.8479173),37,17,3717
260656208,48.8453315,2.2584324,4,,,POINT (2.2584324 48.8453315),34,16,3416
260656210,48.844375,2.2587371,3,,,POINT (2.2587371 48.844375),33,17,3317
260656212,48.8435703,2.2593487,4,traffic_signals,,POINT (2.2593487 48.8435703),32,17,3217
260657623,48.8357011,2.2611799,3,,,POINT (2.2611799 48.8357011),23,18,2318
260657625,48.8367126,2.2629115,4,,,POINT (2.2629115 48.8367126),24,19,2419
260657628,48.8377641,2.2627269,3,,,POINT (2.2627269 48.8377641),25,19,2519
260657637,48.8364569,2.2591628,3,,,POINT (2.2591628 48.8364569),23,17,2317
260658130,48.8385408,2.2522278,4,,,POINT (2.2522278 48.8385408),26,13,2613
260658717,48.838182,2.2564005,3,,,POINT (2.2564005 48.838182),25,15,2515
260658944,48.8386937,2.2539642,4,,,POINT (2.2539642 48.8386937),26,14,2614
260658945,48.8386341,2.254637,4,,,POINT (2.254637 48.8386341),26,14,2614
260659177,48.8383531,2.2548329,4,,,POINT (2.2548329 48.8383531),26,15,2615
260659182,48.8413165,2.2541127,3,,,POINT (2.2541127 48.8413165),29,14,2914
260659451,48.8384249,2.2540871,4,,,POINT (2.2540871 48.8384249),26,14,2614
260659502,48.8371122,2.2539513,3,,,POINT (2.2539513 48.8371122),24,14,2414
260659519,48.8367407,2.2544632,3,,,POINT (2.2544632 48.8367407),24,14,2414
260659710,48.8369821,2.2559641,4,,,POINT (2.2559641 48.8369821),24,15,2415
260660322,48.836232,2.258802,3,,,POINT (2.258802 48.836232),23,17,2317
260660323,48.8361663,2.257298,3,,,POINT (2.257298 48.8361663),23,16,2316
260660831,48.8358299,2.2570537,3,,,POINT (2.2570537 48.8358299),23,16,2316
260661668,48.8361567,2.2599613,3,,,POINT (2.2599613 48.8361567),23,17,2317
260663235,48.8405756,2.2661958,3,,,POINT (2.2661958 48.8405756),28,21,2821
260663293,48.8413098,2.2661489,3,,,POINT (2.2661489 48.8413098),29,21,2921
260685981,48.8655582,2.3556747,3,,,POINT (2.3556747 48.8655582),57,68,5768
260688993,48.8738179,2.3567849,3,,,POINT (2.3567849 48.8738179),67,68,6768
260692363,48.8829698,2.3348365,3,,,POINT (2.3348365 48.8829698),77,57,7757
260692394,48.8819959,2.3343679,3,,,POINT (2.3343679 48.8819959),76,56,7656
260693073,48.8800719,2.3306398,3,,,POINT (2.3306398 48.8800719),74,54,7454
260693074,48.8808183,2.3304217,1,,,POINT (2.3304217 48.8808183),75,54,7554
260694385,48.8938039,2.335098,3,,,POINT (2.335098 48.8938039),90,57,9057
260697230,48.8953283,2.3214893,3,,,POINT (2.3214893 48.8953283),92,50,9250
260697442,48.8937535,2.311775,4,,,POINT (2.311775 48.8937535),90,45,9045
260744874,48.8511812,2.3329374,3,traffic_signals,,POINT (2.3329374 48.8511812),41,56,4156
260768281,48.8524277,2.2681401,3,,,POINT (2.2681401 48.8524277),42,22,4222
260800258,48.8796421,2.3677829,3,traffic_signals,,POINT (2.3677829 48.8796421),74,74,7474
260928393,48.8720589,2.3004545,3,,,POINT (2.3004545 48.8720589),65,39,6539
260928395,48.8719099,2.3009226,3,,,POINT (2.3009226 48.8719099),65,39,6539
260928397,48.8710843,2.3035083,3,,,POINT (2.3035083 48.8710843),64,40,6440
262313917,48.8540912,2.3085479,2,,,POINT (2.3085479 48.8540912),44,43,4443
262314301,48.8538401,2.3067954,3,,,POINT (2.3067954 48.8538401),44,42,4442
262809648,48.8560373,2.3272569,2,,,POINT (2.3272569 48.8560373),46,53,4653
262809653,48.8561424,2.3272319,2,,,POINT (2.3272319 48.8561424),46,53,4653
262931591,48.831449,2.2920306,3,,,POINT (2.2920306 48.831449),18,34,1834
263332511,48.8362689,2.3102899,3,,,POINT (2.3102899 48.8362689),23,44,2344
263332699,48.8363863,2.3102434,3,,,POINT (2.3102434 48.8363863),23,44,2344
263332704,48.8363596,2.3100817,3,,,POINT (2.3100817 48.8363596),23,44,2344
264493102,48.8275781,2.362426,3,,,POINT (2.362426 48.8275781),13,71,1371
264494546,48.8699258,2.3279903,5,traffic_signals,,POINT (2.3279903 48.8699258),62,53,6253
264542426,48.8474573,2.2584977,3,,,POINT (2.2584977 48.8474573),36,16,3616
264542727,48.8478664,2.2580158,4,,,POINT (2.2580158 48.8478664),37,16,3716
264543892,48.8483741,2.2489931,3,,,POINT (2.2489931 48.8483741),37,11,3711
264987828,48.8468693,2.3165444,4,,,POINT (2.3165444 48.8468693),36,47,3647
265061959,48.9004756,2.3301992,4,,,POINT (2.3301992 48.9004756),98,54,9854
266586153,48.8201082,2.3646639,3,,,POINT (2.3646639 48.8201082),4,72,472
267104800,48.8472622,2.4160036,4,,,POINT (2.4160036 48.8472622),36,99,3699
267350287,48.8794065,2.353266,3,traffic_signals,,POINT (2.353266 48.8794065),73,66,7366
267379368,48.8992285,2.3401472,4,,,POINT (2.3401472 48.8992285),96,59,9659
267379472,48.8996301,2.3523495,3,,,POINT (2.3523495 48.8996301),97,66,9766
267379812,48.9014381,2.3519722,3,,,POINT (2.3519722 48.9014381),99,66,9966
267380215,48.9013543,2.3480466,3,,,POINT (2.3480466 48.9013543),99,64,9964
267380217,48.9012963,2.3449366,3,,,POINT (2.3449366 48.9012963),99,62,9962
267486796,48.9011547,2.337783,3,,,POINT (2.337783 48.9011547),99,58,9958
267572970,48.898639,2.370504,3,,,POINT (2.370504 48.898639),96,75,9675
267582865,48.8916292,2.3984172,3,,,POINT (2.3984172 48.8916292),88,90,8890
267582866,48.8933874,2.3979667,2,,,POINT (2.3979667 48.8933874),90,90,9090
267583686,48.8892666,2.3948744,3,,,POINT (2.3948744 48.8892666),85,88,8588
268063176,48.8912949,2.3618157,3,,,POINT (2.3618157 48.8912949),87,71,8771
268063475,48.8906918,2.3623039,3,,,POINT (2.3623039 48.8906918),86,71,8671
268105655,48.8701459,2.3505114,3,traffic_signals,,POINT (2.3505114 48.8701459),63,65,6365
268105659,48.8680102,2.3488084,1,,,POINT (2.3488084 48.8680102),60,64,6064
268105667,48.87951,2.357829,3,,,POINT (2.357829 48.87951),73,69,7369
268127165,48.8889392,2.2905815,3,,,POINT (2.2905815 48.8889392),84,33,8433
268140568,48.8875688,2.2877918,3,,,POINT (2.2877918 48.8875688),83,32,8332
268146817,48.8910559,2.2973247,2,,,POINT (2.2973247 48.8910559),87,37,8737
268146884,48.8903246,2.2961426,3,,,POINT (2.2961426 48.8903246),86,36,8636
268146906,48.8894982,2.2971422,3,,,POINT (2.2971422 48.8894982),85,37,8537
268146908,48.8891693,2.2971408,3,,,POINT (2.2971408 48.8891693),85,37,8537
268146910,48.8876098,2.2946682,4,traffic_signals,,POINT (2.2946682 48.8876098),83,36,8336
268146918,48.8893902,2.2975691,3,,,POINT (2.2975691 48.8893902),85,37,8537
268207457,48.8241572,2.3768109,4,,,POINT (2.3768109 48.8241572),9,79,979
268208926,48.8301178,2.3869621,3,,,POINT (2.3869621 48.8301178),16,84,1684
268208927,48.8306792,2.3868024,4,,,POINT (2.3868024 48.8306792),17,84,1784
268209135,48.8323265,2.3909615,3,,,POINT (2.3909615 48.8323265),19,86,1986
268209358,48.8306574,2.3863463,4,,,POINT (2.3863463 48.8306574),17,84,1784
268209359,48.8304675,2.3859268,3,,,POINT (2.3859268 48.8304675),16,84,1684
268209411,48.8304921,2.3865353,4,,,POINT (2.3865353 48.8304921),16,84,1684
268209412,48.830867,2.3860524,3,,,POINT (2.3860524 48.830867),17,84,1784
268209413,48.8330292,2.3833934,3,,,POINT (2.3833934 48.8330292),19,82,1982
268209986,48.8317093,2.3847978,3,,,POINT (2.3847978 48.8317093),18,83,1883
268210114,48.8302664,2.3861765,3,,,POINT (2.3861765 48.8302664),16,84,1684
268210812,48.838959,2.3759346,3,,,POINT (2.3759346 48.838959),26,78,2678
268210833,48.8385569,2.3764984,3,,,POINT (2.3764984 48.8385569),26,79,2679
268210856,48.838375,2.376065,3,,,POINT (2.376065 48.838375),26,78,2678
268210891,48.8406081,2.3737358,3,,,POINT (2.3737358 48.8406081),28,77,2877
268210893,48.838653,2.3757348,4,,,POINT (2.3757348 48.838653),26,78,2678
268211958,48.8431756,2.3710298,4,,,POINT (2.3710298 48.8431756),31,76,3176
268212010,48.8429416,2.3706694,3,,,POINT (2.3706694 48.8429416),31,76,3176
268221739,48.8391924,2.4006644,3,,,POINT (2.4006644 48.8391924),27,91,2791
268221897,48.8382798,2.3991378,3,,,POINT (2.3991378 48.8382798),26,91,2691
268221908,48.8388291,2.4010515,3,,,POINT (2.4010515 48.8388291),26,92,2692
268221926,48.8380996,2.3996271,3,,,POINT (2.3996271 48.8380996),25,91,2591
268222428,48.8379601,2.4100279,3,,,POINT (2.4100279 48.8379601),25,96,2596
268222431,48.8360544,2.4089926,3,,,POINT (2.4089926 48.8360544),23,96,2396
268222433,48.8368714,2.4093729,3,,,POINT (2.4093729 48.8368714),24,96,2496
268222779,48.8329987,2.4044197,3,,,POINT (2.4044197 48.8329987),19,93,1993
268222895,48.8322931,2.4038636,3,,,POINT (2.4038636 48.8322931),19,93,1993
268222898,48.8338538,2.4036293,3,,,POINT (2.4036293 48.8338538),20,93,2093
268223189,48.8307588,2.3993519,3,,,POINT (2.3993519 48.8307588),17,91,1791
268223614,48.8379141,2.4104464,3,,,POINT (2.4104464 48.8379141),25,96,2596
268225883,48.8558987,2.4073664,3,,,POINT (2.4073664 48.8558987),46,95,4695
268225928,48.8554413,2.4078759,1,,,POINT (2.4078759 48.8554413),45,95,4595
268227353,48.8469339,2.4159324,4,,,POINT (2.4159324 48.8469339),36,99,3699
268227835,48.8463091,2.4158009,3,,,POINT (2.4158009 48.8463091),35,99,3599
268227938,48.8440077,2.4143784,4,,,POINT (2.4143784 48.8440077),32,99,3299
268228514,48.8787553,2.4019727,3,,,POINT (2.4019727 48.8787553),73,92,7392
268233039,48.8978553,2.3426808,3,,,POINT (2.3426808 48.8978553),95,61,9561
268233040,48.8978882,2.3443121,4,,,POINT (2.3443121 48.8978882),95,62,9562
268233209,48.8993276,2.3441363,3,traffic_signals,,POINT (2.3441363 48.8993276),97,62,9762
268233245,48.8994664,2.3441317,3,traffic_signals,,POINT (2.3441317 48.8994664),97,62,9762
268233720,48.8982371,2.3383693,3,,,POINT (2.3383693 48.8982371),95,59,9559
268233760,48.899243,2.3407877,3,,,POINT (2.3407877 48.899243),96,60,9660
268233761,48.897961,2.3408592,3,,,POINT (2.3408592 48.897961),95,60,9560
268233890,48.8992748,2.3423571,3,,,POINT (2.3423571 48.8992748),96,61,9661
268233911,48.8972278,2.3379938,3,,,POINT (2.3379938 48.8972278),94,58,9458
268233986,48.9002914,2.3301278,3,,,POINT (2.3301278 48.9002914),98,54,9854
268234011,48.900478,2.334691,3,,,POINT (2.334691 48.900478),98,57,9857
268234027,48.8991175,2.3347679,3,,,POINT (2.3347679 48.8991175),96,57,9657
268234154,48.8988174,2.334352,3,,,POINT (2.334352 48.8988174),96,56,9656
268234194,48.8989761,2.336402,3,traffic_signals,,POINT (2.336402 48.8989761),96,57,9657
268234229,48.898437,2.3358564,3,,,POINT (2.3358564 48.898437),95,57,9557
268234231,48.8984585,2.3368722,3,,,POINT (2.3368722 48.8984585),96,58,9658
268238167,48.897549,2.3289366,4,,,POINT (2.3289366 48.897549),94,54,9454
268238277,48.8983705,2.325609,3,,,POINT (2.325609 48.8983705),95,52,9552
268238283,48.8986821,2.3248312,3,,,POINT (2.3248312 48.8986821),96,51,9651
268238284,48.8988994,2.3248254,3,,,POINT (2.3248254 48.8988994),96,51,9651
268238294,48.8981284,2.3240319,3,,,POINT (2.3240319 48.8981284),95,51,9551
268238825,48.8952262,2.3184717,3,,,POINT (2.3184717 48.8952262),92,48,9248
268259645,48.8823907,2.2832848,3,,,POINT (2.2832848 48.8823907),77,30,7730
268262118,48.8637319,2.2673419,3,,,POINT (2.2673419 48.8637319),55,21,5521
268262120,48.8659607,2.2691869,3,,,POINT (2.2691869 48.8659607),58,22,5822
268262474,48.8627514,2.2671396,3,,,POINT (2.2671396 48.8627514),54,21,5421
268334910,48.8967939,2.3130137,1,,,POINT (2.3130137 48.8967939),94,45,9445
268334914,48.8960641,2.3146314,2,,,POINT (2.3146314 48.8960641),93,46,9346
268399377,48.8348345,2.2552904,3,,,POINT (2.2552904 48.8348345),22,15,2215
268401380,48.8222268,2.3146735,3,,,POINT (2.3146735 48.8222268),7,46,746
268401942,48.8211174,2.3196474,3,,,POINT (2.3196474 48.8211174),6,49,649
268408320,48.8626483,2.3542369,3,traffic_signals,,POINT (2.3542369 48.8626483),54,67,5467
268456606,48.869654,2.3423826,3,,,POINT (2.3423826 48.869654),62,61,6261
268456615,48.8697581,2.3428843,3,,,POINT (2.3428843 48.8697581),62,61,6261
268505799,48.8742718,2.3725896,1,,,POINT (2.3725896 48.8742718),67,77,6777
268669073,48.879794,2.4083565,3,,,POINT (2.4083565 48.879794),74,95,7495
268675130,48.8634834,2.4108343,3,,,POINT (2.4108343 48.8634834),55,97,5597
268685315,48.8607047,2.4027569,3,,,POINT (2.4027569 48.8607047),52,92,5292
268685316,48.8613863,2.4045902,3,,,POINT (2.4045902 48.8613863),52,93,5293
268685381,48.862044,2.4012441,3,,,POINT (2.4012441 48.862044),53,92,5392
268685462,48.861443,2.3992502,3,,,POINT (2.3992502 48.861443),52,91,5291
268685518,48.8616132,2.3998301,3,,,POINT (2.3998301 48.8616132),53,91,5391
268685567,48.8634001,2.3979762,4,,,POINT (2.3979762 48.8634001),55,90,5590
268685568,48.863784,2.3975151,3,,,POINT (2.3975151 48.863784),55,90,5590
268685779,48.8568882,2.3973713,3,,,POINT (2.3973713 48.8568882),47,90,4790
268685791,48.8571536,2.3983673,3,,,POINT (2.3983673 48.8571536),47,90,4790
268971759,48.8626262,2.2654234,4,traffic_signals,,POINT (2.2654234 48.8626262),54,20,5420
269263670,48.848021,2.2469735,3,,,POINT (2.2469735 48.848021),37,10,3710
269264381,48.847998,2.246293,3,,,POINT (2.246293 48.847998),37,10,3710
269266227,48.8485816,2.2433691,3,,,POINT (2.2433691 48.8485816),38,9,3809
269266233,48.848032,2.2436359,3,,,POINT (2.2436359 48.848032),37,9,3709
269266258,48.8520176,2.2540259,3,,,POINT (2.2540259 48.8520176),42,14,4214
269368021,48.8780109,2.294316,3,,,POINT (2.294316 48.8780109),72,35,7235
269368542,48.8779107,2.294505,2,,,POINT (2.294505 48.8779107),72,35,7235
269368543,48.8773105,2.2946017,2,,,POINT (2.2946017 48.8773105),71,35,7135
269373034,48.8783894,2.2892063,3,,,POINT (2.2892063 48.8783894),72,33,7233
269373055,48.8777679,2.2897893,1,,,POINT (2.2897893 48.8777679),71,33,7133
269902782,48.8773002,2.2944384,3,,,POINT (2.2944384 48.8773002),71,35,7135
269903614,48.8792221,2.2958246,3,,,POINT (2.2958246 48.8792221),73,36,7336
270177331,48.8645721,2.3041969,3,,,POINT (2.3041969 48.8645721),56,41,5641
270185008,48.8642053,2.3017817,4,,,POINT (2.3017817 48.8642053),56,39,5639
270185390,48.8622755,2.3015642,5,,,POINT (2.3015642 48.8622755),53,39,5339
270185391,48.8624269,2.3016037,4,,,POINT (2.3016037 48.8624269),54,39,5439
270185394,48.8641686,2.3015474,4,,,POINT (2.3015474 48.8641686),56,39,5639
270186307,48.8638804,2.299106,3,,,POINT (2.299106 48.8638804),55,38,5538
270187712,48.8692827,2.3091716,4,,,POINT (2.3091716 48.8692827),62,43,6243
270235785,48.8895192,2.3837837,3,,,POINT (2.3837837 48.8895192),85,82,8582
270678168,48.8749503,2.3065696,3,,,POINT (2.3065696 48.8749503),68,42,6842
270678185,48.8749303,2.3052656,3,traffic_signals,,POINT (2.3052656 48.8749303),68,41,6841
270678186,48.8749693,2.3059629,4,traffic_signals,,POINT (2.3059629 48.8749693),68,41,6841
270678310,48.8747794,2.3051834,4,,,POINT (2.3051834 48.8747794),68,41,6841
270678320,48.8747998,2.3059711,4,traffic_signals,,POINT (2.3059711 48.8747998),68,41,6841
270678784,48.8758299,2.3033372,3,,,POINT (2.3033372 48.8758299),69,40,6940
270679171,48.8754789,2.3035518,3,,,POINT (2.3035518 48.8754789),69,40,6940
270731274,48.8643711,2.2928693,3,,,POINT (2.2928693 48.8643711),56,35,5635
270731367,48.8640886,2.2931993,3,traffic_signals,,POINT (2.2931993 48.8640886),56,35,5635
270803125,48.8588472,2.2868483,1,,,POINT (2.2868483 48.8588472),49,31,4931
270911061,48.8183401,2.37033,3,,,POINT (2.37033 48.8183401),2,75,275
270918882,48.8702569,2.3009758,3,,,POINT (2.3009758 48.8702569),63,39,6339
270938224,48.8710981,2.2973764,3,traffic_signals,,POINT (2.2973764 48.8710981),64,37,6437
270960794,48.8696936,2.2982388,5,traffic_signals,,POINT (2.2982388 48.8696936),62,37,6237
271080767,48.8756497,2.303767,3,,,POINT (2.303767 48.8756497),69,40,6940
271081455,48.8747704,2.3054573,3,traffic_signals,,POINT (2.3054573 48.8747704),68,41,6841
271418748,48.9010181,2.371714,4,,,POINT (2.371714 48.9010181),98,76,9876
271421300,48.9018949,2.3852,3,,,POINT (2.3852 48.9018949),99,83,9983
271421456,48.9018803,2.3855465,4,,,POINT (2.3855465 48.9018803),99,83,9983
271421457,48.9012851,2.3881796,4,,,POINT (2.3881796 48.9012851),99,85,9985
271421458,48.9011225,2.3893687,4,,,POINT (2.3893687 48.9011225),99,85,9985
271421622,48.8997759,2.3879289,4,,,POINT (2.3879289 48.8997759),97,85,9785
271428199,48.9012373,2.3433354,3,,,POINT (2.3433354 48.9012373),99,61,9961
271428246,48.9011467,2.3374228,3,,,POINT (2.3374228 48.9011467),99,58,9958
271428337,48.9011882,2.3400193,4,,,POINT (2.3400193 48.9011882),99,59,9959
271429950,48.9004616,2.3206806,3,,,POINT (2.3206806 48.9004616),98,49,9849
271447320,48.8741139,2.2553962,3,,,POINT (2.2553962 48.8741139),67,15,6715
271447325,48.8741162,2.2557501,3,,,POINT (2.2557501 48.8741162),67,15,6715
271449285,48.8768262,2.2749206,3,,,POINT (2.2749206 48.8768262),70,25,7025
271449467,48.8760246,2.2774865,3,,,POINT (2.2774865 48.8760246),69,26,6926
271450120,48.8756957,2.2779169,3,,,POINT (2.2779169 48.8756957),69,27,6927
271456740,48.8529297,2.2538584,3,,,POINT (2.2538584 48.8529297),43,14,4314
271456900,48.8481354,2.2580487,5,,,POINT (2.2580487 48.8481354),37,16,3716
271464117,48.8634489,2.2481119,3,,,POINT (2.2481119 48.8634489),55,11,5511
271464244,48.8630617,2.2562302,2,,,POINT (2.2562302 48.8630617),54,15,5415
271468906,48.8648806,2.2490547,3,crossing,,POINT (2.2490547 48.8648806),56,12,5612
272341727,48.8752942,2.2936791,1,,,POINT (2.2936791 48.8752942),69,35,6935
272677541,48.884715,2.3296969,3,,,POINT (2.3296969 48.884715),80,54,8054
272678970,48.88494,2.3267623,3,,,POINT (2.3267623 48.88494),80,52,8052
272685961,48.8809372,2.328628,3,,,POINT (2.328628 48.8809372),75,53,7553
272690532,48.8846512,2.3178587,3,,,POINT (2.3178587 48.8846512),79,48,7948
272694749,48.8814701,2.3160093,3,traffic_signals,,POINT (2.3160093 48.8814701),76,47,7647
272695623,48.8818886,2.3187394,3,,,POINT (2.3187394 48.8818886),76,48,7648
273099306,48.8953931,2.3482309,3,,,POINT (2.3482309 48.8953931),92,64,9264
273099309,48.8956884,2.3475732,3,,,POINT (2.3475732 48.8956884),92,63,9263
273099311,48.8955351,2.3475263,3,,,POINT (2.3475263 48.8955351),92,63,9263
273099312,48.8952471,2.3474241,3,,,POINT (2.3474241 48.8952471),92,63,9263
273099594,48.8946429,2.3506615,3,,,POINT (2.3506615 48.8946429),91,65,9165
273099599,48.8940008,2.3515502,3,,,POINT (2.3515502 48.8940008),90,65,9065
273099632,48.8942265,2.3528628,3,,,POINT (2.3528628 48.8942265),91,66,9166
273100352,48.8926428,2.3523433,3,,,POINT (2.3523433 48.8926428),89,66,8966
273100353,48.8929791,2.3506013,3,,,POINT (2.3506013 48.8929791),89,65,8965
273415577,48.8782006,2.2978077,3,,,POINT (2.2978077 48.8782006),72,37,7237
273415600,48.8779316,2.2974049,3,traffic_signals,,POINT (2.2974049 48.8779316),72,37,7237
273416715,48.8807325,2.3000972,3,,,POINT (2.3000972 48.8807325),75,38,7538
273418095,48.881273,2.2962071,1,,,POINT (2.2962071 48.881273),76,36,7636
273439558,48.8690301,2.3717415,3,,,POINT (2.3717415 48.8690301),61,76,6176
273439579,48.8682322,2.3716412,3,,,POINT (2.3716412 48.8682322),60,76,6076
273443457,48.8775258,2.3304952,3,,,POINT (2.3304952 48.8775258),71,54,7154
273444307,48.8777215,2.3315215,3,,,POINT (2.3315215 48.8777215),71,55,7155
273444308,48.8770281,2.3318306,2,,,POINT (2.3318306 48.8770281),71,55,7155
273444340,48.8776105,2.3309402,3,,,POINT (2.3309402 48.8776105),71,55,7155
273444341,48.8769139,2.3312465,2,,,POINT (2.3312465 48.8769139),70,55,7055
273692324,48.8895872,2.3262657,3,,,POINT (2.3262657 48.8895872),85,52,8552
273692604,48.8904431,2.3265511,3,,,POINT (2.3265511 48.8904431),86,52,8652
273692759,48.8880152,2.3257417,3,,,POINT (2.3257417 48.8880152),83,52,8352
273694952,48.8906554,2.3266221,3,,,POINT (2.3266221 48.8906554),86,52,8652
273698839,48.8934006,2.3275691,3,,,POINT (2.3275691 48.8934006),90,53,9053
273699629,48.8916115,2.3269665,3,,,POINT (2.3269665 48.8916115),88,53,8853
273700081,48.8913296,2.326868,4,traffic_signals,,POINT (2.326868 48.8913296),87,52,8752
275698678,48.8413917,2.2549304,4,,,POINT (2.2549304 48.8413917),29,15,2915
275698801,48.8414718,2.2561069,3,,,POINT (2.2561069 48.8414718),29,15,2915
276922155,48.8569037,2.2844234,3,,,POINT (2.2844234 48.8569037),47,30,4730
276973213,48.823469,2.3090903,3,,,POINT (2.3090903 48.823469),8,43,843
277061719,48.8551908,2.2844136,3,,,POINT (2.2844136 48.8551908),45,30,4530
277061731,48.855433,2.2839892,1,,,POINT (2.2839892 48.855433),45,30,4530
277062589,48.8545341,2.2831663,4,,,POINT (2.2831663 48.8545341),44,29,4429
277062812,48.8546999,2.2833249,3,,,POINT (2.2833249 48.8546999),45,30,4530
277063521,48.8542564,2.2795651,1,,,POINT (2.2795651 48.8542564),44,28,4428
277426923,48.823927,2.3069929,4,,,POINT (2.3069929 48.823927),9,42,942
277518683,48.8808474,2.3125429,4,,,POINT (2.3125429 48.8808474),75,45,7545
277519548,48.8804037,2.30909,3,traffic_signals,,POINT (2.30909 48.8804037),75,43,7543
277519550,48.8803677,2.3088528,3,traffic_signals,,POINT (2.3088528 48.8803677),74,43,7443
277534403,48.8754162,2.3592212,3,,,POINT (2.3592212 48.8754162),69,70,6970
277541106,48.8341933,2.410732,5,,,POINT (2.410732 48.8341933),21,97,2197
277562319,48.8307325,2.333864,3,,,POINT (2.333864 48.8307325),17,56,1756
277562322,48.8306632,2.3344321,3,,,POINT (2.3344321 48.8306632),17,56,1756
277586281,48.8982605,2.3525065,4,,,POINT (2.3525065 48.8982605),95,66,9566
277586284,48.8984463,2.3524852,4,,,POINT (2.3524852 48.8984463),95,66,9566
277587679,48.8899579,2.3625281,3,,,POINT (2.3625281 48.8899579),86,71,8671
277614017,48.8988746,2.3832761,4,,,POINT (2.3832761 48.8988746),96,82,9682
277614019,48.898191,2.3860098,4,,,POINT (2.3860098 48.898191),95,84,9584
277624640,48.8546262,2.4121451,2,,,POINT (2.4121451 48.8546262),45,97,4597
277743793,48.8582544,2.302556,1,,,POINT (2.302556 48.8582544),49,40,4940
280075369,48.874697,2.3286564,1,,,POINT (2.3286564 48.874697),68,53,6853
280189496,48.8354709,2.2716603,3,motorway_junction,,POINT (2.2716603 48.8354709),22,23,2223
280246014,48.8802517,2.3536377,2,,,POINT (2.3536377 48.8802517),74,67,7467
280429251,48.8855032,2.3977668,3,motorway_junction,,POINT (2.3977668 48.8855032),80,90,8090
280429481,48.8891593,2.3968171,3,,,POINT (2.3968171 48.8891593),85,89,8589
280462687,48.8672523,2.3337634,3,traffic_signals,,POINT (2.3337634 48.8672523),59,56,5956
280692710,48.8921828,2.323503,3,,,POINT (2.323503 48.8921828),88,51,8851
280938073,48.8656252,2.2757945,4,traffic_signals,,POINT (2.2757945 48.8656252),57,26,5726
280938176,48.8657184,2.2760138,3,traffic_signals,,POINT (2.2760138 48.8657184),57,26,5726
281004349,48.896262,2.3222042,3,,,POINT (2.3222042 48.896262),93,50,9350
281008159,48.8964645,2.321634,1,,,POINT (2.321634 48.8964645),93,50,9350
281675747,48.8311034,2.2829836,3,,,POINT (2.2829836 48.8311034),17,29,1729
281709257,48.8728299,2.3310918,4,,,POINT (2.3310918 48.8728299),66,55,6655
281709258,48.8729564,2.3315473,3,,,POINT (2.3315473 48.8729564),66,55,6655
281722286,48.8808104,2.3037084,3,,,POINT (2.3037084 48.8808104),75,40,7540
281722287,48.8815442,2.3021129,3,,,POINT (2.3021129 48.8815442),76,39,7639
281731186,48.8389251,2.2888725,1,,,POINT (2.2888725 48.8389251),26,32,2632
281731191,48.8387278,2.289496,3,,,POINT (2.289496 48.8387278),26,33,2633
281774765,48.8589838,2.2931691,4,,,POINT (2.2931691 48.8589838),50,35,5035
281774796,48.8589028,2.2932832,3,,,POINT (2.2932832 48.8589028),50,35,5035
282187576,48.8593916,2.3406436,3,,,POINT (2.3406436 48.8593916),50,60,5060
283555978,48.8551242,2.353045,3,,,POINT (2.353045 48.8551242),45,66,4566
286994763,48.8427262,2.3026215,3,traffic_signals,,POINT (2.3026215 48.8427262),31,40,3140
287541857,48.8350185,2.3462413,3,traffic_signals,,POINT (2.3462413 48.8350185),22,63,2263
287541859,48.8350578,2.3464079,4,traffic_signals,,POINT (2.3464079 48.8350578),22,63,2263
287609934,48.8747839,2.4048043,3,,,POINT (2.4048043 48.8747839),68,93,6893
287609935,48.8754307,2.4027785,3,,,POINT (2.4027785 48.8754307),69,92,6992
287609936,48.8756423,2.4038811,2,turning_circle,,POINT (2.4038811 48.8756423),69,93,6993
287609937,48.876295,2.4036404,3,traffic_signals,,POINT (2.4036404 48.876295),70,93,7093
287617535,48.8757019,2.4059732,3,,,POINT (2.4059732 48.8757019),69,94,6994
287617536,48.8759258,2.4072526,3,,,POINT (2.4072526 48.8759258),69,95,6995
287620141,48.8732977,2.4012769,3,,,POINT (2.4012769 48.8732977),66,92,6692
288157894,48.8535461,2.4058563,3,,,POINT (2.4058563 48.8535461),43,94,4394
288157895,48.8532952,2.4051952,1,,,POINT (2.4051952 48.8532952),43,94,4394
289386181,48.8201969,2.3332824,1,,,POINT (2.3332824 48.8201969),5,56,556
289386183,48.8213164,2.3338166,4,traffic_signals,,POINT (2.3338166 48.8213164),6,56,656
289410803,48.8546214,2.2666818,1,,,POINT (2.2666818 48.8546214),45,21,4521
289410804,48.85496,2.2657307,3,,,POINT (2.2657307 48.85496),45,20,4520
289568129,48.8689332,2.3587875,1,,,POINT (2.3587875 48.8689332),61,69,6169
290757022,48.8583642,2.4007074,3,,,POINT (2.4007074 48.8583642),49,91,4991
291587077,48.8747195,2.2789465,3,traffic_signals,,POINT (2.2789465 48.8747195),68,27,6827
291590185,48.8748043,2.2840214,3,traffic_signals,,POINT (2.2840214 48.8748043),68,30,6830
291593040,48.87297,2.2844999,4,,,POINT (2.2844999 48.87297),66,30,6630
291593327,48.8731206,2.2839555,3,,,POINT (2.2839555 48.8731206),66,30,6630
291982215,48.8640367,2.4132319,3,,,POINT (2.4132319 48.8640367),55,98,5598
292873769,48.8716509,2.2911606,1,,,POINT (2.2911606 48.8716509),64,34,6434
292881410,48.8740764,2.2981687,3,,,POINT (2.2981687 48.8740764),67,37,6737
294062329,48.8374146,2.3980942,3,,,POINT (2.3980942 48.8374146),25,90,2590
294062367,48.8367822,2.3989583,1,,,POINT (2.3989583 48.8367822),24,90,2490
294282580,48.8499713,2.3981803,3,,,POINT (2.3981803 48.8499713),39,90,3990
294939484,48.8462609,2.4081453,3,,,POINT (2.4081453 48.8462609),35,95,3595
294939581,48.8462949,2.4081906,3,,,POINT (2.4081906 48.8462949),35,95,3595
295135510,48.8554335,2.2634266,3,,,POINT (2.2634266 48.8554335),45,19,4519
295135550,48.8546633,2.2629306,3,,,POINT (2.2629306 48.8546633),45,19,4519
295135707,48.8548701,2.2629987,3,,,POINT (2.2629987 48.8548701),45,19,4519
295136206,48.8552294,2.2632312,3,,,POINT (2.2632312 48.8552294),45,19,4519
295137123,48.8526707,2.2616612,3,traffic_signals,,POINT (2.2616612 48.8526707),42,18,4218
295147841,48.8497726,2.2666761,3,,,POINT (2.2666761 48.8497726),39,21,3921
295330571,48.8606661,2.2823526,3,,,POINT (2.2823526 48.8606661),52,29,5229
295330628,48.8612661,2.2830136,3,,,POINT (2.2830136 48.8612661),52,29,5229
295341567,48.883906,2.3689318,3,,,POINT (2.3689318 48.883906),79,75,7975
296970241,48.8634846,2.2689015,3,,,POINT (2.2689015 48.8634846),55,22,5522
296970563,48.8631767,2.268433,4,,,POINT (2.268433 48.8631767),54,22,5422
296970902,48.8615244,2.2673538,3,,,POINT (2.2673538 48.8615244),53,21,5321
296971444,48.8627136,2.2674337,3,,,POINT (2.2674337 48.8627136),54,21,5421
296971484,48.8623033,2.2678188,3,,,POINT (2.2678188 48.8623033),53,21,5321
296972814,48.861962,2.2675916,3,,,POINT (2.2675916 48.861962),53,21,5321
297205552,48.8811376,2.2971584,3,,,POINT (2.2971584 48.8811376),75,37,7537
297205590,48.8815753,2.2981856,3,,,POINT (2.2981856 48.8815753),76,37,7637
297208404,48.8829176,2.2993467,3,,,POINT (2.2993467 48.8829176),77,38,7738
297208421,48.8832728,2.3001093,1,,,POINT (2.3001093 48.8832728),78,38,7838
297707357,48.8515526,2.2706054,1,,,POINT (2.2706054 48.8515526),41,23,4123
297709641,48.8506333,2.2711285,3,,,POINT (2.2711285 48.8506333),40,23,4023
297710609,48.8523689,2.2714595,3,,,POINT (2.2714595 48.8523689),42,23,4223
297710644,48.8527837,2.27219,3,,,POINT (2.27219 48.8527837),42,24,4224
297890747,48.843176,2.267328,1,,,POINT (2.267328 48.843176),31,21,3121
297890754,48.8426204,2.2686832,3,,,POINT (2.2686832 48.8426204),31,22,3122
297891353,48.8432591,2.2675978,1,,,POINT (2.2675978 48.8432591),31,21,3121
297891377,48.8431196,2.2674654,3,,,POINT (2.2674654 48.8431196),31,21,3121
299014749,48.8771474,2.2844348,3,,,POINT (2.2844348 48.8771474),71,30,7130
299017904,48.8748275,2.2917343,3,,,POINT (2.2917343 48.8748275),68,34,6834
299018405,48.8752303,2.2904686,3,,,POINT (2.2904686 48.8752303),69,33,6933
299269061,48.8788966,2.3367316,3,,,POINT (2.3367316 48.8788966),73,58,7358
299270133,48.8796302,2.3406872,1,,,POINT (2.3406872 48.8796302),74,60,7460
299270134,48.8797579,2.3401748,3,,,POINT (2.3401748 48.8797579),74,59,7459
299271453,48.8811236,2.3425309,4,,,POINT (2.3425309 48.8811236),75,61,7561
299271587,48.8807701,2.3406975,3,,,POINT (2.3406975 48.8807701),75,60,7560
301368419,48.8851587,2.3092717,1,,,POINT (2.3092717 48.8851587),80,43,8043
301368420,48.8856153,2.31005,3,,,POINT (2.31005 48.8856153),81,44,8144
301368539,48.8863441,2.3126482,3,,,POINT (2.3126482 48.8863441),81,45,8145
302576347,48.8775846,2.3581338,1,turning_circle,,POINT (2.3581338 48.8775846),71,69,7169
303069549,48.8825906,2.2954446,1,,,POINT (2.2954446 48.8825906),77,36,7736
303069550,48.8821887,2.2945207,3,,,POINT (2.2945207 48.8821887),77,35,7735
303073294,48.8851324,2.2928955,1,,,POINT (2.2928955 48.8851324),80,35,8035
303073601,48.8847671,2.2932945,1,,,POINT (2.2932945 48.8847671),80,35,8035
303073603,48.8850512,2.2938133,3,,,POINT (2.2938133 48.8850512),80,35,8035
303074238,48.8861038,2.2948039,3,,,POINT (2.2948039 48.8861038),81,36,8136
303074688,48.8853932,2.2936887,3,,,POINT (2.2936887 48.8853932),80,35,8035
303290628,48.8927805,2.3045949,1,,,POINT (2.3045949 48.8927805),89,41,8941
303478451,48.8506553,2.2702638,1,,,POINT (2.2702638 48.8506553),40,23,4023
303479165,48.8477745,2.2726086,2,,,POINT (2.2726086 48.8477745),37,24,3724
303481207,48.8511256,2.2679136,3,,,POINT (2.2679136 48.8511256),40,21,4021
303481227,48.8514515,2.2676071,3,,,POINT (2.2676071 48.8514515),41,21,4121
303547554,48.8865383,2.3114016,3,,,POINT (2.3114016 48.8865383),82,44,8244
303547826,48.8873708,2.3102515,1,,,POINT (2.3102515 48.8873708),83,44,8344
303547827,48.887845,2.3108951,3,,,POINT (2.3108951 48.887845),83,44,8344
303548480,48.8897643,2.3087111,1,turning_circle,,POINT (2.3087111 48.8897643),85,43,8543
303548849,48.8901171,2.3070103,1,,,POINT (2.3070103 48.8901171),86,42,8642
303549693,48.8871238,2.3137958,3,,,POINT (2.3137958 48.8871238),82,46,8246
304488202,48.8420335,2.3199216,3,,,POINT (2.3199216 48.8420335),30,49,3049
304488236,48.8417196,2.3188563,3,,,POINT (2.3188563 48.8417196),30,48,3048
304488238,48.8415758,2.3189563,3,,,POINT (2.3189563 48.8415758),29,48,2948
305102274,48.8543939,2.2702941,3,,,POINT (2.2702941 48.8543939),44,23,4423
305102761,48.852725,2.2663995,1,,,POINT (2.2663995 48.852725),42,21,4221
305102762,48.8531287,2.26695,3,,,POINT (2.26695 48.8531287),43,21,4321
305161974,48.8454311,2.2545277,3,,,POINT (2.2545277 48.8454311),34,14,3414
305162140,48.8454301,2.2549757,3,,,POINT (2.2549757 48.8454301),34,15,3415
305162553,48.84365,2.2553399,3,,,POINT (2.2553399 48.84365),32,15,3215
305162554,48.8442299,2.2555827,3,,,POINT (2.2555827 48.8442299),32,15,3215
305162657,48.8444034,2.2570786,3,,,POINT (2.2570786 48.8444034),33,16,3316
305162663,48.8429539,2.2563371,3,,,POINT (2.2563371 48.8429539),31,15,3115
305165592,48.8409865,2.2551222,3,,,POINT (2.2551222 48.8409865),29,15,2915
305174463,48.8480983,2.2640674,4,traffic_signals,,POINT (2.2640674 48.8480983),37,19,3719
305176124,48.8487914,2.2659285,3,,,POINT (2.2659285 48.8487914),38,20,3820
305176130,48.8489346,2.2658112,3,,,POINT (2.2658112 48.8489346),38,20,3820
305200127,48.8772488,2.2705081,4,,,POINT (2.2705081 48.8772488),71,23,7123
305200133,48.8775788,2.2703221,3,,,POINT (2.2703221 48.8775788),71,23,7123
305208580,48.8724855,2.2962201,4,traffic_signals,,POINT (2.2962201 48.8724855),65,36,6536
305216658,48.8632055,2.2682626,3,,,POINT (2.2682626 48.8632055),55,22,5522
305218809,48.8626236,2.2680075,5,,,POINT (2.2680075 48.8626236),54,21,5421
305343382,48.8610201,2.267018,3,,,POINT (2.267018 48.8610201),52,21,5221
305344039,48.8654634,2.2705426,3,,,POINT (2.2705426 48.8654634),57,23,5723
305344071,48.8665368,2.2715277,3,,,POINT (2.2715277 48.8665368),58,23,5823
305344287,48.8686667,2.273351,3,,,POINT (2.273351 48.8686667),61,24,6124
305344554,48.8652164,2.2704075,3,,,POINT (2.2704075 48.8652164),57,23,5723
305344557,48.8655275,2.2706639,3,,,POINT (2.2706639 48.8655275),57,23,5723
305916436,48.8475486,2.2686603,3,,,POINT (2.2686603 48.8475486),36,22,3622
305917913,48.8453132,2.2669561,4,,,POINT (2.2669561 48.8453132),34,21,3421
305917914,48.845133,2.2663251,3,,,POINT (2.2663251 48.845133),34,21,3421
305918252,48.8455295,2.2671674,3,,,POINT (2.2671674 48.8455295),34,21,3421
305921330,48.8424295,2.2616836,3,,,POINT (2.2616836 48.8424295),30,18,3018
305921509,48.8423187,2.2616125,3,,,POINT (2.2616125 48.8423187),30,18,3018
305955593,48.8363353,2.2568939,3,,,POINT (2.2568939 48.8363353),23,16,2316
305982416,48.8373895,2.2796078,3,,,POINT (2.2796078 48.8373895),25,28,2528
305982731,48.8366751,2.2792587,3,,,POINT (2.2792587 48.8366751),24,27,2427
306087402,48.8364863,2.2559682,4,,,POINT (2.2559682 48.8364863),23,15,2315
306087465,48.8363386,2.2563189,4,,,POINT (2.2563189 48.8363386),23,15,2315
306090614,48.8457532,2.3726081,3,traffic_signals,,POINT (2.3726081 48.8457532),34,77,3477
306091711,48.8458546,2.3741947,5,,,POINT (2.3741947 48.8458546),34,77,3477
306092060,48.8456737,2.3726421,3,,,POINT (2.3726421 48.8456737),34,77,3477
306507366,48.8878987,2.3470769,3,,,POINT (2.3470769 48.8878987),83,63,8363
306507385,48.887418,2.3462872,1,,,POINT (2.3462872 48.887418),83,63,8363
306598639,48.8494575,2.4065187,3,,,POINT (2.4065187 48.8494575),39,94,3994
306598642,48.8494342,2.4050688,3,,,POINT (2.4050688 48.8494342),39,94,3994
308247298,48.8203761,2.3254365,3,,,POINT (2.3254365 48.8203761),5,52,552
308247454,48.8202529,2.3257189,4,,,POINT (2.3257189 48.8202529),5,52,552
308768742,48.8573034,2.2859717,3,,,POINT (2.2859717 48.8573034),48,31,4831
308768760,48.8569256,2.2863602,1,,,POINT (2.2863602 48.8569256),47,31,4731
310348609,48.8514649,2.2782418,4,,,POINT (2.2782418 48.8514649),41,27,4127
310348773,48.8542789,2.2832686,3,,,POINT (2.2832686 48.8542789),44,30,4430
310350260,48.8513802,2.2880685,3,,,POINT (2.2880685 48.8513802),41,32,4132
310350370,48.8505242,2.2869311,4,,,POINT (2.2869311 48.8505242),40,31,4031
310754378,48.8519392,2.2886692,3,,,POINT (2.2886692 48.8519392),41,32,4132
311068430,48.8429574,2.2987459,3,,,POINT (2.2987459 48.8429574),31,38,3138
311723525,48.8620732,2.2867151,3,,,POINT (2.2867151 48.8620732),53,31,5331
311723687,48.8625029,2.2868814,3,,,POINT (2.2868814 48.8625029),54,31,5431
311724134,48.8624057,2.2867879,3,,,POINT (2.2867879 48.8624057),54,31,5431
313122759,48.8456828,2.3019817,3,,,POINT (2.3019817 48.8456828),34,39,3439
313127563,48.8488677,2.3390503,3,traffic_signals,,POINT (2.3390503 48.8488677),38,59,3859
313775090,48.8278599,2.3049314,3,,,POINT (2.3049314 48.8278599),13,41,1341
313775093,48.8277764,2.3046791,3,,,POINT (2.3046791 48.8277764),13,41,1341
314312347,48.8699684,2.3233484,3,,,POINT (2.3233484 48.8699684),62,51,6251
314321163,48.8728064,2.3265016,3,,,POINT (2.3265016 48.8728064),66,52,6652
314328652,48.870699,2.3228398,3,,,POINT (2.3228398 48.870699),63,50,6350
315124592,48.8462261,2.2794162,3,,,POINT (2.2794162 48.8462261),35,27,3527
315125577,48.8488877,2.2867485,1,mini_roundabout,,POINT (2.2867485 48.8488877),38,31,3831
315125971,48.8452797,2.2957062,1,,,POINT (2.2957062 48.8452797),34,36,3436
315275231,48.8809268,2.2813104,3,,,POINT (2.2813104 48.8809268),75,28,7528
315275265,48.8806273,2.2810489,3,,,POINT (2.2810489 48.8806273),75,28,7528
315275869,48.8836949,2.2844696,3,motorway_junction,,POINT (2.2844696 48.8836949),78,30,7830
315296216,48.8807509,2.2819018,3,motorway_junction,,POINT (2.2819018 48.8807509),75,29,7529
315296243,48.8781282,2.2800893,3,,,POINT (2.2800893 48.8781282),72,28,7228
315304259,48.8763229,2.2749746,3,,,POINT (2.2749746 48.8763229),70,25,7025
315791938,48.8478117,2.2575639,3,,,POINT (2.2575639 48.8478117),37,16,3716
316031274,48.8479933,2.2573334,4,,,POINT (2.2573334 48.8479933),37,16,3716
316031275,48.8479542,2.2567498,3,,,POINT (2.2567498 48.8479542),37,16,3716
316032464,48.8479746,2.2525691,3,,,POINT (2.2525691 48.8479746),37,13,3713
316032465,48.8479617,2.2545508,3,,,POINT (2.2545508 48.8479617),37,14,3714
316032613,48.8480819,2.253106,4,,,POINT (2.253106 48.8480819),37,14,3714
316032958,48.8480769,2.2538087,4,,,POINT (2.2538087 48.8480769),37,14,3714
316032967,48.8479556,2.2536839,3,,,POINT (2.2536839 48.8479556),37,14,3714
316033100,48.8482813,2.2529075,3,,,POINT (2.2529075 48.8482813),37,14,3714
316033106,48.8479573,2.253237,3,,,POINT (2.253237 48.8479573),37,14,3714
316033107,48.8480484,2.2528633,3,,,POINT (2.2528633 48.8480484),37,14,3714
317089169,48.8246073,2.3404077,1,,,POINT (2.3404077 48.8246073),10,60,1060
317716023,48.8443847,2.3328866,3,,,POINT (2.3328866 48.8443847),33,56,3356
317912801,48.89232,2.3171735,3,traffic_signals,,POINT (2.3171735 48.89232),88,47,8847
318303215,48.83457,2.26695,4,traffic_signals,,POINT (2.26695 48.83457),21,21,2121
318378365,48.90101,2.3317799,3,,,POINT (2.3317799 48.90101),98,55,9855
318378366,48.9010006,2.3311361,3,,,POINT (2.3311361 48.9010006),98,55,9855
318378367,48.9009543,2.3301256,6,traffic_signals,,POINT (2.3301256 48.9009543),98,54,9854
319152785,48.8838672,2.2823148,3,,,POINT (2.2823148 48.8838672),79,29,7929
319152794,48.8835768,2.2819028,3,,,POINT (2.2819028 48.8835768),78,29,7829
319500628,48.8730174,2.3376604,3,,,POINT (2.3376604 48.8730174),66,58,6658
319672907,48.8805947,2.2857842,3,,,POINT (2.2857842 48.8805947),75,31,7531
319672913,48.8806358,2.2853436,4,,,POINT (2.2853436 48.8806358),75,31,7531
319673158,48.880856,2.2841568,5,,,POINT (2.2841568 48.880856),75,30,7530
319673160,48.8810299,2.2843728,4,,,POINT (2.2843728 48.8810299),75,30,7530
319713840,48.8950511,2.3058553,3,,,POINT (2.3058553 48.8950511),92,41,9241
319714968,48.896312,2.3086972,3,,,POINT (2.3086972 48.896312),93,43,9343
320153255,48.9004882,2.3354861,4,,,POINT (2.3354861 48.9004882),98,57,9857
320153268,48.9011009,2.3351882,4,,,POINT (2.3351882 48.9011009),99,57,9957
320153282,48.9010893,2.3350398,4,,,POINT (2.3350398 48.9010893),99,57,9957
320153314,48.9006803,2.3440401,4,,,POINT (2.3440401 48.9006803),98,62,9862
320153318,48.9003505,2.34413,3,,,POINT (2.34413 48.9003505),98,62,9862
320153321,48.9012392,2.3442466,4,,,POINT (2.3442466 48.9012392),99,62,9962
320153326,48.9012352,2.3440479,4,,,POINT (2.3440479 48.9012352),99,62,9962
320203169,48.9016221,2.3594518,4,,,POINT (2.3594518 48.9016221),99,70,9970
320203175,48.9016089,2.3589402,3,,,POINT (2.3589402 48.9016089),99,69,9969
320203226,48.9016712,2.3854977,5,,,POINT (2.3854977 48.9016712),99,83,9983
320203235,48.9014747,2.3871661,3,,,POINT (2.3871661 48.9014747),99,84,9984
320892435,48.8973291,2.3926009,4,traffic_signals,,POINT (2.3926009 48.8973291),94,87,9487
320898414,48.8899308,2.3974817,4,traffic_signals,,POINT (2.3974817 48.8899308),86,90,8690
320898418,48.8894949,2.3977841,3,traffic_signals,,POINT (2.3977841 48.8894949),85,90,8590
320899492,48.8895466,2.3987846,3,,,POINT (2.3987846 48.8895466),85,90,8590
320899521,48.8893606,2.3988125,3,,,POINT (2.3988125 48.8893606),85,90,8590
320899523,48.8884902,2.3986116,3,,,POINT (2.3986116 48.8884902),84,90,8490
320899576,48.8885187,2.3979458,3,,,POINT (2.3979458 48.8885187),84,90,8490
320899577,48.8884648,2.3990215,3,,,POINT (2.3990215 48.8884648),84,90,8490
320901151,48.8863466,2.3952778,3,,,POINT (2.3952778 48.8863466),81,88,8188
320901152,48.8861886,2.3963611,4,traffic_signals,,POINT (2.3963611 48.8861886),81,89,8189
320901153,48.8861684,2.3966453,4,traffic_signals,,POINT (2.3966453 48.8861684),81,89,8189
320901154,48.8859778,2.3980967,4,traffic_signals,,POINT (2.3980967 48.8859778),81,90,8190
320902741,48.8864742,2.3943576,3,,,POINT (2.3943576 48.8864742),82,88,8288
320907529,48.8846878,2.398808,3,traffic_signals,,POINT (2.398808 48.8846878),79,90,7990
320909825,48.8925133,2.3948694,3,,,POINT (2.3948694 48.8925133),89,88,8988
320910393,48.8932358,2.3953937,3,,,POINT (2.3953937 48.8932358),89,89,8989
322689769,48.8337718,2.3091032,3,,,POINT (2.3091032 48.8337718),20,43,2043
322690568,48.8337568,2.3093305,4,,,POINT (2.3093305 48.8337568),20,43,2043
324579210,48.8503076,2.3426437,5,traffic_signals,,POINT (2.3426437 48.8503076),40,61,4061
324706464,48.8435359,2.3246741,3,traffic_signals,,POINT (2.3246741 48.8435359),32,51,3251
325664798,48.8749539,2.3735303,3,,,POINT (2.3735303 48.8749539),68,77,6877
325664804,48.8764636,2.3743034,3,,,POINT (2.3743034 48.8764636),70,77,7077
325664816,48.8764981,2.3741146,1,,,POINT (2.3741146 48.8764981),70,77,7077
326320298,48.8811164,2.3718128,3,,,POINT (2.3718128 48.8811164),75,76,7576
326967463,48.8764613,2.3512086,3,,,POINT (2.3512086 48.8764613),70,65,7065
326967742,48.876279,2.3525534,1,,,POINT (2.3525534 48.876279),70,66,7066
326967813,48.8763564,2.3519886,2,,,POINT (2.3519886 48.8763564),70,66,7066
326996572,48.8753618,2.3560286,3,,,POINT (2.3560286 48.8753618),69,68,6968
327046138,48.8777832,2.35126,3,,,POINT (2.35126 48.8777832),71,65,7165
327046186,48.8777184,2.3519327,3,,,POINT (2.3519327 48.8777184),71,66,7166
327048374,48.878685,2.351428,1,,,POINT (2.351428 48.878685),73,65,7365
327151587,48.8805138,2.4071395,2,,,POINT (2.4071395 48.8805138),75,95,7595
327170372,48.8796437,2.4082424,4,,,POINT (2.4082424 48.8796437),74,95,7495
327194426,48.873944,2.4123695,3,,,POINT (2.4123695 48.873944),67,97,6797
327203983,48.8783723,2.4107353,4,traffic_signals,,POINT (2.4107353 48.8783723),72,97,7297
327207062,48.8784447,2.4106334,4,traffic_signals,,POINT (2.4106334 48.8784447),72,97,7297
329118671,48.8697623,2.3408277,2,,,POINT (2.3408277 48.8697623),62,60,6260
329416063,48.8441445,2.3815539,1,,,POINT (2.3815539 48.8441445),32,81,3281
330160636,48.8697228,2.3519599,3,,,POINT (2.3519599 48.8697228),62,66,6266
330167447,48.8956087,2.3388903,3,,,POINT (2.3388903 48.8956087),92,59,9259
330217377,48.8442329,2.3784775,3,,,POINT (2.3784775 48.8442329),32,80,3280
330493065,48.8401689,2.3219344,3,,,POINT (2.3219344 48.8401689),28,50,2850
331419425,48.8953149,2.3721035,4,,,POINT (2.3721035 48.8953149),92,76,9276
331432688,48.8944903,2.3664764,3,,,POINT (2.3664764 48.8944903),91,73,9173
331434319,48.893683,2.3645228,3,,,POINT (2.3645228 48.893683),90,72,9072
331454080,48.8469148,2.375064,3,,,POINT (2.375064 48.8469148),36,78,3678
331454083,48.8470795,2.3748757,3,,,POINT (2.3748757 48.8470795),36,78,3678
331454183,48.8471058,2.375194,3,,,POINT (2.375194 48.8471058),36,78,3678
331454270,48.8470229,2.3754611,3,traffic_signals,,POINT (2.3754611 48.8470229),36,78,3678
331861643,48.8647574,2.4121044,3,,,POINT (2.4121044 48.8647574),56,97,5697
331946174,48.8985001,2.3865765,3,,,POINT (2.3865765 48.8985001),96,84,9684
331946317,48.8985565,2.3864517,3,,,POINT (2.3864517 48.8985565),96,84,9684
332040654,48.8512484,2.4158519,3,,,POINT (2.4158519 48.8512484),41,99,4199
332042529,48.8470891,2.4153642,1,,,POINT (2.4153642 48.8470891),36,99,3699
332043843,48.8463426,2.4153123,1,,,POINT (2.4153123 48.8463426),35,99,3599
332199745,48.845295,2.4156144,3,,,POINT (2.4156144 48.845295),34,99,3499
332200766,48.8459883,2.4157274,3,,,POINT (2.4157274 48.8459883),35,99,3599
332201812,48.843958,2.4134871,4,,,POINT (2.4134871 48.843958),32,98,3298
332201813,48.8438552,2.4146288,4,,,POINT (2.4146288 48.8438552),32,99,3299
332201898,48.8438875,2.4143474,3,,,POINT (2.4143474 48.8438875),32,99,3299
332202487,48.8439677,2.4146692,3,,,POINT (2.4146692 48.8439677),32,99,3299
332204112,48.8431961,2.4145143,3,,,POINT (2.4145143 48.8431961),31,99,3199
332408873,48.8819118,2.3343267,3,,,POINT (2.3343267 48.8819118),76,56,7656
332411808,48.8805577,2.3300881,1,,,POINT (2.3300881 48.8805577),75,54,7554
332411809,48.8806088,2.3304843,4,,,POINT (2.3304843 48.8806088),75,54,7554
332411810,48.880657,2.3308581,1,,,POINT (2.3308581 48.880657),75,55,7555
332431641,48.8886191,2.378472,3,,,POINT (2.378472 48.8886191),84,80,8480
332431642,48.8879629,2.3891697,3,,,POINT (2.3891697 48.8879629),83,85,8385
332431657,48.8958585,2.3791268,3,,,POINT (2.3791268 48.8958585),92,80,9280
332431658,48.8958364,2.3794528,3,,,POINT (2.3794528 48.8958364),92,80,9280
332434730,48.8804083,2.3796165,3,traffic_signals,,POINT (2.3796165 48.8804083),75,80,7580
332434731,48.8784314,2.3701177,3,,,POINT (2.3701177 48.8784314),72,75,7275
332434734,48.8709637,2.3691452,3,,,POINT (2.3691452 48.8709637),64,75,6475
332434739,48.8770133,2.4060096,3,,,POINT (2.4060096 48.8770133),71,94,7194
332465422,48.8841943,2.393028,3,,,POINT (2.393028 48.8841943),79,87,7987
332465423,48.8662616,2.4034104,3,,,POINT (2.4034104 48.8662616),58,93,5893
332469880,48.8631791,2.3976404,3,,,POINT (2.3976404 48.8631791),54,90,5490
332469883,48.8619067,2.398869,3,,,POINT (2.398869 48.8619067),53,90,5390
332469884,48.8621465,2.399506,3,,,POINT (2.399506 48.8621465),53,91,5391
332476877,48.8673141,2.3634261,3,traffic_signals,,POINT (2.3634261 48.8673141),59,72,5972
332476878,48.8605263,2.3617984,3,,,POINT (2.3617984 48.8605263),51,71,5171
332476879,48.8528405,2.3683337,3,,,POINT (2.3683337 48.8528405),42,74,4274
332476884,48.8537325,2.3726362,3,,,POINT (2.3726362 48.8537325),44,77,4477
332482627,48.8436309,2.3797831,3,traffic_signals,,POINT (2.3797831 48.8436309),32,80,3280
332482628,48.8432382,2.3836869,3,,,POINT (2.3836869 48.8432382),31,82,3182
332483359,48.8435173,2.387779,3,,,POINT (2.387779 48.8435173),32,85,3285
332483510,48.8410135,2.39408,3,traffic_signals,,POINT (2.39408 48.8410135),29,88,2988
332494331,48.8161096,2.3442564,3,,,POINT (2.3442564 48.8161096),0,62,62
332951211,48.8588542,2.3807647,3,,,POINT (2.3807647 48.8588542),49,81,4981
332951231,48.8596192,2.380117,1,,,POINT (2.380117 48.8596192),50,81,5081
333557965,48.8834242,2.3993256,1,,,POINT (2.3993256 48.8834242),78,91,7891
333564064,48.8807687,2.3968472,1,,,POINT (2.3968472 48.8807687),75,89,7589
333576352,48.8844391,2.384221,3,,,POINT (2.384221 48.8844391),79,83,7983
333674495,48.8355959,2.4069342,4,,,POINT (2.4069342 48.8355959),22,95,2295
333674878,48.8356364,2.4066376,4,,,POINT (2.4066376 48.8356364),22,94,2294
333674939,48.835486,2.406434,4,,,POINT (2.406434 48.835486),22,94,2294
333677006,48.8350889,2.408263,4,,,POINT (2.408263 48.8350889),22,95,2295
333678583,48.834255,2.4105459,3,,,POINT (2.4105459 48.834255),21,97,2197
333678584,48.8344223,2.4099579,4,,,POINT (2.4099579 48.8344223),21,96,2196
333682301,48.8341274,2.4109311,4,,,POINT (2.4109311 48.8341274),21,97,2197
335614445,48.8248686,2.3709965,1,,,POINT (2.3709965 48.8248686),10,76,1076
335689270,48.8487128,2.2852007,3,,,POINT (2.2852007 48.8487128),38,31,3831
335690031,48.8496105,2.286139,5,traffic_signals,,POINT (2.286139 48.8496105),39,31,3931
337626813,48.8589052,2.2847838,3,crossing,,POINT (2.2847838 48.8589052),50,30,5030
337627060,48.8635705,2.2783533,3,,,POINT (2.2783533 48.8635705),55,27,5527
337627158,48.857301,2.2730326,4,traffic_signals,,POINT (2.2730326 48.857301),48,24,4824
337653897,48.8412919,2.2547644,3,,,POINT (2.2547644 48.8412919),29,15,2915
337653981,48.848499,2.2665811,3,,,POINT (2.2665811 48.848499),37,21,3721
338479723,48.8635313,2.363317,3,,,POINT (2.363317 48.8635313),55,72,5572
338481508,48.8622952,2.363711,4,,,POINT (2.363711 48.8622952),53,72,5372
338489577,48.8673827,2.3633179,3,traffic_signals,,POINT (2.3633179 48.8673827),59,72,5972
338496057,48.8684074,2.3552535,3,traffic_signals,,POINT (2.3552535 48.8684074),61,67,6167
338647491,48.8655331,2.3410485,3,,,POINT (2.3410485 48.8655331),57,60,5760
338664953,48.8606919,2.3306639,3,,,POINT (2.3306639 48.8606919),52,54,5254
338666822,48.8663826,2.3234686,2,,,POINT (2.3234686 48.8663826),58,51,5851
338733015,48.8466525,2.2879909,3,,,POINT (2.2879909 48.8466525),35,32,3532
340208152,48.8386419,2.2524129,3,,,POINT (2.2524129 48.8386419),26,13,2613
340390915,48.8445515,2.2937609,3,,,POINT (2.2937609 48.8445515),33,35,3335
340393005,48.8507643,2.287184,3,traffic_signals,,POINT (2.287184 48.8507643),40,32,4032
340394504,48.8461121,2.3759881,4,,,POINT (2.3759881 48.8461121),35,78,3578
340394507,48.8460755,2.3756897,3,,,POINT (2.3756897 48.8460755),35,78,3578
340402108,48.8517824,2.3893536,3,,,POINT (2.3893536 48.8517824),41,85,4185
340402111,48.8524384,2.3891042,3,traffic_signals,,POINT (2.3891042 48.8524384),42,85,4285
340402112,48.8517346,2.3886993,1,,,POINT (2.3886993 48.8517346),41,85,4185
340855540,48.8291844,2.4037213,4,,,POINT (2.4037213 48.8291844),15,93,1593
340969152,48.8962781,2.3416739,3,,,POINT (2.3416739 48.8962781),93,60,9360
340969153,48.8957966,2.3432329,3,,,POINT (2.3432329 48.8957966),92,61,9261
341029071,48.8290644,2.3896618,3,,,POINT (2.3896618 48.8290644),15,86,1586
341104044,48.8264114,2.387009,3,,,POINT (2.387009 48.8264114),12,84,1284
342025471,48.8278237,2.329137,3,,,POINT (2.329137 48.8278237),13,54,1354
343680497,48.8179013,2.3689195,3,,,POINT (2.3689195 48.8179013),2,75,275
343694131,48.8192738,2.3533099,3,,,POINT (2.3533099 48.8192738),3,66,366
343694133,48.8191751,2.3528729,3,,,POINT (2.3528729 48.8191751),3,66,366
343703877,48.8168235,2.3440568,3,,,POINT (2.3440568 48.8168235),1,62,162
343706710,48.8166965,2.3349407,3,,,POINT (2.3349407 48.8166965),0,57,57
345543432,48.8438662,2.408832,3,,,POINT (2.408832 48.8438662),32,96,3296
345543498,48.8417446,2.408351,1,,,POINT (2.408351 48.8417446),30,95,3095
346362991,48.8904713,2.3373746,3,,,POINT (2.3373746 48.8904713),86,58,8658
346362995,48.8913728,2.337839,3,,,POINT (2.337839 48.8913728),87,58,8758
346362999,48.8905832,2.3441739,3,,,POINT (2.3441739 48.8905832),86,62,8662
346363000,48.8905347,2.344611,1,,,POINT (2.344611 48.8905347),86,62,8662
346582209,48.8571916,2.3968659,3,,,POINT (2.3968659 48.8571916),48,89,4889
346582222,48.8567213,2.3956401,3,,,POINT (2.3956401 48.8567213),47,89,4789
346582240,48.8568275,2.396872,3,,,POINT (2.396872 48.8568275),47,89,4789
346582375,48.8582414,2.3968625,1,,,POINT (2.3968625 48.8582414),49,89,4989
346622663,48.877567,2.4072739,3,,,POINT (2.4072739 48.877567),71,95,7195
346622671,48.8774427,2.4073825,3,,,POINT (2.4073825 48.8774427),71,95,7195
348097135,48.8717703,2.3598616,1,,,POINT (2.3598616 48.8717703),64,70,6470
352968987,48.8510325,2.2924175,3,,,POINT (2.2924175 48.8510325),40,34,4034
353160292,48.8899349,2.3019006,3,,,POINT (2.3019006 48.8899349),86,39,8639
353167649,48.8732288,2.3223518,3,,,POINT (2.3223518 48.8732288),66,50,6650
353192552,48.8855683,2.2845371,4,,,POINT (2.2845371 48.8855683),81,30,8130
353192566,48.8900897,2.2956888,3,,,POINT (2.2956888 48.8900897),86,36,8636
353192571,48.888495,2.2896777,3,,,POINT (2.2896777 48.888495),84,33,8433
353192572,48.8880674,2.2888612,3,,,POINT (2.2888612 48.8880674),83,32,8332
353192575,48.8872549,2.2871417,3,,,POINT (2.2871417 48.8872549),82,32,8232
353206666,48.8678322,2.3906668,3,,,POINT (2.3906668 48.8678322),60,86,6086
353206807,48.866974,2.3923783,3,,,POINT (2.3923783 48.866974),59,87,5987
353694944,48.8223266,2.3143656,5,,,POINT (2.3143656 48.8223266),7,46,746
353694953,48.8226348,2.3149846,4,,,POINT (2.3149846 48.8226348),7,46,746
353705102,48.8250635,2.3018429,3,,,POINT (2.3018429 48.8250635),10,39,1039
353763952,48.8316204,2.2815563,3,,,POINT (2.2815563 48.8316204),18,29,1829
354164160,48.8488977,2.3719795,3,,,POINT (2.3719795 48.8488977),38,76,3876
355325465,48.8454987,2.3712612,4,,,POINT (2.3712612 48.8454987),34,76,3476
356195067,48.8747452,2.2452832,4,,,POINT (2.2452832 48.8747452),68,10,6810
356195275,48.8761896,2.2462354,4,,,POINT (2.2462354 48.8761896),70,10,7010
356196633,48.8759869,2.246367,3,,,POINT (2.246367 48.8759869),69,10,6910
356196656,48.8760512,2.2461319,3,,,POINT (2.2461319 48.8760512),69,10,6910
356299711,48.8628937,2.2296483,3,,,POINT (2.2296483 48.8628937),54,1,5401
356299714,48.8622413,2.2292413,3,,,POINT (2.2292413 48.8622413),53,1,5301
356299715,48.8617988,2.2289779,3,,,POINT (2.2289779 48.8617988),53,1,5301
356299716,48.8610808,2.2286332,3,,,POINT (2.2286332 48.8610808),52,1,5201
356300472,48.8624307,2.2306833,3,,,POINT (2.2306833 48.8624307),54,2,5402
356300477,48.8619955,2.2303021,3,,,POINT (2.2303021 48.8619955),53,2,5302
356300952,48.8532726,2.226423,3,,,POINT (2.226423 48.8532726),43,0,4300
356385445,48.8314825,2.3581083,2,,,POINT (2.3581083 48.8314825),18,69,1869
357495388,48.8634487,2.2498306,3,,,POINT (2.2498306 48.8634487),55,12,5512
357575575,48.8469342,2.4138949,3,,,POINT (2.4138949 48.8469342),36,98,3698
358161787,48.8507163,2.2497476,2,,,POINT (2.2497476 48.8507163),40,12,4012
358161788,48.8510148,2.2497578,2,,,POINT (2.2497578 48.8510148),40,12,4012
358466962,48.8482671,2.2422994,3,motorway_junction,1.0,POINT (2.2422994 48.8482671),37,8,3708
358469247,48.852238,2.2539382,4,,,POINT (2.2539382 48.852238),42,14,4214
358873173,48.8578055,2.259891,3,motorway_junction,,POINT (2.259891 48.8578055),48,17,4817
358873202,48.8579126,2.2626015,3,,,POINT (2.2626015 48.8579126),48,19,4819
358874150,48.8583769,2.260737,3,,,POINT (2.260737 48.8583769),49,18,4918
358893030,48.8652671,2.2505734,3,,,POINT (2.2505734 48.8652671),57,12,5712
358905775,48.8638941,2.2332908,3,,,POINT (2.2332908 48.8638941),55,3,5503
358913441,48.8625285,2.2384318,3,,,POINT (2.2384318 48.8625285),54,6,5406
359071960,48.868934,2.2486044,2,,,POINT (2.2486044 48.868934),61,11,6111
359071964,48.8670711,2.249287,3,,,POINT (2.249287 48.8670711),59,12,5912
359073889,48.8684842,2.2385013,3,,,POINT (2.2385013 48.8684842),61,6,6106
359073891,48.8688202,2.2381312,3,,,POINT (2.2381312 48.8688202),61,6,6106
359077874,48.8736782,2.2548689,3,,,POINT (2.2548689 48.8736782),67,15,6715
359077922,48.8740117,2.2550297,3,,,POINT (2.2550297 48.8740117),67,15,6715
359077952,48.8738393,2.2549462,4,,,POINT (2.2549462 48.8738393),67,15,6715
359078003,48.873856,2.2550542,3,,,POINT (2.2550542 48.873856),67,15,6715
360762097,48.8318489,2.3977294,4,,,POINT (2.3977294 48.8318489),18,90,1890
360762687,48.8317176,2.3979421,4,,,POINT (2.3979421 48.8317176),18,90,1890
364627449,48.8536218,2.3329811,3,,,POINT (2.3329811 48.8536218),43,56,4356
364643208,48.8796833,2.4008411,3,crossing,,POINT (2.4008411 48.8796833),74,91,7491
364921411,48.8208951,2.3206322,4,traffic_signals,,POINT (2.3206322 48.8208951),5,49,549
365131768,48.8482278,2.4064675,3,,,POINT (2.4064675 48.8482278),37,94,3794
365796646,48.8458467,2.3676301,4,traffic_signals,,POINT (2.3676301 48.8458467),34,74,3474
365929702,48.830115,2.3787214,4,,,POINT (2.3787214 48.830115),16,80,1680
365929710,48.8296801,2.3776703,3,,,POINT (2.3776703 48.8296801),16,79,1679
365929717,48.8304381,2.3783167,3,,,POINT (2.3783167 48.8304381),16,80,1680
365929718,48.8300214,2.3773512,3,traffic_signals,,POINT (2.3773512 48.8300214),16,79,1679
365930069,48.8290057,2.3817752,3,,,POINT (2.3817752 48.8290057),15,81,1581
366094507,48.8366114,2.2635997,3,,,POINT (2.2635997 48.8366114),24,19,2419
366094508,48.8363796,2.2637382,3,,,POINT (2.2637382 48.8363796),23,19,2319
366145557,48.8367115,2.2536867,4,,,POINT (2.2536867 48.8367115),24,14,2414
367296016,48.843865,2.2773511,3,,,POINT (2.2773511 48.843865),32,26,3226
367316714,48.8362001,2.2781823,4,,,POINT (2.2781823 48.8362001),23,27,2327
367316716,48.8368734,2.2784388,3,,,POINT (2.2784388 48.8368734),24,27,2427
367317322,48.8367766,2.2787904,3,traffic_signals,,POINT (2.2787904 48.8367766),24,27,2427
367318534,48.8367492,2.2784521,3,,,POINT (2.2784521 48.8367492),24,27,2427
367318543,48.8366926,2.2786045,3,,,POINT (2.2786045 48.8366926),24,27,2427
367332175,48.8389723,2.2825966,3,,,POINT (2.2825966 48.8389723),26,29,2629
367332251,48.8385746,2.2817842,3,crossing,,POINT (2.2817842 48.8385746),26,29,2629
367393914,48.8361116,2.2934371,3,crossing,,POINT (2.2934371 48.8361116),23,35,2335
367823710,48.8311874,2.2918535,3,,,POINT (2.2918535 48.8311874),17,34,1734
367824737,48.8340634,2.2948469,1,,,POINT (2.2948469 48.8340634),21,36,2136
367829356,48.8296066,2.295408,3,,,POINT (2.295408 48.8296066),15,36,1536
367829434,48.8297236,2.2957325,4,,,POINT (2.2957325 48.8297236),16,36,1636
367905529,48.8534563,2.3838995,1,,,POINT (2.3838995 48.8534563),43,82,4382
367905531,48.8533142,2.3830437,3,,,POINT (2.3830437 48.8533142),43,82,4382
367906705,48.8504555,2.3856305,3,,,POINT (2.3856305 48.8504555),40,83,4083
367916799,48.8573175,2.3793394,3,,,POINT (2.3793394 48.8573175),48,80,4880
367917176,48.8578139,2.3805281,3,traffic_signals,,POINT (2.3805281 48.8578139),48,81,4881
367917324,48.8578463,2.3800467,3,traffic_signals,,POINT (2.3800467 48.8578463),48,80,4880
367918343,48.8576763,2.3801134,3,traffic_signals,,POINT (2.3801134 48.8576763),48,80,4880
368465823,48.8988238,2.322365,3,,,POINT (2.322365 48.8988238),96,50,9650
368466115,48.8999399,2.3216186,3,,,POINT (2.3216186 48.8999399),97,50,9750
368486722,48.8975872,2.3232121,4,traffic_signals,,POINT (2.3232121 48.8975872),94,51,9451
368486724,48.8976174,2.324143,4,traffic_signals,,POINT (2.324143 48.8976174),95,51,9551
368486725,48.8976405,2.3247848,3,,,POINT (2.3247848 48.8976405),95,51,9551
368524024,48.8973292,2.3241886,3,,,POINT (2.3241886 48.8973292),94,51,9451
368542144,48.8948932,2.3181194,3,,,POINT (2.3181194 48.8948932),91,48,9148
368542291,48.8950216,2.3184623,3,,,POINT (2.3184623 48.8950216),92,48,9248
368557018,48.8930831,2.3158385,3,,,POINT (2.3158385 48.8930831),89,47,8947
368557298,48.8927952,2.3163369,3,,,POINT (2.3163369 48.8927952),89,47,8947
368720976,48.8890757,2.3237154,1,,,POINT (2.3237154 48.8890757),85,51,8551
368731455,48.8941248,2.3209252,3,,,POINT (2.3209252 48.8941248),90,49,9049
368731804,48.8944221,2.3211784,1,,,POINT (2.3211784 48.8944221),91,49,9149
368732449,48.8942699,2.3225346,3,,,POINT (2.3225346 48.8942699),91,50,9150
368732490,48.8944966,2.3218877,3,,,POINT (2.3218877 48.8944966),91,50,9150
368737337,48.8941541,2.3270542,3,,,POINT (2.3270542 48.8941541),91,53,9153
368737744,48.894045,2.3277839,3,,,POINT (2.3277839 48.894045),90,53,9053
368739240,48.8941124,2.3273371,3,,,POINT (2.3273371 48.8941124),90,53,9053
368739485,48.8937764,2.3270686,1,turning_circle,,POINT (2.3270686 48.8937764),90,53,9053
368750964,48.8951891,2.3244133,1,,,POINT (2.3244133 48.8951891),92,51,9251
368750967,48.8953075,2.3240744,3,,,POINT (2.3240744 48.8953075),92,51,9251
368755613,48.896267,2.3249183,3,,,POINT (2.3249183 48.896267),93,51,9351
368776551,48.8957677,2.3283661,3,,,POINT (2.3283661 48.8957677),92,53,9253
368786324,48.8991556,2.3297303,3,,,POINT (2.3297303 48.8991556),96,54,9654
368787910,48.9004601,2.3296852,4,,,POINT (2.3296852 48.9004601),98,54,9854
368789066,48.8989972,2.3287482,3,,,POINT (2.3287482 48.8989972),96,53,9653
368789206,48.9002672,2.3286896,1,turning_circle,,POINT (2.3286896 48.9002672),98,53,9853
369326446,48.876253,2.3318586,4,traffic_signals,,POINT (2.3318586 48.876253),70,55,7055
369331056,48.8837242,2.3322596,3,,,POINT (2.3322596 48.8837242),78,55,7855
369331058,48.8836783,2.3324446,3,,,POINT (2.3324446 48.8836783),78,55,7855
370134456,48.8584582,2.2842782,3,traffic_signals,,POINT (2.2842782 48.8584582),49,30,4930
370134459,48.8585988,2.2844071,3,,,POINT (2.2844071 48.8585988),49,30,4930
370134462,48.8582911,2.2844252,3,,,POINT (2.2844252 48.8582911),49,30,4930
370323449,48.8670861,2.3160717,3,,,POINT (2.3160717 48.8670861),59,47,5947
370323502,48.8650408,2.31556,3,,,POINT (2.31556 48.8650408),57,47,5747
370346398,48.8682691,2.3123607,3,,,POINT (2.3123607 48.8682691),60,45,6045
370351925,48.8647407,2.3022447,3,,,POINT (2.3022447 48.8647407),56,40,5640
370354998,48.864513,2.3065338,3,,,POINT (2.3065338 48.864513),56,42,5642
371207006,48.8162284,2.3440157,3,,,POINT (2.3440157 48.8162284),0,61,61
372854544,48.8452055,2.2556301,6,traffic_signals,,POINT (2.2556301 48.8452055),34,15,3415
372854897,48.8454126,2.2553946,3,,,POINT (2.2553946 48.8454126),34,15,3415
373732187,48.8640136,2.3322871,3,,,POINT (2.3322871 48.8640136),55,55,5555
386594431,48.8275103,2.37163,3,,,POINT (2.37163 48.8275103),13,76,1376
386594441,48.8233992,2.3750215,3,,,POINT (2.3750215 48.8233992),8,78,878
386594447,48.8240505,2.3770284,4,,,POINT (2.3770284 48.8240505),9,79,979
389131719,48.8407626,2.3054474,3,,,POINT (2.3054474 48.8407626),28,41,2841
392014570,48.8483475,2.2604483,3,,,POINT (2.2604483 48.8483475),37,18,3718
392014907,48.8489018,2.2593597,3,,,POINT (2.2593597 48.8489018),38,17,3817
392015112,48.8471879,2.2584684,3,,,POINT (2.2584684 48.8471879),36,16,3616
392015132,48.8479137,2.2589323,4,,,POINT (2.2589323 48.8479137),37,17,3717
392015279,48.8484059,2.2591958,3,,,POINT (2.2591958 48.8484059),37,17,3717
393803340,48.834457,2.3326892,6,,,POINT (2.3326892 48.834457),21,56,2156
393871984,48.8720472,2.3728564,2,,,POINT (2.3728564 48.8720472),65,77,6577
393871996,48.8725268,2.3738039,2,,,POINT (2.3738039 48.8725268),65,77,6577
394907974,48.8747774,2.3797416,3,,,POINT (2.3797416 48.8747774),68,80,6880
394908019,48.875855,2.3804295,1,,,POINT (2.3804295 48.875855),69,81,6981
398571618,48.8443197,2.4083869,3,,,POINT (2.4083869 48.8443197),33,95,3395
406653331,48.8609865,2.3702763,3,,,POINT (2.3702763 48.8609865),52,75,5275
406653718,48.8612628,2.371331,1,,,POINT (2.371331 48.8612628),52,76,5276
408479981,48.8841296,2.3494837,3,,,POINT (2.3494837 48.8841296),79,64,7964
408480031,48.8830593,2.3444,3,traffic_signals,,POINT (2.3444 48.8830593),78,62,7862
408490216,48.874997,2.3575073,3,,,POINT (2.3575073 48.874997),68,69,6869
408490378,48.8749105,2.3590019,4,,,POINT (2.3590019 48.8749105),68,69,6869
408501492,48.8968003,2.3334601,3,,,POINT (2.3334601 48.8968003),94,56,9456
408501513,48.8964547,2.3345871,3,,,POINT (2.3345871 48.8964547),93,57,9357
408501525,48.8974173,2.3338995,3,,,POINT (2.3338995 48.8974173),94,56,9456
408501598,48.8972458,2.3357074,3,,,POINT (2.3357074 48.8972458),94,57,9457
408501604,48.8966539,2.3361988,3,,,POINT (2.3361988 48.8966539),93,57,9357
408501619,48.8970535,2.3363363,2,,,POINT (2.3363363 48.8970535),94,57,9457
408749290,48.884139,2.3375459,3,,,POINT (2.3375459 48.884139),79,58,7958
408751216,48.8891379,2.345317,3,,,POINT (2.345317 48.8891379),85,62,8562
409897942,48.8640027,2.3988539,3,,,POINT (2.3988539 48.8640027),55,90,5590
409898484,48.8638607,2.3986668,3,,,POINT (2.3986668 48.8638607),55,90,5590
410080129,48.873517,2.3954537,1,,,POINT (2.3954537 48.873517),67,89,6789
410081744,48.8754962,2.398969,3,traffic_signals,,POINT (2.398969 48.8754962),69,90,6990
411256174,48.8615144,2.3479749,3,,,POINT (2.3479749 48.8615144),53,64,5364
411256178,48.8589339,2.3522383,3,,,POINT (2.3522383 48.8589339),50,66,5066
411317259,48.846911,2.3871423,3,,,POINT (2.3871423 48.846911),36,84,3684
411736464,48.8442604,2.3647737,4,traffic_signals,,POINT (2.3647737 48.8442604),33,72,3372
412699470,48.8986414,2.3656145,3,,,POINT (2.3656145 48.8986414),96,73,9673
415004956,48.8367773,2.3782174,3,,,POINT (2.3782174 48.8367773),24,80,2480
415022353,48.885574,2.2891159,3,crossing,,POINT (2.2891159 48.885574),81,33,8133
415116417,48.8904764,2.3964389,4,,,POINT (2.3964389 48.8904764),86,89,8689
415139681,48.890457,2.3955225,3,,,POINT (2.3955225 48.890457),86,89,8689
415140208,48.8244362,2.3046846,3,,,POINT (2.3046846 48.8244362),9,41,941
415142020,48.8583621,2.260908,3,,,POINT (2.260908 48.8583621),49,18,4918
416529147,48.8776652,2.3956058,5,,,POINT (2.3956058 48.8776652),71,89,7189
417299170,48.8748442,2.2760612,3,,,POINT (2.2760612 48.8748442),68,26,6826
418054603,48.8525139,2.4067009,3,,,POINT (2.4067009 48.8525139),42,94,4294
418065636,48.8650607,2.3847995,3,,,POINT (2.3847995 48.8650607),57,83,5783
418395556,48.8769961,2.4064808,4,traffic_signals,,POINT (2.4064808 48.8769961),71,94,7194
418638616,48.8668092,2.397439,3,,,POINT (2.397439 48.8668092),59,90,5990
418865002,48.8468565,2.4151588,3,,,POINT (2.4151588 48.8468565),36,99,3699
418866885,48.8466043,2.4139269,3,,,POINT (2.4139269 48.8466043),35,98,3598
420670204,48.8665303,2.3648093,3,traffic_signals,,POINT (2.3648093 48.8665303),58,72,5872
420673782,48.8532772,2.3702856,3,,,POINT (2.3702856 48.8532772),43,75,4375
425018100,48.835411,2.3292887,3,,,POINT (2.3292887 48.835411),22,54,2254
428881926,48.8573179,2.2286117,1,,,POINT (2.2286117 48.8573179),48,1,4801
428918264,48.8634311,2.2396446,3,crossing,,POINT (2.2396446 48.8634311),55,7,5507
428943983,48.8831797,2.3417865,3,,,POINT (2.3417865 48.8831797),78,60,7860
428943984,48.883324,2.3425347,1,,,POINT (2.3425347 48.883324),78,61,7861
429385391,48.8307754,2.355865,3,,,POINT (2.355865 48.8307754),17,68,1768
429581498,48.8817468,2.3540993,3,,,POINT (2.3540993 48.8817468),76,67,7667
430637190,48.88149,2.3704203,3,,,POINT (2.3704203 48.88149),76,75,7675
431154736,48.8839958,2.3323444,3,,,POINT (2.3323444 48.8839958),79,55,7955
431171618,48.8619958,2.2865334,4,,,POINT (2.2865334 48.8619958),53,31,5331
431171619,48.8617376,2.286649,3,,,POINT (2.286649 48.8617376),53,31,5331
431175315,48.8690531,2.3554157,4,traffic_signals,,POINT (2.3554157 48.8690531),61,67,6167
431175331,48.8690106,2.3555838,3,,,POINT (2.3555838 48.8690106),61,68,6168
431175338,48.8692631,2.3555588,3,,,POINT (2.3555588 48.8692631),62,68,6268
431394330,48.8657773,2.3699715,3,traffic_signals,,POINT (2.3699715 48.8657773),58,75,5875
431394373,48.8642128,2.3711835,3,traffic_signals,,POINT (2.3711835 48.8642128),56,76,5676
431394661,48.8563433,2.3709076,4,traffic_signals,,POINT (2.3709076 48.8563433),47,76,4776
431394905,48.8656378,2.369498,1,,,POINT (2.369498 48.8656378),57,75,5775
431487272,48.8481541,2.301929,3,,,POINT (2.301929 48.8481541),37,39,3739
431493583,48.8610059,2.3996055,1,,,POINT (2.3996055 48.8610059),52,91,5291
431494555,48.8403099,2.3149845,3,,,POINT (2.3149845 48.8403099),28,46,2846
431507192,48.8518343,2.366492,3,,,POINT (2.366492 48.8518343),41,73,4173
432802326,48.886602,2.3690744,3,,,POINT (2.3690744 48.886602),82,75,8275
432806181,48.8483803,2.3991153,3,,,POINT (2.3991153 48.8483803),37,91,3791
432806356,48.8478149,2.399021,3,,,POINT (2.399021 48.8478149),37,90,3790
432808260,48.8456454,2.3672486,4,,,POINT (2.3672486 48.8456454),34,74,3474
432814410,48.8842944,2.3676079,3,traffic_signals,,POINT (2.3676079 48.8842944),79,74,7974
433344321,48.8830493,2.3741941,3,,,POINT (2.3741941 48.8830493),78,77,7877
433344323,48.8828917,2.3738264,3,,,POINT (2.3738264 48.8828917),77,77,7777
434146590,48.8846767,2.3378644,3,,,POINT (2.3378644 48.8846767),79,58,7958
434146593,48.8853507,2.3382992,1,,,POINT (2.3382992 48.8853507),80,58,8058
434146596,48.8843703,2.3376833,1,,,POINT (2.3376833 48.8843703),79,58,7958
439881536,48.8718378,2.3645709,3,,,POINT (2.3645709 48.8718378),65,72,6572
439881545,48.8717095,2.3644425,3,,,POINT (2.3644425 48.8717095),64,72,6472
439881550,48.8718063,2.3642649,3,,,POINT (2.3642649 48.8718063),65,72,6572
439900528,48.8731908,2.3602366,3,,,POINT (2.3602366 48.8731908),66,70,6670
439900533,48.8738944,2.3592605,3,,,POINT (2.3592605 48.8738944),67,70,6770
444848661,48.8867535,2.3385676,3,,,POINT (2.3385676 48.8867535),82,59,8259
451120690,48.8938327,2.3387854,3,,,POINT (2.3387854 48.8938327),90,59,9059
451120738,48.8934881,2.3373376,3,,,POINT (2.3373376 48.8934881),90,58,9058
468015882,48.8377204,2.4098755,3,,,POINT (2.4098755 48.8377204),25,96,2596
469127573,48.8665385,2.3723047,3,,,POINT (2.3723047 48.8665385),58,76,5876
471617379,48.8263814,2.3421815,3,,,POINT (2.3421815 48.8263814),12,61,1261
471617382,48.8264922,2.3418236,4,,,POINT (2.3418236 48.8264922),12,60,1260
471617390,48.8264202,2.3417955,4,,,POINT (2.3417955 48.8264202),12,60,1260
471617392,48.8262596,2.3419589,3,,,POINT (2.3419589 48.8262596),12,60,1260
471617402,48.8418681,2.3297256,5,traffic_signals,,POINT (2.3297256 48.8418681),30,54,3054
471633828,48.8447218,2.3212915,3,traffic_signals,,POINT (2.3212915 48.8447218),33,50,3350
473111523,48.8353717,2.3876951,1,,,POINT (2.3876951 48.8353717),22,84,2284
476509519,48.8799552,2.401377,3,,,POINT (2.401377 48.8799552),74,92,7492
476509694,48.880166,2.40145,3,,,POINT (2.40145 48.880166),74,92,7492
477019228,48.838654,2.3895741,3,,,POINT (2.3895741 48.838654),26,85,2685
480690113,48.8266251,2.3635598,4,,,POINT (2.3635598 48.8266251),12,72,1272
486573283,48.8196777,2.3416196,3,,,POINT (2.3416196 48.8196777),4,60,460
489474367,48.8529367,2.3432549,2,,,POINT (2.3432549 48.8529367),43,61,4361
494003059,48.8262907,2.341748,3,,,POINT (2.341748 48.8262907),12,60,1260
494003064,48.8212813,2.3423441,3,,,POINT (2.3423441 48.8212813),6,61,661
495986890,48.8723402,2.2963387,3,traffic_signals,,POINT (2.2963387 48.8723402),65,36,6536
497112794,48.8987327,2.3236018,3,,,POINT (2.3236018 48.8987327),96,51,9651
497113288,48.8934758,2.329429,3,traffic_signals,,POINT (2.329429 48.8934758),90,54,9054
497113322,48.8919487,2.3223574,3,,,POINT (2.3223574 48.8919487),88,50,8850
497423981,48.8741894,2.3585404,3,,,POINT (2.3585404 48.8741894),67,69,6769
497426544,48.8807264,2.3624311,4,traffic_signals,,POINT (2.3624311 48.8807264),75,71,7571
497428120,48.8757094,2.3095549,3,,,POINT (2.3095549 48.8757094),69,43,6943
497719840,48.88106,2.2930218,1,,,POINT (2.2930218 48.88106),75,35,7535
500468290,48.8538564,2.3114414,3,,,POINT (2.3114414 48.8538564),44,44,4444
500474838,48.8463138,2.3066133,3,,,POINT (2.3066133 48.8463138),35,42,3542
500581682,48.8719777,2.3918768,3,,,POINT (2.3918768 48.8719777),65,87,6587
501556367,48.8359636,2.2937013,3,traffic_signals,,POINT (2.2937013 48.8359636),23,35,2335
501556523,48.8383347,2.2939906,3,,,POINT (2.2939906 48.8383347),26,35,2635
501556532,48.8375386,2.2982904,3,,,POINT (2.2982904 48.8375386),25,37,2537
501556534,48.8360774,2.3004017,3,,,POINT (2.3004017 48.8360774),23,39,2339
501556747,48.8367705,2.3032805,3,,,POINT (2.3032805 48.8367705),24,40,2440
501556937,48.838643,2.3036145,3,,,POINT (2.3036145 48.838643),26,40,2640
501556999,48.8431856,2.3006605,3,,,POINT (2.3006605 48.8431856),31,39,3139
502592122,48.8409823,2.4102154,3,,,POINT (2.4102154 48.8409823),29,96,2996
502604826,48.8665398,2.4081301,3,,,POINT (2.4081301 48.8665398),58,95,5895
502617804,48.8845963,2.3771149,3,,,POINT (2.3771149 48.8845963),79,79,7979
505081268,48.8652618,2.374574,4,,,POINT (2.374574 48.8652618),57,78,5778
505081275,48.8656536,2.3742304,3,,,POINT (2.3742304 48.8656536),57,77,5777
505081278,48.8648776,2.3748282,3,,,POINT (2.3748282 48.8648776),56,78,5678
505081279,48.8650592,2.3747093,4,traffic_signals,,POINT (2.3747093 48.8650592),57,78,5778
505820709,48.8224059,2.3715695,4,,,POINT (2.3715695 48.8224059),7,76,776
505820718,48.8217032,2.3693568,4,,,POINT (2.3693568 48.8217032),6,75,675
505820719,48.8213003,2.3696916,3,,,POINT (2.3696916 48.8213003),6,75,675
505829788,48.8243386,2.3656788,3,,,POINT (2.3656788 48.8243386),9,73,973
506296092,48.8223659,2.3553525,3,,,POINT (2.3553525 48.8223659),7,67,767
506307861,48.8262351,2.3634348,3,,,POINT (2.3634348 48.8262351),12,72,1272
506370673,48.8312351,2.3638752,3,,,POINT (2.3638752 48.8312351),17,72,1772
506370677,48.8313146,2.3640529,3,,,POINT (2.3640529 48.8313146),17,72,1772
506370692,48.8313135,2.3641438,3,,,POINT (2.3641438 48.8313135),17,72,1772
506876969,48.8284114,2.3803418,4,,,POINT (2.3803418 48.8284114),14,81,1481
506877284,48.828042,2.3806968,4,,,POINT (2.3806968 48.828042),14,81,1481
507047961,48.847263,2.3271803,4,traffic_signals,,POINT (2.3271803 48.847263),36,53,3653
507047963,48.8472115,2.3274508,3,,,POINT (2.3274508 48.8472115),36,53,3653
507164476,48.8250544,2.3572077,3,,,POINT (2.3572077 48.8250544),10,68,1068
507164504,48.8250729,2.3573008,3,,,POINT (2.3573008 48.8250729),10,68,1068
507255428,48.849578,2.3561875,3,traffic_signals,,POINT (2.3561875 48.849578),39,68,3968
507256883,48.8492523,2.3572253,3,,,POINT (2.3572253 48.8492523),38,68,3868
507901583,48.8469461,2.393272,3,,,POINT (2.393272 48.8469461),36,87,3687
507901586,48.8465366,2.3936473,1,,,POINT (2.3936473 48.8465366),35,88,3588
510438311,48.8692412,2.3623739,3,,,POINT (2.3623739 48.8692412),62,71,6271
510569646,48.8350705,2.3331108,3,,,POINT (2.3331108 48.8350705),22,56,2256
510569676,48.8345482,2.332532,4,,,POINT (2.332532 48.8345482),21,55,2155
510569722,48.8337236,2.3318624,4,,,POINT (2.3318624 48.8337236),20,55,2055
510569861,48.8344699,2.3339231,3,,,POINT (2.3339231 48.8344699),21,56,2156
510573313,48.8343402,2.3325976,3,traffic_signals,,POINT (2.3325976 48.8343402),21,55,2155
510573315,48.8343672,2.3328646,4,,,POINT (2.3328646 48.8343672),21,56,2156
510573326,48.8332819,2.3315819,3,crossing,,POINT (2.3315819 48.8332819),20,55,2055
510582029,48.8342836,2.3322836,3,,,POINT (2.3322836 48.8342836),21,55,2155
510724985,48.8908034,2.3421189,1,,,POINT (2.3421189 48.8908034),87,60,8760
510724989,48.8906687,2.3413873,1,,,POINT (2.3413873 48.8906687),86,60,8660
510725003,48.8901246,2.3415311,1,,,POINT (2.3415311 48.8901246),86,60,8660
510920927,48.8831943,2.3467868,3,,,POINT (2.3467868 48.8831943),78,63,7863
512468013,48.8891094,2.3785597,4,,,POINT (2.3785597 48.8891094),85,80,8580
512472370,48.8935498,2.37604,3,,,POINT (2.37604 48.8935498),90,78,9078
512472569,48.8946265,2.3741143,3,,,POINT (2.3741143 48.8946265),91,77,9177
513972750,48.8327368,2.3115395,4,,,POINT (2.3115395 48.8327368),19,44,1944
524699822,48.8664398,2.3719933,3,,,POINT (2.3719933 48.8664398),58,76,5876
530229211,48.8771876,2.3823967,3,,,POINT (2.3823967 48.8771876),71,82,7182
532310323,48.8467065,2.3723961,3,,,POINT (2.3723961 48.8467065),35,76,3576
532310367,48.8468443,2.3722641,3,,,POINT (2.3722641 48.8468443),36,76,3676
538919293,48.8466898,2.3505933,1,,,POINT (2.3505933 48.8466898),35,65,3565
546174059,48.8307275,2.2969261,3,crossing,,POINT (2.2969261 48.8307275),17,37,1737
546174062,48.8307607,2.2968507,3,,,POINT (2.2968507 48.8307607),17,37,1737
549777113,48.8423742,2.3535862,3,,,POINT (2.3535862 48.8423742),30,67,3067
549777115,48.842243,2.3536228,3,,,POINT (2.3536228 48.842243),30,67,3067
549777118,48.8421113,2.3536632,3,,,POINT (2.3536632 48.8421113),30,67,3067
549777225,48.8423938,2.3544846,3,,,POINT (2.3544846 48.8423938),30,67,3067
549777227,48.8422763,2.3545142,3,,,POINT (2.3545142 48.8422763),30,67,3067
549792392,48.8421701,2.3520533,4,,,POINT (2.3520533 48.8421701),30,66,3066
549792393,48.842208,2.3526594,4,,,POINT (2.3526594 48.842208),30,66,3066
555509547,48.8251136,2.3887981,4,traffic_signals,,POINT (2.3887981 48.8251136),10,85,1085
556195065,48.8340096,2.4112867,3,,,POINT (2.4112867 48.8340096),21,97,2197
556198128,48.834298,2.4113057,3,,,POINT (2.4113057 48.834298),21,97,2197
556198394,48.8340363,2.4106469,3,,,POINT (2.4106469 48.8340363),21,97,2197
558304066,48.836865,2.3560187,3,,,POINT (2.3560187 48.836865),24,68,2468
558381400,48.833642,2.3819421,3,,,POINT (2.3819421 48.833642),20,81,2081
558381428,48.8333513,2.3823222,3,,,POINT (2.3823222 48.8333513),20,82,2082
558381579,48.8323019,2.384103,3,,,POINT (2.384103 48.8323019),19,83,1983
558381585,48.8335564,2.3826949,3,,,POINT (2.3826949 48.8335564),20,82,2082
558381613,48.8338429,2.3823139,3,,,POINT (2.3823139 48.8338429),20,82,2082
558382444,48.8387756,2.3755956,3,traffic_signals,,POINT (2.3755956 48.8387756),26,78,2678
558457800,48.8211505,2.3505435,3,,,POINT (2.3505435 48.8211505),6,65,665
558963058,48.8503587,2.4074795,3,,,POINT (2.4074795 48.8503587),40,95,4095
558984885,48.8463047,2.3944322,3,,,POINT (2.3944322 48.8463047),35,88,3588
559063588,48.8649061,2.3881223,3,,,POINT (2.3881223 48.8649061),57,85,5785
559642338,48.8868561,2.3668339,3,,,POINT (2.3668339 48.8868561),82,74,8274
559642340,48.886821,2.3684948,3,,,POINT (2.3684948 48.886821),82,74,8274
559672024,48.882831,2.3593414,3,,,POINT (2.3593414 48.882831),77,70,7770
560860385,48.8579688,2.3899634,3,,,POINT (2.3899634 48.8579688),48,86,4886
560860387,48.8584578,2.3898461,3,,,POINT (2.3898461 48.8584578),49,86,4986
560860390,48.8583367,2.3896567,3,,,POINT (2.3896567 48.8583367),49,86,4986
566746097,48.859666,2.4030888,3,,,POINT (2.4030888 48.859666),50,93,5093
566748730,48.8586084,2.4041371,3,,,POINT (2.4041371 48.8586084),49,93,4993
566749675,48.8594344,2.403331,3,,,POINT (2.403331 48.8594344),50,93,5093
567367734,48.8633318,2.4111129,3,,,POINT (2.4111129 48.8633318),55,97,5597
567367770,48.8638586,2.4128124,1,,,POINT (2.4128124 48.8638586),55,98,5598
567375964,48.8657825,2.3943197,3,,,POINT (2.3943197 48.8657825),58,88,5888
567375980,48.8658481,2.3944154,3,,,POINT (2.3944154 48.8658481),58,88,5888
567392807,48.8447931,2.4023608,3,traffic_signals,,POINT (2.4023608 48.8447931),33,92,3392
567392811,48.8396297,2.3995222,3,,,POINT (2.3995222 48.8396297),27,91,2791
567392996,48.8403938,2.4024413,3,,,POINT (2.4024413 48.8403938),28,92,2892
568195270,48.8329975,2.3901029,3,,,POINT (2.3901029 48.8329975),19,86,1986
568421601,48.8539646,2.3648678,1,,,POINT (2.3648678 48.8539646),44,72,4472
568421719,48.8527358,2.3678283,3,,,POINT (2.3678283 48.8527358),42,74,4274
568421754,48.8525466,2.3680317,3,,,POINT (2.3680317 48.8525466),42,74,4274
568446365,48.8328919,2.3281353,3,,,POINT (2.3281353 48.8328919),19,53,1953
568456506,48.8244567,2.3196671,3,,,POINT (2.3196671 48.8244567),9,49,949
568456755,48.8247375,2.3183272,4,,,POINT (2.3183272 48.8247375),10,48,1048
568456757,48.8246468,2.3195137,4,,,POINT (2.3195137 48.8246468),10,49,1049
568469944,48.8385232,2.3226197,3,,,POINT (2.3226197 48.8385232),26,50,2650
568753369,48.8826899,2.2831928,3,,,POINT (2.2831928 48.8826899),77,29,7729
568760439,48.8764234,2.2782873,3,,,POINT (2.2782873 48.8764234),70,27,7027
568760458,48.8775503,2.2794985,3,,,POINT (2.2794985 48.8775503),71,28,7128
568789666,48.8786806,2.2800695,4,,,POINT (2.2800695 48.8786806),73,28,7328
568789681,48.8784482,2.2798926,4,,,POINT (2.2798926 48.8784482),72,28,7228
569110007,48.8921272,2.3615718,3,,,POINT (2.3615718 48.8921272),88,71,8871
569110008,48.8932422,2.3618066,3,,,POINT (2.3618066 48.8932422),89,71,8971
571656877,48.8713488,2.2776721,3,,,POINT (2.2776721 48.8713488),64,27,6427
573378157,48.8453937,2.3701902,3,,,POINT (2.3701902 48.8453937),34,75,3475
573391063,48.8467448,2.3719648,3,,,POINT (2.3719648 48.8467448),35,76,3576
573449943,48.8600659,2.3725734,3,,,POINT (2.3725734 48.8600659),51,77,5177
573458028,48.8548157,2.3687336,3,,,POINT (2.3687336 48.8548157),45,75,4575
573458029,48.8548043,2.3681147,3,,,POINT (2.3681147 48.8548043),45,74,4574
576174475,48.8655991,2.4066152,3,,,POINT (2.4066152 48.8655991),57,94,5794
577204569,48.8840669,2.3524198,3,,,POINT (2.3524198 48.8840669),79,66,7966
579576722,48.882958,2.3590873,3,traffic_signals,,POINT (2.3590873 48.882958),77,69,7769
579625588,48.8760104,2.360841,3,,,POINT (2.360841 48.8760104),69,70,6970
582823261,48.8868168,2.3943012,3,,,POINT (2.3943012 48.8868168),82,88,8288
583006276,48.8705295,2.3595018,3,,,POINT (2.3595018 48.8705295),63,70,6370
583011680,48.8819055,2.339665,4,traffic_signals,,POINT (2.339665 48.8819055),76,59,7659
583011683,48.882168,2.3396406,4,traffic_signals,,POINT (2.3396406 48.882168),77,59,7759
583012476,48.8789769,2.3418831,3,,,POINT (2.3418831 48.8789769),73,60,7360
583012481,48.8787725,2.3425626,1,,,POINT (2.3425626 48.8787725),73,61,7361
583014591,48.8741867,2.3371723,3,,,POINT (2.3371723 48.8741867),67,58,6758
583023037,48.8754844,2.3576203,3,,,POINT (2.3576203 48.8754844),69,69,6969
583023059,48.8764638,2.3563103,3,traffic_signals,,POINT (2.3563103 48.8764638),70,68,7068
583023060,48.8761732,2.3578599,4,,,POINT (2.3578599 48.8761732),70,69,7069
583327934,48.8640799,2.2994795,3,,,POINT (2.2994795 48.8640799),56,38,5638
592662444,48.8743251,2.248324,3,,,POINT (2.248324 48.8743251),67,11,6711
597719321,48.8292137,2.2923201,3,,,POINT (2.2923201 48.8292137),15,34,1534
597720280,48.8296248,2.2955534,4,,,POINT (2.2955534 48.8296248),15,36,1536
597723324,48.8291455,2.2990129,3,,,POINT (2.2990129 48.8291455),15,38,1538
597749893,48.8367284,2.306345,3,traffic_signals,,POINT (2.306345 48.8367284),24,42,2442
602124183,48.8943861,2.3379661,1,,,POINT (2.3379661 48.8943861),91,58,9158
602124184,48.8939775,2.3377884,3,,,POINT (2.3377884 48.8939775),90,58,9058
602383485,48.8598629,2.3745497,3,,,POINT (2.3745497 48.8598629),51,78,5178
602383486,48.8591447,2.3749638,3,,,POINT (2.3749638 48.8591447),50,78,5078
602485337,48.8660412,2.3534513,3,,,POINT (2.3534513 48.8660412),58,66,5866
602488255,48.864815,2.3597888,3,,,POINT (2.3597888 48.864815),56,70,5670
602572738,48.8668338,2.3513137,1,,,POINT (2.3513137 48.8668338),59,65,5965
602572739,48.8667502,2.3522603,3,,,POINT (2.3522603 48.8667502),59,66,5966
603010632,48.8620747,2.3726834,3,,,POINT (2.3726834 48.8620747),53,77,5377
603010639,48.8648674,2.3706797,3,,,POINT (2.3706797 48.8648674),56,76,5676
603010640,48.8649642,2.3710458,3,,,POINT (2.3710458 48.8649642),57,76,5776
610483562,48.8386847,2.3565877,1,turning_circle,,POINT (2.3565877 48.8386847),26,68,2668
610483563,48.8387934,2.3569297,3,,,POINT (2.3569297 48.8387934),26,68,2668
613742310,48.8733046,2.3503885,3,,,POINT (2.3503885 48.8733046),66,65,6665
616883318,48.847322,2.3753584,1,traffic_signals,,POINT (2.3753584 48.847322),36,78,3678
619136296,48.859767,2.3718154,3,,,POINT (2.3718154 48.859767),51,76,5176
619543021,48.8450251,2.4025267,3,traffic_signals,,POINT (2.4025267 48.8450251),33,92,3392
621222822,48.8955235,2.3433498,3,,,POINT (2.3433498 48.8955235),92,61,9261
621222823,48.8952406,2.3443112,1,,,POINT (2.3443112 48.8952406),92,62,9262
621239293,48.8583965,2.3800503,3,,,POINT (2.3800503 48.8583965),49,80,4980
621294942,48.8858802,2.382271,4,,,POINT (2.382271 48.8858802),81,82,8182
621295229,48.8860958,2.3830756,4,,,POINT (2.3830756 48.8860958),81,82,8182
621297464,48.8861678,2.3829012,4,,,POINT (2.3829012 48.8861678),81,82,8182
621297501,48.885967,2.3821616,4,,,POINT (2.3821616 48.885967),81,82,8182
621326844,48.8576805,2.3804573,3,traffic_signals,,POINT (2.3804573 48.8576805),48,81,4881
622022886,48.8994906,2.3455665,3,,,POINT (2.3455665 48.8994906),97,62,9762
622024412,48.8962316,2.3451164,1,,,POINT (2.3451164 48.8962316),93,62,9362
622024413,48.8964152,2.345662,3,,,POINT (2.345662 48.8964152),93,62,9362
622496879,48.8392143,2.3082689,4,,,POINT (2.3082689 48.8392143),27,43,2743
622497058,48.8389578,2.3076321,4,,,POINT (2.3076321 48.8389578),26,42,2642
622497519,48.8404135,2.3042474,4,traffic_signals,,POINT (2.3042474 48.8404135),28,41,2841
627574060,48.8726588,2.363405,3,,,POINT (2.363405 48.8726588),66,72,6672
627796632,48.8772185,2.3877281,3,,,POINT (2.3877281 48.8772185),71,85,7185
627797103,48.8767671,2.3859528,3,,,POINT (2.3859528 48.8767671),70,84,7084
627834146,48.8396446,2.3093258,3,,,POINT (2.3093258 48.8396446),27,43,2743
629665568,48.8867049,2.3277328,3,,,POINT (2.3277328 48.8867049),82,53,8253
634433862,48.8587581,2.300489,3,,,POINT (2.300489 48.8587581),49,39,4939
635760387,48.8848042,2.3337289,3,,,POINT (2.3337289 48.8848042),80,56,8056
637680806,48.8991113,2.3292968,3,,,POINT (2.3292968 48.8991113),96,54,9654
638521931,48.8527583,2.2758633,4,traffic_signals,,POINT (2.2758633 48.8527583),42,26,4226
638916061,48.8419165,2.264126,3,,,POINT (2.264126 48.8419165),30,19,3019
638949372,48.8519482,2.2700355,1,,,POINT (2.2700355 48.8519482),41,23,4123
639615016,48.8961686,2.3468152,1,,,POINT (2.3468152 48.8961686),93,63,9363
641377098,48.8334711,2.3197032,1,,,POINT (2.3197032 48.8334711),20,49,2049
650419404,48.8842797,2.3554238,4,traffic_signals,,POINT (2.3554238 48.8842797),79,68,7968
651065159,48.8667342,2.3619861,3,traffic_signals,,POINT (2.3619861 48.8667342),59,71,5971
652028896,48.8806118,2.3521837,3,,,POINT (2.3521837 48.8806118),75,66,7566
654567033,48.8823733,2.3703918,4,,,POINT (2.3703918 48.8823733),77,75,7775
654567034,48.882344,2.3706843,3,,,POINT (2.3706843 48.882344),77,76,7776
654567041,48.8828422,2.3702101,4,,,POINT (2.3702101 48.8828422),77,75,7775
654572261,48.8690046,2.3807017,4,,,POINT (2.3807017 48.8690046),61,81,6181
655295780,48.892163,2.3463413,3,,,POINT (2.3463413 48.892163),88,63,8863
655296199,48.8817963,2.3449758,3,,,POINT (2.3449758 48.8817963),76,62,7662
655302657,48.8846418,2.329653,4,traffic_signals,,POINT (2.329653 48.8846418),79,54,7954
659451855,48.8642422,2.400448,3,,,POINT (2.400448 48.8642422),56,91,5691
659728069,48.8454274,2.2672801,3,traffic_signals,,POINT (2.2672801 48.8454274),34,21,3421
659728099,48.8454722,2.2674072,3,,,POINT (2.2674072 48.8454722),34,21,3421
659902147,48.8309342,2.3545311,3,,,POINT (2.3545311 48.8309342),17,67,1767
663044406,48.8746373,2.3569373,3,,,POINT (2.3569373 48.8746373),68,68,6868
663044417,48.8744915,2.3571744,3,crossing,,POINT (2.3571744 48.8744915),68,68,6868
663047671,48.8762665,2.3578924,3,,,POINT (2.3578924 48.8762665),70,69,7069
663047672,48.8759471,2.3594895,3,,,POINT (2.3594895 48.8759471),69,70,6970
663239121,48.8847592,2.2985636,3,,,POINT (2.2985636 48.8847592),80,38,8038
663240085,48.8863384,2.2954237,3,,,POINT (2.2954237 48.8863384),81,36,8136
663249339,48.8689156,2.3555298,3,crossing,,POINT (2.3555298 48.8689156),61,68,6168
664130869,48.8611997,2.3206172,3,,,POINT (2.3206172 48.8611997),52,49,5249
664135582,48.860045,2.3215881,2,,,POINT (2.3215881 48.860045),51,50,5150
664205947,48.8520021,2.3399381,3,,,POINT (2.3399381 48.8520021),42,59,4259
664205951,48.8519902,2.3396836,3,,,POINT (2.3396836 48.8519902),41,59,4159
664256916,48.8494188,2.3548381,3,,,POINT (2.3548381 48.8494188),38,67,3867
664256921,48.8493362,2.3559335,4,traffic_signals,,POINT (2.3559335 48.8493362),38,68,3868
664256922,48.84933,2.3561063,4,traffic_signals,,POINT (2.3561063 48.84933),38,68,3868
665070909,48.8712858,2.3605439,3,,,POINT (2.3605439 48.8712858),64,70,6470
665070912,48.8715058,2.3603471,4,,,POINT (2.3603471 48.8715058),64,70,6470
665071041,48.8785884,2.352232,1,,,POINT (2.352232 48.8785884),72,66,7266
665321094,48.8464383,2.3666783,3,,,POINT (2.3666783 48.8464383),35,73,3573
666885557,48.8576424,2.2999358,3,crossing,,POINT (2.2999358 48.8576424),48,38,4838
666941109,48.8594762,2.301486,3,,,POINT (2.301486 48.8594762),50,39,5039
666941110,48.8594203,2.3013051,3,,,POINT (2.3013051 48.8594203),50,39,5039
666941135,48.8596527,2.301297,3,,,POINT (2.301297 48.8596527),50,39,5039
666946376,48.85577,2.3051267,2,,,POINT (2.3051267 48.85577),46,41,4641
666949021,48.8571885,2.3044488,2,,,POINT (2.3044488 48.8571885),48,41,4841
666949200,48.8570624,2.3041625,2,,,POINT (2.3041625 48.8570624),47,41,4741
666986356,48.8453801,2.276237,3,,,POINT (2.276237 48.8453801),34,26,3426
672221668,48.8986568,2.3665541,3,,,POINT (2.3665541 48.8986568),96,73,9673
672221670,48.8989547,2.3665411,3,,,POINT (2.3665411 48.8989547),96,73,9673
672221671,48.8986969,2.3683735,4,,,POINT (2.3683735 48.8986969),96,74,9674
672221673,48.8989941,2.3683565,3,,,POINT (2.3683565 48.8989941),96,74,9674
673770416,48.832751,2.2787424,3,traffic_signals,,POINT (2.2787424 48.832751),19,27,1927
673770421,48.8326676,2.2789838,3,traffic_signals,,POINT (2.2789838 48.8326676),19,27,1927
673770423,48.8325733,2.2792468,3,,,POINT (2.2792468 48.8325733),19,27,1927
673770429,48.8321038,2.2806435,4,traffic_signals,,POINT (2.2806435 48.8321038),18,28,1828
673951401,48.8451561,2.2975698,3,traffic_signals,,POINT (2.2975698 48.8451561),34,37,3437
674728522,48.8970785,2.3581902,1,,,POINT (2.3581902 48.8970785),94,69,9469
674873020,48.8250817,2.316834,3,,,POINT (2.316834 48.8250817),10,47,1047
674873025,48.8257004,2.314041,3,,,POINT (2.314041 48.8257004),11,46,1146
674873075,48.8262795,2.3114214,3,,,POINT (2.3114214 48.8262795),12,44,1244
675140522,48.8490586,2.2812263,3,,,POINT (2.2812263 48.8490586),38,28,3828
675140607,48.8493137,2.2816673,4,traffic_signals,,POINT (2.2816673 48.8493137),38,29,3829
675140728,48.8500292,2.2825344,3,,,POINT (2.2825344 48.8500292),39,29,3929
675140747,48.8508289,2.2836808,3,,,POINT (2.2836808 48.8508289),40,30,4030
675140823,48.8526078,2.2861728,3,,,POINT (2.2861728 48.8526078),42,31,4231
676374306,48.8419334,2.3224657,3,,,POINT (2.3224657 48.8419334),30,50,3050
676374317,48.842088,2.3226592,3,,,POINT (2.3226592 48.842088),30,50,3050
676384938,48.8393486,2.3300328,3,traffic_signals,,POINT (2.3300328 48.8393486),27,54,2754
676384941,48.8395054,2.3301701,3,,,POINT (2.3301701 48.8395054),27,54,2754
676633351,48.8393359,2.2542027,3,,,POINT (2.2542027 48.8393359),27,14,2714
676636029,48.8383177,2.2551751,4,,,POINT (2.2551751 48.8383177),26,15,2615
676727427,48.8561022,2.3428252,3,,,POINT (2.3428252 48.8561022),46,61,4661
676728036,48.8569984,2.3414308,3,,,POINT (2.3414308 48.8569984),47,60,4760
676728040,48.8568509,2.34181,3,,,POINT (2.34181 48.8568509),47,60,4760
676728069,48.8565642,2.3431932,3,,,POINT (2.3431932 48.8565642),47,61,4761
676728070,48.8569221,2.3434783,3,,,POINT (2.3434783 48.8569221),47,61,4761
676758859,48.8557924,2.3424924,3,,,POINT (2.3424924 48.8557924),46,61,4661
676758863,48.8543358,2.3449201,4,traffic_signals,,POINT (2.3449201 48.8543358),44,62,4462
676758884,48.856958,2.3411859,3,,,POINT (2.3411859 48.856958),47,60,4760
676788922,48.8571372,2.3413568,3,,,POINT (2.3413568 48.8571372),47,60,4760
676821311,48.8582382,2.3433672,3,,,POINT (2.3433672 48.8582382),49,61,4961
676821315,48.8579631,2.3443842,3,,,POINT (2.3443842 48.8579631),48,62,4862
676821316,48.8576865,2.3454202,3,,,POINT (2.3454202 48.8576865),48,62,4862
676821317,48.8582218,2.3450919,3,,,POINT (2.3450919 48.8582218),49,62,4962
676821319,48.8583425,2.3446263,4,,,POINT (2.3446263 48.8583425),49,62,4962
676821342,48.8589848,2.3449192,3,,,POINT (2.3449192 48.8589848),50,62,5062
676821343,48.8592688,2.3450554,3,,,POINT (2.3450554 48.8592688),50,62,5062
676821355,48.8588524,2.3462074,3,,,POINT (2.3462074 48.8588524),49,63,4963
676821358,48.8582906,2.3472939,3,,,POINT (2.3472939 48.8582906),49,63,4963
676872513,48.8586363,2.3460259,3,,,POINT (2.3460259 48.8586363),49,63,4963
676872605,48.8593379,2.3467319,1,,,POINT (2.3467319 48.8593379),50,63,5063
676890491,48.8572927,2.3469263,3,,,POINT (2.3469263 48.8572927),48,63,4863
676890544,48.8578925,2.3471833,4,traffic_signals,,POINT (2.3471833 48.8578925),48,63,4863
676890545,48.8577244,2.3477767,4,traffic_signals,,POINT (2.3477767 48.8577244),48,63,4863
677104497,48.8556672,2.3483197,4,traffic_signals,,POINT (2.3483197 48.8556672),46,64,4664
677151951,48.8535923,2.3471139,3,traffic_signals,,POINT (2.3471139 48.8535923),43,63,4363
677182851,48.85315,2.3505561,1,,,POINT (2.3505561 48.85315),43,65,4365
677182855,48.85365,2.3509197,3,,,POINT (2.3509197 48.85365),43,65,4365
677182858,48.8543844,2.3497523,3,,,POINT (2.3497523 48.8543844),44,65,4465
677185710,48.8550649,2.3502619,4,traffic_signals,,POINT (2.3502619 48.8550649),45,65,4565
677538481,48.8798004,2.3997712,1,,,POINT (2.3997712 48.8798004),74,91,7491
677773445,48.8314042,2.2920646,3,,,POINT (2.2920646 48.8314042),18,34,1834
678414455,48.8313404,2.3662781,3,traffic_signals,,POINT (2.3662781 48.8313404),17,73,1773
678855680,48.8636428,2.342729,3,,,POINT (2.342729 48.8636428),55,61,5561
681534715,48.8659604,2.3395712,1,,,POINT (2.3395712 48.8659604),58,59,5859
682260647,48.872767,2.3894215,3,,,POINT (2.3894215 48.872767),66,85,6685
682260684,48.872805,2.3895398,3,,,POINT (2.3895398 48.872805),66,85,6685
682294054,48.8663093,2.3341623,3,traffic_signals,,POINT (2.3341623 48.8663093),58,56,5856
683035631,48.8469106,2.3723468,3,,,POINT (2.3723468 48.8469106),36,76,3676
683035635,48.8474581,2.3731367,3,,,POINT (2.3731367 48.8474581),36,77,3677
684474620,48.8427878,2.2952579,3,,,POINT (2.2952579 48.8427878),31,36,3136
684489623,48.8450452,2.2895278,4,,,POINT (2.2895278 48.8450452),33,33,3333
685227225,48.8909604,2.3579522,1,,,POINT (2.3579522 48.8909604),87,69,8769
685227227,48.8910365,2.3599405,3,,,POINT (2.3599405 48.8910365),87,70,8770
687994166,48.8662809,2.3409768,1,,,POINT (2.3409768 48.8662809),58,60,5860
689143329,48.8689761,2.3330281,3,,,POINT (2.3330281 48.8689761),61,56,6156
690200701,48.8629791,2.3874585,4,,,POINT (2.3874585 48.8629791),54,84,5484
690886612,48.8731807,2.3588478,3,,,POINT (2.3588478 48.8731807),66,69,6669
691082353,48.8678958,2.3473895,1,,,POINT (2.3473895 48.8678958),60,63,6063
691194027,48.8640403,2.3313721,1,,,POINT (2.3313721 48.8640403),55,55,5555
691194068,48.8647002,2.3293282,1,,,POINT (2.3293282 48.8647002),56,54,5654
691194134,48.8653522,2.3273072,1,,,POINT (2.3273072 48.8653522),57,53,5753
691194159,48.8660804,2.3250682,1,,,POINT (2.3250682 48.8660804),58,52,5852
691304751,48.8579579,2.380304,3,traffic_signals,,POINT (2.380304 48.8579579),48,81,4881
691418861,48.8489056,2.3989982,2,,,POINT (2.3989982 48.8489056),38,90,3890
692364452,48.869312,2.3542461,4,traffic_signals,,POINT (2.3542461 48.869312),62,67,6267
693515561,48.8563185,2.3566154,2,traffic_signals,,POINT (2.3566154 48.8563185),47,68,4768
693583565,48.8615266,2.3391476,1,,,POINT (2.3391476 48.8615266),53,59,5359
693583593,48.8593685,2.3456953,1,,,POINT (2.3456953 48.8593685),50,62,5062
693605057,48.8622194,2.3370162,1,,,POINT (2.3370162 48.8622194),53,58,5358
695200433,48.849369,2.3457032,3,,,POINT (2.3457032 48.849369),38,62,3862
695566727,48.8547311,2.2884232,3,traffic_signals,,POINT (2.2884232 48.8547311),45,32,4532
697290978,48.8384055,2.388983,1,,,POINT (2.388983 48.8384055),26,85,2685
697813609,48.8558253,2.3684984,4,traffic_signals,,POINT (2.3684984 48.8558253),46,74,4674
697887996,48.8602794,2.3562969,3,,,POINT (2.3562969 48.8602794),51,68,5168
697888000,48.8595604,2.3555637,1,,,POINT (2.3555637 48.8595604),50,68,5068
698058860,48.8545234,2.3588347,4,,,POINT (2.3588347 48.8545234),44,69,4469
699045729,48.8558238,2.3563573,4,,,POINT (2.3563573 48.8558238),46,68,4668
699897363,48.8588917,2.3517027,1,,,POINT (2.3517027 48.8588917),50,66,5066
702932776,48.8638213,2.3911144,3,,,POINT (2.3911144 48.8638213),55,86,5586
702932983,48.8643016,2.3910003,3,,,POINT (2.3910003 48.8643016),56,86,5686
702936442,48.8675282,2.3901418,1,,,POINT (2.3901418 48.8675282),60,86,6086
702937926,48.8673193,2.3906787,3,,,POINT (2.3906787 48.8673193),59,86,5986
702937969,48.8676473,2.3887744,2,,,POINT (2.3887744 48.8676473),60,85,6085
702947206,48.8694898,2.4059044,3,,,POINT (2.4059044 48.8694898),62,94,6294
702948205,48.8701654,2.405026,3,,,POINT (2.405026 48.8701654),63,94,6394
703684349,48.832025,2.3274337,3,,,POINT (2.3274337 48.832025),18,53,1853
703684350,48.8321375,2.3269911,3,,,POINT (2.3269911 48.8321375),18,53,1853
703726824,48.8276399,2.3810826,4,traffic_signals,,POINT (2.3810826 48.8276399),13,81,1381
705465617,48.8880605,2.3953825,3,,,POINT (2.3953825 48.8880605),83,89,8389
705465621,48.8882821,2.3958606,3,,,POINT (2.3958606 48.8882821),84,89,8489
705473369,48.8864488,2.3939571,3,,,POINT (2.3939571 48.8864488),82,88,8288
706197426,48.8653756,2.3535339,4,,,POINT (2.3535339 48.8653756),57,67,5767
706685362,48.8691098,2.355164,3,traffic_signals,,POINT (2.355164 48.8691098),61,67,6167
707878672,48.8447221,2.4057386,4,,,POINT (2.4057386 48.8447221),33,94,3394
707883928,48.8449073,2.4029012,3,,,POINT (2.4029012 48.8449073),33,92,3392
707895445,48.844478,2.4065708,3,,,POINT (2.4065708 48.844478),33,94,3394
707939104,48.8473996,2.4063818,4,,,POINT (2.4063818 48.8473996),36,94,3694
707939108,48.8475101,2.406401,4,,,POINT (2.406401 48.8475101),36,94,3694
707939159,48.847985,2.4064197,3,,,POINT (2.4064197 48.847985),37,94,3794
707939189,48.8475248,2.4062281,4,,,POINT (2.4062281 48.8475248),36,94,3694
707939371,48.8481547,2.3992048,4,,,POINT (2.3992048 48.8481547),37,91,3791
707939376,48.848166,2.3990792,4,,,POINT (2.3990792 48.848166),37,90,3790
707939385,48.8483538,2.3975157,4,,,POINT (2.3975157 48.8483538),37,90,3790
707939429,48.8480293,2.3991832,4,,,POINT (2.3991832 48.8480293),37,91,3791
707939435,48.8474149,2.4062071,4,,,POINT (2.4062071 48.8474149),36,94,3694
707939908,48.8480393,2.3990573,4,,,POINT (2.3990573 48.8480393),37,90,3790
707940618,48.847392,2.4077322,3,,,POINT (2.4077322 48.847392),36,95,3695
707983018,48.8477617,2.4064431,3,,,POINT (2.4064431 48.8477617),37,94,3794
707983023,48.8477702,2.4062759,4,,,POINT (2.4062759 48.8477702),37,94,3794
708253753,48.8654587,2.3561081,4,,,POINT (2.3561081 48.8654587),57,68,5768
718667060,48.8686924,2.363329,3,,,POINT (2.363329 48.8686924),61,72,6172
724314039,48.8760978,2.3947808,3,,,POINT (2.3947808 48.8760978),70,88,7088
725031242,48.8235168,2.3194608,3,,,POINT (2.3194608 48.8235168),8,49,849
728241826,48.843906,2.4086356,1,,,POINT (2.4086356 48.843906),32,96,3296
728342886,48.855024,2.326291,3,,,POINT (2.326291 48.855024),45,52,4552
728342901,48.8547949,2.3268236,1,,,POINT (2.3268236 48.8547949),45,52,4552
728471621,48.8647547,2.317587,3,,,POINT (2.317587 48.8647547),56,48,5648
728475972,48.865047,2.316036,3,,,POINT (2.316036 48.865047),57,47,5747
728475987,48.8648814,2.3163799,3,,,POINT (2.3163799 48.8648814),56,47,5647
729079688,48.8376033,2.3224107,3,traffic_signals,,POINT (2.3224107 48.8376033),25,50,2550
746980318,48.8574802,2.389079,1,,,POINT (2.389079 48.8574802),48,85,4885
746980321,48.8582595,2.3886683,3,,,POINT (2.3886683 48.8582595),49,85,4985
746988315,48.8581566,2.3881379,3,,,POINT (2.3881379 48.8581566),49,85,4985
746988337,48.8573262,2.3885253,1,,,POINT (2.3885253 48.8573262),48,85,4885
747483919,48.839985,2.2718731,3,,,POINT (2.2718731 48.839985),28,24,2824
769869043,48.8317685,2.3544011,3,,,POINT (2.3544011 48.8317685),18,67,1867
773240540,48.8619705,2.4013269,3,,,POINT (2.4013269 48.8619705),53,92,5392
773240541,48.8625249,2.4023425,1,,,POINT (2.4023425 48.8625249),54,92,5492
774707032,48.8515552,2.3853454,1,,,POINT (2.3853454 48.8515552),41,83,4183
774720074,48.8567895,2.3731653,3,,,POINT (2.3731653 48.8567895),47,77,4777
774720077,48.8567709,2.3742378,3,,,POINT (2.3742378 48.8567709),47,77,4777
774793077,48.8588314,2.3703649,3,,,POINT (2.3703649 48.8588314),49,75,4975
774793082,48.8590421,2.3714907,3,,,POINT (2.3714907 48.8590421),50,76,5076
778289757,48.8652237,2.3556592,3,,,POINT (2.3556592 48.8652237),57,68,5768
783324776,48.8473672,2.3408648,3,traffic_signals,,POINT (2.3408648 48.8473672),36,60,3660
786142279,48.8520856,2.329883,5,traffic_signals,,POINT (2.329883 48.8520856),42,54,4254
788760763,48.8397497,2.3365577,4,,,POINT (2.3365577 48.8397497),27,58,2758
788761933,48.8396159,2.3365808,4,,,POINT (2.3365808 48.8396159),27,58,2758
788761952,48.8396827,2.3367556,5,,,POINT (2.3367556 48.8396827),27,58,2758
789930180,48.8425172,2.2513414,3,,,POINT (2.2513414 48.8425172),30,13,3013
795606558,48.8728008,2.3543692,3,,,POINT (2.3543692 48.8728008),66,67,6667
797804097,48.8900435,2.3907741,1,,,POINT (2.3907741 48.8900435),86,86,8686
802783930,48.8472304,2.3163848,3,,,POINT (2.3163848 48.8472304),36,47,3647
806348995,48.8750483,2.376298,2,,,POINT (2.376298 48.8750483),68,78,6878
817304157,48.8732548,2.3268285,3,,,POINT (2.3268285 48.8732548),66,52,6652
817304290,48.8737862,2.3268832,4,traffic_signals,,POINT (2.3268832 48.8737862),67,52,6752
819175761,48.8796621,2.3268863,2,,,POINT (2.3268863 48.8796621),74,52,7452
821879336,48.8834361,2.3276856,3,,,POINT (2.3276856 48.8834361),78,53,7853
822185509,48.8819527,2.3145428,3,,,POINT (2.3145428 48.8819527),76,46,7646
822185544,48.881753,2.3144698,3,,,POINT (2.3144698 48.881753),76,46,7646
826086259,48.8736422,2.3283516,1,,,POINT (2.3283516 48.8736422),67,53,6753
826278651,48.8240972,2.3277612,3,,,POINT (2.3277612 48.8240972),9,53,953
826819727,48.8775262,2.3106057,4,,,POINT (2.3106057 48.8775262),71,44,7144
826819888,48.8775976,2.3104392,3,,,POINT (2.3104392 48.8775976),71,44,7144
827009036,48.8232351,2.3256156,4,,,POINT (2.3256156 48.8232351),8,52,852
827009053,48.8232714,2.3254625,3,,,POINT (2.3254625 48.8232714),8,52,852
827975690,48.8804527,2.3094281,3,traffic_signals,,POINT (2.3094281 48.8804527),75,43,7543
828134609,48.8745379,2.305122,3,traffic_signals,,POINT (2.305122 48.8745379),68,41,6841
829132672,48.8701598,2.3013118,3,,,POINT (2.3013118 48.8701598),63,39,6339
833088564,48.865724,2.2996413,2,,,POINT (2.2996413 48.865724),57,38,5738
838040829,48.8585003,2.2844048,3,,,POINT (2.2844048 48.8585003),49,30,4930
847813980,48.8632555,2.3338089,1,,,POINT (2.3338089 48.8632555),55,56,5556
867319337,48.8976134,2.3890562,3,,,POINT (2.3890562 48.8976134),95,85,9585
880438434,48.8344887,2.2617073,3,,,POINT (2.2617073 48.8344887),21,18,2118
881040285,48.870982,2.3969102,1,,,POINT (2.3969102 48.870982),64,89,6489
881040296,48.8717222,2.3960753,1,,,POINT (2.3960753 48.8717222),64,89,6489
881040299,48.8719555,2.3958588,3,,,POINT (2.3958588 48.8719555),65,89,6589
883295055,48.8864731,2.3693408,3,,,POINT (2.3693408 48.8864731),82,75,8275
883295063,48.8866134,2.3693024,3,,,POINT (2.3693024 48.8866134),82,75,8275
883296977,48.8864249,2.3691574,3,,,POINT (2.3691574 48.8864249),82,75,8275
883335108,48.8829918,2.3715391,3,,,POINT (2.3715391 48.8829918),78,76,7876
884159244,48.8768526,2.374401,3,,,POINT (2.374401 48.8768526),70,77,7077
884203677,48.8964122,2.3841428,3,traffic_signals,,POINT (2.3841428 48.8964122),93,83,9383
884211905,48.8912396,2.3773557,3,,,POINT (2.3773557 48.8912396),87,79,8779
884214101,48.8931716,2.3798518,3,,,POINT (2.3798518 48.8931716),89,80,8980
884256919,48.8894832,2.3839645,3,,,POINT (2.3839645 48.8894832),85,83,8583
899090648,48.8644764,2.4089972,3,,,POINT (2.4089972 48.8644764),56,96,5696
904150573,48.8671632,2.4050275,3,,,POINT (2.4050275 48.8671632),59,94,5994
905147217,48.8887873,2.3796973,3,,,POINT (2.3796973 48.8887873),84,80,8480
906068109,48.8752168,2.3546637,1,,,POINT (2.3546637 48.8752168),68,67,6867
906488275,48.8810092,2.404182,3,,,POINT (2.404182 48.8810092),75,93,7593
910585323,48.8278217,2.3301792,3,,,POINT (2.3301792 48.8278217),13,54,1354
910850012,48.8734616,2.3297129,2,,,POINT (2.3297129 48.8734616),66,54,6654
913551491,48.8278807,2.3790432,2,,,POINT (2.3790432 48.8278807),13,80,1380
917024611,48.8853648,2.3325493,1,,,POINT (2.3325493 48.8853648),80,55,8055
917024612,48.8858094,2.3325002,1,,,POINT (2.3325002 48.8858094),81,55,8155
918101328,48.8518657,2.3737872,3,,,POINT (2.3737872 48.8518657),41,77,4177
921170499,48.8222495,2.3464661,3,traffic_signals,,POINT (2.3464661 48.8222495),7,63,763
921170503,48.8222075,2.3467681,3,,,POINT (2.3467681 48.8222075),7,63,763
921170515,48.8247401,2.3466609,3,,,POINT (2.3466609 48.8247401),10,63,1063
921170521,48.8250484,2.3466503,3,,,POINT (2.3466503 48.8250484),10,63,1063
925390079,48.8641209,2.2987352,1,,,POINT (2.2987352 48.8641209),56,38,5638
925849932,48.8630903,2.2921778,3,,,POINT (2.2921778 48.8630903),54,34,5434
925869772,48.8671955,2.2953643,3,traffic_signals,,POINT (2.2953643 48.8671955),59,36,5936
925936540,48.8626276,2.2924115,3,,,POINT (2.2924115 48.8626276),54,34,5434
929193030,48.8295813,2.3298857,3,,,POINT (2.3298857 48.8295813),15,54,1554
929372127,48.8664286,2.2895302,2,,,POINT (2.2895302 48.8664286),58,33,5833
929442064,48.867855,2.2906023,2,,,POINT (2.2906023 48.867855),60,33,6033
929489083,48.8390176,2.3592384,1,,,POINT (2.3592384 48.8390176),26,70,2670
929508749,48.8383967,2.3567698,3,,,POINT (2.3567698 48.8383967),26,68,2668
929535353,48.8640746,2.2903706,3,traffic_signals,,POINT (2.2903706 48.8640746),56,33,5633
930283192,48.8287283,2.3165776,3,,,POINT (2.3165776 48.8287283),14,47,1447
930283247,48.8291295,2.3064264,3,,,POINT (2.3064264 48.8291295),15,42,1542
931915045,48.8281665,2.302808,3,,,POINT (2.302808 48.8281665),14,40,1440
932340008,48.8622661,2.2870152,3,,,POINT (2.2870152 48.8622661),53,31,5331
932668266,48.8396325,2.3057889,3,,,POINT (2.3057889 48.8396325),27,41,2741
932824995,48.8587828,2.2846461,3,traffic_signals,,POINT (2.2846461 48.8587828),49,30,4930
933223108,48.8264908,2.3712504,2,,,POINT (2.3712504 48.8264908),12,76,1276
933275665,48.8398456,2.3513606,3,traffic_signals,,POINT (2.3513606 48.8398456),27,65,2765
933859767,48.8926165,2.3981759,3,,,POINT (2.3981759 48.8926165),89,90,8990
935170373,48.83542,2.3027019,3,,,POINT (2.3027019 48.83542),22,40,2240
938706566,48.8770963,2.2799707,3,,,POINT (2.2799707 48.8770963),71,28,7128
939747662,48.8748185,2.2788993,3,,,POINT (2.2788993 48.8748185),68,27,6827
942744536,48.8689657,2.2778716,3,,,POINT (2.2778716 48.8689657),61,27,6127
946188278,48.8657377,2.2757582,3,traffic_signals,,POINT (2.2757582 48.8657377),57,26,5726
946188650,48.8657905,2.2759496,3,traffic_signals,,POINT (2.2759496 48.8657905),58,26,5826
948152369,48.8998698,2.3875935,3,,,POINT (2.3875935 48.8998698),97,84,9784
952746620,48.8617974,2.2857642,3,,,POINT (2.2857642 48.8617974),53,31,5331
957319293,48.8581737,2.2744027,3,,,POINT (2.2744027 48.8581737),49,25,4925
958878584,48.8619212,2.2677937,3,,,POINT (2.2677937 48.8619212),53,21,5321
966263995,48.8745072,2.2492705,3,,,POINT (2.2492705 48.8745072),68,12,6812
967224607,48.8536187,2.2262498,3,,,POINT (2.2262498 48.8536187),43,0,4300
967317037,48.8626102,2.2380488,3,,,POINT (2.2380488 48.8626102),54,6,5406
968124676,48.859119,2.2612536,3,,,POINT (2.2612536 48.859119),50,18,5018
968757781,48.8624677,2.3362656,1,,,POINT (2.3362656 48.8624677),54,57,5457
968758003,48.8644369,2.3301389,1,,,POINT (2.3301389 48.8644369),56,54,5654
968764519,48.8567026,2.3549917,1,,,POINT (2.3549917 48.8567026),47,67,4767
968764522,48.85696,2.3538832,2,,,POINT (2.3538832 48.85696),47,67,4767
971476124,48.8765327,2.3443445,4,,,POINT (2.3443445 48.8765327),70,62,7062
971501901,48.8773787,2.3467059,1,,,POINT (2.3467059 48.8773787),71,63,7163
971501937,48.8768079,2.3459341,2,,,POINT (2.3459341 48.8768079),70,63,7063
973809224,48.8756278,2.3802829,3,,,POINT (2.3802829 48.8756278),69,81,6981
973809230,48.8755719,2.38045,1,,,POINT (2.38045 48.8755719),69,81,6981
975372138,48.8566243,2.2662997,3,,,POINT (2.2662997 48.8566243),47,21,4721
975538950,48.8228,2.3121632,3,,,POINT (2.3121632 48.8228),8,45,845
975956753,48.8565319,2.2820358,3,,,POINT (2.2820358 48.8565319),47,29,4729
978607963,48.8402326,2.3126824,3,,,POINT (2.3126824 48.8402326),28,45,2845
978607977,48.8407282,2.3120938,1,,,POINT (2.3120938 48.8407282),28,45,2845
979967550,48.8533383,2.2707744,3,,,POINT (2.2707744 48.8533383),43,23,4323
979967697,48.8534529,2.2709547,3,,,POINT (2.2709547 48.8534529),43,23,4323
981730952,48.8780917,2.3051367,3,,,POINT (2.3051367 48.8780917),72,41,7241
981730959,48.8780079,2.3053125,3,,,POINT (2.3053125 48.8780079),72,41,7241
981730964,48.8781416,2.3052289,3,,,POINT (2.3052289 48.8781416),72,41,7241
981836433,48.8809231,2.3328604,3,,,POINT (2.3328604 48.8809231),75,56,7556
981836464,48.881413,2.3331122,1,,,POINT (2.3331122 48.881413),76,56,7656
987604361,48.8788468,2.3783648,4,,,POINT (2.3783648 48.8788468),73,80,7380
987604377,48.8788819,2.3785022,4,,,POINT (2.3785022 48.8788819),73,80,7380
987604383,48.8786618,2.3783691,3,traffic_signals,,POINT (2.3783691 48.8786618),72,80,7280
987604401,48.8790995,2.3786215,3,traffic_signals,,POINT (2.3786215 48.8790995),73,80,7380
987604420,48.8789529,2.3783587,5,,,POINT (2.3783587 48.8789529),73,80,7380
987644729,48.8772702,2.403386,3,,,POINT (2.403386 48.8772702),71,93,7193
988246569,48.8494265,2.2714487,3,,,POINT (2.2714487 48.8494265),39,23,3923
988247027,48.8494883,2.2713034,3,,,POINT (2.2713034 48.8494883),39,23,3923
989149193,48.8499562,2.2662608,1,turning_circle,,POINT (2.2662608 48.8499562),39,21,3921
989286407,48.8480291,2.2631505,3,,,POINT (2.2631505 48.8480291),37,19,3719
995792731,48.8906067,2.3639222,3,,,POINT (2.3639222 48.8906067),86,72,8672
995792734,48.8912124,2.3640004,3,,,POINT (2.3640004 48.8912124),87,72,8772
995792735,48.8905173,2.3646759,1,,,POINT (2.3646759 48.8905173),86,72,8672
1001475632,48.8453748,2.2562583,3,,,POINT (2.2562583 48.8453748),34,15,3415
1003141736,48.8455791,2.2672158,3,traffic_signals,,POINT (2.2672158 48.8455791),34,21,3421
1011766261,48.8698116,2.3750656,3,,,POINT (2.3750656 48.8698116),62,78,6278
1011766282,48.8707256,2.3743589,1,,,POINT (2.3743589 48.8707256),63,77,6377
1014095237,48.8701304,2.3745524,1,,,POINT (2.3745524 48.8701304),63,78,6378
1014095238,48.8702015,2.3747546,3,,,POINT (2.3747546 48.8702015),63,78,6378
1016452664,48.8408423,2.2647741,3,,,POINT (2.2647741 48.8408423),29,20,2920
1016453099,48.8407614,2.2655857,3,,,POINT (2.2655857 48.8407614),28,20,2820
1016453430,48.8409634,2.2654788,3,traffic_signals,,POINT (2.2654788 48.8409634),29,20,2920
1016454674,48.8409813,2.2650034,3,,,POINT (2.2650034 48.8409813),29,20,2920
1021081007,48.8426438,2.2545377,3,,,POINT (2.2545377 48.8426438),31,14,3114
1021082403,48.8425458,2.2546231,3,,,POINT (2.2546231 48.8425458),31,14,3114
1021083018,48.8426103,2.2547382,3,,,POINT (2.2547382 48.8426103),31,14,3114
1021084784,48.8426829,2.2546514,3,,,POINT (2.2546514 48.8426829),31,14,3114
1025469211,48.8370823,2.2603018,3,,,POINT (2.2603018 48.8370823),24,17,2417
1027145363,48.8363868,2.2568024,3,,,POINT (2.2568024 48.8363868),23,16,2316
1027145617,48.8361589,2.2609164,3,,,POINT (2.2609164 48.8361589),23,18,2318
1027146301,48.8359082,2.2606256,3,,,POINT (2.2606256 48.8359082),23,18,2318
1027146401,48.8347023,2.2615067,3,,,POINT (2.2615067 48.8347023),21,18,2118
1027183265,48.8361916,2.2565465,3,,,POINT (2.2565465 48.8361916),23,15,2315
1027183337,48.8361012,2.2560869,3,,,POINT (2.2560869 48.8361012),23,15,2315
1027210649,48.8934599,2.3629526,3,,,POINT (2.3629526 48.8934599),90,71,9071
1030161702,48.8866657,2.3596088,3,,,POINT (2.3596088 48.8866657),82,70,8270
1030161704,48.887203,2.3597296,3,,,POINT (2.3597296 48.887203),82,70,8270
1030161708,48.8872515,2.3581467,3,,,POINT (2.3581467 48.8872515),82,69,8269
1033927705,48.8479384,2.3739679,3,traffic_signals,,POINT (2.3739679 48.8479384),37,77,3777
1035711019,48.8845021,2.3642079,3,,,POINT (2.3642079 48.8845021),79,72,7972
1035711067,48.8857576,2.3649624,3,,,POINT (2.3649624 48.8857576),81,73,8173
1037154598,48.822658,2.3226622,4,traffic_signals,,POINT (2.3226622 48.822658),7,50,750
1037154606,48.8223979,2.3239111,3,,,POINT (2.3239111 48.8223979),7,51,751
1053788830,48.8671361,2.4137378,3,,,POINT (2.4137378 48.8671361),59,98,5998
1088436897,48.8417265,2.4095915,3,,,POINT (2.4095915 48.8417265),30,96,3096
1088436904,48.8403804,2.408926,3,,,POINT (2.408926 48.8403804),28,96,2896
1088436906,48.8454491,2.410788,3,,,POINT (2.410788 48.8454491),34,97,3497
1088436935,48.834913,2.4054698,4,,,POINT (2.4054698 48.834913),22,94,2294
1088436936,48.8442681,2.4104405,4,,,POINT (2.4104405 48.8442681),33,96,3396
1088436995,48.8425361,2.4098551,3,,,POINT (2.4098551 48.8425361),30,96,3096
1088437014,48.8461743,2.4110268,3,,,POINT (2.4110268 48.8461743),35,97,3597
1088437030,48.8342905,2.404433,3,,,POINT (2.404433 48.8342905),21,93,2193
1088437038,48.8381861,2.4084292,3,,,POINT (2.4084292 48.8381861),25,95,2595
1088437086,48.8373638,2.4081688,3,,,POINT (2.4081688 48.8373638),24,95,2495
1089076016,48.8690984,2.4090477,3,,,POINT (2.4090477 48.8690984),61,96,6196
1089076031,48.8513118,2.4111171,3,,,POINT (2.4111171 48.8513118),41,97,4197
1089076037,48.853482,2.410794,4,,,POINT (2.410794 48.853482),43,97,4397
1089076042,48.8772473,2.4067931,4,traffic_signals,,POINT (2.4067931 48.8772473),71,95,7195
1089076049,48.8558928,2.4102993,5,,,POINT (2.4102993 48.8558928),46,96,4696
1089076051,48.8624155,2.4091624,3,,,POINT (2.4091624 48.8624155),54,96,5496
1089076082,48.8663519,2.4089819,3,,,POINT (2.4089819 48.8663519),58,96,5896
1089076092,48.8527245,2.4109344,3,,,POINT (2.4109344 48.8527245),42,97,4297
1089076105,48.8535656,2.4107777,4,,,POINT (2.4107777 48.8535656),43,97,4397
1089076107,48.8670655,2.4090377,3,,,POINT (2.4090377 48.8670655),59,96,5996
1089076119,48.8606124,2.4094731,4,,,POINT (2.4094731 48.8606124),52,96,5296
1089076147,48.8770943,2.406895,4,traffic_signals,,POINT (2.406895 48.8770943),71,95,7195
1089076163,48.8679397,2.4091543,4,,,POINT (2.4091543 48.8679397),60,96,6096
1089076166,48.8342777,2.4047324,3,,,POINT (2.4047324 48.8342777),21,93,2193
1089076182,48.8633653,2.4089895,3,,,POINT (2.4089895 48.8633653),55,96,5596
1089076183,48.8698095,2.4089698,3,,,POINT (2.4089698 48.8698095),62,96,6296
1089076216,48.8643424,2.4088336,3,,,POINT (2.4088336 48.8643424),56,96,5696
1089076250,48.870591,2.4089443,4,,,POINT (2.4089443 48.870591),63,96,6396
1107432316,48.8847009,2.2991911,3,,,POINT (2.2991911 48.8847009),80,38,8038
1107432319,48.8843885,2.2992521,3,,,POINT (2.2992521 48.8843885),79,38,7938
1116789334,48.84171,2.3138269,3,,,POINT (2.3138269 48.84171),30,46,3046
1116789367,48.8416626,2.3142512,3,,,POINT (2.3142512 48.8416626),29,46,2946
1134402753,48.8468795,2.3508821,1,,,POINT (2.3508821 48.8468795),36,65,3665
1134653600,48.8444244,2.3480618,3,,,POINT (2.3480618 48.8444244),33,64,3364
1142933406,48.8388881,2.3397096,4,traffic_signals,,POINT (2.3397096 48.8388881),26,59,2659
1142933458,48.8392558,2.3383421,3,traffic_signals,,POINT (2.3383421 48.8392558),27,59,2759
1142990020,48.8399826,2.3617567,3,traffic_signals,,POINT (2.3617567 48.8399826),28,71,2871
1142990067,48.836936,2.3505855,3,,,POINT (2.3505855 48.836936),24,65,2465
1142990072,48.8434335,2.3643628,3,,,POINT (2.3643628 48.8434335),32,72,3272
1142990075,48.841856,2.3631949,3,traffic_signals,,POINT (2.3631949 48.841856),30,72,3072
1142990090,48.836787,2.3518495,5,traffic_signals,,POINT (2.3518495 48.836787),24,66,2466
1142990096,48.83763,2.3543789,3,traffic_signals,,POINT (2.3543789 48.83763),25,67,2567
1142990104,48.8371933,2.352994,3,traffic_signals,,POINT (2.352994 48.8371933),24,66,2466
1142990126,48.840258,2.3619839,3,traffic_signals,,POINT (2.3619839 48.840258),28,71,2871
1142990134,48.837098,2.3527005,3,,,POINT (2.3527005 48.837098),24,66,2466
1142990138,48.8444364,2.3650856,3,,,POINT (2.3650856 48.8444364),33,73,3373
1142990141,48.8432233,2.3641911,3,,,POINT (2.3641911 48.8432233),31,72,3172
1143095752,48.8439455,2.3389998,4,traffic_signals,,POINT (2.3389998 48.8439455),32,59,3259
1148017380,48.8499511,2.252098,3,motorway_junction,,POINT (2.252098 48.8499511),39,13,3913
1148017386,48.851198,2.2522183,3,,,POINT (2.2522183 48.851198),41,13,4113
1165949167,48.8384783,2.350764,4,traffic_signals,,POINT (2.350764 48.8384783),26,65,2665
1166504818,48.8482034,2.2573382,4,,,POINT (2.2573382 48.8482034),37,16,3716
1179777317,48.8587353,2.3032337,3,,,POINT (2.3032337 48.8587353),49,40,4940
1179777383,48.8562293,2.3049068,2,traffic_signals,,POINT (2.3049068 48.8562293),46,41,4641
1181550725,48.8554776,2.3070834,1,,,POINT (2.3070834 48.8554776),46,42,4642
1181634293,48.8598413,2.3006776,2,traffic_signals,,POINT (2.3006776 48.8598413),51,39,5139
1183500911,48.8603474,2.3008352,2,,,POINT (2.3008352 48.8603474),51,39,5139
1183501163,48.8610145,2.3013631,2,traffic_signals,,POINT (2.3013631 48.8610145),52,39,5239
1203631142,48.8734427,2.3479066,3,,,POINT (2.3479066 48.8734427),66,64,6664
1205055671,48.8505393,2.319867,1,,,POINT (2.319867 48.8505393),40,49,4049
1211150581,48.8898337,2.3452264,1,,,POINT (2.3452264 48.8898337),85,62,8562
1211150583,48.8895718,2.3470944,1,,,POINT (2.3470944 48.8895718),85,63,8563
1211150595,48.8903306,2.3474093,3,,,POINT (2.3474093 48.8903306),86,63,8663
1211150597,48.8898064,2.3459894,3,,,POINT (2.3459894 48.8898064),85,63,8563
1212027216,48.866374,2.3233842,3,,,POINT (2.3233842 48.866374),58,51,5851
1212027401,48.8667885,2.3220891,4,,,POINT (2.3220891 48.8667885),59,50,5950
1215414290,48.8477725,2.3111146,3,,,POINT (2.3111146 48.8477725),37,44,3744
1215415075,48.8478349,2.3113016,3,,,POINT (2.3113016 48.8478349),37,44,3744
1219805698,48.8467839,2.3121573,3,,,POINT (2.3121573 48.8467839),35,45,3545
1219805874,48.8467349,2.3119367,3,,,POINT (2.3119367 48.8467349),35,45,3545
1226636441,48.8452288,2.2586858,3,crossing,,POINT (2.2586858 48.8452288),34,17,3417
1226636460,48.8453255,2.2587948,4,,,POINT (2.2587948 48.8453255),34,17,3417
1227287667,48.8738753,2.3362923,3,,,POINT (2.3362923 48.8738753),67,57,6757
1232772852,48.8733804,2.3343896,3,,,POINT (2.3343896 48.8733804),66,56,6656
1232772930,48.8734802,2.3343962,3,,,POINT (2.3343962 48.8734802),66,56,6656
1232773337,48.8742646,2.3344515,3,,,POINT (2.3344515 48.8742646),67,56,6756
1232773567,48.8742811,2.3338672,3,,,POINT (2.3338672 48.8742811),67,56,6756
1233136932,48.8783427,2.3376373,3,,,POINT (2.3376373 48.8783427),72,58,7258
1233137081,48.878325,2.3375301,3,,,POINT (2.3375301 48.878325),72,58,7258
1234055342,48.8821763,2.3336575,3,,,POINT (2.3336575 48.8821763),77,56,7756
1234196655,48.8812258,2.3300972,1,,,POINT (2.3300972 48.8812258),75,54,7554
1235277169,48.8797846,2.3424149,1,,,POINT (2.3424149 48.8797846),74,61,7461
1235277193,48.8794474,2.342282,3,,,POINT (2.342282 48.8794474),73,61,7361
1236456890,48.88168,2.3451768,2,,,POINT (2.3451768 48.88168),76,62,7662
1236518790,48.8805612,2.3490004,3,,,POINT (2.3490004 48.8805612),75,64,7564
1236518985,48.8810065,2.3491263,1,,,POINT (2.3491263 48.8810065),75,64,7564
1242286080,48.8748812,2.3477004,1,,,POINT (2.3477004 48.8748812),68,63,6863
1242438484,48.8731254,2.3431699,3,,,POINT (2.3431699 48.8731254),66,61,6661
1245546489,48.8986465,2.3710233,3,,,POINT (2.3710233 48.8986465),96,76,9676
1254700857,48.8862983,2.362837,3,,,POINT (2.362837 48.8862983),81,71,8171
1271049021,48.8437738,2.3145177,1,,,POINT (2.3145177 48.8437738),32,46,3246
1274890255,48.8839821,2.3512949,3,traffic_signals,,POINT (2.3512949 48.8839821),79,65,7965
1277048051,48.8779199,2.3965235,3,,,POINT (2.3965235 48.8779199),72,89,7289
1277048061,48.8780593,2.3963643,3,,,POINT (2.3963643 48.8780593),72,89,7289
1280606637,48.8760969,2.3608924,3,,,POINT (2.3608924 48.8760969),70,70,7070
1282134308,48.8829836,2.3699051,3,,,POINT (2.3699051 48.8829836),78,75,7875
1282530586,48.8440259,2.3790772,3,,,POINT (2.3790772 48.8440259),32,80,3280
1287933963,48.8442761,2.3149647,1,,,POINT (2.3149647 48.8442761),33,46,3346
1289287540,48.8672083,2.3784079,1,,,POINT (2.3784079 48.8672083),59,80,5980
1289850455,48.8451091,2.3111154,4,,,POINT (2.3111154 48.8451091),33,44,3344
1291120168,48.8675815,2.3716485,1,,,POINT (2.3716485 48.8675815),60,76,6076
1294327278,48.846517,2.3172163,3,,,POINT (2.3172163 48.846517),35,47,3547
1298778129,48.8662918,2.374882,1,,,POINT (2.374882 48.8662918),58,78,5878
1298884223,48.86102,2.3884477,3,,,POINT (2.3884477 48.86102),52,85,5285
1299921050,48.8529627,2.3969494,3,,,POINT (2.3969494 48.8529627),43,89,4389
1300079997,48.8578106,2.3919871,3,,,POINT (2.3919871 48.8578106),48,87,4887
1300983661,48.8586563,2.3861944,3,,,POINT (2.3861944 48.8586563),49,84,4984
1300983780,48.8587225,2.38645,1,,,POINT (2.38645 48.8587225),49,84,4984
1300983785,48.8588895,2.3870957,3,,,POINT (2.3870957 48.8588895),50,84,5084
1300983814,48.8588449,2.3869233,1,,,POINT (2.3869233 48.8588449),49,84,4984
1307776975,48.8397535,2.4140004,4,traffic_signals,,POINT (2.4140004 48.8397535),27,98,2798
1307776985,48.8382698,2.4134672,3,,,POINT (2.4134672 48.8382698),26,98,2698
1307776988,48.8372272,2.4131095,3,,,POINT (2.4131095 48.8372272),24,98,2498
1307787160,48.8366701,2.4128993,3,,,POINT (2.4128993 48.8366701),24,98,2498
1312774947,48.8538863,2.3727982,2,,,POINT (2.3727982 48.8538863),44,77,4477
1313369659,48.8409252,2.3783517,3,,,POINT (2.3783517 48.8409252),29,80,2980
1319529584,48.8799931,2.3999964,1,,,POINT (2.3999964 48.8799931),74,91,7491
1326727505,48.8566651,2.3820209,3,,,POINT (2.3820209 48.8566651),47,82,4782
1326727744,48.8564447,2.3812167,3,,,POINT (2.3812167 48.8564447),47,81,4781
1342011467,48.8765134,2.3461321,3,traffic_signals,,POINT (2.3461321 48.8765134),70,63,7063
1342011469,48.8765957,2.3465435,2,,,POINT (2.3465435 48.8765957),70,63,7063
1343567517,48.9009339,2.327614,3,,,POINT (2.327614 48.9009339),98,53,9853
1343567770,48.8983642,2.3338714,3,,,POINT (2.3338714 48.8983642),95,56,9556
1343567797,48.8991517,2.3362678,4,,,POINT (2.3362678 48.8991517),96,57,9657
1343567976,48.8984111,2.3347918,3,,,POINT (2.3347918 48.8984111),95,57,9557
1347288495,48.8253116,2.3375299,3,,,POINT (2.3375299 48.8253116),10,58,1058
1349129244,48.8737685,2.2544891,3,,,POINT (2.2544891 48.8737685),67,14,6714
1349129246,48.8738914,2.2549717,3,,,POINT (2.2549717 48.8738914),67,15,6715
1352887786,48.8506177,2.3754095,3,,,POINT (2.3754095 48.8506177),40,78,4078
1352887831,48.8508119,2.375853,3,,,POINT (2.375853 48.8508119),40,78,4078
1352887848,48.8508417,2.3756268,3,,,POINT (2.3756268 48.8508417),40,78,4078
1352887875,48.8508783,2.3756654,3,,,POINT (2.3756654 48.8508783),40,78,4078
1356375131,48.8967844,2.3099334,3,,,POINT (2.3099334 48.8967844),94,44,9444
1363278420,48.8867401,2.2861148,3,,,POINT (2.2861148 48.8867401),82,31,8231
1363278528,48.8879325,2.2886149,3,,,POINT (2.2886149 48.8879325),83,32,8332
1363470287,48.8278756,2.3266341,3,,,POINT (2.3266341 48.8278756),13,52,1352
1363605809,48.8350836,2.3296485,3,,,POINT (2.3296485 48.8350836),22,54,2254
1363605811,48.8351072,2.3290377,3,,,POINT (2.3290377 48.8351072),22,54,2254
1366399072,48.8924751,2.3013598,3,,,POINT (2.3013598 48.8924751),89,39,8939
1366642200,48.8389774,2.2877437,1,,,POINT (2.2877437 48.8389774),26,32,2632
1366642204,48.8391076,2.2879066,3,,,POINT (2.2879066 48.8391076),27,32,2732
1366642208,48.8393477,2.2871163,1,,,POINT (2.2871163 48.8393477),27,32,2732
1366642214,48.8394772,2.2872746,3,,,POINT (2.2872746 48.8394772),27,32,2732
1369651401,48.8849675,2.2966372,3,,,POINT (2.2966372 48.8849675),80,37,8037
1369651515,48.8853379,2.2974805,3,,,POINT (2.2974805 48.8853379),80,37,8037
1369651732,48.8868745,2.297754,3,crossing,,POINT (2.297754 48.8868745),82,37,8237
1369651947,48.8884318,2.2988408,3,,,POINT (2.2988408 48.8884318),84,38,8438
1369652299,48.8901151,2.3048914,3,,,POINT (2.3048914 48.8901151),86,41,8641
1369652381,48.8905755,2.3071095,3,,,POINT (2.3071095 48.8905755),86,42,8642
1369652428,48.8905968,2.3068268,3,,,POINT (2.3068268 48.8905968),86,42,8642
1370183136,48.8372908,2.2705431,3,,,POINT (2.2705431 48.8372908),24,23,2423
1370190436,48.8506382,2.3787788,3,traffic_signals,,POINT (2.3787788 48.8506382),40,80,4080
1376039426,48.8451336,2.3715348,3,,,POINT (2.3715348 48.8451336),34,76,3476
1376158934,48.845087,2.3892193,3,,,POINT (2.3892193 48.845087),33,85,3385
1376158935,48.8450481,2.3884273,1,,,POINT (2.3884273 48.8450481),33,85,3385
1376173594,48.8169814,2.3321297,4,,,POINT (2.3321297 48.8169814),1,55,155
1376730500,48.8443395,2.3787316,1,,,POINT (2.3787316 48.8443395),33,80,3380
1376926710,48.8407224,2.4098057,3,traffic_signals,,POINT (2.4098057 48.8407224),28,96,2896
1390845025,48.8322398,2.3908291,1,,,POINT (2.3908291 48.8322398),19,86,1986
1395428384,48.8416955,2.3869707,3,,,POINT (2.3869707 48.8416955),30,84,3084
1420142603,48.845289,2.3683237,4,,,POINT (2.3683237 48.845289),34,74,3474
1425637956,48.8405345,2.3865248,3,,,POINT (2.3865248 48.8405345),28,84,2884
1432145207,48.8464646,2.4000737,3,,,POINT (2.4000737 48.8464646),35,91,3591
1432145227,48.8465753,2.4002473,3,,,POINT (2.4002473 48.8465753),35,91,3591
1432256094,48.8391655,2.3967202,3,,,POINT (2.3967202 48.8391655),27,89,2789
1433075993,48.8411337,2.4072253,1,,,POINT (2.4072253 48.8411337),29,95,2995
1433143659,48.8454087,2.4092253,4,,,POINT (2.4092253 48.8454087),34,96,3496
1437800183,48.8466849,2.413864,3,traffic_signals,,POINT (2.413864 48.8466849),35,98,3598
1440476485,48.8358964,2.4056372,3,,,POINT (2.4056372 48.8358964),23,94,2394
1440519041,48.8378357,2.4104815,3,,,POINT (2.4104815 48.8378357),25,96,2596
1440519083,48.8379802,2.4111809,3,,,POINT (2.4111809 48.8379802),25,97,2597
1440519086,48.8380555,2.4111398,3,,,POINT (2.4111398 48.8380555),25,97,2597
1440519108,48.8383339,2.4125009,3,,,POINT (2.4125009 48.8383339),26,98,2698
1447503261,48.8376814,2.3971303,1,,,POINT (2.3971303 48.8376814),25,89,2589
1455771824,48.8271339,2.3799302,2,crossing,,POINT (2.3799302 48.8271339),13,80,1380
1455771826,48.8279299,2.379166,2,crossing,,POINT (2.379166 48.8279299),14,80,1480
1455773025,48.8312101,2.3779028,3,,,POINT (2.3779028 48.8312101),17,79,1779
1461078924,48.8273784,2.2921344,3,,,POINT (2.2921344 48.8273784),13,34,1334
1461082743,48.8301516,2.2958349,3,,,POINT (2.2958349 48.8301516),16,36,1636
1461082745,48.8298907,2.2957727,4,,,POINT (2.2957727 48.8298907),16,36,1636
1481263033,48.8526541,2.3331658,4,traffic_signals,,POINT (2.3331658 48.8526541),42,56,4256
1490139536,48.900509,2.3443731,3,,,POINT (2.3443731 48.900509),98,62,9862
1490139542,48.8994679,2.3443899,3,,,POINT (2.3443899 48.8994679),97,62,9762
1519498106,48.8725965,2.3358001,3,,,POINT (2.3358001 48.8725965),65,57,6557
1519498112,48.8726456,2.3354537,3,,,POINT (2.3354537 48.8726456),65,57,6557
1524568727,48.8649103,2.3176238,3,,,POINT (2.3176238 48.8649103),57,48,5748
1528207191,48.8594319,2.3999293,1,,,POINT (2.3999293 48.8594319),50,91,5091
1577028144,48.8663439,2.411229,1,crossing,,POINT (2.411229 48.8663439),58,97,5897
1577486292,48.8734835,2.3831002,3,,,POINT (2.3831002 48.8734835),66,82,6682
1577984874,48.8752443,2.3952005,3,traffic_signals,,POINT (2.3952005 48.8752443),69,88,6988
1579623649,48.8248773,2.3237657,2,,,POINT (2.3237657 48.8248773),10,51,1051
1585999238,48.8841371,2.3668218,3,,,POINT (2.3668218 48.8841371),79,74,7974
1588595435,48.8569394,2.3682244,3,,,POINT (2.3682244 48.8569394),47,74,4774
1588595442,48.8571169,2.3688565,4,traffic_signals,,POINT (2.3688565 48.8571169),47,75,4775
1588601898,48.8585562,2.3678345,3,,,POINT (2.3678345 48.8585562),49,74,4974
1597826738,48.8508471,2.3589605,1,,,POINT (2.3589605 48.8508471),40,69,4069
1604134430,48.8826773,2.3445712,3,,,POINT (2.3445712 48.8826773),77,62,7762
1607512761,48.8383384,2.2707936,3,,,POINT (2.2707936 48.8383384),26,23,2623
1626975533,48.8650052,2.4077417,3,,,POINT (2.4077417 48.8650052),57,95,5795
1630463677,48.8289476,2.3503827,1,,,POINT (2.3503827 48.8289476),15,65,1565
1631336631,48.8944912,2.3705585,3,traffic_signals,,POINT (2.3705585 48.8944912),91,75,9175
1651614432,48.8406956,2.3786298,3,,,POINT (2.3786298 48.8406956),28,80,2880
1651614448,48.8403945,2.3798292,3,,,POINT (2.3798292 48.8403945),28,80,2880
1651614452,48.8403281,2.3788013,3,,,POINT (2.3788013 48.8403281),28,80,2880
1651629102,48.8404839,2.3793033,4,,,POINT (2.3793033 48.8404839),28,80,2880
1651629113,48.840326,2.3793673,3,,,POINT (2.3793673 48.840326),28,80,2880
1659448470,48.8479313,2.4113914,3,,,POINT (2.4113914 48.8479313),37,97,3797
1659448476,48.846416,2.4107638,3,,,POINT (2.4107638 48.846416),35,97,3597
1659448481,48.8490631,2.411243,4,,,POINT (2.411243 48.8490631),38,97,3897
1659448482,48.8469441,2.4110539,3,,,POINT (2.4110539 48.8469441),36,97,3697
1659448493,48.8469218,2.4113918,3,,,POINT (2.4113918 48.8469218),36,97,3697
1659448494,48.8471144,2.4114197,3,,,POINT (2.4114197 48.8471144),36,97,3697
1659448502,48.845434,2.4109028,3,,,POINT (2.4109028 48.845434),34,97,3497
1659448508,48.8458837,2.4106722,4,,,POINT (2.4106722 48.8458837),34,97,3497
1662201480,48.8952574,2.351606,3,,,POINT (2.351606 48.8952574),92,65,9265
1662201483,48.8957297,2.3513483,1,,,POINT (2.3513483 48.8957297),92,65,9265
1666520351,48.8294968,2.36893,4,,,POINT (2.36893 48.8294968),15,75,1575
1666520418,48.8303423,2.3704319,4,,,POINT (2.3704319 48.8303423),16,75,1675
1666520430,48.8311558,2.3691837,3,,,POINT (2.3691837 48.8311558),17,75,1775
1666520431,48.8317593,2.3682701,3,,,POINT (2.3682701 48.8317593),18,74,1874
1666564768,48.835349,2.3688832,3,traffic_signals,,POINT (2.3688832 48.835349),22,75,2275
1672622472,48.8993096,2.3586706,3,,,POINT (2.3586706 48.8993096),96,69,9669
1673531282,48.8770052,2.4066398,4,traffic_signals,,POINT (2.4066398 48.8770052),71,94,7194
1673531283,48.8770583,2.4061693,3,traffic_signals,,POINT (2.4061693 48.8770583),71,94,7194
1673531284,48.8786242,2.4018017,3,,,POINT (2.4018017 48.8786242),72,92,7292
1673531287,48.878874,2.4018693,3,,,POINT (2.4018693 48.878874),73,92,7392
1673951956,48.8907927,2.3453313,4,,,POINT (2.3453313 48.8907927),87,62,8762
1673951972,48.8907735,2.3455484,3,,,POINT (2.3455484 48.8907735),87,62,8762
1673951981,48.8908146,2.3454576,3,,,POINT (2.3454576 48.8908146),87,62,8762
1673951987,48.890719,2.3453849,3,,,POINT (2.3453849 48.890719),87,62,8762
1673951991,48.8907123,2.3455711,3,,,POINT (2.3455711 48.8907123),87,62,8762
1675158635,48.8831872,2.349868,3,,,POINT (2.349868 48.8831872),78,65,7865
1686421260,48.8430984,2.3166279,3,traffic_signals,,POINT (2.3166279 48.8430984),31,47,3147
1686421262,48.8430999,2.316869,3,,,POINT (2.316869 48.8430999),31,47,3147
1686421273,48.8431691,2.3167,3,,,POINT (2.3167 48.8431691),31,47,3147
1699824833,48.8635286,2.2498587,2,,,POINT (2.2498587 48.8635286),55,12,5512
1701682702,48.8275733,2.3542264,3,,,POINT (2.3542264 48.8275733),13,67,1367
1701682734,48.8283266,2.356611,3,traffic_signals,,POINT (2.356611 48.8283266),14,68,1468
1706203405,48.8934254,2.3540003,1,,,POINT (2.3540003 48.8934254),90,67,9067
1714196616,48.84548,2.3710501,3,,,POINT (2.3710501 48.84548),34,76,3476
1714196619,48.8455743,2.3712058,3,,,POINT (2.3712058 48.8455743),34,76,3476
1714196626,48.8480159,2.3676438,3,,,POINT (2.3676438 48.8480159),37,74,3774
1716004194,48.8612247,2.3454764,3,,,POINT (2.3454764 48.8612247),52,62,5262
1716004197,48.8609467,2.3459063,3,,,POINT (2.3459063 48.8609467),52,62,5262
1716016302,48.8630687,2.3465353,3,,,POINT (2.3465353 48.8630687),54,63,5463
1721218995,48.8957718,2.37936,3,,,POINT (2.37936 48.8957718),92,80,9280
1721219009,48.8959848,2.3792879,3,,,POINT (2.3792879 48.8959848),93,80,9380
1731116552,48.8334887,2.3528187,1,,,POINT (2.3528187 48.8334887),20,66,2066
1731116570,48.8339453,2.3538424,3,,,POINT (2.3538424 48.8339453),21,67,2167
1731209419,48.8346586,2.3533409,3,,,POINT (2.3533409 48.8346586),21,66,2166
1731214121,48.832046,2.3528241,3,,,POINT (2.3528241 48.832046),18,66,1866
1731214122,48.8322237,2.3529063,3,,,POINT (2.3529063 48.8322237),19,66,1966
1732756156,48.8270839,2.3250734,3,,,POINT (2.3250734 48.8270839),13,52,1352
1736247083,48.8860837,2.3566025,3,,,POINT (2.3566025 48.8860837),81,68,8168
1736247101,48.8848658,2.3552509,3,,,POINT (2.3552509 48.8848658),80,67,8067
1736247102,48.8850696,2.3551805,3,,,POINT (2.3551805 48.8850696),80,67,8067
1736637844,48.8267845,2.3790541,3,,,POINT (2.3790541 48.8267845),12,80,1280
1736637853,48.8273392,2.3772875,3,,,POINT (2.3772875 48.8273392),13,79,1379
1740740121,48.8397156,2.321802,3,,,POINT (2.321802 48.8397156),27,50,2750
1747138953,48.878283,2.3731145,3,,,POINT (2.3731145 48.878283),72,77,7277
1754351082,48.8275799,2.2928982,3,,,POINT (2.2928982 48.8275799),13,35,1335
1754652819,48.8670577,2.3495472,2,,,POINT (2.3495472 48.8670577),59,64,5964
1755336922,48.8336391,2.2768355,4,,,POINT (2.2768355 48.8336391),20,26,2026
1755336925,48.8335716,2.2770137,4,,,POINT (2.2770137 48.8335716),20,26,2026
1755336947,48.8336166,2.276458,4,,,POINT (2.276458 48.8336166),20,26,2026
1755336959,48.8334365,2.2768918,3,,,POINT (2.2768918 48.8334365),20,26,2026
1755368761,48.8280662,2.3032736,3,,,POINT (2.3032736 48.8280662),14,40,1440
1756468207,48.821508,2.3691785,3,,,POINT (2.3691785 48.821508),6,75,675
1756717208,48.8437912,2.3549397,3,traffic_signals,,POINT (2.3549397 48.8437912),32,67,3267
1756731567,48.8450702,2.2974679,3,traffic_signals,,POINT (2.2974679 48.8450702),33,37,3337
1756761482,48.8508803,2.3412914,3,traffic_signals,,POINT (2.3412914 48.8508803),40,60,4060
1756761496,48.852902,2.3369916,4,traffic_signals,,POINT (2.3369916 48.852902),43,58,4358
1756949012,48.8556694,2.3367144,3,,,POINT (2.3367144 48.8556694),46,58,4658
1756949013,48.8571228,2.3365131,3,,,POINT (2.3365131 48.8571228),47,58,4758
1756960193,48.8516952,2.3190314,4,traffic_signals,,POINT (2.3190314 48.8516952),41,48,4148
1756960219,48.8581579,2.3227975,4,traffic_signals,,POINT (2.3227975 48.8581579),49,50,4950
1757030762,48.868328,2.3161154,3,,,POINT (2.3161154 48.868328),60,47,6047
1757030783,48.871384,2.3025721,3,,,POINT (2.3025721 48.871384),64,40,6440
1757087085,48.8722245,2.3125564,3,,,POINT (2.3125564 48.8722245),65,45,6545
1757087088,48.87284,2.3107332,4,traffic_signals,,POINT (2.3107332 48.87284),66,44,6644
1757366871,48.8334992,2.2767248,3,,,POINT (2.2767248 48.8334992),20,26,2026
1757649347,48.8723662,2.3374249,4,traffic_signals,,POINT (2.3374249 48.8723662),65,58,6558
1757697264,48.8742768,2.3626226,3,,,POINT (2.3626226 48.8742768),67,71,6771
1757697270,48.877835,2.3616087,3,,,POINT (2.3616087 48.877835),72,71,7271
1757697274,48.879251,2.3629019,3,traffic_signals,,POINT (2.3629019 48.879251),73,71,7371
1757697276,48.8816108,2.3657877,4,traffic_signals,,POINT (2.3657877 48.8816108),76,73,7673
1758970586,48.8546787,2.2693711,4,traffic_signals,,POINT (2.2693711 48.8546787),45,22,4522
1758970671,48.8585667,2.2448738,4,,,POINT (2.2448738 48.8585667),49,9,4909
1759306817,48.8864236,2.2856261,4,,,POINT (2.2856261 48.8864236),82,31,8231
1759328491,48.889006,2.3195393,4,,,POINT (2.3195393 48.889006),85,49,8549
1759375506,48.8421607,2.2816235,4,,,POINT (2.2816235 48.8421607),30,29,3029
1759375507,48.8425068,2.2807699,4,,,POINT (2.2807699 48.8425068),30,28,3028
1759389841,48.8532983,2.3787298,3,,,POINT (2.3787298 48.8532983),43,80,4380
1759389846,48.8540705,2.3826637,3,,,POINT (2.3826637 48.8540705),44,82,4482
1759389847,48.8545537,2.3847048,3,,,POINT (2.3847048 48.8545537),44,83,4483
1759389853,48.8557622,2.3913328,4,,,POINT (2.3913328 48.8557622),46,86,4686
1759468552,48.8220469,2.3631605,3,traffic_signals,,POINT (2.3631605 48.8220469),7,72,772
1759468556,48.8229849,2.362419,3,,,POINT (2.362419 48.8229849),8,71,871
1759468562,48.8251537,2.3607198,3,,,POINT (2.3607198 48.8251537),10,70,1070
1759468653,48.8343587,2.3535549,3,traffic_signals,,POINT (2.3535549 48.8343587),21,67,2167
1759758109,48.8459633,2.2987254,4,traffic_signals,,POINT (2.2987254 48.8459633),34,38,3438
1759758110,48.8463269,2.2992442,3,,,POINT (2.2992442 48.8463269),35,38,3538
1760225456,48.8501178,2.3844344,4,,,POINT (2.3844344 48.8501178),39,83,3983
1760382619,48.8610421,2.4036826,2,,,POINT (2.4036826 48.8610421),52,93,5293
1761442006,48.867857,2.2810618,7,,,POINT (2.2810618 48.867857),60,28,6028
1761555130,48.8619968,2.3769795,4,traffic_signals,,POINT (2.3769795 48.8619968),53,79,5379
1761658049,48.8515042,2.4062921,4,,,POINT (2.4062921 48.8515042),41,94,4194
1762073410,48.8971056,2.3591416,4,,,POINT (2.3591416 48.8971056),94,69,9469
1762073419,48.8985372,2.3593709,4,,,POINT (2.3593709 48.8985372),96,70,9670
1762423633,48.8333941,2.3098061,3,,,POINT (2.3098061 48.8333941),20,43,2043
1762544614,48.8849907,2.383273,4,,,POINT (2.383273 48.8849907),80,82,8082
1762593000,48.8859787,2.350098,3,,,POINT (2.350098 48.8859787),81,65,8165
1762593003,48.8867071,2.3507436,4,,,POINT (2.3507436 48.8867071),82,65,8265
1762593007,48.8879522,2.3513672,3,,,POINT (2.3513672 48.8879522),83,65,8365
1764475082,48.8850843,2.3340197,3,,,POINT (2.3340197 48.8850843),80,56,8056
1766131427,48.8643651,2.4085832,4,,,POINT (2.4085832 48.8643651),56,95,5695
1766131439,48.864649,2.4088718,3,,,POINT (2.4088718 48.864649),56,96,5696
1766431656,48.8643165,2.4127962,3,,,POINT (2.4127962 48.8643165),56,98,5698
1767757740,48.8405111,2.379275,3,,,POINT (2.379275 48.8405111),28,80,2880
1768998448,48.8683027,2.2654316,3,,,POINT (2.2654316 48.8683027),60,20,6020
1768998457,48.8684902,2.2653329,3,,,POINT (2.2653329 48.8684902),61,20,6120
1771597590,48.8529381,2.4074878,3,,,POINT (2.4074878 48.8529381),43,95,4395
1771597592,48.8540879,2.4069732,3,,,POINT (2.4069732 48.8540879),44,95,4495
1773421250,48.8196747,2.3460115,3,,,POINT (2.3460115 48.8196747),4,63,463
1773447912,48.817704,2.3601475,2,,,POINT (2.3601475 48.817704),2,70,270
1773447958,48.8176712,2.3599226,4,,,POINT (2.3599226 48.8176712),2,70,270
1773477751,48.8212363,2.3481385,3,,,POINT (2.3481385 48.8212363),6,64,664
1773530002,48.8214843,2.3338923,3,,,POINT (2.3338923 48.8214843),6,56,656
1773530039,48.8220868,2.3303886,4,,,POINT (2.3303886 48.8220868),7,54,754
1773530041,48.8221151,2.3302455,4,,,POINT (2.3302455 48.8221151),7,54,754
1773530046,48.8222238,2.3304387,3,,,POINT (2.3304387 48.8222238),7,54,754
1773530054,48.822257,2.3302992,3,,,POINT (2.3302992 48.822257),7,54,754
1774155334,48.820591,2.3659933,3,,,POINT (2.3659933 48.820591),5,73,573
1775784579,48.8949923,2.3176632,3,,,POINT (2.3176632 48.8949923),91,48,9148
1775836985,48.8373577,2.402247,3,,,POINT (2.402247 48.8373577),24,92,2492
1776487073,48.8202123,2.3479887,4,,,POINT (2.3479887 48.8202123),5,64,564
1777319636,48.8308803,2.2922137,4,,,POINT (2.2922137 48.8308803),17,34,1734
1784413000,48.8393927,2.3941728,3,crossing,,POINT (2.3941728 48.8393927),27,88,2788
1785132507,48.8333824,2.2863855,3,traffic_signals,,POINT (2.2863855 48.8333824),20,31,2031
1789062002,48.8690908,2.3807772,3,crossing,,POINT (2.3807772 48.8690908),61,81,6181
1804894643,48.888935,2.3401992,1,,,POINT (2.3401992 48.888935),84,59,8459
1806474777,48.8248043,2.3553082,3,,,POINT (2.3553082 48.8248043),10,67,1067
1806474789,48.8248526,2.3553297,3,,,POINT (2.3553297 48.8248526),10,67,1067
1811219962,48.8926156,2.3321123,3,,,POINT (2.3321123 48.8926156),89,55,8955
1811219963,48.8921769,2.3318953,3,,,POINT (2.3318953 48.8921769),88,55,8855
1811219965,48.892672,2.3318296,1,,,POINT (2.3318296 48.892672),89,55,8955
1811219966,48.8924223,2.3336061,3,,,POINT (2.3336061 48.8924223),88,56,8856
1812196178,48.8748929,2.357312,3,,,POINT (2.357312 48.8748929),68,68,6868
1827370437,48.8465788,2.4139527,3,,,POINT (2.4139527 48.8465788),35,98,3598
1828800143,48.8930872,2.327732,3,,,POINT (2.327732 48.8930872),89,53,8953
1828852684,48.8315778,2.3477007,3,,,POINT (2.3477007 48.8315778),18,63,1863
1829061607,48.8278868,2.347252,3,,,POINT (2.347252 48.8278868),13,63,1363
1829061610,48.8260051,2.3474783,4,,,POINT (2.3474783 48.8260051),11,63,1163
1829061614,48.8273732,2.3487375,4,,,POINT (2.3487375 48.8273732),13,64,1364
1829061638,48.8286332,2.3475936,3,,,POINT (2.3475936 48.8286332),14,63,1463
1829061640,48.827773,2.3503086,3,,,POINT (2.3503086 48.827773),13,65,1365
1829061642,48.8278201,2.3506517,3,,,POINT (2.3506517 48.8278201),13,65,1365
1829061660,48.8257029,2.3483728,3,,,POINT (2.3483728 48.8257029),11,64,1164
1829061664,48.8263541,2.349699,3,,,POINT (2.349699 48.8263541),12,64,1264
1829061667,48.8265177,2.3501273,3,,,POINT (2.3501273 48.8265177),12,65,1265
1829061676,48.8269249,2.348167,4,,,POINT (2.348167 48.8269249),12,64,1264
1829061679,48.8273172,2.3469856,3,,,POINT (2.3469856 48.8273172),13,63,1363
1829498231,48.8874159,2.3495563,4,traffic_signals,,POINT (2.3495563 48.8874159),83,64,8364
1829498235,48.8855353,2.3331957,4,,,POINT (2.3331957 48.8855353),80,56,8056
1829498268,48.8871709,2.3495521,3,,,POINT (2.3495521 48.8871709),82,64,8264
1832256510,48.868672,2.3538923,3,,,POINT (2.3538923 48.868672),61,67,6167
1835212496,48.8223337,2.3464131,3,traffic_signals,,POINT (2.3464131 48.8223337),7,63,763
1835212499,48.8222991,2.3451661,3,,,POINT (2.3451661 48.8222991),7,62,762
1835212502,48.8228685,2.344694,3,,,POINT (2.344694 48.8228685),8,62,862
1835212508,48.8221343,2.3500918,3,,,POINT (2.3500918 48.8221343),7,65,765
1835212510,48.8215919,2.3525583,3,traffic_signals,,POINT (2.3525583 48.8215919),6,66,666
1835212512,48.8223181,2.3458765,3,,,POINT (2.3458765 48.8223181),7,62,762
1835212514,48.8223438,2.3449334,3,,,POINT (2.3449334 48.8223438),7,62,762
1835212516,48.8232123,2.3447688,3,,,POINT (2.3447688 48.8232123),8,62,862
1835212518,48.8224374,2.3451383,3,,,POINT (2.3451383 48.8224374),7,62,762
1835212522,48.8228028,2.3452478,3,,,POINT (2.3452478 48.8228028),8,62,862
1835212529,48.8221473,2.3540907,3,,,POINT (2.3540907 48.8221473),7,67,767
1835212537,48.8227743,2.3450684,3,,,POINT (2.3450684 48.8227743),8,62,862
1835212539,48.8224554,2.3464722,3,traffic_signals,,POINT (2.3464722 48.8224554),7,63,763
1835212543,48.8235667,2.3451721,4,traffic_signals,,POINT (2.3451721 48.8235667),8,62,862
1835212545,48.8229699,2.3444936,3,,,POINT (2.3444936 48.8229699),8,62,862
1835212547,48.8248387,2.3466585,3,,,POINT (2.3466585 48.8248387),10,63,1063
1835212550,48.8224872,2.3469958,3,traffic_signals,,POINT (2.3469958 48.8224872),7,63,763
1835212552,48.8225058,2.3467958,3,,,POINT (2.3467958 48.8225058),7,63,763
1835212554,48.8239425,2.3502341,3,,,POINT (2.3502341 48.8239425),9,65,965
1835212556,48.8228375,2.3532042,3,,,POINT (2.3532042 48.8228375),8,66,866
1835212560,48.8224505,2.3452968,1,turning_circle,,POINT (2.3452968 48.8224505),7,62,762
1835212564,48.8227809,2.3448641,3,,,POINT (2.3448641 48.8227809),8,62,862
1835212565,48.8232618,2.3540891,3,,,POINT (2.3540891 48.8232618),8,67,867
1835212566,48.8225248,2.3449025,3,,,POINT (2.3449025 48.8225248),7,62,762
1835216983,48.8221114,2.3420411,3,,,POINT (2.3420411 48.8221114),7,60,760
1835516159,48.8836104,2.3495151,4,traffic_signals,,POINT (2.3495151 48.8836104),78,64,7864
1835516169,48.8837504,2.332232,3,traffic_signals,,POINT (2.332232 48.8837504),78,55,7855
1835516171,48.8836354,2.3325982,4,,,POINT (2.3325982 48.8836354),78,55,7855
1835618183,48.8369421,2.2786428,3,,,POINT (2.2786428 48.8369421),24,27,2427
1835618185,48.873983,2.2552643,3,,,POINT (2.2552643 48.873983),67,15,6715
1836650504,48.8184801,2.3533571,3,,,POINT (2.3533571 48.8184801),3,66,366
1836650537,48.8192457,2.3533169,3,,,POINT (2.3533169 48.8192457),3,66,366
1836650585,48.8200378,2.3517282,4,,,POINT (2.3517282 48.8200378),4,66,466
1836650598,48.8202251,2.3528455,4,traffic_signals,,POINT (2.3528455 48.8202251),5,66,566
1836650627,48.8206114,2.3556262,4,,,POINT (2.3556262 48.8206114),5,68,568
1836902820,48.8309663,2.3559431,4,traffic_signals,,POINT (2.3559431 48.8309663),17,68,1768
1836979387,48.8189434,2.3649626,3,,,POINT (2.3649626 48.8189434),3,73,373
1837044454,48.8349207,2.3479717,3,,,POINT (2.3479717 48.8349207),22,64,2264
1837882501,48.8328722,2.3902288,3,,,POINT (2.3902288 48.8328722),19,86,1986
1841262174,48.8657646,2.3260391,1,,,POINT (2.3260391 48.8657646),57,52,5752
1841291952,48.8890479,2.3020414,3,,,POINT (2.3020414 48.8890479),85,39,8539
1848652702,48.8954762,2.3265473,3,,,POINT (2.3265473 48.8954762),92,52,9252
1848897448,48.8773587,2.2701724,4,,,POINT (2.2701724 48.8773587),71,23,7123
1849765271,48.8900802,2.3974004,3,traffic_signals,,POINT (2.3974004 48.8900802),86,90,8690
1851366350,48.8458351,2.4088436,1,,,POINT (2.4088436 48.8458351),34,96,3496
1851366353,48.8465481,2.4073416,1,,,POINT (2.4073416 48.8465481),35,95,3595
1852590201,48.8276523,2.3494784,3,,,POINT (2.3494784 48.8276523),13,64,1364
1854603337,48.8958185,2.3835867,5,,,POINT (2.3835867 48.8958185),92,82,9282
1860679670,48.8774136,2.2704665,3,,,POINT (2.2704665 48.8774136),71,23,7123
1884431125,48.876035,2.4124295,3,,,POINT (2.4124295 48.876035),69,98,6998
1884431128,48.8756678,2.4111869,3,,,POINT (2.4111869 48.8756678),69,97,6997
1884431131,48.8748851,2.4117205,3,,,POINT (2.4117205 48.8748851),68,97,6897
1886061102,48.898724,2.3703361,4,,,POINT (2.3703361 48.898724),96,75,9675
1887844131,48.872731,2.3992547,4,,,POINT (2.3992547 48.872731),66,91,6691
1888274209,48.8546024,2.3551596,3,,,POINT (2.3551596 48.8546024),45,67,4567
1890447487,48.8448229,2.3829141,3,,,POINT (2.3829141 48.8448229),33,82,3382
1904540767,48.8893934,2.3389837,1,,,POINT (2.3389837 48.8893934),85,59,8559
1911142315,48.8582782,2.2722058,3,,,POINT (2.2722058 48.8582782),49,24,4924
1912916968,48.8263912,2.3420014,3,,,POINT (2.3420014 48.8263912),12,60,1260
1913669807,48.8287997,2.3281623,3,,,POINT (2.3281623 48.8287997),15,53,1553
1914164521,48.8378411,2.3703684,3,,,POINT (2.3703684 48.8378411),25,75,2575
1914164523,48.840737,2.3684764,3,,,POINT (2.3684764 48.840737),28,74,2874
1914164528,48.838876,2.3698346,3,,,POINT (2.3698346 48.838876),26,75,2675
1914164529,48.8362731,2.3711669,4,,,POINT (2.3711669 48.8362731),23,76,2376
1916193831,48.8263086,2.3808937,3,,,POINT (2.3808937 48.8263086),12,81,1281
1918830963,48.8369133,2.2787321,3,,,POINT (2.2787321 48.8369133),24,27,2427
1920074478,48.8188684,2.3580311,1,,,POINT (2.3580311 48.8188684),3,69,369
1921582934,48.8393626,2.3958465,3,,,POINT (2.3958465 48.8393626),27,89,2789
1921582936,48.8394746,2.3954912,3,,,POINT (2.3954912 48.8394746),27,89,2789
1921582937,48.8394463,2.3960733,3,,,POINT (2.3960733 48.8394463),27,89,2789
1922655951,48.8839131,2.3380582,1,,,POINT (2.3380582 48.8839131),79,58,7958
1927959878,48.8840052,2.3484192,3,,,POINT (2.3484192 48.8840052),79,64,7964
1928023434,48.8321486,2.3585936,3,,,POINT (2.3585936 48.8321486),18,69,1869
1928784676,48.8491363,2.2981223,4,traffic_signals,,POINT (2.2981223 48.8491363),38,37,3837
1928784695,48.8494376,2.2984043,3,,,POINT (2.2984043 48.8494376),39,37,3937
1929324183,48.8395907,2.3016378,1,,,POINT (2.3016378 48.8395907),27,39,2739
1941045592,48.8169525,2.3588787,1,,,POINT (2.3588787 48.8169525),1,69,169
1941046765,48.8178697,2.3593185,1,,,POINT (2.3593185 48.8178697),2,70,270
1952938973,48.838893,2.4086818,3,,,POINT (2.4086818 48.838893),26,96,2696
1961531244,48.8765022,2.2945733,3,,,POINT (2.2945733 48.8765022),70,35,7035
1961531250,48.8766322,2.2943988,2,,,POINT (2.2943988 48.8766322),70,35,7035
1961533514,48.8762841,2.2940208,3,,,POINT (2.2940208 48.8762841),70,35,7035
1962507781,48.8776118,2.2700052,3,,,POINT (2.2700052 48.8776118),71,23,7123
1962508614,48.8769787,2.2713231,3,,,POINT (2.2713231 48.8769787),71,23,7123
1962530964,48.8740386,2.2942389,3,,,POINT (2.2942389 48.8740386),67,35,6735
1964121072,48.8509952,2.4158975,3,,,POINT (2.4158975 48.8509952),40,99,4099
1965389955,48.8336672,2.3349387,3,,,POINT (2.3349387 48.8336672),20,57,2057
1965461276,48.8278475,2.3266495,3,,,POINT (2.3266495 48.8278475),13,52,1352
1978198745,48.8826136,2.3103978,4,,,POINT (2.3103978 48.8826136),77,44,7744
1980084623,48.8539958,2.3611062,1,crossing,,POINT (2.3611062 48.8539958),44,70,4470
1981082288,48.8320114,2.3534921,3,,,POINT (2.3534921 48.8320114),18,66,1866
1981095121,48.8328495,2.3546065,3,traffic_signals,,POINT (2.3546065 48.8328495),19,67,1967
1984212415,48.8913601,2.3398556,3,,,POINT (2.3398556 48.8913601),87,59,8759
1984212431,48.8914236,2.3396931,3,,,POINT (2.3396931 48.8914236),87,59,8759
1984212562,48.8918683,2.3351294,3,,,POINT (2.3351294 48.8918683),88,57,8857
1986819857,48.8565946,2.2718977,3,,,POINT (2.2718977 48.8565946),47,24,4724
1987578932,48.8871894,2.3046579,5,,,POINT (2.3046579 48.8871894),82,41,8241
1987617271,48.8850605,2.3032463,3,crossing,,POINT (2.3032463 48.8850605),80,40,8040
1987617275,48.8852049,2.3033979,6,mini_roundabout,,POINT (2.3033979 48.8852049),80,40,8040
1989837228,48.8559332,2.3342467,3,,,POINT (2.3342467 48.8559332),46,56,4656
1990027477,48.8708451,2.4087009,3,,,POINT (2.4087009 48.8708451),63,96,6396
1990027507,48.8714115,2.4078712,1,,,POINT (2.4078712 48.8714115),64,95,6495
1990799928,48.8725709,2.3961562,1,,,POINT (2.3961562 48.8725709),65,89,6589
1993107662,48.8809061,2.3210902,3,,,POINT (2.3210902 48.8809061),75,49,7549
1997626401,48.8750271,2.4057249,3,,,POINT (2.4057249 48.8750271),68,94,6894
2002549675,48.8648511,2.3998566,3,,,POINT (2.3998566 48.8648511),56,91,5691
2006535622,48.861921,2.3020087,5,traffic_signals,,POINT (2.3020087 48.861921),53,39,5339
2015239941,48.8812108,2.4011643,3,motorway_junction,,POINT (2.4011643 48.8812108),75,92,7592
2026103181,48.8606731,2.2297822,2,,,POINT (2.2297822 48.8606731),52,1,5201
2028917379,48.886325,2.3942477,3,,,POINT (2.3942477 48.886325),81,88,8188
2034662690,48.8308116,2.3441388,4,traffic_signals,,POINT (2.3441388 48.8308116),17,62,1762
2043615250,48.8510694,2.3461987,3,,,POINT (2.3461987 48.8510694),40,63,4063
2043743361,48.8764732,2.4072596,3,,,POINT (2.4072596 48.8764732),70,95,7095
2052058636,48.8397435,2.3999261,4,,,POINT (2.3999261 48.8397435),27,91,2791
2052058637,48.8396331,2.4000809,3,,,POINT (2.4000809 48.8396331),27,91,2791
2052058642,48.8396498,2.4001974,3,,,POINT (2.4001974 48.8396498),27,91,2791
2055711306,48.8761497,2.3979282,3,,,POINT (2.3979282 48.8761497),70,90,7090
2055711307,48.8761502,2.3982299,1,,,POINT (2.3982299 48.8761502),70,90,7090
2056770244,48.8226681,2.3728423,4,,,POINT (2.3728423 48.8226681),7,77,777
2056770248,48.8224854,2.3729845,3,,,POINT (2.3729845 48.8224854),7,77,777
2066708518,48.8540695,2.3473873,2,,,POINT (2.3473873 48.8540695),44,63,4463
2082452371,48.8844211,2.3828554,3,,,POINT (2.3828554 48.8844211),79,82,7982
2082452384,48.8848321,2.3819704,3,,,POINT (2.3819704 48.8848321),80,81,8081
2082452396,48.8842885,2.3829601,1,,,POINT (2.3829601 48.8842885),79,82,7982
2082452397,48.8848787,2.382578,3,,,POINT (2.382578 48.8848787),80,82,8082
2082452402,48.8842594,2.3823099,3,,,POINT (2.3823099 48.8842594),79,82,7982
2113426683,48.8956673,2.3298136,3,,,POINT (2.3298136 48.8956673),92,54,9254
2113426686,48.8946141,2.3290944,3,,,POINT (2.3290944 48.8946141),91,54,9154
2113435429,48.8952341,2.3281821,3,,,POINT (2.3281821 48.8952341),92,53,9253
2113435434,48.8954387,2.3282545,3,,,POINT (2.3282545 48.8954387),92,53,9253
2124630292,48.8849648,2.3068333,3,crossing,,POINT (2.3068333 48.8849648),80,42,8042
2124630300,48.8850584,2.3070252,3,,,POINT (2.3070252 48.8850584),80,42,8042
2124630308,48.8851922,2.3064879,3,,,POINT (2.3064879 48.8851922),80,42,8042
2124630309,48.88522,2.3070055,3,crossing,,POINT (2.3070055 48.88522),80,42,8042
2127242896,48.8941769,2.3701647,3,,,POINT (2.3701647 48.8941769),91,75,9175
2127247613,48.8856466,2.3964804,3,,,POINT (2.3964804 48.8856466),81,89,8189
2127642750,48.886142,2.2880561,4,,,POINT (2.2880561 48.886142),81,32,8132
2140279457,48.8337827,2.3380526,3,,,POINT (2.3380526 48.8337827),20,58,2058
2140279464,48.8346595,2.3382121,3,,,POINT (2.3382121 48.8346595),21,58,2158
2152029471,48.8992845,2.3655586,3,,,POINT (2.3655586 48.8992845),96,73,9673
2156740988,48.888158,2.3907195,3,,,POINT (2.3907195 48.888158),84,86,8486
2160033987,48.8952086,2.3590612,3,traffic_signals,,POINT (2.3590612 48.8952086),92,69,9269
2160033989,48.8951697,2.3595823,3,,,POINT (2.3595823 48.8951697),92,70,9270
2160033997,48.8953203,2.3597126,3,,,POINT (2.3597126 48.8953203),92,70,9270
2160034007,48.8955245,2.3593294,4,traffic_signals,,POINT (2.3593294 48.8955245),92,70,9270
2160034010,48.8953138,2.358324,3,,,POINT (2.358324 48.8953138),92,69,9269
2160034030,48.8951,2.3593487,4,traffic_signals,,POINT (2.3593487 48.8951),92,70,9270
2160034034,48.8954157,2.3590609,3,,,POINT (2.3590609 48.8954157),92,69,9269
2175327576,48.8595474,2.3681801,4,,,POINT (2.3681801 48.8595474),50,74,5074
2180084675,48.8702095,2.3425085,1,crossing,,POINT (2.3425085 48.8702095),63,61,6361
2183516992,48.889168,2.2975297,2,crossing,,POINT (2.2975297 48.889168),85,37,8537
2197454367,48.8292039,2.3902622,4,,,POINT (2.3902622 48.8292039),15,86,1586
2197454368,48.8292474,2.3903826,4,,,POINT (2.3903826 48.8292474),15,86,1586
2197832031,48.8283178,2.3903846,3,,,POINT (2.3903846 48.8283178),14,86,1486
2198199211,48.827529,2.3856054,2,,,POINT (2.3856054 48.827529),13,83,1383
2199846273,48.85067,2.3944978,4,,,POINT (2.3944978 48.85067),40,88,4088
2200327356,48.8698054,2.3281617,3,,,POINT (2.3281617 48.8698054),62,53,6253
2208333169,48.886451,2.3181664,3,,,POINT (2.3181664 48.886451),82,48,8248
2209978433,48.8243384,2.384691,3,,,POINT (2.384691 48.8243384),9,83,983
2246104742,48.8338366,2.3274062,3,,,POINT (2.3274062 48.8338366),20,53,2053
2247185931,48.8899082,2.3638174,3,,,POINT (2.3638174 48.8899082),86,72,8672
2249340457,48.8378921,2.3572907,3,,,POINT (2.3572907 48.8378921),25,68,2568
2249340458,48.8379731,2.3574769,3,,,POINT (2.3574769 48.8379731),25,69,2569
2250943366,48.8667352,2.3667964,3,,,POINT (2.3667964 48.8667352),59,73,5973
2252939391,48.8366251,2.3561833,1,,,POINT (2.3561833 48.8366251),24,68,2468
2258592544,48.8959311,2.3661375,3,,,POINT (2.3661375 48.8959311),93,73,9373
2266470975,48.863549,2.2396978,4,,,POINT (2.2396978 48.863549),55,7,5507
2282290894,48.8903856,2.3955212,3,,,POINT (2.3955212 48.8903856),86,89,8689
2282290896,48.858709,2.4098296,3,,,POINT (2.4098296 48.858709),49,96,4996
2284399764,48.8988446,2.3781333,3,,,POINT (2.3781333 48.8988446),96,79,9679
2284399767,48.8988769,2.3798375,4,,,POINT (2.3798375 48.8988769),96,80,9680
2286779116,48.8256859,2.3480276,3,,,POINT (2.3480276 48.8256859),11,64,1164
2294650372,48.8990969,2.3703164,3,,,POINT (2.3703164 48.8990969),96,75,9675
2294658839,48.8973243,2.324329,3,,,POINT (2.324329 48.8973243),94,51,9451
2294658847,48.8988772,2.3238005,4,,,POINT (2.3238005 48.8988772),96,51,9651
2301514737,48.8312639,2.3642455,2,,,POINT (2.3642455 48.8312639),17,72,1772
2301839480,48.8306847,2.3270431,1,,,POINT (2.3270431 48.8306847),17,53,1753
2303848345,48.8321814,2.2803184,3,crossing,,POINT (2.2803184 48.8321814),18,28,1828
2304319865,48.8521566,2.3895781,3,,,POINT (2.3895781 48.8521566),42,85,4285
2319542775,48.8452273,2.2976622,3,,,POINT (2.2976622 48.8452273),34,37,3437
2319750677,48.8480306,2.2541277,3,,,POINT (2.2541277 48.8480306),37,14,3714
2320354415,48.8481739,2.2538137,3,,,POINT (2.2538137 48.8481739),37,14,3714
2320354444,48.8483813,2.2420597,3,,,POINT (2.2420597 48.8483813),37,8,3708
2320354492,48.8486827,2.2420998,3,,,POINT (2.2420998 48.8486827),38,8,3808
2325477519,48.8444071,2.410117,3,,,POINT (2.410117 48.8444071),33,96,3396
2325500617,48.8272356,2.3857012,3,,,POINT (2.3857012 48.8272356),13,83,1383
2327892851,48.9011356,2.3717138,3,,,POINT (2.3717138 48.9011356),99,76,9976
2328721253,48.8927035,2.3597689,3,traffic_signals,,POINT (2.3597689 48.8927035),89,70,8970
2334245986,48.8346807,2.4007504,3,,,POINT (2.4007504 48.8346807),21,91,2191
2354781607,48.8985716,2.3611003,3,,,POINT (2.3611003 48.8985716),96,70,9670
2365581007,48.8771655,2.392682,3,,,POINT (2.392682 48.8771655),71,87,7187
2385176060,48.8441685,2.3789625,3,,,POINT (2.3789625 48.8441685),32,80,3280
2389371471,48.8747466,2.3805595,3,,,POINT (2.3805595 48.8747466),68,81,6881
2394065675,48.8555542,2.2749974,1,crossing,,POINT (2.2749974 48.8555542),46,25,4625
2399756570,48.891101,2.3180308,3,,,POINT (2.3180308 48.891101),87,48,8748
2399756572,48.8918864,2.3165752,3,,,POINT (2.3165752 48.8918864),88,47,8847
2399876970,48.8516851,2.3476942,3,,,POINT (2.3476942 48.8516851),41,63,4163
2401433039,48.8923712,2.3853722,3,,,POINT (2.3853722 48.8923712),88,83,8883
2401433059,48.8915454,2.3852208,3,,,POINT (2.3852208 48.8915454),87,83,8783
2401441954,48.8841688,2.3685941,4,,,POINT (2.3685941 48.8841688),79,74,7974
2402569198,48.8653642,2.3556762,4,,,POINT (2.3556762 48.8653642),57,68,5768
2405282107,48.8646275,2.405833,3,,,POINT (2.405833 48.8646275),56,94,5694
2405282109,48.8646363,2.4056005,3,,,POINT (2.4056005 48.8646363),56,94,5694
2406388141,48.8620871,2.261875,2,,,POINT (2.261875 48.8620871),53,18,5318
2406388160,48.8620041,2.2619832,2,,,POINT (2.2619832 48.8620041),53,18,5318
2406737479,48.865083,2.2344937,4,,,POINT (2.2344937 48.865083),57,4,5704
2406748770,48.864204,2.2413087,3,,,POINT (2.2413087 48.864204),56,7,5607
2406748772,48.8637903,2.2400359,4,,,POINT (2.2400359 48.8637903),55,7,5507
2406748780,48.8635759,2.2390171,3,,,POINT (2.2390171 48.8635759),55,6,5506
2406748788,48.8635438,2.2388112,3,,,POINT (2.2388112 48.8635438),55,6,5506
2406748794,48.8636437,2.2394854,4,,,POINT (2.2394854 48.8636437),55,6,5506
2406748802,48.8638243,2.2410941,1,,,POINT (2.2410941 48.8638243),55,7,5507
2406748804,48.8637104,2.2397697,3,,,POINT (2.2397697 48.8637104),55,7,5507
2406748806,48.8635137,2.2401746,1,,,POINT (2.2401746 48.8635137),55,7,5507
2409286699,48.884048,2.3824326,1,,,POINT (2.3824326 48.884048),79,82,7982
2410467800,48.8211791,2.3525664,4,traffic_signals,,POINT (2.3525664 48.8211791),6,66,666
2418577616,48.8538413,2.3441755,3,,,POINT (2.3441755 48.8538413),44,62,4462
2418577626,48.8537156,2.3441626,4,traffic_signals,,POINT (2.3441626 48.8537156),43,62,4362
2419399455,48.8432289,2.3787912,3,traffic_signals,,POINT (2.3787912 48.8432289),31,80,3180
2436687898,48.8663538,2.3241906,1,,,POINT (2.3241906 48.8663538),58,51,5851
2448382393,48.8888517,2.3780383,3,,,POINT (2.3780383 48.8888517),84,79,8479
2458010949,48.8387848,2.3506317,3,,,POINT (2.3506317 48.8387848),26,65,2665
2458010977,48.8386505,2.3505189,5,,,POINT (2.3505189 48.8386505),26,65,2665
2458010986,48.8384785,2.3506024,3,give_way,,POINT (2.3506024 48.8384785),26,65,2665
2458010999,48.8384189,2.350652,4,,,POINT (2.350652 48.8384189),26,65,2665
2477310483,48.846228,2.2781053,3,crossing,,POINT (2.2781053 48.846228),35,27,3527
2480009593,48.8778035,2.3974309,1,,,POINT (2.3974309 48.8778035),71,90,7190
2480009594,48.8781348,2.3974175,3,,,POINT (2.3974175 48.8781348),72,90,7290
2481752356,48.8521662,2.3695515,3,,,POINT (2.3695515 48.8521662),42,75,4275
2482970468,48.8881544,2.3958499,3,,,POINT (2.3958499 48.8881544),84,89,8489
2486549618,48.8542533,2.4152132,4,,,POINT (2.4152132 48.8542533),44,99,4499
2486549655,48.8539102,2.4153729,3,,,POINT (2.4153729 48.8539102),44,99,4499
2493546409,48.8773912,2.3702909,3,,,POINT (2.3702909 48.8773912),71,75,7175
2499653035,48.8758448,2.2622022,4,,,POINT (2.2622022 48.8758448),69,18,6918
2499726192,48.8678727,2.251037,3,,,POINT (2.251037 48.8678727),60,13,6013
2499759203,48.8661274,2.2551367,2,,,POINT (2.2551367 48.8661274),58,15,5815
2500391430,48.8319806,2.3038478,4,,,POINT (2.3038478 48.8319806),18,40,1840
2500391484,48.8326325,2.3010023,3,,,POINT (2.3010023 48.8326325),19,39,1939
2500391494,48.8328155,2.3004552,3,crossing,,POINT (2.3004552 48.8328155),19,39,1939
2500448780,48.8435251,2.2933801,3,crossing,,POINT (2.2933801 48.8435251),32,35,3235
2502992858,48.8821847,2.3288514,4,,,POINT (2.3288514 48.8821847),77,54,7754
2506478638,48.8336809,2.3319712,4,,,POINT (2.3319712 48.8336809),20,55,2055
2519942226,48.8687883,2.248293,2,,,POINT (2.248293 48.8687883),61,11,6111
2523746287,48.8879952,2.3619428,3,,,POINT (2.3619428 48.8879952),83,71,8371
2523746308,48.8882219,2.3607017,3,,,POINT (2.3607017 48.8882219),84,70,8470
2527279338,48.8892686,2.3357772,1,,,POINT (2.3357772 48.8892686),85,57,8557
2527279339,48.8897913,2.3357226,1,,,POINT (2.3357226 48.8897913),85,57,8557
2529018575,48.8814817,2.3973286,1,,,POINT (2.3973286 48.8814817),76,90,7690
2538606950,48.8171289,2.3478316,1,turning_circle,,POINT (2.3478316 48.8171289),1,64,164
2545594527,48.8267368,2.3819331,3,,,POINT (2.3819331 48.8267368),12,81,1281
2555805093,48.8917301,2.3248392,1,,,POINT (2.3248392 48.8917301),88,51,8851
2561299778,48.8622573,2.2866453,3,,,POINT (2.2866453 48.8622573),53,31,5331
2567258886,48.8223447,2.3471158,3,traffic_signals,,POINT (2.3471158 48.8223447),7,63,763
2572298835,48.8534883,2.4137191,3,,,POINT (2.4137191 48.8534883),43,98,4398
2574957858,48.8354485,2.3698576,3,,,POINT (2.3698576 48.8354485),22,75,2275
2574957904,48.8356228,2.3696998,3,,,POINT (2.3696998 48.8356228),22,75,2275
2575067143,48.8357834,2.3706237,3,,,POINT (2.3706237 48.8357834),23,76,2376
2575067163,48.8359516,2.370472,3,,,POINT (2.370472 48.8359516),23,75,2375
2575130888,48.8345311,2.3672352,3,traffic_signals,,POINT (2.3672352 48.8345311),21,74,2174
2577631266,48.8221144,2.3540523,3,,,POINT (2.3540523 48.8221144),7,67,767
2577631280,48.8221412,2.3538903,3,,,POINT (2.3538903 48.8221412),7,67,767
2577631320,48.8222241,2.3539062,3,,,POINT (2.3539062 48.8222241),7,67,767
2580430969,48.8948324,2.3184387,4,,,POINT (2.3184387 48.8948324),91,48,9148
2580430979,48.8953256,2.3164563,3,,,POINT (2.3164563 48.8953256),92,47,9247
2580431031,48.8991211,2.3212206,4,,,POINT (2.3212206 48.8991211),96,49,9649
2589568355,48.8582744,2.2556226,3,,,POINT (2.2556226 48.8582744),49,15,4915
2589568357,48.8581244,2.2557071,3,,,POINT (2.2557071 48.8581244),49,15,4915
2596022334,48.8283549,2.3415989,3,,,POINT (2.3415989 48.8283549),14,60,1460
2596022343,48.8316077,2.3412406,3,,,POINT (2.3412406 48.8316077),18,60,1860
2596022345,48.831978,2.3410421,4,traffic_signals,,POINT (2.3410421 48.831978),18,60,1860
2597236732,48.8262393,2.3776007,3,,,POINT (2.3776007 48.8262393),12,79,1279
2597463104,48.8325579,2.34686,3,,,POINT (2.34686 48.8325579),19,63,1963
2597463114,48.8326394,2.3470116,3,,,POINT (2.3470116 48.8326394),19,63,1963
2597463119,48.8326622,2.346771,3,,,POINT (2.346771 48.8326622),19,63,1963
2605950169,48.8302681,2.3524611,3,traffic_signals,,POINT (2.3524611 48.8302681),16,66,1666
2606206621,48.8332469,2.3616568,3,,,POINT (2.3616568 48.8332469),20,71,2071
2621009106,48.8630354,2.3880058,3,,,POINT (2.3880058 48.8630354),54,85,5485
2621079389,48.8275762,2.3782728,3,,,POINT (2.3782728 48.8275762),13,80,1380
2626551459,48.8366244,2.3931788,4,,,POINT (2.3931788 48.8366244),24,87,2487
2628704017,48.831192,2.3214263,3,,,POINT (2.3214263 48.831192),17,50,1750
2629096046,48.8653798,2.4087213,3,,,POINT (2.4087213 48.8653798),57,96,5796
2631274817,48.8386072,2.281849,3,,,POINT (2.281849 48.8386072),26,29,2629
2635358835,48.9012406,2.3444534,3,traffic_signals,,POINT (2.3444534 48.9012406),99,62,9962
2641511919,48.8403352,2.2780205,3,traffic_signals,,POINT (2.2780205 48.8403352),28,27,2827
2663193352,48.8585403,2.4086919,3,,,POINT (2.4086919 48.8585403),49,96,4996
2663193353,48.8587499,2.4095377,3,,,POINT (2.4095377 48.8587499),49,96,4996
2665180182,48.8547012,2.3853213,4,traffic_signals,,POINT (2.3853213 48.8547012),45,83,4583
2685263796,48.8481255,2.264378,3,crossing,,POINT (2.264378 48.8481255),37,20,3720
2689407152,48.839566,2.3969606,3,,,POINT (2.3969606 48.839566),27,89,2789
2689407184,48.8396939,2.3961214,3,,,POINT (2.3961214 48.8396939),27,89,2789
2689489652,48.8524833,2.2804688,3,,,POINT (2.2804688 48.8524833),42,28,4228
2698142490,48.8792063,2.2917815,3,,,POINT (2.2917815 48.8792063),73,34,7334
2700086525,48.8839308,2.304942,3,,,POINT (2.304942 48.8839308),79,41,7941
2700151053,48.8922587,2.3092392,3,,,POINT (2.3092392 48.8922587),88,43,8843
2700151057,48.8925605,2.3086551,2,,,POINT (2.3086551 48.8925605),89,43,8943
2700151105,48.8932256,2.3155855,3,,,POINT (2.3155855 48.8932256),89,47,8947
2700151117,48.8935385,2.3142202,3,,,POINT (2.3142202 48.8935385),90,46,9046
2700151119,48.8923303,2.3089121,3,,,POINT (2.3089121 48.8923303),88,43,8843
2702920384,48.8246982,2.3258924,4,,,POINT (2.3258924 48.8246982),10,52,1052
2702920385,48.8247504,2.3259044,5,,,POINT (2.3259044 48.8247504),10,52,1052
2705349267,48.8480224,2.3016514,3,,,POINT (2.3016514 48.8480224),37,39,3739
2705349738,48.8547279,2.2956577,3,crossing,,POINT (2.2956577 48.8547279),45,36,4536
2705349984,48.8588721,2.2967744,1,crossing,,POINT (2.2967744 48.8588721),49,37,4937
2710711326,48.8256681,2.3820771,4,,,POINT (2.3820771 48.8256681),11,82,1182
2710711328,48.8257153,2.3819521,4,,,POINT (2.3819521 48.8257153),11,81,1181
2710711343,48.8258876,2.3827192,4,,,POINT (2.3827192 48.8258876),11,82,1182
2710711363,48.8264822,2.3786945,3,,,POINT (2.3786945 48.8264822),12,80,1280
2720107728,48.8293049,2.3905203,4,,,POINT (2.3905203 48.8293049),15,86,1586
2720107768,48.8333134,2.4021788,3,,,POINT (2.4021788 48.8333134),20,92,2092
2720107874,48.8489971,2.4112557,4,,,POINT (2.4112557 48.8489971),38,97,3897
2721076868,48.8902615,2.3987627,3,traffic_signals,,POINT (2.3987627 48.8902615),86,90,8690
2721076937,48.8958999,2.3714957,3,,,POINT (2.3714957 48.8958999),93,76,9376
2721077026,48.8977371,2.3705461,3,,,POINT (2.3705461 48.8977371),95,75,9575
2721077027,48.8977514,2.371073,3,,,POINT (2.371073 48.8977514),95,76,9576
2722937399,48.8862581,2.3137333,3,,,POINT (2.3137333 48.8862581),81,46,8146
2722937401,48.8863393,2.3139639,3,,,POINT (2.3139639 48.8863393),81,46,8146
2722937419,48.8871963,2.3138875,4,,,POINT (2.3138875 48.8871963),82,46,8246
2722937422,48.8872748,2.3137614,3,,,POINT (2.3137614 48.8872748),83,46,8346
2722937615,48.89126,2.3062588,3,,,POINT (2.3062588 48.89126),87,42,8742
2734029831,48.8517052,2.324343,3,,,POINT (2.324343 48.8517052),41,51,4151
2734089715,48.8567498,2.3410051,3,,,POINT (2.3410051 48.8567498),47,60,4760
2734089737,48.8573177,2.3415203,3,crossing,,POINT (2.3415203 48.8573177),48,60,4860
2734291201,48.9008251,2.3889154,4,,,POINT (2.3889154 48.9008251),98,85,9885
2755900483,48.8754241,2.304307,2,,,POINT (2.304307 48.8754241),69,41,6941
2755900486,48.8751402,2.3049644,2,,,POINT (2.3049644 48.8751402),68,41,6841
2775850660,48.8527131,2.3886575,3,,,POINT (2.3886575 48.8527131),42,85,4285
2784211932,48.8334056,2.2771984,4,,,POINT (2.2771984 48.8334056),20,26,2026
2811530568,48.8960261,2.3837495,3,,,POINT (2.3837495 48.8960261),93,82,9382
2811530570,48.8960444,2.3840097,3,traffic_signals,,POINT (2.3840097 48.8960444),93,83,9383
2813796665,48.8406356,2.4092444,4,,,POINT (2.4092444 48.8406356),28,96,2896
2813796669,48.8407371,2.409277,4,,,POINT (2.409277 48.8407371),28,96,2896
2813796672,48.8407659,2.4090463,3,traffic_signals,,POINT (2.4090463 48.8407659),28,96,2896
2825143231,48.8895033,2.3954477,3,,,POINT (2.3954477 48.8895033),85,89,8589
2825143236,48.8897971,2.3956907,3,,,POINT (2.3956907 48.8897971),85,89,8589
2825334223,48.8789887,2.4016213,4,,,POINT (2.4016213 48.8789887),73,92,7392
2829333368,48.8979175,2.3798486,1,,,POINT (2.3798486 48.8979175),95,80,9580
2829333397,48.8989354,2.3825691,3,traffic_signals,,POINT (2.3825691 48.8989354),96,82,9682
2832108170,48.851421,2.3856669,1,,,POINT (2.3856669 48.851421),41,83,4183
2834029131,48.8684617,2.3862455,3,,,POINT (2.3862455 48.8684617),61,84,6184
2841627109,48.8649724,2.4108295,3,,,POINT (2.4108295 48.8649724),57,97,5797
2841627112,48.8672172,2.4135084,3,,,POINT (2.4135084 48.8672172),59,98,5998
2855460320,48.898859,2.326295,3,,,POINT (2.326295 48.898859),96,52,9652
2863101693,48.8899235,2.3630948,4,,,POINT (2.3630948 48.8899235),86,72,8672
2864793307,48.8845147,2.3614433,4,traffic_signals,,POINT (2.3614433 48.8845147),79,71,7971
2864793308,48.8845302,2.359383,4,,,POINT (2.359383 48.8845302),79,70,7970
2875153280,48.8691548,2.4053112,3,,,POINT (2.4053112 48.8691548),61,94,6194
2879837947,48.8557411,2.4098865,3,,,POINT (2.4098865 48.8557411),46,96,4696
2879837948,48.8562487,2.4102341,3,,,POINT (2.4102341 48.8562487),46,96,4696
2879838099,48.8685586,2.4086337,1,,,POINT (2.4086337 48.8685586),61,96,6196
2879838276,48.8728382,2.4086339,3,,,POINT (2.4086339 48.8728382),66,96,6696
2879838277,48.8729144,2.4083915,3,,,POINT (2.4083915 48.8729144),66,95,6695
2879838280,48.872924,2.4086218,3,,,POINT (2.4086218 48.872924),66,96,6696
2879838346,48.8753913,2.4077586,3,,,POINT (2.4077586 48.8753913),69,95,6995
2879838398,48.8782196,2.403351,3,,,POINT (2.403351 48.8782196),72,93,7293
2879838412,48.8783612,2.4034208,3,,,POINT (2.4034208 48.8783612),72,93,7293
2901636705,48.8821351,2.3613745,1,,,POINT (2.3613745 48.8821351),77,71,7771
2905112354,48.892528,2.3443033,4,traffic_signals,,POINT (2.3443033 48.892528),89,62,8962
2905350304,48.8774938,2.3098211,3,crossing,,POINT (2.3098211 48.8774938),71,43,7143
2915035142,48.9007929,2.3220484,2,,,POINT (2.3220484 48.9007929),98,50,9850
2925129353,48.8876994,2.3125633,3,traffic_signals,,POINT (2.3125633 48.8876994),83,45,8345
2991139951,48.8158728,2.3441987,3,traffic_signals,,POINT (2.3441987 48.8158728),0,62,62
2991140006,48.8170943,2.3440704,3,,,POINT (2.3440704 48.8170943),1,62,162
2991188336,48.8166384,2.3476909,3,,,POINT (2.3476909 48.8166384),0,63,63
2996099315,48.8264006,2.3169692,1,,,POINT (2.3169692 48.8264006),12,47,1247
2996099316,48.8272887,2.3118171,3,,,POINT (2.3118171 48.8272887),13,45,1345
2996099319,48.8284392,2.3108587,3,,,POINT (2.3108587 48.8284392),14,44,1444
2996099323,48.8289325,2.3112091,1,,,POINT (2.3112091 48.8289325),15,44,1544
3000118755,48.8192587,2.3729912,3,,,POINT (2.3729912 48.8192587),3,77,377
3002750298,48.8320171,2.3343318,1,,,POINT (2.3343318 48.8320171),18,56,1856
3034259850,48.8423212,2.3844595,3,,,POINT (2.3844595 48.8423212),30,83,3083
3035151075,48.8448361,2.2872743,3,,,POINT (2.2872743 48.8448361),33,32,3332
3035151076,48.8451055,2.2865757,3,,,POINT (2.2865757 48.8451055),33,31,3331
3036590957,48.8883566,2.3116951,3,,,POINT (2.3116951 48.8883566),84,44,8444
3036590976,48.8960258,2.3183246,4,,,POINT (2.3183246 48.8960258),93,48,9348
3036682206,48.8940193,2.337364,1,,,POINT (2.337364 48.8940193),90,58,9058
3036682208,48.8942079,2.3367752,3,,,POINT (2.3367752 48.8942079),91,58,9158
3036682209,48.8942628,2.3391487,1,,,POINT (2.3391487 48.8942628),91,59,9159
3036682212,48.8943135,2.338441,3,,,POINT (2.338441 48.8943135),91,59,9159
3036743735,48.8923679,2.3490288,3,traffic_signals,,POINT (2.3490288 48.8923679),88,64,8864
3036743736,48.8926205,2.3488069,3,traffic_signals,,POINT (2.3488069 48.8926205),89,64,8964
3036818845,48.8826123,2.3734781,1,,,POINT (2.3734781 48.8826123),77,77,7777
3036818846,48.8827697,2.3737246,3,,,POINT (2.3737246 48.8827697),77,77,7777
3071635716,48.8385328,2.2820364,3,,,POINT (2.2820364 48.8385328),26,29,2629
3080638045,48.89201,2.3462061,1,crossing,,POINT (2.3462061 48.89201),88,63,8863
3121884902,48.8594599,2.4042508,2,,,POINT (2.4042508 48.8594599),50,93,5093
3121884907,48.859556,2.404112,2,,,POINT (2.404112 48.859556),50,93,5093
3121926071,48.8477978,2.301404,3,,,POINT (2.301404 48.8477978),37,39,3739
3121926074,48.8477526,2.3017167,3,,,POINT (2.3017167 48.8477526),37,39,3739
3121926075,48.8478407,2.3013655,3,,,POINT (2.3013655 48.8478407),37,39,3739
3121926076,48.8478708,2.3013517,3,,,POINT (2.3013517 48.8478708),37,39,3739
3122205604,48.8555117,2.4079774,1,,,POINT (2.4079774 48.8555117),46,95,4695
3133100217,48.860667,2.4027999,1,,,POINT (2.4027999 48.860667),52,92,5292
3158198973,48.8331028,2.2874255,3,,,POINT (2.2874255 48.8331028),20,32,2032
3161155026,48.8459391,2.3505646,3,traffic_signals,,POINT (2.3505646 48.8459391),34,65,3465
3175774061,48.8632967,2.399714,3,,,POINT (2.399714 48.8632967),55,91,5591
3200234559,48.8855698,2.2933395,3,,,POINT (2.2933395 48.8855698),81,35,8135
3202985336,48.8835265,2.3268501,3,traffic_signals,,POINT (2.3268501 48.8835265),78,52,7852
3219846388,48.8777215,2.2983559,3,traffic_signals,,POINT (2.2983559 48.8777215),71,37,7137
3220375623,48.8739939,2.2552957,3,,,POINT (2.2552957 48.8739939),67,15,6715
3248363182,48.8697056,2.3888211,1,,,POINT (2.3888211 48.8697056),62,85,6285
3269038379,48.8743926,2.2486845,4,,,POINT (2.2486845 48.8743926),68,11,6811
3269038397,48.8742676,2.2485613,3,,,POINT (2.2485613 48.8742676),67,11,6711
3269038400,48.8745181,2.2488035,3,,,POINT (2.2488035 48.8745181),68,11,6811
3273433779,48.8470436,2.2957291,3,traffic_signals,,POINT (2.2957291 48.8470436),36,36,3636
3278371062,48.8470781,2.2959441,5,traffic_signals,,POINT (2.2959441 48.8470781),36,36,3636
3324889616,48.8775593,2.2793341,3,,,POINT (2.2793341 48.8775593),71,27,7127
3324889618,48.8778957,2.2787842,3,,,POINT (2.2787842 48.8778957),72,27,7227
3375721551,48.8354212,2.3482081,3,,,POINT (2.3482081 48.8354212),22,64,2264
3375721567,48.8355722,2.3480346,3,traffic_signals,,POINT (2.3480346 48.8355722),22,64,2264
3377963975,48.9008739,2.3271956,3,,,POINT (2.3271956 48.9008739),98,53,9853
3397114842,48.877681,2.2932301,3,,,POINT (2.2932301 48.877681),71,35,7135
3403646373,48.866318,2.3836966,3,,,POINT (2.3836966 48.866318),58,82,5882
3403646375,48.8662199,2.3834917,3,,,POINT (2.3834917 48.8662199),58,82,5882
3406965269,48.8976679,2.3340833,3,,,POINT (2.3340833 48.8976679),95,56,9556
3406965280,48.8979238,2.3383874,3,,,POINT (2.3383874 48.8979238),95,59,9559
3511223722,48.8604443,2.3462354,1,,,POINT (2.3462354 48.8604443),51,63,5163
3522596181,48.885109,2.3068727,4,,,POINT (2.3068727 48.885109),80,42,8042
3522596182,48.8923998,2.3449977,4,,,POINT (2.3449977 48.8923998),88,62,8862
3537303750,48.8397957,2.3956112,3,,,POINT (2.3956112 48.8397957),27,89,2789
3601290196,48.8277795,2.3120705,3,,,POINT (2.3120705 48.8277795),13,45,1345
3625701396,48.8869091,2.297018,3,,,POINT (2.297018 48.8869091),82,37,8237
3625701401,48.8866648,2.296328,4,,,POINT (2.296328 48.8866648),82,36,8236
3627128609,48.8869328,2.2973315,1,,,POINT (2.2973315 48.8869328),82,37,8237
3628689046,48.8854303,2.3030385,3,crossing,,POINT (2.3030385 48.8854303),80,40,8040
3628689047,48.8852591,2.3029522,3,crossing,,POINT (2.3029522 48.8852591),80,40,8040
3632382087,48.8273845,2.3138954,1,,,POINT (2.3138954 48.8273845),13,46,1346
3633222254,48.8354993,2.2927761,3,,,POINT (2.2927761 48.8354993),22,35,2235
3647346693,48.8723571,2.3979152,3,,,POINT (2.3979152 48.8723571),65,90,6590
3647346694,48.872437,2.3979147,3,,,POINT (2.3979147 48.872437),65,90,6590
3647346703,48.8737892,2.3883151,3,,,POINT (2.3883151 48.8737892),67,85,6785
3647346711,48.8753053,2.3939587,3,,,POINT (2.3939587 48.8753053),69,88,6988
3647346728,48.8723274,2.3979205,3,,,POINT (2.3979205 48.8723274),65,90,6590
3647346736,48.8726524,2.3943357,3,,,POINT (2.3943357 48.8726524),66,88,6688
3654919264,48.8764288,2.2873132,2,,,POINT (2.2873132 48.8764288),70,32,7032
3657885239,48.8556124,2.3530317,3,,,POINT (2.3530317 48.8556124),46,66,4666
3670340321,48.8738383,2.2984053,4,,,POINT (2.2984053 48.8738383),67,37,6737
3671259413,48.8328052,2.2797641,3,motorway_junction,,POINT (2.2797641 48.8328052),19,28,1928
3690935170,48.8848334,2.368182,3,,,POINT (2.368182 48.8848334),80,74,8074
3694063492,48.8257836,2.3798674,1,,,POINT (2.3798674 48.8257836),11,80,1180
3727403419,48.8683533,2.3628564,3,,,POINT (2.3628564 48.8683533),61,71,6171
3730979166,48.8311179,2.381167,3,,,POINT (2.381167 48.8311179),17,81,1781
3731959193,48.8477362,2.3015771,3,,,POINT (2.3015771 48.8477362),37,39,3739
3732081147,48.8453628,2.3109741,4,,,POINT (2.3109741 48.8453628),34,44,3444
3745434690,48.8214626,2.368846,3,,,POINT (2.368846 48.8214626),6,75,675
3745434703,48.821603,2.3692143,4,,,POINT (2.3692143 48.821603),6,75,675
3745434708,48.8216647,2.3693755,3,,,POINT (2.3693755 48.8216647),6,75,675
3745527028,48.8221774,2.3474043,3,,,POINT (2.3474043 48.8221774),7,63,763
3745577947,48.8209563,2.3506969,3,,,POINT (2.3506969 48.8209563),5,65,565
3745577949,48.8210449,2.3507642,3,,,POINT (2.3507642 48.8210449),6,65,665
3747261246,48.8215379,2.3430072,4,,,POINT (2.3430072 48.8215379),6,61,661
3747261251,48.8226283,2.343963,3,,,POINT (2.343963 48.8226283),7,61,761
3747261259,48.8228069,2.3442999,3,,,POINT (2.3442999 48.8228069),8,62,862
3747261263,48.8228525,2.344102,3,,,POINT (2.344102 48.8228525),8,62,862
3756424973,48.8615836,2.2678425,3,,,POINT (2.2678425 48.8615836),53,21,5321
3764314590,48.8249621,2.3466552,3,,,POINT (2.3466552 48.8249621),10,63,1063
3790547476,48.8219386,2.3251009,3,,,POINT (2.3251009 48.8219386),7,52,752
3805263959,48.8997329,2.3711189,4,,,POINT (2.3711189 48.8997329),97,76,9776
3805338763,48.8175484,2.3440845,3,,,POINT (2.3440845 48.8175484),1,62,162
3830556672,48.8894451,2.3284093,3,,,POINT (2.3284093 48.8894451),85,53,8553
3830556676,48.8910003,2.3309624,3,traffic_signals,,POINT (2.3309624 48.8910003),87,55,8755
3834909091,48.8837367,2.3178375,3,,,POINT (2.3178375 48.8837367),78,48,7848
3834909093,48.8843311,2.317202,3,,,POINT (2.317202 48.8843311),79,47,7947
3834909099,48.8834508,2.3130454,3,,,POINT (2.3130454 48.8834508),78,45,7845
3834909100,48.8838057,2.3136474,3,,,POINT (2.3136474 48.8838057),78,46,7846
3834909102,48.884049,2.3140658,3,,,POINT (2.3140658 48.884049),79,46,7946
3834909103,48.8842351,2.3143888,3,,,POINT (2.3143888 48.8842351),79,46,7946
3834909104,48.8850191,2.3107031,4,,,POINT (2.3107031 48.8850191),80,44,8044
3834909107,48.8851263,2.3108892,3,,,POINT (2.3108892 48.8851263),80,44,8044
3835372157,48.8957543,2.3310711,3,,,POINT (2.3310711 48.8957543),92,55,9255
3835398795,48.8857495,2.3216412,4,,,POINT (2.3216412 48.8857495),81,50,8150
3835398802,48.890582,2.320208,4,,,POINT (2.320208 48.890582),86,49,8649
3835398803,48.8899118,2.3192595,3,,,POINT (2.3192595 48.8899118),86,48,8648
3835398811,48.8910324,2.3252198,4,,,POINT (2.3252198 48.8910324),87,52,8752
3835398812,48.8905942,2.326599,3,,,POINT (2.326599 48.8905942),86,52,8652
3854260797,48.842428,2.2514246,3,,,POINT (2.2514246 48.842428),30,13,3013
3854260801,48.8422932,2.2514643,3,,,POINT (2.2514643 48.8422932),30,13,3013
3854260804,48.8423755,2.2516132,3,,,POINT (2.2516132 48.8423755),30,13,3013
3865046319,48.8339044,2.2901991,3,traffic_signals,,POINT (2.2901991 48.8339044),20,33,2033
3865046321,48.8341103,2.2899883,3,,,POINT (2.2899883 48.8341103),21,33,2133
3881610762,48.852573,2.2538855,3,,,POINT (2.2538855 48.852573),42,14,4214
3881610781,48.8525179,2.2538844,3,,,POINT (2.2538844 48.8525179),42,14,4214
3881610816,48.8525246,2.2541339,3,,,POINT (2.2541339 48.8525246),42,14,4214
3881610822,48.8504718,2.2509936,1,,,POINT (2.2509936 48.8504718),40,13,4013
3881610829,48.8577212,2.2545792,1,,,POINT (2.2545792 48.8577212),48,14,4814
3881610844,48.8526023,2.2541031,3,,,POINT (2.2541031 48.8526023),42,14,4214
3881610852,48.8523121,2.2541967,3,,,POINT (2.2541967 48.8523121),42,14,4214
3906583829,48.8451321,2.277116,3,,,POINT (2.277116 48.8451321),34,26,3426
3906714790,48.8440121,2.2773238,3,,,POINT (2.2773238 48.8440121),32,26,3226
3920493837,48.8381979,2.3571799,4,,,POINT (2.3571799 48.8381979),25,68,2568
3924345458,48.8645974,2.3598297,3,,,POINT (2.3598297 48.8645974),56,70,5670
3977600431,48.9010634,2.384804,1,,,POINT (2.384804 48.9010634),99,83,9983
3978880404,48.8765658,2.3129065,3,,,POINT (2.3129065 48.8765658),70,45,7045
3978880407,48.8766159,2.3128437,3,,,POINT (2.3128437 48.8766159),70,45,7045
3978880409,48.8764599,2.3128713,3,,,POINT (2.3128713 48.8764599),70,45,7045
3978880412,48.8764693,2.3126524,3,,,POINT (2.3126524 48.8764693),70,45,7045
3978880416,48.8764339,2.3127463,3,,,POINT (2.3127463 48.8764339),70,45,7045
3978880419,48.8765616,2.3126268,3,,,POINT (2.3126268 48.8765616),70,45,7045
3978880423,48.8766278,2.3127548,3,,,POINT (2.3127548 48.8766278),70,45,7045
3999929421,48.8845549,2.3292415,3,,,POINT (2.3292415 48.8845549),79,54,7954
4005550090,48.8643964,2.401477,1,crossing,,POINT (2.401477 48.8643964),56,92,5692
4020513523,48.8865207,2.3846394,3,,,POINT (2.3846394 48.8865207),82,83,8283
4060361011,48.8227937,2.3727473,3,,,POINT (2.3727473 48.8227937),8,77,877
4061931502,48.8756375,2.2933738,1,,,POINT (2.2933738 48.8756375),69,35,6935
4061931503,48.875717,2.2935077,2,,,POINT (2.2935077 48.875717),69,35,6935
4068204149,48.8212681,2.3766975,1,turning_circle,,POINT (2.3766975 48.8212681),6,79,679
4069611774,48.8537773,2.2829607,3,,,POINT (2.2829607 48.8537773),44,29,4429
4170526436,48.8397192,2.3954942,3,,,POINT (2.3954942 48.8397192),27,89,2789
4170526437,48.8395963,2.3954405,3,,,POINT (2.3954405 48.8395963),27,89,2789
4172561652,48.8885783,2.3094491,3,,,POINT (2.3094491 48.8885783),84,43,8443
4172601063,48.8625109,2.2643739,4,,,POINT (2.2643739 48.8625109),54,20,5420
4187963975,48.8845981,2.2968885,3,,,POINT (2.2968885 48.8845981),79,37,7937
4212225066,48.8929217,2.327014,3,,,POINT (2.327014 48.8929217),89,53,8953
4225762683,48.8697025,2.2566133,2,,,POINT (2.2566133 48.8697025),62,15,6215
4225762685,48.8683015,2.2527018,2,,,POINT (2.2527018 48.8683015),60,13,6013
4250154475,48.8310705,2.3551739,3,,,POINT (2.3551739 48.8310705),17,67,1767
4293351115,48.8723238,2.4124122,3,,,POINT (2.4124122 48.8723238),65,98,6598
4294378833,48.8792807,2.2912527,4,,,POINT (2.2912527 48.8792807),73,34,7334
4294378838,48.8793719,2.291265,3,,,POINT (2.291265 48.8793719),73,34,7334
4294378839,48.8793729,2.2908164,4,,,POINT (2.2908164 48.8793729),73,33,7333
4294378842,48.8794623,2.2908591,4,,,POINT (2.2908591 48.8794623),73,34,7334
4317966868,48.8710065,2.2601989,2,,,POINT (2.2601989 48.8710065),64,17,6417
4317966873,48.8703965,2.2585223,2,,,POINT (2.2585223 48.8703965),63,16,6316
4318469310,48.8605376,2.3461915,1,,,POINT (2.3461915 48.8605376),51,63,5163
4321361071,48.8759194,2.2891235,4,crossing,,POINT (2.2891235 48.8759194),69,33,6933
4338803424,48.8379353,2.3708351,2,,,POINT (2.3708351 48.8379353),25,76,2576
4348836979,48.8361758,2.2934652,3,crossing,,POINT (2.2934652 48.8361758),23,35,2335
4359343926,48.8357334,2.4060649,3,,,POINT (2.4060649 48.8357334),23,94,2394
4359357351,48.840255,2.3949542,3,,,POINT (2.3949542 48.840255),28,88,2888
4359357354,48.8398689,2.3946158,3,,,POINT (2.3946158 48.8398689),27,88,2788
4365655622,48.8936224,2.3734553,3,,,POINT (2.3734553 48.8936224),90,77,9077
4365655624,48.8937286,2.3735705,3,,,POINT (2.3735705 48.8937286),90,77,9077
4365655627,48.8938422,2.3733804,4,,,POINT (2.3733804 48.8938422),90,77,9077
4365655628,48.8938485,2.3732252,4,,,POINT (2.3732252 48.8938485),90,77,9077
4365655629,48.8938957,2.3733569,3,,,POINT (2.3733569 48.8938957),90,77,9077
4366348292,48.8615827,2.4017477,3,,,POINT (2.4017477 48.8615827),53,92,5392
4389621615,48.856899,2.3000364,3,,,POINT (2.3000364 48.856899),47,38,4738
4414972417,48.8578277,2.2629091,4,,,POINT (2.2629091 48.8578277),48,19,4819
4418673952,48.847069,2.3649266,1,,,POINT (2.3649266 48.847069),36,73,3673
4426107369,48.8700875,2.4042734,1,,,POINT (2.4042734 48.8700875),63,93,6393
4435946130,48.8530141,2.253818,1,,,POINT (2.253818 48.8530141),43,14,4314
4461544104,48.8247558,2.3844502,3,motorway_junction,,POINT (2.3844502 48.8247558),10,83,1083
4468710875,48.8618749,2.3194975,3,,,POINT (2.3194975 48.8618749),53,49,5349
4479306237,48.8367507,2.2980599,4,traffic_signals,,POINT (2.2980599 48.8367507),24,37,2437
4493797299,48.8417906,2.2995403,1,,,POINT (2.2995403 48.8417906),30,38,3038
4508646366,48.8627919,2.3116583,3,,,POINT (2.3116583 48.8627919),54,44,5444
4508711207,48.831004,2.3776039,4,,,POINT (2.3776039 48.831004),17,79,1779
4508711209,48.8305417,2.3768511,4,,,POINT (2.3768511 48.8305417),17,79,1779
4511298500,48.8712287,2.4106767,3,,,POINT (2.4106767 48.8712287),64,97,6497
4525367231,48.8445441,2.349558,3,,,POINT (2.349558 48.8445441),33,64,3364
4525367232,48.8444114,2.3495662,3,,,POINT (2.3495662 48.8444114),33,64,3364
4539453718,48.8963948,2.3761454,3,,,POINT (2.3761454 48.8963948),93,78,9378
4547130993,48.8549377,2.2892654,3,,,POINT (2.2892654 48.8549377),45,33,4533
4547130996,48.8551487,2.2894193,3,,,POINT (2.2894193 48.8551487),45,33,4533
4547130999,48.8549615,2.289925,3,,,POINT (2.289925 48.8549615),45,33,4533
4583249023,48.8852403,2.3761545,3,,,POINT (2.3761545 48.8852403),80,78,8078
4603914571,48.8473376,2.3652706,3,,,POINT (2.3652706 48.8473376),36,73,3673
4610351358,48.8238479,2.3256796,2,,,POINT (2.3256796 48.8238479),9,52,952
4692446096,48.8940548,2.3141766,3,,,POINT (2.3141766 48.8940548),90,46,9046
4692446097,48.8962689,2.3100165,4,,,POINT (2.3100165 48.8962689),93,44,9344
4692661267,48.8391429,2.3306436,3,traffic_signals,,POINT (2.3306436 48.8391429),27,54,2754
4695326496,48.8665165,2.334073,3,traffic_signals,,POINT (2.334073 48.8665165),58,56,5856
4700937589,48.8801662,2.353654,3,,,POINT (2.353654 48.8801662),74,67,7467
4718747865,48.8580704,2.2728054,3,,,POINT (2.2728054 48.8580704),49,24,4924
4718747866,48.8581776,2.2726055,4,,,POINT (2.2726055 48.8581776),49,24,4924
4720234391,48.8720689,2.3395942,3,,,POINT (2.3395942 48.8720689),65,59,6559
4720234394,48.8720412,2.3397808,3,,,POINT (2.3397808 48.8720412),65,59,6559
4720234396,48.8719145,2.3400113,4,traffic_signals,,POINT (2.3400113 48.8719145),65,59,6559
4729508755,48.8589725,2.3226062,1,,,POINT (2.3226062 48.8589725),50,50,5050
4729508759,48.8560961,2.3258444,4,,,POINT (2.3258444 48.8560961),46,52,4652
4729508762,48.8563434,2.3263774,3,,,POINT (2.3263774 48.8563434),47,52,4752
4731130477,48.8355125,2.3023762,4,traffic_signals,,POINT (2.3023762 48.8355125),22,40,2240
4742879704,48.8977378,2.3375072,4,,,POINT (2.3375072 48.8977378),95,58,9558
4754017845,48.8378797,2.3705715,3,,,POINT (2.3705715 48.8378797),25,75,2575
4808482777,48.8775103,2.3102056,4,,,POINT (2.3102056 48.8775103),71,44,7144
4808482785,48.8775208,2.3104471,3,,,POINT (2.3104471 48.8775208),71,44,7144
4808482786,48.8773432,2.3109258,3,,,POINT (2.3109258 48.8773432),71,44,7144
4818186753,48.8259724,2.3850075,3,,,POINT (2.3850075 48.8259724),11,83,1183
4826570066,48.8953134,2.3581168,2,,,POINT (2.3581168 48.8953134),92,69,9269
4862273044,48.8974629,2.3254993,3,,,POINT (2.3254993 48.8974629),94,52,9452
4862309337,48.895213,2.3161512,3,,,POINT (2.3161512 48.895213),92,47,9247
4864063134,48.8935643,2.3117798,4,,,POINT (2.3117798 48.8935643),90,45,9045
4864708820,48.8976528,2.3323952,3,,,POINT (2.3323952 48.8976528),95,55,9555
4864709121,48.8976767,2.3345714,3,,,POINT (2.3345714 48.8976767),95,57,9557
4864709124,48.897725,2.3361899,3,,,POINT (2.3361899 48.897725),95,57,9557
4864709126,48.8976579,2.3265454,3,,,POINT (2.3265454 48.8976579),95,52,9552
4864709127,48.8976535,2.3262477,3,,,POINT (2.3262477 48.8976535),95,52,9552
4864709128,48.8977926,2.3334897,3,,,POINT (2.3334897 48.8977926),95,56,9556
4879411763,48.8804553,2.2863597,3,,,POINT (2.2863597 48.8804553),75,31,7531
4920773520,48.8274151,2.3115793,3,,,POINT (2.3115793 48.8274151),13,44,1344
4955856170,48.86064,2.2954678,4,,,POINT (2.2954678 48.86064),52,36,5236
4958500474,48.8580199,2.288251,3,,,POINT (2.288251 48.8580199),48,32,4832
4958541325,48.8625454,2.2646059,3,,,POINT (2.2646059 48.8625454),54,20,5420
4958686525,48.8527095,2.2806612,4,,,POINT (2.2806612 48.8527095),42,28,4228
4964831518,48.8477262,2.3410595,3,,,POINT (2.3410595 48.8477262),37,60,3760
4964850341,48.8472595,2.3648817,3,,,POINT (2.3648817 48.8472595),36,72,3672
4964974719,48.8975339,2.3277967,3,,,POINT (2.3277967 48.8975339),94,53,9453
4964977859,48.8980005,2.3424137,3,,,POINT (2.3424137 48.8980005),95,61,9561
4964977860,48.8979206,2.3393418,3,,,POINT (2.3393418 48.8979206),95,59,9559
4964977862,48.8978898,2.3373736,4,,,POINT (2.3373736 48.8978898),95,58,9558
4978859824,48.8753798,2.3161575,3,,,POINT (2.3161575 48.8753798),69,47,6947
4982875879,48.8720107,2.3771073,3,traffic_signals,,POINT (2.3771073 48.8720107),65,79,6579
5005371959,48.8894839,2.3958112,4,traffic_signals,,POINT (2.3958112 48.8894839),85,89,8589
5005441389,48.8825278,2.3669277,3,traffic_signals,,POINT (2.3669277 48.8825278),77,74,7774
5007479953,48.8641706,2.2664343,3,,,POINT (2.2664343 48.8641706),56,21,5621
5007479956,48.8641945,2.2668591,3,,,POINT (2.2668591 48.8641945),56,21,5621
5012140448,48.8989033,2.3224059,4,,,POINT (2.3224059 48.8989033),96,50,9650
5012140450,48.8992065,2.3212566,4,,,POINT (2.3212566 48.8992065),96,50,9650
5021625372,48.8382348,2.265727,3,,,POINT (2.265727 48.8382348),25,20,2520
5024626237,48.8399792,2.3998935,3,,,POINT (2.3998935 48.8399792),28,91,2891
5041260572,48.8552984,2.3528558,4,,,POINT (2.3528558 48.8552984),45,66,4566
5041260574,48.8552916,2.3525744,3,,,POINT (2.3525744 48.8552916),45,66,4566
5041260577,48.8553939,2.3526096,3,,,POINT (2.3526096 48.8553939),45,66,4566
5041260581,48.8555083,2.3521798,3,,,POINT (2.3521798 48.8555083),46,66,4666
5050289026,48.829042,2.3264017,3,traffic_signals,,POINT (2.3264017 48.829042),15,52,1552
5056877395,48.8531743,2.2821111,3,,,POINT (2.2821111 48.8531743),43,29,4329
5056877397,48.849014,2.276454,3,,,POINT (2.276454 48.849014),38,26,3826
5056927490,48.8387501,2.2663143,3,,,POINT (2.2663143 48.8387501),26,21,2621
5057169764,48.8647348,2.30194,3,,,POINT (2.30194 48.8647348),56,39,5639
5057169767,48.8685511,2.3092901,4,,,POINT (2.3092901 48.8685511),61,43,6143
5057169768,48.8685163,2.3093346,2,,,POINT (2.3093346 48.8685163),61,43,6143
5057169769,48.8658028,2.3040683,1,,,POINT (2.3040683 48.8658028),58,40,5840
5057169770,48.8658292,2.3040305,4,,,POINT (2.3040305 48.8658292),58,40,5840
5059182770,48.8646686,2.3067022,3,,,POINT (2.3067022 48.8646686),56,42,5642
5059182771,48.8648963,2.3170149,3,,,POINT (2.3170149 48.8648963),56,47,5647
5059182773,48.8635459,2.3218858,3,,,POINT (2.3218858 48.8635459),55,50,5550
5059182779,48.8586555,2.3416031,3,,,POINT (2.3416031 48.8586555),49,60,4960
5059182780,48.8584826,2.3424643,3,,,POINT (2.3424643 48.8584826),49,61,4961
5059182789,48.846796,2.3653419,3,,,POINT (2.3653419 48.846796),35,73,3573
5070611118,48.819294,2.3297102,4,motorway_junction,,POINT (2.3297102 48.819294),3,54,354
5072142911,48.8886159,2.3156396,4,traffic_signals,,POINT (2.3156396 48.8886159),84,47,8447
5076228543,48.8591274,2.2773621,3,crossing,,POINT (2.2773621 48.8591274),50,26,5026
5076228544,48.859051,2.2771413,3,crossing,,POINT (2.2771413 48.859051),50,26,5026
5077257002,48.8800557,2.3314011,3,,,POINT (2.3314011 48.8800557),74,55,7455
5077257004,48.8801417,2.3314097,3,traffic_signals,,POINT (2.3314097 48.8801417),74,55,7455
5077513433,48.8757887,2.3482432,4,,,POINT (2.3482432 48.8757887),69,64,6964
5077513434,48.8758377,2.3479433,3,,,POINT (2.3479433 48.8758377),69,64,6964
5095554623,48.8849214,2.2979248,3,,,POINT (2.2979248 48.8849214),80,37,8037
5095554624,48.8847996,2.2978911,3,,,POINT (2.2978911 48.8847996),80,37,8037
5095554625,48.8847445,2.2988234,3,,,POINT (2.2988234 48.8847445),80,38,8038
5106179144,48.8943995,2.3112653,3,,,POINT (2.3112653 48.8943995),91,44,9144
5113660813,48.8924454,2.308697,3,,,POINT (2.308697 48.8924454),89,43,8943
5113660816,48.8914308,2.3066293,3,,,POINT (2.3066293 48.8914308),87,42,8742
5116936565,48.8656603,2.3724949,3,,,POINT (2.3724949 48.8656603),57,76,5776
5152178573,48.9000957,2.3882594,4,,,POINT (2.3882594 48.9000957),97,85,9785
5152178580,48.8999506,2.384817,3,,,POINT (2.384817 48.8999506),97,83,9783
5152178583,48.9001119,2.3849468,3,,,POINT (2.3849468 48.9001119),97,83,9783
5152186954,48.8866546,2.3969452,3,,,POINT (2.3969452 48.8866546),82,89,8289
5193393414,48.8500296,2.2776192,1,,,POINT (2.2776192 48.8500296),39,27,3927
5202514735,48.8623494,2.4063301,3,traffic_signals,,POINT (2.4063301 48.8623494),54,94,5494
5204784909,48.8850672,2.2966674,3,,,POINT (2.2966674 48.8850672),80,37,8037
5222265998,48.8948828,2.3152821,3,,,POINT (2.3152821 48.8948828),91,46,9146
5222287725,48.8888883,2.3012834,3,,,POINT (2.3012834 48.8888883),84,39,8439
5222287730,48.8881,2.2996489,4,,,POINT (2.2996489 48.8881),83,38,8338
5222287731,48.8879817,2.299779,4,,,POINT (2.299779 48.8879817),83,38,8338
5222503192,48.8943572,2.3132514,4,,,POINT (2.3132514 48.8943572),91,45,9145
5236279378,48.8951332,2.3119239,4,,,POINT (2.3119239 48.8951332),92,45,9245
5236282647,48.8986926,2.3587002,3,,,POINT (2.3587002 48.8986926),96,69,9669
5239603982,48.9011048,2.3894769,2,,,POINT (2.3894769 48.9011048),99,85,9985
5240597744,48.8966122,2.3592362,3,,,POINT (2.3592362 48.8966122),93,70,9370
5240597749,48.89711,2.3592927,4,,,POINT (2.3592927 48.89711),94,70,9470
5241163899,48.8888051,2.3959895,3,,,POINT (2.3959895 48.8888051),84,89,8489
5242654101,48.8359993,2.3190647,3,,,POINT (2.3190647 48.8359993),23,48,2348
5242806417,48.9006496,2.3870176,3,,,POINT (2.3870176 48.9006496),98,84,9884
5242806420,48.9008953,2.388281,3,,,POINT (2.388281 48.9008953),98,85,9885
5242806724,48.9005262,2.3884713,3,,,POINT (2.3884713 48.9005262),98,85,9885
5286023873,48.8244016,2.3845472,3,,,POINT (2.3845472 48.8244016),9,83,983
5286023884,48.8261959,2.3872974,3,,,POINT (2.3872974 48.8261959),12,84,1284
5286088485,48.8896604,2.3133627,3,,,POINT (2.3133627 48.8896604),85,45,8545
5286088486,48.8893626,2.3130043,2,,,POINT (2.3130043 48.8893626),85,45,8545
5291668659,48.883666,2.3273618,3,traffic_signals,,POINT (2.3273618 48.883666),78,53,7853
5291742745,48.8351005,2.2552294,3,,,POINT (2.2552294 48.8351005),22,15,2215
5291742752,48.8348379,2.2555199,3,,,POINT (2.2555199 48.8348379),22,15,2215
5291869758,48.874936,2.3408842,3,,,POINT (2.3408842 48.874936),68,60,6860
5291869762,48.8749877,2.3411073,3,,,POINT (2.3411073 48.8749877),68,60,6860
5291869763,48.8750797,2.3409069,3,,,POINT (2.3409069 48.8750797),68,60,6860
5295914133,48.8646495,2.3646797,3,,,POINT (2.3646797 48.8646495),56,72,5672
5295914135,48.8646495,2.3645913,3,,,POINT (2.3645913 48.8646495),56,72,5672
5297531445,48.8796994,2.3559422,3,,,POINT (2.3559422 48.8796994),74,68,7468
5297593439,48.8752984,2.359356,4,,,POINT (2.359356 48.8752984),69,70,6970
5297593444,48.8701371,2.3636084,3,,,POINT (2.3636084 48.8701371),63,72,6372
5297869307,48.8870904,2.3477275,3,,,POINT (2.3477275 48.8870904),82,63,8263
5297869309,48.8870702,2.347541,3,,,POINT (2.347541 48.8870702),82,63,8263
5299379473,48.8913829,2.3323969,2,,,POINT (2.3323969 48.8913829),87,55,8755
5299844119,48.8210299,2.3298565,3,,,POINT (2.3298565 48.8210299),5,54,554
5302428288,48.8892256,2.3019886,3,,,POINT (2.3019886 48.8892256),85,39,8539
5309988783,48.853409,2.2711121,3,,,POINT (2.2711121 48.853409),43,23,4323
5312118009,48.8402228,2.2719974,3,,,POINT (2.2719974 48.8402228),28,24,2824
5312131334,48.8219144,2.3254118,4,,,POINT (2.3254118 48.8219144),7,52,752
5314725308,48.8683266,2.265793,3,,,POINT (2.265793 48.8683266),60,20,6020
5326007928,48.8354732,2.3154433,3,,,POINT (2.3154433 48.8354732),22,46,2246
5329564908,48.8478233,2.3738502,3,,,POINT (2.3738502 48.8478233),37,77,3777
5329564915,48.8473054,2.3752814,4,,,POINT (2.3752814 48.8473054),36,78,3678
5334838629,48.873401,2.3297046,3,,,POINT (2.3297046 48.873401),66,54,6654
5337753751,48.8408448,2.3371758,3,,,POINT (2.3371758 48.8408448),29,58,2958
5337753752,48.8408647,2.3372476,3,,,POINT (2.3372476 48.8408647),29,58,2958
5340576187,48.8470894,2.330049,3,traffic_signals,,POINT (2.330049 48.8470894),36,54,3654
5345024587,48.8804382,2.3086853,4,,,POINT (2.3086853 48.8804382),75,43,7543
5345024588,48.8805281,2.3090844,4,,,POINT (2.3090844 48.8805281),75,43,7543
5345024590,48.8805419,2.3095254,4,,,POINT (2.3095254 48.8805419),75,43,7543
5345024591,48.8752113,2.3164147,3,,,POINT (2.3164147 48.8752113),68,47,6847
5345024595,48.8754023,2.3163141,3,,,POINT (2.3163141 48.8754023),69,47,6947
5352598326,48.898316,2.3555612,3,,,POINT (2.3555612 48.898316),95,68,9568
5356986981,48.8294241,2.4037721,3,,,POINT (2.4037721 48.8294241),15,93,1593
5356987012,48.8296655,2.4017484,3,,,POINT (2.4017484 48.8296655),16,92,1692
5357127980,48.858175,2.2746881,3,traffic_signals,,POINT (2.2746881 48.858175),49,25,4925
5357395140,48.8980801,2.3443709,4,,,POINT (2.3443709 48.8980801),95,62,9562
5359042379,48.8394208,2.2753528,2,,,POINT (2.2753528 48.8394208),27,25,2725
5362078745,48.8460643,2.344873,3,crossing,,POINT (2.344873 48.8460643),35,62,3562
5369813971,48.8863007,2.3958603,3,,,POINT (2.3958603 48.8863007),81,89,8189
5383094356,48.8913247,2.3067737,3,,,POINT (2.3067737 48.8913247),87,42,8742
5383094362,48.8900488,2.3041322,3,,,POINT (2.3041322 48.8900488),86,41,8641
5387166534,48.8486043,2.3023221,2,,,POINT (2.3023221 48.8486043),38,40,3840
5387166536,48.8484447,2.3025852,2,,,POINT (2.3025852 48.8484447),37,40,3740
5407826886,48.8573775,2.4041157,3,,,POINT (2.4041157 48.8573775),48,93,4893
5407826888,48.855414,2.4052939,3,,,POINT (2.4052939 48.855414),45,94,4594
5410385401,48.8820505,2.3010616,3,,,POINT (2.3010616 48.8820505),76,39,7639
5422138714,48.8401254,2.271983,3,,,POINT (2.271983 48.8401254),28,24,2824
5422165968,48.8583577,2.2706024,3,,,POINT (2.2706024 48.8583577),49,23,4923
5422165974,48.8583202,2.2702369,3,,,POINT (2.2702369 48.8583202),49,23,4923
5422165976,48.8585453,2.2700763,3,,,POINT (2.2700763 48.8585453),49,23,4923
5422508973,48.898265,2.3857381,3,,,POINT (2.3857381 48.898265),95,83,9583
5422508974,48.898438,2.3858217,3,,,POINT (2.3858217 48.898438),95,84,9584
5422508980,48.9003268,2.3883748,3,,,POINT (2.3883748 48.9003268),98,85,9885
5422508983,48.9011467,2.389221,3,,,POINT (2.389221 48.9011467),99,85,9985
5431407637,48.8808081,2.3511663,4,,,POINT (2.3511663 48.8808081),75,65,7565
5435709536,48.8319707,2.3840473,3,,,POINT (2.3840473 48.8319707),18,83,1883
5435709538,48.8330929,2.3828391,3,,,POINT (2.3828391 48.8330929),20,82,2082
5448919003,48.8491147,2.4115016,3,,,POINT (2.4115016 48.8491147),38,97,3897
5455382788,48.8764263,2.2925032,2,,,POINT (2.2925032 48.8764263),70,34,7034
5467645835,48.8391362,2.3940827,3,,,POINT (2.3940827 48.8391362),27,88,2788
5467645840,48.8393713,2.3939146,3,,,POINT (2.3939146 48.8393713),27,88,2788
5474974262,48.8688345,2.2914369,3,,,POINT (2.2914369 48.8688345),61,34,6134
5474974263,48.8689071,2.2915684,1,,,POINT (2.2915684 48.8689071),61,34,6134
5474974279,48.8672623,2.2902912,3,,,POINT (2.2902912 48.8672623),59,33,5933
5475363669,48.8937993,2.3146034,3,,,POINT (2.3146034 48.8937993),90,46,9046
5475922892,48.8777835,2.2980862,3,,,POINT (2.2980862 48.8777835),71,37,7137
5504243422,48.8908314,2.3405192,3,,,POINT (2.3405192 48.8908314),87,60,8760
5508278441,48.8561615,2.3046015,2,,,POINT (2.3046015 48.8561615),46,41,4641
5509971973,48.8654563,2.391081,1,,,POINT (2.391081 48.8654563),57,86,5786
5509971981,48.8655984,2.3930559,3,crossing,,POINT (2.3930559 48.8655984),57,87,5787
5525617857,48.8865799,2.2900705,4,,,POINT (2.2900705 48.8865799),82,33,8233
5525617858,48.8865078,2.2901308,3,,,POINT (2.2901308 48.8865078),82,33,8233
5526066377,48.8648003,2.2815188,1,crossing,,POINT (2.2815188 48.8648003),56,29,5629
5526066732,48.8653806,2.283025,1,crossing,,POINT (2.283025 48.8653806),57,29,5729
5528037495,48.8562673,2.3710593,3,crossing,,POINT (2.3710593 48.8562673),46,76,4676
5528374949,48.8421582,2.2628902,1,crossing,,POINT (2.2628902 48.8421582),30,19,3019
5536051718,48.8894076,2.3426662,1,,,POINT (2.3426662 48.8894076),85,61,8561
5553992066,48.8853636,2.3031789,3,,,POINT (2.3031789 48.8853636),80,40,8040
5553992068,48.8853136,2.3030656,3,,,POINT (2.3030656 48.8853136),80,40,8040
5553992069,48.8852024,2.3031627,3,crossing,,POINT (2.3031627 48.8852024),80,40,8040
5557733810,48.8814131,2.3807175,3,,,POINT (2.3807175 48.8814131),76,81,7681
5560755450,48.8854693,2.293077,3,traffic_signals,,POINT (2.293077 48.8854693),80,35,8035
5560755452,48.8856754,2.2936363,3,,,POINT (2.2936363 48.8856754),81,35,8135
5564807892,48.8789643,2.2808661,3,,,POINT (2.2808661 48.8789643),73,28,7328
5568702215,48.8977307,2.3290141,4,,,POINT (2.3290141 48.8977307),95,54,9554
5568703239,48.8944522,2.3134645,4,,,POINT (2.3134645 48.8944522),91,45,9145
5568703531,48.8975461,2.3293798,3,,,POINT (2.3293798 48.8975461),94,54,9454
5568703540,48.89908,2.3238116,1,,,POINT (2.3238116 48.89908),96,51,9651
5568703542,48.8987401,2.3237908,3,,,POINT (2.3237908 48.8987401),96,51,9651
5568703544,48.8982081,2.3256135,3,,,POINT (2.3256135 48.8982081),95,52,9552
5568703545,48.8983607,2.3253721,3,,,POINT (2.3253721 48.8983607),95,52,9552
5568703546,48.8982075,2.3253745,3,,,POINT (2.3253745 48.8982075),95,52,9552
5569041187,48.8831029,2.3880968,3,,,POINT (2.3880968 48.8831029),78,85,7885
5569107988,48.8978884,2.344517,4,,,POINT (2.344517 48.8978884),95,62,9562
5569108010,48.8980553,2.344143,4,,,POINT (2.344143 48.8980553),95,62,9562
5569293867,48.8479285,2.2601676,4,,,POINT (2.2601676 48.8479285),37,17,3717
5574563068,48.9009687,2.3303862,3,crossing,,POINT (2.3303862 48.9009687),98,54,9854
5574563073,48.8989988,2.3292035,4,,,POINT (2.3292035 48.8989988),96,54,9654
5577729793,48.8792251,2.3493379,4,traffic_signals,,POINT (2.3493379 48.8792251),73,64,7364
5580788557,48.9015261,2.3584671,3,,,POINT (2.3584671 48.9015261),99,69,9969
5582514993,48.8344523,2.3324281,4,,,POINT (2.3324281 48.8344523),21,55,2155
5582916736,48.8969996,2.3924099,3,,,POINT (2.3924099 48.8969996),94,87,9487
5586042521,48.8432109,2.3205107,3,,,POINT (2.3205107 48.8432109),31,49,3149
5586042526,48.8452506,2.3197015,3,,,POINT (2.3197015 48.8452506),34,49,3449
5586364745,48.8244328,2.3258275,4,,,POINT (2.3258275 48.8244328),9,52,952
5609829180,48.8451839,2.2547542,4,,,POINT (2.2547542 48.8451839),34,15,3415
5622344667,48.8505484,2.2867439,3,,,POINT (2.2867439 48.8505484),40,31,4031
5622344668,48.8503838,2.2868345,3,,,POINT (2.2868345 48.8503838),40,31,4031
5647775594,48.8361634,2.2783463,4,,,POINT (2.2783463 48.8361634),23,27,2327
5649473197,48.8354214,2.2734021,1,,,POINT (2.2734021 48.8354214),22,24,2224
5660252321,48.8638038,2.3769983,1,,,POINT (2.3769983 48.8638038),55,79,5579
5660669959,48.8172173,2.3668867,4,,,POINT (2.3668867 48.8172173),1,74,174
5679638266,48.8473865,2.3871218,3,,,POINT (2.3871218 48.8473865),36,84,3684
5680393151,48.8473029,2.3403872,3,,,POINT (2.3403872 48.8473029),36,60,3660
5693696746,48.846917,2.3652133,3,,,POINT (2.3652133 48.846917),36,73,3673
5700604921,48.8362318,2.3101745,3,,,POINT (2.3101745 48.8362318),23,44,2344
5700604924,48.8363048,2.3100611,3,,,POINT (2.3100611 48.8363048),23,44,2344
5700619789,48.8336301,2.3090052,3,,,POINT (2.3090052 48.8336301),20,43,2043
5702693120,48.8237927,2.3233076,4,,,POINT (2.3233076 48.8237927),9,51,951
5702693426,48.8238206,2.323173,3,,,POINT (2.323173 48.8238206),9,51,951
5703327477,48.8482219,2.2601277,3,,,POINT (2.2601277 48.8482219),37,17,3717
5708474534,48.8390085,2.3165067,4,,,POINT (2.3165067 48.8390085),26,47,2647
5708474535,48.8390788,2.3165956,3,,,POINT (2.3165956 48.8390788),26,47,2647
5708499451,48.8406059,2.3149789,3,,,POINT (2.3149789 48.8406059),28,46,2846
5708499452,48.8404011,2.3146928,3,,,POINT (2.3146928 48.8404011),28,46,2846
5710633256,48.8996696,2.3190843,3,,,POINT (2.3190843 48.8996696),97,48,9748
5710633257,48.8997527,2.3191313,4,,,POINT (2.3191313 48.8997527),97,48,9748
5749655253,48.8695398,2.3525473,3,,,POINT (2.3525473 48.8695398),62,66,6266
5749702259,48.8622984,2.3725767,4,,,POINT (2.3725767 48.8622984),53,77,5377
5749702260,48.8629352,2.371493,4,,,POINT (2.371493 48.8629352),54,76,5476
5751911426,48.8319256,2.2806672,3,,,POINT (2.2806672 48.8319256),18,28,1828
5751911428,48.8320654,2.2807896,3,,,POINT (2.2807896 48.8320654),18,28,1828
5751911435,48.8304783,2.2848866,4,,,POINT (2.2848866 48.8304783),16,30,1630
5754178407,48.8358539,2.4122138,3,,,POINT (2.4122138 48.8358539),23,97,2397
5773573552,48.8605556,2.3754899,4,,,POINT (2.3754899 48.8605556),51,78,5178
5775894624,48.8374112,2.3181143,3,,,POINT (2.3181143 48.8374112),25,48,2548
5775894625,48.8374351,2.3181938,3,,,POINT (2.3181938 48.8374351),25,48,2548
5775918792,48.8614501,2.2704309,1,,,POINT (2.2704309 48.8614501),52,23,5223
5789919390,48.8778071,2.4055296,3,,,POINT (2.4055296 48.8778071),71,94,7194
5793558745,48.8985402,2.344198,3,,,POINT (2.344198 48.8985402),96,62,9662
5793746216,48.8403066,2.3148577,3,,,POINT (2.3148577 48.8403066),28,46,2846
5841910385,48.8389576,2.282194,5,,,POINT (2.282194 48.8389576),26,29,2629
5841910388,48.8388167,2.2822652,3,,,POINT (2.2822652 48.8388167),26,29,2629
5843322159,48.8369645,2.2742142,4,,,POINT (2.2742142 48.8369645),24,25,2425
5843322160,48.836927,2.2743471,4,,,POINT (2.2743471 48.836927),24,25,2425
5851009494,48.8690984,2.2375415,1,,,POINT (2.2375415 48.8690984),61,5,6105
5851320525,48.8746108,2.3628916,2,,,POINT (2.3628916 48.8746108),68,71,6871
5861178111,48.8982847,2.353368,3,,,POINT (2.353368 48.8982847),95,66,9566
5869562089,48.9007107,2.3892793,3,,,POINT (2.3892793 48.9007107),98,85,9885
5875496019,48.8249168,2.3259469,3,crossing,,POINT (2.3259469 48.8249168),10,52,1052
5875496023,48.8277743,2.3268982,3,,,POINT (2.3268982 48.8277743),13,52,1352
5875496030,48.8269198,2.3264964,3,,,POINT (2.3264964 48.8269198),12,52,1252
5881319924,48.8576919,2.3355457,3,,,POINT (2.3355457 48.8576919),48,57,4857
5881319925,48.8578282,2.335556,3,,,POINT (2.335556 48.8578282),48,57,4857
5881358773,48.8984574,2.3533971,3,,,POINT (2.3533971 48.8984574),96,66,9666
5881358779,48.8985134,2.3564683,3,,,POINT (2.3564683 48.8985134),96,68,9668
5894405732,48.8974366,2.3890596,1,traffic_signals,,POINT (2.3890596 48.8974366),94,85,9485
5900150824,48.8398581,2.400167,3,,,POINT (2.400167 48.8398581),27,91,2791
5912562002,48.8226114,2.3627126,3,,,POINT (2.3627126 48.8226114),7,71,771
5924516047,48.8439636,2.4083248,3,,,POINT (2.4083248 48.8439636),32,95,3295
5937839269,48.8700834,2.306657,3,,,POINT (2.306657 48.8700834),63,42,6342
5963745612,48.8974327,2.3231454,4,,,POINT (2.3231454 48.8974327),94,51,9451
5966410346,48.8558138,2.4100799,4,,,POINT (2.4100799 48.8558138),46,96,4696
5982156808,48.8267896,2.3899872,3,motorway_junction,,POINT (2.3899872 48.8267896),12,86,1286
5982508852,48.8750494,2.373726,3,,,POINT (2.373726 48.8750494),68,77,6877
5994940774,48.8864037,2.3945931,3,,,POINT (2.3945931 48.8864037),81,88,8188
6012712826,48.8769771,2.2855959,2,,,POINT (2.2855959 48.8769771),71,31,7131
6012911607,48.8694956,2.272061,1,,,POINT (2.272061 48.8694956),62,24,6224
6012912943,48.8695487,2.2721764,1,,,POINT (2.2721764 48.8695487),62,24,6224
6012912945,48.8696224,2.2721693,3,,,POINT (2.2721693 48.8696224),62,24,6224
6018439807,48.8721037,2.3770084,4,traffic_signals,,POINT (2.3770084 48.8721037),65,79,6579
6024617137,48.9012193,2.3421203,3,,,POINT (2.3421203 48.9012193),99,60,9960
6030199247,48.8740931,2.2549661,3,,,POINT (2.2549661 48.8740931),67,15,6715
6046934308,48.8854266,2.2933877,5,traffic_signals,,POINT (2.2933877 48.8854266),80,35,8035
6060852533,48.8872456,2.3049444,4,,,POINT (2.3049444 48.8872456),82,41,8241
6092407611,48.8571879,2.3795528,3,,,POINT (2.3795528 48.8571879),48,80,4880
6100508240,48.8781792,2.2845505,3,,,POINT (2.2845505 48.8781792),72,30,7230
6102497607,48.8701509,2.3427202,3,,,POINT (2.3427202 48.8701509),63,61,6361
6132156249,48.8581423,2.2619907,3,,,POINT (2.2619907 48.8581423),49,18,4918
6139391464,48.8285062,2.32894,1,,,POINT (2.32894 48.8285062),14,54,1454
6140851258,48.8289666,2.3431778,3,,,POINT (2.3431778 48.8289666),15,61,1561
6171131962,48.8330749,2.3514799,3,,,POINT (2.3514799 48.8330749),19,65,1965
6171164114,48.8264679,2.335043,1,,,POINT (2.335043 48.8264679),12,57,1257
6176080241,48.8516499,2.3272613,3,,,POINT (2.3272613 48.8516499),41,53,4153
6176529614,48.8406792,2.2870566,1,crossing,,POINT (2.2870566 48.8406792),28,32,2832
6180929592,48.8279971,2.3270043,3,,,POINT (2.3270043 48.8279971),14,53,1453
6181384428,48.8428499,2.348196,3,,,POINT (2.348196 48.8428499),31,64,3164
6181512396,48.8316784,2.3409785,3,,,POINT (2.3409785 48.8316784),18,60,1860
6181512397,48.8319484,2.3411538,4,traffic_signals,,POINT (2.3411538 48.8319484),18,60,1860
6181512400,48.832197,2.3411294,3,,,POINT (2.3411294 48.832197),18,60,1860
6182175313,48.8562547,2.2950471,1,,,POINT (2.2950471 48.8562547),46,36,4636
6188300328,48.8536994,2.2969549,3,,,POINT (2.2969549 48.8536994),43,37,4337
6189916827,48.8180597,2.3590619,3,,,POINT (2.3590619 48.8180597),2,69,269
6190019965,48.855279,2.3415674,3,,,POINT (2.3415674 48.855279),45,60,4560
6190625873,48.8581058,2.3820172,3,,,POINT (2.3820172 48.8581058),49,82,4982
6190626978,48.8582013,2.3819404,3,,,POINT (2.3819404 48.8582013),49,81,4981
6190639073,48.8581509,2.3821881,3,,,POINT (2.3821881 48.8581509),49,82,4982
6190639075,48.8582454,2.3821239,3,,,POINT (2.3821239 48.8582454),49,82,4982
6193754797,48.8345189,2.3489605,3,,,POINT (2.3489605 48.8345189),21,64,2164
6194686158,48.8380596,2.35831,3,,,POINT (2.35831 48.8380596),25,69,2569
6194954302,48.8270431,2.3249766,3,,,POINT (2.3249766 48.8270431),12,51,1251
6197561108,48.9002215,2.335646,3,,,POINT (2.335646 48.9002215),98,57,9857
6198530096,48.8344462,2.2840518,4,,,POINT (2.2840518 48.8344462),21,30,2130
6198634678,48.832687,2.3620399,3,traffic_signals,,POINT (2.3620399 48.832687),19,71,1971
6200688912,48.8714309,2.3024249,3,,,POINT (2.3024249 48.8714309),64,40,6440
6200752535,48.891536,2.3204321,3,,,POINT (2.3204321 48.891536),87,49,8749
6200752536,48.8915021,2.3202794,3,,,POINT (2.3202794 48.8915021),87,49,8749
6200894566,48.8474442,2.3485142,3,,,POINT (2.3485142 48.8474442),36,64,3664
6200969688,48.8512469,2.3333746,3,,,POINT (2.3333746 48.8512469),41,56,4156
6203408676,48.8738618,2.3750805,3,,,POINT (2.3750805 48.8738618),67,78,6778
6203408677,48.873698,2.3749591,3,,,POINT (2.3749591 48.873698),67,78,6778
6203500243,48.8775711,2.3699122,3,traffic_signals,,POINT (2.3699122 48.8775711),71,75,7175
6206597879,48.8714611,2.3370259,3,traffic_signals,,POINT (2.3370259 48.8714611),64,58,6458
6206634533,48.8645713,2.4073274,3,,,POINT (2.4073274 48.8645713),56,95,5695
6207553422,48.8470107,2.3112944,3,,,POINT (2.3112944 48.8470107),36,44,3644
6207606861,48.8397381,2.4002803,4,,,POINT (2.4002803 48.8397381),27,91,2791
6207838190,48.8490658,2.3386935,3,,,POINT (2.3386935 48.8490658),38,59,3859
6210751803,48.8800652,2.3905714,3,crossing,,POINT (2.3905714 48.8800652),74,86,7486
6213150081,48.8786534,2.300823,3,traffic_signals,,POINT (2.300823 48.8786534),72,39,7239
6213150082,48.8786875,2.300976,3,,,POINT (2.300976 48.8786875),73,39,7339
6213150083,48.8786158,2.3006431,3,,,POINT (2.3006431 48.8786158),72,39,7239
6219112392,48.8875706,2.3047877,3,,,POINT (2.3047877 48.8875706),83,41,8341
6219115764,48.8878281,2.3114015,3,traffic_signals,,POINT (2.3114015 48.8878281),83,44,8344
6219204453,48.8841068,2.3673383,3,traffic_signals,,POINT (2.3673383 48.8841068),79,74,7974
6225709029,48.8312557,2.3562195,3,,,POINT (2.3562195 48.8312557),17,68,1768
6227063997,48.8710997,2.2749988,3,,,POINT (2.2749988 48.8710997),64,25,6425
6230294622,48.8661314,2.3190756,3,,,POINT (2.3190756 48.8661314),58,48,5848
6244148130,48.8424251,2.3146219,1,,,POINT (2.3146219 48.8424251),30,46,3046
6244904647,48.8688472,2.3333323,3,,,POINT (2.3333323 48.8688472),61,56,6156
6249842276,48.8979407,2.3290907,3,traffic_signals,,POINT (2.3290907 48.8979407),95,54,9554
6254304233,48.8457087,2.3096764,3,,,POINT (2.3096764 48.8457087),34,43,3443
6254304234,48.8457953,2.3095338,3,,,POINT (2.3095338 48.8457953),34,43,3443
6256539830,48.8860065,2.2907125,1,,,POINT (2.2907125 48.8860065),81,33,8133
6267518871,48.8805662,2.3522884,3,,,POINT (2.3522884 48.8805662),75,66,7566
6271862394,48.8222826,2.3470556,3,traffic_signals,,POINT (2.3470556 48.8222826),7,63,763
6272792929,48.8243338,2.3636943,3,,,POINT (2.3636943 48.8243338),9,72,972
6281321077,48.8650045,2.398413,3,,,POINT (2.398413 48.8650045),57,90,5790
6281321083,48.8655103,2.3979967,3,traffic_signals,,POINT (2.3979967 48.8655103),57,90,5790
6281321084,48.8648063,2.3985759,3,,,POINT (2.3985759 48.8648063),56,90,5690
6281321189,48.8640573,2.3991513,4,traffic_signals,,POINT (2.3991513 48.8640573),56,91,5691
6282638768,48.8588965,2.2611182,3,,,POINT (2.2611182 48.8588965),50,18,5018
6282960275,48.859853,2.3439523,1,,,POINT (2.3439523 48.859853),51,61,5161
6282993519,48.8655795,2.4116647,1,,,POINT (2.4116647 48.8655795),57,97,5797
6284856482,48.8746251,2.3030794,3,,,POINT (2.3030794 48.8746251),68,40,6840
6308595999,48.8581961,2.3144535,3,,,POINT (2.3144535 48.8581961),49,46,4946
6317118771,48.8740695,2.3755231,3,,,POINT (2.3755231 48.8740695),67,78,6778
6319417940,48.8507642,2.2856073,3,,,POINT (2.2856073 48.8507642),40,31,4031
6340229372,48.8373842,2.3387025,2,crossing,,POINT (2.3387025 48.8373842),25,59,2559
6344942405,48.8301389,2.33108,3,,,POINT (2.33108 48.8301389),16,55,1655
6344942413,48.8300839,2.3309998,3,,,POINT (2.3309998 48.8300839),16,55,1655
6344942414,48.8301308,2.33091,3,,,POINT (2.33091 48.8301308),16,55,1655
6344942415,48.8301934,2.3310181,3,,,POINT (2.3310181 48.8301934),16,55,1655
6349517772,48.8467767,2.3165944,3,,,POINT (2.3165944 48.8467767),35,47,3547
6349517790,48.8469652,2.3168042,4,,,POINT (2.3168042 48.8469652),36,47,3647
6349517794,48.8470687,2.3172787,3,,,POINT (2.3172787 48.8470687),36,47,3647
6349517795,48.8468618,2.3169029,4,,,POINT (2.3169029 48.8468618),36,47,3647
6355258071,48.8788351,2.3780728,3,traffic_signals,,POINT (2.3780728 48.8788351),73,79,7379
6358746334,48.8524838,2.3358984,3,,,POINT (2.3358984 48.8524838),42,57,4257
6360185219,48.8987845,2.3228354,3,,,POINT (2.3228354 48.8987845),96,50,9650
6360644991,48.8991711,2.3370758,3,,,POINT (2.3370758 48.8991711),96,58,9658
6360678281,48.8441721,2.320269,3,,,POINT (2.320269 48.8441721),32,49,3249
6361909684,48.8952112,2.3120076,3,,,POINT (2.3120076 48.8952112),92,45,9245
6365396280,48.8967071,2.3236916,3,,,POINT (2.3236916 48.8967071),93,51,9351
6365475163,48.8943369,2.3299036,4,,,POINT (2.3299036 48.8943369),91,54,9154
6365475164,48.8941918,2.3303678,1,,,POINT (2.3303678 48.8941918),91,54,9154
6368119454,48.891246,2.342685,3,,,POINT (2.342685 48.891246),87,61,8761
6369010738,48.8689465,2.3539496,1,,,POINT (2.3539496 48.8689465),61,67,6167
6370716090,48.890868,2.3455043,1,crossing,,POINT (2.3455043 48.890868),87,62,8762
6375859100,48.8614475,2.3425219,3,,,POINT (2.3425219 48.8614475),52,61,5261
6375859101,48.8614438,2.3425404,3,,,POINT (2.3425404 48.8614438),52,61,5261
6375859107,48.8613717,2.3425147,3,,,POINT (2.3425147 48.8613717),52,61,5261
6376058302,48.8673689,2.3315631,2,,,POINT (2.3315631 48.8673689),59,55,5955
6378615535,48.8377245,2.3972455,3,,,POINT (2.3972455 48.8377245),25,90,2590
6378615544,48.8377139,2.3973063,3,,,POINT (2.3973063 48.8377139),25,90,2590
6378615545,48.8377488,2.3972422,3,,,POINT (2.3972422 48.8377488),25,90,2590
6378615546,48.837754,2.3973133,3,,,POINT (2.3973133 48.837754),25,90,2590
6388698637,48.8298122,2.2957891,3,,,POINT (2.2957891 48.8298122),16,36,1636
6389583850,48.855322,2.3842789,3,,,POINT (2.3842789 48.855322),45,83,4583
6393732040,48.8709204,2.3506501,1,,,POINT (2.3506501 48.8709204),63,65,6365
6394189106,48.8857461,2.2889453,3,,,POINT (2.2889453 48.8857461),81,33,8133
6395644975,48.8633685,2.4041126,3,,,POINT (2.4041126 48.8633685),55,93,5593
6396755588,48.859531,2.4072071,3,,,POINT (2.4072071 48.859531),50,95,5095
6397910524,48.867431,2.4077681,3,,,POINT (2.4077681 48.867431),59,95,5995
6397910525,48.8673954,2.4077367,3,,,POINT (2.4077367 48.8673954),59,95,5995
6397910537,48.8673646,2.4078455,3,,,POINT (2.4078455 48.8673646),59,95,5995
6397910538,48.8673619,2.4077608,3,,,POINT (2.4077608 48.8673619),59,95,5995
6397910539,48.8674221,2.4078497,3,,,POINT (2.4078497 48.8674221),59,95,5995
6398007414,48.8928917,2.3742727,3,,,POINT (2.3742727 48.8928917),89,77,8977
6399313469,48.8275473,2.3541482,1,crossing,,POINT (2.3541482 48.8275473),13,67,1367
6400526956,48.8571438,2.3415147,4,,,POINT (2.3415147 48.8571438),47,60,4760
6400526959,48.8568615,2.341281,4,,,POINT (2.341281 48.8568615),47,60,4760
6406077083,48.8866422,2.3326835,3,,,POINT (2.3326835 48.8866422),82,56,8256
6406082686,48.8865997,2.3326331,4,traffic_signals,,POINT (2.3326331 48.8865997),82,56,8256
6406082689,48.8867409,2.3325053,4,,,POINT (2.3325053 48.8867409),82,55,8255
6406082690,48.88677,2.3326103,4,traffic_signals,,POINT (2.3326103 48.88677),82,55,8255
6406082692,48.8869218,2.3329154,3,,,POINT (2.3329154 48.8869218),82,56,8256
6407116595,48.8732585,2.3819084,3,,,POINT (2.3819084 48.8732585),66,81,6681
6410198440,48.846262,2.3242003,3,traffic_signals,,POINT (2.3242003 48.846262),35,51,3551
6414080215,48.8974728,2.3442386,3,,,POINT (2.3442386 48.8974728),94,62,9462
6428558572,48.8228466,2.3779064,3,,,POINT (2.3779064 48.8228466),8,79,879
6431742701,48.8496996,2.2820912,3,,,POINT (2.2820912 48.8496996),39,29,3929
6435395764,48.8479609,2.3018554,4,,,POINT (2.3018554 48.8479609),37,39,3739
6437915405,48.8250178,2.3572742,3,,,POINT (2.3572742 48.8250178),10,68,1068
6437919541,48.8538572,2.262993,3,,,POINT (2.262993 48.8538572),44,19,4419
6437919544,48.8538189,2.2631207,1,,,POINT (2.2631207 48.8538189),44,19,4419
6439759684,48.8436522,2.3550123,3,,,POINT (2.3550123 48.8436522),32,67,3267
6445270949,48.8900583,2.3851415,3,crossing,,POINT (2.3851415 48.8900583),86,83,8683
6448064269,48.8575428,2.3003055,3,,,POINT (2.3003055 48.8575428),48,38,4838
6449290646,48.857471,2.3002006,3,,,POINT (2.3002006 48.857471),48,38,4838
6449290665,48.8554676,2.3014378,1,,,POINT (2.3014378 48.8554676),46,39,4639
6449290666,48.8564543,2.2999102,1,,,POINT (2.2999102 48.8564543),47,38,4738
6456125592,48.8560873,2.3004752,1,,,POINT (2.3004752 48.8560873),46,39,4639
6468213268,48.8841224,2.289303,4,,,POINT (2.289303 48.8841224),79,33,7933
6468215125,48.883132,2.2904296,1,crossing,,POINT (2.2904296 48.883132),78,33,7833
6471094631,48.8546576,2.3026984,1,,,POINT (2.3026984 48.8546576),45,40,4540
6473992906,48.8531936,2.2981062,3,,,POINT (2.2981062 48.8531936),43,37,4337
6473992907,48.8530061,2.2980462,3,,,POINT (2.2980462 48.8530061),43,37,4337
6473992908,48.8531246,2.2980842,3,,,POINT (2.2980842 48.8531246),43,37,4337
6473992909,48.853167,2.2980164,3,,,POINT (2.2980164 48.853167),43,37,4337
6475356205,48.8494979,2.3709437,3,,,POINT (2.3709437 48.8494979),39,76,3976
6483852059,48.8529562,2.3001956,1,,,POINT (2.3001956 48.8529562),43,38,4338
6483877365,48.8746457,2.3200309,4,,,POINT (2.3200309 48.8746457),68,49,6849
6511670469,48.8681729,2.312291,1,,,POINT (2.312291 48.8681729),60,45,6045
6548373695,48.8724398,2.3668101,3,,,POINT (2.3668101 48.8724398),65,73,6573
6554662989,48.8535535,2.3690599,3,,,POINT (2.3690599 48.8535535),43,75,4375
6554662994,48.8532974,2.3697178,3,,,POINT (2.3697178 48.8532974),43,75,4375
6594770830,48.8961824,2.3181908,3,,,POINT (2.3181908 48.8961824),93,48,9348
6632294891,48.8528216,2.3884836,3,traffic_signals,,POINT (2.3884836 48.8528216),42,85,4285
6638599300,48.8768675,2.3458968,1,,,POINT (2.3458968 48.8768675),70,62,7062
6669702631,48.8188501,2.3655568,3,,,POINT (2.3655568 48.8188501),3,73,373
6712992093,48.8985181,2.3578515,4,,,POINT (2.3578515 48.8985181),96,69,9669
6712992094,48.8986612,2.3577273,3,,,POINT (2.3577273 48.8986612),96,69,9669
6721864042,48.882332,2.3209624,3,traffic_signals,,POINT (2.3209624 48.882332),77,49,7749
6726703846,48.8841627,2.3593739,3,,,POINT (2.3593739 48.8841627),79,70,7970
6736481995,48.8731289,2.297083,5,,,POINT (2.297083 48.8731289),66,37,6637
6750576057,48.8783222,2.2811923,4,,,POINT (2.2811923 48.8783222),72,28,7228
6750576079,48.8773777,2.2841025,4,,,POINT (2.2841025 48.8773777),71,30,7130
6760443699,48.837062,2.2744356,5,,,POINT (2.2744356 48.837062),24,25,2425
6795554135,48.8258193,2.3878272,3,traffic_signals,,POINT (2.3878272 48.8258193),11,85,1185
6807716517,48.8310992,2.3775029,3,,,POINT (2.3775029 48.8310992),17,79,1779
6844649006,48.836289,2.3100661,3,,,POINT (2.3100661 48.836289),23,44,2344
6865979437,48.8161435,2.3440388,3,,,POINT (2.3440388 48.8161435),0,62,62
6866290698,48.8193544,2.3735317,3,,,POINT (2.3735317 48.8193544),4,77,477
6867079927,48.8236134,2.3172033,3,,,POINT (2.3172033 48.8236134),8,47,847
6867489635,48.8310058,2.3558434,3,,,POINT (2.3558434 48.8310058),17,68,1768
6870825579,48.8272242,2.2923035,3,,,POINT (2.2923035 48.8272242),13,34,1334
6892173207,48.8780127,2.3051672,3,,,POINT (2.3051672 48.8780127),72,41,7241
6900473051,48.856764,2.2936754,1,,,POINT (2.2936754 48.856764),47,35,4735
6953649865,48.8361877,2.2814554,3,,,POINT (2.2814554 48.8361877),23,29,2329
6954444988,48.8307916,2.3866429,3,,,POINT (2.3866429 48.8307916),17,84,1784
6956196368,48.8333698,2.2770434,3,,,POINT (2.2770434 48.8333698),20,26,2026
6958029660,48.8693521,2.3328636,3,,,POINT (2.3328636 48.8693521),62,56,6256
6967198236,48.8161291,2.3434836,3,,,POINT (2.3434836 48.8161291),0,61,61
6974238268,48.8828138,2.3446284,3,,,POINT (2.3446284 48.8828138),77,62,7762
6974239193,48.8827235,2.3447016,3,,,POINT (2.3447016 48.8827235),77,62,7762
6987399895,48.9009485,2.3272515,4,,,POINT (2.3272515 48.9009485),98,53,9853
6996510784,48.8744301,2.3013676,3,,,POINT (2.3013676 48.8744301),68,39,6839
7009789968,48.8513123,2.3435505,3,,,POINT (2.3435505 48.8513123),41,61,4161
7010868068,48.8644289,2.3201824,4,,,POINT (2.3201824 48.8644289),56,49,5649
7011039167,48.8344726,2.2654232,3,,,POINT (2.2654232 48.8344726),21,20,2120
7022419118,48.893735,2.3174107,3,,,POINT (2.3174107 48.893735),90,47,9047
7035615518,48.827186,2.2925531,3,,,POINT (2.2925531 48.827186),13,34,1334
7035615519,48.8272069,2.2926648,3,,,POINT (2.2926648 48.8272069),13,34,1334
7037829278,48.8449557,2.2976341,3,,,POINT (2.2976341 48.8449557),33,37,3337
7038006835,48.829641,2.3688824,3,,,POINT (2.3688824 48.829641),16,75,1675
7038043773,48.8293158,2.3689961,3,,,POINT (2.3689961 48.8293158),15,75,1575
7042284389,48.8964048,2.3103469,4,,,POINT (2.3103469 48.8964048),93,44,9344
7049374628,48.8472787,2.3525996,3,,,POINT (2.3525996 48.8472787),36,66,3666
7049815476,48.8397296,2.3511318,3,,,POINT (2.3511318 48.8397296),27,65,2765
7049815480,48.8398275,2.351154,3,,,POINT (2.351154 48.8398275),27,65,2765
7049850590,48.840805,2.3520699,3,,,POINT (2.3520699 48.840805),28,66,2866
7070717798,48.8884739,2.373883,4,traffic_signals,,POINT (2.373883 48.8884739),84,77,8477
7076374195,48.8689013,2.367848,3,,,POINT (2.367848 48.8689013),61,74,6174
7076374199,48.8688224,2.3676207,5,,,POINT (2.3676207 48.8688224),61,74,6174
7091915216,48.8412451,2.3504599,1,,,POINT (2.3504599 48.8412451),29,65,2965
7107304058,48.8537572,2.2989358,1,,,POINT (2.2989358 48.8537572),44,38,4438
7126926482,48.887787,2.3580817,1,,,POINT (2.3580817 48.887787),83,69,8369
7140083424,48.8948549,2.3494289,3,,,POINT (2.3494289 48.8948549),91,64,9164
7140210040,48.8296166,2.2923115,3,,,POINT (2.2923115 48.8296166),15,34,1534
7140261079,48.8947537,2.3385832,1,,,POINT (2.3385832 48.8947537),91,59,9159
7151078185,48.9009939,2.3880879,3,,,POINT (2.3880879 48.9009939),98,85,9885
7151193864,48.9001585,2.3873567,3,,,POINT (2.3873567 48.9001585),97,84,9784
7151193865,48.9001861,2.3872954,3,,,POINT (2.3872954 48.9001861),98,84,9884
7151280804,48.8969461,2.3925207,3,,,POINT (2.3925207 48.8969461),94,87,9487
7169060107,48.8397893,2.3214053,3,,,POINT (2.3214053 48.8397893),27,50,2750
7171446399,48.8267966,2.3905409,3,,,POINT (2.3905409 48.8267966),12,86,1286
7171446401,48.8266639,2.3903533,3,,,POINT (2.3903533 48.8266639),12,86,1286
7171446402,48.8265208,2.390552,3,,,POINT (2.390552 48.8265208),12,86,1286
7171446403,48.8267277,2.3902682,3,,,POINT (2.3902682 48.8267277),12,86,1286
7171521234,48.8279358,2.3906564,3,,,POINT (2.3906564 48.8279358),14,86,1486
7178764971,48.8167856,2.3588324,1,,,POINT (2.3588324 48.8167856),1,69,169
7182256447,48.8800428,2.3903131,3,crossing,,POINT (2.3903131 48.8800428),74,86,7486
7223004840,48.8319731,2.3552021,3,,,POINT (2.3552021 48.8319731),18,67,1867
7228489799,48.8300514,2.2759392,2,mini_roundabout,,POINT (2.2759392 48.8300514),16,26,1626
7232473961,48.8663222,2.3100853,1,,,POINT (2.3100853 48.8663222),58,44,5844
7232473964,48.8663258,2.3102591,3,,,POINT (2.3102591 48.8663258),58,44,5844
7232473965,48.8659615,2.310282,3,,,POINT (2.310282 48.8659615),58,44,5844
7232473968,48.8659596,2.3101006,1,,,POINT (2.3101006 48.8659596),58,44,5844
7264840573,48.8472682,2.4159434,1,,,POINT (2.4159434 48.8472682),36,99,3699
7280346478,48.8245312,2.3192424,4,,,POINT (2.3192424 48.8245312),10,48,1048
7306667874,48.8763067,2.3796385,4,,,POINT (2.3796385 48.8763067),70,80,7080
7306667875,48.8736186,2.3750557,3,,,POINT (2.3750557 48.8736186),67,78,6778
7354001563,48.8473656,2.2979298,3,,,POINT (2.2979298 48.8473656),36,37,3637
7354001564,48.8473301,2.2976499,3,,,POINT (2.2976499 48.8473301),36,37,3637
7366240434,48.8161612,2.3433655,3,,,POINT (2.3433655 48.8161612),0,61,61
7366949982,48.8470673,2.3269885,3,,,POINT (2.3269885 48.8470673),36,53,3653
7366949983,48.846944,2.326866,4,traffic_signals,,POINT (2.326866 48.846944),36,52,3652
7470171527,48.8476543,2.3400873,3,,,POINT (2.3400873 48.8476543),36,59,3659
7470171529,48.8473661,2.340344,3,,,POINT (2.340344 48.8473661),36,60,3660
7475430199,48.8645592,2.4125712,3,milestone,,POINT (2.4125712 48.8645592),56,98,5698
7475430200,48.8658628,2.412123,3,milestone,,POINT (2.412123 48.8658628),58,97,5897
7513959847,48.8398647,2.4001278,3,,,POINT (2.4001278 48.8398647),27,91,2791
7517109496,48.8221802,2.3471478,3,,,POINT (2.3471478 48.8221802),7,63,763
7572331127,48.8718579,2.339455,3,,,POINT (2.339455 48.8718579),65,59,6559
7572331128,48.871836,2.3391995,3,,,POINT (2.3391995 48.871836),65,59,6559
7592087877,48.8508172,2.2868312,3,,,POINT (2.2868312 48.8508172),40,31,4031
7592087878,48.8507267,2.2868962,3,,,POINT (2.2868962 48.8507267),40,31,4031
7594346938,48.8515056,2.3269322,4,,,POINT (2.3269322 48.8515056),41,53,4153
7594346941,48.8516864,2.3268728,4,,,POINT (2.3268728 48.8516864),41,52,4152
7594346942,48.8517017,2.3267093,4,,,POINT (2.3267093 48.8517017),41,52,4152
7624013417,48.8172831,2.3670791,4,,,POINT (2.3670791 48.8172831),1,74,174
7624013442,48.8189151,2.3657482,3,,,POINT (2.3657482 48.8189151),3,73,373
7626541811,48.8795868,2.280854,3,,,POINT (2.280854 48.8795868),74,28,7428
7626541812,48.8794702,2.2808132,3,,,POINT (2.2808132 48.8794702),73,28,7328
7639791827,48.8749443,2.3054538,3,,,POINT (2.3054538 48.8749443),68,41,6841
7640550852,48.8863656,2.3475569,3,,,POINT (2.3475569 48.8863656),81,63,8163
7640550853,48.8863569,2.3477032,4,,,POINT (2.3477032 48.8863569),81,63,8163
7710380919,48.8407823,2.2544433,1,,,POINT (2.2544433 48.8407823),28,14,2814
7725332084,48.8811265,2.3169325,3,,,POINT (2.3169325 48.8811265),75,47,7547
7734434072,48.8169537,2.3570611,1,,,POINT (2.3570611 48.8169537),1,68,168
7741342571,48.8213749,2.3343041,3,,,POINT (2.3343041 48.8213749),6,56,656
7741342574,48.8212368,2.3342411,3,,,POINT (2.3342411 48.8212368),6,56,656
7741342575,48.8213319,2.3344697,3,,,POINT (2.3344697 48.8213319),6,56,656
7741342577,48.8212047,2.3344104,3,,,POINT (2.3344104 48.8212047),6,56,656
7770313656,48.8416775,2.3028373,3,traffic_signals,,POINT (2.3028373 48.8416775),29,40,2940
7770335882,48.8401225,2.271767,1,traffic_signals,,POINT (2.271767 48.8401225),28,23,2823
7770498455,48.8329521,2.2872062,3,,,POINT (2.2872062 48.8329521),19,32,1932
7770498460,48.8296694,2.2954738,3,,,POINT (2.2954738 48.8296694),16,36,1636
7814598609,48.8266561,2.2956808,3,,,POINT (2.2956808 48.8266561),12,36,1236
7832259450,48.8335053,2.4022142,3,,,POINT (2.4022142 48.8335053),20,92,2092
7834277448,48.8870275,2.3394059,3,,,POINT (2.3394059 48.8870275),82,59,8259
7834746375,48.8877795,2.3397485,3,,,POINT (2.3397485 48.8877795),83,59,8359
7834746376,48.8878521,2.33975,3,,,POINT (2.33975 48.8878521),83,59,8359
7834795145,48.881062,2.3167563,3,,,POINT (2.3167563 48.881062),75,47,7547
7845905811,48.8716554,2.4043228,3,,,POINT (2.4043228 48.8716554),64,93,6493
7847045368,48.8498919,2.3490821,3,,,POINT (2.3490821 48.8498919),39,64,3964
7850681871,48.8482405,2.2591052,3,,,POINT (2.2591052 48.8482405),37,17,3717
7850681872,48.8481248,2.2590418,4,,,POINT (2.2590418 48.8481248),37,17,3717
7850718389,48.8356166,2.3027795,3,,,POINT (2.3027795 48.8356166),22,40,2240
7879515162,48.894332,2.3138033,4,,,POINT (2.3138033 48.894332),91,46,9146
7879515164,48.8942038,2.3139292,3,,,POINT (2.3139292 48.8942038),91,46,9146
7879515165,48.8942624,2.3136382,4,,,POINT (2.3136382 48.8942624),91,46,9146
7887163381,48.8595305,2.3451817,1,,,POINT (2.3451817 48.8595305),50,62,5062
7887163382,48.8605209,2.3421428,1,,,POINT (2.3421428 48.8605209),51,61,5161
7890851899,48.8956881,2.3792665,3,,,POINT (2.3792665 48.8956881),92,80,9280
7931414030,48.8728986,2.408625,3,,,POINT (2.408625 48.8728986),66,96,6696
8016392433,48.889688,2.3681174,4,,,POINT (2.3681174 48.889688),85,74,8574
8092452039,48.8920075,2.3597525,1,,,POINT (2.3597525 48.8920075),88,70,8870
8092452041,48.8933068,2.3595473,1,,,POINT (2.3595473 48.8933068),90,70,9070
8092452044,48.8950425,2.3593526,2,,,POINT (2.3593526 48.8950425),92,70,9270
8107850868,48.8719069,2.3404076,3,,,POINT (2.3404076 48.8719069),65,60,6560
8111683877,48.8830884,2.3879657,3,,,POINT (2.3879657 48.8830884),78,85,7885
8111683878,48.8832246,2.388057,3,,,POINT (2.388057 48.8832246),78,85,7885
8112651381,48.89079,2.3598017,1,,,POINT (2.3598017 48.89079),87,70,8770
8118573667,48.884301,2.3592227,3,,,POINT (2.3592227 48.884301),79,70,7970
8120376093,48.8427578,2.2919576,3,,,POINT (2.2919576 48.8427578),31,34,3134
8120376094,48.8427057,2.2918256,3,,,POINT (2.2918256 48.8427057),31,34,3134
8122172369,48.8845278,2.3592459,4,,,POINT (2.3592459 48.8845278),79,70,7970
8139943866,48.8346604,2.3370047,2,,,POINT (2.3370047 48.8346604),21,58,2158
8145449118,48.8401305,2.374621,3,,,POINT (2.374621 48.8401305),28,78,2878
8145449120,48.8404951,2.374065,3,,,POINT (2.374065 48.8404951),28,77,2877
8194889283,48.8362172,2.4127315,3,,,POINT (2.4127315 48.8362172),23,98,2398
8215335905,48.8294197,2.3685602,3,,,POINT (2.3685602 48.8294197),15,74,1574
8215335906,48.8294192,2.3686215,3,,,POINT (2.3686215 48.8294192),15,74,1574
8220750778,48.8295648,2.401323,4,,,POINT (2.401323 48.8295648),15,92,1592
8220828356,48.8302986,2.3108928,3,,,POINT (2.3108928 48.8302986),16,44,1644
8233730125,48.8961707,2.3097223,3,,,POINT (2.3097223 48.8961707),93,43,9343
8255942949,48.8666079,2.3340367,3,,,POINT (2.3340367 48.8666079),58,56,5856
8259843149,48.8507015,2.2779008,4,,,POINT (2.2779008 48.8507015),40,27,4027
8264222748,48.8728235,2.389372,3,,,POINT (2.389372 48.8728235),66,85,6685
8273589924,48.8859946,2.3140459,2,,,POINT (2.3140459 48.8859946),81,46,8146
8274315677,48.8674199,2.3775035,1,,,POINT (2.3775035 48.8674199),59,79,5979
8286838424,48.8566502,2.3067543,1,,,POINT (2.3067543 48.8566502),47,42,4742
8296960601,48.8767703,2.3392274,4,,,POINT (2.3392274 48.8767703),70,59,7059
8376891393,48.8689331,2.3804571,4,,,POINT (2.3804571 48.8689331),61,81,6181
8384493811,48.8469845,2.3052215,3,,,POINT (2.3052215 48.8469845),36,41,3641
8395404619,48.8619493,2.3198749,3,,,POINT (2.3198749 48.8619493),53,49,5349
8407487259,48.8764368,2.2926972,1,,,POINT (2.2926972 48.8764368),70,34,7034
8423094428,48.8756475,2.3811598,1,,,POINT (2.3811598 48.8756475),69,81,6981
8430318751,48.827369,2.3832728,3,crossing,,POINT (2.3832728 48.827369),13,82,1382
8449824562,48.8885928,2.2930205,3,motorway_junction,,POINT (2.2930205 48.8885928),84,35,8435
8521961059,48.8772646,2.2785836,2,,,POINT (2.2785836 48.8772646),71,27,7127
8542126456,48.8631054,2.3416668,3,,,POINT (2.3416668 48.8631054),54,60,5460
8542126457,48.8630495,2.3419136,3,,,POINT (2.3419136 48.8630495),54,60,5460
8542126581,48.8776789,2.3701544,3,,,POINT (2.3701544 48.8776789),71,75,7175
8544933105,48.8800963,2.3903772,3,,,POINT (2.3903772 48.8800963),74,86,7486
8547321367,48.8624179,2.3415931,3,,,POINT (2.3415931 48.8624179),54,60,5460
8547341737,48.8652925,2.343086,4,,,POINT (2.343086 48.8652925),57,61,5761
8551577012,48.8499642,2.2523466,3,,,POINT (2.2523466 48.8499642),39,13,3913
8561671317,48.8616903,2.3412105,4,,,POINT (2.3412105 48.8616903),53,60,5360
8578385103,48.8569325,2.3538382,3,,,POINT (2.3538382 48.8569325),47,67,4767
8579744904,48.8309304,2.3122727,3,,,POINT (2.3122727 48.8309304),17,45,1745
8579744905,48.8309535,2.3123256,3,,,POINT (2.3123256 48.8309535),17,45,1745
8580043702,48.863896,2.3423575,4,,,POINT (2.3423575 48.863896),55,61,5561
8595850881,48.831677,2.3978281,4,,,POINT (2.3978281 48.831677),18,90,1890
8595850882,48.8318023,2.3976349,4,,,POINT (2.3976349 48.8318023),18,90,1890
8595850884,48.8320086,2.3973986,3,,,POINT (2.3973986 48.8320086),18,90,1890
8595850885,48.8314988,2.398214,3,,,POINT (2.398214 48.8314988),18,90,1890
8615812356,48.8561977,2.3464808,4,,,POINT (2.3464808 48.8561977),46,63,4663
8616217533,48.8732502,2.3590202,3,,,POINT (2.3590202 48.8732502),66,69,6669
8659032464,48.8874015,2.3064149,3,,,POINT (2.3064149 48.8874015),83,42,8342
8707910344,48.8648049,2.3451085,4,,,POINT (2.3451085 48.8648049),56,62,5662
8714149232,48.8644209,2.3515281,4,,,POINT (2.3515281 48.8644209),56,65,5665
8874682547,48.8329929,2.3513636,3,,,POINT (2.3513636 48.8329929),19,65,1965
8887375804,48.8768766,2.2755167,3,,,POINT (2.2755167 48.8768766),70,25,7025
8887375810,48.8765719,2.2757019,3,,,POINT (2.2757019 48.8765719),70,26,7026
8888036340,48.8791799,2.2806012,3,,,POINT (2.2806012 48.8791799),73,28,7328
8894287725,48.8458808,2.313558,3,,,POINT (2.313558 48.8458808),34,45,3445
8894513383,48.879436,2.2824139,3,,,POINT (2.2824139 48.879436),73,29,7329
8900878790,48.8563365,2.3710696,3,,,POINT (2.3710696 48.8563365),47,76,4776
8907127514,48.8532957,2.370157,3,,,POINT (2.370157 48.8532957),43,75,4375
8968377858,48.8845428,2.3269445,3,,,POINT (2.3269445 48.8845428),79,53,7953
9010339075,48.892666,2.3006665,3,,,POINT (2.3006665 48.892666),89,39,8939
9014025565,48.8922497,2.3009416,5,,,POINT (2.3009416 48.8922497),88,39,8839
9014025570,48.892326,2.3010788,4,,,POINT (2.3010788 48.892326),88,39,8839
9014025571,48.8918168,2.3014849,4,,,POINT (2.3014849 48.8918168),88,39,8839
9014025575,48.8917496,2.3016547,3,,,POINT (2.3016547 48.8917496),88,39,8839
9014035578,48.8918764,2.3015976,4,,,POINT (2.3015976 48.8918764),88,39,8839
9014035582,48.8918043,2.3016316,4,,,POINT (2.3016316 48.8918043),88,39,8839
9014070127,48.8917758,2.3015787,4,,,POINT (2.3015787 48.8917758),88,39,8839
9020073733,48.8899941,2.3040264,4,,,POINT (2.3040264 48.8899941),86,40,8640
9020073792,48.8888535,2.3043223,3,,,POINT (2.3043223 48.8888535),84,41,8441
9020073970,48.8895695,2.3039899,3,,,POINT (2.3039899 48.8895695),85,40,8540
9020073974,48.8890266,2.3042699,3,,,POINT (2.3042699 48.8890266),85,41,8541
9020074047,48.8890094,2.3041595,4,,,POINT (2.3041595 48.8890094),85,41,8541
9020074055,48.8899055,2.3038674,4,,,POINT (2.3038674 48.8899055),86,40,8640
9039914420,48.8334306,2.3326172,3,,,POINT (2.3326172 48.8334306),20,55,2055
9070349987,48.8851124,2.2909662,2,,,POINT (2.2909662 48.8851124),80,34,8034
9074748722,48.8635409,2.3397676,4,,,POINT (2.3397676 48.8635409),55,59,5559
9094338326,48.887925,2.2887964,3,,,POINT (2.2887964 48.887925),83,32,8332
9097294775,48.885054,2.2891669,2,,,POINT (2.2891669 48.885054),80,33,8033
9119499195,48.8603649,2.2912349,6,,,POINT (2.2912349 48.8603649),51,34,5134
9119499196,48.8593252,2.2928346,3,,,POINT (2.2928346 48.8593252),50,35,5035
9119499208,48.8610179,2.2913815,3,,,POINT (2.2913815 48.8610179),52,34,5234
9119499212,48.8603281,2.2905867,3,,,POINT (2.2905867 48.8603281),51,33,5133
9147788339,48.8676943,2.3370153,1,crossing,,POINT (2.3370153 48.8676943),60,58,6058
9150711680,48.8681688,2.3436045,4,,,POINT (2.3436045 48.8681688),60,61,6061
9153302262,48.8673275,2.3439549,2,,,POINT (2.3439549 48.8673275),59,61,5961
9182839886,48.8419448,2.2639813,1,,,POINT (2.2639813 48.8419448),30,19,3019
9187101869,48.8829118,2.2900087,1,,,POINT (2.2900087 48.8829118),77,33,7733
9189525835,48.8895289,2.3401633,1,,,POINT (2.3401633 48.8895289),85,59,8559
9189984796,48.8690751,2.4047814,1,,,POINT (2.4047814 48.8690751),61,93,6193
9212926888,48.8789697,2.2928301,3,,,POINT (2.2928301 48.8789697),73,35,7335
9226869749,48.8744919,2.278393,3,,,POINT (2.278393 48.8744919),68,27,6827
9300602212,48.8644547,2.368954,3,,,POINT (2.368954 48.8644547),56,75,5675
9300602214,48.8643696,2.3690967,3,,,POINT (2.3690967 48.8643696),56,75,5675
9300629133,48.8688437,2.3679144,3,,,POINT (2.3679144 48.8688437),61,74,6174
9321229413,48.8275414,2.3319596,1,,,POINT (2.3319596 48.8275414),13,55,1355
9325771781,48.8644061,2.3667284,1,,,POINT (2.3667284 48.8644061),56,73,5673
9337418939,48.825559,2.3797729,1,,,POINT (2.3797729 48.825559),11,80,1180
9341621847,48.8507485,2.3060833,3,,,POINT (2.3060833 48.8507485),40,42,4042
9341621849,48.8508387,2.3062025,3,,,POINT (2.3062025 48.8508387),40,42,4042
9352834845,48.8469946,2.3119673,4,,,POINT (2.3119673 48.8469946),36,45,3645
9353314478,48.8776609,2.3703551,3,,,POINT (2.3703551 48.8776609),71,75,7175
9360659649,48.8393858,2.3237228,1,,,POINT (2.3237228 48.8393858),27,51,2751
9384198410,48.8743054,2.3894816,1,,,POINT (2.3894816 48.8743054),67,85,6785
9407093390,48.8751461,2.2795063,3,,,POINT (2.2795063 48.8751461),68,28,6828
9407093395,48.8753328,2.2798546,3,,,POINT (2.2798546 48.8753328),69,28,6928
9422726688,48.8509,2.2925738,4,,,POINT (2.2925738 48.8509),40,34,4034
9422726695,48.8508208,2.2928032,3,,,POINT (2.2928032 48.8508208),40,35,4035
9422736429,48.8508971,2.2921315,4,,,POINT (2.2921315 48.8508971),40,34,4034
9425390032,48.8751462,2.2787956,3,,,POINT (2.2787956 48.8751462),68,27,6827
9429648010,48.8472862,2.3534109,3,,,POINT (2.3534109 48.8472862),36,66,3666
9429648011,48.8475802,2.3534183,3,,,POINT (2.3534183 48.8475802),36,66,3666
9429848395,48.8663387,2.3520282,4,,,POINT (2.3520282 48.8663387),58,66,5866
9431369513,48.8634024,2.3509663,4,,,POINT (2.3509663 48.8634024),55,65,5565
9432324889,48.864109,2.3418089,2,,,POINT (2.3418089 48.864109),56,60,5660
9432324890,48.8641022,2.3418933,3,,,POINT (2.3418933 48.8641022),56,60,5660
9461378558,48.8393847,2.3944711,4,,,POINT (2.3944711 48.8393847),27,88,2788
9492501780,48.8369384,2.3934801,3,,,POINT (2.3934801 48.8369384),24,88,2488
9573645911,48.8723999,2.2846368,3,,,POINT (2.2846368 48.8723999),65,30,6530
9573891535,48.8705731,2.3775812,3,,,POINT (2.3775812 48.8705731),63,79,6379
9586883638,48.8630598,2.3524118,4,,,POINT (2.3524118 48.8630598),54,66,5466
9659338682,48.8227137,2.3773664,3,,,POINT (2.3773664 48.8227137),7,79,779
9698350999,48.8600431,2.3409529,1,,,POINT (2.3409529 48.8600431),51,60,5160
9738056575,48.8874886,2.3044798,3,,,POINT (2.3044798 48.8874886),83,41,8341
9758456411,48.849929,2.3436478,4,,,POINT (2.3436478 48.849929),39,61,3961
9814086386,48.8901461,2.3038881,4,,,POINT (2.3038881 48.8901461),86,40,8640
9814086387,48.8902487,2.3036633,3,,,POINT (2.3036633 48.8902487),86,40,8640
9814086388,48.8900591,2.3037068,4,,,POINT (2.3037068 48.8900591),86,40,8640
9844108709,48.8870175,2.3050189,3,,,POINT (2.3050189 48.8870175),82,41,8241
9844108710,48.8870508,2.3048109,4,,,POINT (2.3048109 48.8870508),82,41,8241
9844108712,48.8870967,2.3049364,3,,,POINT (2.3049364 48.8870967),82,41,8241
9844132326,48.8869919,2.3046499,3,,,POINT (2.3046499 48.8869919),82,41,8241
9844189694,48.866493,2.3680497,3,,,POINT (2.3680497 48.866493),58,74,5874
9868298078,48.8732357,2.3310144,3,,,POINT (2.3310144 48.8732357),66,55,6655
9868298080,48.8730449,2.3310641,3,,,POINT (2.3310641 48.8730449),66,55,6655
9870955336,48.8201087,2.3726023,1,,,POINT (2.3726023 48.8201087),4,77,477
9896301408,48.8547366,2.3770437,1,,,POINT (2.3770437 48.8547366),45,79,4579
9900156760,48.8297783,2.2955363,4,,,POINT (2.2955363 48.8297783),16,36,1636
9900156769,48.827674,2.3051252,4,,,POINT (2.3051252 48.827674),13,41,1341
9901902686,48.863913,2.3811704,3,,,POINT (2.3811704 48.863913),55,81,5581
9934686116,48.8797418,2.3121792,3,,,POINT (2.3121792 48.8797418),74,45,7445
9934723417,48.8796439,2.3121324,1,,,POINT (2.3121324 48.8796439),74,45,7445
9949036441,48.8434825,2.3706483,3,,,POINT (2.3706483 48.8434825),32,76,3276
9961898494,48.8680811,2.3387443,1,,,POINT (2.3387443 48.8680811),60,59,6059
9966672196,48.8675692,2.3145583,3,,,POINT (2.3145583 48.8675692),60,46,6046
9966747450,48.8867669,2.3259687,1,,,POINT (2.3259687 48.8867669),82,52,8252
9966747451,48.8862993,2.3261864,1,,,POINT (2.3261864 48.8862993),81,52,8152
9974396609,48.8880352,2.324631,3,,,POINT (2.324631 48.8880352),83,51,8351
9974396613,48.8874908,2.3255568,3,,,POINT (2.3255568 48.8874908),83,52,8352
9976506697,48.8757837,2.3602967,3,,,POINT (2.3602967 48.8757837),69,70,6970
9976506698,48.8761021,2.3605956,4,,,POINT (2.3605956 48.8761021),70,70,7070
10029617216,48.8178824,2.3577332,3,,,POINT (2.3577332 48.8178824),2,69,269
10043029532,48.8629224,2.2919713,3,,,POINT (2.2919713 48.8629224),54,34,5434
10043029536,48.8627794,2.2918395,3,,,POINT (2.2918395 48.8627794),54,34,5434
10043029542,48.8628336,2.291814,3,,,POINT (2.291814 48.8628336),54,34,5434
10043029544,48.862749,2.2920097,3,,,POINT (2.2920097 48.862749),54,34,5434
10048157406,48.8543672,2.3781307,1,,,POINT (2.3781307 48.8543672),44,79,4479
10048157407,48.8539241,2.3783901,1,,,POINT (2.3783901 48.8539241),44,80,4480
10089762252,48.8628231,2.3873142,4,,,POINT (2.3873142 48.8628231),54,84,5484
10089762253,48.8628797,2.3871439,4,,,POINT (2.3871439 48.8628797),54,84,5484
10148228269,48.8654941,2.3308206,4,traffic_signals,,POINT (2.3308206 48.8654941),57,55,5755
10156568326,48.8607108,2.2735585,3,,,POINT (2.2735585 48.8607108),52,24,5224
10156568331,48.8607789,2.2735838,3,,,POINT (2.2735838 48.8607789),52,24,5224
10156568334,48.8607184,2.2736131,3,,,POINT (2.2736131 48.8607184),52,24,5224
10156568337,48.8607538,2.2735248,3,,,POINT (2.2735248 48.8607538),52,24,5224
10200458458,48.8333497,2.4022882,3,,,POINT (2.4022882 48.8333497),20,92,2092
10200458460,48.8334469,2.4020516,3,,,POINT (2.4020516 48.8334469),20,92,2092
10200458461,48.8334606,2.402091,3,,,POINT (2.402091 48.8334606),20,92,2092
10200458462,48.8333692,2.4023421,3,,,POINT (2.4023421 48.8333692),20,92,2092
10221911733,48.8812318,2.3155584,4,,,POINT (2.3155584 48.8812318),75,47,7547
10221911734,48.8811907,2.3155723,3,,,POINT (2.3155723 48.8811907),75,47,7547
10223626783,48.8851455,2.3793892,4,,,POINT (2.3793892 48.8851455),80,80,8080
10223626788,48.8850418,2.3788139,3,,,POINT (2.3788139 48.8850418),80,80,8080
10223626789,48.8852187,2.3793369,3,,,POINT (2.3793369 48.8852187),80,80,8080
10229624712,48.8638717,2.3359014,4,,,POINT (2.3359014 48.8638717),55,57,5557
10229689292,48.8644783,2.3349578,4,,,POINT (2.3349578 48.8644783),56,57,5657
10230569570,48.8188228,2.3531596,3,,,POINT (2.3531596 48.8188228),3,66,366
10244782457,48.862859,2.3875535,4,,,POINT (2.3875535 48.862859),54,84,5484
10244782459,48.8630198,2.3879204,3,,,POINT (2.3879204 48.8630198),54,85,5485
10246727233,48.8435506,2.3894823,1,turning_circle,,POINT (2.3894823 48.8435506),32,85,3285
10259124005,48.8850302,2.378774,3,,,POINT (2.378774 48.8850302),80,80,8080
10259124008,48.8866197,2.3848173,3,,,POINT (2.3848173 48.8866197),82,83,8283
10259147209,48.8865915,2.3847051,3,,,POINT (2.3847051 48.8865915),82,83,8283
10299440571,48.8642632,2.4081859,3,,,POINT (2.4081859 48.8642632),56,95,5695
10299440575,48.8644337,2.4085069,3,,,POINT (2.4085069 48.8644337),56,95,5695
10300495493,48.9012353,2.3437757,3,,,POINT (2.3437757 48.9012353),99,61,9961
10543469921,48.8386486,2.3366482,4,,,POINT (2.3366482 48.8386486),26,58,2658
10594305730,48.8861289,2.3943509,3,,,POINT (2.3943509 48.8861289),81,88,8188
10606060778,48.8298178,2.4008005,3,,,POINT (2.4008005 48.8298178),16,91,1691
10606067641,48.8297298,2.4010358,4,,,POINT (2.4010358 48.8297298),16,92,1692
10611811670,48.8385215,2.252495,3,,,POINT (2.252495 48.8385215),26,13,2613
10683260949,48.8768501,2.283319,4,,,POINT (2.283319 48.8768501),70,30,7030
10713114647,48.847779,2.3024779,3,,,POINT (2.3024779 48.847779),37,40,3740
10713114739,48.8495509,2.3078226,3,,,POINT (2.3078226 48.8495509),39,42,3942
10717578855,48.8398408,2.29835,3,,,POINT (2.29835 48.8398408),27,37,2737
10721199671,48.876133,2.3709076,1,,,POINT (2.3709076 48.876133),70,76,7076
10733009382,48.8495778,2.2697738,1,,,POINT (2.2697738 48.8495778),39,22,3922
10737439153,48.8763001,2.3681203,1,,,POINT (2.3681203 48.8763001),70,74,7074
10737439156,48.876227,2.3680058,3,,,POINT (2.3680058 48.876227),70,74,7074
10741105911,48.8673648,2.3473319,3,,,POINT (2.3473319 48.8673648),59,63,5963
10756614258,48.8318201,2.2923926,1,,,POINT (2.2923926 48.8318201),18,34,1834
10792379005,48.8264816,2.3415842,5,,,POINT (2.3415842 48.8264816),12,60,1260
10804002261,48.8443961,2.4102157,3,,,POINT (2.4102157 48.8443961),33,96,3396
10832534950,48.8525022,2.357109,2,,,POINT (2.357109 48.8525022),42,68,4268
10899678386,48.8579636,2.3529965,3,,,POINT (2.3529965 48.8579636),48,66,4866
10913883051,48.8783412,2.2797688,3,,,POINT (2.2797688 48.8783412),72,28,7228
10916046098,48.8370497,2.3900187,4,,,POINT (2.3900187 48.8370497),24,86,2486
10916876654,48.8331149,2.3513784,3,,,POINT (2.3513784 48.8331149),20,65,2065
10982430579,48.8503585,2.3963488,1,,,POINT (2.3963488 48.8503585),40,89,4089
11009753444,48.8567972,2.2842641,1,,,POINT (2.2842641 48.8567972),47,30,4730
11021749522,48.8787686,2.3550225,2,,,POINT (2.3550225 48.8787686),73,67,7367
11025071863,48.8628736,2.2763648,3,,,POINT (2.2763648 48.8628736),54,26,5426
11026355365,48.8582222,2.2825877,3,,,POINT (2.2825877 48.8582222),49,29,4929
11026355366,48.8579576,2.2774901,4,,,POINT (2.2774901 48.8579576),48,26,4826
11026355373,48.8591808,2.2772039,4,,,POINT (2.2772039 48.8591808),50,26,5026
11026355374,48.8592148,2.2772868,3,,,POINT (2.2772868 48.8592148),50,26,5026
11026355375,48.8590853,2.2769573,3,,,POINT (2.2769573 48.8590853),50,26,5026
11026373404,48.8602319,2.2810748,4,,,POINT (2.2810748 48.8602319),51,28,5128
11026499106,48.8612045,2.279305,4,,,POINT (2.279305 48.8612045),52,27,5227
11026499119,48.858175,2.2742983,4,,,POINT (2.2742983 48.858175),49,25,4925
11026499124,48.8583153,2.2726394,5,,,POINT (2.2726394 48.8583153),49,24,4924
11030262634,48.8523931,2.3264846,4,,,POINT (2.3264846 48.8523931),42,52,4252
11030696419,48.8685443,2.341909,4,,,POINT (2.341909 48.8685443),61,60,6160
11038411399,48.8633722,2.3440777,1,crossing,,POINT (2.3440777 48.8633722),55,62,5562
11039516144,48.8807644,2.3248073,3,,,POINT (2.3248073 48.8807644),75,51,7551
11039620265,48.8772597,2.2836686,4,,,POINT (2.2836686 48.8772597),71,30,7130
11039620268,48.8780942,2.2810297,4,,,POINT (2.2810297 48.8780942),72,28,7228
11039766784,48.841173,2.3507515,3,,,POINT (2.3507515 48.841173),29,65,2965
11059703725,48.8773683,2.3658302,4,traffic_signals,,POINT (2.3658302 48.8773683),71,73,7173
11062156191,48.8259628,2.382652,4,,,POINT (2.382652 48.8259628),11,82,1182
11070301702,48.8619861,2.3501758,3,,,POINT (2.3501758 48.8619861),53,65,5365
11070661876,48.8774748,2.2838259,3,,,POINT (2.2838259 48.8774748),71,30,7130
11070661877,48.8771718,2.2839709,3,,,POINT (2.2839709 48.8771718),71,30,7130
11070910848,48.8537719,2.3443424,5,traffic_signals,,POINT (2.3443424 48.8537719),44,62,4462
11071194275,48.8792613,2.35867,3,,,POINT (2.35867 48.8792613),73,69,7369
11101409525,48.832078,2.3972957,3,,,POINT (2.3972957 48.832078),18,90,1890
11105022047,48.867872,2.3298262,2,,,POINT (2.3298262 48.867872),60,54,6054
11112627796,48.8434138,2.370735,5,,,POINT (2.370735 48.8434138),32,76,3276
11112627797,48.8431945,2.370327,4,,,POINT (2.370327 48.8431945),31,75,3175
11115259536,48.8758564,2.3784147,1,,,POINT (2.3784147 48.8758564),69,80,6980
11128825052,48.8460724,2.2769661,4,,,POINT (2.2769661 48.8460724),35,26,3526
11128825054,48.845918,2.2773032,4,,,POINT (2.2773032 48.845918),34,26,3426
11149723340,48.8958055,2.3442909,1,,,POINT (2.3442909 48.8958055),92,62,9262
11171340324,48.8793369,2.2807122,3,,,POINT (2.2807122 48.8793369),73,28,7328
11171340325,48.8793874,2.2802935,3,,,POINT (2.2802935 48.8793874),73,28,7328
11171340326,48.8794705,2.2803458,3,,,POINT (2.2803458 48.8794705),73,28,7328
11187908906,48.8655275,2.3207689,3,,,POINT (2.3207689 48.8655275),57,49,5749
11187908907,48.8656393,2.3208526,3,,,POINT (2.3208526 48.8656393),57,49,5749
11187908908,48.8657158,2.3206066,4,,,POINT (2.3206066 48.8657158),57,49,5749
11247130726,48.8638223,2.3342306,4,,,POINT (2.3342306 48.8638223),55,56,5556
11251066162,48.8749238,2.2790765,3,,,POINT (2.2790765 48.8749238),68,27,6827
11251066163,48.8750408,2.2790994,4,,,POINT (2.2790994 48.8750408),68,27,6827
11251066165,48.8749524,2.2789417,3,,,POINT (2.2789417 48.8749524),68,27,6827
11253108232,48.8540313,2.3689776,3,traffic_signals,,POINT (2.3689776 48.8540313),44,75,4475
11256203248,48.8688893,2.3385388,3,,,POINT (2.3385388 48.8688893),61,59,6159
11273256886,48.8680795,2.3884602,1,,,POINT (2.3884602 48.8680795),60,85,6085
11286175763,48.8916632,2.3585857,1,,,POINT (2.3585857 48.8916632),88,69,8869
11298541101,48.887283,2.2976438,3,,,POINT (2.2976438 48.887283),83,37,8337
11298541147,48.8872263,2.2981846,3,,,POINT (2.2981846 48.8872263),82,37,8237
11298541168,48.8871049,2.2978054,3,,,POINT (2.2978054 48.8871049),82,37,8237
11298542970,48.8871482,2.2980121,3,,,POINT (2.2980121 48.8871482),82,37,8237
11298542981,48.8873425,2.2980314,3,,,POINT (2.2980314 48.8873425),83,37,8337
11300086277,48.8869964,2.2971965,3,,,POINT (2.2971965 48.8869964),82,37,8237
11301151643,48.8878065,2.2957215,4,,,POINT (2.2957215 48.8878065),83,36,8336
11301151649,48.8879476,2.2951769,3,,,POINT (2.2951769 48.8879476),83,36,8336
11301151657,48.8876589,2.2952996,3,,,POINT (2.2952996 48.8876589),83,36,8336
11304046218,48.8881882,2.2959577,1,,,POINT (2.2959577 48.8881882),84,36,8436
11324050363,48.8816581,2.2853137,3,,,POINT (2.2853137 48.8816581),76,31,7631
11324061305,48.8818908,2.2867689,3,,,POINT (2.2867689 48.8818908),76,31,7631
11324061307,48.8818148,2.2867614,3,,,POINT (2.2867614 48.8818148),76,31,7631
11324061311,48.8817929,2.2867356,2,,,POINT (2.2867356 48.8817929),76,31,7631
11324061313,48.8822467,2.2863062,3,,,POINT (2.2863062 48.8822467),77,31,7731
11324061314,48.880739,2.2854013,4,,,POINT (2.2854013 48.880739),75,31,7531
11330126892,48.876671,2.2829607,3,,,POINT (2.2829607 48.876671),70,29,7029
11333186730,48.876817,2.2854843,3,,,POINT (2.2854843 48.876817),70,31,7031
11334814867,48.8772927,2.2835642,4,,,POINT (2.2835642 48.8772927),71,30,7130
11334888469,48.8775079,2.2837212,3,,,POINT (2.2837212 48.8775079),71,30,7130
11334888470,48.8771165,2.2834357,3,,,POINT (2.2834357 48.8771165),71,30,7130
11367296619,48.8512501,2.3980249,3,,,POINT (2.3980249 48.8512501),41,90,4190
11367296623,48.8513256,2.3982108,4,,,POINT (2.3982108 48.8513256),41,90,4190
11368027200,48.8516547,2.3613759,3,,,POINT (2.3613759 48.8516547),41,71,4171
11368027202,48.8517577,2.3616055,3,,,POINT (2.3616055 48.8517577),41,71,4171
11368161626,48.843431,2.2936181,3,,,POINT (2.2936181 48.843431),32,35,3235
11368161630,48.8435345,2.2936678,3,,,POINT (2.2936678 48.8435345),32,35,3235
11372638822,48.8648844,2.2941385,3,,,POINT (2.2941385 48.8648844),56,35,5635
11372638823,48.8648367,2.2936337,3,,,POINT (2.2936337 48.8648367),56,35,5635
11401526662,48.8580672,2.3100059,4,,,POINT (2.3100059 48.8580672),49,44,4944
11409098160,48.8792712,2.2806624,3,,,POINT (2.2806624 48.8792712),73,28,7328
11414406790,48.829678,2.4009481,3,,,POINT (2.4009481 48.829678),16,91,1691
11421504985,48.8820775,2.3932776,3,,,POINT (2.3932776 48.8820775),76,87,7687
11438472161,48.8455442,2.2845738,3,,,POINT (2.2845738 48.8455442),34,30,3430
11438472163,48.8455132,2.284547,3,,,POINT (2.284547 48.8455132),34,30,3430
11444712457,48.8757642,2.3564412,4,,,POINT (2.3564412 48.8757642),69,68,6968
11444712461,48.8765182,2.3557555,3,,,POINT (2.3557555 48.8765182),70,68,7068
11444712462,48.8765628,2.3557297,3,,,POINT (2.3557297 48.8765628),70,68,7068
11444712465,48.8768087,2.3555951,3,,,POINT (2.3555951 48.8768087),70,68,7068
11484470877,48.8627669,2.2920494,3,,,POINT (2.2920494 48.8627669),54,34,5434
11484470880,48.8628444,2.2920899,3,,,POINT (2.2920899 48.8628444),54,34,5434
11484470881,48.8629232,2.2919466,3,,,POINT (2.2919466 48.8629232),54,34,5434
11486190886,48.8565492,2.3944428,3,,,POINT (2.3944428 48.8565492),47,88,4788
11486190888,48.8565575,2.3944294,3,,,POINT (2.3944294 48.8565575),47,88,4788
11486190889,48.856538,2.3944438,3,,,POINT (2.3944438 48.856538),47,88,4788
11486190892,48.856475,2.394231,3,,,POINT (2.394231 48.856475),47,88,4788
11486190893,48.8564958,2.3942178,3,,,POINT (2.3942178 48.8564958),47,88,4788
11486390934,48.8469598,2.4110388,3,,,POINT (2.4110388 48.8469598),36,97,3697
11486390939,48.8469081,2.4113545,3,,,POINT (2.4113545 48.8469081),36,97,3697
11486390941,48.8470994,2.4114404,3,,,POINT (2.4114404 48.8470994),36,97,3697
11486390943,48.8471377,2.4110803,3,,,POINT (2.4110803 48.8471377),36,97,3697
11517697937,48.8724238,2.2759155,3,,,POINT (2.2759155 48.8724238),65,26,6526
11520144740,48.8719256,2.2754939,3,,,POINT (2.2754939 48.8719256),65,25,6525
11520144745,48.8720618,2.2752626,3,,,POINT (2.2752626 48.8720618),65,25,6525
11521292458,48.8239781,2.3257108,3,,,POINT (2.3257108 48.8239781),9,52,952
11521292459,48.8234482,2.3255667,2,,,POINT (2.3255667 48.8234482),8,52,852
11542971339,48.875784,2.3602078,3,,,POINT (2.3602078 48.875784),69,70,6970
11542971347,48.8757386,2.3602349,3,,,POINT (2.3602349 48.8757386),69,70,6970
11554041560,48.8516048,2.278916,3,,,POINT (2.278916 48.8516048),41,27,4127
11554041564,48.8523597,2.2801917,3,,,POINT (2.2801917 48.8523597),42,28,4228
11561249900,48.8412889,2.4071592,1,,,POINT (2.4071592 48.8412889),29,95,2995
11563663280,48.8717143,2.3416027,3,,,POINT (2.3416027 48.8717143),64,60,6460
