Starting node index,Ending node index,Travel cost from the starting node to the ending node
1.0,2.0,0.00641764099961871
1.0,101.0,0.0030069097093162562
2.0,3.0,0.004353832557646516
2.0,102.0,0.005354723148769318
3.0,4.0,0.004934891845823743
3.0,103.0,0.0024249340815769285
4.0,104.0,0.0033075621143097453
100.0,101.0,0.00547086830402635
100.0,200.0,0.003526631395539807
101.0,102.0,0.005463403517943951
101.0,201.0,0.005169332065172114
102.0,103.0,0.004942372887595044
102.0,202.0,0.0036888908970019846
103.0,104.0,0.00676512975855481
103.0,203.0,0.005268678103658532
104.0,105.0,0.005743941554360747
104.0,204.0,0.003999592530496253
105.0,205.0,0.0038193878148217427
200.0,201.0,0.004296307833476593
200.0,300.0,0.00364114764874835
201.0,202.0,0.006026557827658896
201.0,301.0,0.004728570608542226
202.0,203.0,0.005244971997058795
202.0,302.0,0.0033283001141736802
203.0,204.0,0.0057409749729496334
203.0,303.0,0.004485405778747977
204.0,205.0,0.005178278398263509
204.0,304.0,0.004111948998953748
205.0,305.0,0.0038487392338264963
300.0,301.0,0.005968427129485653
301.0,302.0,0.006333148427130447
301.0,401.0,0.003853160469017041
302.0,303.0,0.006054664317700293
302.0,402.0,0.00492638456679933
303.0,304.0,0.004253839556204388
303.0,403.0,0.0036300260935706436
304.0,305.0,0.005194185330733786
304.0,404.0,0.00487343586497267
308.0,309.0,0.0033981812267759736
308.0,408.0,0.0038609044600985297
309.0,310.0,0.00652655906049096
309.0,409.0,0.0036390738382174027
310.0,410.0,0.003746886265953076
401.0,402.0,0.0036271740101626415
402.0,403.0,0.004477636896856772
402.0,502.0,0.004555535517373089
403.0,404.0,0.0053854754181910545
403.0,503.0,0.004744317055168642
404.0,504.0,0.004008425775793103
407.0,408.0,0.004967408057536059
407.0,507.0,0.003893447030594298
408.0,409.0,0.004776134838961107
408.0,508.0,0.004669552869386454
409.0,410.0,0.005886088494073055
409.0,509.0,0.00328640725413493
410.0,411.0,0.003676582833282291
410.0,510.0,0.004258424142802358
411.0,511.0,0.006185936861135345
502.0,503.0,0.004330708843828814
502.0,602.0,0.004072896504945931
503.0,504.0,0.005430436906919214
503.0,603.0,0.004587394262546262
504.0,505.0,0.005882921662744858
504.0,604.0,0.004412672514472443
505.0,506.0,0.006349065610771676
505.0,605.0,0.0036168647541711305
506.0,507.0,0.003958800779275688
506.0,606.0,0.003920583247427244
507.0,508.0,0.00510617380531212
507.0,607.0,0.004893794908855834
508.0,509.0,0.006870301641122229
508.0,608.0,0.004016568112205879
509.0,510.0,0.005946413051579409
509.0,609.0,0.006231277019998657
510.0,511.0,0.006177714666438367
510.0,610.0,0.0056061037682221225
511.0,512.0,0.0039636650968568905
511.0,611.0,0.0021739282991916787
512.0,513.0,0.005289650309793518
512.0,612.0,0.004174900550909572
513.0,514.0,0.005238097795960119
513.0,613.0,0.0042248446515796775
514.0,614.0,0.003948627337443554
601.0,602.0,0.007224285044904627
602.0,603.0,0.003463076056046254
602.0,702.0,0.0028713806522305515
603.0,604.0,0.005971317308601335
603.0,703.0,0.002760355109396755
604.0,605.0,0.006159348973720888
604.0,704.0,0.0021521956463101057
605.0,606.0,0.005206584848042825
605.0,705.0,0.004537437365961441
606.0,607.0,0.005485212739727362
606.0,706.0,0.0047135843028414766
607.0,608.0,0.005973279574908254
607.0,707.0,0.003568928203262443
608.0,609.0,0.0045718480311522395
608.0,708.0,0.003969544507880884
609.0,610.0,0.0034933568183021157
609.0,709.0,0.003686712597969388
610.0,611.0,0.009773910816559954
610.0,710.0,0.004423171460617825
611.0,612.0,0.004299444971151585
611.0,711.0,0.004372903183234644
612.0,613.0,0.005976643079521387
612.0,712.0,0.003719090567602306
613.0,614.0,0.004576364541868311
613.0,713.0,0.004269934590837887
614.0,615.0,0.006747597937787825
614.0,714.0,0.0021793475193241448
615.0,616.0,0.004478069604193922
615.0,715.0,0.003777516562511242
616.0,716.0,0.002437237165316957
702.0,703.0,0.004746507938476433
702.0,802.0,0.00414684328374689
703.0,704.0,0.004420582220707591
703.0,803.0,0.005973862560356714
704.0,705.0,0.007990440764441057
704.0,804.0,0.006050084855607193
705.0,706.0,0.0032535796179009482
705.0,805.0,0.004339337148689937
706.0,707.0,0.006011365783236661
706.0,806.0,0.005214503624505553
707.0,708.0,0.004776986284259655
707.0,807.0,0.004616580563573423
708.0,709.0,0.0058634264726341225
708.0,808.0,0.004535674276227307
709.0,710.0,0.0055611856478685094
709.0,809.0,0.004511480909856134
710.0,711.0,0.006362552403719586
710.0,810.0,0.003830364918646998
711.0,712.0,0.003893330730870334
711.0,811.0,0.004656136374724681
712.0,713.0,0.006105469346415444
712.0,812.0,0.004056093088181131
713.0,714.0,0.005283204046792212
713.0,813.0,0.004658031387828123
714.0,715.0,0.0067721654586982444
714.0,814.0,0.005834595530111711
715.0,716.0,0.005486805263543903
715.0,815.0,0.004516954687614599
716.0,717.0,0.005408989987050876
716.0,816.0,0.00416632811958109
717.0,718.0,0.003539362411504766
717.0,817.0,0.004289335016053961
718.0,818.0,0.0031233207776265462
802.0,803.0,0.005548835243541531
802.0,902.0,0.005838098941439925
803.0,804.0,0.0034631672497878853
803.0,903.0,0.0035697721748032293
804.0,805.0,0.007563300920905677
804.0,904.0,0.004738475494288258
805.0,806.0,0.00662053807555362
805.0,905.0,0.004217500093649939
806.0,807.0,0.006765459417515492
806.0,906.0,0.003228525917497619
807.0,808.0,0.004051768705153256
807.0,907.0,0.004174125970789533
808.0,809.0,0.006504328738609207
808.0,908.0,0.004377766284305101
809.0,810.0,0.004686004374725093
809.0,909.0,0.0037092496545798465
810.0,811.0,0.006258936179587685
810.0,910.0,0.004761000555555538
811.0,812.0,0.004223311603461982
811.0,911.0,0.003973297478163929
812.0,813.0,0.0051232858411445455
812.0,912.0,0.004055339769983501
813.0,814.0,0.007178595685088365
813.0,913.0,0.004450484406214126
814.0,815.0,0.004168547906646318
814.0,914.0,0.0043127144874208385
815.0,816.0,0.006267416521186418
815.0,915.0,0.004795322642946546
816.0,817.0,0.005603380140591451
816.0,916.0,0.004693527671168254
817.0,818.0,0.004738550799548057
817.0,917.0,0.004474017207166403
818.0,819.0,0.003534652243159345
818.0,918.0,0.0037883798252030983
819.0,919.0,0.003928712972462272
902.0,903.0,0.005797781790471531
903.0,904.0,0.0041667346939749305
903.0,1003.0,0.004180009464102355
904.0,905.0,0.00786976715856327
905.0,906.0,0.004852604872653191
905.0,1005.0,0.005073115606808773
906.0,907.0,0.005368705770478407
906.0,1006.0,0.004262678005667657
907.0,908.0,0.00481494478680904
907.0,1007.0,0.0038311909375500124
908.0,909.0,0.006227005689735998
908.0,1008.0,0.004043430140361934
909.0,910.0,0.005165332718223527
909.0,1009.0,0.00479726922320853
910.0,911.0,0.006936570687302849
910.0,1010.0,0.004067219872338884
911.0,912.0,0.004723307794337991
911.0,1011.0,0.004458910769461185
912.0,913.0,0.006152123487870896
912.0,1012.0,0.004352987838255411
913.0,914.0,0.005530758314186694
913.0,1013.0,0.003834254265180415
914.0,915.0,0.006288590959026008
914.0,1014.0,0.003960416115764701
915.0,916.0,0.005071624986140188
915.0,1015.0,0.0036512452286888127
916.0,917.0,0.005443965169799038
916.0,1016.0,0.004280811254889324
917.0,918.0,0.004827386428500557
917.0,1017.0,0.0034926115973548132
918.0,919.0,0.005667200596405079
918.0,1018.0,0.004720876954555336
919.0,920.0,0.004130712559595076
919.0,1019.0,0.004381286306547262
920.0,1020.0,0.004581385887483538
1005.0,1006.0,0.004925153647350807
1005.0,1105.0,0.004298215660013089
1006.0,1007.0,0.0037790932311955647
1006.0,1106.0,0.004160670750007216
1007.0,1008.0,0.006328774557526631
1007.0,1107.0,0.004609835020908429
1008.0,1009.0,0.005945627976923222
1008.0,1108.0,0.0037278414182987996
1009.0,1010.0,0.005287964636791139
1009.0,1109.0,0.004763003120933451
1010.0,1011.0,0.00583885639487452
1010.0,1110.0,0.00410202059965888
1011.0,1012.0,0.005279700852323748
1011.0,1111.0,0.004057745861928579
1012.0,1013.0,0.00474874746643865
1012.0,1112.0,0.004370702219323834
1013.0,1014.0,0.006363629515463528
1013.0,1113.0,0.0043834896338420665
1014.0,1015.0,0.005424639477411024
1014.0,1114.0,0.004335887683043597
1015.0,1016.0,0.005306988215551328
1015.0,1115.0,0.004286556440781081
1016.0,1017.0,0.00584891690829003
1016.0,1116.0,0.0032265343202880965
1017.0,1018.0,0.0052062728510857
1017.0,1117.0,0.004364970217539346
1018.0,1019.0,0.005118653045485711
1018.0,1118.0,0.003800740059510211
1019.0,1020.0,0.004531569816295233
1019.0,1119.0,0.004082115382988451
1020.0,1120.0,0.004542086606390672
1104.0,1105.0,0.007215794688045197
1105.0,1106.0,0.003142406622315697
1105.0,1205.0,0.0026163386267839873
1106.0,1107.0,0.00584975298623673
1106.0,1206.0,0.004925990098450531
1107.0,1108.0,0.0058657924443422825
1107.0,1207.0,0.00454820174135124
1108.0,1109.0,0.005814735499570198
1108.0,1208.0,0.004666831473288575
1109.0,1110.0,0.00554240573486837
1109.0,1209.0,0.004264398091172616
1110.0,1111.0,0.005177801394427097
1110.0,1210.0,0.003798899588037161
1111.0,1112.0,0.0064090241441141955
1111.0,1211.0,0.004434900091320795
1112.0,1113.0,0.005393341073966146
1112.0,1212.0,0.0030960235787150553
1113.0,1114.0,0.00560992673391235
1113.0,1213.0,0.004013252239769227
1114.0,1115.0,0.005388778327232422
1114.0,1214.0,0.0042855504500626624
1115.0,1116.0,0.005197802258655601
1115.0,1215.0,0.0043569398664642395
1116.0,1117.0,0.00581853319316808
1116.0,1216.0,0.004969895053217627
1117.0,1118.0,0.006167179014743838
1117.0,1217.0,0.00392780867660276
1118.0,1119.0,0.004896276136005965
1118.0,1218.0,0.004631480205078065
1119.0,1120.0,0.005418833854249845
1119.0,1219.0,0.004329775282849103
1120.0,1121.0,0.003647624740841792
1120.0,1220.0,0.003205659922699362
1121.0,1221.0,0.004217781873216597
1205.0,1206.0,0.005345166227539855
1205.0,1305.0,0.007702474948354802
1206.0,1207.0,0.004997914330005757
1206.0,1306.0,0.004392270716841262
1207.0,1208.0,0.004300451846018319
1207.0,1307.0,0.0037894556614353797
1208.0,1209.0,0.007954073523054637
1208.0,1308.0,0.0038359668090260594
1209.0,1210.0,0.004850515058209771
1209.0,1309.0,0.003918475368055958
1210.0,1211.0,0.004764545797868575
1210.0,1310.0,0.003908572266183958
1211.0,1212.0,0.0057366905250405345
1211.0,1311.0,0.0038986463009602866
1212.0,1213.0,0.006276538297496541
1212.0,1312.0,0.004694970180952068
1213.0,1214.0,0.004647756985901851
1213.0,1313.0,0.004143899853999577
1214.0,1215.0,0.005335053982859481
1214.0,1314.0,0.0037047172631618774
1215.0,1216.0,0.006463251967862517
1215.0,1315.0,0.004048543935785225
1216.0,1217.0,0.004872280143834575
1216.0,1316.0,0.002926994316704569
1217.0,1218.0,0.0063011817375729605
1217.0,1317.0,0.004204025332939299
1218.0,1219.0,0.005521880249524501
1218.0,1318.0,0.004018637267783358
1219.0,1220.0,0.005096940749113571
1219.0,1319.0,0.0043968190774759195
1220.0,1221.0,0.005431855007269359
1220.0,1320.0,0.005082119645386634
1221.0,1321.0,0.004274484015644365
1225.0,1325.0,0.0029993527585142634
1258.0,1358.0,0.003805336970618527
1305.0,1306.0,0.009290705301544345
1306.0,1307.0,0.0043024688877344374
1307.0,1308.0,0.0027428464503231
1308.0,1309.0,0.0076995276452445464
1308.0,1408.0,0.0052976682606535284
1309.0,1310.0,0.005593442750226135
1309.0,1409.0,0.002660485388040769
1310.0,1311.0,0.004376503650177569
1310.0,1410.0,0.004307094728475311
1311.0,1312.0,0.006997802869471077
1312.0,1313.0,0.006254766182683669
1312.0,1412.0,0.006532182254041556
1313.0,1314.0,0.004724164793909062
1313.0,1413.0,0.0037306872838648105
1314.0,1315.0,0.006414892438685321
1314.0,1414.0,0.004702495985112836
1315.0,1316.0,0.0050365791416356115
1315.0,1415.0,0.004383188451349024
1316.0,1317.0,0.005772509337369139
1316.0,1416.0,0.0043892289356977756
1317.0,1318.0,0.005992614537922392
1317.0,1417.0,0.004405272522790077
1318.0,1319.0,0.004693215741887043
1318.0,1418.0,0.0032251006185801917
1319.0,1320.0,0.006238303302188091
1319.0,1419.0,0.004451598589267043
1320.0,1321.0,0.004649587750546113
1320.0,1420.0,0.003864108317583364
1321.0,1322.0,0.00561548736264001
1321.0,1421.0,0.004017526925860917
1322.0,1323.0,0.0067869306906691495
1322.0,1422.0,0.0044642765617757246
1323.0,1324.0,0.0046556332437260465
1323.0,1423.0,0.0028193959814116864
1324.0,1325.0,0.005031104869695098
1324.0,1424.0,0.00417657766598973
1325.0,1326.0,0.004266139605086373
1325.0,1425.0,0.005974756465330374
1326.0,1426.0,0.005643919560017315
1358.0,1458.0,0.0036193231591121473
1408.0,1409.0,0.003126254580174099
1409.0,1410.0,0.007431720641953602
1409.0,1509.0,0.005817949024351715
1410.0,1510.0,0.0038532351342733793
1412.0,1413.0,0.004354700679724992
1412.0,1512.0,0.0028635481382330314
1413.0,1414.0,0.006298083811756592
1413.0,1513.0,0.0050474153266852045
1414.0,1415.0,0.005039529828267677
1414.0,1514.0,0.003687814878760551
1415.0,1416.0,0.005877435665327164
1415.0,1515.0,0.004906610308548903
1416.0,1417.0,0.005907829127523766
1416.0,1516.0,0.0037643050487465675
1417.0,1418.0,0.005506066200117999
1417.0,1517.0,0.004040818483917318
1418.0,1419.0,0.005291960884197308
1418.0,1518.0,0.00539736963436783
1419.0,1420.0,0.00529818695404608
1419.0,1519.0,0.004538446540393857
1420.0,1421.0,0.006264551937686222
1420.0,1520.0,0.00440846257667881
1421.0,1422.0,0.0055621438474834
1421.0,1521.0,0.003262579375282492
1422.0,1423.0,0.006105363297947277
1422.0,1522.0,0.00372552822831376
1423.0,1424.0,0.0044566967588142185
1423.0,1523.0,0.005153754456706091
1424.0,1425.0,0.006208163355615991
1424.0,1524.0,0.0038756351737466747
1425.0,1426.0,0.005651727864118532
1425.0,1525.0,0.003960476745289585
1426.0,1427.0,0.0064126980281318975
1426.0,1526.0,0.004694693280721573
1427.0,1527.0,0.0028946220824130962
1458.0,1459.0,0.0035628208052008886
1459.0,1460.0,0.008194965475212524
1459.0,1559.0,0.0018072245377913048
1460.0,1461.0,0.003507798355100431
1460.0,1560.0,0.003526294492804004
1461.0,1462.0,0.003978938393583911
1461.0,1561.0,0.004204747119628476
1462.0,1562.0,0.004618946598518066
1509.0,1510.0,0.0013080085053283974
1510.0,1511.0,0.00622354632826205
1510.0,1610.0,0.007745611660804686
1511.0,1512.0,0.008261332476054494
1511.0,1611.0,0.004825076104066468
1512.0,1513.0,0.0035788977758447202
1512.0,1612.0,0.0024565333948493367
1513.0,1514.0,0.0071851330565318745
1513.0,1613.0,0.0024652687967014
1514.0,1515.0,0.004010621583993534
1515.0,1516.0,0.008111552405059197
1516.0,1517.0,0.004708599146244391
1517.0,1518.0,0.0046664455691700826
1517.0,1617.0,0.003351901612515166
1518.0,1519.0,0.005564788331099587
1518.0,1618.0,0.0038683635260927498
1519.0,1520.0,0.006466836559713169
1519.0,1619.0,0.005174923429382561
1520.0,1521.0,0.006903279038975035
1520.0,1620.0,0.0049644796474586205
1521.0,1522.0,0.004015382743892554
1521.0,1621.0,0.005569375279149362
1522.0,1523.0,0.005612792369225794
1522.0,1622.0,0.004086646657104877
1523.0,1524.0,0.005436586153090605
1523.0,1623.0,0.0037463197794659793
1524.0,1525.0,0.004796681561247687
1524.0,1624.0,0.003994584458987512
1525.0,1526.0,0.006447227388584777
1525.0,1625.0,0.0038301285683430973
1526.0,1527.0,0.00527547268023602
1526.0,1626.0,0.0038117817369257966
1527.0,1528.0,0.006303638867352121
1527.0,1627.0,0.003851452323479289
1528.0,1628.0,0.005219689570269619
1559.0,1560.0,0.005134694002574266
1560.0,1561.0,0.005729212683252462
1561.0,1562.0,0.004923049286779503
1561.0,1661.0,0.003747086650984338
1565.0,1566.0,0.008160352553661071
1565.0,1665.0,0.0035665051941658663
1566.0,1567.0,0.004877837009374574
1566.0,1666.0,0.003744067709056661
1567.0,1667.0,0.003488493588923346
1610.0,1611.0,0.000888368037469898
1610.0,1710.0,0.0032847732722367214
1611.0,1612.0,0.010041684783446626
1611.0,1711.0,0.005947087862975772
1612.0,1613.0,0.0020983066148635753
1617.0,1618.0,0.0028319382055379907
1618.0,1619.0,0.003940159958691081
1618.0,1718.0,0.0034156295173807583
1619.0,1620.0,0.008736875740213094
1619.0,1719.0,0.003062479670135188
1620.0,1621.0,0.004577973350728262
1620.0,1720.0,0.003405593340374704
1621.0,1622.0,0.005132103073795303
1621.0,1721.0,0.004194152119316778
1622.0,1623.0,0.00665553564260613
1622.0,1722.0,0.003940951301395279
1623.0,1624.0,0.005476805664792471
1623.0,1723.0,0.004109565486761876
1624.0,1625.0,0.0050949330761104064
1624.0,1724.0,0.004373008575341743
1625.0,1626.0,0.005669863075949589
1625.0,1725.0,0.0040480434841966935
1626.0,1627.0,0.005966382975462881
1626.0,1726.0,0.003560890590849836
1627.0,1628.0,0.007784114911791412
1627.0,1727.0,0.005661779071983269
1628.0,1629.0,0.0008191376929441708
1628.0,1728.0,0.003273938722699791
1629.0,1729.0,0.0039378951865105425
1665.0,1666.0,0.006395110908344344
1666.0,1667.0,0.00444232175555644
1667.0,1668.0,0.007140521937510651
1668.0,1669.0,0.0035149528019619036
1668.0,1768.0,0.0038930758597793534
1669.0,1670.0,0.006682155923047528
1669.0,1769.0,0.004033290155690344
1670.0,1671.0,0.0026744898579024938
1670.0,1770.0,0.0034095044757308456
1671.0,1771.0,0.003024441492246428
1710.0,1711.0,0.0054180979291538305
1715.0,1815.0,0.004307426192050783
1718.0,1719.0,0.003975195407780202
1719.0,1720.0,0.006381281746646908
1719.0,1819.0,0.00494091492843272
1720.0,1721.0,0.006169059085468233
1720.0,1820.0,0.0035758515461357387
1721.0,1722.0,0.005682774850359123
1721.0,1821.0,0.004510651963966884
1722.0,1723.0,0.004599957608512017
1722.0,1822.0,0.004908220550262106
1723.0,1724.0,0.0058711165888601655
1723.0,1823.0,0.003829050642128748
1724.0,1725.0,0.006248160849396837
1724.0,1824.0,0.004536835807038671
1725.0,1726.0,0.004819549195729581
1725.0,1825.0,0.005061557072682094
1726.0,1727.0,0.007089578614415771
1726.0,1826.0,0.004390559081711428
1727.0,1728.0,0.004788070828627311
1727.0,1827.0,0.002575494022520942
1728.0,1729.0,0.005441562836165369
1728.0,1828.0,0.0033042128094301327
1729.0,1829.0,0.003629660548869457
1745.0,1746.0,0.003372676886397551
1745.0,1845.0,0.002877427366591649
1746.0,1747.0,0.00646681559037974
1746.0,1846.0,0.003445906419215489
1747.0,1748.0,0.0042683443780878435
1747.0,1847.0,0.004090032812827139
1748.0,1848.0,0.0030364436895833516
1768.0,1769.0,0.004514735120691317
1769.0,1770.0,0.006544006666415425
1770.0,1771.0,0.004806210125451346
1770.0,1870.0,0.003910837212154843
1771.0,1772.0,0.005949915382586744
1771.0,1871.0,0.003625144799864184
1772.0,1773.0,0.003441644311954356
1772.0,1872.0,0.0032049721153256092
1773.0,1873.0,0.0038680390703839432
1815.0,1816.0,0.005913923587600646
1815.0,1915.0,0.004152049253079318
1816.0,1817.0,0.005321876768582279
1816.0,1916.0,0.004836694161306962
1817.0,1917.0,0.00242784695769826
1819.0,1820.0,0.005637093211918139
1820.0,1821.0,0.0059102089726274535
1821.0,1822.0,0.006050505546640087
1821.0,1921.0,0.0035252568048301965
1822.0,1823.0,0.004817502681894163
1822.0,1922.0,0.002702185286020111
1823.0,1824.0,0.0058830943320628
1823.0,1923.0,0.0042213672216466205
1824.0,1825.0,0.004862894563944206
1824.0,1924.0,0.0036531945390287446
1825.0,1826.0,0.005756630438021825
1825.0,1925.0,0.0038517829637711495
1826.0,1827.0,0.0059718010683509895
1826.0,1926.0,0.0045584196439150985
1827.0,1828.0,0.005186922101796464
1827.0,1927.0,0.004149429358357553
1828.0,1829.0,0.006204508706574373
1828.0,1928.0,0.004217105250047504
1829.0,1830.0,0.004963947824064683
1829.0,1929.0,0.003450141610134609
1830.0,1831.0,0.0038841070028999575
1830.0,1930.0,0.004478924201187298
1831.0,1931.0,0.00411669095390546
1845.0,1846.0,0.005322305840524433
1845.0,1945.0,0.004374959296948562
1846.0,1847.0,0.00533556712637258
1846.0,1946.0,0.0025503591374556214
1847.0,1848.0,0.006658937675029831
1847.0,1947.0,0.0038311003145297985
1848.0,1849.0,0.004366096252944573
1848.0,1948.0,0.003727114461619348
1849.0,1850.0,0.007700314126717202
1849.0,1949.0,0.004187870648667014
1850.0,1851.0,0.004084691230679491
1850.0,1950.0,0.004325394640958869
1851.0,1852.0,0.005593389571629385
1851.0,1951.0,0.0038775619775808616
1852.0,1853.0,0.004472472954639186
1852.0,1952.0,0.003569480977678765
1853.0,1854.0,0.0070969978328811
1853.0,1953.0,0.0030314740259516637
1854.0,1855.0,0.005620702206137603
1854.0,1954.0,0.004763950650462151
1855.0,1856.0,0.007956642963583857
1855.0,1955.0,0.0047918962426166875
1856.0,1956.0,0.0030960639851276253
1870.0,1871.0,0.006438763518723941
1871.0,1872.0,0.006149806515656956
1871.0,1971.0,0.003610206426230778
1872.0,1873.0,0.004333966792673025
1872.0,1972.0,0.004556379442055708
1873.0,1874.0,0.006130810008477555
1873.0,1973.0,0.0025442474800991093
1874.0,1875.0,0.0034445362677648144
1874.0,1974.0,0.002811707047325255
1875.0,1975.0,0.003175622214624242
1915.0,1916.0,0.00669813418572081
1915.0,2015.0,0.002895962059493838
1916.0,1917.0,0.004989672153559549
1916.0,2016.0,0.0049620989762394815
1917.0,1918.0,0.0055144413579241
1917.0,2017.0,0.004606558877294334
1918.0,2018.0,0.002755485075269199
1921.0,1922.0,0.005809199536076408
1921.0,2021.0,0.002545635676992212
1922.0,1923.0,0.0051935490110304825
1922.0,2022.0,0.004892128816780361
1923.0,1924.0,0.005790004825559709
1923.0,2023.0,0.005559780416526648
1924.0,1925.0,0.00569938215950469
1925.0,1926.0,0.004006902475727978
1925.0,2025.0,0.0038090169335436583
1926.0,1927.0,0.007170064605703884
1926.0,2026.0,0.004336442718402879
1927.0,1928.0,0.004793195698070142
1927.0,2027.0,0.005119704093012544
1928.0,1929.0,0.00574830771009554
1928.0,2028.0,0.004763057946321846
1929.0,1930.0,0.00412241151876051
1929.0,2029.0,0.005571106091255942
1930.0,1931.0,0.0066886980048465345
1930.0,2030.0,0.004359187232730005
1931.0,2031.0,0.002555025888323617
1945.0,1946.0,0.005817559711761478
1946.0,1947.0,0.006390082569893464
1947.0,1948.0,0.004467507592605358
1947.0,2047.0,0.0037221677151883297
1948.0,1949.0,0.006687785287368364
1948.0,2048.0,0.004254202275396151
1949.0,1950.0,0.004694803384597859
1949.0,2049.0,0.004780104653659918
1950.0,1951.0,0.006644190089092916
1950.0,2050.0,0.004216987119966197
1951.0,1952.0,0.00434632149063895
1951.0,2051.0,0.005144090483258035
1952.0,1953.0,0.005892542555643443
1952.0,2052.0,0.003961310129234128
1953.0,1954.0,0.005928865254839515
1953.0,2053.0,0.004711876013858589
1954.0,1955.0,0.004676014462125173
1954.0,2054.0,0.003932893241621024
1955.0,1956.0,0.0062979437636390195
1955.0,2055.0,0.003756586588912888
1956.0,1957.0,0.005648538509209476
1956.0,2056.0,0.005570017914687424
1957.0,1958.0,0.004125429909709335
1957.0,2057.0,0.005345394408273295
1958.0,2058.0,0.006167988651095272
1966.0,2066.0,0.0036930944558727988
1971.0,1972.0,0.005647887392632655
1972.0,1973.0,0.005314072978422707
1972.0,2072.0,0.002627391042464039
1973.0,1974.0,0.005878727399701773
1973.0,2073.0,0.0034563445719431683
1974.0,1975.0,0.004530950078080523
1974.0,2074.0,0.0031142192039113176
1975.0,1976.0,0.00606685258762267
1975.0,2075.0,0.002687771777888842
1976.0,1977.0,0.006190138819938792
1976.0,2076.0,0.004299240037497212
1977.0,2077.0,0.0027436574585826194
2011.0,2111.0,0.003055823676196309
2015.0,2016.0,0.008157582424344497
2015.0,2115.0,0.006981239561131883
2016.0,2017.0,0.0034106780850629505
2016.0,2116.0,0.004073879999462459
2017.0,2018.0,0.005021002489542569
2017.0,2117.0,0.004382221925009484
2018.0,2019.0,0.0038743664733819796
2018.0,2118.0,0.004553891522636448
2019.0,2119.0,0.0034572235348576934
2021.0,2022.0,0.004390997518792452
2021.0,2121.0,0.005621890020268487
2022.0,2023.0,0.007143585570986369
2025.0,2026.0,0.004707378144985039
2025.0,2125.0,0.0060531294550805175
2026.0,2027.0,0.004754794737956648
2026.0,2126.0,0.0037708590533147963
2027.0,2028.0,0.006137111535563242
2027.0,2127.0,0.003636244903745693
2028.0,2029.0,0.00483073733605408
2028.0,2128.0,0.003767068090700716
2029.0,2030.0,0.005615887970751221
2029.0,2129.0,0.0039888887725815095
2030.0,2031.0,0.004866752181900423
2030.0,2130.0,0.003892659455948999
2031.0,2032.0,0.008637618510327176
2031.0,2131.0,0.008362355549124862
2032.0,2132.0,0.005343915916252952
2047.0,2048.0,0.002672332174346298
2047.0,2147.0,0.005371203740317212
2048.0,2049.0,0.004538901273432349
2048.0,2148.0,0.004011009940152432
2049.0,2050.0,0.007137675899757842
2049.0,2149.0,0.005730349603646275
2050.0,2051.0,0.004845629817678249
2050.0,2150.0,0.004107215506885391
2051.0,2052.0,0.006688250666648864
2051.0,2151.0,0.005010509583869171
2052.0,2053.0,0.004125954621666026
2052.0,2152.0,0.004662179072066155
2053.0,2054.0,0.006501580457851508
2053.0,2153.0,0.004700580681147981
2054.0,2055.0,0.005152359498335645
2054.0,2154.0,0.0038466849793041915
2055.0,2056.0,0.005903483029535517
2055.0,2155.0,0.0028794482874343434
2056.0,2057.0,0.005610613551122793
2056.0,2156.0,0.003386263167565368
2057.0,2058.0,0.004899016084884864
2057.0,2157.0,0.003767620024629394
2058.0,2059.0,0.005979301546160216
2058.0,2158.0,0.0025980584327504083
2059.0,2060.0,0.004093703830274628
2059.0,2159.0,0.002840831321986589
2060.0,2160.0,0.004300924929597088
2065.0,2066.0,0.005774104053440621
2066.0,2067.0,0.004587435625713123
2067.0,2167.0,0.003779339204151877
2072.0,2073.0,0.004899579811570669
2073.0,2074.0,0.006001605829279084
2074.0,2075.0,0.004975994249392155
2075.0,2076.0,0.005572050793918311
2076.0,2077.0,0.0054066487087582205
2077.0,2078.0,0.006244467699503294
2077.0,2177.0,0.0018932588306947988
2078.0,2079.0,0.0048450015417873275
2078.0,2178.0,0.004578106213275432
2079.0,2080.0,0.00529946160002087
2079.0,2179.0,0.0031447788475540707
2080.0,2180.0,0.0016656698652510878
2110.0,2111.0,0.004020180304413549
2110.0,2210.0,0.003384372037763994
2111.0,2112.0,0.005650845644681636
2111.0,2211.0,0.00384184347026628
2112.0,2212.0,0.003281744804216567
2115.0,2116.0,0.005245100976147769
2116.0,2117.0,0.005600406614707202
2116.0,2216.0,0.0038431155655290106
2117.0,2118.0,0.004895422862220926
2117.0,2217.0,0.0032023453904891077
2118.0,2119.0,0.006034755859180816
2118.0,2218.0,0.003949403617007103
2119.0,2120.0,0.004745077033094156
2119.0,2219.0,0.0036921658955154694
2120.0,2121.0,0.007881048727802759
2120.0,2220.0,0.0047578056160398115
2125.0,2126.0,0.003881387793041228
2125.0,2225.0,0.002932166313498448
2126.0,2127.0,0.00452893144129551
2126.0,2226.0,0.004237566400656994
2127.0,2128.0,0.006450821110519494
2127.0,2227.0,0.004823046547567101
2128.0,2129.0,0.006300083079613772
2128.0,2228.0,0.004509705644498227
2129.0,2130.0,0.005121088565922181
2129.0,2229.0,0.0041136720105007475
2130.0,2131.0,0.007690685496755683
2130.0,2230.0,0.004248009144297362
2131.0,2132.0,0.004511660361771464
2131.0,2231.0,0.0030132560627988566
2132.0,2133.0,0.0030371982829684075
2132.0,2232.0,0.0027795915707152737
2133.0,2233.0,0.004376455856048803
2146.0,2147.0,0.0043283155014379755
2146.0,2246.0,0.005885849072135376
2147.0,2148.0,0.0062305023722093195
2147.0,2247.0,0.004721712589732102
2148.0,2149.0,0.0050902732077950374
2148.0,2248.0,0.004238526409028121
2149.0,2150.0,0.00703176797470207
2149.0,2249.0,0.002150259298319673
2150.0,2151.0,0.004572583114603615
2150.0,2250.0,0.005025040947098975
2151.0,2152.0,0.005875703934853066
2151.0,2251.0,0.0022814633900181598
2152.0,2153.0,0.005805462677512171
2152.0,2252.0,0.003623074342323695
2153.0,2154.0,0.0055035210565628455
2153.0,2253.0,0.004310780052380622
2154.0,2155.0,0.005785824021684251
2154.0,2254.0,0.005296390688007461
2155.0,2156.0,0.0056623103482577935
2155.0,2255.0,0.004479122469859571
2156.0,2157.0,0.00480440375593264
2156.0,2256.0,0.004472931889711691
2157.0,2158.0,0.00611109311089677
2157.0,2257.0,0.004698769460194609
2158.0,2159.0,0.005084600770952841
2158.0,2258.0,0.004858480357066977
2159.0,2160.0,0.0053389691888998045
2159.0,2259.0,0.00461255549235002
2164.0,2264.0,0.003449797352023155
2177.0,2178.0,0.00564030302820817
2178.0,2179.0,0.005479125200250819
2178.0,2278.0,0.003829343027198132
2179.0,2180.0,0.004091579920998008
2179.0,2279.0,0.0034207075306121873
2180.0,2181.0,0.00577626952453233
2180.0,2280.0,0.005033471880317706
2181.0,2182.0,0.0064984829868193275
2181.0,2281.0,0.004221397769696173
2182.0,2183.0,0.006619389794384495
2182.0,2282.0,0.003381975761295356
2183.0,2184.0,0.0025327046255008904
2183.0,2283.0,0.003697379911499639
2184.0,2284.0,0.003521656275103877
2210.0,2211.0,0.003708049023414691
2211.0,2212.0,0.004731624145035212
2211.0,2311.0,0.005089197336512653
2212.0,2312.0,0.0038386842394227266
2216.0,2217.0,0.0052448245919238445
2216.0,2316.0,0.004577232788485265
2217.0,2218.0,0.00595842295661718
2217.0,2317.0,0.005212931037337384
2218.0,2219.0,0.005567112379870917
2218.0,2318.0,0.004572766485403844
2219.0,2220.0,0.0058309687608457395
2219.0,2319.0,0.005370597888499501
2220.0,2320.0,0.0026721152089702544
2225.0,2226.0,0.002913556117528307
2225.0,2325.0,0.0033833168533291672
2226.0,2227.0,0.004651739137134265
2226.0,2326.0,0.004658910172996097
2227.0,2228.0,0.006555973916976654
2227.0,2327.0,0.004240689212845919
2228.0,2229.0,0.004822002592274776
2228.0,2328.0,0.003669399133377929
2229.0,2230.0,0.00626102882920331
2229.0,2329.0,0.0037702991923700357
2230.0,2231.0,0.0047471862592468545
2230.0,2330.0,0.0041456253677816714
2231.0,2232.0,0.006275508376221371
2231.0,2331.0,0.004800663467684389
2232.0,2233.0,0.006034032685517666
2232.0,2332.0,0.00409532074446133
2233.0,2234.0,0.004537153928403804
2233.0,2333.0,0.0038993940619044664
2234.0,2334.0,0.003454323974384621
2246.0,2247.0,0.007374702949954151
2246.0,2346.0,0.003551896914325627
2247.0,2248.0,0.005360474312031453
2247.0,2347.0,0.0035682307730856345
2248.0,2249.0,0.00447567514460385
2248.0,2348.0,0.004507846159754073
2249.0,2250.0,0.006444165590667879
2249.0,2349.0,0.004806993668605581
2250.0,2251.0,0.005819600242285045
2250.0,2350.0,0.003825616880976857
2251.0,2252.0,0.005563190927875292
2251.0,2351.0,0.004606328657400749
2252.0,2253.0,0.004805110493008843
2252.0,2352.0,0.004612630704916513
2253.0,2254.0,0.00577219323654756
2253.0,2353.0,0.004633484170687961
2254.0,2255.0,0.006560363746770436
2254.0,2354.0,0.003359640732278757
2255.0,2256.0,0.0056572674649558565
2255.0,2355.0,0.004337768331758726
2256.0,2257.0,0.005774003368550026
2256.0,2356.0,0.004309041755429079
2257.0,2258.0,0.005252808830516833
2257.0,2357.0,0.004342711715042915
2258.0,2259.0,0.005037321158113604
2258.0,2358.0,0.004612163813223949
2259.0,2359.0,0.0027845766141406463
2262.0,2362.0,0.003779632693792594
2278.0,2279.0,0.006226273001560278
2278.0,2378.0,0.006363611733132807
2279.0,2280.0,0.0038792742375383963
2280.0,2281.0,0.006907605050950437
2281.0,2282.0,0.005111151084644036
2281.0,2381.0,0.0045995245015127625
2282.0,2283.0,0.005820527193484057
2282.0,2382.0,0.004746040240032337
2283.0,2284.0,0.00567107372989117
2283.0,2383.0,0.004008560136757125
2284.0,2285.0,0.006516752204127231
2284.0,2384.0,0.0028987527748986423
2285.0,2286.0,0.0047778603715516715
2285.0,2385.0,0.002733158319601522
2286.0,2287.0,0.0055035285844645555
2286.0,2386.0,0.0028489438130601674
2287.0,2288.0,0.0050429189216186455
2287.0,2387.0,0.00424379669753297
2288.0,2289.0,0.006008692307807341
2288.0,2388.0,0.00393238065934938
2289.0,2290.0,0.005754424419533365
2289.0,2389.0,0.0029871893210828837
2290.0,2390.0,0.002139773326778634
2311.0,2312.0,0.006638661034418299
2311.0,2411.0,0.0016470676974516922
2312.0,2313.0,0.002311640648973998
2312.0,2412.0,0.006312754169928239
2313.0,2413.0,0.00389841211264837
2315.0,2316.0,0.004759967226780573
2315.0,2415.0,0.003479744961920862
2316.0,2317.0,0.005942096010664477
2316.0,2416.0,0.004901415095667975
2317.0,2318.0,0.0066910215961426675
2318.0,2319.0,0.004747001685269337
2318.0,2418.0,0.0031851105365403257
2319.0,2320.0,0.004389200072911869
2319.0,2419.0,0.004534541675849141
2320.0,2321.0,0.00808235414033968
2320.0,2420.0,0.004292004109962655
2321.0,2322.0,0.0013205228093456818
2321.0,2421.0,0.003993965133794086
2322.0,2422.0,0.004049949135488586
2325.0,2326.0,0.004914272247243327
2325.0,2425.0,0.0056863445832970655
2326.0,2327.0,0.004210891829523771
2326.0,2426.0,0.003572792885126468
2327.0,2328.0,0.006205147298816067
2327.0,2427.0,0.0034831068387345438
2328.0,2329.0,0.005186944090706855
2328.0,2428.0,0.003907139362754461
2329.0,2330.0,0.00626192014400907
2329.0,2429.0,0.004271604552155839
2330.0,2331.0,0.005712874358842941
2330.0,2430.0,0.00429217465744438
2331.0,2332.0,0.005548501712174172
2331.0,2431.0,0.0036241369082852808
2332.0,2333.0,0.00572630491679115
2332.0,2432.0,0.004894181443306998
2333.0,2334.0,0.005685800003512391
2333.0,2433.0,0.003927524723023434
2334.0,2434.0,0.004946101869153574
2345.0,2346.0,0.006437375049647293
2345.0,2445.0,0.0034983957037462207
2346.0,2347.0,0.004424340965617018
2346.0,2446.0,0.005108488678660177
2347.0,2348.0,0.007342423578085092
2347.0,2447.0,0.005153790255722785
2348.0,2349.0,0.004735094057145062
2348.0,2448.0,0.004364156046703503
2349.0,2350.0,0.005211830266811983
2349.0,2449.0,0.004750599163262483
2350.0,2351.0,0.005966549770171473
2350.0,2450.0,0.003133542305441498
2351.0,2352.0,0.005569835008326243
2351.0,2451.0,0.004478072464801274
2352.0,2353.0,0.004941006076710851
2352.0,2452.0,0.004497669698861584
2353.0,2354.0,0.005904830101693444
2353.0,2453.0,0.004476659705627707
2354.0,2355.0,0.006193081652947255
2354.0,2454.0,0.003514364330852732
2355.0,2356.0,0.0047334288840133335
2355.0,2455.0,0.004590889238478732
2356.0,2357.0,0.006729778270491814
2356.0,2456.0,0.004393781177981576
2357.0,2358.0,0.004411595023347837
2357.0,2457.0,0.0024232323805176066
2358.0,2359.0,0.004865235888417039
2358.0,2458.0,0.0033943678557273415
2362.0,2363.0,0.002911500872410402
2362.0,2462.0,0.003014864721670978
2363.0,2463.0,0.005436427243140837
2378.0,2478.0,0.002655564439054878
2381.0,2382.0,0.00522447061910899
2381.0,2481.0,0.0036518931556075536
2382.0,2383.0,0.006116865538814092
2382.0,2482.0,0.0038777228395055507
2383.0,2384.0,0.005198632382657193
2383.0,2483.0,0.0030550314973825923
2384.0,2385.0,0.005360474577869879
2385.0,2386.0,0.005214493350274307
2386.0,2387.0,0.005987851743320625
2386.0,2486.0,0.004282145735494818
2387.0,2388.0,0.005135592885930046
2387.0,2487.0,0.005160412456385461
2388.0,2389.0,0.006292405867387994
2388.0,2488.0,0.004071391610984504
2389.0,2390.0,0.005155346588745232
2389.0,2489.0,0.004731881077332443
2390.0,2391.0,0.006079910276475412
2390.0,2490.0,0.004766149802511364
2391.0,2392.0,0.005930490213291098
2391.0,2491.0,0.004285388414138196
2392.0,2393.0,0.0029202866246377957
2392.0,2492.0,0.004276111551392305
2393.0,2493.0,0.004798917095552905
2410.0,2411.0,0.004710485737160738
2410.0,2510.0,0.001887082022594244
2411.0,2412.0,0.0060271928988642086
2411.0,2511.0,0.005919317995342181
2412.0,2413.0,0.005456851033333273
2412.0,2512.0,0.0012424348071452484
2415.0,2416.0,0.004600440146328323
2415.0,2515.0,0.003892224177772272
2416.0,2516.0,0.0038749256573519537
2418.0,2419.0,0.007591970126382989
2418.0,2518.0,0.006566131108197398
2419.0,2420.0,0.004806914645591517
2419.0,2519.0,0.00468551750929866
2420.0,2421.0,0.004210032066390727
2420.0,2520.0,0.004480266175130559
2421.0,2422.0,0.005924951054656124
2421.0,2521.0,0.004451108850613282
2422.0,2423.0,0.005106037210983379
2422.0,2522.0,0.003776559773126137
2423.0,2424.0,0.005545262843179829
2423.0,2523.0,0.0038426931441376834
2424.0,2425.0,0.0064625892643797285
2424.0,2524.0,0.0041853040510763636
2425.0,2426.0,0.005624952444244196
2425.0,2525.0,0.0038273253350082767
2426.0,2427.0,0.005342766104744465
2426.0,2526.0,0.004337822960885801
2427.0,2428.0,0.004900436067325629
2427.0,2527.0,0.004876215997063869
2428.0,2429.0,0.005569537938643035
2428.0,2528.0,0.004507101997960405
2429.0,2430.0,0.006119731174662577
2429.0,2529.0,0.0044147322059247505
2430.0,2431.0,0.005200860917186424
2430.0,2530.0,0.003914848911514762
2431.0,2432.0,0.0055026674876789815
2431.0,2531.0,0.0047786270266692655
2432.0,2433.0,0.006177344838201696
2432.0,2532.0,0.0031557130493690883
2433.0,2434.0,0.005157924924812797
2433.0,2533.0,0.004105613124739728
2434.0,2435.0,0.005163656356694573
2434.0,2534.0,0.0027489496648705806
2435.0,2436.0,0.003685357285259778
2435.0,2535.0,0.00232172021785812
2444.0,2445.0,0.005133834513308011
2444.0,2544.0,0.0037043370527019433
2445.0,2446.0,0.0064759371067062
2445.0,2545.0,0.003644067075398491
2446.0,2447.0,0.005529633351312806
2446.0,2546.0,0.003063045706479291
2447.0,2448.0,0.0049891053306201465
2447.0,2547.0,0.00411763354367557
2448.0,2449.0,0.005653295798030865
2448.0,2548.0,0.004157180775478204
2449.0,2450.0,0.005889432502369456
2449.0,2549.0,0.002361780806934284
2450.0,2451.0,0.0056153801028893694
2450.0,2550.0,0.005388250447038918
2451.0,2452.0,0.005709972940398607
2451.0,2551.0,0.004822082458852536
2452.0,2453.0,0.004800117774589566
2452.0,2552.0,0.00413770629454959
2453.0,2454.0,0.00628973346653849
2453.0,2553.0,0.0025360484478820894
2454.0,2455.0,0.005043104810523368
2454.0,2554.0,0.004793800767659399
2455.0,2456.0,0.005763743995015047
2455.0,2555.0,0.004750725102551563
2456.0,2457.0,0.00617404211517587
2456.0,2556.0,0.004984749305627653
2457.0,2458.0,0.005904328327591712
2457.0,2557.0,0.004956426859145553
2458.0,2558.0,0.005638526149625662
2461.0,2462.0,0.0020661056894618864
2461.0,2561.0,0.005172045109048073
2462.0,2463.0,0.0060901778832708415
2462.0,2562.0,0.006147975085337517
2463.0,2563.0,0.00598164257876136
2477.0,2478.0,0.004802664386577451
2477.0,2577.0,0.0037422003714449466
2478.0,2578.0,0.0036035628772149216
2481.0,2482.0,0.004925083862233096
2482.0,2483.0,0.0038970271297450033
2486.0,2487.0,0.0067577568615663905
2487.0,2488.0,0.004941557108843803
2487.0,2587.0,0.0028627967322173596
2488.0,2489.0,0.005535956164930549
2488.0,2588.0,0.004909553896233581
2489.0,2490.0,0.0052595058703281345
2489.0,2589.0,0.00350143127877485
2490.0,2491.0,0.005551058494547514
2490.0,2590.0,0.004234832589376642
2491.0,2492.0,0.005732429276501091
2491.0,2591.0,0.004675244695202603
2492.0,2493.0,0.0035070720836618274
2492.0,2592.0,0.0036964861828539092
2493.0,2593.0,0.0037144854663921367
2510.0,2511.0,0.006786751055546647
2511.0,2512.0,0.003747364260392346
2512.0,2612.0,0.00581089998192868
2514.0,2515.0,0.0038645673625891407
2515.0,2516.0,0.006143329667212607
2515.0,2615.0,0.005709240199011697
2516.0,2517.0,0.003494132168360105
2516.0,2616.0,0.0032709135726860105
2517.0,2518.0,0.00581984968878117
2517.0,2617.0,0.0045698630449981055
2518.0,2519.0,0.007709206345669607
2518.0,2618.0,0.0032906035920528655
2519.0,2520.0,0.005972440077548033
2519.0,2619.0,0.003786706402671257
2520.0,2521.0,0.004528705885800459
2520.0,2620.0,0.003636061574008009
2521.0,2522.0,0.006353727246272684
2521.0,2621.0,0.004234299349359542
2522.0,2523.0,0.005062644147081343
2522.0,2622.0,0.003915382363192329
2523.0,2524.0,0.004853456438455981
2523.0,2623.0,0.004186399389688739
2524.0,2525.0,0.006521604282690493
2524.0,2624.0,0.004500272547303363
2525.0,2526.0,0.00540731334582116
2525.0,2625.0,0.004294994650752299
2526.0,2527.0,0.005669236654094863
2527.0,2528.0,0.004798659731621965
2527.0,2627.0,0.004200375560584284
2528.0,2529.0,0.006346420819644364
2528.0,2628.0,0.004331782285622145
2529.0,2530.0,0.005947312838591336
2529.0,2629.0,0.0039653407671940465
2530.0,2531.0,0.0037227168815213165
2530.0,2630.0,0.003787458547628506
2531.0,2532.0,0.006465515562593773
2531.0,2631.0,0.0043458676521477705
2532.0,2533.0,0.005749717875677812
2532.0,2632.0,0.004990270779228307
2533.0,2534.0,0.006553138182578796
2533.0,2633.0,0.003952824792474813
2534.0,2535.0,0.0049518514880864985
2534.0,2634.0,0.005490913403062512
2535.0,2635.0,0.004576396146534787
2540.0,2541.0,0.005422005319997607
2541.0,2542.0,0.005907552326466586
2541.0,2641.0,0.004891482602436005
2542.0,2543.0,0.005082218186969682
2542.0,2642.0,0.004186378173317074
2543.0,2544.0,0.004985048545405444
2543.0,2643.0,0.00505553132717195
2544.0,2545.0,0.006374993780380995
2544.0,2644.0,0.004492862116732612
2545.0,2546.0,0.005834020063400183
2545.0,2645.0,0.004024231864598723
2546.0,2547.0,0.005366599109296996
2546.0,2646.0,0.005095725463567415
2547.0,2548.0,0.004813828621797194
2547.0,2647.0,0.0035863120332741477
2548.0,2549.0,0.005943405084632242
2548.0,2648.0,0.0033345334006439215
2549.0,2550.0,0.005977467050517007
2549.0,2649.0,0.0046990767646420606
2550.0,2551.0,0.005802926759823787
2550.0,2650.0,0.0040977514724534
2551.0,2552.0,0.005805099830328662
2551.0,2651.0,0.004676301555718612
2552.0,2553.0,0.005206900239100897
2552.0,2652.0,0.0031897949777416417
2553.0,2554.0,0.0059808942015429105
2553.0,2653.0,0.005368942117403807
2554.0,2555.0,0.004782407641549631
2554.0,2654.0,0.004866119176510967
2555.0,2556.0,0.005775682210786875
2555.0,2655.0,0.002484322845367989
2556.0,2557.0,0.005827481498036106
2556.0,2656.0,0.0030931342583247062
2557.0,2558.0,0.00633669857654717
2557.0,2657.0,0.0052258823762068324
2558.0,2658.0,0.002587415919405023
2560.0,2561.0,0.004932751853682581
2560.0,2660.0,0.003486097015286007
2561.0,2562.0,0.00435523848715705
2561.0,2661.0,0.003846544683217129
2562.0,2563.0,0.005223405180537459
2562.0,2662.0,0.003548325871450323
2563.0,2663.0,0.0027699144391084974
2577.0,2578.0,0.002698708320663766
2577.0,2677.0,0.002112067084634451
2578.0,2579.0,0.003915912670114242
2578.0,2678.0,0.004117937708361826
2579.0,2679.0,0.0024529990154871
2587.0,2588.0,0.0062624071066954695
2587.0,2687.0,0.004226236667534607
2588.0,2589.0,0.005277767785726873
2588.0,2688.0,0.0035625726546947207
2589.0,2590.0,0.0055314136005129915
2589.0,2689.0,0.005005526725527097
2590.0,2591.0,0.006075062492685274
2590.0,2690.0,0.0039460735826901865
2591.0,2592.0,0.005110579267562817
2591.0,2691.0,0.0042973566631079934
2592.0,2593.0,0.002721001481062764
2592.0,2692.0,0.003534038553839029
2612.0,2613.0,0.003590324755507866
2612.0,2712.0,0.005796181960569202
2613.0,2713.0,0.003580043610072606
2615.0,2616.0,0.00510546678080513
2615.0,2715.0,0.0023593126117584843
2616.0,2617.0,0.006104497155387864
2616.0,2716.0,0.0057127124599497345
2617.0,2618.0,0.005426780210213643
2617.0,2717.0,0.004386140915425577
2618.0,2619.0,0.0056352929382609985
2618.0,2718.0,0.003893289706662949
2619.0,2620.0,0.006274054874638788
2619.0,2719.0,0.003557421889509032
2620.0,2621.0,0.005043719854429909
2620.0,2720.0,0.0043666136043894015
2621.0,2622.0,0.005583212019075004
2621.0,2721.0,0.003921489660829201
2622.0,2623.0,0.005341363451410862
2622.0,2722.0,0.00470057790596585
2623.0,2624.0,0.0067804365294612525
2623.0,2723.0,0.0036088120995725298
2624.0,2625.0,0.004155898474458587
2624.0,2724.0,0.003976210507506395
2625.0,2725.0,0.004642836483230995
2627.0,2628.0,0.004982416032410082
2627.0,2727.0,0.0045573683601374555
2628.0,2629.0,0.005423596777961397
2628.0,2728.0,0.0029416937043140854
2629.0,2630.0,0.00557322879936739
2629.0,2729.0,0.004003201343926614
2630.0,2631.0,0.0060187869209599445
2630.0,2730.0,0.004513924262766566
2631.0,2632.0,0.004470202797412868
2631.0,2731.0,0.0030237304774052135
2632.0,2633.0,0.006241832102844528
2632.0,2732.0,0.0033383313196853766
2633.0,2634.0,0.005534380272433387
2633.0,2733.0,0.00489021635512799
2634.0,2635.0,0.005908173850692431
2634.0,2734.0,0.003664498778825671
2635.0,2735.0,0.004539022940009297
2639.0,2739.0,0.004244547111293734
2641.0,2642.0,0.007505780573002577
2641.0,2741.0,0.003862260656661738
2642.0,2643.0,0.003625215873566576
2643.0,2644.0,0.005546332121326751
2643.0,2743.0,0.002574711051748146
2644.0,2645.0,0.006302314892169734
2644.0,2744.0,0.004691976014432436
2645.0,2646.0,0.004548808415397405
2645.0,2745.0,0.003614292738557821
2646.0,2647.0,0.006222811743888427
2646.0,2746.0,0.003455983796256009
2647.0,2648.0,0.005119770014375915
2647.0,2747.0,0.004285148888895833
2648.0,2649.0,0.005589037684609391
2648.0,2748.0,0.005009807680935794
2649.0,2650.0,0.005743710345239192
2649.0,2749.0,0.004839558791868287
2650.0,2651.0,0.00505276855693159
2650.0,2750.0,0.0040432630250776605
2651.0,2652.0,0.006266150413132014
2651.0,2751.0,0.002694993320960103
2652.0,2653.0,0.005721023195198165
2652.0,2752.0,0.004803150320365251
2653.0,2654.0,0.005087759806633481
2653.0,2753.0,0.004318427173174767
2654.0,2655.0,0.006473034575073479
2654.0,2754.0,0.002390497492157699
2655.0,2656.0,0.004881051847706997
2655.0,2755.0,0.004725754040361405
2656.0,2657.0,0.005569095504647975
2656.0,2756.0,0.0037517967348993956
2657.0,2658.0,0.006646126164924867
2657.0,2757.0,0.0030312579896814153
2658.0,2659.0,0.005489910306179002
2658.0,2758.0,0.005203320574398855
2659.0,2660.0,0.00423091537141522
2659.0,2759.0,0.0039468976335856045
2660.0,2661.0,0.007295497409351102
2660.0,2760.0,0.004168791830973545
2661.0,2662.0,0.004865605089817844
2661.0,2761.0,0.0033845635833896844
2662.0,2663.0,0.006012979734706698
2662.0,2762.0,0.0038855096049287352
2663.0,2664.0,0.004341562028815303
2663.0,2763.0,0.004840087860769768
2664.0,2764.0,0.0034561160541815394
2677.0,2678.0,0.0036605588699057745
2678.0,2679.0,0.0033723843256678963
2678.0,2778.0,0.004737329970568917
2687.0,2688.0,0.004682857495159685
2687.0,2787.0,0.004323063872997682
2688.0,2689.0,0.006251203253772939
2688.0,2788.0,0.0030745618094326806
2689.0,2690.0,0.005197841115320075
2689.0,2789.0,0.0020013256331707545
2690.0,2691.0,0.005031360955048437
2690.0,2790.0,0.0025273290604874207
2691.0,2692.0,0.0044894173341224475
2691.0,2791.0,0.0026732473304964745
2711.0,2712.0,0.001424077220511133
2712.0,2713.0,0.007928403143139145
2712.0,2812.0,0.007575989351891996
2713.0,2813.0,0.003750682824499133
2715.0,2716.0,0.007370277131831203
2715.0,2815.0,0.005161503986241072
2716.0,2717.0,0.004960946911617969
2716.0,2816.0,0.003257221616655284
2717.0,2718.0,0.004228513805121745
2717.0,2817.0,0.0036296598421895238
2718.0,2719.0,0.006578830894610966
2718.0,2818.0,0.004621647957162403
2719.0,2720.0,0.005805912331405678
2719.0,2819.0,0.005013807468384037
2720.0,2721.0,0.004863657942335366
2720.0,2820.0,0.004129527339776664
2721.0,2722.0,0.005839433309830861
2721.0,2821.0,0.0035126388057960473
2722.0,2723.0,0.005564554215756039
2722.0,2822.0,0.004027233790082694
2723.0,2724.0,0.005709577884565215
2723.0,2823.0,0.004460350123024229
2724.0,2725.0,0.005990785606255208
2724.0,2824.0,0.004383069700567182
2725.0,2726.0,0.005522323686636116
2725.0,2825.0,0.004210426033073028
2726.0,2727.0,0.00486410025596006
2726.0,2826.0,0.0025713005755820598
2727.0,2728.0,0.005889370514740533
2727.0,2827.0,0.003930140538202814
2728.0,2729.0,0.006161971379360767
2728.0,2828.0,0.005705364095302345
2729.0,2730.0,0.005061178222507823
2729.0,2829.0,0.004505000998891764
2730.0,2731.0,0.006973870263338083
2730.0,2830.0,0.004565055202291403
2731.0,2732.0,0.004120792890936529
2731.0,2831.0,0.005940688718494794
2732.0,2733.0,0.005758637686132687
2732.0,2832.0,0.0050532702609351185
2733.0,2734.0,0.005950898091884011
2733.0,2833.0,0.004135411104114321
2734.0,2735.0,0.0033995572064586376
2734.0,2834.0,0.004288666517696689
2738.0,2739.0,0.002929348093007282
2738.0,2838.0,0.00352068551563271
2739.0,2740.0,0.005394679869079567
2739.0,2839.0,0.004124222041785184
2740.0,2741.0,0.004314172685471465
2740.0,2840.0,0.0035808768940050043
2741.0,2841.0,0.003946849987016923
2743.0,2744.0,0.005393524035358866
2743.0,2843.0,0.006138438319309147
2744.0,2745.0,0.006508129003024225
2744.0,2844.0,0.0035629358007102092
2745.0,2746.0,0.004797330299240733
2745.0,2845.0,0.005875064680496655
2746.0,2747.0,0.006615365825097342
2746.0,2846.0,0.004379785497028547
2747.0,2748.0,0.0039594111936035155
2747.0,2847.0,0.005208208645974077
2748.0,2749.0,0.00720694476875899
2748.0,2848.0,0.004236813189182979
2749.0,2750.0,0.00463631100121774
2749.0,2849.0,0.0029369065443057628
2750.0,2751.0,0.005317180079701598
2750.0,2850.0,0.00380004203266634
2751.0,2752.0,0.005706330607320785
2751.0,2851.0,0.005178158379186366
2752.0,2753.0,0.005736620124251424
2752.0,2852.0,0.004202720457033064
2753.0,2754.0,0.005901174940645663
2753.0,2853.0,0.0028024460476473475
2754.0,2755.0,0.005669999128738329
2754.0,2854.0,0.005258333934811471
2755.0,2756.0,0.005777154684629222
2755.0,2855.0,0.0052967960362846215
2756.0,2757.0,0.004729559176073806
2756.0,2856.0,0.00561204713094897
2757.0,2758.0,0.005486786400063638
2757.0,2857.0,0.003680125677199197
2758.0,2759.0,0.00585406997738063
2758.0,2858.0,0.0041569050987538365
2759.0,2760.0,0.006161170203783419
2759.0,2859.0,0.004480514401272129
2760.0,2761.0,0.006110297077063292
2760.0,2860.0,0.004988076978156422
2761.0,2762.0,0.004354730238493048
2761.0,2861.0,0.004266137064136293
2762.0,2763.0,0.006503542919047672
2762.0,2862.0,0.003991044076432817
2763.0,2764.0,0.005071936672519408
2763.0,2863.0,0.004356605616763319
2764.0,2864.0,0.005567915025399977
2778.0,2878.0,0.0026972599448327667
2787.0,2788.0,0.006342540756671266
2788.0,2789.0,0.004815207585347639
2789.0,2790.0,0.005691819386630839
2790.0,2791.0,0.005745321854341731
2812.0,2813.0,0.005248342287812466
2813.0,2814.0,0.003924413446611477
2814.0,2815.0,0.008378287894322604
2815.0,2816.0,0.004815200741395552
2815.0,2915.0,0.004417885880151229
2816.0,2817.0,0.0060954739971591015
2816.0,2916.0,0.004465092771718148
2817.0,2818.0,0.004329139583106625
2817.0,2917.0,0.00398722052186348
2818.0,2819.0,0.00595077452522045
2818.0,2918.0,0.0040661226358829515
2819.0,2820.0,0.005522573966912912
2819.0,2919.0,0.0038614151304902046
2820.0,2821.0,0.005437218778924507
2820.0,2920.0,0.004315688850003438
2821.0,2822.0,0.005138395858631555
2821.0,2921.0,0.004985281737279072
2822.0,2823.0,0.006063857930405485
2822.0,2922.0,0.004235946765479574
2823.0,2824.0,0.00542544459006395
2823.0,2923.0,0.004633816888913206
2824.0,2825.0,0.005214862429646315
2824.0,2924.0,0.00327157065642359
2825.0,2826.0,0.007552643993318451
2825.0,2925.0,0.005321197737345959
2826.0,2827.0,0.00464565005139931
2826.0,2926.0,0.0057575335908739205
2827.0,2828.0,0.005330060101915771
2827.0,2927.0,0.002919553926546801
2828.0,2829.0,0.006435555213028419
2828.0,2928.0,0.00421808364662889
2829.0,2830.0,0.005405165862396857
2829.0,2929.0,0.0042993157641631535
2830.0,2831.0,0.005703095475262917
2830.0,2930.0,0.0035038507388331116
2831.0,2832.0,0.005339796337872372
2831.0,2931.0,0.003356065702571574
2832.0,2833.0,0.005520147346770912
2832.0,2932.0,0.0035892881648026467
2833.0,2834.0,0.00511209438489502
2833.0,2933.0,0.0032475013471843918
2838.0,2839.0,0.0031314751028969916
2838.0,2938.0,0.003963559132898895
2839.0,2840.0,0.005216554085790096
2839.0,2939.0,0.004001457859333508
2840.0,2841.0,0.005215272929580425
2840.0,2940.0,0.00416213259399619
2841.0,2842.0,0.006937227141302575
2841.0,2941.0,0.0038355487025973265
2842.0,2843.0,0.004010786133663851
2842.0,2942.0,0.004464043862914207
2843.0,2844.0,0.0062283806081428
2843.0,2943.0,0.0035691546618250546
2844.0,2845.0,0.004615201945745573
2844.0,2944.0,0.00423708638099685
2845.0,2846.0,0.007086684415153899
2845.0,2945.0,0.0036613769267883605
2846.0,2847.0,0.004081784768950478
2846.0,2946.0,0.0037211678274469496
2847.0,2848.0,0.006656973283704717
2847.0,2947.0,0.00433000306004378
2848.0,2849.0,0.006301687270095776
2848.0,2948.0,0.0036128617465912174
2849.0,2850.0,0.005261967968349154
2849.0,2949.0,0.0057179420301382644
2850.0,2851.0,0.005090992910032274
2850.0,2950.0,0.004541216964647842
2851.0,2852.0,0.005763506408436843
2851.0,2951.0,0.002454581169981024
2852.0,2853.0,0.005989772670135078
2852.0,2952.0,0.003484057267038323
2853.0,2854.0,0.0050973045818320665
2853.0,2953.0,0.004867848305981223
2854.0,2855.0,0.005667684271376913
2854.0,2954.0,0.004889133134827433
2855.0,2856.0,0.005824967124369958
2855.0,2955.0,0.0024442455543596986
2856.0,2857.0,0.006121601097754953
2856.0,2956.0,0.002903921669050864
2857.0,2858.0,0.004930999898612822
2857.0,2957.0,0.0051429623029888944
2858.0,2859.0,0.005910022842588862
2858.0,2958.0,0.0042143839407427774
2859.0,2860.0,0.004821280431587653
2859.0,2959.0,0.004776034338228601
2860.0,2861.0,0.006862225440769188
2860.0,2960.0,0.0024907329443344126
2861.0,2862.0,0.00397123567923089
2861.0,2961.0,0.004976649173891461
2862.0,2863.0,0.006184139392031672
2862.0,2962.0,0.004617923006073373
2863.0,2864.0,0.004593050759567042
2863.0,2963.0,0.003056684641896995
2915.0,2916.0,0.006845439291243416
2915.0,3015.0,0.0038217815858510203
2916.0,2917.0,0.00570369085065596
2916.0,3016.0,0.004639494976826167
2917.0,2918.0,0.004294652946406974
2917.0,3017.0,0.004484029852710181
2918.0,2919.0,0.005179490056946013
2918.0,3018.0,0.003989162925974855
2919.0,2920.0,0.005437607277094898
2919.0,3019.0,0.004007053965200121
2920.0,2921.0,0.005514444305644645
2920.0,3020.0,0.0037855664041195887
2921.0,2922.0,0.006390291464396007
2921.0,3021.0,0.004316473676508259
2922.0,2923.0,0.00520759231892038
2922.0,3022.0,0.004072737684898941
2923.0,2924.0,0.0051885629031534165
2923.0,3023.0,0.00380371314507882
2924.0,2925.0,0.007844540175173319
2924.0,3024.0,0.005162615310093778
2925.0,2926.0,0.004570523164813445
2925.0,3025.0,0.0032621650785971635
2926.0,2927.0,0.005671040602914525
2926.0,3026.0,0.0033384502392597324
2927.0,2928.0,0.007278525458497242
2927.0,3027.0,0.0049974451392697
2928.0,2929.0,0.002441416975859192
2929.0,2930.0,0.006652557285734478
2929.0,3029.0,0.004146933401922426
2930.0,2931.0,0.005903564770537725
2930.0,3030.0,0.00434757495622852
2931.0,2932.0,0.004852816192686153
2931.0,3031.0,0.004250689687571359
2932.0,2933.0,0.0053167837082232616
2932.0,3032.0,0.00468099700918415
2938.0,2939.0,0.005316032422780956
2938.0,3038.0,0.0041584154013249485
2939.0,2940.0,0.005871892873674239
2939.0,3039.0,0.004287777979326982
2940.0,2941.0,0.004836814535414524
2940.0,3040.0,0.004646272884798706
2941.0,2942.0,0.004165752202185668
2941.0,3041.0,0.0039039362456359168
2942.0,2943.0,0.006093112341003187
2942.0,3042.0,0.004209696544882394
2943.0,2944.0,0.006787757582589103
2943.0,3043.0,0.004285202095582121
2944.0,2945.0,0.004009307795619547
2944.0,3044.0,0.003615812495135063
2945.0,2946.0,0.006740223512612356
2945.0,3045.0,0.004184980406160665
2946.0,2947.0,0.004940417998508705
2946.0,3046.0,0.004316229282601001
2947.0,2948.0,0.006224629225904089
2947.0,3047.0,0.0037454441659145084
2948.0,2949.0,0.004671416676978808
2948.0,3048.0,0.004255258511532617
2949.0,2950.0,0.005836771943465684
2949.0,3049.0,0.0035773955568299703
2950.0,2951.0,0.00617343601327265
2950.0,3050.0,0.0029137995624272813
2951.0,2952.0,0.00605189914324629
2951.0,3051.0,0.004903856059260317
2952.0,2953.0,0.004701390552799428
2952.0,3052.0,0.004868388650263646
2953.0,2954.0,0.006022517629705616
2953.0,3053.0,0.004883816500441451
2954.0,2955.0,0.005488045489960878
2954.0,3054.0,0.0025426905139986637
2955.0,2956.0,0.005738288407717977
2955.0,3055.0,0.00487608984330274
2956.0,2957.0,0.005514698846715837
2956.0,3056.0,0.004649550296529758
2957.0,2958.0,0.005280961242990255
2957.0,3057.0,0.004048764138600436
2958.0,2959.0,0.005834553796141949
2958.0,3058.0,0.003383844706840733
2959.0,2960.0,0.006334535215772374
2959.0,3059.0,0.0023731363214079667
2960.0,2961.0,0.005011544887561626
2960.0,3060.0,0.004638547433190801
2961.0,2962.0,0.006617271133174342
2961.0,3061.0,0.003771481300493551
2962.0,2963.0,0.005032885431841883
2962.0,3062.0,0.004246458798804683
2963.0,3063.0,0.005908672387259731
3013.0,3014.0,0.004157481018591331
3013.0,3113.0,0.0036021578643911966
3014.0,3015.0,0.007592284363747233
3015.0,3016.0,0.003923993888893638
3015.0,3115.0,0.00499054986950323
3016.0,3017.0,0.005385766578675903
3016.0,3116.0,0.004214753235951922
3017.0,3018.0,0.00651814183644616
3017.0,3117.0,0.004339028050150542
3018.0,3019.0,0.005014708990548728
3018.0,3118.0,0.004313888605423242
3019.0,3020.0,0.005410787988835783
3019.0,3119.0,0.0045513201886882414
3020.0,3021.0,0.005490154824763339
3020.0,3120.0,0.004551434569448552
3021.0,3022.0,0.005901512030827434
3021.0,3121.0,0.0031329015305291336
3022.0,3023.0,0.00521364526603784
3022.0,3122.0,0.004086791176462381
3023.0,3024.0,0.005646331758766325
3023.0,3123.0,0.0036513922892497906
3024.0,3025.0,0.005990989934888527
3024.0,3124.0,0.004006818744343349
3025.0,3026.0,0.005084801372713822
3025.0,3125.0,0.003978633559400928
3026.0,3027.0,0.0055629236917304516
3026.0,3126.0,0.004800000937495831
3027.0,3127.0,0.004161591642622249
3029.0,3030.0,0.005867443821634032
3029.0,3129.0,0.006271102016395861
3030.0,3031.0,0.00482320287983595
3030.0,3130.0,0.004099559903209486
3031.0,3032.0,0.004498999179813692
3031.0,3131.0,0.004548381690223144
3032.0,3132.0,0.004018170215407235
3038.0,3039.0,0.0042332056092196325
3038.0,3138.0,0.003887315747403024
3039.0,3040.0,0.006005345701958936
3039.0,3139.0,0.003933322386995486
3040.0,3041.0,0.005718658059376039
3040.0,3140.0,0.004366128949074619
3041.0,3042.0,0.00514832866083319
3041.0,3141.0,0.005138224304175137
3042.0,3043.0,0.006223023220274065
3042.0,3142.0,0.003823622627819949
3043.0,3044.0,0.006226761758725495
3043.0,3143.0,0.0041881061352358135
3044.0,3045.0,0.004619711679317702
3044.0,3144.0,0.0056568517746187555
3045.0,3046.0,0.005254722259066927
3045.0,3145.0,0.003961931852017227
3046.0,3047.0,0.005550013515301031
3046.0,3146.0,0.00409684816535984
3047.0,3048.0,0.00700223878485366
3047.0,3147.0,0.004215047449317852
3048.0,3049.0,0.003990667738604541
3048.0,3148.0,0.005531476565980651
3049.0,3050.0,0.006426501536609253
3049.0,3149.0,0.004263697410697611
3050.0,3051.0,0.005549129028050797
3050.0,3150.0,0.00469252384117018
3051.0,3052.0,0.0049667301597739934
3051.0,3151.0,0.004901524849478665
3052.0,3053.0,0.005667870821578461
3052.0,3152.0,0.0038430001886541735
3053.0,3054.0,0.0066398376440985315
3053.0,3153.0,0.003653920991207297
3054.0,3055.0,0.004735359847988402
3054.0,3154.0,0.004854799936147381
3055.0,3056.0,0.0057721392923233954
3055.0,3155.0,0.004888686577189031
3056.0,3057.0,0.005359128401153986
3056.0,3156.0,0.004766217474060663
3057.0,3058.0,0.00594221928239219
3057.0,3157.0,0.0031009614638098293
3058.0,3059.0,0.005965096562497973
3058.0,3158.0,0.0035652020980548966
3059.0,3060.0,0.004788038923188684
3059.0,3159.0,0.004631674103390294
3060.0,3061.0,0.0064918019324378745
3060.0,3160.0,0.004682626157404181
3061.0,3062.0,0.0041321076680092975
3061.0,3161.0,0.0033165993004878355
3062.0,3063.0,0.008162232667594853
3062.0,3162.0,0.005640113840165371
3063.0,3163.0,0.003891915387051363
3112.0,3113.0,0.006127849110411864
3112.0,3212.0,0.005008671984664514
3115.0,3116.0,0.005494140151113063
3115.0,3215.0,0.0054737157872903515
3116.0,3117.0,0.005866506764675982
3116.0,3216.0,0.0044765533616887895
3117.0,3118.0,0.00529620604206809
3117.0,3217.0,0.004028554671342998
3118.0,3119.0,0.005159618251373689
3118.0,3218.0,0.0049001532731131996
3119.0,3120.0,0.006336039018188394
3119.0,3219.0,0.0034746742293387356
3120.0,3121.0,0.005245991826154913
3120.0,3220.0,0.003992432226101828
3121.0,3122.0,0.005947910823968342
3121.0,3221.0,0.005178881648577809
3122.0,3123.0,0.005433670605588606
3122.0,3222.0,0.0037044188167648525
3123.0,3124.0,0.005679245077471198
3123.0,3223.0,0.004167655849514718
3124.0,3125.0,0.005791898901919244
3124.0,3224.0,0.003685262390931057
3125.0,3126.0,0.005190279857577963
3125.0,3225.0,0.004211542710215253
3126.0,3127.0,0.0047913822640285155
3126.0,3226.0,0.0038450530555486986
3127.0,3128.0,0.0052910891666974064
3127.0,3227.0,0.004729488767296367
3128.0,3129.0,0.007696036913240964
3128.0,3228.0,0.0029053599725299434
3129.0,3130.0,0.005160396157271583
3129.0,3229.0,0.0029959628869497437
3130.0,3131.0,0.00600342544386297
3130.0,3230.0,0.00421993374355073
3131.0,3132.0,0.005252263932822661
3131.0,3231.0,0.003987091100043452
3132.0,3232.0,0.0044361297377317165
3138.0,3139.0,0.004955290147915798
3138.0,3238.0,0.002794004160697645
3139.0,3140.0,0.0033819189818839373
3139.0,3239.0,0.004454102658226239
3140.0,3141.0,0.00600067037920713
3140.0,3240.0,0.003873892432682741
3141.0,3142.0,0.005997220772996315
3141.0,3241.0,0.003749241656654956
3142.0,3143.0,0.00700640314283364
3142.0,3242.0,0.004183146423451993
3143.0,3144.0,0.003963220029226726
3143.0,3243.0,0.003613907027029662
3144.0,3145.0,0.006555385267085116
3144.0,3244.0,0.0036634325433977867
3145.0,3146.0,0.005897613396114191
3145.0,3245.0,0.003921547143663023
3146.0,3147.0,0.0051556006022535185
3146.0,3246.0,0.0047761003726875155
3147.0,3148.0,0.0039683762422529885
3147.0,3247.0,0.003570404038762605
3148.0,3149.0,0.006844866456684766
3148.0,3248.0,0.004192725247382617
3149.0,3150.0,0.005618168225497741
3149.0,3249.0,0.00348744028335724
3150.0,3151.0,0.0059614796972015036
3150.0,3250.0,0.0050821035998915845
3151.0,3152.0,0.00500287107368252
3151.0,3251.0,0.0036827808799848767
3152.0,3153.0,0.005709188563197283
3152.0,3252.0,0.004296188558475116
3153.0,3154.0,0.005261840196164628
3153.0,3253.0,0.003836710194945357
3154.0,3155.0,0.0057382481647217055
3154.0,3254.0,0.004888332333220675
3155.0,3156.0,0.005841200904784985
3155.0,3255.0,0.003694628984078556
3156.0,3157.0,0.0062847462009225615
3156.0,3256.0,0.0023521506924490086
3157.0,3158.0,0.004786100082520359
3157.0,3257.0,0.005637226639049087
3158.0,3159.0,0.00582725492836195
3158.0,3258.0,0.004761273044051387
3159.0,3160.0,0.005718904877682494
3159.0,3259.0,0.0047056392764459045
3160.0,3161.0,0.00581463578567185
3160.0,3260.0,0.004277375947943734
3161.0,3162.0,0.0057463701803813026
3161.0,3261.0,0.005090327997289015
3162.0,3163.0,0.0050293939366437895
3162.0,3262.0,0.0034335469663330782
3163.0,3164.0,0.00607052100976979
3163.0,3263.0,0.0044753634980833285
3164.0,3165.0,0.005375606861555399
3164.0,3264.0,0.004868954911478312
3165.0,3166.0,0.006275653076768773
3165.0,3265.0,0.003143919401002053
3166.0,3266.0,0.003971024905481951
3215.0,3216.0,0.005951091708258714
3215.0,3315.0,0.003592520608152595
3216.0,3217.0,0.003534883494539057
3216.0,3316.0,0.004932702403349712
3217.0,3218.0,0.006244069628051672
3217.0,3317.0,0.003998952319046477
3218.0,3219.0,0.004800152080927751
3218.0,3318.0,0.003293454109291212
3219.0,3220.0,0.005780538109901942
3219.0,3319.0,0.004772114007434188
3220.0,3221.0,0.0049081326887090646
3220.0,3320.0,0.004620340092456406
3221.0,3222.0,0.006448408557926137
3221.0,3321.0,0.003467563111175547
3222.0,3223.0,0.006197416558534446
3222.0,3322.0,0.004821834609359748
3223.0,3224.0,0.004826074388152968
3223.0,3323.0,0.00476020860887558
3224.0,3225.0,0.006179449813699137
3224.0,3324.0,0.00431484066913246
3225.0,3226.0,0.005651580486908382
3225.0,3325.0,0.004718907712595057
3226.0,3227.0,0.005520173276269748
3226.0,3326.0,0.004435058443810607
3227.0,3228.0,0.004671890837757923
3227.0,3327.0,0.0035961241149336442
3228.0,3229.0,0.005268161474375041
3228.0,3328.0,0.005528800615868031
3229.0,3230.0,0.006422371689646766
3229.0,3329.0,0.004550441469793117
3230.0,3231.0,0.006439734567512701
3230.0,3330.0,0.0038292136268419474
3231.0,3232.0,0.00380732639131221
3231.0,3331.0,0.004597902358683117
3232.0,3332.0,0.004715688205347546
3238.0,3239.0,0.003009696690692909
3239.0,3240.0,0.0059341993133156055
3239.0,3339.0,0.00463825407346828
3240.0,3241.0,0.005028246591003515
3240.0,3340.0,0.004749597366094893
3241.0,3242.0,0.005445089714600774
3241.0,3341.0,0.004062692458211184
3242.0,3243.0,0.007206372527138018
3242.0,3342.0,0.0043330711810391645
3243.0,3244.0,0.004016372119212316
3243.0,3343.0,0.005339200127357198
3244.0,3245.0,0.006783820310130287
3244.0,3344.0,0.004233779635262079
3245.0,3246.0,0.003966560474769918
3245.0,3345.0,0.0053217738584111565
3246.0,3247.0,0.006745213710476029
3246.0,3346.0,0.004190584684745819
3247.0,3248.0,0.0046240304929749745
3247.0,3347.0,0.00419123191913695
3248.0,3249.0,0.006501181961769905
3248.0,3348.0,0.0035713305643683977
3249.0,3250.0,0.005676847831324701
3249.0,3349.0,0.004307859247936981
3250.0,3251.0,0.005720239971358765
3250.0,3350.0,0.004867517791446966
3251.0,3252.0,0.005070714823370621
3251.0,3351.0,0.003628477158529216
3252.0,3253.0,0.006050641666811133
3252.0,3352.0,0.004092556112021675
3253.0,3254.0,0.004821264835078971
3253.0,3353.0,0.0038622471826658417
3254.0,3255.0,0.005347001433512773
3254.0,3354.0,0.004226007572164291
3255.0,3256.0,0.005950960759404638
3255.0,3355.0,0.00353667637337876
3256.0,3257.0,0.005753559330533229
3256.0,3356.0,0.004687526269797676
3257.0,3258.0,0.005869510829708167
3257.0,3357.0,0.0037037110821429545
3258.0,3259.0,0.004865381793861541
3258.0,3358.0,0.004635337743896995
3259.0,3260.0,0.00575246321153057
3259.0,3359.0,0.0040537156005292
3260.0,3261.0,0.007075837900914697
3260.0,3360.0,0.0042198021233232335
3261.0,3262.0,0.00453228419231832
3261.0,3361.0,0.005097203252770017
3262.0,3263.0,0.00472700241591404
3262.0,3362.0,0.0030562226685904416
3263.0,3264.0,0.005958469823705944
3263.0,3363.0,0.0036904820850423648
3264.0,3265.0,0.006121988859831741
3264.0,3364.0,0.0034210013154056516
3265.0,3266.0,0.0033264783209964646
3265.0,3365.0,0.005023077383434125
3266.0,3267.0,0.005233407219955893
3266.0,3366.0,0.005142709645698419
3267.0,3367.0,0.006352381443991614
3315.0,3316.0,0.004068503410350128
3315.0,3415.0,0.0038213003545886667
3316.0,3317.0,0.0062127005504858945
3316.0,3416.0,0.0026561289501788486
3317.0,3318.0,0.005848159206106111
3318.0,3319.0,0.005143257867341717
3319.0,3320.0,0.0057151556837961425
3320.0,3321.0,0.005279159153698244
3320.0,3420.0,0.0018270820069201622
3321.0,3322.0,0.005810412808058188
3321.0,3421.0,0.0044574691025329296
3322.0,3323.0,0.0057006368942339215
3322.0,3422.0,0.003831307870691763
3323.0,3324.0,0.004918334067544924
3324.0,3325.0,0.0060640662925153955
3324.0,3424.0,0.004502516235398423
3325.0,3326.0,0.00556464563112436
3325.0,3425.0,0.003747188812963987
3326.0,3327.0,0.0059752550949776564
3326.0,3426.0,0.004092668958026886
3327.0,3328.0,0.007372306938801333
3327.0,3427.0,0.0027961051929425995
3328.0,3329.0,0.003253983558656216
3328.0,3428.0,0.0036487927112922062
3329.0,3330.0,0.005905354879260756
3329.0,3429.0,0.0035367862884218737
3330.0,3331.0,0.005049214845895013
3330.0,3430.0,0.004883127276658507
3331.0,3332.0,0.006100627115305382
3331.0,3431.0,0.004560219374112622
3332.0,3432.0,0.0031278215869803916
3339.0,3340.0,0.005628091328320588
3339.0,3439.0,0.0035825201255482307
3340.0,3341.0,0.004990173601183067
3340.0,3440.0,0.003990042410799304
3341.0,3342.0,0.005936451496474475
3341.0,3441.0,0.004081359677853405
3342.0,3343.0,0.0049743918884700405
3342.0,3442.0,0.003813953418703085
3343.0,3344.0,0.00678941948917049
3343.0,3443.0,0.004241377724277388
3344.0,3345.0,0.003965564398673523
3344.0,3444.0,0.0035722939408768207
3345.0,3346.0,0.006748083061142731
3345.0,3445.0,0.004194986495806569
3346.0,3347.0,0.006743155122038392
3346.0,3446.0,0.004190584684738817
3347.0,3348.0,0.003969548714911991
3347.0,3447.0,0.005512528457974864
3348.0,3349.0,0.0067508912744896005
3348.0,3448.0,0.004189599145501677
3349.0,3350.0,0.00449797897393279
3349.0,3449.0,0.003920746102465005
3350.0,3351.0,0.006374876959611488
3350.0,3450.0,0.002540122361224367
3351.0,3352.0,0.005744030391629509
3351.0,3451.0,0.00486685228253425
3352.0,3353.0,0.006217405179817636
3352.0,3452.0,0.004509212560967626
3353.0,3354.0,0.0047245507691231585
3353.0,3453.0,0.005228524492631242
3354.0,3355.0,0.005895593042262555
3354.0,3454.0,0.0030844559520269
3355.0,3356.0,0.005772536749122576
3355.0,3455.0,0.004712403948095028
3356.0,3357.0,0.004750045262937864
3356.0,3456.0,0.004712452759440934
3357.0,3358.0,0.005757017630685248
3357.0,3457.0,0.004760913611899907
3358.0,3359.0,0.005849875876465514
3358.0,3458.0,0.004762371427134698
3359.0,3360.0,0.005817735677221754
3359.0,3459.0,0.00419673166642477
3360.0,3361.0,0.00497452676743673
3360.0,3460.0,0.004076880892296312
3361.0,3362.0,0.006518509799020036
3361.0,3461.0,0.0036788401704891237
3362.0,3363.0,0.005487957326738333
3362.0,3462.0,0.005050079702342063
3363.0,3364.0,0.004770263894167874
3363.0,3463.0,0.004890392542524265
3364.0,3365.0,0.00511059135521544
3364.0,3464.0,0.0032277988103290114
3365.0,3366.0,0.0072885044089911165
3365.0,3465.0,0.0036567430864121583
3366.0,3367.0,0.004350749305582286
3366.0,3466.0,0.003949302890384464
3367.0,3467.0,0.001762005959128459
3391.0,3392.0,0.005147634918085601
3392.0,3492.0,0.004707761304484844
3412.0,3413.0,0.006660578390798339
3415.0,3416.0,0.004579233756869076
3420.0,3421.0,0.006748099069367672
3421.0,3422.0,0.003285401558405342
3424.0,3425.0,0.00468591122941063
3425.0,3426.0,0.005620180157262256
3425.0,3525.0,0.003311837334475713
3426.0,3427.0,0.005912999238966331
3426.0,3526.0,0.004117875532358693
3427.0,3428.0,0.005962829613530039
3427.0,3527.0,0.006211387674264673
3428.0,3429.0,0.0048058407172867825
3428.0,3528.0,0.003605248947022341
3429.0,3430.0,0.00626325354748757
3429.0,3529.0,0.003643562130666788
3430.0,3431.0,0.004811323778338413
3430.0,3530.0,0.004426874744109179
3431.0,3432.0,0.0049578756841967666
3431.0,3531.0,0.003104424278347162
3432.0,3532.0,0.004515488600362195
3439.0,3440.0,0.004898198551512906
3440.0,3441.0,0.005248123677086107
3441.0,3442.0,0.006637413939935666
3441.0,3541.0,0.004861113172922978
3442.0,3443.0,0.00474613474103027
3442.0,3542.0,0.005234158041179311
3443.0,3444.0,0.0062315420242454195
3443.0,3543.0,0.003639742552709678
3444.0,3445.0,0.004620036807216199
3444.0,3544.0,0.0041930426577836835
3445.0,3446.0,0.006752095060053304
3445.0,3545.0,0.0035663696527450986
3446.0,3447.0,0.0037785956385931623
3446.0,3546.0,0.0035732576173576184
3447.0,3448.0,0.006956225557008683
3447.0,3547.0,0.003528363270693442
3448.0,3449.0,0.005671794248734381
3448.0,3548.0,0.004603086200580413
3449.0,3450.0,0.005063246314379407
3449.0,3549.0,0.004573263475897521
3450.0,3451.0,0.005650586804924021
3450.0,3550.0,0.004430485526443025
3451.0,3452.0,0.00584287236895379
3451.0,3551.0,0.004121188178187722
3452.0,3453.0,0.005162551958092197
3452.0,3552.0,0.004148686468030378
3453.0,3454.0,0.00615442167226149
3453.0,3553.0,0.003392348006910989
3454.0,3455.0,0.004839884685616323
3454.0,3554.0,0.004205232717697199
3455.0,3456.0,0.005767415547714292
3455.0,3555.0,0.004264036174799976
3456.0,3457.0,0.005692608243150831
3456.0,3556.0,0.003411099882739072
3457.0,3458.0,0.005751253081717481
3457.0,3557.0,0.003243611323818158
3458.0,3459.0,0.005044176390656731
3458.0,3558.0,0.00420161313426634
3459.0,3460.0,0.005834391637512548
3459.0,3559.0,0.004259515770604315
3460.0,3461.0,0.006418493621567939
3460.0,3560.0,0.0038849243969485145
3461.0,3462.0,0.004747089424048275
3461.0,3561.0,0.00433483378342816
3462.0,3463.0,0.004648014737506395
3462.0,3562.0,0.0037237031299456164
3463.0,3464.0,0.006881305905134369
3463.0,3563.0,0.0037760885847612177
3464.0,3465.0,0.0056435892444452644
3464.0,3564.0,0.005291858837876771
3465.0,3466.0,0.004723284027021493
3465.0,3565.0,0.004222933577504197
3466.0,3467.0,0.004640345892278053
3466.0,3566.0,0.004225738515334209
3467.0,3468.0,0.006918840802479778
3467.0,3567.0,0.005844501860729288
3468.0,3568.0,0.0027849077489249894
3483.0,3484.0,0.0037510073660296304
3483.0,3583.0,0.0037012460942247496
3484.0,3584.0,0.0023963164002240877
3525.0,3526.0,0.0043589126362056155
3526.0,3527.0,0.003118883393133961
3527.0,3528.0,0.008704823327909747
3528.0,3529.0,0.0044035080526762865
3529.0,3530.0,0.005614097434132497
3530.0,3531.0,0.005849770080957854
3530.0,3630.0,0.0022186112097383947
3531.0,3532.0,0.005301437422056188
3531.0,3631.0,0.00312845654277062
3541.0,3542.0,0.003403758048095999
3541.0,3641.0,0.005118466958967419
3542.0,3543.0,0.006640164293903437
3542.0,3642.0,0.004184848298329462
3543.0,3544.0,0.0068625018790533145
3543.0,3643.0,0.00415074504758154
3544.0,3545.0,0.003967430166997907
3544.0,3644.0,0.005315954320719791
3545.0,3546.0,0.0067459627185422755
3545.0,3645.0,0.004192894942637789
3546.0,3547.0,0.004020468003852382
3546.0,3646.0,0.002814706023722209
3547.0,3548.0,0.007000781134999178
3548.0,3549.0,0.005447071621513722
3549.0,3550.0,0.005159482092223831
3549.0,3649.0,0.004497587954669134
3550.0,3551.0,0.005704914474378707
3550.0,3650.0,0.003690412287259753
3551.0,3552.0,0.004698806343106317
3551.0,3651.0,0.0037651151270555426
3552.0,3553.0,0.006302850279834725
3552.0,3652.0,0.0034189801183953654
3553.0,3554.0,0.005495242779907503
3553.0,3653.0,0.004061611534841858
3554.0,3555.0,0.005507547448726014
3554.0,3654.0,0.004747351431062808
3555.0,3556.0,0.005882404798209297
3555.0,3655.0,0.003812515652429991
3556.0,3557.0,0.004748338313546891
3556.0,3656.0,0.004693416299456251
3557.0,3558.0,0.0058000913165237675
3557.0,3657.0,0.0048288349982208885
3558.0,3559.0,0.005888945067677733
3558.0,3658.0,0.003906630877111016
3559.0,3560.0,0.005547684815299507
3559.0,3659.0,0.004336211101874522
3560.0,3561.0,0.006462640823223822
3560.0,3660.0,0.00513049337588908
3561.0,3562.0,0.0039530842047672664
3561.0,3661.0,0.0037042850497827633
3562.0,3563.0,0.006747128648543965
3562.0,3662.0,0.0045378132398812936
3563.0,3564.0,0.004720132625255812
3563.0,3663.0,0.004779918095531225
3564.0,3565.0,0.005409831975215455
3564.0,3664.0,0.003631457107005342
3565.0,3566.0,0.004586607678881583
3565.0,3665.0,0.004771292288257011
3566.0,3567.0,0.007913210549453037
3566.0,3666.0,0.0046527650327532226
3567.0,3568.0,0.005375724369803744
3567.0,3667.0,0.002812934837492281
3581.0,3582.0,0.003321652892765003
3582.0,3583.0,0.005778468980628295
3583.0,3584.0,0.005962551281118422
3584.0,3585.0,0.005449280786493811
3584.0,3684.0,0.0038160370490896004
3585.0,3685.0,0.002867637808378907
3630.0,3631.0,0.006460327725435062
3641.0,3642.0,0.0033732167585320038
3642.0,3643.0,0.00671314120364011
3642.0,3742.0,0.003237294989638683
3643.0,3644.0,0.004006778338016796
3643.0,3743.0,0.003571930217680147
3644.0,3645.0,0.006746811472837104
3644.0,3744.0,0.004070240082599074
3645.0,3646.0,0.0055759857424477885
3645.0,3745.0,0.003572097654041255
3646.0,3746.0,0.008147398820482933
3649.0,3650.0,0.005864978678567728
3649.0,3749.0,0.00454409837151874
3650.0,3651.0,0.006097482674832684
3650.0,3750.0,0.004608516821061979
3651.0,3652.0,0.00482027614562633
3652.0,3653.0,0.0049140250162124635
3652.0,3752.0,0.0049126389038912175
3653.0,3654.0,0.006201966773535548
3653.0,3753.0,0.004361987558441231
3654.0,3655.0,0.005450270805190449
3654.0,3754.0,0.004334415300821946
3655.0,3656.0,0.005777764589363953
3655.0,3755.0,0.00531594419176721
3656.0,3657.0,0.0057224537970945715
3656.0,3756.0,0.003788876184302893
3657.0,3658.0,0.005790410321386365
3657.0,3757.0,0.0037140787336787644
3658.0,3659.0,0.00587067633072497
3658.0,3758.0,0.0037072747578221522
3659.0,3660.0,0.004751031442736995
3659.0,3759.0,0.004433593121834968
3660.0,3661.0,0.00646923674015056
3660.0,3760.0,0.0031186279034209224
3661.0,3662.0,0.004865002055492529
3661.0,3761.0,0.004977973410931303
3662.0,3663.0,0.004957129512126449
3662.0,3762.0,0.004916467354715246
3663.0,3664.0,0.007139893144854753
3663.0,3763.0,0.004367855881322007
3664.0,3665.0,0.005222458549382608
3664.0,3764.0,0.004794399036374989
3665.0,3666.0,0.00363435597183879
3665.0,3765.0,0.004111382845222356
3666.0,3667.0,0.00827105387783378
3666.0,3766.0,0.004486523465887478
3667.0,3767.0,0.004896080641701489
3669.0,3670.0,0.004455957339337377
3669.0,3769.0,0.00612545245430548
3670.0,3770.0,0.002637472291798103
3673.0,3674.0,0.004708300000000577
3673.0,3773.0,0.003488469592819069
3674.0,3675.0,0.00675178052441559
3674.0,3774.0,0.003752147078675071
3675.0,3676.0,0.004374681382687423
3675.0,3775.0,0.0051571242470984276
3676.0,3677.0,0.004217987886429954
3676.0,3776.0,0.003299448341763053
3677.0,3777.0,0.002974294201994941
3680.0,3780.0,0.005801037380504228
3684.0,3685.0,0.004127753714782437
3684.0,3784.0,0.004348955862042985
3688.0,3788.0,0.00443090775913748
3693.0,3694.0,0.0066998242939700185
3693.0,3793.0,0.004417609473462012
3694.0,3794.0,0.0034236289883682563
3742.0,3743.0,0.004622823579817019
3743.0,3744.0,0.004884250792085128
3743.0,3843.0,0.004707492041423005
3744.0,3745.0,0.005912611718180714
3744.0,3844.0,0.003772362889486946
3745.0,3746.0,0.0032277495891107183
3745.0,3845.0,0.005398268175995974
3746.0,3846.0,0.004043231657964855
3749.0,3750.0,0.005678190424773983
3749.0,3849.0,0.003946845322530925
3750.0,3850.0,0.004873475320546138
3752.0,3753.0,0.0047127524866059515
3752.0,3852.0,0.005074803468112516
3753.0,3754.0,0.006639242276038218
3753.0,3853.0,0.005498505706105813
3754.0,3755.0,0.00580323918171208
3754.0,3854.0,0.0037042279897383183
3755.0,3756.0,0.005987447202265245
3755.0,3855.0,0.003713713101468043
3756.0,3757.0,0.0047871599095931335
3756.0,3856.0,0.004603303027176674
3757.0,3758.0,0.0057931963543417725
3757.0,3857.0,0.004578517276368979
3758.0,3759.0,0.005794008802210632
3758.0,3858.0,0.004515443973741146
3759.0,3760.0,0.0057032118144031045
3759.0,3859.0,0.003578135510289226
3760.0,3761.0,0.00547029608704812
3760.0,3860.0,0.00516865262906791
3761.0,3762.0,0.005041914236679724
3761.0,3861.0,0.0034117298662130484
3762.0,3763.0,0.007098376663009119
3762.0,3862.0,0.003510026246341503
3763.0,3764.0,0.004869345438556804
3763.0,3863.0,0.003940209385297642
3764.0,3765.0,0.005181040050025274
3764.0,3864.0,0.004028770746767125
3765.0,3766.0,0.006137112026024809
3765.0,3865.0,0.003916793873819919
3766.0,3767.0,0.004125369793130101
3766.0,3866.0,0.005058876754772705
3767.0,3768.0,0.005845811766559828
3767.0,3867.0,0.004210656510563392
3768.0,3769.0,0.0047412076362431535
3768.0,3868.0,0.003981626402611937
3769.0,3770.0,0.0064752077194466535
3769.0,3869.0,0.002821421133041793
3770.0,3771.0,0.004974291930514819
3770.0,3870.0,0.004944484192513238
3771.0,3772.0,0.007788489908188079
3772.0,3773.0,0.00530310344044304
3772.0,3872.0,0.003439663355621997
3773.0,3774.0,0.005618684683274864
3773.0,3873.0,0.0051615152910711734
3774.0,3775.0,0.004792929130494182
3774.0,3874.0,0.003480832878779993
3775.0,3776.0,0.005774213471974986
3775.0,3875.0,0.003475316856057285
3776.0,3777.0,0.003202460593050394
3776.0,3876.0,0.004639571222651615
3777.0,3877.0,0.0056410934560569646
3779.0,3780.0,0.005314315422512496
3779.0,3879.0,0.004522442840990757
3780.0,3880.0,0.0035006305217751238
3782.0,3783.0,0.0035943100547962494
3782.0,3882.0,0.003836202263959547
3783.0,3784.0,0.004699955261495861
3783.0,3883.0,0.004722640719976173
3786.0,3787.0,0.005174410243683833
3786.0,3886.0,0.004988079847999816
3787.0,3788.0,0.0027887182503803713
3787.0,3887.0,0.0038364049121521163
3788.0,3789.0,0.005780032751631931
3788.0,3888.0,0.002812528287862282
3789.0,3790.0,0.008110308739498267
3789.0,3889.0,0.0042227270726359865
3790.0,3791.0,0.004462143986924305
3790.0,3890.0,0.0036171975630330316
3791.0,3792.0,0.0066102997186148005
3791.0,3891.0,0.0044564519037037995
3792.0,3793.0,0.0041551424765013025
3792.0,3892.0,0.0034272862515383434
3793.0,3794.0,0.0048176153852323095
3793.0,3893.0,0.0036700797402740475
3794.0,3795.0,0.006631009123804842
3794.0,3894.0,0.004053947962176861
3795.0,3895.0,0.00482398045705675
3843.0,3844.0,0.006058232030068751
3844.0,3845.0,0.0048920985476550655
3844.0,3944.0,0.004611450831350806
3845.0,3846.0,0.006426388560456118
3845.0,3945.0,0.0032108812559817324
3846.0,3847.0,0.003968315786325007
3846.0,3946.0,0.0036431338295463273
3847.0,3848.0,0.006751462236428467
3847.0,3947.0,0.004192386551832749
3848.0,3849.0,0.005957210717285308
3848.0,3948.0,0.004204644566432546
3849.0,3850.0,0.004619547272188744
3849.0,3949.0,0.0032430319594482517
3850.0,3950.0,0.0061372323998718946
3852.0,3853.0,0.0048060063295859426
3852.0,3952.0,0.004887642136042057
3853.0,3854.0,0.003489135422993353
3853.0,3953.0,0.0036802589582786783
3854.0,3855.0,0.005798816172287193
3854.0,3954.0,0.0045384544726175405
3855.0,3856.0,0.005137559280441679
3855.0,3955.0,0.0037363653461618246
3856.0,3857.0,0.0064327453587043545
3856.0,3956.0,0.004476481605006916
3857.0,3858.0,0.0048205446009760905
3857.0,3957.0,0.003920206072387059
3858.0,3859.0,0.005696319321285233
3858.0,3958.0,0.003914773946222056
3859.0,3860.0,0.005494480187426843
3859.0,3959.0,0.003680015588286448
3860.0,3861.0,0.005650780565551126
3860.0,3960.0,0.0036164446629265404
3861.0,3862.0,0.005755918866688601
3861.0,3961.0,0.004564268287466754
3862.0,3863.0,0.005933964947666773
3862.0,3962.0,0.004135091585444901
3863.0,3864.0,0.005667639555400051
3863.0,3963.0,0.0043154704262720976
3864.0,3865.0,0.005577039998057935
3864.0,3964.0,0.004853968554695286
3865.0,3866.0,0.0037383925489433397
3865.0,3965.0,0.004272408272857591
3866.0,3867.0,0.007798657897358974
3866.0,3966.0,0.00443873236408923
3867.0,3868.0,0.005061126227441672
3867.0,3967.0,0.0053936397923867755
3868.0,3869.0,0.0051729989880018755
3868.0,3968.0,0.003791065825070293
3869.0,3870.0,0.003946111925684865
3869.0,3969.0,0.003825100224832524
3870.0,3970.0,0.004101443260614033
3872.0,3873.0,0.005796440028160411
3872.0,3972.0,0.005137010003881741
3873.0,3874.0,0.00600654636541475
3873.0,3973.0,0.0034853562414802297
3874.0,3875.0,0.004791454594386127
3874.0,3974.0,0.0051678790049623224
3875.0,3876.0,0.005731000013956436
3875.0,3975.0,0.0034767063796061876
3876.0,3877.0,0.006088563740322105
3876.0,3976.0,0.004272677363194103
3877.0,3878.0,0.007161245319773683
3877.0,3977.0,0.0027772211903300133
3878.0,3879.0,0.004071459320685675
3878.0,3978.0,0.006749156940682172
3879.0,3880.0,0.005825034435100614
3879.0,3979.0,0.004501607722803376
3880.0,3881.0,0.004667988835680715
3880.0,3980.0,0.0031470621299931824
3881.0,3882.0,0.008247603945989515
3881.0,3981.0,0.003988436127103041
3882.0,3883.0,0.0025582624748016172
3882.0,3982.0,0.0038629351858355996
3883.0,3983.0,0.0036707082763449356
3885.0,3886.0,0.008066672833326356
3885.0,3985.0,0.006848833218147905
3886.0,3887.0,0.004779038109283793
3886.0,3986.0,0.0032400444456820647
3887.0,3888.0,0.005181865984373267
3887.0,3987.0,0.004045033270566547
3888.0,3889.0,0.006257705573931234
3888.0,3988.0,0.004099979302387414
3889.0,3890.0,0.005433200751859879
3889.0,3989.0,0.003786585983445076
3890.0,3891.0,0.004706356977541229
3890.0,3990.0,0.003700732495060611
3891.0,3892.0,0.006918055568572104
3891.0,3991.0,0.003918428383930429
3892.0,3893.0,0.005179400348498896
3892.0,3992.0,0.00476984151204746
3893.0,3894.0,0.0056945452022156015
3893.0,3993.0,0.004239943973691144
3894.0,3895.0,0.0037787788040485534
3894.0,3994.0,0.004930689026898888
3895.0,3995.0,0.0029856105188039773
3944.0,3945.0,0.0039902834347930365
3945.0,3946.0,0.005457892268088895
3945.0,4045.0,0.006371636271007
3946.0,3947.0,0.004721432447885888
3946.0,4046.0,0.004300415934539137
3947.0,3948.0,0.006670294221395973
3947.0,4047.0,0.0036335222374446643
3948.0,3949.0,0.005538077815456223
3948.0,4048.0,0.004154744877845299
3949.0,3950.0,0.003968657548845592
3949.0,4049.0,0.004663155443468567
3950.0,4050.0,0.0031385687836954744
3952.0,3953.0,0.005458330086214194
3952.0,4052.0,0.003679185579715785
3953.0,3954.0,0.003350524884251558
3953.0,4053.0,0.004397660192646344
3954.0,3955.0,0.005883588020919779
3954.0,4054.0,0.004442084480285327
3955.0,3956.0,0.005074723736324611
3955.0,4055.0,0.0043992810776304955
3956.0,3957.0,0.00551890424088718
3956.0,4056.0,0.0037855521393892204
3957.0,3958.0,0.00689642979011723
3957.0,4057.0,0.004769322930983872
3958.0,3959.0,0.0061350769196479174
3958.0,4058.0,0.004102395179649781
3959.0,3960.0,0.004801601503659293
3959.0,4059.0,0.004849620397517773
3960.0,3961.0,0.005981638571489195
3960.0,4060.0,0.003800523842844298
3961.0,3962.0,0.005861141665243103
3961.0,4061.0,0.0047573476076506445
3962.0,3963.0,0.004850933767851143
3962.0,4062.0,0.0048125110337508825
3963.0,3964.0,0.005583982270741689
3963.0,4063.0,0.004751354333240451
3964.0,3965.0,0.005104243332759047
3964.0,4064.0,0.0032078841936714745
3965.0,3966.0,0.005476058619111441
3965.0,4065.0,0.004569429942565283
3966.0,3967.0,0.006097816364080781
3966.0,4066.0,0.004108376930125476
3967.0,3968.0,0.006387397624223202
3967.0,4067.0,0.004284226372406361
3968.0,3969.0,0.005102285629990835
3968.0,4068.0,0.0042870202530444455
3969.0,3970.0,0.006908286127545723
3969.0,4069.0,0.0048771385514414815
3970.0,3971.0,0.004631315049748882
3970.0,4070.0,0.005053855044414399
3971.0,3972.0,0.004608083230575102
3971.0,4071.0,0.0052099000614235415
3972.0,3973.0,0.006196207005096164
3972.0,4072.0,0.003486303436307069
3973.0,3974.0,0.00559205688454242
3973.0,4073.0,0.004929398214791662
3974.0,3975.0,0.005256315999827658
3974.0,4074.0,0.0039717018946576746
3975.0,3976.0,0.004648253048197294
3975.0,4075.0,0.00425492575846137
3976.0,3977.0,0.008086817105017019
3976.0,4076.0,0.004618968136929283
3977.0,3978.0,0.0036643151065295695
3977.0,4077.0,0.005623240555052009
3978.0,3979.0,0.00849848547095567
3978.0,4078.0,0.0038536664022727667
3979.0,3980.0,0.004407621690883293
3979.0,4079.0,0.004571607416433493
3980.0,3981.0,0.006850639259221307
3980.0,4080.0,0.005496993895755984
3981.0,3982.0,0.007476894981220538
3981.0,4081.0,0.004237846292641902
3982.0,3983.0,0.003880306679881767
3982.0,4082.0,0.004295638328587516
3983.0,3984.0,0.00740667812450903
3983.0,4083.0,0.00429553903136377
3984.0,3985.0,0.003154096582224446
3984.0,4084.0,0.003637048696405561
3985.0,3986.0,0.005458428920478604
3985.0,4085.0,0.002490979124763896
3986.0,3987.0,0.005579630439385105
3986.0,4086.0,0.003473651893904562
3987.0,3988.0,0.005733470711531724
3987.0,4087.0,0.003738652645003024
3988.0,3989.0,0.005398406894628468
3988.0,4088.0,0.004332333747526067
3989.0,3990.0,0.005235160073957342
3989.0,4089.0,0.004762684580152165
3990.0,3991.0,0.006845194664876767
3990.0,4090.0,0.004737494338780326
3991.0,3992.0,0.00543570979724978
3991.0,4091.0,0.003432120104247706
3992.0,3993.0,0.004983798751965641
3992.0,4092.0,0.004266069413401532
3993.0,3994.0,0.006330120456979016
3993.0,4093.0,0.0049354865828999785
3994.0,3995.0,0.002890859086844905
3994.0,4094.0,0.0030582769527989742
3995.0,4095.0,0.0036370658022658237
4043.0,4143.0,0.008057180125210528
4045.0,4046.0,0.00404774168765833
4045.0,4145.0,0.0031906779922121803
4046.0,4047.0,0.004261467657972047
4046.0,4146.0,0.004594105808535971
4047.0,4048.0,0.006720988517328833
4047.0,4147.0,0.004157981222898574
4048.0,4049.0,0.006239799435875832
4048.0,4148.0,0.003567310051008456
4049.0,4050.0,0.003933188284337187
4049.0,4149.0,0.0057401487593950595
4050.0,4150.0,0.004154625552316541
4052.0,4053.0,0.0030414162441316905
4052.0,4152.0,0.003002165884823355
4053.0,4054.0,0.006423874547339478
4053.0,4153.0,0.004429969188381692
4054.0,4055.0,0.004163373431488274
4054.0,4154.0,0.003993225105101118
4055.0,4056.0,0.0055471724328695115
4055.0,4155.0,0.004477740948289584
4056.0,4057.0,0.005651670991830365
4056.0,4156.0,0.004523726340084563
4057.0,4058.0,0.005534137331150867
4057.0,4157.0,0.003630766998854826
4058.0,4059.0,0.005921724748761669
4058.0,4158.0,0.004477598686798152
4059.0,4060.0,0.006048495918819047
4059.0,4159.0,0.004363286490706333
4060.0,4061.0,0.005608581583607217
4060.0,4160.0,0.0042126325118594845
4061.0,4062.0,0.005814979464284448
4061.0,4161.0,0.004296364353725821
4062.0,4063.0,0.004861785763480514
4062.0,4162.0,0.003464461113941639
4063.0,4064.0,0.005999637072352351
4063.0,4163.0,0.004201742733677999
4064.0,4065.0,0.005685100966561813
4064.0,4164.0,0.004462190782567053
4065.0,4066.0,0.005859650928168456
4065.0,4165.0,0.003212591010379752
4066.0,4067.0,0.0042212038567171544
4066.0,4166.0,0.004741693579304311
4067.0,4068.0,0.007318128848966699
4067.0,4167.0,0.003251634973365972
4068.0,4069.0,0.004760594169848393
4068.0,4168.0,0.005036340402512085
4069.0,4070.0,0.005936427242033246
4069.0,4169.0,0.003204032724552801
4070.0,4071.0,0.0065562799337782725
4070.0,4170.0,0.0034478006583914195
4071.0,4072.0,0.004302686121487266
4071.0,4171.0,0.0033906485190868603
4072.0,4073.0,0.005444073724700522
4072.0,4172.0,0.003935948186904343
4073.0,4074.0,0.006039118818165265
4073.0,4173.0,0.0034297527753469888
4074.0,4075.0,0.005705749088426897
4074.0,4174.0,0.003990197936191798
4075.0,4076.0,0.005262228396788311
4075.0,4175.0,0.004599043901725011
4076.0,4077.0,0.005744993765016484
4077.0,4078.0,0.005954966471769661
4077.0,4177.0,0.0032557060370964853
4078.0,4079.0,0.004676348234474135
4078.0,4178.0,0.004012991987285976
4079.0,4080.0,0.005965722880757069
4079.0,4179.0,0.0034800157384722403
4080.0,4081.0,0.0068318470540531355
4080.0,4180.0,0.0034602529170597125
4081.0,4082.0,0.005030446863842993
4081.0,4181.0,0.0043519348019003
4082.0,4083.0,0.004454140367115242
4082.0,4182.0,0.004994806748015701
4083.0,4084.0,0.00616930719692777
4083.0,4183.0,0.004484806582229444
4084.0,4085.0,0.005003109422146488
4084.0,4184.0,0.004717260078692905
4085.0,4086.0,0.006271686296369615
4085.0,4185.0,0.005354302288816174
4086.0,4087.0,0.005058550484077575
4086.0,4186.0,0.004671364040618713
4087.0,4088.0,0.005544128290365345
4087.0,4187.0,0.0037080842762838846
4088.0,4089.0,0.005581766445311053
4088.0,4188.0,0.0037520436697915977
4089.0,4090.0,0.0056706704118652885
4089.0,4189.0,0.004846172676448884
4090.0,4091.0,0.006117065221159203
4090.0,4190.0,0.003989605219821427
4091.0,4092.0,0.005846247874492809
4091.0,4191.0,0.004536274097761974
4092.0,4093.0,0.004841530366529574
4092.0,4192.0,0.004088464324169345
4093.0,4094.0,0.005564355525122024
4093.0,4193.0,0.003499349996785328
4094.0,4095.0,0.0031661430053036605
4094.0,4194.0,0.005482960488640891
4095.0,4195.0,0.006850608747397619
4143.0,4243.0,0.003421807501903464
4145.0,4146.0,0.004385247126435183
4145.0,4245.0,0.004460294440952239
4146.0,4147.0,0.005435140378137818
4146.0,4246.0,0.004365271841476509
4147.0,4148.0,0.006246011527373862
4147.0,4247.0,0.004156853617821597
4148.0,4149.0,0.004549209973163415
4148.0,4248.0,0.004214287778498061
4149.0,4150.0,0.006248680995221399
4149.0,4249.0,0.004094843314467352
4150.0,4151.0,0.003915544296770218
4150.0,4250.0,0.0039011095883156404
4151.0,4152.0,0.009284576734569146
4151.0,4251.0,0.0034491269880912016
4152.0,4153.0,0.0042245732399837305
4152.0,4252.0,0.005021341752962948
4153.0,4154.0,0.004803780516431186
4153.0,4253.0,0.003954306040251622
4154.0,4155.0,0.00561526215326601
4154.0,4254.0,0.004257806225037874
4155.0,4156.0,0.00554686451971654
4155.0,4255.0,0.0035806118192313473
4156.0,4157.0,0.005545175380444339
4156.0,4256.0,0.004425220898443861
4157.0,4158.0,0.005643088959073121
4157.0,4257.0,0.004461408714747168
4158.0,4159.0,0.005547336027318625
4158.0,4258.0,0.003579897344894336
4159.0,4160.0,0.005543178330172976
4159.0,4259.0,0.004476814045724764
4160.0,4161.0,0.0059108782765279295
4160.0,4260.0,0.004480014397299768
4161.0,4162.0,0.006121369291257293
4161.0,4261.0,0.003240641110954265
4162.0,4163.0,0.004752097010805604
4162.0,4262.0,0.004532280838600877
4163.0,4164.0,0.005867500743927291
4163.0,4263.0,0.002668318056377575
4164.0,4165.0,0.005952457726012611
4164.0,4264.0,0.003919250716654863
4165.0,4166.0,0.0054580950889456335
4165.0,4265.0,0.0039255055725369295
4166.0,4167.0,0.0054436599820378686
4166.0,4266.0,0.003921880494097975
4167.0,4168.0,0.0055738429292519105
4167.0,4267.0,0.004192340277218657
4168.0,4169.0,0.00563366523677097
4168.0,4268.0,0.0042024219326463
4169.0,4170.0,0.0055267909567892435
4169.0,4269.0,0.004469854177713977
4170.0,4171.0,0.005804173606124907
4170.0,4270.0,0.005028051603753253
4171.0,4172.0,0.005196152034907728
4171.0,4271.0,0.00397848845920171
4172.0,4173.0,0.0056958686159372645
4172.0,4272.0,0.004085956859784181
4173.0,4174.0,0.005862553884616462
4173.0,4273.0,0.004773019150387761
4174.0,4175.0,0.005012682996167651
4174.0,4274.0,0.004100678873067109
4175.0,4275.0,0.003807199025530005
4177.0,4178.0,0.0052913456521040654
4177.0,4277.0,0.005778919796122914
4178.0,4179.0,0.005560124099331548
4178.0,4278.0,0.0038065469916976043
4179.0,4180.0,0.005970209460313827
4179.0,4279.0,0.006129052492022734
4180.0,4181.0,0.005889209199887682
4180.0,4280.0,0.004467210762874834
4181.0,4182.0,0.0045692215967309885
4181.0,4281.0,0.004071051461228641
4182.0,4183.0,0.00654122266857881
4182.0,4282.0,0.0036117708952807795
4183.0,4184.0,0.005546748052683491
4183.0,4283.0,0.0032845841441529588
4184.0,4185.0,0.0046397769946409685
4184.0,4284.0,0.0031812670510356616
4185.0,4186.0,0.006180763059698487
4185.0,4285.0,0.003575130906697682
4186.0,4187.0,0.005369160083291603
4186.0,4286.0,0.0034955737955338706
4187.0,4188.0,0.006264400450162195
4187.0,4287.0,0.005620385001044013
4188.0,4189.0,0.004836801629174524
4188.0,4288.0,0.004684350904874451
4189.0,4190.0,0.006193311957265348
4189.0,4289.0,0.002816188381484134
4190.0,4191.0,0.005582700000886461
4190.0,4290.0,0.003912089595087065
4191.0,4192.0,0.005442170101167058
4191.0,4291.0,0.004253161424162055
4192.0,4193.0,0.005350439243644915
4192.0,4292.0,0.0043831105039711105
4193.0,4194.0,0.006091207332712011
4193.0,4293.0,0.004456755512700332
4194.0,4195.0,0.002424897923625704
4194.0,4294.0,0.003126310434036922
4195.0,4295.0,0.0036683706928323442
4242.0,4243.0,0.0041472903503288906
4242.0,4342.0,0.004019716568364365
4243.0,4244.0,0.006169876090341238
4243.0,4343.0,0.004577765830618581
4244.0,4245.0,0.005657284666692593
4244.0,4344.0,0.004389203910732528
4245.0,4246.0,0.004284510348916795
4245.0,4345.0,0.0039045269739140503
4246.0,4247.0,0.005910007629427669
4246.0,4346.0,0.003950776993196143
4247.0,4248.0,0.006115216421357338
4247.0,4347.0,0.0038175227176797544
4248.0,4249.0,0.004588441370452498
4248.0,4348.0,0.0043600612702125955
4249.0,4250.0,0.005900681042895819
4249.0,4349.0,0.003889059989244465
4250.0,4251.0,0.005795569226566831
4250.0,4350.0,0.004241692164686692
4251.0,4252.0,0.0065419417912394905
4251.0,4351.0,0.004421701812651565
4252.0,4253.0,0.006446546362199252
4252.0,4352.0,0.004018154627437651
4253.0,4254.0,0.0038649705044190618
4253.0,4353.0,0.004635567387060675
4254.0,4255.0,0.005544122653772063
4254.0,4354.0,0.004171269370352042
4255.0,4256.0,0.00564947404631185
4255.0,4355.0,0.004259707202376006
4256.0,4257.0,0.0055427193795073385
4256.0,4356.0,0.0033820390964625744
4257.0,4258.0,0.005552799268835702
4257.0,4357.0,0.0044255819097616615
4258.0,4259.0,0.005642928672240591
4258.0,4358.0,0.004490981528580185
4259.0,4260.0,0.005556051205672014
4259.0,4359.0,0.003555390555196236
4260.0,4261.0,0.005544763205950284
4260.0,4360.0,0.004312429971604413
4261.0,4262.0,0.005630386392595981
4261.0,4361.0,0.004307583361932934
4262.0,4263.0,0.005487700014583751
4262.0,4362.0,0.003752948095829927
4263.0,4264.0,0.005523658321248496
4263.0,4363.0,0.005473618939059299
4264.0,4265.0,0.005954720564399868
4264.0,4364.0,0.004408776866659558
4265.0,4266.0,0.0054376257879668
4265.0,4365.0,0.004181959349394114
4266.0,4267.0,0.005387935171286874
4266.0,4366.0,0.004732874328566563
4267.0,4268.0,0.005584126547629656
4267.0,4367.0,0.004801187655156458
4268.0,4269.0,0.005551774510010774
4268.0,4368.0,0.0034614883576306915
4269.0,4270.0,0.005702928388124225
4269.0,4369.0,0.003909846463737424
4270.0,4271.0,0.005820179385554995
4270.0,4370.0,0.0045599262208966184
4271.0,4272.0,0.0050242719999941165
4271.0,4371.0,0.003970731374691886
4272.0,4273.0,0.0054978418984202755
4272.0,4372.0,0.004347467991831572
4273.0,4274.0,0.006089975040995977
4273.0,4373.0,0.003807596223344126
4274.0,4275.0,0.005392195881088309
4274.0,4374.0,0.004163612493976086
4275.0,4276.0,0.004609215631754344
4275.0,4375.0,0.004300317804534286
4276.0,4277.0,0.006704323076933806
4276.0,4376.0,0.002855252878471304
4277.0,4278.0,0.005597956502156499
4277.0,4377.0,0.004159552612960424
4278.0,4279.0,0.006013752809186002
4278.0,4378.0,0.004843060801809788
4279.0,4280.0,0.005630303157921071
4279.0,4379.0,0.0030562201573190637
4280.0,4281.0,0.005198857662988698
4280.0,4380.0,0.004108952664613492
4281.0,4282.0,0.005302958136732211
4281.0,4381.0,0.003279802562656643
4282.0,4283.0,0.006294958300100841
4282.0,4382.0,0.0050554977994234284
4283.0,4284.0,0.006840398138272374
4283.0,4383.0,0.005162608836624015
4284.0,4285.0,0.003991626321433113
4284.0,4384.0,0.005247845052028183
4285.0,4286.0,0.005311327928120315
4285.0,4385.0,0.004588283448086435
4286.0,4287.0,0.006742517704823528
4286.0,4386.0,0.005296309213022165
4287.0,4288.0,0.0054734766903769185
4287.0,4387.0,0.0036475669095971082
4288.0,4289.0,0.005540995470130234
4288.0,4388.0,0.0039870226497947065
4289.0,4290.0,0.005081948543614492
4289.0,4389.0,0.00538379833296001
4290.0,4291.0,0.005748909461810392
4290.0,4390.0,0.004238001887683305
4291.0,4292.0,0.005184630845096873
4291.0,4391.0,0.0038711633083623334
4292.0,4293.0,0.0061389893638926375
4292.0,4392.0,0.0034213579175537984
4293.0,4294.0,0.005423372871197518
4293.0,4393.0,0.004587976330582745
4294.0,4295.0,0.003775290787472627
4294.0,4394.0,0.005428459753009173
4295.0,4395.0,0.0038778282788112612
4342.0,4343.0,0.0045920862121743965
4343.0,4344.0,0.005232284491496616
4343.0,4443.0,0.003439971914133234
4344.0,4345.0,0.005642367818568946
4344.0,4444.0,0.003624732246666924
4345.0,4346.0,0.005038969006642925
4345.0,4445.0,0.004339792160921126
4346.0,4347.0,0.0067960094680741155
4346.0,4446.0,0.00428090813846715
4347.0,4348.0,0.005472049387569282
4347.0,4447.0,0.0039635188973975565
4348.0,4349.0,0.006285027819340937
4348.0,4448.0,0.003938481377377532
4349.0,4350.0,0.0034117145674981294
4349.0,4449.0,0.004192958102581604
4350.0,4351.0,0.007199273074413067
4350.0,4450.0,0.004006590820138193
4351.0,4352.0,0.004641488732074227
4351.0,4451.0,0.0035423447333687197
4352.0,4353.0,0.005070407065514468
4352.0,4452.0,0.004297945882622138
4353.0,4354.0,0.005888387229110214
4353.0,4453.0,0.004733803676745531
4354.0,4355.0,0.00605922135673742
4354.0,4454.0,0.004299650329967017
4355.0,4356.0,0.005064558871222565
4355.0,4455.0,0.004514995841633537
4356.0,4357.0,0.006315641963408009
4356.0,4456.0,0.00480645725872593
4357.0,4358.0,0.0057978560390887675
4357.0,4457.0,0.003932575176646253
4358.0,4359.0,0.005139979736344964
4358.0,4458.0,0.004367584213266171
4359.0,4360.0,0.0055547377849842925
4359.0,4459.0,0.0042349776540163645
4360.0,4361.0,0.0055815376528380745
4360.0,4460.0,0.0035930237210438126
4361.0,4362.0,0.005417242326128855
4361.0,4461.0,0.004538943953169559
4362.0,4363.0,0.0046068650956980674
4362.0,4462.0,0.0038495336665646095
4363.0,4364.0,0.00618367924782472
4363.0,4463.0,0.003661048311611974
4364.0,4365.0,0.005741733175626053
4364.0,4464.0,0.0036099173023769783
4365.0,4366.0,0.005403306395163864
4365.0,4465.0,0.005426972346535376
4366.0,4367.0,0.0054126188208607345
4366.0,4466.0,0.0032188322416696674
4367.0,4368.0,0.005899645030851641
4367.0,4467.0,0.004504260039114298
4368.0,4369.0,0.005375510748757592
4368.0,4468.0,0.004368121702747167
4369.0,4370.0,0.005619814399953405
4369.0,4469.0,0.004235114077565777
4370.0,4371.0,0.006018417058506934
4370.0,4470.0,0.003355775274059269
4371.0,4372.0,0.005284989498562041
4371.0,4471.0,0.004461354687760941
4372.0,4373.0,0.005967504671134353
4372.0,4472.0,0.004550901678786698
4373.0,4374.0,0.0048694775900569
4373.0,4473.0,0.0034723330773409403
4374.0,4375.0,0.006359671768254871
4374.0,4474.0,0.0044393068152550254
4375.0,4376.0,0.004917302890817086
4375.0,4475.0,0.0041601989663971875
4376.0,4377.0,0.005507333302062963
4376.0,4476.0,0.004052089105634009
4377.0,4378.0,0.005926742802751561
4377.0,4477.0,0.0043545891126534585
4378.0,4379.0,0.005277182271813041
4378.0,4478.0,0.003987586504389481
4379.0,4380.0,0.006275548183236531
4379.0,4479.0,0.003998210224583828
4380.0,4381.0,0.004892328366942023
4380.0,4480.0,0.0040007279787534775
4381.0,4382.0,0.005150666214186582
4381.0,4481.0,0.004091367674750465
4382.0,4383.0,0.006770837466661092
4382.0,4482.0,0.0040110098479070955
4383.0,4384.0,0.004322005668670123
4383.0,4483.0,0.004148971920848823
4384.0,4385.0,0.006233665454613146
4384.0,4484.0,0.004462113624725945
4385.0,4386.0,0.006970682468743494
4385.0,4485.0,0.00388130390461354
4386.0,4387.0,0.0028745565362279257
4386.0,4486.0,0.00460330056372746
4387.0,4388.0,0.006774083076700837
4387.0,4487.0,0.004959453785451293
4388.0,4389.0,0.005653384264309421
4388.0,4488.0,0.004066351304308585
4389.0,4390.0,0.005554331759090953
4389.0,4489.0,0.0033847306377357707
4390.0,4391.0,0.005863419186784057
4390.0,4490.0,0.004194000119216183
4391.0,4392.0,0.004931249452213381
4391.0,4491.0,0.003947911797388013
4392.0,4393.0,0.005716968165035819
4392.0,4492.0,0.004883801900157724
4393.0,4394.0,0.00624962654404183
4393.0,4493.0,0.0033570954067528025
4394.0,4395.0,0.004686927900021573
4394.0,4494.0,0.003342056492637453
4395.0,4495.0,0.003911730609336195
4443.0,4444.0,0.008653245934908557
4444.0,4445.0,0.005658958082538104
4444.0,4544.0,0.0034597380146508543
4445.0,4446.0,0.004435926647277613
4445.0,4545.0,0.0030805009998369614
4446.0,4447.0,0.007046239281349978
4446.0,4546.0,0.00348785736090579
4447.0,4448.0,0.005639982057590979
4447.0,4547.0,0.005353355931567293
4448.0,4449.0,0.00556731549851832
4448.0,4548.0,0.0040167120334919605
4449.0,4450.0,0.005720217095533808
4449.0,4549.0,0.004120666059024166
4450.0,4451.0,0.005250404625360642
4450.0,4550.0,0.004954694339710019
4451.0,4452.0,0.005092909181402563
4451.0,4551.0,0.004276803915304882
4452.0,4453.0,0.004829415849757607
4452.0,4552.0,0.004171291964132342
4453.0,4454.0,0.005032898056785004
4453.0,4553.0,0.003738937155130549
4454.0,4455.0,0.0070823075335767005
4454.0,4554.0,0.003735406292496149
4455.0,4456.0,0.005809065003073842
4455.0,4555.0,0.003735818116559488
4456.0,4457.0,0.005909721388530811
4456.0,4556.0,0.003727100246845127
4457.0,4458.0,0.0030937742855562987
4457.0,4557.0,0.0044826475491644875
4458.0,4459.0,0.00599095708046534
4458.0,4558.0,0.005160140313014252
4459.0,4460.0,0.006084460479783237
4459.0,4559.0,0.0053421854114218915
4460.0,4461.0,0.0054364695345334975
4460.0,4560.0,0.005397240206812877
4461.0,4462.0,0.005464381117759459
4461.0,4561.0,0.004243860742295159
4462.0,4463.0,0.005916572402996618
4462.0,4562.0,0.004327589744879614
4463.0,4464.0,0.0065931570169463416
4463.0,4563.0,0.004009878053008862
4464.0,4465.0,0.0057664201876012145
4465.0,4466.0,0.0047030889477025425
4465.0,4565.0,0.004699224375364445
4466.0,4467.0,0.005637950336779683
4466.0,4566.0,0.0032773590465484345
4467.0,4468.0,0.005404451498533105
4467.0,4567.0,0.002907350684044912
4468.0,4469.0,0.00632708922411816
4468.0,4568.0,0.003779305359454775
4469.0,4470.0,0.0049398245768416055
4469.0,4569.0,0.0041422050226898295
4470.0,4471.0,0.005374498753379534
4470.0,4570.0,0.003996291886238783
4471.0,4472.0,0.005676561538462838
4471.0,4571.0,0.00448193336853776
4472.0,4473.0,0.006415821014490222
4472.0,4572.0,0.004038138633083405
4473.0,4474.0,0.004496921836099953
4473.0,4573.0,0.005155965055152492
4474.0,4475.0,0.006257769653793507
4474.0,4574.0,0.004181619901428468
4475.0,4476.0,0.005114005029333249
4475.0,4575.0,0.004607114095614503
4476.0,4477.0,0.00546613208768133
4476.0,4576.0,0.0041231822588859105
4477.0,4478.0,0.0062672737294729615
4477.0,4577.0,0.002468970732916701
4478.0,4479.0,0.005269395790790587
4478.0,4578.0,0.004837433610909602
4479.0,4480.0,0.006266466273736175
4479.0,4579.0,0.004441269779018242
4480.0,4481.0,0.005466685152815341
4480.0,4580.0,0.00467072651308119
4481.0,4482.0,0.00463676234025771
4481.0,4581.0,0.005000533456539574
4482.0,4483.0,0.005475967129193017
4482.0,4582.0,0.004419933257418512
4483.0,4484.0,0.006551569659248111
4483.0,4583.0,0.00446675016090758
4484.0,4485.0,0.004980594040880923
4484.0,4584.0,0.004351712881153272
4485.0,4486.0,0.006105511117006429
4485.0,4585.0,0.004222025698640051
4486.0,4487.0,0.004915640980584128
4486.0,4586.0,0.00405526542781459
4487.0,4488.0,0.005465880409417693
4487.0,4587.0,0.003505884391989881
4488.0,4489.0,0.00703659669157535
4488.0,4588.0,0.0047361998712005075
4489.0,4490.0,0.004505420957036224
4489.0,4589.0,0.005144901262409522
4490.0,4491.0,0.0060217897671588794
4490.0,4590.0,0.003753651155878585
4491.0,4492.0,0.005470332074026107
4491.0,4591.0,0.005262781117429452
4492.0,4493.0,0.0063667574298027435
4492.0,4592.0,0.004976561203280103
4493.0,4494.0,0.004134878935343021
4493.0,4593.0,0.0045047553063384494
4494.0,4495.0,0.0054100185082852454
4494.0,4594.0,0.004195010877222325
4495.0,4595.0,0.004186031176422479
4544.0,4545.0,0.00329011465452785
4545.0,4546.0,0.005119128652417247
4545.0,4645.0,0.004314503397841823
4546.0,4547.0,0.0054223846755807855
4546.0,4646.0,0.004815448084030546
4547.0,4548.0,0.0067512696198638355
4547.0,4647.0,0.0036828095823706777
4548.0,4549.0,0.005457542601763005
4548.0,4648.0,0.004935107902571005
4549.0,4550.0,0.005225525069307631
4549.0,4649.0,0.0033132481132583805
4550.0,4551.0,0.005204928914024154
4550.0,4650.0,0.0025544371199945582
4551.0,4552.0,0.006020670099736313
4551.0,4651.0,0.005276091071998486
4552.0,4553.0,0.003951533151829616
4552.0,4652.0,0.00502378096357323
4553.0,4554.0,0.005033019369125264
4553.0,4653.0,0.003987840142228431
4554.0,4555.0,0.007082211276856951
4554.0,4654.0,0.004710749194132173
4555.0,4556.0,0.0058161640589018335
4555.0,4655.0,0.004482236160666603
4556.0,4557.0,0.005793466065318974
4556.0,4656.0,0.004480793824756118
4557.0,4558.0,0.005997083385271127
4557.0,4657.0,0.003735366334111869
4558.0,4559.0,0.006345434090746609
4558.0,4658.0,0.0037350930979016426
4559.0,4560.0,0.004502707404449586
4559.0,4659.0,0.004642939491311173
4560.0,4561.0,0.005202563930401801
4560.0,4660.0,0.003024946586305096
4561.0,4562.0,0.005245937475805676
4561.0,4661.0,0.004279430452763009
4562.0,4563.0,0.004195659662077643
4562.0,4662.0,0.00465927515821873
4563.0,4663.0,0.004206745654306409
4565.0,4566.0,0.004409359685949488
4565.0,4665.0,0.003129840229150491
4566.0,4567.0,0.00803610756025464
4566.0,4666.0,0.006266851845229405
4567.0,4568.0,0.005326754077303699
4567.0,4667.0,0.006038368383920348
4568.0,4569.0,0.0057971014308771385
4568.0,4668.0,0.0029335060933929546
4569.0,4570.0,0.0056536390440270175
4569.0,4669.0,0.004369875055421657
4570.0,4571.0,0.005290989806254238
4570.0,4670.0,0.004851744267784341
4571.0,4572.0,0.005162935928334353
4571.0,4671.0,0.00420670522974772
4572.0,4573.0,0.0058736493272827815
4572.0,4672.0,0.0038302376492833166
4573.0,4574.0,0.004793397902323675
4573.0,4673.0,0.003969316172847588
4574.0,4575.0,0.006042843804865264
4574.0,4674.0,0.00394176825803305
4575.0,4576.0,0.005562124242589511
4575.0,4675.0,0.0033740994724514497
4576.0,4577.0,0.005838149270108966
4576.0,4676.0,0.005151046373311969
4577.0,4578.0,0.005191308538318968
4577.0,4677.0,0.00546801697875906
4578.0,4579.0,0.006100683172390943
4578.0,4678.0,0.0036881144505042287
4579.0,4580.0,0.005874930080444118
4579.0,4679.0,0.004035619413426318
4580.0,4581.0,0.005042725954273453
4580.0,4680.0,0.004502252880501273
4581.0,4582.0,0.004983605888311302
4581.0,4681.0,0.004117119921742215
4582.0,4583.0,0.006197307237828657
4582.0,4682.0,0.003544814381595288
4583.0,4584.0,0.005009343769391857
4583.0,4683.0,0.004383125306221675
4584.0,4585.0,0.0065878570870971116
4584.0,4684.0,0.003599268953552812
4585.0,4586.0,0.005571450860412985
4585.0,4685.0,0.004001850197097336
4586.0,4587.0,0.006470336749352011
4586.0,4686.0,0.0037734624007662947
4587.0,4588.0,0.004418677360937305
4587.0,4687.0,0.0065385151586538435
4588.0,4589.0,0.005422537304613035
4588.0,4688.0,0.0033233360498189724
4589.0,4590.0,0.0060166302861288405
4589.0,4689.0,0.003892629445503981
4590.0,4591.0,0.004229995968089119
4590.0,4690.0,0.004778261608571399
4591.0,4592.0,0.006987781224398594
4591.0,4691.0,0.0038236793393313447
4592.0,4593.0,0.005494865007436316
4592.0,4692.0,0.0028870618230347417
4593.0,4594.0,0.005222124083166317
4593.0,4693.0,0.003774655843913424
4594.0,4595.0,0.004973160062769532
4594.0,4694.0,0.003893331253568218
4595.0,4695.0,0.004326740167843946
4645.0,4646.0,0.0033275251824818625
4645.0,4745.0,0.003346623396797443
4646.0,4647.0,0.0060441276508711485
4646.0,4746.0,0.0037885444236516025
4647.0,4648.0,0.005317036698186865
4647.0,4747.0,0.003971517254148259
4648.0,4649.0,0.006115964332804132
4648.0,4748.0,0.0038489632915935314
4649.0,4650.0,0.005326100262853792
4649.0,4749.0,0.005857962705582771
4650.0,4651.0,0.0058884786660018265
4650.0,4750.0,0.006306038160369513
4651.0,4652.0,0.005806864980342377
4651.0,4751.0,0.004224160498848042
4652.0,4653.0,0.005351794773721918
4652.0,4752.0,0.0036693721588320345
4653.0,4654.0,0.005044875518789703
4653.0,4753.0,0.0038639307706054265
4654.0,4655.0,0.005237063490162309
4654.0,4754.0,0.004033549674907988
4655.0,4656.0,0.005822067668788712
4655.0,4755.0,0.004510854464507404
4656.0,4657.0,0.005895427550224377
4656.0,4756.0,0.004505352199327397
4657.0,4658.0,0.005998483319147536
4657.0,4757.0,0.004482980838680659
4658.0,4659.0,0.0053190941117768845
4658.0,4758.0,0.003946638155441508
4659.0,4660.0,0.005493694028615314
4659.0,4759.0,0.0035073505499163436
4660.0,4661.0,0.006705226096105743
4660.0,4760.0,0.004279374837515209
4661.0,4662.0,0.004459196564403079
4661.0,4761.0,0.0035474403448042735
4662.0,4663.0,0.005242476132517497
4662.0,4762.0,0.00439613462942771
4663.0,4664.0,0.006910028227156007
4663.0,4763.0,0.004516332782249096
4664.0,4665.0,0.006446743602779037
4664.0,4764.0,0.0028230097591087936
4665.0,4666.0,0.004197638651673918
4665.0,4765.0,0.004728680519974686
4666.0,4667.0,0.004264320068899023
4666.0,4766.0,0.005493724977648014
4667.0,4668.0,0.00853729860903713
4668.0,4669.0,0.005302836316537429
4669.0,4670.0,0.005352267743685986
4669.0,4769.0,0.003853290589875768
4670.0,4671.0,0.005088127356883089
4670.0,4770.0,0.003723759927821796
4671.0,4672.0,0.005569892368810656
4671.0,4771.0,0.004155062695075575
4672.0,4673.0,0.0061983012745391655
4672.0,4772.0,0.0040877819437978215
4673.0,4674.0,0.005454326731137707
4673.0,4773.0,0.003956806112253314
4674.0,4675.0,0.005392951418283733
4674.0,4774.0,0.004282137727811379
4675.0,4676.0,0.0056223134028569105
4675.0,4775.0,0.004063473021930833
4676.0,4677.0,0.004963161190212911
4676.0,4776.0,0.003949382989783102
4677.0,4678.0,0.006723934742403338
4677.0,4777.0,0.0034152964161243576
4678.0,4679.0,0.004467032798169261
4678.0,4778.0,0.003392354347651429
4679.0,4680.0,0.005740685150754196
4679.0,4779.0,0.003709601730640724
4680.0,4681.0,0.006171598253280878
4680.0,4780.0,0.003544323760610384
4681.0,4682.0,0.004919935771942014
4681.0,4781.0,0.004246970008139332
4682.0,4683.0,0.005381084337746579
4682.0,4782.0,0.004706497317541909
4683.0,4684.0,0.005214441930832249
4683.0,4783.0,0.0033970380112688433
4684.0,4685.0,0.00627818644196141
4684.0,4784.0,0.004251900516244493
4685.0,4686.0,0.005301494977842702
4685.0,4785.0,0.0038088509514069215
4686.0,4687.0,0.004520859431559829
4686.0,4786.0,0.005176488795504218
4687.0,4688.0,0.007323287985596836
4687.0,4787.0,0.0033088337824648834
4688.0,4689.0,0.005250385863920946
4688.0,4788.0,0.0041829196418235294
4689.0,4690.0,0.005836099039600452
4689.0,4789.0,0.003942390137979746
4690.0,4691.0,0.004807023403312669
4690.0,4790.0,0.004577694288613802
4691.0,4692.0,0.005068198245923097
4691.0,4791.0,0.003758069983380818
4692.0,4693.0,0.00652459925666111
4692.0,4792.0,0.005211466807909114
4693.0,4694.0,0.00527995824319829
4693.0,4793.0,0.005542593692487249
4694.0,4695.0,0.004548693183762537
4694.0,4794.0,0.0037474112691254138
4695.0,4795.0,0.003364069679715345
4745.0,4746.0,0.00378188768341408
4746.0,4747.0,0.005611778064930244
4746.0,4846.0,0.004377875499600665
4747.0,4748.0,0.006030146967532884
4747.0,4847.0,0.004447255409801855
4748.0,4749.0,0.00582928024372911
4748.0,4848.0,0.004321973471692162
4749.0,4750.0,0.0058941210481335705
4749.0,4849.0,0.003963806879751327
4750.0,4751.0,0.005062822189249359
4750.0,4850.0,0.0029703571839037276
4751.0,4752.0,0.004901074023120015
4751.0,4851.0,0.0033690765767456746
4752.0,4753.0,0.006568781666326388
4752.0,4852.0,0.004608140423208802
4753.0,4754.0,0.005544628263468095
4753.0,4853.0,0.004454162098527661
4754.0,4755.0,0.006266871035849577
4754.0,4854.0,0.004483960189388188
4755.0,4756.0,0.0058102688216642665
4755.0,4855.0,0.004499296389437
4756.0,4757.0,0.002942431436764215
4756.0,4856.0,0.004501316049780393
4757.0,4758.0,0.006369547344974658
4757.0,4857.0,0.0043801606112102605
4758.0,4759.0,0.006151645727778406
4758.0,4858.0,0.00425287678636888
4759.0,4760.0,0.005725342959160458
4759.0,4859.0,0.005217371943803805
4760.0,4761.0,0.004469130228580318
4760.0,4860.0,0.00466220516494658
4761.0,4762.0,0.006813405189765757
4761.0,4861.0,0.004955853703452507
4762.0,4763.0,0.005306377932268922
4762.0,4862.0,0.004476951605720629
4763.0,4764.0,0.004788746412160995
4763.0,4863.0,0.004764080142062164
4764.0,4765.0,0.006037301549529568
4764.0,4864.0,0.004184211057050833
4765.0,4766.0,0.005269386660696616
4765.0,4865.0,0.003347525205285239
4766.0,4866.0,0.0031608846767956526
4769.0,4770.0,0.003964292593885257
4769.0,4869.0,0.0036530386597996155
4770.0,4771.0,0.005388902856809155
4771.0,4772.0,0.006174788354260132
4771.0,4871.0,0.0040917690379559885
4772.0,4773.0,0.005072903468436828
4772.0,4872.0,0.005249680876009742
4773.0,4774.0,0.005724304598813407
4773.0,4873.0,0.004099714927894699
4774.0,4775.0,0.006100903500295367
4774.0,4874.0,0.004134144617693051
4775.0,4776.0,0.005486355529864374
4775.0,4875.0,0.0047942936914637845
4776.0,4777.0,0.0057800120942662426
4776.0,4876.0,0.0046130689622017615
4777.0,4778.0,0.005408249237045001
4777.0,4877.0,0.0039692660291321255
4778.0,4779.0,0.005151970593872221
4778.0,4878.0,0.00472237047784009
4779.0,4780.0,0.005931070958930223
4779.0,4879.0,0.004367964857922083
4780.0,4781.0,0.00544552714161672
4780.0,4880.0,0.0034619301437177627
4781.0,4782.0,0.004639363086666489
4781.0,4881.0,0.003984837575105745
4782.0,4783.0,0.007373732433450609
4782.0,4882.0,0.0035420405545434257
4783.0,4784.0,0.004984163420272073
4783.0,4883.0,0.005448353971615353
4784.0,4785.0,0.005415465388122729
4784.0,4884.0,0.0036556259381901714
4785.0,4786.0,0.005918226714148674
4785.0,4885.0,0.0040067870644652755
4786.0,4787.0,0.006107884596975865
4786.0,4886.0,0.0035060979236142074
4787.0,4788.0,0.0041307902791166105
4787.0,4887.0,0.0046927340644879285
4788.0,4789.0,0.0057570672160421445
4788.0,4888.0,0.004678094332099081
4789.0,4790.0,0.0052496313203800795
4789.0,4889.0,0.004033788541801566
4790.0,4791.0,0.006857403663201525
4790.0,4890.0,0.0026447566995867517
4791.0,4792.0,0.005188128973910419
4791.0,4891.0,0.004840281091011327
4792.0,4793.0,0.006104768075038227
4792.0,4892.0,0.003943058362493938
4793.0,4794.0,0.004558818102324966
4793.0,4893.0,0.00430187971007637
4794.0,4795.0,0.004442587314834037
4794.0,4894.0,0.00525789179519451
4795.0,4895.0,0.004920706782570297
4846.0,4847.0,0.00395586779354291
4846.0,4946.0,0.0036145639847710485
4847.0,4848.0,0.006155964510947248
4847.0,4947.0,0.004101770233687258
4848.0,4849.0,0.0054771447607268086
4848.0,4948.0,0.00393211322954913
4849.0,4850.0,0.0067161747780947224
4849.0,4949.0,0.003910377559777619
4850.0,4851.0,0.005103171282646331
4850.0,4950.0,0.004273703897086498
4851.0,4852.0,0.006373911354900775
4851.0,4951.0,0.0033001880931236376
4852.0,4853.0,0.004485019529492502
4852.0,4952.0,0.003996170523143205
4853.0,4854.0,0.004626137265577187
4853.0,4953.0,0.004831191364461439
4854.0,4855.0,0.006265076695473607
4854.0,4954.0,0.003217555749320896
4855.0,4856.0,0.005796580026177319
4855.0,4955.0,0.004000610578399645
4856.0,4857.0,0.005094343726136221
4856.0,4956.0,0.003962640590565713
4857.0,4858.0,0.005468721971363028
4857.0,4957.0,0.0034804710083496245
4858.0,4859.0,0.006293041315605553
4858.0,4958.0,0.004565393739864969
4859.0,4860.0,0.005247182196191537
4859.0,4959.0,0.002873395616693808
4860.0,4861.0,0.005775973453016983
4860.0,4960.0,0.004550525793789187
4861.0,4862.0,0.004947948416267254
4861.0,4961.0,0.004012595859290374
4862.0,4863.0,0.0064491228085704205
4862.0,4962.0,0.0034182279034582516
4863.0,4864.0,0.00504943309391701
4863.0,4963.0,0.003538679979877045
4864.0,4865.0,0.005112989377070978
4864.0,4964.0,0.004679164494865851
4865.0,4866.0,0.005473271489696254
4865.0,4965.0,0.004861934594375797
4866.0,4867.0,0.005675718654940537
4866.0,4966.0,0.0035825705017505185
4867.0,4868.0,0.0036030851724647953
4867.0,4967.0,0.0032418292444293785
4868.0,4869.0,0.008561612096446958
4868.0,4968.0,0.004242986732241574
4869.0,4969.0,0.004633988547673939
4871.0,4872.0,0.003778564132046052
4871.0,4971.0,0.004070558929684618
4872.0,4873.0,0.006655841843821813
4872.0,4972.0,0.003149304407326268
4873.0,4874.0,0.0046903569810914664
4874.0,4875.0,0.006045065177472662
4874.0,4974.0,0.00438412620826545
4875.0,4876.0,0.0052655119646634
4875.0,4975.0,0.004232343204423218
4876.0,4877.0,0.006659463961169769
4876.0,4976.0,0.003073908705538565
4877.0,4878.0,0.0051638292893843
4877.0,4977.0,0.004280044888785879
4878.0,4879.0,0.005000772273357944
4878.0,4978.0,0.004570304420933693
4879.0,4880.0,0.005890876420365291
4879.0,4979.0,0.004650508896882186
4880.0,4881.0,0.005833314393206048
4880.0,4980.0,0.00459025236125358
4881.0,4882.0,0.006242155044542925
4881.0,4981.0,0.004149406585286828
4882.0,4883.0,0.004119044973052653
4882.0,4982.0,0.004388717645283871
4883.0,4884.0,0.006410992200895291
4883.0,4983.0,0.0034930794222239234
4884.0,4885.0,0.0051961143299642815
4884.0,4984.0,0.004993789442899079
4885.0,4886.0,0.006069297086966259
4885.0,4985.0,0.00473668505708726
4886.0,4887.0,0.0046707431956903665
4886.0,4986.0,0.004676103613056319
4887.0,4888.0,0.006038691269637134
4887.0,4987.0,0.005190768054920812
4888.0,4889.0,0.006135221695264205
4888.0,4988.0,0.0034858766831318308
4889.0,4890.0,0.005437377400909576
4889.0,4989.0,0.004519310788164319
4890.0,4891.0,0.005254742623567446
4890.0,4990.0,0.0052026678733135155
4891.0,4892.0,0.005573658477165051
4891.0,4991.0,0.0038933817742481955
4892.0,4893.0,0.005609810059165675
4892.0,4992.0,0.003807064551591084
4893.0,4894.0,0.006847080034585226
4893.0,4993.0,0.003409009857719223
4894.0,4895.0,0.002178999770537513
4894.0,4994.0,0.0037193436248904362
4895.0,4995.0,0.0037346007189497095
4942.0,4943.0,0.0044120837809331764
4942.0,5042.0,0.0021709152839280623
4943.0,4944.0,0.00515054597203914
4943.0,5043.0,0.0036461574307756987
4944.0,4945.0,0.003828087054904829
4944.0,5044.0,0.004532687530590314
4945.0,4946.0,0.010104744779562164
4945.0,5045.0,0.0028198902904230747
4946.0,4947.0,0.004423472352122273
4946.0,5046.0,0.006789503528982374
4947.0,4948.0,0.004028157702978297
4947.0,5047.0,0.006780039693835472
4948.0,4949.0,0.00558809188363272
4949.0,4950.0,0.004789112511732665
4950.0,4951.0,0.008268892499597518
4951.0,4952.0,0.0038959076195409508
4951.0,5051.0,0.004761725784839588
4952.0,4953.0,0.006802789337472488
4952.0,5052.0,0.004404847239118006
4953.0,4954.0,0.004551231591560684
4953.0,5053.0,0.0036696130722412078
4954.0,4955.0,0.005689544797252324
4954.0,5054.0,0.004732892178151566
4955.0,4956.0,0.006791163909823971
4955.0,5055.0,0.004490667879061397
4956.0,4957.0,0.003464139692624195
4956.0,5056.0,0.004346630079729464
4957.0,4958.0,0.006771437900473972
4957.0,5057.0,0.004798272231752136
4958.0,4959.0,0.005242858892811733
4958.0,5058.0,0.003784920738927356
4959.0,4960.0,0.006967768966468839
4959.0,5059.0,0.004594015672587077
4960.0,4961.0,0.0041642628399317086
4960.0,5060.0,0.004023931323970449
4961.0,4962.0,0.0059540101612159295
4961.0,5061.0,0.00452212803886812
4962.0,4963.0,0.005794941673574449
4962.0,5062.0,0.003926527218809123
4963.0,4964.0,0.005002926543533243
4963.0,5063.0,0.004341120707836781
4964.0,4965.0,0.006380596210384677
4964.0,5064.0,0.004344792860428025
4965.0,4966.0,0.0049527561014033605
4965.0,5065.0,0.00371154752091086
4966.0,4967.0,0.006963938899789917
4966.0,5066.0,0.002852593381469568
4967.0,4968.0,0.00448109465644065
4967.0,5067.0,0.003824777352993173
4968.0,4969.0,0.005675400111002199
4968.0,5068.0,0.002611651561749821
4969.0,4970.0,0.00604666224705929
4969.0,5069.0,0.005012455797312454
4970.0,4971.0,0.005363301144817329
4970.0,5070.0,0.0033917381768040137
4971.0,4972.0,0.005129903044892983
4971.0,5071.0,0.003937879073811516
4972.0,5072.0,0.00458015640017257
4974.0,4975.0,0.0029629800218721114
4974.0,5074.0,0.006031480339846915
4975.0,4976.0,0.00538557891409208
4975.0,5075.0,0.00417997455733873
4976.0,4977.0,0.0060718189111733335
4976.0,5076.0,0.004620731201879919
4977.0,4978.0,0.005637886930395713
4977.0,5077.0,0.004452623299802183
4978.0,4979.0,0.00565962593199776
4978.0,5078.0,0.003472331379638652
4979.0,4980.0,0.005533889295960544
4979.0,5079.0,0.004065297160107952
4980.0,4981.0,0.005896781591681255
4980.0,5080.0,0.004525611996188217
4981.0,4982.0,0.005419580075980346
4981.0,5081.0,0.004509709866493871
4982.0,4983.0,0.00520486323067137
4982.0,5082.0,0.004360602022655227
4983.0,4984.0,0.006376539786594387
4983.0,5083.0,0.004520069974016403
4984.0,4985.0,0.0042840018674116225
4984.0,5084.0,0.004458147476246709
4985.0,4986.0,0.006953744962248804
4985.0,5085.0,0.004193401125579431
4986.0,4987.0,0.004854370814027819
4986.0,5086.0,0.003396963497010863
4987.0,4988.0,0.005923985567165425
4987.0,5087.0,0.0040396610006307905
4988.0,4989.0,0.005408815397103004
4988.0,5088.0,0.0045665405943691355
4989.0,4990.0,0.005090890884710955
4989.0,5089.0,0.003570531865143101
4990.0,4991.0,0.0058040042212229095
4990.0,5090.0,0.0035409415937050132
4991.0,4992.0,0.005729063623318097
4991.0,5091.0,0.004465438500302927
4992.0,4993.0,0.005471238635811828
4992.0,5092.0,0.003929563461759263
4993.0,4994.0,0.0058396861396871145
4993.0,5093.0,0.004118441769647922
4994.0,4995.0,0.003216877574601434
4994.0,5094.0,0.004719778172752106
4995.0,5095.0,0.0053094011573847424
5042.0,5043.0,0.003999397090812165
5042.0,5142.0,0.003385127096584794
5043.0,5044.0,0.005696605477833052
5043.0,5143.0,0.003878638735426357
5044.0,5045.0,0.005551909467918536
5044.0,5144.0,0.0038714366855235444
5045.0,5046.0,0.006168727098839378
5045.0,5145.0,0.004468701701833668
5046.0,5047.0,0.0032864515590615823
5046.0,5146.0,0.002348097069965534
5047.0,5147.0,0.0026340589230248812
5051.0,5052.0,0.004738033529855605
5051.0,5151.0,0.0038801980799989646
5052.0,5053.0,0.006129383167166402
5052.0,5152.0,0.003846480423712457
5053.0,5054.0,0.006213544818379836
5053.0,5153.0,0.004430477502490095
5054.0,5055.0,0.0054544943826168295
5054.0,5154.0,0.0043309869198637635
5055.0,5056.0,0.005144624864849202
5055.0,5155.0,0.003618262151912543
5056.0,5057.0,0.005623425615232968
5056.0,5156.0,0.004366115435946725
5057.0,5058.0,0.004421357285948366
5057.0,5157.0,0.004402824053943166
5058.0,5059.0,0.006103370918601684
5058.0,5158.0,0.005402055242218749
5059.0,5060.0,0.006174500777380224
5059.0,5159.0,0.0039416506149076835
5060.0,5061.0,0.005787249026952899
5060.0,5160.0,0.0036941438656317867
5061.0,5062.0,0.00544655533342641
5061.0,5161.0,0.0034024112038337963
5062.0,5063.0,0.004647858947940106
5062.0,5162.0,0.004695106987065719
5063.0,5064.0,0.005819007784837512
5063.0,5163.0,0.003907068056743332
5064.0,5065.0,0.005436711138182297
5064.0,5164.0,0.0030160280171064725
5065.0,5066.0,0.005711016109243121
5065.0,5165.0,0.004798239361473688
5066.0,5067.0,0.0065320311848543365
5066.0,5166.0,0.005984905178858049
5067.0,5068.0,0.005079376989365767
5067.0,5167.0,0.005677111536693437
5068.0,5069.0,0.005404223749983725
5068.0,5168.0,0.004750324860474767
5069.0,5070.0,0.0054731694702556
5069.0,5169.0,0.0036479377324757484
5070.0,5071.0,0.004953426479708304
5070.0,5170.0,0.004175924239019268
5071.0,5072.0,0.006666549327804266
5071.0,5171.0,0.005149052752695783
5072.0,5073.0,0.0051020736421633385
5072.0,5172.0,0.0038961809095577663
5073.0,5074.0,0.0066244465255572305
5073.0,5173.0,0.0034601638183802404
5074.0,5075.0,0.0049471834936596175
5074.0,5174.0,0.003240510074049367
5075.0,5076.0,0.005017904712134148
5075.0,5175.0,0.004246783559351245
5076.0,5077.0,0.006067498001642955
5076.0,5176.0,0.003460197248710895
5077.0,5078.0,0.0057833554844962335
5077.0,5177.0,0.004594745751401658
5078.0,5079.0,0.006182739802054892
5078.0,5178.0,0.004039826959162879
5079.0,5080.0,0.003467486121096741
5079.0,5179.0,0.0041154161393445205
5080.0,5081.0,0.006906912007556056
5080.0,5180.0,0.004559751309007566
5081.0,5082.0,0.005651970707639462
5081.0,5181.0,0.0034200632567265568
5082.0,5083.0,0.0058580108057164045
5082.0,5182.0,0.0037111189687257743
5083.0,5084.0,0.004562647450777542
5083.0,5183.0,0.0034205587292115433
5084.0,5085.0,0.006510178916122635
5084.0,5184.0,0.0037090814833397575
5085.0,5086.0,0.006771541109680205
5085.0,5185.0,0.004384733173177759
5086.0,5087.0,0.0038666517815722726
5086.0,5186.0,0.004805180225548062
5087.0,5088.0,0.005626039903881487
5087.0,5187.0,0.0036357151263521287
5088.0,5089.0,0.005106820889744656
5088.0,5188.0,0.004004211033398445
5089.0,5090.0,0.006021383101085443
5089.0,5189.0,0.004679697447481026
5090.0,5091.0,0.005286372439582026
5090.0,5190.0,0.005111190007226982
5091.0,5092.0,0.005789342622444415
5091.0,5191.0,0.003609424189535841
5092.0,5093.0,0.006309179661418144
5092.0,5192.0,0.003967993195561038
5093.0,5094.0,0.00459337893057897
5093.0,5193.0,0.004681307723277943
5094.0,5095.0,0.003784201096672573
5094.0,5194.0,0.003730295564696628
5095.0,5195.0,0.0027759373497934065
5142.0,5143.0,0.003228334823092992
5142.0,5242.0,0.005263007756021769
5143.0,5144.0,0.005945456855442145
5143.0,5243.0,0.0043613725007172225
5144.0,5145.0,0.005738260172730308
5144.0,5244.0,0.004448911315140522
5145.0,5146.0,0.005967388052586311
5145.0,5245.0,0.0039087874705608875
5146.0,5147.0,0.0043494032705520816
5146.0,5246.0,0.0041625240191561505
5147.0,5148.0,0.005704862800286168
5147.0,5247.0,0.004435097563758817
5148.0,5149.0,0.006127311947341566
5148.0,5248.0,0.00444245549780609
5149.0,5150.0,0.003389800001471206
5149.0,5249.0,0.004410036593951724
5150.0,5151.0,0.00938082148908448
5150.0,5250.0,0.0031470949095974746
5151.0,5152.0,0.005137794252398883
5151.0,5251.0,0.004188047737310318
5152.0,5153.0,0.005840934791629666
5152.0,5252.0,0.004640873289591041
5153.0,5154.0,0.004409773900094371
5153.0,5253.0,0.0038309962111716667
5154.0,5155.0,0.005884953088176302
5154.0,5254.0,0.004565037157565672
5155.0,5156.0,0.00503962478761613
5155.0,5255.0,0.0043511527208357015
5156.0,5157.0,0.006420908346960998
5156.0,5256.0,0.0038859518126173865
5157.0,5158.0,0.006933914438465182
5157.0,5257.0,0.0035119056550563985
5158.0,5159.0,0.003790476175882802
5158.0,5258.0,0.004939120943042262
5159.0,5160.0,0.0052672774751348255
5159.0,5259.0,0.0044420401844152725
5160.0,5161.0,0.0046885546813548494
5160.0,5260.0,0.005977261490011631
5161.0,5162.0,0.007379140601719765
5161.0,5261.0,0.005316262281903172
5162.0,5163.0,0.005001307311090822
5162.0,5262.0,0.0035970447898234724
5163.0,5164.0,0.005482573209725137
5163.0,5263.0,0.0042842383220375035
5164.0,5165.0,0.004052602616841722
5164.0,5264.0,0.005466628302714805
5165.0,5166.0,0.007282076885752571
5165.0,5265.0,0.0058201803898136825
5166.0,5167.0,0.007164312109331281
5166.0,5266.0,0.0038090887361716345
5167.0,5168.0,0.0038387817077853016
5167.0,5267.0,0.0033674304744081627
5168.0,5169.0,0.00446847009612153
5168.0,5268.0,0.004009739393024395
5169.0,5170.0,0.005959325674943354
5169.0,5269.0,0.00487978954464086
5170.0,5171.0,0.0068083734100033615
5170.0,5270.0,0.006523488073874217
5171.0,5172.0,0.005359142010625141
5171.0,5271.0,0.004189504587658011
5172.0,5173.0,0.0055877530367758055
5172.0,5272.0,0.0039905720141324924
5173.0,5174.0,0.0051711210583378076
5173.0,5273.0,0.004016953074157881
5174.0,5175.0,0.006075116204640397
5174.0,5274.0,0.0040179101856577994
5175.0,5176.0,0.00479342012555096
5175.0,5275.0,0.003964705146662317
5176.0,5177.0,0.0061006559253952404
5176.0,5276.0,0.0051809951177343464
5177.0,5178.0,0.006604819652334483
5177.0,5277.0,0.0038179233858202525
5178.0,5179.0,0.004349828562149313
5178.0,5278.0,0.004723024137134742
5179.0,5180.0,0.0061309093942103045
5179.0,5279.0,0.004294370701280104
5180.0,5181.0,0.0048537202226666566
5180.0,5280.0,0.004306467705675922
5181.0,5182.0,0.00608621368339587
5181.0,5281.0,0.0050308749109937686
5182.0,5183.0,0.0053759080888739754
5182.0,5282.0,0.00475799878940267
5183.0,5184.0,0.004358237498121659
5183.0,5283.0,0.0051318515352642815
5184.0,5185.0,0.006506584671695199
5184.0,5284.0,0.004027835484473899
5185.0,5186.0,0.0058266426868374185
5185.0,5285.0,0.00429615281385584
5186.0,5187.0,0.005747326950854724
5186.0,5286.0,0.004608001736111214
5187.0,5188.0,0.005281203548431763
5187.0,5287.0,0.004633019197026118
5188.0,5189.0,0.005386031953112433
5188.0,5288.0,0.004760319001913018
5189.0,5190.0,0.00573926510279231
5189.0,5289.0,0.0034903547169339634
5190.0,5191.0,0.005562460579627088
5190.0,5290.0,0.003406279483539149
5191.0,5192.0,0.005426830767581282
5191.0,5291.0,0.004271580954398317
5192.0,5193.0,0.005878514438187756
5192.0,5292.0,0.004500082777017039
5193.0,5194.0,0.004993866738318499
5193.0,5293.0,0.0037292621254153935
5194.0,5195.0,0.004130689464239253
5194.0,5294.0,0.004014385382594015
5242.0,5243.0,0.0031361355614816355
5243.0,5244.0,0.00474005150394117
5243.0,5343.0,0.0051682091772702774
5244.0,5245.0,0.005828329692966753
5244.0,5344.0,0.003946027800203771
5245.0,5246.0,0.00658831183309521
5245.0,5345.0,0.004351373015499308
5246.0,5247.0,0.005156134701496269
5246.0,5346.0,0.0049984053427019675
5247.0,5248.0,0.004618650506375116
5247.0,5347.0,0.0038715293786827495
5248.0,5249.0,0.0058153289305001195
5248.0,5348.0,0.003451130785699587
5249.0,5250.0,0.004829443738163816
5249.0,5349.0,0.004547242516076458
5250.0,5251.0,0.008486406344847956
5250.0,5350.0,0.004411869139038572
5251.0,5252.0,0.0032204479812671335
5252.0,5253.0,0.006254553478853476
5252.0,5352.0,0.004180010586104016
5253.0,5254.0,0.00500652034551757
5253.0,5353.0,0.0043858431538309935
5254.0,5255.0,0.0053308558412346095
5254.0,5354.0,0.0038160883113460054
5255.0,5256.0,0.006801490710862128
5255.0,5355.0,0.0045376880677293705
5256.0,5257.0,0.005534947157836091
5256.0,5356.0,0.00486708316037462
5257.0,5258.0,0.0047646498402274485
5257.0,5357.0,0.005406984291638938
5258.0,5259.0,0.00418495883014669
5259.0,5260.0,0.007870888585151717
5259.0,5359.0,0.004845214639202882
5260.0,5261.0,0.006671244115610317
5261.0,5262.0,0.004405403210819975
5261.0,5361.0,0.0037466510179094245
5262.0,5263.0,0.00613006011389919
5262.0,5362.0,0.004322420271099629
5263.0,5264.0,0.004674933368514102
5263.0,5363.0,0.003895515578194042
5264.0,5265.0,0.004714269508625725
5264.0,5364.0,0.0028404843689068494
5265.0,5266.0,0.007123786142211489
5265.0,5365.0,0.0030719400205728004
5266.0,5267.0,0.006192436111909363
5266.0,5366.0,0.003672334822698043
5267.0,5268.0,0.004918283135408901
5267.0,5367.0,0.004007901445895493
5268.0,5269.0,0.003239188941688301
5268.0,5368.0,0.004434001014888238
5269.0,5270.0,0.010183696502252945
5269.0,5369.0,0.004712908443839933
5270.0,5271.0,0.0032731618734817658
5270.0,5370.0,0.003892095997013735
5271.0,5272.0,0.005675910587740329
5271.0,5371.0,0.00375304807989125
5272.0,5273.0,0.005547370638411776
5272.0,5372.0,0.004656662239196912
5273.0,5274.0,0.005169570336113218
5273.0,5373.0,0.0041615945261384785
5274.0,5275.0,0.005612139401338891
5274.0,5374.0,0.004796618676734122
5275.0,5276.0,0.006007216111478219
5275.0,5375.0,0.0036993395356474906
5276.0,5277.0,0.00537254365919186
5276.0,5376.0,0.0034452806445959268
5277.0,5278.0,0.005761206757269837
5277.0,5377.0,0.004679178997434392
5278.0,5279.0,0.005605030829529778
5278.0,5378.0,0.004307576081749215
5279.0,5280.0,0.006165620742471454
5279.0,5379.0,0.0038526395639819715
5280.0,5281.0,0.004765198716745256
5280.0,5380.0,0.004030018148837685
5281.0,5282.0,0.0055824428675912054
5281.0,5381.0,0.0034512881609552416
5282.0,5283.0,0.00511945091586929
5282.0,5382.0,0.004682440872020664
5283.0,5284.0,0.005847778467083743
5283.0,5383.0,0.003844219452637809
5284.0,5285.0,0.006536663522007449
5284.0,5384.0,0.004741476246906364
5285.0,5286.0,0.004947727559193138
5285.0,5385.0,0.003907828061726718
5286.0,5287.0,0.005102198447736129
5286.0,5386.0,0.004022815756405731
5287.0,5288.0,0.006238487637236512
5287.0,5387.0,0.003110758749890075
5288.0,5289.0,0.005530437961863432
5288.0,5388.0,0.0033337021462652647
5289.0,5290.0,0.005402915995090695
5289.0,5389.0,0.004337505135447895
5290.0,5291.0,0.005926709853693601
5290.0,5390.0,0.004475745859632728
5291.0,5292.0,0.005333887202596875
5291.0,5391.0,0.004801060558877553
5292.0,5293.0,0.006218405342211955
5292.0,5392.0,0.004634669783273581
5293.0,5294.0,0.004546534174512381
5293.0,5393.0,0.004115539575803872
5294.0,5394.0,0.0048516886884938555
5343.0,5344.0,0.0037222570787080514
5343.0,5443.0,0.002834967373710751
5344.0,5345.0,0.005995520331890352
5344.0,5444.0,0.0040579469020675454
5345.0,5346.0,0.005780210726254237
5345.0,5445.0,0.004682781143724897
5346.0,5347.0,0.004782112290610586
5346.0,5446.0,0.003376786146622038
5347.0,5348.0,0.006208257849834744
5347.0,5447.0,0.00406387277851764
5348.0,5349.0,0.005956612763139203
5348.0,5448.0,0.004356500725354841
5349.0,5350.0,0.005106118222292646
5349.0,5449.0,0.003570471914186754
5350.0,5450.0,0.004256608370520657
5352.0,5353.0,0.006191371018608064
5352.0,5452.0,0.004708407829626222
5353.0,5354.0,0.0043513865606261085
5353.0,5453.0,0.003904685252355686
5354.0,5355.0,0.0059018594527520014
5354.0,5454.0,0.003542064510989362
5355.0,5356.0,0.005834417623025322
5355.0,5455.0,0.0034184570803179495
5356.0,5357.0,0.005541980151535764
5356.0,5456.0,0.0030337188943643303
5357.0,5457.0,0.0034774516243913835
5361.0,5362.0,0.005182327758833188
5361.0,5461.0,0.004934446320508876
5362.0,5363.0,0.0057660089507474135
5362.0,5462.0,0.004299124678351043
5363.0,5364.0,0.0028230843221483276
5363.0,5463.0,0.004854317049802865
5364.0,5365.0,0.00861361201122214
5364.0,5464.0,0.005859799120273998
5365.0,5366.0,0.005844724944775705
5365.0,5465.0,0.004035289963557219
5366.0,5367.0,0.005822544087423834
5366.0,5466.0,0.004956886362423951
5367.0,5368.0,0.004897345607570724
5367.0,5467.0,0.005051289142386711
5368.0,5369.0,0.005620999555246815
5368.0,5468.0,0.004074618632456991
5369.0,5370.0,0.006193218307144643
5369.0,5469.0,0.004362806671169967
5370.0,5371.0,0.005670802420285603
5370.0,5470.0,0.0037263345260451324
5371.0,5372.0,0.005120217481716717
5371.0,5471.0,0.0040943362661139265
5372.0,5373.0,0.006161431766233244
5372.0,5472.0,0.0032300994427462825
5373.0,5374.0,0.004631348867226953
5373.0,5473.0,0.00463041304853463
5374.0,5375.0,0.006060745641425921
5374.0,5474.0,0.0032999595648982552
5375.0,5376.0,0.0027224471436561397
5375.0,5475.0,0.0047390821104971986
5376.0,5377.0,0.007911695010549143
5376.0,5476.0,0.007531889537158608
5377.0,5378.0,0.00528434689720258
5377.0,5477.0,0.003148596152255414
5378.0,5379.0,0.006281276988810747
5378.0,5478.0,0.0038545723407357323
5379.0,5380.0,0.005309951752128542
5379.0,5479.0,0.004506261977515421
5380.0,5381.0,0.006335725058739781
5380.0,5480.0,0.004191365794104769
5381.0,5382.0,0.004635068210940607
5381.0,5481.0,0.004617820373294136
5382.0,5383.0,0.00693567643132536
5382.0,5482.0,0.0034113904994936325
5383.0,5384.0,0.0051981871070504925
5383.0,5483.0,0.004321865701288583
5384.0,5385.0,0.005167490025152753
5384.0,5484.0,0.0038941314821175333
5385.0,5386.0,0.006042672088565966
5385.0,5485.0,0.004266414180549003
5386.0,5387.0,0.004701229584909287
5386.0,5486.0,0.0033934707969886535
5387.0,5388.0,0.005293174661764331
5387.0,5487.0,0.005064287045574389
5388.0,5389.0,0.006584825832935946
5388.0,5488.0,0.005311473016030876
5389.0,5390.0,0.005255168146682994
5389.0,5489.0,0.00425551844667307
5390.0,5391.0,0.00512637591287031
5390.0,5490.0,0.003633128128759363
5391.0,5392.0,0.00606918198771122
5391.0,5491.0,0.0035123566162871232
5392.0,5393.0,0.005257982978290446
5392.0,5492.0,0.004039795168070834
5393.0,5394.0,0.0062569336363767405
5393.0,5493.0,0.0046384112247578446
5394.0,5494.0,0.003694503556634677
5443.0,5444.0,0.003401736352220494
5444.0,5445.0,0.006529154904739706
5444.0,5544.0,0.004182711939641909
5445.0,5446.0,0.005026126241949158
5445.0,5545.0,0.0037065890006829066
5446.0,5447.0,0.005711462653285031
5446.0,5546.0,0.0039953578625706076
5447.0,5448.0,0.005961183271809896
5447.0,5547.0,0.00397022161220024
5448.0,5449.0,0.00384880890276235
5448.0,5548.0,0.003951880347374861
5449.0,5450.0,0.00586552789865618
5449.0,5549.0,0.004772057410590362
5450.0,5550.0,0.004175955011728502
5452.0,5453.0,0.003266585177217019
5452.0,5552.0,0.006460563632533331
5453.0,5454.0,0.005663870298644992
5453.0,5553.0,0.00476060718501963
5454.0,5455.0,0.004871807525961986
5454.0,5554.0,0.005218812309325465
5455.0,5456.0,0.006358154251040084
5455.0,5555.0,0.005201105325793281
5456.0,5457.0,0.005254655936411403
5456.0,5556.0,0.004444574077455379
5457.0,5458.0,0.005191451501257113
5457.0,5557.0,0.0034471839129960576
5458.0,5558.0,0.0040605942976350345
5460.0,5461.0,0.006066714466653286
5460.0,5560.0,0.006019919044304294
5461.0,5462.0,0.00590018024216289
5461.0,5561.0,0.004460204789028145
5462.0,5463.0,0.006817582929460802
5462.0,5562.0,0.003722118012635859
5463.0,5464.0,0.003756271590280055
5463.0,5563.0,0.0034175571685101888
5464.0,5465.0,0.006353342762672208
5464.0,5564.0,0.00507666593937451
5465.0,5466.0,0.005645158628422097
5465.0,5565.0,0.003917427344572442
5466.0,5467.0,0.0053626338994971785
5466.0,5566.0,0.003739448147790996
5467.0,5468.0,0.005595043252736772
5467.0,5567.0,0.00401799544300252
5468.0,5469.0,0.005854136131830025
5468.0,5568.0,0.00381053116638909
5469.0,5470.0,0.0053854356416152185
5469.0,5569.0,0.0035162876233323912
5470.0,5471.0,0.0058819665835533564
5470.0,5570.0,0.00424480824066516
5471.0,5472.0,0.004735083873593199
5471.0,5571.0,0.004662385591088142
5472.0,5473.0,0.006681136205772824
5472.0,5572.0,0.005430273842082699
5473.0,5474.0,0.004735437888933862
5473.0,5573.0,0.003746550680287856
5474.0,5475.0,0.005691917449326676
5474.0,5574.0,0.00465099913997308
5475.0,5476.0,0.006109820725682475
5475.0,5575.0,0.0035709828577000433
5476.0,5477.0,0.005946150305033037
5476.0,5576.0,0.0029744175631483847
5477.0,5478.0,0.004602250541858313
5477.0,5577.0,0.004607213691595802
5478.0,5479.0,0.00745006158698886
5478.0,5578.0,0.0039037113174508545
5479.0,5480.0,0.004694046974627106
5479.0,5579.0,0.00445691029862862
5480.0,5481.0,0.0058429001360663394
5480.0,5580.0,0.004177652091791301
5481.0,5482.0,0.004714925163774373
5481.0,5581.0,0.00398169938594357
5482.0,5483.0,0.006697464117103262
5482.0,5582.0,0.0036031324843804687
5483.0,5484.0,0.004842916371373837
5483.0,5583.0,0.004580608092823699
5484.0,5485.0,0.0052123131141517615
5484.0,5584.0,0.0038872462553823203
5485.0,5486.0,0.005242242544935928
5485.0,5585.0,0.0042859875174835315
5486.0,5487.0,0.006613689138453241
5486.0,5586.0,0.00495274652087424
5487.0,5488.0,0.0043661495164521525
5487.0,5587.0,0.004463899668451173
5488.0,5489.0,0.005825876912523658
5488.0,5588.0,0.0054256887977460625
5489.0,5490.0,0.006380340586526082
5489.0,5589.0,0.00431794221823698
5490.0,5491.0,0.005968330168479277
5490.0,5590.0,0.005339213434584049
5491.0,5492.0,0.004219062692121474
5491.0,5591.0,0.004494582628008133
5492.0,5493.0,0.006519605332369537
5492.0,5592.0,0.0033834971553086
5493.0,5494.0,0.005825927075589783
5493.0,5593.0,0.0044516552988754015
5494.0,5495.0,0.004478394633116557
5494.0,5594.0,0.004782933932223127
5495.0,5496.0,0.005458571699630778
5495.0,5595.0,0.004468986494726078
5496.0,5596.0,0.0031483468948025656
5544.0,5545.0,0.006364018889032096
5544.0,5644.0,0.004478052328861882
5545.0,5546.0,0.004221508058744563
5545.0,5645.0,0.0046131457401664
5546.0,5547.0,0.006946954908445245
5546.0,5646.0,0.004914075786958665
5547.0,5548.0,0.005923376304941168
5547.0,5647.0,0.004686195733218951
5548.0,5549.0,0.003617554146107009
5548.0,5648.0,0.004768345641839672
5549.0,5550.0,0.0061075119860697445
5549.0,5649.0,0.004222250153652388
5550.0,5551.0,0.004029879359234243
5550.0,5650.0,0.0041309835596392485
5551.0,5552.0,0.010743578085542849
5552.0,5553.0,0.002930547761082999
5552.0,5652.0,0.002157483554971715
5553.0,5554.0,0.006567955420827199
5553.0,5653.0,0.0045044245592528905
5554.0,5555.0,0.004772114105935301
5554.0,5654.0,0.004161866437072011
5555.0,5556.0,0.005762841313101289
5555.0,5655.0,0.0029522271254115388
5556.0,5557.0,0.005744260969865004
5556.0,5656.0,0.004973731429216665
5557.0,5558.0,0.003882274102899012
5557.0,5657.0,0.004291231125208682
5558.0,5559.0,0.007912381700849685
5559.0,5560.0,0.005012799661864348
5559.0,5659.0,0.0037806220083462213
5560.0,5561.0,0.00750267930010202
5560.0,5660.0,0.0034962076211239495
5561.0,5562.0,0.0038963961258996023
5562.0,5563.0,0.005112106464073247
5562.0,5662.0,0.005938344255764667
5563.0,5564.0,0.006658838111865447
5563.0,5663.0,0.004765171686306534
5564.0,5565.0,0.005014814852009628
5564.0,5664.0,0.003860294548352038
5565.0,5566.0,0.004324434674040642
5565.0,5665.0,0.004609935899778627
5566.0,5567.0,0.0065237985690795195
5566.0,5666.0,0.004042389250183763
5567.0,5568.0,0.004834504943641111
5567.0,5667.0,0.003740771334899053
5568.0,5569.0,0.0062121425426340604
5568.0,5668.0,0.0038923874640114913
5569.0,5570.0,0.005962978114999248
5569.0,5669.0,0.004247241105702349
5570.0,5571.0,0.005487080339307024
5570.0,5670.0,0.003940685854014466
5571.0,5572.0,0.006466430131837386
5571.0,5671.0,0.0039060968561939096
5572.0,5573.0,0.004521951459275363
5572.0,5672.0,0.004506422305992372
5573.0,5574.0,0.005154000097016573
5573.0,5673.0,0.004031012403857029
5574.0,5575.0,0.005219348514895028
5574.0,5674.0,0.004034520795583134
5575.0,5576.0,0.0051689615794732295
5575.0,5675.0,0.0049298669698095085
5576.0,5577.0,0.007030984185013084
5576.0,5676.0,0.004502947702337512
5577.0,5578.0,0.004579901418153398
5577.0,5677.0,0.004570335613497091
5578.0,5579.0,0.005665774528694068
5578.0,5678.0,0.004053926738360138
5579.0,5580.0,0.005500642545190736
5579.0,5679.0,0.003981438795206696
5580.0,5581.0,0.0058751647636502615
5580.0,5680.0,0.004039853019603303
5581.0,5582.0,0.005597497387228932
5581.0,5681.0,0.004998022508953432
5582.0,5583.0,0.005687053261575178
5582.0,5682.0,0.005339135697842067
5583.0,5584.0,0.006299163824668344
5583.0,5683.0,0.004412304073832235
5584.0,5585.0,0.00494312389587473
5584.0,5684.0,0.004252492475009265
5585.0,5586.0,0.004071003070493654
5585.0,5685.0,0.003384737345790067
5586.0,5587.0,0.008760257026492616
5586.0,5686.0,0.00461053717043519
5587.0,5588.0,0.0052739927891469205
5587.0,5687.0,0.003810100064312009
5588.0,5589.0,0.004829543544685293
5588.0,5688.0,0.0028864140416783608
5589.0,5590.0,0.004711805906437495
5589.0,5689.0,0.0035803290351568524
5590.0,5591.0,0.006051660011928882
5590.0,5690.0,0.004072104234914172
5591.0,5592.0,0.006910363232128726
5591.0,5691.0,0.004360569687552926
5592.0,5593.0,0.004651118309619848
5592.0,5692.0,0.004635480023687747
5593.0,5594.0,0.006011460864882477
5593.0,5693.0,0.004278727794569723
5594.0,5595.0,0.004817029997829239
5594.0,5694.0,0.004536693178956377
5595.0,5596.0,0.006198465939244286
5595.0,5695.0,0.004151114549128379
5596.0,5597.0,0.0046288229605375595
5596.0,5696.0,0.00384946762552494
5597.0,5598.0,0.006169611311091319
5597.0,5697.0,0.003362708070885792
5598.0,5698.0,0.005403814387077525
5644.0,5645.0,0.006484315743391345
5644.0,5744.0,0.0035307919678116586
5645.0,5646.0,0.005791479967156307
5645.0,5745.0,0.0035995261202026556
5646.0,5647.0,0.00507744258559678
5646.0,5746.0,0.004523575887509736
5647.0,5648.0,0.006352325445051307
5647.0,5747.0,0.004774513881012911
5648.0,5649.0,0.0033512617385232425
5648.0,5748.0,0.004967231523687848
5649.0,5650.0,0.007252981404215243
5649.0,5749.0,0.0045591904303284355
5650.0,5750.0,0.004640901448000414
5652.0,5653.0,0.003605858247349739
5652.0,5752.0,0.002275098525339449
5653.0,5654.0,0.005976666376831752
5653.0,5753.0,0.0037366380745217378
5654.0,5655.0,0.005803119013088347
5654.0,5754.0,0.004303599628214887
5655.0,5656.0,0.003824465208361609
5655.0,5755.0,0.005379683716537293
5656.0,5657.0,0.005405374459738583
5656.0,5756.0,0.004346542849211913
5657.0,5757.0,0.005337488515212288
5659.0,5660.0,0.005017360438524779
5659.0,5759.0,0.0038122025785664133
5660.0,5760.0,0.005015557437611275
5662.0,5663.0,0.0045228110948889125
5662.0,5762.0,0.003476602170223137
5663.0,5664.0,0.005326828418478697
5663.0,5763.0,0.0049732762420753454
5664.0,5665.0,0.006833434056173882
5664.0,5764.0,0.004091098593287472
5665.0,5666.0,0.00441737354092244
5665.0,5765.0,0.004503725402374508
5666.0,5667.0,0.005090849536173224
5666.0,5766.0,0.004877553690120342
5667.0,5668.0,0.005169235243241997
5667.0,5767.0,0.005177964636801829
5668.0,5669.0,0.0062968299810344805
5668.0,5768.0,0.005142902876777151
5669.0,5670.0,0.00607042537307045
5669.0,5769.0,0.0044106625398052735
5670.0,5671.0,0.005177629735699529
5670.0,5770.0,0.0052536745930839065
5671.0,5672.0,0.004359027217167978
5671.0,5771.0,0.004151009651882178
5672.0,5673.0,0.0072354330900060255
5672.0,5772.0,0.004571884584061182
5673.0,5674.0,0.0038185763643013653
5673.0,5773.0,0.0045125220353996265
5674.0,5675.0,0.007177351130468347
5675.0,5676.0,0.00680679664012153
5675.0,5775.0,0.0038872537002351995
5676.0,5677.0,0.004308790134125152
5676.0,5776.0,0.005878188470101241
5677.0,5678.0,0.005222775700718738
5677.0,5777.0,0.002507715703579357
5678.0,5679.0,0.004748659373969117
5678.0,5778.0,0.0069402289947878126
5679.0,5680.0,0.006817574942016054
5679.0,5779.0,0.004374143899093878
5680.0,5681.0,0.005062557576966128
5680.0,5780.0,0.004947090015352216
5681.0,5682.0,0.005408886206970746
5681.0,5781.0,0.0036811620447883132
5682.0,5683.0,0.005672130227694027
5682.0,5782.0,0.003679100025825392
5683.0,5684.0,0.005602005901461211
5683.0,5783.0,0.003667110213778463
5684.0,5685.0,0.006155916804184713
5684.0,5784.0,0.003979830775301724
5685.0,5686.0,0.004614502974321509
5685.0,5785.0,0.004543218028009027
5686.0,5687.0,0.005902863895596549
5686.0,5786.0,0.0027405665472709615
5687.0,5688.0,0.005577184775502757
5687.0,5787.0,0.005735651832178668
5688.0,5689.0,0.006556039698618543
5688.0,5788.0,0.004359227827263096
5689.0,5690.0,0.004721605870897098
5689.0,5789.0,0.004041632343495152
5690.0,5691.0,0.005399950462735838
5690.0,5790.0,0.0037848170365300735
5691.0,5692.0,0.006363051740311833
5691.0,5791.0,0.003273003509015345
5692.0,5693.0,0.005986627477980664
5692.0,5792.0,0.004978993176330534
5693.0,5694.0,0.0036181541771984627
5693.0,5793.0,0.0029902694276613853
5694.0,5695.0,0.0069052945628639215
5695.0,5696.0,0.006063483569709428
5695.0,5795.0,0.003549849440466941
5696.0,5697.0,0.0049473714000417765
5696.0,5796.0,0.00453069586267552
5697.0,5698.0,0.005689293819976165
5697.0,5797.0,0.004074089180419486
5698.0,5699.0,0.0035757271987599355
5698.0,5798.0,0.004073235814434983
5699.0,5799.0,0.004943199065378516
5744.0,5745.0,0.006373633702212636
5744.0,5844.0,0.004119312148891523
5745.0,5746.0,0.004618605426955591
5745.0,5845.0,0.004007745072974859
5746.0,5747.0,0.007019262767567524
5746.0,5846.0,0.004418821675512657
5747.0,5748.0,0.0037931316889821213
5747.0,5847.0,0.0031485257407198944
5748.0,5749.0,0.005148763790469332
5748.0,5848.0,0.0038400645880031737
5749.0,5750.0,0.0064983741366542655
5749.0,5849.0,0.0041265301513505334
5750.0,5850.0,0.003677082170687445
5752.0,5753.0,0.0034823604437222355
5752.0,5852.0,0.005199359395159059
5753.0,5754.0,0.005573011426497482
5753.0,5853.0,0.004501186857934594
5754.0,5755.0,0.003971786073051877
5754.0,5854.0,0.003604899213572877
5755.0,5756.0,0.005952583124987041
5755.0,5855.0,0.004602263166097504
5756.0,5757.0,0.006957335435355109
5756.0,5856.0,0.0034951779997586547
5757.0,5758.0,0.005197885670156036
5757.0,5857.0,0.003693360304654128
5758.0,5759.0,0.005858834397734171
5758.0,5858.0,0.0036151478116392775
5759.0,5760.0,0.006119291494923573
5759.0,5859.0,0.003917899013498965
5760.0,5860.0,0.0038030058388091098
5762.0,5763.0,0.0054217349815362855
5762.0,5862.0,0.004067175905952629
5763.0,5764.0,0.005968494902400173
5763.0,5863.0,0.004046111219432732
5764.0,5765.0,0.004609294353797991
5764.0,5864.0,0.004200886953962096
5765.0,5766.0,0.005731892296616655
5765.0,5865.0,0.00378131026232509
5766.0,5767.0,0.006214973835820181
5766.0,5866.0,0.0037669049629673566
5767.0,5768.0,0.005110264942254443
5767.0,5867.0,0.003868207535797348
5768.0,5769.0,0.005173063062634976
5768.0,5868.0,0.0036196080133111715
5769.0,5770.0,0.006100876428839046
5769.0,5869.0,0.004133967833689073
5770.0,5771.0,0.0050441361381427675
5770.0,5870.0,0.00332429790030348
5771.0,5772.0,0.006591009162486398
5771.0,5871.0,0.004435284393361768
5772.0,5773.0,0.004101953452922833
5772.0,5872.0,0.003945025177360458
5773.0,5873.0,0.003859193953409635
5775.0,5776.0,0.00744829538082591
5775.0,5875.0,0.004305728204379719
5776.0,5777.0,0.00472253293476599
5776.0,5876.0,0.00395811456251689
5777.0,5778.0,0.008862440310100621
5777.0,5877.0,0.00526723971165041
5778.0,5779.0,0.004321121023521639
5778.0,5878.0,0.00317674069449017
5779.0,5780.0,0.0048706601195356095
5779.0,5879.0,0.004590273630192863
5780.0,5781.0,0.005751247690718577
5780.0,5880.0,0.0036157755737874667
5781.0,5782.0,0.005407963110079764
5781.0,5881.0,0.004042761573477584
5782.0,5783.0,0.005680223323082542
5782.0,5882.0,0.004073799455050467
5783.0,5784.0,0.00618084177114296
5783.0,5883.0,0.004305256554494751
5784.0,5785.0,0.004927712297811676
5784.0,5884.0,0.004871348073164889
5785.0,5786.0,0.00560552028718369
5785.0,5885.0,0.004440199239893237
5786.0,5787.0,0.006465466777428419
5786.0,5886.0,0.004110317262688836
5787.0,5788.0,0.006616656893780699
5787.0,5887.0,0.0031408581661722026
5788.0,5789.0,0.003693974350202137
5788.0,5888.0,0.005033052061126237
5789.0,5790.0,0.0056802121439325495
5789.0,5889.0,0.005304082719004127
5790.0,5791.0,0.0056182773845664235
5790.0,5890.0,0.004448625518061938
5791.0,5792.0,0.005318384578987323
5791.0,5891.0,0.004859308054648802
5792.0,5793.0,0.0065629535424194686
5792.0,5892.0,0.003629612607434664
5793.0,5893.0,0.005034903623704666
5795.0,5796.0,0.006483074706495582
5795.0,5895.0,0.004348908374523154
5796.0,5797.0,0.0060545233156791495
5796.0,5896.0,0.004243095126198246
5797.0,5798.0,0.004788837873630679
5797.0,5897.0,0.0041044102840721896
5798.0,5799.0,0.006317858181375676
5798.0,5898.0,0.004260447394347824
5799.0,5899.0,0.004113466299850051
5844.0,5845.0,0.005978369551979218
5844.0,5944.0,0.004400618377005184
5845.0,5846.0,0.004171027741462212
5845.0,5945.0,0.0042613224473214565
5846.0,5847.0,0.007372507650720335
5846.0,5946.0,0.004292959394171221
5847.0,5848.0,0.004739507633713312
5847.0,5947.0,0.004622358932407526
5848.0,5849.0,0.004548220207952455
5848.0,5948.0,0.0038503486075937435
5849.0,5850.0,0.0057270922534875994
5849.0,5949.0,0.0038277661435888143
5850.0,5950.0,0.0039430321834843934
5852.0,5853.0,0.0021901512390672903
5853.0,5854.0,0.00695903654035166
5853.0,5953.0,0.004287608995699748
5854.0,5855.0,0.005052838604202729
5854.0,5954.0,0.004479951450627381
5855.0,5856.0,0.0048575738244477605
5855.0,5955.0,0.004396466623321824
5856.0,5857.0,0.006181182240479756
5856.0,5956.0,0.004732809943359577
5857.0,5858.0,0.005749227861200096
5857.0,5957.0,0.004727300951916484
5858.0,5859.0,0.0056066855271195305
5858.0,5958.0,0.0041081384117430805
5859.0,5860.0,0.006054806141395306
5859.0,5959.0,0.004101759579744995
5860.0,5861.0,0.004698227990429844
5860.0,5960.0,0.003870104505046257
5861.0,5862.0,0.00666076674039179
5861.0,5961.0,0.004365690906375585
5862.0,5863.0,0.005051011472970331
5862.0,5962.0,0.0044484556522493635
5863.0,5864.0,0.0053634616172785156
5863.0,5963.0,0.0035127880237779503
5864.0,5865.0,0.005089039730629328
5864.0,5964.0,0.004266602831296581
5865.0,5866.0,0.006761266227575788
5865.0,5965.0,0.004612994255365739
5866.0,5867.0,0.00547892405495684
5866.0,5966.0,0.00420220658464173
5867.0,5868.0,0.005089572234475161
5867.0,5967.0,0.003786172628132549
5868.0,5869.0,0.005805062236532279
5868.0,5968.0,0.0049090178824263515
5869.0,5870.0,0.004837992662246466
5869.0,5969.0,0.004672171229738241
5870.0,5871.0,0.005662612209935345
5870.0,5970.0,0.00461608859967541
5871.0,5872.0,0.00611868868631253
5871.0,5971.0,0.00399345366819091
5872.0,5873.0,0.0049730309600796345
5872.0,5972.0,0.004103846713752954
5873.0,5874.0,0.005963755287567454
5873.0,5973.0,0.0045317752867898055
5874.0,5875.0,0.005027245482372565
5875.0,5876.0,0.005715666505315337
5875.0,5975.0,0.00454843277184835
5876.0,5877.0,0.006261302849243224
5876.0,5976.0,0.004178885018757084
5877.0,5878.0,0.005583908008737923
5877.0,5977.0,0.004822318194600645
5878.0,5879.0,0.005384537107306339
5878.0,5978.0,0.003994346837723107
5879.0,5880.0,0.005694136369987508
5879.0,5979.0,0.003816428304053515
5880.0,5881.0,0.003846260617797176
5881.0,5882.0,0.007223760429305527
5881.0,5981.0,0.006198939554476999
5882.0,5883.0,0.005496698372656293
5882.0,5982.0,0.0031248348820394505
5883.0,5884.0,0.005304796174227402
5883.0,5983.0,0.003955730653116131
5884.0,5885.0,0.005629072396944581
5884.0,5984.0,0.004392723671028761
5885.0,5886.0,0.005672845229688331
5885.0,5985.0,0.0038401171857128324
5886.0,5887.0,0.005647957479468812
5886.0,5986.0,0.004373928991195946
5887.0,5888.0,0.00541911533002311
5887.0,5987.0,0.0048629200867396204
5888.0,5889.0,0.005929437369591973
5888.0,5988.0,0.004314811287878879
5889.0,5890.0,0.003724716242889922
5889.0,5989.0,0.0037863903509767483
5890.0,5891.0,0.008070948952876418
5890.0,5990.0,0.0037828198067051022
5891.0,5892.0,0.0027329412800069846
5891.0,5991.0,0.00501512213211471
5892.0,5893.0,0.00734901037284222
5893.0,5894.0,0.006846924960155726
5893.0,5993.0,0.00480086692275402
5894.0,5895.0,0.0038618459795706794
5894.0,5994.0,0.005257675547235819
5895.0,5896.0,0.0063386953744531595
5895.0,5995.0,0.003343715390099733
5896.0,5897.0,0.005334674427740436
5896.0,5996.0,0.003949404037317982
5897.0,5898.0,0.00554239388712429
5897.0,5997.0,0.00408200048995562
5898.0,5899.0,0.005445560118101485
5898.0,5998.0,0.0038926332989437703
5899.0,5999.0,0.004245627044382618
5944.0,5945.0,0.005524588194606576
5944.0,6044.0,0.0035576360423698375
5945.0,5946.0,0.00431196548455379
5945.0,6045.0,0.004363271307166782
5946.0,5947.0,0.007074364245641783
5946.0,6046.0,0.0038720532227834075
5947.0,5948.0,0.006174506037739258
5947.0,6047.0,0.004334254616430801
5948.0,5949.0,0.0046187293588134904
5948.0,6048.0,0.0038655928497433978
5949.0,5950.0,0.0054817933534651656
5949.0,6049.0,0.0039537990768355805
5950.0,5951.0,0.004334380455144709
5950.0,6050.0,0.004673323366726393
5951.0,6051.0,0.0037776324556505736
5953.0,5954.0,0.004495153836077007
5953.0,6053.0,0.003831990106980977
5954.0,5955.0,0.005906873796681443
5954.0,6054.0,0.004412422935306773
5955.0,5956.0,0.005476376291862177
5955.0,6055.0,0.0037939493209628644
5956.0,5957.0,0.005684250488847211
5956.0,6056.0,0.0037047774359642875
5957.0,5958.0,0.0056385388195976755
5957.0,6057.0,0.004239211570563739
5958.0,5959.0,0.005613757743249758
5958.0,6058.0,0.002721400126771946
5959.0,5960.0,0.0059528836256023026
5959.0,6059.0,0.0033870469143471764
5960.0,5961.0,0.005649719350563412
5960.0,6060.0,0.004321597738104313
5961.0,5962.0,0.005206300714516723
5961.0,6061.0,0.004322573978549083
5962.0,5963.0,0.005826653661405905
5962.0,6062.0,0.0037117052536555445
5963.0,5964.0,0.0057338306026532455
5963.0,6063.0,0.005067429821908571
5964.0,5965.0,0.004915172080412585
5964.0,6064.0,0.004568155458163545
5965.0,5966.0,0.005394699266872627
5965.0,6065.0,0.003850225246660622
5966.0,5967.0,0.0054165340292433636
5966.0,6066.0,0.004920970841203558
5967.0,5968.0,0.00545105324226575
5967.0,6067.0,0.0035424008878173437
5968.0,5969.0,0.006542666276071857
5968.0,6068.0,0.0033729235093661047
5969.0,5970.0,0.004908016642189144
5969.0,6069.0,0.0039173963291957705
5970.0,5971.0,0.005320549242325969
5970.0,6070.0,0.003944235129906857
5971.0,5972.0,0.00672743002712357
5971.0,6071.0,0.0046806233089201075
5972.0,5973.0,0.004960469720703512
5972.0,6072.0,0.004452729510082741
5973.0,6073.0,0.004370434446371368
5975.0,5976.0,0.004568634776382923
5975.0,6075.0,0.0037062899306424734
5976.0,5977.0,0.00653140796460653
5976.0,6076.0,0.003982859525522441
5977.0,5978.0,0.00528093268276249
5977.0,6077.0,0.004256067786117187
5978.0,5979.0,0.005861076778213934
5978.0,6078.0,0.004732099428369738
5979.0,6079.0,0.004364856297754835
5981.0,5982.0,0.008412784201440529
5981.0,6081.0,0.002666515246535643
5982.0,5983.0,0.004271999419472321
5982.0,6082.0,0.0064092345447795745
5983.0,5984.0,0.0050234205478025306
5983.0,6083.0,0.0040991528734574244
5984.0,5985.0,0.006278452118155331
5984.0,6084.0,0.003315340857285564
5985.0,5986.0,0.005384080313288212
5985.0,6085.0,0.004403353267681445
5986.0,5987.0,0.005386428282266788
5986.0,6086.0,0.005438621665460171
5987.0,5988.0,0.00548819806675951
5987.0,6087.0,0.003768612585557411
5988.0,5989.0,0.005361297816765962
5988.0,6088.0,0.003975532995714613
5989.0,5990.0,0.005600762956055399
5989.0,6089.0,0.004289949379657013
5990.0,5991.0,0.005732852875314918
5990.0,6090.0,0.004743560462352113
5991.0,6091.0,0.004306235130598121
5993.0,5994.0,0.004694318651304739
5993.0,6093.0,0.0037521474304698012
5994.0,5995.0,0.005838663609071783
5994.0,6094.0,0.0028525882598122044
5995.0,5996.0,0.005384034506769926
5995.0,6095.0,0.007100388654855962
5996.0,5997.0,0.006306689305801449
5996.0,6096.0,0.004433717209072325
5997.0,5998.0,0.004617044076030436
5997.0,6097.0,0.004905000897045936
5998.0,5999.0,0.006261476503198523
5998.0,6098.0,0.0036463257396993818
5999.0,6099.0,0.00409508510290111
6044.0,6045.0,0.004469171109947845
6044.0,6144.0,0.004919115697969445
6045.0,6046.0,0.007064591778730252
6045.0,6145.0,0.004341913396188825
6046.0,6047.0,0.004238649785004638
6046.0,6146.0,0.004342392889870884
6047.0,6048.0,0.0074786690828066455
6047.0,6147.0,0.004407575117903688
6048.0,6049.0,0.004548475508344256
6048.0,6148.0,0.00460244009195471
6049.0,6050.0,0.005531042435202939
6049.0,6149.0,0.004534789085508256
6050.0,6051.0,0.004793534150276291
6050.0,6150.0,0.0036631938878568257
6051.0,6151.0,0.0042152834163362175
6053.0,6054.0,0.004714426617316582
6054.0,6055.0,0.00510080198596289
6054.0,6154.0,0.003630328122910791
6055.0,6056.0,0.0049700912436210845
6055.0,6155.0,0.004346003092495558
6056.0,6057.0,0.005537228477328012
6056.0,6156.0,0.004615973272235443
6057.0,6058.0,0.007630500744379373
6057.0,6157.0,0.0033733867196007327
6058.0,6059.0,0.00386353067154854
6058.0,6158.0,0.006036010810132334
6059.0,6060.0,0.006407331382864797
6059.0,6159.0,0.005123179794813078
6060.0,6061.0,0.004713690618825238
6060.0,6160.0,0.004260153248422652
6061.0,6062.0,0.005770678036424047
6061.0,6161.0,0.004581169275411153
6062.0,6063.0,0.006400676917332063
6062.0,6162.0,0.004583081937951543
6063.0,6064.0,0.005356233606740146
6063.0,6163.0,0.0028894415550426746
6064.0,6065.0,0.005423038889772226
6064.0,6164.0,0.0033102684860936856
6065.0,6066.0,0.0056668592615249265
6065.0,6165.0,0.004118833705061002
6066.0,6067.0,0.006161059184915719
6066.0,6166.0,0.004068688515969083
6067.0,6068.0,0.005608016583430595
6067.0,6167.0,0.0042634708864985205
6068.0,6069.0,0.0052322523830478
6068.0,6168.0,0.004217493331351675
6069.0,6070.0,0.005627508240784784
6069.0,6169.0,0.004605333891260795
6070.0,6071.0,0.005752527879115694
6070.0,6170.0,0.004321555854086001
6071.0,6072.0,0.0037347641317794643
6071.0,6171.0,0.00443441329264342
6072.0,6073.0,0.00555681880665068
6072.0,6172.0,0.004796054305360484
6073.0,6173.0,0.003358272914752271
6075.0,6076.0,0.0044904285552743025
6075.0,6175.0,0.004241499699406244
6076.0,6077.0,0.0047758673557712055
6076.0,6176.0,0.0033585071088196587
6077.0,6078.0,0.005260485338835065
6077.0,6177.0,0.0036700551194777734
6078.0,6079.0,0.006507056362124421
6078.0,6178.0,0.0038006637578201865
6079.0,6080.0,0.00432746813969374
6079.0,6179.0,0.0037375286620911145
6080.0,6081.0,0.007002933118343857
6080.0,6180.0,0.005402854986028011
6081.0,6082.0,0.0049126725323376565
6081.0,6181.0,0.004626312598598045
6082.0,6083.0,0.0056424613361541285
6082.0,6182.0,0.0047461818938997315
6083.0,6084.0,0.0060716599773047095
6083.0,6183.0,0.004017539820592637
6084.0,6085.0,0.004836020057857083
6084.0,6184.0,0.00421508880571195
6085.0,6086.0,0.005816318509159634
6085.0,6185.0,0.004545791354651036
6086.0,6087.0,0.005251978865154724
6086.0,6186.0,0.003874317101115388
6087.0,6088.0,0.006184658309064823
6087.0,6187.0,0.0037079208459686935
6088.0,6089.0,0.005151492715711456
6088.0,6188.0,0.004523480989240695
6089.0,6090.0,0.005517167843199728
6089.0,6189.0,0.004167820324818982
6090.0,6091.0,0.0057669929434633616
6090.0,6190.0,0.004123084453414631
6091.0,6092.0,0.006736454278782399
6091.0,6191.0,0.0034338563875034134
6092.0,6093.0,0.004715329553690473
6092.0,6192.0,0.002751201332150379
6093.0,6094.0,0.005966429930872133
6093.0,6193.0,0.0034313925627961483
6094.0,6095.0,0.0067031327698306945
6094.0,6194.0,0.004623511548592702
6095.0,6096.0,0.00435585184436865
6095.0,6195.0,0.003022623856850108
6096.0,6097.0,0.0051481602121434215
6096.0,6196.0,0.004797755662804425
6097.0,6098.0,0.005976348182632512
6097.0,6197.0,0.004073866173552669
6098.0,6099.0,0.006200521619991099
6098.0,6198.0,0.00405185973350775
6099.0,6199.0,0.005010380274993415
6144.0,6145.0,0.0034812876813032105
6145.0,6146.0,0.007042556456993268
6145.0,6245.0,0.003936977166553042
6146.0,6147.0,0.004337017801442763
6146.0,6246.0,0.004409960708440954
6147.0,6148.0,0.007061734340089029
6147.0,6247.0,0.0038211241304073776
6148.0,6149.0,0.004635585572494125
6148.0,6248.0,0.004430276028642748
6149.0,6150.0,0.005824336879849032
6149.0,6249.0,0.004627824168006458
6150.0,6151.0,0.0052111188750655025
6150.0,6250.0,0.004594703438746996
6151.0,6152.0,0.006165389149116109
6151.0,6251.0,0.004106627971946334
6152.0,6252.0,0.0038287346643567743
6154.0,6155.0,0.004221136967684478
6154.0,6254.0,0.005836101323659768
6155.0,6156.0,0.0053490085885154115
6155.0,6255.0,0.003361194699806496
6156.0,6157.0,0.00506550935247381
6156.0,6256.0,0.004683699392574886
6157.0,6158.0,0.005914029172232027
6157.0,6257.0,0.004813087366758201
6158.0,6159.0,0.006168563479448844
6158.0,6258.0,0.003994634497670648
6159.0,6160.0,0.005411787360938462
6159.0,6259.0,0.0043193536611422605
6160.0,6161.0,0.005587661666564948
6160.0,6260.0,0.0028856085146798634
6161.0,6162.0,0.005894031438665855
6161.0,6261.0,0.0033504501981121513
6162.0,6163.0,0.005354553338051135
6162.0,6262.0,0.004042840062381831
6163.0,6164.0,0.005129823047628203
6163.0,6263.0,0.004923506173449028
6164.0,6165.0,0.005634222943762452
6164.0,6264.0,0.004053924444283618
6165.0,6166.0,0.00563041457975449
6165.0,6265.0,0.004026433599358079
6166.0,6167.0,0.006055386775436763
6166.0,6266.0,0.004036219639713628
6167.0,6168.0,0.004672514098416151
6167.0,6267.0,0.005981857501643802
6168.0,6169.0,0.005671513576647368
6168.0,6268.0,0.0038893675192771915
6169.0,6170.0,0.005376420300716059
6169.0,6269.0,0.003501035311163939
6170.0,6171.0,0.006656516825634362
6170.0,6270.0,0.004532795703537281
6171.0,6172.0,0.004817396376672843
6171.0,6271.0,0.002941372366775129
6172.0,6173.0,0.005992399474336613
6172.0,6272.0,0.0043859914101603845
6173.0,6174.0,0.005693001986654203
6173.0,6273.0,0.00579975676213966
6174.0,6175.0,0.005191935597632571
6174.0,6274.0,0.0052400023854956845
6175.0,6176.0,0.005228103817835732
6175.0,6275.0,0.0051778785404788695
6176.0,6177.0,0.0056944630457928525
6176.0,6276.0,0.004146309805117785
6177.0,6178.0,0.005726672312964264
6177.0,6277.0,0.00467645012589602
6178.0,6179.0,0.005137802837791676
6178.0,6278.0,0.003945692944207679
6179.0,6180.0,0.00620523649831898
6179.0,6279.0,0.004879966495785764
6180.0,6181.0,0.005623598936623743
6180.0,6280.0,0.002656777747570996
6181.0,6182.0,0.005684602712584328
6181.0,6281.0,0.0026900499995388123
6182.0,6183.0,0.005089838469929955
6182.0,6282.0,0.004376936143016436
6183.0,6184.0,0.006238052696955612
6183.0,6283.0,0.003918130351325202
6184.0,6185.0,0.005565581791696217
6184.0,6284.0,0.005398408728501351
6185.0,6186.0,0.005221096842610134
6185.0,6285.0,0.0038755066043018307
6186.0,6187.0,0.0053495278296382945
6186.0,6286.0,0.003687921908065143
6187.0,6188.0,0.005521715242560247
6187.0,6287.0,0.004179429010045229
6188.0,6189.0,0.005653452569902956
6188.0,6288.0,0.004051984651988651
6189.0,6190.0,0.005449140286314068
6189.0,6289.0,0.003938837921268078
6190.0,6191.0,0.0061148163251285815
6190.0,6290.0,0.0036027969690280133
6191.0,6192.0,0.005917888918348319
6191.0,6291.0,0.0046771929412821244
6192.0,6193.0,0.004479544067199498
6192.0,6292.0,0.004619308797855291
6193.0,6194.0,0.008346920802306621
6193.0,6293.0,0.004571850672322167
6194.0,6195.0,0.0031032175189649332
6194.0,6294.0,0.004514170197276062
6195.0,6196.0,0.006667168953162973
6195.0,6295.0,0.0029567387439562005
6196.0,6197.0,0.0037920206025254576
6196.0,6296.0,0.0040550079025855005
6197.0,6198.0,0.007735888082183437
6197.0,6297.0,0.002205490986149355
6198.0,6199.0,0.004009788981981752
6198.0,6298.0,0.0031750966678150477
6245.0,6246.0,0.004451884249397926
6245.0,6345.0,0.004879373755920612
6246.0,6247.0,0.0068298182186702595
6246.0,6346.0,0.003913342378329007
6247.0,6248.0,0.004334322613739678
6247.0,6347.0,0.004446790433566717
6248.0,6249.0,0.004267643380132888
6248.0,6348.0,0.004360698377552522
6249.0,6250.0,0.00776197482925937
6249.0,6349.0,0.0038835066692290802
6250.0,6251.0,0.00423342227990264
6250.0,6350.0,0.004536458570293567
6251.0,6252.0,0.005988870892740171
6251.0,6351.0,0.0039003560670791437
6252.0,6253.0,0.004491707955787894
6252.0,6352.0,0.004219446409181113
6253.0,6254.0,0.0056547215616638835
6253.0,6353.0,0.003695447331511413
6254.0,6255.0,0.006652459293370003
6254.0,6354.0,0.003517280536152355
6255.0,6256.0,0.006547008624562553
6255.0,6355.0,0.005968780198665928
6256.0,6257.0,0.005444550762002438
6256.0,6356.0,0.003657850543691054
6257.0,6258.0,0.004911379651374316
6257.0,6357.0,0.003951602459763007
6258.0,6259.0,0.005266455477832323
6258.0,6358.0,0.004252505761312734
6259.0,6260.0,0.0052669795718187995
6259.0,6359.0,0.005011422041695251
6260.0,6261.0,0.005851099873532714
6260.0,6360.0,0.0059235361575689024
6261.0,6262.0,0.005972395809052756
6261.0,6361.0,0.0045745327914422755
6262.0,6263.0,0.005489782125011379
6262.0,6362.0,0.003708535886300831
6263.0,6264.0,0.00595107503732671
6263.0,6363.0,0.003124901742458533
6264.0,6265.0,0.005612899807584698
6264.0,6364.0,0.004564530583754084
6265.0,6266.0,0.004690999851853554
6265.0,6365.0,0.0035954721539676318
6266.0,6267.0,0.005594146874183907
6266.0,6366.0,0.003645106036862629
6267.0,6268.0,0.006154120935596315
6267.0,6367.0,0.003647821044129979
6268.0,6269.0,0.005668273405541684
6268.0,6368.0,0.004621603542056768
6269.0,6270.0,0.005812029790876763
6269.0,6369.0,0.0037891194887433575
6270.0,6271.0,0.005860922338677981
6270.0,6370.0,0.0034812784102958255
6271.0,6272.0,0.005764937746407858
6271.0,6371.0,0.0037198293321084657
6272.0,6273.0,0.00353079600232742
6272.0,6372.0,0.002374540622941198
6273.0,6274.0,0.00663325927730683
6273.0,6373.0,0.0037509132874469584
6274.0,6275.0,0.005516290906942847
6274.0,6374.0,0.0028620459150746715
6275.0,6276.0,0.005389853639008065
6275.0,6375.0,0.003957957091729553
6276.0,6277.0,0.006288845044994235
6276.0,6376.0,0.00507221736521304
6277.0,6278.0,0.005678349391328142
6277.0,6377.0,0.003410708137616575
6278.0,6279.0,0.005869627842549461
6278.0,6378.0,0.004826828525030248
6279.0,6280.0,0.005490675459364237
6279.0,6379.0,0.004178862285364069
6280.0,6281.0,0.004676501683947685
6280.0,6380.0,0.004451763957131534
6281.0,6282.0,0.006221442035414092
6281.0,6381.0,0.0051970380352682624
6282.0,6283.0,0.0059133077883781115
6282.0,6382.0,0.0032077686949024517
6283.0,6284.0,0.0053531842224942205
6283.0,6383.0,0.004784821104286971
6284.0,6285.0,0.005801800041359878
6284.0,6384.0,0.003493208112895025
6285.0,6286.0,0.00453864517229773
6285.0,6385.0,0.004833355407996275
6286.0,6287.0,0.0058075566678258425
6286.0,6386.0,0.004739308035992607
6287.0,6288.0,0.005816758053239629
6287.0,6387.0,0.0045249834563203355
6288.0,6289.0,0.006624352965392228
6288.0,6388.0,0.0037368902914050486
6289.0,6290.0,0.0049985376471516525
6289.0,6389.0,0.00508669691646489
6290.0,6291.0,0.005431617751650334
6290.0,6390.0,0.003790721594891359
6291.0,6292.0,0.006117751404722079
6292.0,6293.0,0.005102462292847363
6292.0,6392.0,0.003764662408504582
6293.0,6294.0,0.005825685624893211
6293.0,6393.0,0.004411100769647813
6294.0,6295.0,0.004437572759966399
6294.0,6394.0,0.004518605979720227
6295.0,6296.0,0.00590981053672222
6295.0,6395.0,0.005552639462451923
6296.0,6297.0,0.005801576565895676
6296.0,6396.0,0.003286419598889485
6297.0,6298.0,0.006676412776343687
6297.0,6397.0,0.005021412464635435
6344.0,6345.0,0.008113061540504915
6345.0,6346.0,0.0052557449947547115
6346.0,6347.0,0.005927657420092916
6346.0,6446.0,0.004546954640190052
6347.0,6348.0,0.0042557558694077185
6347.0,6447.0,0.004358312569102372
6348.0,6349.0,0.007072000260885711
6348.0,6448.0,0.004362005558231592
6349.0,6350.0,0.004614811235580769
6349.0,6449.0,0.004395771583010409
6350.0,6351.0,0.005842048754508891
6350.0,6450.0,0.004214906976433126
6351.0,6352.0,0.00523983673218763
6351.0,6451.0,0.004626301780041471
6352.0,6353.0,0.00600058128017271
6352.0,6452.0,0.004069224850023557
6353.0,6354.0,0.006216405762980181
6353.0,6453.0,0.004054724920386
6354.0,6355.0,0.004289813217384971
6354.0,6454.0,0.004918003250308922
6355.0,6356.0,0.006410811032155285
6355.0,6455.0,0.0024779154545668523
6356.0,6357.0,0.0062272642468413995
6356.0,6456.0,0.004061007879832175
6357.0,6358.0,0.004818429446407198
6357.0,6457.0,0.004599005807778028
6358.0,6359.0,0.006010385602428483
6358.0,6458.0,0.004856867272225394
6359.0,6360.0,0.00591845530017269
6359.0,6459.0,0.0035402545445155785
6360.0,6361.0,0.00382821765838706
6360.0,6460.0,0.0037152238707770188
6361.0,6362.0,0.0063556001589050145
6361.0,6461.0,0.004420028001037527
6362.0,6363.0,0.006321617585717757
6362.0,6462.0,0.005266281095803725
6363.0,6364.0,0.0045763592920617085
6363.0,6463.0,0.005523524979572623
6364.0,6365.0,0.005766152895123668
6364.0,6464.0,0.0058472865784060845
6365.0,6366.0,0.0056085924259121865
6365.0,6465.0,0.005072245104488974
6366.0,6367.0,0.005610215860372066
6366.0,6466.0,0.0037768504881738794
6367.0,6368.0,0.005847267139451247
6367.0,6467.0,0.003704914359339529
6368.0,6369.0,0.0058516025155419165
6368.0,6468.0,0.0048578216651092646
6369.0,6370.0,0.0049956510887032525
6369.0,6469.0,0.00506452540125951
6370.0,6371.0,0.006550145223579799
6370.0,6470.0,0.0045610193038411835
6371.0,6372.0,0.004054830887959346
6371.0,6471.0,0.004998396039729594
6372.0,6373.0,0.0071140880715662505
6373.0,6374.0,0.004496383307731282
6374.0,6375.0,0.006926997783312167
6374.0,6474.0,0.003363323977855457
6375.0,6376.0,0.0041340366822269605
6375.0,6475.0,0.004088039154661728
6376.0,6377.0,0.006719875370870819
6376.0,6476.0,0.003193491036473134
6377.0,6378.0,0.006362057607408732
6377.0,6477.0,0.004881726026723988
6378.0,6379.0,0.0036822065395606825
6378.0,6478.0,0.003907438536938593
6379.0,6380.0,0.0058107239591992255
6379.0,6479.0,0.003672316959355957
6380.0,6381.0,0.005744288158684496
6380.0,6480.0,0.0047516299119322565
6381.0,6382.0,0.005625791814499388
6381.0,6481.0,0.003987117999257532
6382.0,6383.0,0.005477355566322932
6382.0,6482.0,0.003606814245284004
6383.0,6384.0,0.005652320673847021
6383.0,6483.0,0.0028301590061350344
6384.0,6385.0,0.0049871064255672445
6384.0,6484.0,0.0038870427062265506
6385.0,6386.0,0.005255856729411313
6385.0,6485.0,0.003612852958538366
6386.0,6387.0,0.006000751527091835
6386.0,6486.0,0.004223455914290236
6387.0,6388.0,0.006082994369550929
6387.0,6487.0,0.004215628495256241
6388.0,6389.0,0.0054656200837716416
6388.0,6488.0,0.004308792899412863
6389.0,6390.0,0.00477509338547051
6389.0,6489.0,0.002801651516517038
6392.0,6393.0,0.006671822015008627
6392.0,6492.0,0.004501484539575211
6393.0,6394.0,0.004358828397633051
6393.0,6493.0,0.004344350354201291
6394.0,6395.0,0.006063577574331442
6394.0,6494.0,0.0041810980615193585
6395.0,6396.0,0.004553904917763567
6395.0,6495.0,0.0042050915911536705
6396.0,6397.0,0.006640334112831601
6396.0,6496.0,0.0030927210187809517
6446.0,6447.0,0.006255413374029012
6446.0,6546.0,0.0041854327434537675
6447.0,6448.0,0.004259276168551609
6447.0,6547.0,0.004360487285838569
6448.0,6449.0,0.007105141634758346
6448.0,6548.0,0.004004383710378554
6449.0,6450.0,0.0037953194450575764
6449.0,6549.0,0.004430781593581058
6450.0,6451.0,0.00620526707321804
6450.0,6550.0,0.00503030641212878
6451.0,6452.0,0.006201110644073539
6451.0,6551.0,0.0038697215300335765
6452.0,6453.0,0.006000639199273745
6452.0,6552.0,0.0045315935762112675
6453.0,6454.0,0.005696999675271473
6453.0,6553.0,0.0042545433233210144
6454.0,6455.0,0.005032689278109
6454.0,6554.0,0.004190651229820111
6455.0,6456.0,0.006899883825842156
6455.0,6555.0,0.0055752989390677465
6456.0,6457.0,0.004280080431482456
6456.0,6556.0,0.00429213865689365
6457.0,6458.0,0.005126240065588812
6457.0,6557.0,0.00371016064611852
6458.0,6459.0,0.005914379971730179
6458.0,6558.0,0.0039959221976886075
6459.0,6460.0,0.006100914460135625
6459.0,6559.0,0.004179866778974656
6460.0,6461.0,0.005295380373492014
6460.0,6560.0,0.004537102539066387
6461.0,6462.0,0.006012955533678604
6461.0,6561.0,0.0038576385574609156
6462.0,6463.0,0.004308167879739344
6462.0,6562.0,0.0038088957402361277
6463.0,6464.0,0.006409558128295416
6463.0,6563.0,0.004463425219491853
6464.0,6465.0,0.005340607834330812
6464.0,6564.0,0.003343936724874187
6465.0,6466.0,0.005751777694763764
6465.0,6565.0,0.0030543111711208064
6466.0,6467.0,0.005007697269202277
6466.0,6566.0,0.004404297467246244
6467.0,6468.0,0.005668347385265677
6467.0,6567.0,0.004022874436263786
6468.0,6469.0,0.005461965606809076
6468.0,6568.0,0.0038377370689021625
6469.0,6470.0,0.005980638719227198
6469.0,6569.0,0.003700777400767271
6470.0,6471.0,0.003404353426133472
6470.0,6570.0,0.003845181692718237
6474.0,6475.0,0.004192907451869978
6474.0,6574.0,0.00583995304946604
6475.0,6476.0,0.006326949043578432
6475.0,6575.0,0.0044098138021891825
6476.0,6477.0,0.007047600797428499
6476.0,6576.0,0.004646977512315073
6477.0,6478.0,0.004352859694509819
6477.0,6577.0,0.0035333066665693717
6478.0,6479.0,0.005302414198265332
6478.0,6578.0,0.004891066337725788
6479.0,6480.0,0.00528703782849434
6479.0,6579.0,0.005024344439825214
6480.0,6481.0,0.005608034847429825
6480.0,6580.0,0.003943274939694217
6481.0,6482.0,0.005619488677817524
6481.0,6581.0,0.0039423333192421545
6482.0,6483.0,0.005638508402041397
6482.0,6582.0,0.003943188811105829
6483.0,6484.0,0.006108013425000683
6483.0,6583.0,0.005021412443724426
6484.0,6485.0,0.004883650786040291
6484.0,6584.0,0.005285058372428804
6485.0,6486.0,0.005993953036191865
6485.0,6585.0,0.004138908672588668
6486.0,6487.0,0.005183231906836756
6486.0,6586.0,0.0037125836017531614
6487.0,6488.0,0.005824750810117896
6487.0,6587.0,0.004081303713273727
6488.0,6489.0,0.0055567978809679145
6488.0,6588.0,0.004143643927749396
6489.0,6589.0,0.0051277424155303135
6491.0,6492.0,0.004978681000033267
6491.0,6591.0,0.0041388783456382
6492.0,6493.0,0.005129524642688861
6492.0,6592.0,0.004824490797999616
6493.0,6494.0,0.00609597457343978
6493.0,6593.0,0.004220369506331774
6494.0,6495.0,0.006209366963705359
6494.0,6594.0,0.004624445935458278
6495.0,6496.0,0.004238484853104834
6495.0,6595.0,0.0036801402975932635
6546.0,6547.0,0.0034787570912675697
6547.0,6548.0,0.007126481233392838
6547.0,6647.0,0.004871071554599665
6548.0,6549.0,0.004240783569111084
6548.0,6648.0,0.004334584215357418
6549.0,6550.0,0.008289612180303869
6549.0,6649.0,0.0043480621534188685
6550.0,6551.0,0.003024527085352864
6550.0,6650.0,0.007571071155390546
6551.0,6552.0,0.004688942844612786
6551.0,6651.0,0.003941589854358024
6552.0,6553.0,0.006840767413815192
6552.0,6652.0,0.004035262442522673
6553.0,6554.0,0.0059960301083320615
6553.0,6653.0,0.0041131449694853835
6554.0,6555.0,0.004190840357253912
6554.0,6654.0,0.0042108595048951335
6555.0,6556.0,0.006513797087717073
6555.0,6655.0,0.0037507245073474483
6556.0,6557.0,0.006054138472985064
6556.0,6656.0,0.006636584137190738
6557.0,6558.0,0.004684022288586608
6557.0,6657.0,0.00415880154010851
6558.0,6559.0,0.006026425359193158
6558.0,6658.0,0.003957282110239804
6559.0,6560.0,0.005697292347251621
6559.0,6659.0,0.004240805613326821
6560.0,6561.0,0.005198607241375333
6560.0,6660.0,0.0029415337241018393
6561.0,6562.0,0.005567780449152575
6561.0,6661.0,0.004109848324451633
6562.0,6563.0,0.005892153179435165
6562.0,6662.0,0.004515733522914247
6563.0,6564.0,0.005086487335091985
6563.0,6663.0,0.003342871729515169
6564.0,6565.0,0.005998522872342165
6564.0,6664.0,0.0032904934584388665
6565.0,6566.0,0.005939700389747993
6565.0,6665.0,0.004720613235586583
6566.0,6567.0,0.005359200284553588
6566.0,6666.0,0.004505044293903243
6567.0,6568.0,0.004294970030171483
6567.0,6667.0,0.0031284451249754424
6568.0,6569.0,0.0067692181357949886
6568.0,6668.0,0.0035468196965708415
6569.0,6570.0,0.005089617377554779
6569.0,6669.0,0.0023242463402113975
6573.0,6574.0,0.005048252394631422
6573.0,6673.0,0.00420495524946739
6574.0,6575.0,0.006404405575073111
6574.0,6674.0,0.004677411100171164
6575.0,6576.0,0.005545611923859675
6575.0,6675.0,0.003746338699318642
6576.0,6577.0,0.005743184221313715
6576.0,6676.0,0.004357408166561917
6577.0,6578.0,0.005280112120024181
6577.0,6677.0,0.004494096127144428
6578.0,6579.0,0.005387496728541199
6578.0,6678.0,0.0037801815247404326
6579.0,6580.0,0.005490255549597627
6579.0,6679.0,0.0033384086508364726
6580.0,6581.0,0.005611434754144712
6580.0,6680.0,0.004375648637629257
6581.0,6582.0,0.005618413032163474
6581.0,6681.0,0.0050030367777916624
6582.0,6583.0,0.004855239163011069
6582.0,6682.0,0.004806787231613281
6583.0,6584.0,0.005740267513796629
6583.0,6683.0,0.0044483399521633455
6584.0,6585.0,0.006459493788223162
6584.0,6684.0,0.0037750827805481395
6585.0,6586.0,0.005358369621437276
6585.0,6685.0,0.0037810590712121796
6586.0,6587.0,0.0047599430668942766
6586.0,6686.0,0.004193390990597839
6587.0,6588.0,0.006178678256708636
6587.0,6687.0,0.00396113935630281
6588.0,6589.0,0.0029655238474827063
6588.0,6688.0,0.002132180754534853
6589.0,6590.0,0.007963314491463338
6590.0,6591.0,0.005420694143742228
6590.0,6690.0,0.003969906799908791
6591.0,6592.0,0.005728947983710214
6591.0,6691.0,0.005537797486368031
6592.0,6593.0,0.006014622130279102
6592.0,6692.0,0.003446730282453129
6593.0,6594.0,0.004951535044813167
6593.0,6693.0,0.0043944038924495265
6594.0,6595.0,0.004166495679825419
6594.0,6694.0,0.0026532568251121918
6647.0,6648.0,0.006192152867942423
6647.0,6747.0,0.003964496583421856
6648.0,6649.0,0.004243105957902379
6648.0,6748.0,0.004948337718868782
6649.0,6650.0,0.0042693468786197085
6649.0,6749.0,0.004395934285224777
6650.0,6651.0,0.010189797282088388
6650.0,6750.0,0.003249866326487503
6651.0,6652.0,0.0032817465106278446
6652.0,6653.0,0.006210103033768799
6652.0,6752.0,0.004017184079674274
6653.0,6654.0,0.006079559764485617
6653.0,6753.0,0.004652354712398993
6654.0,6655.0,0.0031893133116674276
6654.0,6754.0,0.004224536662167195
6655.0,6656.0,0.004573509131947349
6655.0,6755.0,0.00420351168072918
6656.0,6657.0,0.00850779287771868
6656.0,6756.0,0.0015513314571663766
6657.0,6658.0,0.004975945073045765
6657.0,6757.0,0.0035541131960028964
6658.0,6659.0,0.006128285127183402
6658.0,6758.0,0.002410343919439981
6659.0,6660.0,0.004699716890401977
6659.0,6759.0,0.0037695246623355035
6660.0,6661.0,0.0063180675407977695
6660.0,6760.0,0.005228161356540069
6661.0,6662.0,0.005853935941736519
6661.0,6761.0,0.004852763274669327
6662.0,6663.0,0.005852627720941517
6662.0,6762.0,0.0036303043687843746
6663.0,6664.0,0.005021344550017177
6663.0,6763.0,0.003863488216625121
6664.0,6665.0,0.0060094967484912954
6664.0,6764.0,0.003877265771132042
6665.0,6666.0,0.005199677837130438
6665.0,6765.0,0.004103770857392048
6666.0,6667.0,0.008294100738471746
6667.0,6668.0,0.0028573312618627956
6668.0,6669.0,0.006478839292658534
6673.0,6674.0,0.00465268492916736
6673.0,6773.0,0.0048396312845085205
6674.0,6675.0,0.004935367959933217
6674.0,6774.0,0.004314108483801527
6675.0,6676.0,0.006569518324050977
6675.0,6775.0,0.006083501301881125
6676.0,6677.0,0.005953265249428219
6676.0,6776.0,0.0032728446480080383
6677.0,6678.0,0.0050264048742528445
6677.0,6777.0,0.004944546895316045
6678.0,6679.0,0.00581848569303398
6678.0,6778.0,0.0040867390618916245
6679.0,6680.0,0.004112256961808661
6679.0,6779.0,0.004453752655907008
6680.0,6681.0,0.005765865069536909
6680.0,6780.0,0.004229236928806661
6681.0,6682.0,0.0064093049927375885
6681.0,6781.0,0.0040616775512127366
6682.0,6683.0,0.005355942386738017
6682.0,6782.0,0.004216654585092663
6683.0,6684.0,0.006471082433405222
6683.0,6783.0,0.003342143183641095
6684.0,6685.0,0.004812500566240348
6684.0,6784.0,0.0034088099096340582
6685.0,6686.0,0.006223176849476687
6685.0,6785.0,0.004091960745165842
6686.0,6687.0,0.004550068680809264
6686.0,6786.0,0.004323844238635832
6687.0,6688.0,0.006607751657715253
6687.0,6787.0,0.004793912911182968
6690.0,6691.0,0.005247326366837159
6690.0,6790.0,0.004529808825988369
6691.0,6692.0,0.005624738504140917
6691.0,6791.0,0.004272582942438434
6692.0,6693.0,0.004811180129658454
6692.0,6792.0,0.003754754351485345
6693.0,6694.0,0.004412937462731695
6747.0,6748.0,0.0035368984944452384
6748.0,6749.0,0.003837394278673931
6748.0,6848.0,0.003405775967382538
6749.0,6750.0,0.006695049129777924
6749.0,6849.0,0.0039510067425871116
6750.0,6850.0,0.004447174500735027
6752.0,6753.0,0.004708590771136016
6752.0,6852.0,0.0038772023960576586
6753.0,6754.0,0.006810259793134863
6753.0,6853.0,0.004029237194551466
6754.0,6755.0,0.0033275601752598585
6754.0,6854.0,0.00462014935040184
6755.0,6756.0,0.005187359012054698
6755.0,6855.0,0.004134770131458761
6756.0,6757.0,0.007725707745583285
6756.0,6856.0,0.0059913441196482045
6757.0,6758.0,0.0058349810496575345
6758.0,6759.0,0.00666956703018025
6758.0,6858.0,0.006885606948554418
6759.0,6760.0,0.00386952256487085
6760.0,6761.0,0.005892409045543848
6760.0,6860.0,0.0049538670844058745
6761.0,6762.0,0.005295928738182093
6761.0,6861.0,0.003290245493882684
6762.0,6763.0,0.005405203467960421
6762.0,6862.0,0.003423465362755854
6763.0,6764.0,0.005120137120232719
6763.0,6863.0,0.0028535394740609745
6764.0,6765.0,0.005049902004992852
6764.0,6864.0,0.003388634515552095
6773.0,6774.0,0.005468400074059923
6773.0,6873.0,0.0031605238632232916
6774.0,6775.0,0.002692530902324515
6774.0,6874.0,0.0030748288667812674
6775.0,6776.0,0.010707914727439498
6775.0,6875.0,0.0037344205400517607
6776.0,6777.0,0.004415825143729586
6777.0,6778.0,0.005454479351868984
6777.0,6877.0,0.0031124150703255335
6778.0,6779.0,0.0048381653547665505
6778.0,6878.0,0.003834694903119377
6779.0,6780.0,0.005504161698204016
6779.0,6879.0,0.004132977861057453
6780.0,6781.0,0.006210700051520887
6780.0,6880.0,0.004200629714703593
6781.0,6782.0,0.005143145450984933
6781.0,6881.0,0.0037168275087762297
6782.0,6783.0,0.006420883506186557
6782.0,6882.0,0.00424341195266498
6783.0,6784.0,0.005011340040345696
6783.0,6883.0,0.0053384424039272845
6784.0,6785.0,0.006025720511285503
6784.0,6884.0,0.004512313155135165
6785.0,6786.0,0.004696516653858993
6785.0,6885.0,0.00479723942283536
6786.0,6787.0,0.006738227437541744
6786.0,6886.0,0.0048836390120478084
6787.0,6887.0,0.004197447411226589
6790.0,6791.0,0.00562982424237417
6790.0,6890.0,0.003513733769085009
6791.0,6792.0,0.00456377208895904
6791.0,6891.0,0.004080970717857275
6848.0,6849.0,0.006071988172742187
6848.0,6948.0,0.004753277430361035
6849.0,6850.0,0.005247085778798385
6849.0,6949.0,0.003974695721692364
6850.0,6851.0,0.004328577006352478
6850.0,6950.0,0.004427781707583238
6851.0,6852.0,0.008595837133174739
6851.0,6951.0,0.004036586590181546
6852.0,6853.0,0.004909446343529182
6853.0,6854.0,0.004136560167577978
6853.0,6953.0,0.0038737790257078876
6854.0,6855.0,0.005224102856956062
6854.0,6954.0,0.0046325992919731135
6855.0,6856.0,0.004755515635540984
6855.0,6955.0,0.004194146218237344
6856.0,6956.0,0.003824103964325525
6858.0,6958.0,0.004014005682608053
6860.0,6861.0,0.005697570404996947
6861.0,6862.0,0.004901202668742595
6861.0,6961.0,0.004063296559447357
6862.0,6863.0,0.006747246037453659
6863.0,6864.0,0.0041883308465273696
6871.0,6872.0,0.004291507858549291
6871.0,6971.0,0.001901106546201972
6872.0,6873.0,0.005855706916334483
6872.0,6972.0,0.0017986800716089954
6873.0,6874.0,0.006350800910128481
6873.0,6973.0,0.0042560005180901144
6874.0,6875.0,0.004710040366057733
6874.0,6974.0,0.005076715446035528
6875.0,6975.0,0.004640878849962317
6877.0,6878.0,0.006722321739552631
6877.0,6977.0,0.0049937828717300185
6878.0,6879.0,0.0048865653582022845
6878.0,6978.0,0.004713704133692491
6879.0,6880.0,0.005509222086654362
6879.0,6979.0,0.004301377780434529
6880.0,6881.0,0.005681611127132388
6880.0,6980.0,0.004017204844166702
6881.0,6882.0,0.005707109338362374
6881.0,6981.0,0.0043479656403857345
6882.0,6883.0,0.004786057260412651
6882.0,6982.0,0.004173359557954319
6883.0,6884.0,0.007468898387990159
6883.0,6983.0,0.0030131510449993354
6884.0,6885.0,0.00342297619185022
6884.0,6984.0,0.004634473136189214
6885.0,6886.0,0.006015846490727833
6885.0,6985.0,0.003875205542935322
6886.0,6887.0,0.004028895055718157
6886.0,6986.0,0.0028812290780097865
6890.0,6891.0,0.0026790419929524872
6948.0,6949.0,0.004441646210586819
6949.0,6950.0,0.0037715568270885107
6949.0,7049.0,0.0036935570294734633
6950.0,6951.0,0.007132188921367002
6950.0,7050.0,0.003955443779151622
6951.0,7051.0,0.004378576112165778
6953.0,6954.0,0.004757238043230175
6953.0,7053.0,0.003374813436323404
6954.0,6955.0,0.0040566038653024935
6954.0,7054.0,0.003953527130301357
6955.0,6956.0,0.005993160128848241
6955.0,7055.0,0.0038778099386161283
6956.0,6957.0,0.007412508914000103
6956.0,7056.0,0.004189071450813589
6957.0,6958.0,0.00439759320537339
6957.0,7057.0,0.005701985341966799
6958.0,6959.0,0.004971282751964427
6959.0,7059.0,0.0055246184094454275
6971.0,6972.0,0.00362634222874523
6972.0,6973.0,0.005522540851816497
6972.0,7072.0,0.00449440344539342
6973.0,6974.0,0.005787106054843107
6973.0,7073.0,0.0042999024198239495
6974.0,6975.0,0.00571834759086031
6974.0,7074.0,0.004009052587582786
6975.0,6976.0,0.00541892837468919
6975.0,7075.0,0.0034418731600625884
6976.0,6977.0,0.005598852454742756
6976.0,7076.0,0.003512239428054581
6977.0,6978.0,0.005222911442873783
6977.0,7077.0,0.0031069514012956943
6978.0,6979.0,0.0066101421293374525
6978.0,7078.0,0.004125326908258453
6979.0,6980.0,0.004508037960120079
6979.0,7079.0,0.004593324265721952
6980.0,6981.0,0.006433766244601164
6980.0,7080.0,0.004164225561850705
6981.0,6982.0,0.00475603738525673
6981.0,7081.0,0.004322681021078877
6982.0,6983.0,0.005719689369180259
6982.0,7082.0,0.003873861381101064
6983.0,6984.0,0.004671639335399185
6983.0,7083.0,0.006163097748698538
6984.0,6985.0,0.007057033056465374
6984.0,7084.0,0.004321122457185187
6985.0,6986.0,0.0038943328055043207
6985.0,7085.0,0.005073664052732149
6986.0,7086.0,0.0048621487276709644
7049.0,7050.0,0.005409047391173656
7050.0,7051.0,0.005549796289061089
7050.0,7150.0,0.003853077659478493
7051.0,7052.0,0.004273887843640785
7051.0,7151.0,0.0044413357776657385
7052.0,7053.0,0.008264490326680992
7052.0,7152.0,0.0038905640130936225
7053.0,7054.0,0.005356888740678994
7054.0,7055.0,0.00415075942088235
7054.0,7154.0,0.0032005868586841555
7055.0,7056.0,0.005265562618563734
7055.0,7155.0,0.004018051766712975
7056.0,7057.0,0.0057074839587969725
7056.0,7156.0,0.004134282128738395
7057.0,7157.0,0.0043185520686962455
7059.0,7159.0,0.004259049389240603
7072.0,7073.0,0.004687210975620693
7073.0,7074.0,0.0053667966609503345
7073.0,7173.0,0.002812256161873641
7074.0,7075.0,0.0039411991081445275
7074.0,7174.0,0.0032895025231736144
7075.0,7076.0,0.006677183109671771
7075.0,7175.0,0.0035988834004466656
7076.0,7077.0,0.005397703913691522
7076.0,7176.0,0.007178042856516179
7077.0,7078.0,0.00631520569183087
7077.0,7177.0,0.004956246944008731
7078.0,7079.0,0.0052869461166068984
7078.0,7178.0,0.005069457916777714
7079.0,7080.0,0.007050618628882732
7079.0,7179.0,0.0038621710215826287
7080.0,7081.0,0.005609020560671532
7080.0,7180.0,0.0035812013319619007
7081.0,7082.0,0.004464818249383609
7081.0,7181.0,0.00420774039122915
7082.0,7083.0,0.004485970452429154
7082.0,7182.0,0.003879025264165914
7083.0,7084.0,0.007492273191089004
7083.0,7183.0,0.0016106664955806331
7084.0,7085.0,0.0043824531087089166
7085.0,7086.0,0.005974443134719645
7085.0,7185.0,0.004064863605337032
7086.0,7087.0,0.0038572757459008514
7086.0,7186.0,0.0042165123799173835
7150.0,7151.0,0.004363874843529983
7150.0,7250.0,0.003695945720654146
7151.0,7152.0,0.005569146520787654
7151.0,7251.0,0.0038578733843959486
7152.0,7252.0,0.003894389998445319
7154.0,7155.0,0.0045779202494104195
7154.0,7254.0,0.004758819564770844
7155.0,7156.0,0.0047509445597706725
7155.0,7255.0,0.0040339846430066766
7156.0,7157.0,0.0059947068560521595
7156.0,7256.0,0.003940623425299064
7157.0,7158.0,0.006077630891224413
7157.0,7257.0,0.004231602287547314
7158.0,7159.0,0.007435870653126052
7158.0,7258.0,0.0028776223970438664
7159.0,7160.0,0.0038656207483492096
7159.0,7259.0,0.006246522376493506
7160.0,7260.0,0.0028692875805647272
7173.0,7174.0,0.005124016316335273
7174.0,7175.0,0.004439207092481799
7175.0,7176.0,0.010125814886713057
7176.0,7177.0,0.004717381752625448
7177.0,7178.0,0.004616254491475027
7177.0,7277.0,0.003034422370078271
7178.0,7179.0,0.006496392972245864
7178.0,7278.0,0.0037147591523579975
7179.0,7180.0,0.006561258992759342
7179.0,7279.0,0.0032813196567822093
7180.0,7181.0,0.0038604419293645437
7181.0,7182.0,0.005776325008176098
7182.0,7183.0,0.004139806152455513
7185.0,7186.0,0.00579459654937914
7250.0,7251.0,0.006521364661646815
7251.0,7252.0,0.005734841228836403
7251.0,7351.0,0.004445834034236993
7252.0,7253.0,0.004356371577359559
7252.0,7352.0,0.004419579528643167
7253.0,7254.0,0.006644375315243511
7253.0,7353.0,0.003841562624770239
7254.0,7255.0,0.004211864750920411
7254.0,7354.0,0.004582779822332911
7255.0,7256.0,0.006718134057165763
7255.0,7355.0,0.005190113263699831
7256.0,7257.0,0.005273830798377274
7256.0,7356.0,0.003961853739094717
7257.0,7258.0,0.005240606591809652
7257.0,7357.0,0.00408603691123669
7258.0,7259.0,0.006400236899511345
7258.0,7358.0,0.004999524914429293
7259.0,7260.0,0.005702265575192358
7259.0,7359.0,0.005704024772037476
7260.0,7261.0,0.007441167986282153
7260.0,7360.0,0.00480234334882105
7261.0,7262.0,0.0028408206155902133
7261.0,7361.0,0.004641431212459096
7262.0,7362.0,0.003387396315759047
7277.0,7278.0,0.004936015876194425
7278.0,7279.0,0.0041408524436355254
7351.0,7352.0,0.005711049175944694
7351.0,7451.0,0.004547504750964518
7352.0,7353.0,0.005617064956899395
7352.0,7452.0,0.004366049868017196
7353.0,7354.0,0.005552196852594618
7353.0,7453.0,0.004318412509240661
7354.0,7355.0,0.004048364950193424
7354.0,7454.0,0.0038572480150989743
7355.0,7356.0,0.0076547389276243796
7355.0,7455.0,0.0038501192968490947
7356.0,7357.0,0.004756138656509745
7356.0,7456.0,0.004593088386912168
7357.0,7358.0,0.005542802828897223
7357.0,7457.0,0.003966774389858135
7358.0,7359.0,0.0044428212680704465
7358.0,7458.0,0.005246082093331621
7359.0,7360.0,0.006707227955714992
7359.0,7459.0,0.0026772090280695075
7360.0,7361.0,0.005642809351735775
7360.0,7460.0,0.003997110789062202
7361.0,7362.0,0.00615928603086542
7361.0,7461.0,0.003929030834699176
7362.0,7363.0,0.0032169240043822007
7362.0,7462.0,0.004353057169393051
7363.0,7463.0,0.003414649746318156
7366.0,7367.0,0.007038673858053763
7366.0,7466.0,0.0022668691647229834
7367.0,7368.0,0.004353137114771899
7367.0,7467.0,0.005119521737431397
7368.0,7369.0,0.0020183956128518882
7368.0,7468.0,0.005775899268510276
7369.0,7469.0,0.003785593348469114
7383.0,7483.0,0.0019628525568645516
7451.0,7452.0,0.003196049123520666
7451.0,7551.0,0.003591416852720581
7452.0,7453.0,0.005885873325178439
7452.0,7552.0,0.004046725318080813
7453.0,7454.0,0.005598288111559406
7453.0,7553.0,0.003219220107420388
7454.0,7455.0,0.006334234504646743
7454.0,7554.0,0.004067040833336983
7455.0,7456.0,0.004791923488542711
7455.0,7555.0,0.004444340114127379
7456.0,7457.0,0.006204899542300035
7456.0,7556.0,0.004527295352638044
7457.0,7458.0,0.006052385057973688
7457.0,7557.0,0.004664205708368307
7458.0,7459.0,0.004185954893446115
7458.0,7558.0,0.0034237414213102177
7459.0,7460.0,0.00574350736833303
7459.0,7559.0,0.003937802465845468
7460.0,7461.0,0.005975755880212373
7460.0,7560.0,0.0049384337213332465
7461.0,7462.0,0.005535543132338106
7461.0,7561.0,0.0041989171223058355
7462.0,7463.0,0.00633330416449926
7462.0,7562.0,0.00427190985040516
7463.0,7563.0,0.005899341069137
7465.0,7466.0,0.003594087951073109
7465.0,7565.0,0.0038169451882373003
7466.0,7467.0,0.005580666889352642
7466.0,7566.0,0.003617811697698588
7467.0,7468.0,0.003455094418396821
7467.0,7567.0,0.003647255660080949
7468.0,7469.0,0.005414018405027499
7468.0,7568.0,0.0024020209512014587
7469.0,7569.0,0.0005836804005648075
7471.0,7472.0,0.005334916315182102
7471.0,7571.0,0.004477278442314709
7472.0,7473.0,0.004432660001626243
7472.0,7572.0,0.003791363275919605
7473.0,7573.0,0.006018599320445757
7482.0,7483.0,0.005134527952992998
7551.0,7552.0,0.0033588737651173307
7552.0,7553.0,0.005729701815983586
7552.0,7652.0,0.004047928987769166
7553.0,7554.0,0.005679678584213118
7553.0,7653.0,0.004542506749581554
7554.0,7555.0,0.005586323528934045
7554.0,7654.0,0.004322503784839555
7555.0,7556.0,0.00441234873735514
7555.0,7655.0,0.004309209111887792
7556.0,7557.0,0.006200055781207556
7556.0,7656.0,0.003950632121568574
7557.0,7558.0,0.005607051826046365
7557.0,7657.0,0.0038908335983487
7558.0,7559.0,0.006220606537138115
7558.0,7658.0,0.004454756056177501
7559.0,7560.0,0.0037422603771097183
7559.0,7659.0,0.004495692793100824
7560.0,7561.0,0.006206357933602645
7560.0,7660.0,0.003773594208443302
7561.0,7562.0,0.007094569331532478
7561.0,7661.0,0.004453658834036686
7562.0,7563.0,0.005068968336858196
7562.0,7662.0,0.0037657869363520997
7563.0,7564.0,0.007130730022929551
7563.0,7663.0,0.004390227677464461
7564.0,7565.0,0.004152023008123082
7564.0,7664.0,0.003870782334356253
7565.0,7566.0,0.00529884608665046
7565.0,7665.0,0.0037878257615683794
7566.0,7567.0,0.005718229622882222
7566.0,7666.0,0.00495396399260494
7567.0,7568.0,0.004562537907784234
7567.0,7667.0,0.004307568962889047
7568.0,7569.0,0.004196457707403144
7569.0,7570.0,0.009480440580472491
7569.0,7669.0,0.006985382041088428
7570.0,7571.0,0.005035576277854281
7570.0,7670.0,0.0021018232561243883
7571.0,7572.0,0.0062077488391459375
7571.0,7671.0,0.004304023890496002
7572.0,7573.0,0.00516671066154164
7572.0,7672.0,0.00535503734814094
7573.0,7673.0,0.003290528750817009
7575.0,7675.0,0.003931472091973126
7577.0,7677.0,0.0037326838012366396
7580.0,7581.0,0.003683440794975174
7580.0,7680.0,0.0038358511258915393
7581.0,7681.0,0.0044145151998827735
7652.0,7653.0,0.005622109826397461
7652.0,7752.0,0.0035159975327080243
7653.0,7654.0,0.005564912651606492
7653.0,7753.0,0.00430794264121823
7654.0,7655.0,0.0054850395048601005
7654.0,7754.0,0.003933398227993257
7655.0,7656.0,0.007058249684587885
7655.0,7755.0,0.004037836064033739
7656.0,7657.0,0.004703897560546635
7656.0,7756.0,0.004352925311786687
7657.0,7658.0,0.005155207007472968
7657.0,7757.0,0.0044899416978364136
7658.0,7659.0,0.005150684756425267
7658.0,7758.0,0.004015578446494768
7659.0,7660.0,0.006004811877988905
7659.0,7759.0,0.004384086495502514
7660.0,7661.0,0.006414936702723246
7660.0,7760.0,0.004063069368102704
7661.0,7662.0,0.004643006599176046
7661.0,7761.0,0.004500589451391826
7662.0,7663.0,0.005786510237609178
7662.0,7762.0,0.0036651868779076268
7663.0,7664.0,0.0049869744735753
7663.0,7763.0,0.003636515778874667
7664.0,7665.0,0.0050836941076301935
7664.0,7764.0,0.004573690870618934
7665.0,7666.0,0.006164564368230332
7665.0,7765.0,0.0039053400620171572
7666.0,7667.0,0.004657149889144781
7666.0,7766.0,0.004024728611962445
7667.0,7767.0,0.005972790246608229
7669.0,7670.0,0.003969161223731666
7669.0,7769.0,0.00366495713754208
7670.0,7671.0,0.00560202757936212
7670.0,7770.0,0.004459049786667999
7671.0,7672.0,0.005128681896939356
7671.0,7771.0,0.004334369214777385
7672.0,7673.0,0.006686179776232153
7672.0,7772.0,0.0021865133912234162
7673.0,7674.0,0.007595699474045726
7673.0,7773.0,0.004365465492935778
7674.0,7675.0,0.004121310719906328
7674.0,7774.0,0.0036622840700884112
7675.0,7676.0,0.007556882693934071
7675.0,7775.0,0.003961035432818605
7676.0,7677.0,0.002699019973999402
7677.0,7678.0,0.005722715082889938
7677.0,7777.0,0.004483049333877676
7678.0,7679.0,0.006323176733255952
7678.0,7778.0,0.00472641543349321
7679.0,7680.0,0.005282774203952704
7679.0,7779.0,0.004276500004672741
7680.0,7681.0,0.0045180342805295655
7680.0,7780.0,0.0037885853956297413
7681.0,7682.0,0.004775502345303703
7681.0,7781.0,0.0023848328515863756
7752.0,7753.0,0.0028106023500327473
7753.0,7754.0,0.007173132230754751
7753.0,7853.0,0.003649649542071903
7754.0,7755.0,0.005188233064355211
7754.0,7854.0,0.004428837827241082
7755.0,7756.0,0.00601771598033079
7755.0,7855.0,0.004147173410891043
7756.0,7757.0,0.004409994306121923
7756.0,7856.0,0.004394544458760299
7757.0,7758.0,0.006022925769087822
7757.0,7857.0,0.004437878859323162
7758.0,7759.0,0.006594385035780132
7758.0,7858.0,0.00510024423925141
7759.0,7760.0,0.004120000218447567
7759.0,7859.0,0.004236652689326304
7760.0,7761.0,0.006419490716549941
7760.0,7860.0,0.004766569039677138
7761.0,7762.0,0.004833837916197761
7761.0,7861.0,0.004087372260998488
7762.0,7763.0,0.005637987769581456
7762.0,7862.0,0.004634846901460787
7763.0,7764.0,0.005260676904168057
7763.0,7863.0,0.0038125133599776592
7764.0,7765.0,0.005641964374215253
7764.0,7864.0,0.004379675688910935
7765.0,7766.0,0.006511034603660527
7765.0,7865.0,0.004213240320703742
7766.0,7767.0,0.00497272114641653
7766.0,7866.0,0.004227953802964051
7767.0,7768.0,0.005332363026842235
7767.0,7867.0,0.0020010910149193635
7768.0,7769.0,0.00726751942962259
7768.0,7868.0,0.0046519770614205785
7769.0,7770.0,0.005325807732170161
7769.0,7869.0,0.0058313298834813225
7770.0,7771.0,0.0049587166978960606
7770.0,7870.0,0.004494319637057075
7771.0,7772.0,0.004894814883116925
7771.0,7871.0,0.0030550200146664897
7772.0,7773.0,0.006157911991901107
7772.0,7872.0,0.005714246162874384
7773.0,7774.0,0.0061481168710353145
7773.0,7873.0,0.005038001319967728
7774.0,7775.0,0.005642580799606313
7774.0,7874.0,0.004345683773589847
7775.0,7875.0,0.0040276160653642135
7777.0,7778.0,0.005514541917516971
7777.0,7877.0,0.0041658489290868714
7778.0,7779.0,0.006016489408277461
7778.0,7878.0,0.0030124336357843728
7779.0,7780.0,0.0054919115069327
7779.0,7879.0,0.004372473978201937
7780.0,7781.0,0.004666124285752104
7780.0,7880.0,0.0036083182246045577
7853.0,7854.0,0.0048706552043932625
7854.0,7855.0,0.005701137150597969
7854.0,7954.0,0.0038714593346726887
7855.0,7856.0,0.005742205861869406
7855.0,7955.0,0.003912109083342638
7856.0,7857.0,0.004341312088526408
7856.0,7956.0,0.004352638429736704
7857.0,7858.0,0.006136196219968528
7857.0,7957.0,0.0037034936546390526
7858.0,7859.0,0.006541431260058272
7858.0,7958.0,0.0034186522549138057
7859.0,7860.0,0.005138430484097223
7859.0,7959.0,0.004030577966000612
7860.0,7861.0,0.005245615289946847
7860.0,7960.0,0.003963181697822385
7861.0,7862.0,0.005067054371126269
7861.0,7961.0,0.004022103927055647
7862.0,7863.0,0.0059957589052538575
7862.0,7962.0,0.004870210529336091
7863.0,7864.0,0.005939152681152917
7863.0,7963.0,0.005671565566047462
7864.0,7865.0,0.005573348790452276
7864.0,7964.0,0.004216282268773924
7865.0,7866.0,0.005168305889744429
7865.0,7965.0,0.003717002690340542
7866.0,7867.0,0.005873709837064539
7866.0,7966.0,0.004410056291029294
7867.0,7868.0,0.005576187260122517
7867.0,7967.0,0.005319209779658383
7868.0,7869.0,0.005864518675050407
7868.0,7968.0,0.00236279787540449
7869.0,7870.0,0.005942800031135309
7869.0,7969.0,0.0031208678296282544
7870.0,7871.0,0.005125658006532162
7870.0,7970.0,0.004000312487791726
7871.0,7872.0,0.006247646596917572
7871.0,7971.0,0.004404733817152387
7872.0,7873.0,0.006294576513959835
7872.0,7972.0,0.0044292248757572
7873.0,7874.0,0.0030501868303392534
7873.0,7973.0,0.004462373632949839
7874.0,7875.0,0.006989995359797364
7874.0,7974.0,0.004085470280152875
7875.0,7975.0,0.00515474788908192
7877.0,7878.0,0.006199065481981973
7877.0,7977.0,0.0030933085022393563
7878.0,7879.0,0.007053371717139662
7878.0,7978.0,0.004576523678512073
7879.0,7880.0,0.004017413346918363
7879.0,7979.0,0.003706127311633761
7954.0,7955.0,0.005787854093706064
7954.0,8054.0,0.004439400691533544
7955.0,7956.0,0.00424804464430418
7955.0,8055.0,0.004421351352245558
7956.0,7957.0,0.006211993369276829
7956.0,8056.0,0.0044364923362962515
7957.0,7958.0,0.00498263389182926
7957.0,8057.0,0.00392572934497683
7958.0,7959.0,0.0058610958710807026
7958.0,8058.0,0.004069623088192647
7959.0,7960.0,0.005633263392568121
7959.0,8059.0,0.005134109437865095
7960.0,7961.0,0.0045838997589387805
7960.0,8060.0,0.00408610569736165
7961.0,7962.0,0.006192244907951823
7961.0,8061.0,0.004830062628995297
7962.0,7963.0,0.005776188795393244
7962.0,8062.0,0.0035901600242820068
7963.0,7964.0,0.005837685583333532
7963.0,8063.0,0.003013439563020917
7964.0,7965.0,0.005241510714483202
7964.0,8064.0,0.0039274614001943665
7965.0,7966.0,0.0058573873783437725
7965.0,8065.0,0.0051278166971940155
7966.0,7967.0,0.0051324411833028405
7966.0,8066.0,0.0032718044593167545
7967.0,7968.0,0.0064580536541531865
7967.0,8067.0,0.003803383362216095
7968.0,7969.0,0.005742854777893963
7968.0,8068.0,0.00524285418450278
7969.0,7970.0,0.005732599846501966
7969.0,8069.0,0.003789454974003778
7970.0,7971.0,0.00449731675557221
7970.0,8070.0,0.004953230663919199
7971.0,7972.0,0.005771995235615232
7971.0,8071.0,0.005303545525399487
7972.0,7973.0,0.006256663904192142
7972.0,8072.0,0.0036387351827217814
7973.0,7974.0,0.0053025426891306965
7973.0,8073.0,0.0037121036219389092
7974.0,7975.0,0.005159627732693864
7974.0,8074.0,0.0051699279936937475
7975.0,7976.0,0.006507970762835136
7975.0,8075.0,0.00390810150328281
7976.0,7977.0,0.005527886707421382
7976.0,8076.0,0.004505357242219914
7977.0,7978.0,0.005452341240229073
7977.0,8077.0,0.004354560942274253
7978.0,7979.0,0.004962730402714367
7978.0,8078.0,0.004903136475769632
7979.0,8079.0,0.0046582000643960765
8054.0,8055.0,0.004398991662871789
8055.0,8056.0,0.0044492205485849295
8055.0,8155.0,0.0034272941236512967
8056.0,8057.0,0.0068869373817386425
8056.0,8156.0,0.004333069427088671
8057.0,8058.0,0.004711735672777571
8057.0,8157.0,0.005135999264991167
8058.0,8059.0,0.005607934529751071
8058.0,8158.0,0.004502740943028348
8059.0,8060.0,0.005716637936751284
8059.0,8159.0,0.003682111145801255
8060.0,8061.0,0.006033219370294166
8060.0,8160.0,0.0033056140806211193
8061.0,8062.0,0.005678702756792088
8061.0,8161.0,0.0033378795664287505
8062.0,8063.0,0.00573617729850912
8062.0,8162.0,0.004541878603619141
8063.0,8064.0,0.005644671459000151
8063.0,8163.0,0.004615559012730634
8064.0,8065.0,0.004193299693554864
8064.0,8164.0,0.004639526044754647
8065.0,8066.0,0.006192240437837035
8065.0,8165.0,0.0038566391690166867
8066.0,8067.0,0.0055538137563265685
8066.0,8166.0,0.005875901432114646
8067.0,8068.0,0.005867933367049917
8067.0,8167.0,0.0036190896230993428
8068.0,8069.0,0.006101784984735183
8068.0,8168.0,0.004330986004361492
8069.0,8070.0,0.004700088234282304
8069.0,8169.0,0.0046768820821145515
8070.0,8071.0,0.005915126599661207
8070.0,8170.0,0.0030697845543282264
8071.0,8072.0,0.004873838188735919
8071.0,8171.0,0.0026532813382691136
8072.0,8073.0,0.006056878960313133
8072.0,8172.0,0.0047928936072045404
8073.0,8074.0,0.005962893164402406
8073.0,8173.0,0.004664148077619859
8074.0,8075.0,0.004088413506485863
8074.0,8174.0,0.002995850511955119
8075.0,8076.0,0.007212659133080611
8075.0,8175.0,0.004194113136291743
8076.0,8077.0,0.005758743523538127
8076.0,8176.0,0.004927697471433738
8077.0,8078.0,0.005618183772357106
8077.0,8177.0,0.004166438182669934
8078.0,8079.0,0.0031830024960774173
8078.0,8178.0,0.003997093949360134
8079.0,8179.0,0.004598089421705874
8155.0,8156.0,0.004224057546958267
8155.0,8255.0,0.004499298230839822
8156.0,8157.0,0.005979659844011513
8156.0,8256.0,0.0040603764320587595
8157.0,8158.0,0.007772052109961262
8157.0,8257.0,0.004049704553420486
8158.0,8159.0,0.004096730559853749
8158.0,8258.0,0.0036395058593129805
8159.0,8160.0,0.005888405804625232
8159.0,8259.0,0.003816849758630136
8160.0,8161.0,0.005610554525180431
8160.0,8260.0,0.0054758071258986015
8161.0,8162.0,0.006422779791493184
8161.0,8261.0,0.004725063809091319
8162.0,8163.0,0.004511866714560656
8162.0,8262.0,0.004053241480594101
8163.0,8164.0,0.005170088037939286
8163.0,8263.0,0.004700330626673343
8164.0,8165.0,0.005770717834031615
8164.0,8264.0,0.00423179202230148
8165.0,8166.0,0.006171155645414278
8165.0,8265.0,0.0053334416655691965
8166.0,8167.0,0.004412489512733394
8166.0,8266.0,0.003343312279765085
8167.0,8168.0,0.006437606388254439
8167.0,8267.0,0.004508479985538052
8168.0,8169.0,0.005246679441315443
8168.0,8268.0,0.004128110484232299
8169.0,8170.0,0.0058906535129852255
8169.0,8269.0,0.00396261683739333
8170.0,8171.0,0.006061854184975916
8170.0,8270.0,0.004604547877917393
8171.0,8172.0,0.004998348023099611
8171.0,8271.0,0.0048163740884587915
8172.0,8173.0,0.005906005418212247
8172.0,8272.0,0.003853468786689205
8173.0,8174.0,0.004961345552371016
8173.0,8273.0,0.004003198721021088
8174.0,8175.0,0.0059731812537462394
8174.0,8274.0,0.004485663603087893
8175.0,8176.0,0.005856828664043207
8175.0,8275.0,0.004310781952272278
8176.0,8177.0,0.005238875655138372
8176.0,8276.0,0.003545144425833528
8177.0,8178.0,0.00520462444081872
8177.0,8277.0,0.0039080225805403265
8178.0,8179.0,0.003801107885867516
8178.0,8278.0,0.0037225834282084507
8179.0,8279.0,0.004435189477355085
8184.0,8185.0,0.0017456970670816768
8184.0,8284.0,0.0032554760404540084
8185.0,8285.0,0.002775353458567612
8255.0,8256.0,0.004818846735481089
8255.0,8355.0,0.005690386398999965
8256.0,8257.0,0.004353108688047504
8256.0,8356.0,0.004138037753576464
8257.0,8258.0,0.0070984204728981775
8257.0,8357.0,0.003807860471442818
8258.0,8259.0,0.004630754808885753
8258.0,8358.0,0.005667736168878505
8259.0,8260.0,0.005796583217720279
8259.0,8359.0,0.004323751412836934
8260.0,8261.0,0.004673578500465559
8260.0,8360.0,0.003603303312239408
8261.0,8262.0,0.005295605654690749
8261.0,8361.0,0.0037198142426721815
8262.0,8263.0,0.006047622032667046
8262.0,8362.0,0.003800963594933565
8263.0,8264.0,0.004784316147581294
8263.0,8363.0,0.0035586767203513105
8264.0,8265.0,0.0061122091750868
8264.0,8364.0,0.003589109998314418
8265.0,8266.0,0.006058158218466966
8265.0,8365.0,0.0032992935607454392
8266.0,8267.0,0.005816203094801506
8266.0,8366.0,0.004006724612445178
8267.0,8268.0,0.004952955909354138
8267.0,8367.0,0.003799118955754164
8268.0,8269.0,0.005828843199978199
8269.0,8270.0,0.00572455342276754
8269.0,8369.0,0.004365768185555552
8270.0,8271.0,0.005273913419841508
8270.0,8370.0,0.004107483920845057
8271.0,8272.0,0.005732633912088832
8271.0,8371.0,0.005476614494376661
8272.0,8273.0,0.0057624117251324535
8272.0,8372.0,0.0038313667391722817
8273.0,8274.0,0.00529900727023831
8273.0,8373.0,0.0033109418992216745
8274.0,8275.0,0.00490334454529944
8274.0,8374.0,0.003333473295230506
8275.0,8276.0,0.006424720261624286
8275.0,8375.0,0.004168966668129551
8276.0,8277.0,0.005576937496510459
8276.0,8376.0,0.004328488073220194
8277.0,8278.0,0.005208639749484993
8277.0,8377.0,0.004591768428391051
8278.0,8279.0,0.0032870717972057328
8278.0,8378.0,0.004171356338169437
8279.0,8379.0,0.004131568941695012
8284.0,8285.0,0.005507299134779006
8284.0,8384.0,0.004694958123344373
8285.0,8385.0,0.005761141807836737
8355.0,8356.0,0.003847543720356162
8355.0,8455.0,0.0033373540432526474
8356.0,8357.0,0.0054946505594043625
8356.0,8456.0,0.004175603338441046
8357.0,8358.0,0.005030894944248742
8357.0,8457.0,0.004327809723176435
8358.0,8359.0,0.005735690293238433
8358.0,8458.0,0.0032400385337231197
8359.0,8360.0,0.005361899726777072
8359.0,8459.0,0.004065748349321437
8360.0,8361.0,0.005842646828273832
8360.0,8460.0,0.004262064025794006
8361.0,8362.0,0.005297714601610699
8361.0,8461.0,0.004631306511131929
8362.0,8363.0,0.005667733585823357
8362.0,8462.0,0.004294547978542421
8363.0,8364.0,0.005480709678506451
8363.0,8463.0,0.004342728410803849
8364.0,8365.0,0.005392182877096084
8364.0,8464.0,0.0041511063549411805
8365.0,8366.0,0.005897300053410017
8365.0,8465.0,0.003685580057469799
8366.0,8367.0,0.005696004259128603
8366.0,8466.0,0.003768869050527892
8367.0,8467.0,0.003663965747657233
8369.0,8370.0,0.005797263923617158
8369.0,8469.0,0.003809366552329734
8370.0,8371.0,0.005271410152886973
8370.0,8470.0,0.003863596769845507
8371.0,8372.0,0.005786839033526382
8371.0,8471.0,0.0022122759773573297
8372.0,8373.0,0.005561681459775349
8372.0,8472.0,0.003952013410905477
8373.0,8374.0,0.004551516637342814
8373.0,8473.0,0.004344897451032384
8374.0,8375.0,0.006985173830339518
8374.0,8474.0,0.006360189529406779
8375.0,8376.0,0.0053485306430836365
8375.0,8475.0,0.004258078162739732
8376.0,8377.0,0.005536069083751348
8376.0,8476.0,0.003671453969474044
8377.0,8378.0,0.005235429170552481
8377.0,8477.0,0.004120998817036876
8378.0,8379.0,0.004784670222700595
8378.0,8478.0,0.004114799594150002
8379.0,8479.0,0.004523355750985392
8383.0,8384.0,0.00434490153168396
8383.0,8483.0,0.0030711119354427715
8384.0,8385.0,0.002382849884069174
8384.0,8484.0,0.004201451983543265
8385.0,8485.0,0.0025743158411537562
8455.0,8456.0,0.003824717590891497
8456.0,8457.0,0.005495920218666421
8456.0,8556.0,0.004180989990422639
8457.0,8458.0,0.005316369080486692
8457.0,8557.0,0.0038249352935704785
8458.0,8459.0,0.006033234489065928
8458.0,8558.0,0.004600387548889725
8459.0,8460.0,0.005338709544451616
8459.0,8559.0,0.005366835466080634
8460.0,8461.0,0.005276279465686881
8460.0,8560.0,0.004185913798684449
8461.0,8462.0,0.005413024768095298
8461.0,8561.0,0.005209060759862172
8462.0,8463.0,0.00637103678611271
8462.0,8562.0,0.004637031572029894
8463.0,8464.0,0.004888955833304252
8463.0,8563.0,0.004220933182366611
8464.0,8465.0,0.004928121659417847
8464.0,8564.0,0.003657234043638878
8465.0,8466.0,0.006409821804073355
8465.0,8565.0,0.004764012968073901
8466.0,8467.0,0.004070111792076623
8466.0,8566.0,0.004380401123185855
8467.0,8567.0,0.004991502307925638
8469.0,8470.0,0.0064395398073120716
8469.0,8569.0,0.00517226361759817
8470.0,8471.0,0.006378909781459521
8470.0,8570.0,0.004369586708148182
8471.0,8472.0,0.0050906114563986716
8471.0,8571.0,0.005026015618763128
8472.0,8473.0,0.005614043106348162
8472.0,8572.0,0.004390511245858169
8473.0,8474.0,0.006041593999110735
8473.0,8573.0,0.004799988749989169
8474.0,8475.0,0.0057930536204991905
8474.0,8574.0,0.0028489253219476252
8475.0,8476.0,0.004820329786430547
8475.0,8575.0,0.0038714625169363414
8476.0,8477.0,0.004277097824469092
8476.0,8576.0,0.004232332719671021
8477.0,8478.0,0.007703644050054159
8477.0,8577.0,0.005243669869467696
8478.0,8479.0,0.002878223544125904
8483.0,8484.0,0.004323714196159113
8483.0,8583.0,0.005666419596182663
8484.0,8485.0,0.004171209509244174
8484.0,8584.0,0.004089561547398779
8556.0,8557.0,0.00557519962422788
8557.0,8558.0,0.004775052774583559
8557.0,8657.0,0.00477136206968251
8558.0,8559.0,0.003757429339315363
8558.0,8658.0,0.0030720321677968343
8559.0,8560.0,0.007937140596587232
8559.0,8659.0,0.0031338381323862043
8560.0,8561.0,0.005596949702299538
8560.0,8660.0,0.004004741001618459
8561.0,8562.0,0.0055449054906173915
8561.0,8661.0,0.002464684890613195
8562.0,8563.0,0.005150756117313488
8562.0,8662.0,0.004033466699997455
8563.0,8564.0,0.006221306415859154
8563.0,8663.0,0.004206390248188167
8564.0,8565.0,0.004984776925800131
8564.0,8664.0,0.0045463260991738
8565.0,8566.0,0.005806962889491136
8565.0,8665.0,0.003634291127577185
8566.0,8567.0,0.004390831002223725
8566.0,8666.0,0.004213308676085562
8567.0,8568.0,0.009520597479141094
8567.0,8667.0,0.0047548445453047495
8568.0,8569.0,0.0041043068221086115
8568.0,8668.0,0.003289300867957269
8569.0,8570.0,0.00479675317271895
8569.0,8669.0,0.0043047338825966345
8570.0,8571.0,0.005414015607663098
8570.0,8670.0,0.004390579738486858
8571.0,8572.0,0.005615689539145429
8571.0,8671.0,0.0045342225496719036
8572.0,8573.0,0.004799632590098615
8572.0,8672.0,0.003795602721576454
8573.0,8574.0,0.005795289778777526
8573.0,8673.0,0.0048585083317795414
8574.0,8575.0,0.006581129693305551
8574.0,8674.0,0.003518221336129936
8575.0,8576.0,0.004768767515821312
8575.0,8675.0,0.004416586179389183
8576.0,8577.0,0.004998076114875339
8576.0,8676.0,0.0038652339256544997
8577.0,8677.0,0.0034731686512485694
8583.0,8584.0,0.0028926060015150535
8583.0,8683.0,0.003190252091922848
8584.0,8684.0,0.00421925975617038
8657.0,8658.0,0.005296709076401492
8657.0,8757.0,0.005023534343469437
8658.0,8659.0,0.0035471012728732145
8658.0,8758.0,0.004578508233039788
8659.0,8660.0,0.009485941439836332
8659.0,8759.0,0.005178098331435377
8660.0,8661.0,0.003470436867311583
8660.0,8760.0,0.004847919636296391
8661.0,8662.0,0.00582333681749357
8661.0,8761.0,0.0055070458006069
8662.0,8663.0,0.005323253986054483
8662.0,8762.0,0.0033977107543153003
8663.0,8664.0,0.00547658287620791
8663.0,8763.0,0.003861343130307896
8664.0,8665.0,0.005187083188068862
8664.0,8764.0,0.004298768387572667
8665.0,8666.0,0.005304084840959952
8665.0,8765.0,0.003807711611985002
8666.0,8667.0,0.006093922355916167
8666.0,8766.0,0.0036830042085209042
8667.0,8668.0,0.005632725589805035
8667.0,8767.0,0.004206880901570785
8668.0,8669.0,0.005923574587181276
8668.0,8768.0,0.003864127406021094
8669.0,8670.0,0.005538771607504081
8669.0,8769.0,0.004686443680453497
8670.0,8671.0,0.005305665033710457
8670.0,8770.0,0.004553776495390317
8671.0,8672.0,0.0060049669982472995
8671.0,8771.0,0.00431102862087574
8672.0,8673.0,0.004813678847827099
8672.0,8772.0,0.005064759331891834
8673.0,8674.0,0.0077177930368579305
8673.0,8773.0,0.003562568907404036
8674.0,8675.0,0.003932836504365546
8674.0,8774.0,0.005402306309340198
8675.0,8676.0,0.006307845984160901
8675.0,8775.0,0.004191899360674284
8676.0,8677.0,0.004936246984303602
8676.0,8776.0,0.004870837252460592
8677.0,8678.0,0.004581088647911004
8677.0,8777.0,0.004588558293185117
8678.0,8778.0,0.00503503185392266
8681.0,8781.0,0.0025101497266119084
8683.0,8684.0,0.0026205162621188143
8757.0,8758.0,0.003970280002723887
8758.0,8759.0,0.00582245846099187
8758.0,8858.0,0.004004064537443695
8759.0,8760.0,0.005607842520066762
8759.0,8859.0,0.004361661074635546
8760.0,8761.0,0.0063088295919385496
8760.0,8860.0,0.004282033745783601
8761.0,8762.0,0.004873490466793062
8761.0,8861.0,0.004294180538827841
8762.0,8763.0,0.006094450736542797
8762.0,8862.0,0.005252628557211702
8763.0,8764.0,0.004697236634443913
8763.0,8863.0,0.004285247610113616
8764.0,8765.0,0.006175575310043602
8764.0,8864.0,0.00403407023364509
8765.0,8766.0,0.0049789410641208716
8765.0,8865.0,0.004463650044521836
8766.0,8767.0,0.005818113319618095
8766.0,8866.0,0.005274986255906233
8767.0,8768.0,0.00864164309607711
8767.0,8867.0,0.005546871235207473
8768.0,8769.0,0.004178469630143864
8768.0,8868.0,0.007979185955971965
8769.0,8770.0,0.005785306328966681
8769.0,8869.0,0.004045361432549079
8770.0,8771.0,0.004876650987109435
8770.0,8870.0,0.0033773985328953765
8771.0,8772.0,0.005749404860500814
8771.0,8871.0,0.004308182171174587
8772.0,8773.0,0.005709702514147623
8772.0,8872.0,0.0043041321506214255
8773.0,8774.0,0.00549896097820994
8773.0,8873.0,0.00431124562162756
8774.0,8775.0,0.005635785677269049
8774.0,8874.0,0.00431107738390847
8775.0,8776.0,0.005241193884029693
8775.0,8875.0,0.004237285906095081
8776.0,8777.0,0.005842736367491106
8776.0,8876.0,0.0034978839160262074
8777.0,8778.0,0.004648209711278717
8777.0,8877.0,0.0036509326767286336
8778.0,8878.0,0.0022083179571854845
8781.0,8881.0,0.004510888331581329
8858.0,8859.0,0.006644996592914252
8858.0,8958.0,0.004124535475658667
8859.0,8860.0,0.005057764773098079
8859.0,8959.0,0.0031222358174925685
8860.0,8861.0,0.002794644721609204
8860.0,8960.0,0.004300073022631433
8861.0,8862.0,0.008092313249623461
8861.0,8961.0,0.005505079610689162
8862.0,8863.0,0.0060553790186930025
8862.0,8962.0,0.0038334116202179635
8863.0,8864.0,0.005702166529483225
8863.0,8963.0,0.004478895985620847
8864.0,8865.0,0.004700187655827932
8864.0,8964.0,0.0038994282914276523
8865.0,8866.0,0.005352798333590038
8865.0,8965.0,0.004641610626714071
8866.0,8867.0,0.0056224947932406255
8866.0,8966.0,0.004126392371069259
8867.0,8868.0,0.007768935933572889
8867.0,8967.0,0.002073646956451195
8868.0,8869.0,0.004588219437858692
8868.0,8968.0,0.0029021269252010222
8869.0,8870.0,0.005640847791778656
8869.0,8969.0,0.0030854258069228178
8870.0,8871.0,0.004948810867277117
8870.0,8970.0,0.0041901270267169985
8871.0,8872.0,0.005782989970591196
8871.0,8971.0,0.0030776906927110353
8872.0,8873.0,0.00570696600656088
8872.0,8972.0,0.004055181623551908
8873.0,8874.0,0.005499964545340554
8873.0,8973.0,0.0037403333608174868
8874.0,8875.0,0.0056773763958342235
8874.0,8974.0,0.003712099268606701
8875.0,8876.0,0.005368170639047236
8875.0,8975.0,0.0043867826080192535
8876.0,8877.0,0.006450755349567491
8876.0,8976.0,0.0045418767277445584
8877.0,8878.0,0.002706060422461574
8877.0,8977.0,0.005046973017557555
8878.0,8879.0,0.0078000653356281
8878.0,8978.0,0.006503579766561412
8879.0,8979.0,0.005613164092558536
8881.0,8882.0,0.006005398891834603
8881.0,8981.0,0.00288155970439829
8882.0,8883.0,0.0021876574686159884
8882.0,8982.0,0.004529268766586682
8958.0,8959.0,0.007136361345262016
8959.0,8960.0,0.003755303982361052
8960.0,8961.0,0.006971599529520144
8960.0,9060.0,0.004430774424413
8961.0,8962.0,0.005678810016200365
8961.0,9061.0,0.003619477494058001
8962.0,8963.0,0.004287966123922609
8962.0,9062.0,0.004488993341494117
8963.0,8964.0,0.0068726493115827325
8963.0,9063.0,0.003467745457787001
8964.0,8965.0,0.004886687713582703
8964.0,9064.0,0.005255757599056709
8965.0,8966.0,0.0054778554937065975
8965.0,9065.0,0.005227422741655665
8966.0,8967.0,0.004888077331636431
8966.0,9066.0,0.003905844268527622
8967.0,8968.0,0.005555436603007438
8967.0,9067.0,0.004337193677947541
8968.0,8969.0,0.006565164129699115
8968.0,9068.0,0.004690394039951256
8969.0,8970.0,0.00497493868303864
8969.0,9069.0,0.00477708089108533
8970.0,8971.0,0.0057892086937745
8970.0,9070.0,0.0040285730103863555
8971.0,8972.0,0.005877743529624089
8971.0,9071.0,0.00449814817452313
8972.0,8973.0,0.005023932448780911
8972.0,9072.0,0.0035524360655769414
8973.0,8974.0,0.005441434907267425
8973.0,9073.0,0.004901537396566879
8974.0,8975.0,0.005774115995544512
8974.0,9074.0,0.0046622872262420305
8975.0,8976.0,0.006136131459641468
8975.0,9075.0,0.004131359659965319
8976.0,8977.0,0.004334202142259431
8976.0,9076.0,0.0030800764162552913
8977.0,8978.0,0.006086274431052666
8977.0,9077.0,0.0045521558145597335
8978.0,8979.0,0.0064910001455774176
8978.0,9078.0,0.002965330504345696
8979.0,8980.0,0.003678403149468173
8979.0,9079.0,0.0030387498251685818
8980.0,8981.0,0.00979510353186939
8981.0,8982.0,0.0030146416039031772
9060.0,9061.0,0.005683917973544849
9060.0,9160.0,0.004276154614835729
9061.0,9062.0,0.0061864506019230206
9061.0,9161.0,0.005411220877032509
9062.0,9063.0,0.004659653774687311
9062.0,9162.0,0.0044788848991729425
9063.0,9064.0,0.003984412220139736
9063.0,9163.0,0.00460188568415174
9064.0,9065.0,0.006743607346967395
9064.0,9164.0,0.004840730907622731
9065.0,9066.0,0.00484569599129
9065.0,9165.0,0.003611039214690903
9066.0,9067.0,0.006237134297898883
9066.0,9166.0,0.003931936399533235
9067.0,9068.0,0.005755401723591951
9067.0,9167.0,0.0051227555085105935
9068.0,9069.0,0.005650076813631624
9068.0,9168.0,0.0041940029804431785
9069.0,9070.0,0.00500772922590867
9069.0,9169.0,0.0049859433661057564
9070.0,9071.0,0.005884289931683596
9070.0,9170.0,0.004731373584906611
9071.0,9072.0,0.005775486992453341
9071.0,9171.0,0.003821505285877951
9072.0,9073.0,0.004945558209134984
9072.0,9172.0,0.004081883802849379
9073.0,9074.0,0.005334766161693177
9073.0,9173.0,0.002894467135765716
9074.0,9075.0,0.0058386221979203415
9074.0,9174.0,0.004289942075367351
9075.0,9076.0,0.0065424828681420934
9075.0,9175.0,0.0039800359822467265
9076.0,9077.0,0.00598874725130442
9076.0,9176.0,0.0059947366722813
9077.0,9078.0,0.005764337017397192
9077.0,9177.0,0.0036290181206450893
9078.0,9079.0,0.002655233565993592
9078.0,9178.0,0.003136955831694123
9159.0,9160.0,0.0070616785886878
9159.0,9259.0,0.005229627126288781
9160.0,9161.0,0.003315401019492084
9160.0,9260.0,0.003849278297291852
9161.0,9162.0,0.00541464791560753
9161.0,9261.0,0.00409384804065628
9162.0,9163.0,0.00571506808795942
9162.0,9262.0,0.0036550623086332697
9163.0,9164.0,0.00528493560320331
9163.0,9263.0,0.004768654267192074
9164.0,9165.0,0.006138676894903983
9164.0,9264.0,0.003334088004234221
9165.0,9166.0,0.005613769232881613
9165.0,9265.0,0.0042872898035900674
9166.0,9167.0,0.0060988031612649405
9166.0,9266.0,0.003546560989187578
9167.0,9168.0,0.00532866681262859
9167.0,9267.0,0.0035587307020899343
9168.0,9169.0,0.005611708799475112
9168.0,9268.0,0.004532525234352433
9169.0,9170.0,0.005383913005423943
9169.0,9269.0,0.002575228242311094
9170.0,9171.0,0.005521995096880484
9170.0,9270.0,0.003948844252438838
9171.0,9172.0,0.00638793799985515
9171.0,9271.0,0.004446684006095565
9172.0,9173.0,0.005271656341234955
9172.0,9272.0,0.004824597535545123
9173.0,9174.0,0.0056019589439720565
9173.0,9273.0,0.0048697298179662335
9174.0,9175.0,0.0051935804085363425
9174.0,9274.0,0.004221460055479385
9175.0,9176.0,0.0048895372838322106
9175.0,9275.0,0.004495538122404022
9176.0,9177.0,0.0067571786131549304
9176.0,9276.0,0.003206338012442323
9177.0,9178.0,0.006721520887412373
9177.0,9277.0,0.0044407913089918
9178.0,9278.0,0.006542187934472265
9259.0,9260.0,0.003256039572857549
9260.0,9261.0,0.005371324087224855
9260.0,9360.0,0.0047449081097507475
9261.0,9262.0,0.00543917980305211
9261.0,9361.0,0.003837351853815515
9262.0,9263.0,0.005641599018902056
9262.0,9362.0,0.0045036502972578465
9263.0,9264.0,0.0062521772279754756
9263.0,9363.0,0.0044076982076843045
9264.0,9265.0,0.00518330308779525
9264.0,9364.0,0.0044666860747117265
9265.0,9266.0,0.006069444858473755
9265.0,9365.0,0.002782878763080835
9266.0,9267.0,0.004464580690267882
9266.0,9366.0,0.004949692339933475
9267.0,9268.0,0.005942203178117624
9267.0,9367.0,0.004190679968696389
9268.0,9269.0,0.006288698358964274
9268.0,9368.0,0.0036443244915867735
9269.0,9270.0,0.005237396988963583
9270.0,9271.0,0.006501259164961291
9270.0,9370.0,0.00455603201591129
9271.0,9272.0,0.0033760250295218164
9271.0,9371.0,0.004535943562254932
9272.0,9273.0,0.007093022578566174
9272.0,9372.0,0.004088616514184959
9273.0,9274.0,0.0049134412309501455
9273.0,9373.0,0.004235860423810504
9274.0,9275.0,0.005160900313905747
9274.0,9374.0,0.004264515250297003
9275.0,9276.0,0.00562702261324629
9275.0,9375.0,0.002939439528211205
9276.0,9277.0,0.005968542640372955
9276.0,9376.0,0.004043058754210843
9277.0,9278.0,0.003279027432029753
9277.0,9377.0,0.0034436688632885886
9278.0,9279.0,0.006583074413970249
9278.0,9378.0,0.006543746196940501
9279.0,9379.0,0.002989745348695228
9360.0,9361.0,0.004836091935651431
9360.0,9460.0,0.004104927294123395
9361.0,9362.0,0.005814896444477336
9361.0,9461.0,0.004487036066271957
9362.0,9363.0,0.005672818170882807
9362.0,9462.0,0.004077894841703186
9363.0,9364.0,0.005183885404792294
9363.0,9463.0,0.0031005391611725794
9364.0,9365.0,0.005600605670825895
9364.0,9464.0,0.0038936024887001085
9365.0,9366.0,0.0047533027359829136
9365.0,9465.0,0.004029038917658858
9366.0,9367.0,0.007649936535692434
9366.0,9466.0,0.004719556201591292
9367.0,9368.0,0.0019021231427022627
9367.0,9467.0,0.0050648242062286426
9370.0,9371.0,0.006534255657692394
9370.0,9470.0,0.003965541965487958
9371.0,9372.0,0.006453915710643255
9371.0,9471.0,0.004501025787529632
9372.0,9373.0,0.003614025596193622
9372.0,9472.0,0.004496214963725104
9373.0,9374.0,0.006817648499295026
9373.0,9473.0,0.004699360766104911
9374.0,9375.0,0.005856212336497329
9374.0,9474.0,0.004190793238755892
9375.0,9376.0,0.005614973048903584
9375.0,9475.0,0.004295374341078697
9376.0,9377.0,0.005031853894934151
9376.0,9476.0,0.004578033763521977
9377.0,9378.0,0.0067656405646505
9377.0,9477.0,0.005705993116891587
9378.0,9379.0,0.0032334786530965574
9378.0,9478.0,0.0036252424056871383
9379.0,9479.0,0.003149524491089001
9460.0,9461.0,0.003924735491723861
9460.0,9560.0,0.0030344733727589437
9461.0,9462.0,0.004434457344480959
9461.0,9561.0,0.004304141057163488
9462.0,9463.0,0.005677252163677272
9462.0,9562.0,0.0041912126562617755
9463.0,9464.0,0.004633259522188965
9463.0,9563.0,0.005026430400393962
9464.0,9465.0,0.00717946012037474
9464.0,9564.0,0.005328290019322213
9465.0,9466.0,0.004016575282504992
9466.0,9467.0,0.007962725559749922
9466.0,9566.0,0.004000610483404306
9467.0,9567.0,0.004167375816984434
9470.0,9471.0,0.004570916662983113
9470.0,9570.0,0.0029907982245537066
9471.0,9472.0,0.006506789096010777
9471.0,9571.0,0.003978006054550262
9472.0,9473.0,0.005399548962646884
9472.0,9572.0,0.004112682457958301
9473.0,9474.0,0.005674535487598809
9473.0,9573.0,0.004264127188530145
9474.0,9475.0,0.0055001989282151735
9474.0,9574.0,0.0029376171908526
9475.0,9476.0,0.006058348888103593
9475.0,9575.0,0.004262445102290085
9476.0,9477.0,0.003191932557255724
9477.0,9478.0,0.007528023720739406
9478.0,9479.0,0.0032439472036405446
9560.0,9561.0,0.004295757596741976
9561.0,9562.0,0.004524523489829792
9561.0,9661.0,0.0038491419628310574
9562.0,9563.0,0.006153723491512567
9562.0,9662.0,0.004383662525789511
9563.0,9564.0,0.0049689400881792
9563.0,9663.0,0.003944541754125066
9564.0,9664.0,0.003183223468434873
9566.0,9567.0,0.004193505352337872
9567.0,9568.0,0.004695683576426181
9567.0,9667.0,0.003685301796323883
9568.0,9668.0,0.0026981641907071106
9570.0,9571.0,0.0066942068424861645
9570.0,9670.0,0.005228600969665692
9571.0,9572.0,0.00475373197077404
9571.0,9671.0,0.00491011436628507
9572.0,9573.0,0.004598465731086812
9572.0,9672.0,0.004196068636235879
9573.0,9574.0,0.00625766584279248
9573.0,9673.0,0.004427406917150103
9574.0,9575.0,0.005767708484303204
9574.0,9674.0,0.004188151305763044
9661.0,9662.0,0.003539458834340797
9661.0,9761.0,0.005776874720814167
9662.0,9663.0,0.005398418116450991
9662.0,9762.0,0.004359272674421262
9663.0,9664.0,0.005492167896188253
9663.0,9763.0,0.004224966973836167
9664.0,9665.0,0.005690505623407004
9664.0,9764.0,0.004659949125257497
9667.0,9668.0,0.004978120757875801
9667.0,9767.0,0.0056899920254792746
9668.0,9669.0,0.004098877529263754
9669.0,9670.0,0.0066640396907588165
9669.0,9769.0,0.004037143792339782
9670.0,9671.0,0.006209700392132933
9670.0,9770.0,0.0042798262815174435
9671.0,9672.0,0.005258085845631802
9671.0,9771.0,0.002931286748167133
9672.0,9673.0,0.004872932477474713
9672.0,9772.0,0.00467534169874389
9673.0,9674.0,0.006418398595433385
9673.0,9773.0,0.003279520321630822
9674.0,9774.0,0.00518785659015315
9761.0,9762.0,0.006972211325682967
9761.0,9861.0,0.003087981120409576
9762.0,9763.0,0.005491505085129688
9762.0,9862.0,0.004284586666182257
9763.0,9764.0,0.004817460065219381
9763.0,9863.0,0.004457193969300579
9764.0,9864.0,0.0038013835639175027
9766.0,9767.0,0.009356989723732922
9766.0,9866.0,0.005094464794260377
9767.0,9867.0,0.0020634670654006287
9769.0,9770.0,0.0034174405627502027
9770.0,9771.0,0.007819375599110848
9771.0,9772.0,0.005465726041442302
9772.0,9773.0,0.004877771959607617
9772.0,9872.0,0.004306556932164257
9773.0,9774.0,0.005869879733866707
9773.0,9873.0,0.003773448620294932
9861.0,9862.0,0.005421679172546023
9862.0,9863.0,0.004998413316239601
9862.0,9962.0,0.005047993511287587
9863.0,9864.0,0.005669771247594379
9863.0,9963.0,0.003388778312314721
9864.0,9964.0,0.004001173452876363
9866.0,9867.0,0.008641374809610556
9872.0,9873.0,0.005778558488927506
9962.0,9963.0,0.003561530291887596
9963.0,9964.0,0.005614253165824283
