Starting node index,Ending node index,Travel cost from the starting node to the ending node
15.0,115.0,0.005652655292869063
114.0,115.0,0.011403679569326183
114.0,214.0,0.005451537585845147
115.0,116.0,0.00438810139467534
115.0,215.0,0.001955600125281496
116.0,216.0,0.004454895610456103
213.0,214.0,0.0075252959177676175
213.0,313.0,0.0050150489937818695
214.0,215.0,0.005801148067417607
215.0,216.0,0.008394668176884652
215.0,315.0,0.006119842756969308
216.0,217.0,0.008909620883623785
216.0,316.0,0.0026970632936581013
217.0,317.0,0.0036807947864573834
313.0,413.0,0.005489416407966687
315.0,316.0,0.009434980090072603
315.0,415.0,0.004969845367813848
316.0,317.0,0.008163573145385756
316.0,416.0,0.005399605348542197
317.0,417.0,0.0032429796576583583
389.0,390.0,0.00645195850111193
390.0,391.0,0.007772500206494233
390.0,490.0,0.004029372587638476
391.0,491.0,0.0029834856694782126
413.0,414.0,0.005443536689508264
413.0,513.0,0.005941603420802762
414.0,415.0,0.007242108877944835
414.0,514.0,0.0030621138123916756
415.0,416.0,0.008890393669561274
415.0,515.0,0.001815372085827207
416.0,417.0,0.007342918983627404
416.0,516.0,0.004250463640597388
417.0,517.0,0.0034665860583598406
490.0,491.0,0.006776308801247234
490.0,590.0,0.004104916248841856
513.0,514.0,0.009020855530382796
513.0,613.0,0.0015818443033372375
514.0,515.0,0.009535630005940838
514.0,614.0,0.002405044841575903
515.0,516.0,0.010535972003093587
515.0,615.0,0.00298543193022824
516.0,517.0,0.005978818453508167
516.0,616.0,0.0040464561112163394
517.0,518.0,0.009641401577050339
517.0,617.0,0.004211916582744479
518.0,519.0,0.00683615975383453
518.0,618.0,0.004180378371631587
519.0,520.0,0.007167248270425709
519.0,619.0,0.005046356389511131
520.0,620.0,0.0026568544446475225
589.0,590.0,0.004992837526904051
589.0,689.0,0.004313107673128878
590.0,690.0,0.003129926903296755
613.0,614.0,0.009627641842623587
613.0,713.0,0.0047903679441159966
614.0,615.0,0.007760639538721252
614.0,714.0,0.00700499274018281
615.0,616.0,0.009844641373877795
615.0,715.0,0.006775929392341485
616.0,617.0,0.00844878823618512
617.0,618.0,0.007542768299503575
617.0,717.0,0.00514795171694713
618.0,619.0,0.009399404152384846
618.0,718.0,0.003784647116973457
619.0,620.0,0.008129720214136223
619.0,719.0,0.0038839223589040776
620.0,720.0,0.006416895825867722
622.0,722.0,0.0036322844946393394
686.0,687.0,0.005690013991195911
686.0,786.0,0.005362113800539186
689.0,690.0,0.003390014455731615
690.0,691.0,0.011467213552119578
691.0,791.0,0.0022547319131078734
713.0,714.0,0.010722692581625667
713.0,813.0,0.005840494186280917
714.0,715.0,0.0074231455226168135
714.0,814.0,0.002082593001522603
715.0,815.0,0.002880298111307758
717.0,718.0,0.008966422221830148
717.0,817.0,0.0029292358491595683
718.0,719.0,0.008382572059328764
718.0,818.0,0.003721391309711388
719.0,720.0,0.00782935593328535
719.0,819.0,0.0035174509321389646
720.0,721.0,0.007482521484096426
720.0,820.0,0.002372642126406415
721.0,722.0,0.006990806776045714
721.0,821.0,0.006488403501633129
791.0,792.0,0.0059857674938131175
792.0,892.0,0.00274804615864055
796.0,896.0,0.0035454524125981975
813.0,814.0,0.007761631473471818
813.0,913.0,0.0028427624540249565
814.0,815.0,0.006825790771037395
814.0,914.0,0.004630502030019422
815.0,915.0,0.004666966854394117
817.0,818.0,0.007300126990682948
817.0,917.0,0.0035277949713679374
818.0,819.0,0.008731357959103792
818.0,918.0,0.004912368980440957
819.0,820.0,0.008024564205613127
819.0,919.0,0.003575782020761481
820.0,821.0,0.00698548180871815
820.0,920.0,0.005122409356935164
821.0,921.0,0.004902580924373532
895.0,896.0,0.00900972711073259
895.0,995.0,0.003936295380187705
896.0,996.0,0.002214602458679033
912.0,913.0,0.007697596758076619
912.0,1012.0,0.0030108431128201777
913.0,914.0,0.003749948171639047
913.0,1013.0,0.005558638902644826
914.0,915.0,0.01166718677488323
914.0,1014.0,0.005187831848664567
915.0,916.0,0.009694177757811472
915.0,1015.0,0.003284814650784008
916.0,917.0,0.009447673628991245
916.0,1016.0,0.0063608229852794235
917.0,918.0,0.006520922833458717
918.0,919.0,0.008329536681603225
918.0,1018.0,0.001260316761769127
919.0,920.0,0.008492519014405099
919.0,1019.0,0.004973980878533888
920.0,921.0,0.010238348069880634
920.0,1020.0,0.003557486494703887
921.0,1021.0,0.00401445014417369
995.0,996.0,0.010587447716999017
1012.0,1013.0,0.006508980354093933
1013.0,1014.0,0.009045010892753377
1014.0,1015.0,0.007150316447534128
1014.0,1114.0,0.004200641420072953
1015.0,1016.0,0.006389158086949256
1015.0,1115.0,0.004462917898641686
1016.0,1116.0,0.0016234331677022643
1018.0,1019.0,0.008432366195198939
1018.0,1118.0,0.005001199521116502
1019.0,1020.0,0.007999445766431322
1019.0,1119.0,0.0032696225546689534
1020.0,1021.0,0.008018549357573977
1020.0,1120.0,0.0030914201477628793
1021.0,1022.0,0.0064509034793628975
1021.0,1121.0,0.0037183264313418755
1022.0,1122.0,0.004269164126619875
1034.0,1134.0,0.002022014493022734
1091.0,1092.0,0.00740051881964878
1092.0,1093.0,0.00996445722355958
1092.0,1192.0,0.003943103636731349
1114.0,1115.0,0.008355053400794508
1114.0,1214.0,0.0036158152676839146
1115.0,1116.0,0.006616291972085762
1115.0,1215.0,0.0033669369967367782
1116.0,1216.0,0.0049701066004661865
1118.0,1119.0,0.008781201834030838
1118.0,1218.0,0.00466576613215742
1119.0,1120.0,0.009132839458245076
1119.0,1219.0,0.0035394166539125583
1120.0,1121.0,0.007615710022053421
1120.0,1220.0,0.004261668295397933
1121.0,1122.0,0.006320129395036321
1121.0,1221.0,0.0020309707358781353
1122.0,1222.0,0.002858567209285164
1132.0,1133.0,0.0048559939415090585
1132.0,1232.0,0.002448496636711864
1133.0,1134.0,0.008892500122019724
1133.0,1233.0,0.003581211634350666
1134.0,1234.0,0.0039830630336494316
1212.0,1213.0,0.007991381400612497
1212.0,1312.0,0.005068899254277484
1213.0,1214.0,0.010416556448747961
1213.0,1313.0,0.004546256292813465
1214.0,1215.0,0.009361446847571975
1214.0,1314.0,0.004229611217359869
1215.0,1216.0,0.006150576891636434
1215.0,1315.0,0.00619065904084424
1216.0,1217.0,0.013270005516204308
1216.0,1316.0,0.004204375732499285
1217.0,1218.0,0.004728365689117495
1217.0,1317.0,0.004232210558319269
1218.0,1219.0,0.008964102509447059
1218.0,1318.0,0.0028098705806514144
1219.0,1220.0,0.007854181166743723
1219.0,1319.0,0.0043247921799785954
1220.0,1221.0,0.008386615604044243
1220.0,1320.0,0.0037445172292311026
1221.0,1222.0,0.006509944694858877
1221.0,1321.0,0.005489460055415295
1222.0,1322.0,0.0025272503041822067
1232.0,1233.0,0.006558097447432791
1232.0,1332.0,0.004980178512866138
1233.0,1234.0,0.0076208582876213845
1233.0,1333.0,0.003297961050406625
1234.0,1235.0,0.006139312235906885
1234.0,1334.0,0.003686288561681203
1235.0,1335.0,0.004292101015821387
1312.0,1313.0,0.009001022173060255
1313.0,1314.0,0.006769716995560302
1313.0,1413.0,0.0029900208109644865
1314.0,1315.0,0.011638983787686451
1314.0,1414.0,0.0038018692205283337
1315.0,1316.0,0.00776681939792734
1315.0,1415.0,0.00379912610609133
1316.0,1317.0,0.00689875697572133
1316.0,1416.0,0.0040393158158319445
1317.0,1318.0,0.008578527240725511
1317.0,1417.0,0.0034474501896348893
1318.0,1319.0,0.007853365630094854
1318.0,1418.0,0.004017268136430148
1319.0,1320.0,0.009171968133404679
1319.0,1419.0,0.0034262462039369676
1320.0,1321.0,0.006105738632624031
1320.0,1420.0,0.003694462008199422
1321.0,1322.0,0.008553982946564412
1321.0,1421.0,0.00454768131359381
1322.0,1422.0,0.0060721686052023416
1332.0,1333.0,0.004510794635087882
1332.0,1432.0,0.0055815321776444705
1333.0,1334.0,0.008044834552067484
1333.0,1433.0,0.0047965688507527965
1334.0,1335.0,0.009072806182205998
1334.0,1434.0,0.004505311063621157
1335.0,1435.0,0.0029792277992793195
1413.0,1414.0,0.008082512729340057
1413.0,1513.0,0.004382101825609759
1414.0,1415.0,0.007648749859293954
1414.0,1514.0,0.004054720361502359
1415.0,1416.0,0.00986662047359199
1415.0,1515.0,0.003669027044054607
1416.0,1417.0,0.006851002522258917
1416.0,1516.0,0.003693423788298867
1417.0,1418.0,0.010053661703578196
1417.0,1517.0,0.0036022055466049586
1418.0,1419.0,0.007685013057253832
1418.0,1518.0,0.0030488521200627383
1419.0,1420.0,0.007746803104496306
1419.0,1519.0,0.004587503914985736
1420.0,1421.0,0.008165199199662345
1420.0,1520.0,0.003963445617135474
1421.0,1422.0,0.008356431894655078
1421.0,1521.0,0.003702082906960127
1422.0,1522.0,0.0032682684115584886
1432.0,1433.0,0.00843075923569093
1432.0,1532.0,0.002957191182524046
1433.0,1434.0,0.0088306356719055
1433.0,1533.0,0.0032599454243869984
1434.0,1435.0,0.008857866695763302
1434.0,1534.0,0.003489057278120252
1435.0,1436.0,0.006458634518999056
1435.0,1535.0,0.0036664117008297402
1436.0,1536.0,0.002447700145035223
1513.0,1514.0,0.007717721376163034
1514.0,1515.0,0.010488572336112263
1514.0,1614.0,0.004668037071403613
1515.0,1516.0,0.0072383711427349475
1515.0,1615.0,0.00362696560915924
1516.0,1517.0,0.008690741751997933
1516.0,1616.0,0.004890890116329541
1517.0,1518.0,0.008640334378949555
1517.0,1617.0,0.0053169030995489815
1518.0,1519.0,0.007569120818827883
1518.0,1618.0,0.005046930181801602
1519.0,1520.0,0.00867358715007704
1519.0,1619.0,0.0032008024009632205
1520.0,1521.0,0.008617338818916277
1520.0,1620.0,0.0035002345635702144
1521.0,1522.0,0.007960486269700633
1521.0,1621.0,0.004077018253575771
1522.0,1523.0,0.008854892230282959
1522.0,1622.0,0.0035300742385993727
1523.0,1524.0,0.005995761449563157
1523.0,1623.0,0.003260603947123366
1524.0,1525.0,0.012330734656126151
1524.0,1624.0,0.0035999436051124376
1525.0,1526.0,0.006569662061321559
1525.0,1625.0,0.003341001730021955
1526.0,1626.0,0.0012533233621017236
1531.0,1532.0,0.006771052399733268
1531.0,1631.0,0.003739725385640703
1532.0,1533.0,0.008436660408597686
1532.0,1632.0,0.004402229982635236
1533.0,1534.0,0.008769067857539175
1533.0,1633.0,0.003857394329077915
1534.0,1535.0,0.007820286691041485
1534.0,1634.0,0.00414741978704849
1535.0,1536.0,0.008395789769279276
1535.0,1635.0,0.00397696384821398
1536.0,1636.0,0.004943750487233283
1614.0,1615.0,0.00790044645446509
1614.0,1714.0,0.003254359995450671
1615.0,1616.0,0.010843318595337877
1615.0,1715.0,0.00564699986984371
1616.0,1617.0,0.007195491257735466
1616.0,1716.0,0.003127322381840002
1617.0,1618.0,0.007890797673872898
1617.0,1717.0,0.003065779020085133
1618.0,1619.0,0.008702249342556244
1618.0,1718.0,0.003657645768794682
1619.0,1620.0,0.009243422847619517
1619.0,1719.0,0.004078197368932429
1620.0,1621.0,0.008168334459359933
1620.0,1720.0,0.003929850847042598
1621.0,1622.0,0.008407866708037271
1621.0,1721.0,0.0037642402155007894
1622.0,1623.0,0.009845651454314475
1622.0,1722.0,0.004531802918261719
1623.0,1624.0,0.005405518833564361
1623.0,1723.0,0.002619839643949524
1624.0,1625.0,0.00942830954943035
1624.0,1724.0,0.002672756788414133
1625.0,1626.0,0.008407526167085465
1625.0,1725.0,0.0032046004758771594
1626.0,1627.0,0.008807621426923014
1626.0,1726.0,0.0043591743587522
1627.0,1727.0,0.0028978317031895734
1630.0,1631.0,0.006156086621377315
1630.0,1730.0,0.003483106917683065
1631.0,1632.0,0.00937307039235956
1631.0,1731.0,0.003879876117866472
1632.0,1633.0,0.007693435535559729
1632.0,1732.0,0.002789191863247749
1633.0,1634.0,0.009812079201176879
1633.0,1733.0,0.00410912995657576
1634.0,1635.0,0.007564830087311321
1634.0,1734.0,0.0034513304753406955
1635.0,1636.0,0.00812947603231511
1635.0,1735.0,0.004348870783316213
1636.0,1637.0,0.0057465320159287795
1636.0,1736.0,0.003328981960000448
1637.0,1737.0,0.003981535770277684
1714.0,1715.0,0.009060899008922974
1714.0,1814.0,0.0022148873063900965
1715.0,1716.0,0.00762213517395242
1715.0,1815.0,0.00357942462555198
1716.0,1717.0,0.010593313853558562
1716.0,1816.0,0.004470755896937537
1717.0,1718.0,0.007113247834849362
1717.0,1817.0,0.002727308088576123
1718.0,1719.0,0.009767012833508068
1718.0,1818.0,0.004559938781387845
1719.0,1720.0,0.007325381977756697
1719.0,1819.0,0.003924992291712502
1720.0,1721.0,0.009325340036698729
1720.0,1820.0,0.00523446879253305
1721.0,1722.0,0.00875526409024476
1721.0,1821.0,0.0035856879688577537
1722.0,1723.0,0.009180692641084608
1722.0,1822.0,0.003375905414849098
1723.0,1724.0,0.007189514927307139
1723.0,1823.0,0.005043761017334547
1724.0,1725.0,0.007752920358167579
1724.0,1824.0,0.0039803054581267604
1725.0,1726.0,0.007057864476592303
1725.0,1825.0,0.0061025768204892
1726.0,1727.0,0.01225939204569743
1727.0,1728.0,0.004837350685029649
1727.0,1827.0,0.0061804383444876865
1728.0,1729.0,0.01036598591210371
1728.0,1828.0,0.006923551649258629
1729.0,1730.0,0.009566623066688516
1729.0,1829.0,0.005163314177929701
1730.0,1731.0,0.008840336088630454
1730.0,1830.0,0.004127601324014873
1731.0,1732.0,0.007776048540230535
1731.0,1831.0,0.004608244385882063
1732.0,1733.0,0.008833728753477002
1732.0,1832.0,0.0029708110172144172
1733.0,1734.0,0.008681416255427848
1733.0,1833.0,0.0026838264772532277
1734.0,1735.0,0.00762115395264388
1734.0,1834.0,0.0033435812925630072
1735.0,1736.0,0.008841258806310249
1735.0,1835.0,0.0026288713262547446
1736.0,1737.0,0.007715077496041093
1736.0,1836.0,0.0035652132011987467
1737.0,1837.0,0.0035099073634500457
1785.0,1885.0,0.0035036623952633328
1787.0,1887.0,0.000663251686758129
1814.0,1815.0,0.010297243639923995
1815.0,1816.0,0.006825542259037051
1815.0,1915.0,0.0030304864774491507
1816.0,1817.0,0.010184904761462322
1816.0,1916.0,0.004294228333481158
1817.0,1818.0,0.009022547990453267
1817.0,1917.0,0.005852846777423347
1818.0,1819.0,0.00812448469073418
1818.0,1918.0,0.0032282895858335046
1819.0,1820.0,0.00848151605374834
1819.0,1919.0,0.0028147885071520095
1820.0,1821.0,0.008612199338726246
1820.0,1920.0,0.002041916869021114
1821.0,1822.0,0.008677203096049418
1821.0,1921.0,0.004098760857869213
1822.0,1823.0,0.007918744477505792
1822.0,1922.0,0.003602715115021534
1823.0,1824.0,0.008657917364466439
1823.0,1923.0,0.0035781319288117714
1824.0,1825.0,0.009817197166701626
1824.0,1924.0,0.0029214570919318355
1825.0,1925.0,0.002562949925376432
1827.0,1828.0,0.011219971883212275
1827.0,1927.0,0.002452524154826938
1828.0,1829.0,0.0076097298986260815
1828.0,1928.0,0.004031357190823484
1829.0,1830.0,0.005583456987382404
1829.0,1929.0,0.0037204589569070547
1830.0,1831.0,0.009142620522040294
1830.0,1930.0,0.0035378184026314554
1831.0,1832.0,0.009980091771127398
1831.0,1931.0,0.004232341236242154
1832.0,1833.0,0.00736947801747335
1833.0,1834.0,0.007636719836420785
1833.0,1933.0,0.006190307834829586
1834.0,1835.0,0.008949304036625258
1834.0,1934.0,0.003994237579310411
1835.0,1836.0,0.00907068983154087
1835.0,1935.0,0.004596863897270284
1836.0,1837.0,0.008397346181975447
1836.0,1936.0,0.00427462111069606
1837.0,1838.0,0.005846284955417284
1837.0,1937.0,0.0037897743270533307
1838.0,1938.0,0.005197713175041186
1841.0,1842.0,0.0046342738805534335
1841.0,1941.0,0.005007817412805027
1842.0,1942.0,0.004753064260031199
1885.0,1985.0,0.004287855982889334
1887.0,1888.0,0.00556551523670509
1888.0,1889.0,0.008460181346763851
1888.0,1988.0,0.003672371948752053
1889.0,1890.0,0.008248584601613316
1889.0,1989.0,0.006065539040349764
1890.0,1990.0,0.007500030635273788
1915.0,1916.0,0.009438543431071835
1915.0,2015.0,0.0046594379328401105
1916.0,1917.0,0.00787094408186261
1916.0,2016.0,0.006261218950015651
1917.0,1918.0,0.008611862052428377
1917.0,2017.0,0.0025765074519559397
1918.0,1919.0,0.0079395929064465
1918.0,2018.0,0.004223152591370221
1919.0,1920.0,0.009004979283151103
1919.0,2019.0,0.00498496875115686
1920.0,1921.0,0.008641216762702035
1920.0,2020.0,0.005712406919157639
1921.0,1922.0,0.008807015368437475
1921.0,2021.0,0.003642008020309176
1922.0,1923.0,0.009433019198538284
1922.0,2022.0,0.0046464978736672135
1923.0,1924.0,0.006734523387003499
1923.0,2023.0,0.004768541548523526
1924.0,1925.0,0.008535741927322187
1924.0,2024.0,0.005462278668284321
1925.0,1926.0,0.008994766641225335
1925.0,2025.0,0.003934402928020543
1926.0,1927.0,0.008915658940314946
1926.0,2026.0,0.0031184925861687707
1927.0,1928.0,0.0081118822039003
1927.0,2027.0,0.004440322295733811
1928.0,1929.0,0.008055612388885353
1928.0,2028.0,0.0038364472953488467
1929.0,1930.0,0.008832746264329628
1929.0,2029.0,0.003291728404653061
1930.0,1931.0,0.008086372981760043
1930.0,2030.0,0.004030068918767465
1931.0,2031.0,0.0030246777696154173
1933.0,1934.0,0.007752074729383346
1933.0,2033.0,0.0032963748330555494
1934.0,1935.0,0.007773540872091636
1934.0,2034.0,0.004573471967771996
1935.0,1936.0,0.009195945098243058
1935.0,2035.0,0.0032463544384429394
1936.0,1937.0,0.008089283615380123
1936.0,2036.0,0.0032805704534400685
1937.0,1938.0,0.00791973133382361
1937.0,2037.0,0.004430166395295982
1938.0,1939.0,0.00972159911948857
1938.0,2038.0,0.003323532388886953
1939.0,1940.0,0.007131472292591292
1939.0,2039.0,0.0020036822352854913
1940.0,1941.0,0.009114579485638697
1940.0,2040.0,0.0036920059439287107
1941.0,1942.0,0.007831627714591397
1941.0,2041.0,0.0027592150278673176
1942.0,2042.0,0.0035771611104349604
1985.0,1986.0,0.0043964887637759666
1985.0,2085.0,0.0048497743555759
1986.0,2086.0,0.001663782741225811
1988.0,1989.0,0.0050644326691205895
1988.0,2088.0,0.006870707190676048
1989.0,1990.0,0.005907175616991086
1989.0,2089.0,0.0013358634810514505
2011.0,2012.0,0.003341469384873629
2011.0,2111.0,0.0050971748066908325
2015.0,2016.0,0.006760984497087741
2015.0,2115.0,0.004646437775328245
2016.0,2017.0,0.009930830783479363
2016.0,2116.0,0.004668146168456622
2017.0,2018.0,0.009093518059032347
2017.0,2117.0,0.0042960643780104325
2018.0,2019.0,0.006700453992084909
2018.0,2118.0,0.0033204829166858397
2019.0,2020.0,0.009125967589791714
2019.0,2119.0,0.0041537640099094135
2020.0,2021.0,0.009020296836026828
2020.0,2120.0,0.0033064157104038955
2021.0,2022.0,0.00868980899272335
2021.0,2121.0,0.0035882766504274043
2022.0,2023.0,0.010337775966324866
2022.0,2122.0,0.003347502979833698
2023.0,2024.0,0.007442626969023895
2023.0,2123.0,0.00242337817931849
2024.0,2025.0,0.0074838375824113745
2024.0,2124.0,0.002215999316335513
2025.0,2026.0,0.008183101349743234
2025.0,2125.0,0.004113290829734057
2026.0,2027.0,0.009582626445816027
2026.0,2126.0,0.0056626174672129714
2027.0,2028.0,0.008186708267050674
2027.0,2127.0,0.0038326337223880767
2028.0,2029.0,0.008297465720335403
2028.0,2128.0,0.007188462561632136
2029.0,2030.0,0.007328880253481871
2029.0,2129.0,0.004267265440536966
2030.0,2031.0,0.009381859232586333
2030.0,2130.0,0.004136462304918784
2031.0,2032.0,0.008356449931038614
2031.0,2131.0,0.005204878980342491
2032.0,2033.0,0.010128234959753742
2032.0,2132.0,0.003155985440400952
2033.0,2034.0,0.007451218714423371
2033.0,2133.0,0.003936016526890865
2034.0,2035.0,0.007103688724173008
2034.0,2134.0,0.003261184853700589
2035.0,2036.0,0.009383942398050306
2035.0,2135.0,0.003943393918948645
2036.0,2037.0,0.008613937083585134
2036.0,2136.0,0.00424404434472731
2037.0,2038.0,0.008098737319481785
2037.0,2137.0,0.0031819997360160042
2038.0,2039.0,0.009656139106294963
2038.0,2138.0,0.002656148190522362
2039.0,2040.0,0.008716361645202439
2039.0,2139.0,0.00393057742450162
2040.0,2041.0,0.007487165387518944
2040.0,2140.0,0.003950022573351204
2041.0,2042.0,0.008714630760967366
2041.0,2141.0,0.004677653542108109
2042.0,2043.0,0.008447336103772187
2042.0,2142.0,0.003367502351894106
2043.0,2143.0,0.003964753113374966
2085.0,2086.0,0.0073889999986491385
2085.0,2185.0,0.002859159115894659
2086.0,2186.0,0.007453145178381003
2088.0,2089.0,0.004419640369982135
2088.0,2188.0,0.0034672991693773135
2089.0,2189.0,0.004458276820701491
2115.0,2116.0,0.009322841010125938
2115.0,2215.0,0.002646201462475084
2116.0,2117.0,0.006315585694137434
2116.0,2216.0,0.003129125476871912
2117.0,2118.0,0.008691212900963013
2117.0,2217.0,0.004422520882937046
2118.0,2119.0,0.008380489000656523
2118.0,2218.0,0.004469480266204
2119.0,2120.0,0.00894193046997488
2119.0,2219.0,0.004239318843867231
2120.0,2121.0,0.008453499161893389
2120.0,2220.0,0.003267146922006577
2121.0,2122.0,0.008477778143476286
2121.0,2221.0,0.004245563247672769
2122.0,2123.0,0.00942306587315688
2122.0,2222.0,0.003966161349466854
2123.0,2124.0,0.008502079513275317
2123.0,2223.0,0.004165488691622595
2124.0,2125.0,0.0063051814010337695
2124.0,2224.0,0.004754907419706839
2125.0,2126.0,0.010274493479001542
2125.0,2225.0,0.004557634616772532
2126.0,2127.0,0.008010088142466279
2126.0,2226.0,0.0027496599717066767
2127.0,2128.0,0.004918143399694121
2127.0,2227.0,0.0045743830993901615
2128.0,2129.0,0.01241257463865191
2128.0,2228.0,0.004631324616139391
2129.0,2130.0,0.008208897195726489
2129.0,2229.0,0.003637358922349355
2130.0,2131.0,0.009140729897553403
2130.0,2230.0,0.004511603046588212
2131.0,2132.0,0.009604165836241444
2131.0,2231.0,0.0037886355393447796
2132.0,2133.0,0.0068513283792266365
2132.0,2232.0,0.004144528098593086
2133.0,2134.0,0.008958407262455597
2133.0,2233.0,0.003896535861506698
2134.0,2135.0,0.008154509684830806
2134.0,2234.0,0.0038504151698240145
2135.0,2136.0,0.00823566197764145
2135.0,2235.0,0.004079160610959052
2136.0,2137.0,0.008891179885708344
2136.0,2236.0,0.003706770460926733
2137.0,2138.0,0.007964671565104798
2137.0,2237.0,0.0037170481904302733
2138.0,2139.0,0.009309823307656947
2138.0,2238.0,0.003890899804669307
2139.0,2140.0,0.007882216300638331
2139.0,2239.0,0.004130068915889772
2140.0,2141.0,0.008733901021307217
2140.0,2240.0,0.004065536723484678
2141.0,2142.0,0.008062245866380598
2141.0,2241.0,0.0034365130830515513
2142.0,2143.0,0.007968911153356725
2142.0,2242.0,0.0043618247064726905
2143.0,2144.0,0.009737741739229956
2143.0,2243.0,0.004050255578356594
2144.0,2145.0,0.008573478841754871
2144.0,2244.0,0.0033111213357413048
2145.0,2146.0,0.005576949672541386
2145.0,2245.0,0.004493520679824487
2146.0,2246.0,0.0016264079592756809
2155.0,2255.0,0.0035590014386052563
2185.0,2186.0,0.006317211463929616
2188.0,2189.0,0.006205589454677223
2189.0,2289.0,0.0035372350699366065
2213.0,2214.0,0.0067450043773197394
2213.0,2313.0,0.003999398661048781
2214.0,2215.0,0.008069571270515134
2214.0,2314.0,0.003567637013485554
2215.0,2216.0,0.010240603363574937
2215.0,2315.0,0.0054394212238084
2216.0,2217.0,0.005297336848828751
2216.0,2316.0,0.004127977796693518
2217.0,2218.0,0.011472167921539057
2217.0,2317.0,0.004783522180364836
2218.0,2219.0,0.007995535345426557
2218.0,2318.0,0.004843747823740825
2219.0,2220.0,0.009134257999424711
2219.0,2319.0,0.0035623678894794253
2220.0,2221.0,0.007159018375447187
2220.0,2320.0,0.00577051354387147
2221.0,2222.0,0.008348184488265341
2221.0,2321.0,0.0032590857736499237
2222.0,2223.0,0.01128634212223267
2222.0,2322.0,0.004523702892542346
2223.0,2224.0,0.006850545044003212
2223.0,2323.0,0.006612975720507366
2224.0,2225.0,0.007368646809964828
2224.0,2324.0,0.003984328505531037
2225.0,2226.0,0.008453503250717939
2225.0,2325.0,0.0029792079836751654
2226.0,2227.0,0.009533857828287138
2226.0,2326.0,0.0041610671143315
2227.0,2228.0,0.0076603830256832695
2227.0,2327.0,0.0025787961532473666
2228.0,2229.0,0.009248017238835256
2228.0,2328.0,0.0037001970555630473
2229.0,2230.0,0.005766493861097577
2229.0,2329.0,0.004080235411096566
2230.0,2231.0,0.00942485054417722
2230.0,2330.0,0.004843309600878568
2231.0,2232.0,0.009667553818822788
2231.0,2331.0,0.004070270875513082
2232.0,2233.0,0.007461039632659218
2232.0,2332.0,0.003515992873996704
2233.0,2234.0,0.009177200201580752
2233.0,2333.0,0.0031641522482321184
2234.0,2235.0,0.008381851898596132
2234.0,2334.0,0.003932436914940955
2235.0,2236.0,0.008782474075678288
2235.0,2335.0,0.0037161666378121233
2236.0,2237.0,0.00821457463414575
2236.0,2336.0,0.0038802029225263796
2237.0,2238.0,0.008770756035835723
2237.0,2337.0,0.00405083636796335
2238.0,2239.0,0.00905018585444259
2238.0,2338.0,0.0044839011418638
2239.0,2240.0,0.007786433363869076
2239.0,2339.0,0.003660563417017218
2240.0,2241.0,0.008288041079175044
2240.0,2340.0,0.0037594345319499505
2241.0,2242.0,0.008501717297700755
2241.0,2341.0,0.004554385864199244
2242.0,2243.0,0.008090072301903522
2242.0,2342.0,0.003947256515606903
2243.0,2244.0,0.008747531062529273
2243.0,2343.0,0.0030294465715682917
2244.0,2245.0,0.006305903609311156
2244.0,2344.0,0.004162411230285263
2245.0,2246.0,0.00796112611130725
2245.0,2345.0,0.005056503713045202
2246.0,2346.0,0.005472157052754333
2255.0,2256.0,0.004680024812965764
2255.0,2355.0,0.003976514519023827
2256.0,2356.0,0.004228480584086344
2289.0,2290.0,0.005297484996667494
2290.0,2390.0,0.004072057373122681
2311.0,2411.0,0.003844169153405248
2313.0,2314.0,0.009697006053417499
2313.0,2413.0,0.004042765737709751
2314.0,2315.0,0.008047739384444412
2314.0,2414.0,0.003921210202220917
2315.0,2316.0,0.008396886783206037
2315.0,2415.0,0.003619291610244536
2316.0,2317.0,0.008670648241635473
2316.0,2416.0,0.005217710127059306
2317.0,2318.0,0.011099333953427949
2317.0,2417.0,0.0023779378040661267
2318.0,2319.0,0.004821298200693183
2318.0,2418.0,0.004009243032037823
2319.0,2320.0,0.009008016035734928
2319.0,2419.0,0.004238800283098244
2320.0,2321.0,0.008494448258712685
2320.0,2420.0,0.002775524181126291
2321.0,2322.0,0.008407345053592745
2321.0,2421.0,0.004282850780729036
2322.0,2323.0,0.006071053450596569
2322.0,2422.0,0.0032580749055232446
2323.0,2324.0,0.011744537162439336
2323.0,2423.0,0.006515816990213942
2324.0,2325.0,0.00905350487821592
2324.0,2424.0,0.0045855519242509885
2325.0,2326.0,0.0054345042322255285
2325.0,2425.0,0.0036942681020750464
2326.0,2327.0,0.011643277223363068
2326.0,2426.0,0.004781137576975992
2327.0,2328.0,0.007747699011319935
2327.0,2427.0,0.00598226094800315
2328.0,2329.0,0.008411224888801087
2328.0,2428.0,0.003298543437640069
2329.0,2330.0,0.00910020522239943
2329.0,2429.0,0.004315901394839963
2330.0,2331.0,0.003908195958497872
2330.0,2430.0,0.0032733701058707304
2331.0,2332.0,0.012186704964428306
2331.0,2431.0,0.0057955146906887075
2332.0,2333.0,0.008962183957051412
2332.0,2432.0,0.004510746130076743
2333.0,2334.0,0.008563230634524542
2333.0,2433.0,0.0038516726353623526
2334.0,2335.0,0.007936678394640672
2335.0,2336.0,0.008770249326551722
2335.0,2435.0,0.005199106419379602
2336.0,2337.0,0.00835157928657913
2336.0,2436.0,0.00358673936605446
2337.0,2338.0,0.008255520822456478
2337.0,2437.0,0.0024306309571807123
2338.0,2339.0,0.008564886187222735
2338.0,2438.0,0.003494953996836143
2339.0,2340.0,0.008515916177374431
2339.0,2439.0,0.0033367600587973427
2340.0,2341.0,0.009167001916109509
2340.0,2440.0,0.003610349636807128
2341.0,2342.0,0.007799280567466169
2341.0,2441.0,0.00265953849379741
2342.0,2343.0,0.008132813187324181
2342.0,2442.0,0.0028175384806610484
2343.0,2344.0,0.009581636213611917
2343.0,2443.0,0.0040955038859725075
2344.0,2345.0,0.007555400129709651
2344.0,2444.0,0.0026714621015458064
2345.0,2346.0,0.007875201920586768
2345.0,2445.0,0.0030154317783656886
2346.0,2446.0,0.0025355543634441586
2354.0,2355.0,0.006967378630441863
2354.0,2454.0,0.002225704223389824
2355.0,2356.0,0.006393965261084869
2355.0,2455.0,0.004138909832311401
2356.0,2456.0,0.004136797585091118
2384.0,2385.0,0.006821150297421643
2385.0,2485.0,0.004230819122814815
2411.0,2412.0,0.009139317397928183
2411.0,2511.0,0.003316450466989591
2412.0,2413.0,0.007163496189014179
2412.0,2512.0,0.0058705871409966874
2413.0,2414.0,0.009715730783630895
2413.0,2513.0,0.004338324502615884
2414.0,2415.0,0.006922429198622596
2414.0,2514.0,0.0039137978294751805
2415.0,2416.0,0.009006573707028969
2415.0,2515.0,0.002913710584463217
2416.0,2417.0,0.008644755172936208
2416.0,2516.0,0.0031110372498562716
2417.0,2418.0,0.00880036603897819
2417.0,2517.0,0.0034913071993156516
2418.0,2419.0,0.007913367518939755
2418.0,2518.0,0.003625402722459245
2419.0,2420.0,0.008313309965364214
2419.0,2519.0,0.0022029554784393696
2420.0,2421.0,0.00838121753266981
2420.0,2520.0,0.004380617350326532
2421.0,2422.0,0.008317401953129864
2421.0,2521.0,0.004170410243611443
2422.0,2423.0,0.008598244402208093
2422.0,2522.0,0.004936622117402139
2423.0,2424.0,0.009160972249709536
2423.0,2523.0,0.004321138056112248
2424.0,2425.0,0.007576669624569442
2424.0,2524.0,0.0035807601483492458
2425.0,2426.0,0.009167823964830076
2425.0,2525.0,0.0054563973874697845
2426.0,2427.0,0.007416663802552312
2426.0,2526.0,0.003626900111666041
2427.0,2428.0,0.010908431378067065
2427.0,2527.0,0.0022293590132525993
2428.0,2429.0,0.009596169932320077
2428.0,2528.0,0.006748961992043219
2429.0,2430.0,0.0060394957777866265
2429.0,2529.0,0.004531082760227343
2430.0,2431.0,0.008199360600069648
2430.0,2530.0,0.0035712948198115624
2431.0,2432.0,0.009015609331047418
2431.0,2531.0,0.0033874483907521138
2432.0,2433.0,0.008016909242346446
2432.0,2532.0,0.00327982263240041
2433.0,2533.0,0.004310541201519916
2435.0,2436.0,0.004967196787928405
2435.0,2535.0,0.005577678832637625
2436.0,2437.0,0.008228749786564701
2436.0,2536.0,0.004063122598444364
2437.0,2438.0,0.008452670731787052
2437.0,2537.0,0.004954030772008336
2438.0,2439.0,0.008466047300244379
2438.0,2538.0,0.005600289854104601
2439.0,2440.0,0.008036766293102657
2439.0,2539.0,0.0034280463372022975
2440.0,2441.0,0.009210362703500142
2440.0,2540.0,0.00420168913176841
2441.0,2442.0,0.007680762963412836
2441.0,2541.0,0.004284424612481074
2442.0,2443.0,0.009775849391732155
2442.0,2542.0,0.004099621471549659
2443.0,2444.0,0.009010899067793187
2443.0,2543.0,0.004525208779711122
2444.0,2445.0,0.0075999539663067885
2444.0,2544.0,0.0038395511834082735
2445.0,2446.0,0.0077638729439657396
2445.0,2545.0,0.00514176940458612
2446.0,2546.0,0.004287315423434253
2450.0,2451.0,0.006113876670332194
2450.0,2550.0,0.004668819013415731
2454.0,2455.0,0.007937820686434498
2454.0,2554.0,0.0034453437854553848
2455.0,2456.0,0.007151061668027592
2455.0,2555.0,0.002628539238815275
2456.0,2556.0,0.0029481817803554277
2485.0,2585.0,0.004947659706369025
2487.0,2488.0,0.00926056207796781
2491.0,2492.0,0.010579804483073559
2491.0,2591.0,0.0014929879068488622
2511.0,2512.0,0.008188095437890525
2511.0,2611.0,0.003039617897041905
2512.0,2513.0,0.009133011352237689
2512.0,2612.0,0.0031009310617956696
2513.0,2514.0,0.008015616739836862
2513.0,2613.0,0.003072073270611281
2514.0,2515.0,0.008675474064854583
2514.0,2614.0,0.005111831160161853
2515.0,2516.0,0.008514061509064705
2515.0,2615.0,0.004009425900298459
2516.0,2517.0,0.009216360162777265
2516.0,2616.0,0.003498002644368413
2517.0,2518.0,0.008473346042737546
2517.0,2617.0,0.005777731175818431
2518.0,2519.0,0.006892865982302305
2518.0,2618.0,0.003814787811923517
2519.0,2520.0,0.009207808543288704
2519.0,2619.0,0.004171630953235039
2520.0,2521.0,0.008981700975872885
2520.0,2620.0,0.003559326280352906
2521.0,2522.0,0.008972602798531787
2521.0,2621.0,0.003570408984976283
2522.0,2523.0,0.009771556975726865
2522.0,2622.0,0.002226767976239068
2523.0,2524.0,0.006802767726440905
2523.0,2623.0,0.0033060720031517434
2524.0,2525.0,0.007909353554506752
2524.0,2624.0,0.003487492523292219
2525.0,2526.0,0.009185180317219793
2525.0,2625.0,0.0030661731865617757
2526.0,2527.0,0.008810677570423475
2526.0,2626.0,0.004079561780388306
2527.0,2528.0,0.004289753243490887
2528.0,2529.0,0.012197697810655442
2528.0,2628.0,0.007144647844361843
2529.0,2530.0,0.008713831048398018
2529.0,2629.0,0.003011865979754112
2530.0,2531.0,0.008105023469432293
2530.0,2630.0,0.0027449015373958953
2531.0,2532.0,0.00932668485850178
2531.0,2631.0,0.00346843437014485
2532.0,2533.0,0.00717237081654094
2532.0,2632.0,0.0037827876030781995
2533.0,2534.0,0.005961731531201088
2533.0,2633.0,0.003240624094215229
2534.0,2535.0,0.012942973124046365
2534.0,2634.0,0.0039009166320223398
2535.0,2536.0,0.007089092637291274
2535.0,2635.0,0.00350636282349485
2536.0,2537.0,0.01040382864382454
2536.0,2636.0,0.003994631804060396
2537.0,2538.0,0.005627090681691583
2537.0,2637.0,0.004101564058994831
2538.0,2539.0,0.00979116553072082
2538.0,2638.0,0.0031767087999979527
2539.0,2540.0,0.008306557566160954
2539.0,2639.0,0.00450131735606481
2540.0,2541.0,0.009909522005126849
2540.0,2640.0,0.0038686831467553357
2541.0,2542.0,0.007270667334561294
2541.0,2641.0,0.004256603478127581
2542.0,2543.0,0.008576250409129182
2542.0,2642.0,0.004162645419679586
2543.0,2544.0,0.008396427547468222
2543.0,2643.0,0.0036237682845367213
2544.0,2545.0,0.005569633328156434
2544.0,2644.0,0.004749807626630729
2545.0,2546.0,0.012701182900812801
2545.0,2645.0,0.0030625699616487
2546.0,2547.0,0.005212631308662772
2546.0,2646.0,0.003646715405682293
2547.0,2548.0,0.012694799988974128
2547.0,2647.0,0.003111258338676521
2548.0,2549.0,0.007030258636059067
2548.0,2648.0,0.0027124534890104767
2549.0,2550.0,0.008666866421611444
2549.0,2649.0,0.003777529520729658
2550.0,2650.0,0.0027086429905024416
2552.0,2553.0,0.015963474802807402
2553.0,2554.0,0.005264582685267299
2554.0,2555.0,0.008110544678379177
2554.0,2654.0,0.003448544951135071
2555.0,2556.0,0.0090967853014117
2555.0,2655.0,0.0028453885534329023
2556.0,2557.0,0.004391837753154692
2556.0,2656.0,0.0041307902355357
2557.0,2657.0,0.005168557765954233
2583.0,2683.0,0.004688602787614431
2585.0,2685.0,0.005240879797328112
2590.0,2591.0,0.0054818649901248045
2593.0,2693.0,0.002761560794185265
2610.0,2611.0,0.009529608861861017
2610.0,2710.0,0.0016740550289658415
2611.0,2612.0,0.008089337093361928
2611.0,2711.0,0.004999113694446137
2612.0,2613.0,0.008117123663581879
2612.0,2712.0,0.00431809414093775
2613.0,2614.0,0.009636584621641136
2613.0,2713.0,0.003424721023674827
2614.0,2615.0,0.008179618241089108
2614.0,2714.0,0.0034306386300549077
2615.0,2616.0,0.008462314010372455
2615.0,2715.0,0.003717516603864745
2616.0,2617.0,0.008075857649180174
2616.0,2716.0,0.00392536537152842
2617.0,2618.0,0.008782831849125455
2617.0,2717.0,0.0038779650849369816
2618.0,2619.0,0.008053799965854822
2618.0,2718.0,0.002596992909116375
2619.0,2620.0,0.008064691873226197
2619.0,2719.0,0.005299532979423132
2620.0,2621.0,0.008912115145690281
2620.0,2720.0,0.0028955056518667754
2621.0,2622.0,0.008355985332684782
2621.0,2721.0,0.002794626402581887
2622.0,2623.0,0.009247307251292011
2622.0,2722.0,0.002559673817108914
2623.0,2624.0,0.0083855672706221
2623.0,2723.0,0.0021097322223467283
2624.0,2625.0,0.008315605072386406
2624.0,2724.0,0.003411051469856316
2625.0,2626.0,0.008740763367700535
2625.0,2725.0,0.0033083360908469214
2626.0,2726.0,0.0023023607558353564
2628.0,2629.0,0.005917403506605412
2628.0,2728.0,0.0026731083348854982
2629.0,2630.0,0.007622928965306935
2629.0,2729.0,0.004723983396457199
2630.0,2631.0,0.009922627507367637
2630.0,2730.0,0.004893007644593549
2631.0,2632.0,0.008201649357290015
2631.0,2731.0,0.005098506247910624
2632.0,2633.0,0.00870634852737168
2632.0,2732.0,0.004368302893572835
2633.0,2634.0,0.008014789501919242
2633.0,2733.0,0.004250153513695743
2634.0,2635.0,0.008964244544297216
2634.0,2734.0,0.004286181765860112
2635.0,2636.0,0.008576897042637439
2635.0,2735.0,0.003506518273158384
2636.0,2637.0,0.00800839636194331
2636.0,2736.0,0.003548219476019912
2637.0,2638.0,0.009225293448446944
2638.0,2639.0,0.007998594782216675
2638.0,2738.0,0.004211166086730074
2639.0,2640.0,0.008905881250602194
2639.0,2739.0,0.003978522871619132
2640.0,2641.0,0.006918509140709713
2640.0,2740.0,0.0035828759844562822
2641.0,2642.0,0.009755085340992802
2641.0,2741.0,0.005186038319370229
2642.0,2643.0,0.009062111377044744
2642.0,2742.0,0.003594486885496281
2643.0,2644.0,0.00807769935377698
2643.0,2743.0,0.004859975832244369
2644.0,2645.0,0.005641944988213746
2644.0,2744.0,0.003196646700842044
2645.0,2646.0,0.014896876081918059
2645.0,2745.0,0.0067834419729199714
2646.0,2647.0,0.004840562611922482
2646.0,2746.0,0.008795859309927281
2647.0,2648.0,0.008973215187427379
2647.0,2747.0,0.003669664379749004
2648.0,2649.0,0.008047716939609345
2648.0,2748.0,0.004188608917047228
2649.0,2650.0,0.00842774353311529
2649.0,2749.0,0.003365121064686381
2650.0,2651.0,0.011036931599865855
2654.0,2655.0,0.00946274493791763
2655.0,2656.0,0.007910546937470338
2655.0,2755.0,0.006601026350499037
2656.0,2657.0,0.008188844945415176
2656.0,2756.0,0.002032939657245987
2657.0,2757.0,0.0031050950259193426
2683.0,2684.0,0.005957197946184279
2683.0,2783.0,0.0053254148758592
2684.0,2685.0,0.0062462913540705205
2684.0,2784.0,0.002180860006967572
2685.0,2785.0,0.007208026748013907
2710.0,2711.0,0.008147993665306826
2710.0,2810.0,0.003875093273718306
2711.0,2712.0,0.009286219233363997
2711.0,2811.0,0.00369211892684935
2712.0,2713.0,0.007355277292522343
2712.0,2812.0,0.0036816319764462827
2713.0,2714.0,0.008020973746995308
2713.0,2813.0,0.0038803683910147587
2714.0,2715.0,0.009492332907146905
2714.0,2814.0,0.004306376018184885
2715.0,2716.0,0.008839885049598553
2715.0,2815.0,0.0036446400782492324
2716.0,2717.0,0.0071715033158955615
2716.0,2816.0,0.004093870937146979
2717.0,2718.0,0.010245672808557484
2717.0,2817.0,0.0035776698520135802
2718.0,2719.0,0.008627334652138104
2718.0,2818.0,0.004557181344868608
2719.0,2720.0,0.006936195805335974
2719.0,2819.0,0.004659385375777971
2720.0,2721.0,0.007486166475575882
2720.0,2820.0,0.005516482318473277
2721.0,2722.0,0.00940088373931435
2721.0,2821.0,0.005507310023957356
2722.0,2723.0,0.009797904259586496
2722.0,2822.0,0.005070144322401676
2723.0,2724.0,0.009704601550297913
2723.0,2823.0,0.0059909340590581246
2724.0,2725.0,0.006241884915631324
2724.0,2824.0,0.0067866111381209605
2725.0,2726.0,0.008623649998111448
2726.0,2727.0,0.005164650781991329
2727.0,2728.0,0.015413830743212485
2727.0,2827.0,0.0066710155336379496
2728.0,2729.0,0.0062349842020542594
2729.0,2730.0,0.004237303303987138
2730.0,2731.0,0.012487448528025817
2731.0,2732.0,0.0077032921436256865
2731.0,2831.0,0.004520368835621785
2732.0,2733.0,0.007513585680619768
2732.0,2832.0,0.0026600947069617565
2733.0,2734.0,0.009809097101156425
2733.0,2833.0,0.0039432829279659075
2734.0,2735.0,0.008117013374396784
2734.0,2834.0,0.003389558592205977
2735.0,2736.0,0.008539300009363813
2735.0,2835.0,0.00411798054026596
2736.0,2836.0,0.004222035438031496
2738.0,2739.0,0.007173532432484777
2738.0,2838.0,0.003361462863106123
2739.0,2740.0,0.008284518043309727
2739.0,2839.0,0.003358629035781073
2740.0,2741.0,0.008079295741582565
2740.0,2840.0,0.004469157515686066
2741.0,2742.0,0.00839508677323196
2741.0,2841.0,0.0025035135809533303
2742.0,2743.0,0.00724106742200757
2742.0,2842.0,0.00444141303641027
2743.0,2744.0,0.010710690820393073
2743.0,2843.0,0.004591928358544298
2744.0,2745.0,0.01062410619863926
2744.0,2844.0,0.0038827560520845674
2745.0,2746.0,0.004377350198466395
2745.0,2845.0,0.006350858339634231
2746.0,2747.0,0.01002220693958486
2746.0,2846.0,0.004495863336448655
2747.0,2748.0,0.007722232488086156
2747.0,2847.0,0.0030858857302248
2748.0,2749.0,0.009646789643192523
2748.0,2848.0,0.003949597723818578
2749.0,2849.0,0.0030878759819672067
2755.0,2756.0,0.010428988515671783
2755.0,2855.0,0.0028766675946254
2756.0,2757.0,0.00875593307705409
2756.0,2856.0,0.004519497831616689
2757.0,2857.0,0.0029837377850602084
2760.0,2761.0,0.004630249317264525
2760.0,2860.0,0.0022268661118251946
2761.0,2762.0,0.008993695562996394
2761.0,2861.0,0.004378976458033085
2783.0,2784.0,0.007490779325280619
2783.0,2883.0,0.003905711542088103
2784.0,2785.0,0.011316088496035203
2785.0,2786.0,0.0070907270099668795
2785.0,2885.0,0.0023819181556033985
2786.0,2787.0,0.00549071723001731
2786.0,2886.0,0.0032034093494252625
2787.0,2887.0,0.005007459260948694
2809.0,2810.0,0.0047647726336090225
2809.0,2909.0,0.006962331773911658
2810.0,2811.0,0.008259015351726986
2810.0,2910.0,0.0050419892512777705
2811.0,2812.0,0.008235174711568972
2811.0,2911.0,0.003422082035838972
2812.0,2813.0,0.008511288457677164
2812.0,2912.0,0.00389219197496581
2813.0,2814.0,0.009093746720138947
2813.0,2913.0,0.004227884430777469
2814.0,2815.0,0.007911969409076989
2814.0,2914.0,0.00377628874028269
2815.0,2816.0,0.007051600002833174
2815.0,2915.0,0.004688381662152544
2816.0,2817.0,0.009656250303820665
2816.0,2916.0,0.004467173014333232
2817.0,2818.0,0.008195091488193943
2817.0,2917.0,0.0024345185355627284
2818.0,2819.0,0.0097720825830561
2818.0,2918.0,0.004916800132199725
2819.0,2820.0,0.009362014425325433
2819.0,2919.0,0.00230927889177309
2820.0,2821.0,0.005280413863518602
2820.0,2920.0,0.004404363764494451
2821.0,2822.0,0.010643701428067098
2821.0,2921.0,0.004434554923550991
2822.0,2823.0,0.009080642004289943
2822.0,2922.0,0.004949743574166073
2823.0,2824.0,0.00592661394136451
2823.0,2923.0,0.0024374181258060073
2831.0,2832.0,0.005324645006937506
2832.0,2833.0,0.00852894993771064
2832.0,2932.0,0.006303071017367826
2833.0,2834.0,0.008308626876937541
2833.0,2933.0,0.003165747565739026
2834.0,2835.0,0.007947897860428266
2834.0,2934.0,0.0029905699874713185
2835.0,2836.0,0.00886559443805235
2835.0,2935.0,0.0033963019138466715
2836.0,2837.0,0.00838629833479003
2836.0,2936.0,0.004184141680199429
2837.0,2838.0,0.00910363414246887
2837.0,2937.0,0.0015680358446145367
2838.0,2839.0,0.008432363185962001
2838.0,2938.0,0.0035703860365475203
2839.0,2840.0,0.007591130883476741
2839.0,2939.0,0.00323682573519214
2840.0,2841.0,0.009757665387277027
2840.0,2940.0,0.002505643230785791
2841.0,2842.0,0.007787143448017615
2841.0,2941.0,0.005977970923311595
2842.0,2843.0,0.009533940386849061
2842.0,2942.0,0.0038098849654562322
2843.0,2844.0,0.007488072590463753
2843.0,2943.0,0.0032600557541233167
2844.0,2845.0,0.005733322423332032
2844.0,2944.0,0.003785738400891255
2845.0,2846.0,0.014078490339888684
2846.0,2847.0,0.0066458646766218476
2847.0,2848.0,0.007677530957274665
2848.0,2849.0,0.00705590558043459
2848.0,2948.0,0.0025539180918722057
2849.0,2850.0,0.01396673680463304
2850.0,2851.0,0.004123340918480954
2855.0,2856.0,0.00823054684940006
2855.0,2955.0,0.005526475857183305
2856.0,2857.0,0.009297674019341303
2857.0,2858.0,0.00982680691374679
2857.0,2957.0,0.006101083439852083
2858.0,2859.0,0.003229249881930227
2858.0,2958.0,0.0033263845658653792
2859.0,2860.0,0.013533105228292465
2860.0,2861.0,0.00828186391581518
2860.0,2960.0,0.004891325907155983
2861.0,2961.0,0.004901891000420183
2881.0,2882.0,0.013927106799689596
2881.0,2981.0,0.0037783060040145716
2882.0,2883.0,0.007131907458731408
2882.0,2982.0,0.005840760865678746
2885.0,2886.0,0.0062463920346033895
2885.0,2985.0,0.004209559988881799
2886.0,2887.0,0.011727934178277503
2886.0,2986.0,0.006339506861736302
2887.0,2987.0,0.006941941680105416
2909.0,2910.0,0.007919048552070311
2909.0,3009.0,0.0007539264751952039
2910.0,2911.0,0.008116201910378441
2910.0,3010.0,0.003993952785148544
2911.0,2912.0,0.008971308898925046
2911.0,3011.0,0.004482443624853696
2912.0,2913.0,0.007940224702110388
2912.0,3012.0,0.004315105928017131
2913.0,2914.0,0.008241961671838162
2913.0,3013.0,0.0024730962476217947
2914.0,2915.0,0.00989323729877864
2914.0,3014.0,0.003608491470130171
2915.0,2916.0,0.005390582923028733
2915.0,3015.0,0.005125167330924695
2916.0,2917.0,0.01012006122757856
2916.0,3016.0,0.004990807699161684
2917.0,2918.0,0.008411884137344571
2917.0,3017.0,0.004539329008785528
2918.0,2919.0,0.009111190675752003
2918.0,3018.0,0.004105313924658983
2919.0,2920.0,0.008765312615645544
2919.0,3019.0,0.004530848561805211
2920.0,2921.0,0.008639146395910577
2920.0,3020.0,0.0028377073598230625
2921.0,2922.0,0.008284071839986336
2921.0,3021.0,0.003037876404661863
2922.0,2923.0,0.009113576953096305
2922.0,3022.0,0.0034857971312200315
2932.0,2933.0,0.009722937749472794
2932.0,3032.0,0.0033683648095208024
2933.0,2934.0,0.010816473931912967
2934.0,2935.0,0.006253333693321598
2934.0,3034.0,0.004881909529066064
2935.0,2936.0,0.00827468848780049
2935.0,3035.0,0.004142807532340851
2936.0,2937.0,0.009386996459464558
2936.0,3036.0,0.0020843405407949605
2937.0,2938.0,0.007629978878079511
2937.0,3037.0,0.005345963210688238
2938.0,2939.0,0.009938250311297213
2938.0,3038.0,0.0036173043001656423
2939.0,2940.0,0.008186236124732692
2939.0,3039.0,0.006673968517307939
2940.0,2941.0,0.007306092959316411
2940.0,3040.0,0.005294417706414208
2941.0,2942.0,0.009694763609798257
2941.0,3041.0,0.0027255260226156696
2942.0,2943.0,0.008946232092343697
2942.0,3042.0,0.0033128356086611853
2943.0,2944.0,0.007629344425306678
2943.0,3043.0,0.0027980096354383844
2944.0,3044.0,0.003197690232029935
2948.0,3048.0,0.007143077659525047
2952.0,3052.0,0.004093372703527432
2955.0,3055.0,0.006335659470807659
2957.0,2958.0,0.007309383253046597
2957.0,3057.0,0.0035646327721191255
2958.0,3058.0,0.004596208633210365
2960.0,2961.0,0.008538635619936955
2960.0,3060.0,0.004826120219183232
2961.0,3061.0,0.004344448527717697
2981.0,2982.0,0.006001551642697233
2982.0,3082.0,0.0022743300200292475
2985.0,2986.0,0.009514145447704733
2985.0,3085.0,0.004371967022977203
2986.0,2987.0,0.006787616757732024
2986.0,3086.0,0.003949291106007618
3008.0,3009.0,0.006303077506267667
3009.0,3010.0,0.008050571195270934
3010.0,3011.0,0.007664353588526506
3010.0,3110.0,0.003722100193440827
3011.0,3012.0,0.008016895011154249
3011.0,3111.0,0.003884214392898372
3012.0,3013.0,0.009494300205912395
3012.0,3112.0,0.0034711354050253073
3013.0,3014.0,0.008706583514797398
3013.0,3113.0,0.00548289722683064
3014.0,3015.0,0.007803220118000255
3014.0,3114.0,0.004581602394359842
3015.0,3016.0,0.010432661045491223
3015.0,3115.0,0.002570739290554615
3016.0,3017.0,0.00724289530021921
3016.0,3116.0,0.0039007545641878897
3017.0,3018.0,0.007206626135025629
3017.0,3117.0,0.003984406209211463
3018.0,3019.0,0.010057156800006573
3018.0,3118.0,0.005049985577207835
3019.0,3020.0,0.0073088695883877395
3019.0,3119.0,0.0030884918147880513
3020.0,3021.0,0.009125042843735996
3020.0,3120.0,0.004034922336304954
3021.0,3022.0,0.008825403234971173
3021.0,3121.0,0.0038985336384314106
3022.0,3122.0,0.0035811866915856955
3034.0,3035.0,0.005980051805789211
3034.0,3134.0,0.002402679131720684
3035.0,3036.0,0.009134810181390394
3035.0,3135.0,0.002592119306667617
3036.0,3037.0,0.008663780408685871
3036.0,3136.0,0.0063391602259269
3037.0,3038.0,0.008019601130356798
3037.0,3137.0,0.0037121733701430243
3038.0,3039.0,0.00868054852299319
3038.0,3138.0,0.004459723248135313
3039.0,3040.0,0.0077554020559855745
3039.0,3139.0,0.0013935291206142665
3040.0,3041.0,0.010856679894880532
3040.0,3140.0,0.003566187011358009
3041.0,3042.0,0.008716227449999624
3041.0,3141.0,0.00408162154663889
3042.0,3043.0,0.008028174459988515
3042.0,3142.0,0.005373415370132954
3043.0,3044.0,0.00879324501308224
3043.0,3143.0,0.0038066408945428894
3044.0,3045.0,0.007266759222640096
3044.0,3144.0,0.0033666922297687935
3048.0,3148.0,0.0029375282807185305
3052.0,3053.0,0.011050149596272764
3055.0,3155.0,0.0038874821118588016
3057.0,3058.0,0.010767841036160308
3057.0,3157.0,0.006386554265018467
3058.0,3059.0,0.00983264017647641
3058.0,3158.0,0.003612518503758676
3059.0,3060.0,0.003284957829256355
3059.0,3159.0,0.0033703753648483474
3060.0,3061.0,0.009548673868664054
3060.0,3160.0,0.005623883725683957
3085.0,3086.0,0.01028738480130497
3085.0,3185.0,0.005423308112212208
3110.0,3111.0,0.009250040545316831
3110.0,3210.0,0.004422644897569497
3111.0,3112.0,0.008621092374523612
3111.0,3211.0,0.0038154000117948863
3112.0,3113.0,0.010168206286258833
3112.0,3212.0,0.002823635192445377
3113.0,3114.0,0.007311381839298441
3113.0,3213.0,0.004022131678601024
3114.0,3115.0,0.007062005183370624
3114.0,3214.0,0.00185268417437939
3115.0,3116.0,0.007945512872060839
3115.0,3215.0,0.0027778178378042757
3116.0,3117.0,0.01066151614921584
3116.0,3216.0,0.003913167499611505
3117.0,3118.0,0.008086308230590011
3117.0,3217.0,0.0029663001685572444
3118.0,3119.0,0.010374922149103174
3118.0,3218.0,0.002162912658895757
3119.0,3120.0,0.007062140746968188
3119.0,3219.0,0.004492877248489125
3120.0,3121.0,0.008711616906754507
3121.0,3122.0,0.008651441938189874
3121.0,3221.0,0.005186342111741102
3122.0,3123.0,0.007741902117699374
3122.0,3222.0,0.00439070058191377
3123.0,3124.0,0.007958389546256158
3123.0,3223.0,0.0023660802226443873
3124.0,3125.0,0.012260524307304411
3124.0,3224.0,0.0027123093370782377
3125.0,3225.0,0.005179221763927454
3134.0,3135.0,0.006017741700176923
3135.0,3136.0,0.010650715529955184
3136.0,3137.0,0.008128720896308624
3136.0,3236.0,0.0025234133708153055
3137.0,3138.0,0.004358556574141152
3137.0,3237.0,0.002650913195489053
3138.0,3139.0,0.011358768956175611
3139.0,3140.0,0.00864716272773787
3139.0,3239.0,0.003962965577694945
3140.0,3141.0,0.00793740179971643
3140.0,3240.0,0.004531445778117514
3141.0,3142.0,0.006801997266245659
3141.0,3241.0,0.004607907677022574
3142.0,3143.0,0.011503131601429557
3142.0,3242.0,0.0032989391097718807
3143.0,3144.0,0.008878602086485103
3143.0,3243.0,0.005932721442978074
3144.0,3244.0,0.0057118423122535485
3148.0,3149.0,0.0034392599930841965
3148.0,3248.0,0.006256604546392314
3155.0,3156.0,0.008175377953350693
3155.0,3255.0,0.0031273355720186557
3156.0,3157.0,0.006147886203392352
3156.0,3256.0,0.002776544912299641
3157.0,3158.0,0.010537440168279903
3157.0,3257.0,0.0010129400031602337
3158.0,3159.0,0.008188868078074354
3158.0,3258.0,0.003970474829287619
3159.0,3160.0,0.0074673464657739825
3159.0,3259.0,0.0036068580579257806
3160.0,3260.0,0.004469525201852568
3185.0,3285.0,0.003255610918089542
3208.0,3209.0,0.0061088332846717655
3208.0,3308.0,0.00042445871412830115
3209.0,3210.0,0.009745455576831387
3209.0,3309.0,0.0029363642706567946
3210.0,3211.0,0.006641103023593365
3210.0,3310.0,0.0032333712715977656
3211.0,3212.0,0.007917722887296955
3211.0,3311.0,0.003551692707708203
3212.0,3213.0,0.009971706133856418
3212.0,3312.0,0.004947488236471205
3213.0,3214.0,0.008067772711851582
3213.0,3313.0,0.0032307881283057914
3214.0,3215.0,0.008834551792822666
3214.0,3314.0,0.005890642261246444
3215.0,3216.0,0.008642996870300321
3215.0,3315.0,0.004930607996992293
3216.0,3217.0,0.008612316044475493
3216.0,3316.0,0.0069896734294241526
3217.0,3218.0,0.007678605344722966
3217.0,3317.0,0.0032067971077074826
3218.0,3219.0,0.010060794052156865
3218.0,3318.0,0.0038138984005854897
3219.0,3319.0,0.004762672070383071
3221.0,3222.0,0.008511049620935515
3221.0,3321.0,0.002555987255448952
3222.0,3223.0,0.008477865043742216
3222.0,3322.0,0.003909471363241287
3223.0,3224.0,0.007066496128216101
3223.0,3323.0,0.00485752709205071
3224.0,3225.0,0.009507588077427225
3224.0,3324.0,0.0057882329643865315
3225.0,3226.0,0.009015919045773436
3225.0,3325.0,0.0038308787829935097
3226.0,3227.0,0.0060520387639203905
3226.0,3326.0,0.002886620948445312
3227.0,3327.0,0.002849898243794894
3229.0,3329.0,0.003060202793935618
3236.0,3237.0,0.007915773349458595
3236.0,3336.0,0.0027077017727183367
3239.0,3240.0,0.008402921359274444
3239.0,3339.0,0.006376019734129121
3240.0,3241.0,0.008822590540756639
3240.0,3340.0,0.0027417789152235413
3241.0,3242.0,0.005353918527586324
3241.0,3341.0,0.004750256721483498
3242.0,3243.0,0.011887699890640055
3242.0,3342.0,0.004604363826847804
3243.0,3244.0,0.006694760955404153
3243.0,3343.0,0.0047170137004258665
3244.0,3245.0,0.01110982752072235
3244.0,3344.0,0.004501346337486851
3245.0,3345.0,0.007046099023578398
3247.0,3248.0,0.004883459479720978
3247.0,3347.0,0.0023935447457622883
3248.0,3348.0,0.0039523341470585685
3255.0,3256.0,0.006034917700344693
3255.0,3355.0,0.0032869588938723012
3256.0,3257.0,0.007252651223514085
3256.0,3356.0,0.0041418825019549615
3257.0,3258.0,0.008835791832090848
3257.0,3357.0,0.005940017327414983
3258.0,3259.0,0.008371354014732305
3258.0,3358.0,0.0038211243397733535
3259.0,3260.0,0.008959941752046485
3259.0,3359.0,0.004750369296170994
3260.0,3360.0,0.0034669786630428176
3262.0,3263.0,0.0111411490906468
3262.0,3362.0,0.0009997975895152875
3263.0,3363.0,0.002381618913680265
3280.0,3380.0,0.004527022122765406
3285.0,3385.0,0.0027427850900144006
3287.0,3387.0,0.0067441405953601015
3308.0,3309.0,0.005607528925471542
3308.0,3408.0,0.006535916967038187
3309.0,3310.0,0.011282648902184104
3309.0,3409.0,0.0032235514576302356
3310.0,3311.0,0.0054403313906472685
3310.0,3410.0,0.0054771726903575894
3311.0,3312.0,0.009575917110121087
3311.0,3411.0,0.002976973706635303
3312.0,3313.0,0.008030557426481934
3312.0,3412.0,0.005317739311024095
3313.0,3314.0,0.007677491742095619
3313.0,3413.0,0.0034220627536643176
3314.0,3315.0,0.00900262680611148
3314.0,3414.0,0.0029275489287170484
3315.0,3316.0,0.011313146284300572
3315.0,3415.0,0.004216820988614884
3316.0,3317.0,0.0057736906264523324
3316.0,3416.0,0.0030550434530462094
3317.0,3318.0,0.010919038680215015
3317.0,3417.0,0.0058630178074078375
3318.0,3319.0,0.007927529679536676
3318.0,3418.0,0.003425631522802682
3319.0,3419.0,0.0021820827207071044
3321.0,3322.0,0.010344386787053801
3321.0,3421.0,0.004639240430286274
3322.0,3323.0,0.0073610002750953505
3323.0,3324.0,0.010164219118558202
3323.0,3423.0,0.003298745773776039
3324.0,3325.0,0.010192260271892014
3324.0,3424.0,0.0032031863292709397
3325.0,3326.0,0.005682688164060815
3325.0,3425.0,0.005771938241182685
3326.0,3327.0,0.007920816792476552
3326.0,3426.0,0.004337535545675111
3327.0,3328.0,0.005697353787510212
3327.0,3427.0,0.0034443383254248467
3328.0,3329.0,0.013433645158705966
3328.0,3428.0,0.0048943751848441255
3329.0,3330.0,0.005199644188775457
3329.0,3429.0,0.0048406860970295765
3330.0,3430.0,0.002068597399216564
3334.0,3434.0,0.004142977148140179
3338.0,3339.0,0.010837710105456644
3338.0,3438.0,0.0026562342216001787
3339.0,3340.0,0.007226744232359484
3340.0,3341.0,0.007401924896273456
3340.0,3440.0,0.0054106470491089844
3341.0,3342.0,0.008179814159865283
3341.0,3441.0,0.002850988174303308
3342.0,3343.0,0.006813600532026515
3342.0,3442.0,0.004373658181662962
3343.0,3344.0,0.012334542347814916
3343.0,3443.0,0.003260116378291077
3344.0,3345.0,0.002542619664832062
3344.0,3444.0,0.002760502707840161
3347.0,3348.0,0.006600426923302216
3348.0,3448.0,0.0034874476698529217
3350.0,3351.0,0.005522828037345438
3350.0,3450.0,0.0022115910042323607
3351.0,3451.0,0.004302868856937178
3355.0,3356.0,0.007603744932588241
3356.0,3357.0,0.009261717168008023
3356.0,3456.0,0.004427371257301853
3357.0,3358.0,0.0075883021058622555
3357.0,3457.0,0.003880288067915357
3358.0,3359.0,0.008629155097114637
3358.0,3458.0,0.0055172736926824275
3359.0,3360.0,0.007982832692732825
3359.0,3459.0,0.003321468518589054
3360.0,3361.0,0.009556992391435294
3360.0,3460.0,0.0025210947800566904
3361.0,3362.0,0.007229852823534064
3362.0,3363.0,0.01066179614933636
3363.0,3364.0,0.0029203746129546756
3363.0,3463.0,0.004740977267398982
3364.0,3464.0,0.006747637413196058
3380.0,3381.0,0.004746978664371427
3380.0,3480.0,0.0018173699926033687
3381.0,3481.0,0.00374910808059734
3383.0,3384.0,0.00850936240443197
3383.0,3483.0,0.007289873911117541
3384.0,3385.0,0.0072279992985726845
3384.0,3484.0,0.004894463117645858
3385.0,3485.0,0.0045998935781149525
3387.0,3487.0,0.004691900089515953
3408.0,3409.0,0.007185544255660591
3408.0,3508.0,0.002777115757398475
3409.0,3410.0,0.009427047771703402
3409.0,3509.0,0.0045045273370241026
3410.0,3411.0,0.008350845205725195
3410.0,3510.0,0.0046323115547194675
3411.0,3412.0,0.01167522030841826
3411.0,3511.0,0.005037438525679417
3412.0,3413.0,0.005938107632063672
3412.0,3512.0,0.0048555556983779025
3413.0,3414.0,0.008362765579043393
3413.0,3513.0,0.004941390593747399
3414.0,3415.0,0.007531426003745636
3414.0,3514.0,0.004529080031310775
3415.0,3416.0,0.011072065799123416
3415.0,3515.0,0.005878798636624079
3416.0,3417.0,0.004804682849044185
3416.0,3516.0,0.003186213150437659
3417.0,3418.0,0.009610275636013516
3417.0,3517.0,0.00302941818341801
3418.0,3419.0,0.007947817829439848
3418.0,3518.0,0.0053247435243380615
3419.0,3420.0,0.010238191317804618
3419.0,3519.0,0.006742860761574222
3420.0,3421.0,0.007888547122259504
3421.0,3521.0,0.0036279978018191193
3423.0,3424.0,0.0066481311486685755
3423.0,3523.0,0.0048596695216875626
3424.0,3425.0,0.0074507178801849275
3424.0,3524.0,0.0025051436884947556
3425.0,3426.0,0.009373247575947064
3425.0,3525.0,0.0043844696201463
3426.0,3427.0,0.008758440115103284
3426.0,3526.0,0.0018773811813281196
3427.0,3428.0,0.008497196385291193
3427.0,3527.0,0.00488743560775736
3428.0,3429.0,0.010950107497646328
3428.0,3528.0,0.0014991491353349476
3429.0,3430.0,0.006849007526642087
3429.0,3529.0,0.005338310324446239
3430.0,3431.0,0.008840877631200944
3430.0,3530.0,0.006484902466507164
3431.0,3531.0,0.0021723694460194184
3433.0,3434.0,0.008533615911209923
3433.0,3533.0,0.0046012936007176425
3434.0,3435.0,0.0062293752752554405
3434.0,3534.0,0.0043155616980879215
3435.0,3535.0,0.005200992338005426
3440.0,3441.0,0.0040992545041751965
3440.0,3540.0,0.005840400014559865
3441.0,3442.0,0.009025855164468232
3441.0,3541.0,0.005049664751245286
3442.0,3443.0,0.008097807728023643
3442.0,3542.0,0.0030198405255909945
3443.0,3444.0,0.012006147252549835
3443.0,3543.0,0.004521788510095159
3444.0,3544.0,0.006148770154268967
3448.0,3449.0,0.014206885583058158
3448.0,3548.0,0.005498021917014793
3449.0,3450.0,0.005061805512852747
3450.0,3451.0,0.00857532150301518
3450.0,3550.0,0.0035712558029319646
3451.0,3551.0,0.0026949534652773673
3456.0,3457.0,0.00864063703785684
3456.0,3556.0,0.004287148498709279
3457.0,3458.0,0.007963681249264725
3457.0,3557.0,0.002200611560451546
3458.0,3459.0,0.008993868456348956
3458.0,3558.0,0.0016617430005908486
3459.0,3460.0,0.008164219586084966
3463.0,3464.0,0.003080659710187628
3463.0,3563.0,0.004026174786320813
3464.0,3564.0,0.005031742546080615
3480.0,3481.0,0.006789582361964085
3481.0,3581.0,0.004931106504630691
3483.0,3484.0,0.0090502484054311
3483.0,3583.0,0.003668122578372775
3484.0,3485.0,0.00779399100460333
3484.0,3584.0,0.003144733961723363
3485.0,3585.0,0.003837992196448681
3487.0,3488.0,0.009015582281806878
3487.0,3587.0,0.0027664194783178987
3488.0,3489.0,0.0104484892348067
3488.0,3588.0,0.0029607897865267184
3489.0,3490.0,0.006263191580186213
3489.0,3589.0,0.00529774895309362
3490.0,3491.0,0.008794979291054094
3490.0,3590.0,0.004252071274098284
3491.0,3492.0,0.007840076444135037
3491.0,3591.0,0.0044809430982751764
3492.0,3493.0,0.006237804346079146
3492.0,3592.0,0.0027546973154967624
3493.0,3593.0,0.0054297082840611575
3508.0,3509.0,0.009193631629010178
3508.0,3608.0,0.0043215159585473185
3509.0,3510.0,0.008212630070813303
3509.0,3609.0,0.005111445607656325
3510.0,3511.0,0.0076884500343023885
3510.0,3610.0,0.004652716356068169
3511.0,3512.0,0.009703066882684724
3512.0,3513.0,0.008549669470222752
3512.0,3612.0,0.0033329507182067236
3513.0,3514.0,0.006647796979445314
3513.0,3613.0,0.0030699219810925663
3514.0,3515.0,0.012933239619293081
3514.0,3614.0,0.004710884877602463
3515.0,3516.0,0.005327016674467388
3515.0,3615.0,0.00475535191652602
3516.0,3517.0,0.007770772206806614
3516.0,3616.0,0.0039707559506975765
3517.0,3518.0,0.009801678256805179
3517.0,3617.0,0.005229899900573481
3518.0,3519.0,0.01096533921955438
3518.0,3618.0,0.0026554118512971394
3519.0,3619.0,0.0042381521362482985
3521.0,3621.0,0.004493002136654127
3523.0,3524.0,0.008523851768427047
3523.0,3623.0,0.004166266862552398
3524.0,3525.0,0.008451702190681127
3524.0,3624.0,0.004465953425640131
3525.0,3526.0,0.008549035738026178
3525.0,3625.0,0.002934298221037896
3526.0,3527.0,0.007281744547156353
3526.0,3626.0,0.004729809836554589
3527.0,3528.0,0.010279403416528646
3527.0,3627.0,0.004389672526511784
3528.0,3529.0,0.005885402514698271
3528.0,3628.0,0.004541519293142974
3529.0,3530.0,0.006523189865393102
3529.0,3629.0,0.0029175116332231265
3530.0,3531.0,0.011450925714549288
3530.0,3630.0,0.005336879763495472
3531.0,3532.0,0.013725508767621308
3531.0,3631.0,0.0062910829910298805
3532.0,3533.0,0.004778424728925487
3532.0,3632.0,0.004179255217140995
3533.0,3534.0,0.008195471716137919
3533.0,3633.0,0.002993778290055536
3534.0,3535.0,0.007142304841569675
3534.0,3634.0,0.003965116545575967
3535.0,3635.0,0.002709472230895674
3540.0,3541.0,0.007502073666670876
3540.0,3640.0,0.003349190890346818
3541.0,3542.0,0.008622761713617534
3541.0,3641.0,0.002522594325292993
3542.0,3543.0,0.008436696685907704
3542.0,3642.0,0.003732142229336986
3543.0,3544.0,0.009536638131439448
3543.0,3643.0,0.004649330758292024
3544.0,3644.0,0.0038636446588645413
3546.0,3646.0,0.0050548157879420075
3548.0,3648.0,0.0031958409534924097
3550.0,3551.0,0.008584308170721233
3550.0,3650.0,0.004897058056626428
3551.0,3651.0,0.005810146727921762
3555.0,3556.0,0.00538064812545121
3556.0,3557.0,0.008727336687113117
3556.0,3656.0,0.0018993419097174961
3557.0,3558.0,0.006909564906694546
3557.0,3657.0,0.005294040677027842
3561.0,3562.0,0.001542141789849027
3562.0,3563.0,0.013767541156290293
3563.0,3564.0,0.007246338195943365
3563.0,3663.0,0.0036317499611057355
3564.0,3664.0,0.0027758144768672225
3583.0,3584.0,0.007315219734226618
3583.0,3683.0,0.0011495224747707544
3584.0,3585.0,0.007581045137059744
3584.0,3684.0,0.005490612054224698
3585.0,3685.0,0.0035910253981281275
3587.0,3588.0,0.006552340959527813
3587.0,3687.0,0.003942455926194989
3588.0,3589.0,0.00959184399893846
3588.0,3688.0,0.006117717437902646
3589.0,3590.0,0.00860172725213552
3589.0,3689.0,0.006353420812445994
3590.0,3591.0,0.010346232261066575
3591.0,3592.0,0.005614189002873428
3591.0,3691.0,0.0034863502090291586
3592.0,3593.0,0.005446722890874035
3592.0,3692.0,0.0030974642047964366
3593.0,3693.0,0.0032498036325371263
3608.0,3609.0,0.006824821240871883
3608.0,3708.0,0.0037374990260883715
3609.0,3610.0,0.0078088613286543
3609.0,3709.0,0.0033290123700595686
3610.0,3710.0,0.002152499405340713
3612.0,3613.0,0.010212952257308719
3612.0,3712.0,0.0050339314705292754
3613.0,3614.0,0.00909614624332188
3613.0,3713.0,0.006302301485967102
3614.0,3615.0,0.006812049237193767
3614.0,3714.0,0.0034280254987473268
3615.0,3616.0,0.00761240585492792
3615.0,3715.0,0.003285624496200933
3616.0,3617.0,0.010113309405925263
3617.0,3618.0,0.009225697793668169
3617.0,3717.0,0.004265877678741384
3618.0,3619.0,0.008603067518616407
3618.0,3718.0,0.004320804962039354
3619.0,3620.0,0.007971082938345581
3619.0,3719.0,0.0036681094108554115
3620.0,3621.0,0.0043853224123267635
3620.0,3720.0,0.003284231520462894
3623.0,3624.0,0.00622764870718002
3624.0,3625.0,0.012750206161854113
3625.0,3626.0,0.007446789467279535
3625.0,3725.0,0.0066079756998579904
3626.0,3627.0,0.0071698569197832926
3626.0,3726.0,0.005694039460697664
3627.0,3628.0,0.007688006223975392
3627.0,3727.0,0.003172831260875213
3628.0,3629.0,0.008739021255263076
3628.0,3728.0,0.0054532483796359815
3629.0,3630.0,0.005829269583750415
3629.0,3729.0,0.0048097212081363505
3630.0,3631.0,0.012224095449975917
3631.0,3632.0,0.009015884117487128
3631.0,3731.0,0.0024691480899301605
3632.0,3633.0,0.007141969653388182
3632.0,3732.0,0.0038757158667816274
3633.0,3634.0,0.009163180985888465
3633.0,3733.0,0.005347085879244111
3634.0,3635.0,0.007857542488581717
3634.0,3734.0,0.0028737395567447243
3635.0,3735.0,0.005165205739367651
3638.0,3639.0,0.00581557315576144
3638.0,3738.0,0.0037275393291034387
3639.0,3640.0,0.010020632009001816
3639.0,3739.0,0.0037863884058591327
3640.0,3641.0,0.007811721134938349
3640.0,3740.0,0.003808555358663312
3641.0,3642.0,0.008112825118298089
3641.0,3741.0,0.004316277641673065
3642.0,3643.0,0.009384856346791745
3642.0,3742.0,0.005007166612963614
3643.0,3644.0,0.008852461539032071
3643.0,3743.0,0.001775202211018278
3644.0,3744.0,0.002926707392278756
3646.0,3746.0,0.003975496906049323
3648.0,3649.0,0.007693148518658696
3648.0,3748.0,0.003530435695489054
3649.0,3650.0,0.012478644218418182
3649.0,3749.0,0.004346857441875097
3650.0,3651.0,0.004469781401816029
3650.0,3750.0,0.006140630398415602
3656.0,3657.0,0.00867541360455879
3656.0,3756.0,0.006085694176510261
3657.0,3757.0,0.004923331592527073
3663.0,3664.0,0.00903161596281984
3663.0,3763.0,0.003315485323449138
3664.0,3665.0,0.007642643229940107
3664.0,3764.0,0.0032252562952416915
3665.0,3666.0,0.007600947023231532
3665.0,3765.0,0.0031360508175075266
3666.0,3766.0,0.002457144922465738
3669.0,3769.0,0.003370082398103324
3682.0,3683.0,0.009485872088530998
3683.0,3684.0,0.007554553771735712
3683.0,3783.0,0.006584173345988413
3684.0,3685.0,0.006543587765904881
3684.0,3784.0,0.0031717681267695672
3687.0,3688.0,0.006892440732416587
3688.0,3689.0,0.014682405875401483
3691.0,3692.0,0.006475013652501813
3692.0,3693.0,0.00755284817403871
3705.0,3706.0,0.002502126143905567
3705.0,3805.0,0.004370185728319424
3706.0,3806.0,0.00572807905846257
3708.0,3709.0,0.007186857894797969
3708.0,3808.0,0.005735071870514391
3709.0,3710.0,0.007521403386337511
3709.0,3809.0,0.00236859351092285
3710.0,3711.0,0.007958832763666558
3710.0,3810.0,0.003152006097709884
3711.0,3712.0,0.010557725737108788
3711.0,3811.0,0.005665972845858082
3712.0,3713.0,0.00657686508452384
3712.0,3812.0,0.0033424764546684306
3713.0,3714.0,0.013646064811518544
3714.0,3715.0,0.0057349071221730425
3714.0,3814.0,0.006285066752232759
3715.0,3815.0,0.0034001271093879095
3717.0,3718.0,0.007881625596920893
3718.0,3719.0,0.004628980051795093
3719.0,3720.0,0.00884970035311827
3719.0,3819.0,0.005191984832413122
3720.0,3820.0,0.0044001088952439074
3725.0,3726.0,0.011005357750658851
3725.0,3825.0,0.005801125770054132
3726.0,3727.0,0.008977917533587171
3726.0,3826.0,0.0034116918090600166
3727.0,3728.0,0.006579730555279414
3728.0,3729.0,0.010412842709362977
3728.0,3828.0,0.0025935857745552275
3731.0,3732.0,0.007652537723514707
3731.0,3831.0,0.0048930597186194625
3732.0,3733.0,0.008879010871156518
3732.0,3832.0,0.0032870361376165272
3733.0,3734.0,0.007832588768728003
3733.0,3833.0,0.0030495878229658603
3734.0,3735.0,0.008548974425619877
3734.0,3834.0,0.0053343401616378055
3735.0,3835.0,0.002660830283955276
3738.0,3739.0,0.008452543864430121
3738.0,3838.0,0.0030355777440207936
3739.0,3740.0,0.00780269465889751
3739.0,3839.0,0.004543171783015339
3740.0,3741.0,0.010615514167943945
3740.0,3840.0,0.0036066505749807578
3741.0,3742.0,0.005778379843002977
3741.0,3841.0,0.005531244649258958
3742.0,3743.0,0.009251968041997068
3742.0,3842.0,0.0035338759344372014
3743.0,3744.0,0.007723807429623263
3743.0,3843.0,0.005911161740301536
3744.0,3745.0,0.008492224057919814
3744.0,3844.0,0.0062633416001348025
3745.0,3746.0,0.006464369885770188
3745.0,3845.0,0.004815812257555742
3746.0,3747.0,0.011187112464797049
3746.0,3846.0,0.004192074546090508
3747.0,3748.0,0.009317119010181127
3747.0,3847.0,0.003282766796469128
3748.0,3749.0,0.004749817075435001
3748.0,3848.0,0.0029101851624935902
3749.0,3750.0,0.010894696732816633
3750.0,3850.0,0.004422303604460932
3753.0,3754.0,0.004054046828788153
3753.0,3853.0,0.006488754059909475
3754.0,3854.0,0.0036033803268538515
3756.0,3757.0,0.0051303638750137505
3756.0,3856.0,0.003912693376692845
3757.0,3758.0,0.012913122488764766
3762.0,3763.0,0.004367608120013739
3763.0,3764.0,0.008922174892924753
3763.0,3863.0,0.0037680543480652583
3764.0,3765.0,0.010611979283818173
3764.0,3864.0,0.005406389047229816
3765.0,3766.0,0.0054739583931498045
3765.0,3865.0,0.007406786316612756
3766.0,3866.0,0.0028518465053351833
3768.0,3769.0,0.006838142531420775
3769.0,3869.0,0.00550834541400478
3777.0,3778.0,0.007741082224087331
3777.0,3877.0,0.0019697517610045103
3778.0,3779.0,0.004595881122264828
3778.0,3878.0,0.007600584636716377
3779.0,3879.0,0.006533570384557026
3783.0,3784.0,0.004687101958568687
3783.0,3883.0,0.0015880082745371555
3794.0,3894.0,0.0022693708930005864
3805.0,3806.0,0.006697018563510773
3805.0,3905.0,0.005769681621198541
3806.0,3807.0,0.011364721061251182
3806.0,3906.0,0.0033493174528528907
3807.0,3808.0,0.005767519905464827
3807.0,3907.0,0.0043847534776810275
3808.0,3809.0,0.00951825576563463
3808.0,3908.0,0.0034299106256563145
3809.0,3810.0,0.007553722390974754
3809.0,3909.0,0.004265836021231768
3810.0,3811.0,0.009371172076640457
3810.0,3910.0,0.004871983456456694
3811.0,3812.0,0.009357838393570602
3811.0,3911.0,0.002792436987649147
3814.0,3815.0,0.00993495052529553
3814.0,3914.0,0.004127986574593591
3819.0,3820.0,0.009009951623053151
3819.0,3919.0,0.004220667155796289
3820.0,3821.0,0.008426071118855427
3820.0,3920.0,0.002369267230602282
3821.0,3921.0,0.004433805874192691
3824.0,3825.0,0.005630386996469765
3824.0,3924.0,0.0020034754652872837
3825.0,3826.0,0.012113693393009438
3825.0,3925.0,0.003310989459354917
3826.0,3926.0,0.0032740661401345276
3828.0,3928.0,0.003938066506543432
3830.0,3831.0,0.006266137330920261
3830.0,3930.0,0.002823530474423435
3831.0,3832.0,0.008498792277136171
3831.0,3931.0,0.0026877900680703877
3832.0,3833.0,0.00788114612287548
3832.0,3932.0,0.0030615971158821664
3833.0,3834.0,0.01306362261434523
3833.0,3933.0,0.0035502011337383206
3834.0,3835.0,0.005414786463922398
3834.0,3934.0,0.005285437232628435
3835.0,3836.0,0.009257778761670719
3835.0,3935.0,0.005333617478784365
3836.0,3837.0,0.004368041489046217
3836.0,3936.0,0.005876413971125473
3837.0,3838.0,0.011092692116882194
3837.0,3937.0,0.00033812933916280884
3838.0,3839.0,0.011626908387443189
3838.0,3938.0,0.006377568992963637
3839.0,3840.0,0.006757914947677863
3839.0,3939.0,0.005425134221376505
3840.0,3841.0,0.008731964157623071
3840.0,3940.0,0.003238950212645255
3841.0,3842.0,0.007370078341504548
3841.0,3941.0,0.0042798832051835056
3842.0,3843.0,0.00842632539901512
3842.0,3942.0,0.004297507771953549
3843.0,3844.0,0.008630827784740993
3843.0,3943.0,0.003125348882924461
3844.0,3845.0,0.009877403898298186
3844.0,3944.0,0.0025243256842215228
3845.0,3846.0,0.007986969993679913
3845.0,3945.0,0.003542800876427811
3846.0,3847.0,0.007637694632548722
3846.0,3946.0,0.004525184342098912
3847.0,3848.0,0.010456430550150284
3847.0,3947.0,0.006992590003708846
3850.0,3950.0,0.006127641445941667
3852.0,3853.0,0.01086734647004107
3852.0,3952.0,0.003975991574435418
3853.0,3854.0,0.004176933719853275
3853.0,3953.0,0.0014433674306979845
3854.0,3954.0,0.004282553063300237
3863.0,3864.0,0.006007841013216534
3863.0,3963.0,0.006430612453719081
3864.0,3865.0,0.005151039950342918
3864.0,3964.0,0.0033932874119348435
3865.0,3866.0,0.013206860574708325
3866.0,3867.0,0.0057976440258164065
3869.0,3870.0,0.01026135557369975
3869.0,3969.0,0.002923067994418031
3870.0,3871.0,0.007859207100588288
3870.0,3970.0,0.0025549224058682473
3871.0,3971.0,0.001846662711486803
3877.0,3878.0,0.010330064616450087
3877.0,3977.0,0.007871536491050232
3878.0,3879.0,0.005143863818184047
3878.0,3978.0,0.002325995034390924
3879.0,3979.0,0.0012155451945510788
3893.0,3894.0,0.004178930381086408
3894.0,3895.0,0.0074565739753669645
3894.0,3994.0,0.0035808068378497065
3895.0,3995.0,0.0037026652630234008
3905.0,3906.0,0.0060460039902410926
3905.0,4005.0,0.0020993829998324867
3906.0,3907.0,0.009820995282550595
3906.0,4006.0,0.005300110851674021
3907.0,3908.0,0.006670839918638505
3907.0,4007.0,0.0015385832249177349
3908.0,3909.0,0.009044467004739888
3908.0,4008.0,0.0050161469137145415
3909.0,3910.0,0.009503701647263439
3909.0,4009.0,0.005232076201663139
3910.0,3911.0,0.008497644447728473
3910.0,4010.0,0.0026654262041926
3911.0,4011.0,0.004881397375752285
3913.0,3914.0,0.011654761482334653
3913.0,4013.0,0.004604984409308337
3914.0,4014.0,0.0027820469532345822
3919.0,3920.0,0.013162344721203036
3919.0,4019.0,0.005534793051236516
3920.0,3921.0,0.0075259367855481174
3921.0,4021.0,0.0055725680444495
3924.0,3925.0,0.007689045067490718
3924.0,4024.0,0.005867831553478042
3925.0,3926.0,0.007010923280855923
3925.0,4025.0,0.005924337113981425
3930.0,3931.0,0.009090869441368565
3930.0,4030.0,0.005247294178909404
3931.0,3932.0,0.008661296099301677
3931.0,4031.0,0.005179635880061004
3932.0,3933.0,0.006353739308477481
3932.0,4032.0,0.004821607487130121
3933.0,3934.0,0.009340769545383619
3933.0,4033.0,0.004111612374723763
3934.0,3935.0,0.009202974242053099
3935.0,3936.0,0.005598508663029228
3935.0,4035.0,0.0034070890933443313
3936.0,3937.0,0.007750587302918483
3936.0,4036.0,0.003239659329318952
3937.0,3938.0,0.01284531385563543
3937.0,4037.0,0.0052761982240996435
3938.0,3939.0,0.006942845449101635
3938.0,4038.0,0.002081658917790537
3939.0,3940.0,0.008511817385258356
3939.0,4039.0,0.0048535878296383375
3940.0,3941.0,0.009634740052532308
3940.0,4040.0,0.0056579372725400956
3941.0,3942.0,0.00792861283327478
3941.0,4041.0,0.00319433750251898
3942.0,3943.0,0.008332808074117968
3942.0,4042.0,0.0031573627681975172
3943.0,3944.0,0.008937090368240287
3943.0,4043.0,0.002964270031559518
3944.0,3945.0,0.008010447089883481
3944.0,4044.0,0.004829585838350916
3945.0,3946.0,0.007991888712947452
3945.0,4045.0,0.0024983046771730744
3946.0,3947.0,0.006471841225651487
3946.0,4046.0,0.004270971341511975
3947.0,4047.0,0.004212521572645262
3949.0,3950.0,0.00876437334895278
3950.0,4050.0,0.0024294509338524096
3952.0,3953.0,0.008622424849192343
3953.0,3954.0,0.005045258282780671
3954.0,3955.0,0.014712025003383944
3954.0,4054.0,0.007379920895246051
3955.0,4055.0,0.006728595375714998
3962.0,3963.0,0.003954910038172495
3962.0,4062.0,0.0060875676628634615
3963.0,3964.0,0.009747585929346788
3964.0,4064.0,0.00328015896108717
3969.0,3970.0,0.009673956849705078
3969.0,4069.0,0.0021816585342351435
3970.0,3971.0,0.010442971655611645
3970.0,4070.0,0.005514944599902708
3971.0,3972.0,0.007089420614547977
3975.0,4075.0,0.006159458262710205
3977.0,3978.0,0.012369771725051184
3978.0,3979.0,0.006520964296794201
3979.0,4079.0,0.004312278313144964
3994.0,3995.0,0.011855604474259214
4005.0,4006.0,0.005990322015558019
4005.0,4105.0,0.006606188488077611
4006.0,4007.0,0.009814388989631722
4006.0,4106.0,0.00387780825338201
4007.0,4008.0,0.007429375242916662
4008.0,4009.0,0.008211666152494216
4008.0,4108.0,0.0032401788299402244
4009.0,4010.0,0.010793033042199841
4009.0,4109.0,0.003590537118594381
4010.0,4011.0,0.007042795479774626
4010.0,4110.0,0.005910587091824161
4011.0,4012.0,0.00746859006573647
4011.0,4111.0,0.0033036006250751365
4012.0,4013.0,0.010365319736986692
4012.0,4112.0,0.004605759025389795
4013.0,4014.0,0.006758950898622534
4018.0,4019.0,0.00784810061161237
4019.0,4119.0,0.002438457760552068
4021.0,4121.0,0.005531778399396163
4024.0,4025.0,0.00954882295835501
4024.0,4124.0,0.0019998847016714475
4030.0,4031.0,0.0065138474475441455
4030.0,4130.0,0.0033654728716788177
4031.0,4032.0,0.007614592782944798
4031.0,4131.0,0.0040893760599878875
4032.0,4033.0,0.008547527120756368
4032.0,4132.0,0.004816806993227704
4033.0,4133.0,0.003604308029294921
4035.0,4036.0,0.008067193458086534
4035.0,4135.0,0.0025496824468916922
4036.0,4037.0,0.004834096301267122
4036.0,4136.0,0.0035145551140963785
4037.0,4038.0,0.014290710146811896
4037.0,4137.0,0.008452901581115115
4038.0,4039.0,0.005332694332136181
4038.0,4138.0,0.009068884505279928
4039.0,4040.0,0.010310971339296872
4039.0,4139.0,0.0023203569811604497
4040.0,4041.0,0.008134039770015023
4040.0,4140.0,0.0038826743322067135
4041.0,4042.0,0.008679300230424245
4041.0,4141.0,0.004581048764200424
4042.0,4043.0,0.008151712851297479
4042.0,4142.0,0.0038600302719045193
4043.0,4044.0,0.008101369763192591
4043.0,4143.0,0.004041105890719436
4044.0,4045.0,0.008705730384642152
4044.0,4144.0,0.003287783790034307
4045.0,4046.0,0.009998273247921663
4045.0,4145.0,0.005138422812500083
4046.0,4047.0,0.007429418836625201
4046.0,4146.0,0.004768870601095075
4050.0,4150.0,0.007291018538582936
4054.0,4055.0,0.00422790046357867
4054.0,4154.0,0.0022783424018327013
4055.0,4155.0,0.0026222391977149405
4061.0,4062.0,0.008122349404576458
4061.0,4161.0,0.0031627775783284544
4062.0,4162.0,0.002463364905976576
4064.0,4164.0,0.004459275233708128
4069.0,4070.0,0.01095803615844969
4070.0,4170.0,0.0012783293980803555
4073.0,4074.0,0.008698423031792218
4073.0,4173.0,0.0032889478500042076
4074.0,4075.0,0.0066264262502479495
4074.0,4174.0,0.006031914356976503
4075.0,4076.0,0.007479599551445905
4075.0,4175.0,0.0030590145472045604
4076.0,4176.0,0.004171995538110827
4079.0,4179.0,0.003972833780813755
4105.0,4106.0,0.00682060647744465
4105.0,4205.0,0.0035169314494317857
4106.0,4206.0,0.0035086636658411127
4108.0,4109.0,0.010369156390471817
4108.0,4208.0,0.00534881355442744
4109.0,4110.0,0.008136783924857977
4109.0,4209.0,0.00270447789045858
4110.0,4111.0,0.007730418483503251
4110.0,4210.0,0.003371808630394043
4111.0,4112.0,0.0070889072923880055
4111.0,4211.0,0.002496330444868945
4112.0,4212.0,0.003532581556030065
4119.0,4120.0,0.00956409893822539
4119.0,4219.0,0.005210783971717995
4120.0,4121.0,0.004242384848168888
4120.0,4220.0,0.0035348973464593794
4121.0,4122.0,0.007799827406424199
4121.0,4221.0,0.0037297957973578787
4124.0,4224.0,0.006809691315322501
4126.0,4127.0,0.01199558788972317
4129.0,4130.0,0.008634420750124975
4129.0,4229.0,0.0043642550761841216
4130.0,4131.0,0.007718250512896613
4130.0,4230.0,0.00442842532961987
4131.0,4132.0,0.00887453149749548
4131.0,4231.0,0.0034871831870440513
4132.0,4133.0,0.00713649142085818
4132.0,4232.0,0.0033950292855869073
4133.0,4134.0,0.010046302246108927
4133.0,4233.0,0.0050902675538712265
4134.0,4135.0,0.008410188758880844
4134.0,4234.0,0.0034993340580763
4135.0,4136.0,0.008014780452384582
4135.0,4235.0,0.005011227029383274
4136.0,4137.0,0.012055523597921326
4136.0,4236.0,0.0032880138518554744
4137.0,4138.0,0.0016197284494598252
4137.0,4237.0,0.004300932108278556
4138.0,4139.0,0.010073342804149897
4138.0,4238.0,0.0030908494382599063
4139.0,4140.0,0.010262082266779455
4139.0,4239.0,0.0062464651932120216
4140.0,4141.0,0.009929669700949625
4140.0,4240.0,0.0029798790663368045
4141.0,4142.0,0.008247584182660514
4141.0,4241.0,0.0031142270132390134
4142.0,4143.0,0.010533993681880653
4142.0,4242.0,0.0031770446802032383
4143.0,4144.0,0.006682783444791205
4143.0,4243.0,0.006554949545189777
4144.0,4145.0,0.006267233865110323
4144.0,4244.0,0.003408090154325283
4145.0,4146.0,0.010115343753437561
4145.0,4245.0,0.0036816779462691715
4146.0,4246.0,0.0030691969568616257
4149.0,4150.0,0.004122956338607285
4149.0,4249.0,0.0042376422041016165
4150.0,4250.0,0.006570249348388262
4154.0,4155.0,0.008056186594159123
4154.0,4254.0,0.004942890956715154
4161.0,4162.0,0.006721912448109364
4162.0,4163.0,0.008742107097257864
4163.0,4164.0,0.004226861900995798
4163.0,4263.0,0.003140641267319381
4173.0,4174.0,0.003126644573661595
4173.0,4273.0,0.0011993107437164462
4174.0,4175.0,0.01011072731013794
4174.0,4274.0,0.002184251931440459
4175.0,4176.0,0.007537737615484141
4176.0,4177.0,0.011924637927423895
4177.0,4178.0,0.005864962507125947
4177.0,4277.0,0.004515086538488521
4178.0,4179.0,0.008978635337838598
4178.0,4278.0,0.0033742725942032255
4179.0,4279.0,0.005503860511495485
4196.0,4296.0,0.004712412193345207
4205.0,4206.0,0.007884131557749832
4205.0,4305.0,0.0022124530480925413
4206.0,4306.0,0.0029425705802917433
4208.0,4209.0,0.010003487954202521
4208.0,4308.0,0.0029253873675142306
4209.0,4210.0,0.008486536901476197
4209.0,4309.0,0.0037946706444694765
4210.0,4211.0,0.00904544090467085
4210.0,4310.0,0.0050947773778666815
4211.0,4212.0,0.007559094361107568
4211.0,4311.0,0.00513433801185922
4212.0,4312.0,0.0033049764719355603
4218.0,4219.0,0.005279883295113003
4219.0,4220.0,0.01390880078402817
4219.0,4319.0,0.006138806561538465
4220.0,4221.0,0.0069757392869877555
4220.0,4320.0,0.004454263074853514
4221.0,4321.0,0.00477912339765675
4223.0,4224.0,0.005445376962151364
4223.0,4323.0,0.005835499982868513
4224.0,4225.0,0.007992636026987757
4224.0,4324.0,0.002007385994274061
4225.0,4325.0,0.003217535246120571
4228.0,4229.0,0.012181145458863717
4229.0,4230.0,0.007620299996723076
4229.0,4329.0,0.004058711156265736
4230.0,4231.0,0.009140927266966982
4230.0,4330.0,0.002753696893267818
4231.0,4232.0,0.008492529359974408
4231.0,4331.0,0.004088467703187727
4232.0,4233.0,0.009112941853206815
4232.0,4332.0,0.00423838433486369
4233.0,4234.0,0.007574277318661423
4233.0,4333.0,0.003880714782096338
4234.0,4235.0,0.009031753845738715
4234.0,4334.0,0.005864173091748781
4235.0,4236.0,0.007934222122551397
4235.0,4335.0,0.0035840563848791437
4236.0,4237.0,0.007897581212629028
4236.0,4336.0,0.005129681316613624
4237.0,4238.0,0.006321636841835498
4237.0,4337.0,0.005845596158648811
4238.0,4239.0,0.014281413818309004
4238.0,4338.0,0.004881997342274628
4239.0,4240.0,0.005695417759049208
4240.0,4241.0,0.010132357299756742
4240.0,4340.0,0.003625556026322652
4241.0,4242.0,0.006900836478279177
4241.0,4341.0,0.00395650328573242
4242.0,4243.0,0.008252774658873741
4242.0,4342.0,0.005469103075458562
4243.0,4244.0,0.009411604446095227
4243.0,4343.0,0.0025968140114363547
4244.0,4245.0,0.009017354503412574
4244.0,4344.0,0.003923717263002873
4245.0,4246.0,0.007916432025221777
4245.0,4345.0,0.004250093595439821
4246.0,4247.0,0.006090225652637484
4246.0,4346.0,0.0035998746992071907
4247.0,4347.0,0.0029619884959219264
4249.0,4250.0,0.010154156340145753
4249.0,4349.0,0.0014772204439480836
4250.0,4350.0,0.0025265859969483186
4254.0,4354.0,0.004900365563915735
4259.0,4359.0,0.002643954905060071
4263.0,4363.0,0.0037113746469483976
4273.0,4274.0,0.0022531000000043377
4277.0,4278.0,0.008756623515955015
4277.0,4377.0,0.003207693291137338
4278.0,4279.0,0.008240500515135033
4278.0,4378.0,0.003445533993446346
4279.0,4280.0,0.005255955457380679
4279.0,4379.0,0.0032206544133180012
4305.0,4306.0,0.004903289823156554
4306.0,4307.0,0.01353211537418164
4307.0,4308.0,0.006405905903936905
4307.0,4407.0,0.006544249913472042
4308.0,4309.0,0.007070007550204928
4308.0,4408.0,0.004822703574759992
4309.0,4310.0,0.008784789049822257
4309.0,4409.0,0.004266322034258818
4310.0,4311.0,0.0074354184125694275
4310.0,4410.0,0.002230894439455951
4311.0,4312.0,0.007639923828154156
4311.0,4411.0,0.0042738312601260575
4312.0,4412.0,0.004900768137752785
4319.0,4320.0,0.011562078235764772
4319.0,4419.0,0.0036909004456928186
4320.0,4321.0,0.00501815157702444
4320.0,4420.0,0.004154544425083757
4321.0,4421.0,0.004623985688777189
4323.0,4324.0,0.00864815654344678
4324.0,4325.0,0.010395859129964522
4324.0,4424.0,0.003924570715378671
4325.0,4326.0,0.00816884350443658
4326.0,4426.0,0.0030667831909011616
4329.0,4330.0,0.008073111534593084
4329.0,4429.0,0.003111157099855108
4330.0,4331.0,0.009827979212425784
4330.0,4430.0,0.004177359187333435
4331.0,4332.0,0.00717212244876739
4331.0,4431.0,0.003775176949494167
4332.0,4333.0,0.008597753890982053
4332.0,4432.0,0.0037385178881447455
4333.0,4334.0,0.007660616075099257
4333.0,4433.0,0.0042296360564493245
4334.0,4335.0,0.009139466310994075
4334.0,4434.0,0.003827088236506019
4335.0,4336.0,0.00865702339202434
4335.0,4435.0,0.0029049400424156968
4336.0,4337.0,0.0075031154895888255
4336.0,4436.0,0.0027746285463096675
4337.0,4338.0,0.009573841223872252
4337.0,4437.0,0.002219455863493497
4338.0,4438.0,0.004349924101640711
4340.0,4341.0,0.0078096365664545595
4340.0,4440.0,0.003785452332287843
4341.0,4342.0,0.008997020549039482
4341.0,4441.0,0.003660349618548303
4342.0,4343.0,0.00966878757498649
4342.0,4442.0,0.0034580006723564146
4343.0,4344.0,0.007570038389591949
4343.0,4443.0,0.0033009034475418504
4344.0,4345.0,0.008741120191940694
4344.0,4444.0,0.0031915109901115156
4345.0,4346.0,0.008170218560728621
4345.0,4445.0,0.003742173050517395
4346.0,4347.0,0.007529361688746627
4346.0,4446.0,0.0037430222508023974
4347.0,4447.0,0.00498372259360298
4349.0,4350.0,0.00718353950779586
4349.0,4449.0,0.005242834525330172
4350.0,4450.0,0.006061453456065277
4353.0,4354.0,0.00665769949758035
4354.0,4454.0,0.003696105979269641
4359.0,4459.0,0.006058496780558839
4361.0,4362.0,0.010275440968141586
4361.0,4461.0,0.005678645854425747
4362.0,4363.0,0.008536668006323743
4362.0,4462.0,0.0038552736997540687
4363.0,4364.0,0.006964791845406556
4376.0,4377.0,0.009471231844375943
4376.0,4476.0,0.004045093819669751
4377.0,4378.0,0.008353042437932256
4377.0,4477.0,0.004265772504481073
4378.0,4379.0,0.007250114592887857
4378.0,4478.0,0.004313258699638675
4379.0,4479.0,0.00320965099192992
4407.0,4408.0,0.009717507059427262
4407.0,4507.0,0.004248976885087125
4408.0,4409.0,0.008532554696562455
4408.0,4508.0,0.0035208669741955004
4409.0,4410.0,0.007282746422197863
4409.0,4509.0,0.004335006935401522
4410.0,4411.0,0.01000762361253293
4410.0,4510.0,0.0036936009746597834
4411.0,4412.0,0.00640622115446844
4411.0,4511.0,0.006893944206331641
4412.0,4512.0,0.0031238477875851463
4419.0,4420.0,0.011154527710753703
4419.0,4519.0,0.004392897892051794
4420.0,4421.0,0.005806804642831813
4420.0,4520.0,0.0025512430009718675
4421.0,4422.0,0.015396226805291877
4421.0,4521.0,0.006727823162063645
4424.0,4524.0,0.003948057128515662
4426.0,4427.0,0.00966280099039764
4427.0,4428.0,0.004935625063753966
4428.0,4429.0,0.01258292249439468
4428.0,4528.0,0.0038979128389405883
4429.0,4430.0,0.007538301363708996
4429.0,4529.0,0.003226349358017307
4430.0,4431.0,0.00861210175624321
4430.0,4530.0,0.0034233623603108594
4431.0,4432.0,0.008606656341464305
4431.0,4531.0,0.004181439563118742
4432.0,4433.0,0.008674186486346274
4432.0,4532.0,0.0024099626760607814
4433.0,4434.0,0.00811759490551907
4433.0,4533.0,0.00439507064334559
4434.0,4435.0,0.00978256389348028
4434.0,4534.0,0.005029468692607599
4435.0,4436.0,0.006569635689283278
4435.0,4535.0,0.0052794798048722835
4436.0,4437.0,0.007875958357562508
4436.0,4536.0,0.0038531736854173796
4437.0,4438.0,0.011344104274911723
4437.0,4537.0,0.0028162993626382436
4438.0,4439.0,0.005535283563646721
4438.0,4538.0,0.0023964716939736063
4439.0,4440.0,0.010479947912561951
4439.0,4539.0,0.002841078768707771
4440.0,4441.0,0.00814552473755144
4440.0,4540.0,0.00495648714817202
4441.0,4442.0,0.008220009197073922
4442.0,4443.0,0.008361882602020174
4442.0,4542.0,0.0029253652370271692
4443.0,4444.0,0.008079087649602775
4443.0,4543.0,0.0062821725835906774
4444.0,4445.0,0.009236073783274025
4444.0,4544.0,0.005150636343207642
4445.0,4446.0,0.00798639927000323
4445.0,4545.0,0.002242053650114353
4446.0,4447.0,0.008264641572383224
4446.0,4546.0,0.0025572985453397247
4447.0,4448.0,0.007830735833243991
4447.0,4547.0,0.00411067724955373
4448.0,4449.0,0.011581427125355252
4448.0,4548.0,0.005373710521605748
4449.0,4450.0,0.003980091883360175
4449.0,4549.0,0.005502316331323196
4450.0,4451.0,0.010989531728431293
4450.0,4550.0,0.004792935264536662
4451.0,4551.0,0.004655434305193509
4454.0,4554.0,0.0015132052768837975
4461.0,4462.0,0.009892114783514563
4462.0,4562.0,0.0017843164209286524
4476.0,4477.0,0.0055757423129226885
4476.0,4576.0,0.0057437308868024065
4477.0,4478.0,0.00862416428530348
4477.0,4577.0,0.0034970594990673355
4478.0,4479.0,0.007187389390449579
4478.0,4578.0,0.002687319828379579
4479.0,4579.0,0.00484875741711121
4507.0,4508.0,0.009328555781569036
4507.0,4607.0,0.0032852447823577217
4508.0,4509.0,0.006606232591279712
4508.0,4608.0,0.004762166775741741
4509.0,4510.0,0.00845143397063406
4509.0,4609.0,0.003269919248237438
4510.0,4511.0,0.012922936822951476
4511.0,4512.0,0.004812481114763463
4511.0,4611.0,0.004082002627389079
4512.0,4612.0,0.006783608394503334
4519.0,4520.0,0.01129092422656409
4519.0,4619.0,0.004901289513998854
4520.0,4521.0,0.00980583862451188
4520.0,4620.0,0.004271329472189646
4524.0,4525.0,0.012194012657454683
4528.0,4529.0,0.008518593434372654
4528.0,4628.0,0.002966871700969085
4529.0,4530.0,0.009666765362821395
4529.0,4629.0,0.004935067193061032
4530.0,4531.0,0.0073587963941165666
4530.0,4630.0,0.004019285162812568
4531.0,4532.0,0.008814958006708045
4531.0,4631.0,0.004028255555447006
4532.0,4533.0,0.007786733848023283
4532.0,4632.0,0.004452077417343098
4533.0,4534.0,0.013149306872224742
4533.0,4633.0,0.004058409540699702
4534.0,4535.0,0.00535183323824499
4534.0,4634.0,0.004356510829779458
4535.0,4536.0,0.007841195486033922
4535.0,4635.0,0.0036145636818243664
4536.0,4537.0,0.007694364489668394
4536.0,4636.0,0.0049628270975292784
4537.0,4538.0,0.009574276077074577
4537.0,4637.0,0.004847827234958852
4538.0,4539.0,0.007484357817469787
4538.0,4638.0,0.005170715630354611
4539.0,4540.0,0.010843204211402667
4539.0,4639.0,0.00469564648690637
4540.0,4640.0,0.003517438603593562
4542.0,4543.0,0.008821493481827565
4542.0,4642.0,0.00618024745297258
4543.0,4544.0,0.013398545070266084
4543.0,4643.0,0.002791310839014902
4544.0,4545.0,0.004961598665751922
4544.0,4644.0,0.0074545844371084495
4545.0,4546.0,0.007535390841893091
4545.0,4645.0,0.006761792320083748
4546.0,4547.0,0.00914741663750094
4546.0,4646.0,0.00464751858522473
4547.0,4548.0,0.009583414266843874
4547.0,4647.0,0.003315971691672794
4548.0,4549.0,0.007076782015863309
4548.0,4648.0,0.002646774327363952
4549.0,4550.0,0.010264727183901022
4549.0,4649.0,0.002553690039921867
4550.0,4551.0,0.006558710309964789
4550.0,4650.0,0.0037213126420647066
4551.0,4651.0,0.0033826309789857555
4553.0,4554.0,0.007904287507423911
4553.0,4653.0,0.00410023622977832
4554.0,4654.0,0.005323677970163659
4566.0,4567.0,0.011385080444597837
4567.0,4667.0,0.0019257154748299457
4576.0,4577.0,0.006777660842802457
4576.0,4676.0,0.003271633538463836
4577.0,4578.0,0.009389132672410566
4577.0,4677.0,0.0026964678915181025
4578.0,4579.0,0.007170713576755306
4578.0,4678.0,0.005358536110731232
4579.0,4580.0,0.007573039018121602
4579.0,4679.0,0.0028454654469898233
4580.0,4680.0,0.006254800920895961
4607.0,4608.0,0.006413914415550672
4607.0,4707.0,0.0026844341992332973
4608.0,4609.0,0.010528010061735711
4608.0,4708.0,0.004569135719144693
4609.0,4709.0,0.00601091273019504
4611.0,4612.0,0.009429048992333048
4611.0,4711.0,0.0037656085417857818
4617.0,4618.0,0.0068741061847998434
4618.0,4619.0,0.009556163709887126
4618.0,4718.0,0.004064531142703392
4619.0,4620.0,0.0082493872166252
4619.0,4719.0,0.0022783470345822602
4620.0,4720.0,0.003934336377335517
4627.0,4628.0,0.007193950703882391
4628.0,4629.0,0.008099853253610493
4628.0,4728.0,0.005075133378540744
4629.0,4630.0,0.008335315965215253
4629.0,4729.0,0.004140027020443158
4630.0,4631.0,0.0091899670929782
4630.0,4730.0,0.004106954912098567
4631.0,4632.0,0.007779289855118866
4631.0,4731.0,0.003194157436631213
4632.0,4633.0,0.010050415287450253
4632.0,4732.0,0.004673338648117413
4633.0,4634.0,0.008297425673660404
4633.0,4733.0,0.0034435052853172034
4634.0,4635.0,0.006246760521262567
4634.0,4734.0,0.00328917456058324
4635.0,4636.0,0.010852373555123477
4635.0,4735.0,0.005861033042902663
4636.0,4637.0,0.0066461229149074015
4636.0,4736.0,0.00462114808786774
4637.0,4638.0,0.00888124273117352
4637.0,4737.0,0.005625100600876958
4638.0,4639.0,0.007465099332222935
4638.0,4738.0,0.004487192673596896
4639.0,4640.0,0.008386269781605775
4639.0,4739.0,0.004425114572528499
4640.0,4740.0,0.0066944918380706896
4642.0,4643.0,0.004140277605428527
4642.0,4742.0,0.00615741090556808
4643.0,4644.0,0.011564284014582493
4643.0,4743.0,0.00463456581462057
4644.0,4645.0,0.0033699818352679314
4644.0,4744.0,0.005762111176469242
4645.0,4646.0,0.010721913892571659
4645.0,4745.0,0.004878883984060365
4646.0,4647.0,0.010767735487097066
4646.0,4746.0,0.004594737647572753
4647.0,4648.0,0.0075891121015562195
4647.0,4747.0,0.0035378664827823187
4648.0,4649.0,0.006776062769779879
4648.0,4748.0,0.004374676661193156
4649.0,4650.0,0.009031725161904747
4649.0,4749.0,0.0038020586857642033
4650.0,4651.0,0.008877367261178364
4650.0,4750.0,0.004130063035831951
4651.0,4652.0,0.007194884361134685
4651.0,4751.0,0.00436976937263293
4652.0,4653.0,0.010067844047758486
4652.0,4752.0,0.004885203099151625
4653.0,4654.0,0.007567429749255884
4653.0,4753.0,0.0034268811768157804
4654.0,4655.0,0.006783818868449752
4655.0,4755.0,0.006723241257011946
4658.0,4659.0,0.007188217960665209
4658.0,4758.0,0.005487392113748084
4659.0,4759.0,0.0038524280603271475
4669.0,4670.0,0.00371662999234639
4669.0,4769.0,0.0032244009505644385
4675.0,4676.0,0.004363417545913191
4675.0,4775.0,0.0053058320299434305
4676.0,4677.0,0.007992847452575468
4676.0,4776.0,0.005972057235154787
4677.0,4678.0,0.009288920938410512
4677.0,4777.0,0.004857069373600192
4678.0,4679.0,0.007461987780733569
4678.0,4778.0,0.003306506715550982
4679.0,4680.0,0.01216961371614608
4680.0,4780.0,0.0019470116512308707
4707.0,4708.0,0.009246608369560984
4707.0,4807.0,0.004629050792552815
4708.0,4709.0,0.0070317124351138086
4708.0,4808.0,0.0026822355694437507
4709.0,4809.0,0.004081452438775576
4711.0,4811.0,0.0036569014889683274
4718.0,4719.0,0.009766080649362054
4718.0,4818.0,0.0040267879134629385
4719.0,4720.0,0.008596168242311403
4719.0,4819.0,0.004423322032138409
4728.0,4729.0,0.008583424855501962
4728.0,4828.0,0.003895305405231479
4729.0,4730.0,0.008689264674292069
4729.0,4829.0,0.0038852322568920863
4730.0,4731.0,0.00746981060068062
4730.0,4830.0,0.004968348476102616
4731.0,4732.0,0.009018422350937572
4731.0,4831.0,0.004014663452896803
4732.0,4733.0,0.008275803235947664
4732.0,4832.0,0.004815215846667253
4733.0,4734.0,0.008258361387708172
4733.0,4833.0,0.002917974477270262
4734.0,4735.0,0.009337258546811498
4734.0,4834.0,0.0024510259443750915
4735.0,4736.0,0.008657240946161751
4735.0,4835.0,0.003082405479490658
4736.0,4737.0,0.00960453329006734
4736.0,4836.0,0.003692483929553961
4737.0,4738.0,0.006963507048179625
4737.0,4837.0,0.003932396451274027
4738.0,4739.0,0.007833399541070232
4738.0,4838.0,0.002623452553412376
4739.0,4740.0,0.008715635210355182
4739.0,4839.0,0.003234341509487445
4740.0,4840.0,0.001461007193688838
4742.0,4743.0,0.006265728307219968
4742.0,4842.0,0.005053917796126959
4743.0,4744.0,0.007603380406772753
4743.0,4843.0,0.00465420066284271
4744.0,4745.0,0.012321079990401584
4745.0,4746.0,0.008047097753853257
4745.0,4845.0,0.003092503206141162
4746.0,4747.0,0.009489177533385481
4746.0,4846.0,0.0025016140069980862
4747.0,4748.0,0.0067766244200160395
4747.0,4847.0,0.005280331127877921
4748.0,4749.0,0.009815028470659168
4748.0,4848.0,0.002696523103922882
4749.0,4750.0,0.009105103220171506
4749.0,4849.0,0.0029371836885019463
4750.0,4751.0,0.008298854313706682
4750.0,4850.0,0.004405396694959291
4751.0,4752.0,0.009644039569598592
4751.0,4851.0,0.003161591703559673
4752.0,4753.0,0.003848659851171172
4752.0,4852.0,0.0023109598979622775
4753.0,4853.0,0.004645104315296629
4755.0,4855.0,0.003770149181395079
4757.0,4758.0,0.014854952149703822
4757.0,4857.0,0.006163808136208799
4758.0,4759.0,0.008126758886553256
4775.0,4776.0,0.013930254777634862
4776.0,4777.0,0.00609045278448483
4777.0,4778.0,0.007842245028061391
4777.0,4877.0,0.0077188950407354245
4780.0,4880.0,0.0031004895823095358
4786.0,4787.0,0.008235127570361383
4786.0,4886.0,0.003633851271034504
4787.0,4788.0,0.008046152801184755
4787.0,4887.0,0.004324959954728642
4788.0,4888.0,0.0014695542521479664
4806.0,4807.0,0.0073547987939923285
4806.0,4906.0,0.002599989378824584
4807.0,4808.0,0.008921488194791435
4807.0,4907.0,0.0029589783439556323
4808.0,4809.0,0.008511070041429621
4808.0,4908.0,0.0055399964259931055
4809.0,4909.0,0.0032132348591372207
4811.0,4812.0,0.006491699908350144
4811.0,4911.0,0.0036671675309437363
4812.0,4912.0,0.00584969853924374
4817.0,4818.0,0.011708824537504827
4817.0,4917.0,0.004413378318248983
4818.0,4819.0,0.009109234108850936
4818.0,4918.0,0.004616233445137272
4819.0,4919.0,0.0034463093665558168
4828.0,4829.0,0.009510499330752766
4828.0,4928.0,0.003694529568157474
4829.0,4830.0,0.007682819069183486
4829.0,4929.0,0.0021361124502226993
4830.0,4831.0,0.007472737282282825
4830.0,4930.0,0.0036708598897291973
4831.0,4832.0,0.010755986941701393
4831.0,4931.0,0.004364759889158115
4832.0,4833.0,0.008321053703708744
4832.0,4932.0,0.004413303472458055
4833.0,4834.0,0.008185802655822649
4833.0,4933.0,0.005642066845578424
4834.0,4835.0,0.009099816662430194
4834.0,4934.0,0.0043807851168516454
4835.0,4836.0,0.008388113786188454
4835.0,4935.0,0.0028100119038901705
4836.0,4837.0,0.008956720940165619
4836.0,4936.0,0.0036348955968489903
4837.0,4838.0,0.007755168856959749
4837.0,4937.0,0.003978238466957401
4838.0,4839.0,0.008316086356577261
4838.0,4938.0,0.004942662772236168
4839.0,4840.0,0.007993945580249127
4839.0,4939.0,0.00531226977948807
4840.0,4841.0,0.011479314337104711
4840.0,4940.0,0.005461717651072325
4841.0,4842.0,0.004919246662857092
4841.0,4941.0,0.003953303389571436
4842.0,4843.0,0.0115587954112812
4842.0,4942.0,0.003935682436376786
4843.0,4943.0,0.0039087494521905216
4845.0,4846.0,0.009938100636440926
4845.0,4945.0,0.0035183036963838525
4846.0,4847.0,0.007197388415239896
4846.0,4946.0,0.006253825090294117
4847.0,4848.0,0.010257920398409079
4847.0,4947.0,0.004750463482650694
4848.0,4849.0,0.00748922501264514
4848.0,4948.0,0.008048405254457353
4849.0,4850.0,0.008307790055727736
4849.0,4949.0,0.004418550288274608
4850.0,4851.0,0.009028425804087062
4850.0,4950.0,0.0037742259656805693
4851.0,4852.0,0.00884492773571966
4851.0,4951.0,0.0036290621708620968
4852.0,4853.0,0.007697584777056786
4852.0,4952.0,0.0040924233041111525
4853.0,4854.0,0.00980300246353234
4853.0,4953.0,0.005251362148051624
4854.0,4855.0,0.005225097765586597
4854.0,4954.0,0.0037151470630467256
4855.0,4856.0,0.010380028653622763
4855.0,4955.0,0.005823395744753906
4856.0,4857.0,0.0082785335428386
4856.0,4956.0,0.004072375326512886
4857.0,4957.0,0.003578257582955707
4861.0,4961.0,0.004198243795922643
4880.0,4980.0,0.005824468512237521
4886.0,4887.0,0.00881452950361036
4886.0,4986.0,0.003602276653735149
4887.0,4888.0,0.00893371417552741
4887.0,4987.0,0.00292813336445206
4888.0,4889.0,0.010559343075217179
4891.0,4991.0,0.006302335624980205
4896.0,4996.0,0.0028078274608723864
4906.0,4907.0,0.008380119114317021
4906.0,5006.0,0.005116670863951909
4907.0,4908.0,0.008606827153478411
4907.0,5007.0,0.005389761539252036
4908.0,4909.0,0.00699687491171216
4908.0,5008.0,0.002336024162975925
4909.0,5009.0,0.0048202450197056225
4911.0,4912.0,0.005992412939711706
4911.0,5011.0,0.00588018738647149
4912.0,5012.0,0.003733511608393504
4915.0,4916.0,0.008357742997366994
4915.0,5015.0,0.0044901205173103
4916.0,4917.0,0.006848380217972103
4916.0,5016.0,0.002612607940358042
4917.0,4918.0,0.008490467080786138
4917.0,5017.0,0.002168682053689735
4918.0,4919.0,0.006447649768712875
4918.0,5018.0,0.0028255842811705204
4919.0,5019.0,0.006936171354575913
4927.0,4928.0,0.005058323801418332
4927.0,5027.0,0.0035902581968434376
4928.0,4929.0,0.007590369556892407
4928.0,5028.0,0.003567035689476396
4929.0,4930.0,0.011156176198852194
4929.0,5029.0,0.004482335741551951
4930.0,4931.0,0.005944345643555042
4930.0,5030.0,0.003943964059161017
4931.0,4932.0,0.01023341917444889
4931.0,5031.0,0.0045893582830302225
4932.0,4933.0,0.007905412252999625
4932.0,5032.0,0.0027656252909599765
4933.0,4934.0,0.006707538204891031
4933.0,5033.0,0.004383885610961946
4934.0,4935.0,0.009957132370822403
4934.0,5034.0,0.0065968816512036905
4935.0,4936.0,0.009289640290663342
4935.0,5035.0,0.003588770024673834
4936.0,4937.0,0.007109432501971978
4936.0,5036.0,0.0038622886531170723
4937.0,4938.0,0.010961108017892612
4937.0,5037.0,0.0027427612746991166
4938.0,4939.0,0.010590103739814652
4938.0,5038.0,0.00324660098256632
4939.0,4940.0,0.004800434506371703
4940.0,4941.0,0.007956440352318723
4940.0,5040.0,0.003097747065206744
4941.0,4942.0,0.009565977932238911
4941.0,5041.0,0.0026447286023309154
4942.0,4943.0,0.007872690886845222
4942.0,5042.0,0.004231845017245187
4943.0,4944.0,0.008993370208116408
4943.0,5043.0,0.003770951482051352
4944.0,4945.0,0.008088433670985041
4945.0,4946.0,0.008931324977846267
4945.0,5045.0,0.0052199428014123635
4946.0,4947.0,0.011810219061471556
4946.0,5046.0,0.004869774126182948
4947.0,4948.0,0.0024864523844280386
4947.0,5047.0,0.008524247535697816
4948.0,4949.0,0.012032082517168035
4948.0,5048.0,0.0024010879638136796
4949.0,4950.0,0.008353907972916127
4949.0,5049.0,0.0030809959169077984
4950.0,4951.0,0.008101373440355292
4950.0,5050.0,0.0038012582679915474
4951.0,4952.0,0.007783667454993146
4951.0,5051.0,0.0044099209539420646
4952.0,4953.0,0.010275404987158317
4952.0,5052.0,0.004774004789485152
4953.0,4954.0,0.0067594903542983805
4953.0,5053.0,0.0029294256587277545
4954.0,4955.0,0.011329981408637458
4954.0,5054.0,0.005130862159516856
4955.0,4956.0,0.0063234777021895575
4955.0,5055.0,0.0041142787229332236
4956.0,4957.0,0.007754518453778162
4956.0,5056.0,0.004757582782253363
4957.0,5057.0,0.003582777430988109
4961.0,4962.0,0.01190918671488913
4961.0,5061.0,0.003640497386346448
4986.0,4987.0,0.007474830052914898
4986.0,5086.0,0.005121621903265592
4987.0,5087.0,0.006025936645037987
4990.0,4991.0,0.005512964315152768
4990.0,5090.0,0.002641120264205464
4995.0,4996.0,0.01156731907401193
5006.0,5007.0,0.0072753779867426385
5006.0,5106.0,0.003292223953496041
5007.0,5008.0,0.008136231206766554
5007.0,5107.0,0.002472974276049104
5008.0,5009.0,0.00941188017614962
5009.0,5010.0,0.011138573629506833
5010.0,5011.0,0.008487312305437781
5011.0,5012.0,0.0032510712342144047
5011.0,5111.0,0.0030176336822094253
5012.0,5112.0,0.005247052513554047
5015.0,5016.0,0.00799943721269296
5015.0,5115.0,0.004716940975890706
5016.0,5017.0,0.007871664490446014
5016.0,5116.0,0.004721318904712551
5017.0,5018.0,0.009423912109622675
5017.0,5117.0,0.005886094233021187
5018.0,5019.0,0.007040320754768082
5018.0,5118.0,0.004095958017364895
5019.0,5119.0,0.0031309986298282085
5027.0,5028.0,0.004416865532242427
5027.0,5127.0,0.002860713765828621
5028.0,5029.0,0.008027005026783699
5028.0,5128.0,0.00330554691390311
5029.0,5030.0,0.008701583815616714
5029.0,5129.0,0.005442172361290866
5030.0,5031.0,0.008710115022197096
5030.0,5130.0,0.004159946403500978
5031.0,5032.0,0.010393774771467279
5031.0,5131.0,0.0024521495060438143
5032.0,5033.0,0.0074930915388721365
5032.0,5132.0,0.004637881794523596
5033.0,5034.0,0.006677091252939957
5033.0,5133.0,0.0042393481692352955
5034.0,5035.0,0.009745491048690987
5034.0,5134.0,0.0031714211656605645
5035.0,5036.0,0.008062826036816045
5035.0,5135.0,0.004417891108885408
5036.0,5037.0,0.008972802265168034
5036.0,5136.0,0.0031363975465494246
5037.0,5038.0,0.009444211694473856
5037.0,5137.0,0.004947493329957586
5040.0,5041.0,0.007819794535671784
5040.0,5140.0,0.003826540637443239
5041.0,5042.0,0.010343739656907559
5041.0,5141.0,0.006344412018458381
5042.0,5043.0,0.006958629161691027
5042.0,5142.0,0.004748036016079457
5043.0,5143.0,0.003842456278219475
5045.0,5046.0,0.014742159081020776
5045.0,5145.0,0.004259906254840566
5046.0,5047.0,0.0009509506664403671
5047.0,5048.0,0.010057900469771569
5047.0,5147.0,0.006614362670738376
5048.0,5049.0,0.009926154800832636
5048.0,5148.0,0.0031776666360723124
5049.0,5050.0,0.007568585262786044
5049.0,5149.0,0.006256745134651823
5050.0,5051.0,0.009999022213200495
5050.0,5150.0,0.0057721912069820264
5051.0,5052.0,0.008517176492240769
5051.0,5151.0,0.003977195666547757
5052.0,5053.0,0.008672933255242925
5052.0,5152.0,0.0032135550796575855
5053.0,5054.0,0.004487068274499127
5053.0,5153.0,0.0037164586867065464
5054.0,5055.0,0.013764809187559547
5055.0,5056.0,0.008658955390232714
5055.0,5155.0,0.0020908960782398426
5056.0,5057.0,0.0070052410379670815
5056.0,5156.0,0.004349676448886541
5057.0,5157.0,0.006462411692239231
5075.0,5175.0,0.003323997430806751
5086.0,5087.0,0.00607978097055331
5086.0,5186.0,0.00297918051147486
5087.0,5187.0,0.002898440140839884
5106.0,5107.0,0.008648002629500742
5106.0,5206.0,0.004154301346797171
5107.0,5207.0,0.0037073486064840245
5111.0,5112.0,0.006936332639795806
5111.0,5211.0,0.0030305420455758497
5112.0,5212.0,0.0036923665717279518
5115.0,5116.0,0.009870248554626348
5115.0,5215.0,0.003518556718312692
5116.0,5117.0,0.007910527184066912
5117.0,5118.0,0.010566881674838017
5117.0,5217.0,0.0037690267881779777
5118.0,5119.0,0.004250047247976671
5118.0,5218.0,0.005314964421329675
5119.0,5219.0,0.005378112207827822
5127.0,5128.0,0.006804153143482139
5127.0,5227.0,0.005181479821446312
5128.0,5129.0,0.008647233248264531
5128.0,5228.0,0.0050077790656139175
5129.0,5130.0,0.007601407820273887
5129.0,5229.0,0.0035581981338892125
5130.0,5131.0,0.008719294706562538
5130.0,5230.0,0.004422309112896777
5131.0,5132.0,0.009057799733938051
5131.0,5231.0,0.0025180515423638226
5132.0,5133.0,0.00825466910359809
5132.0,5232.0,0.0018341427016494525
5133.0,5134.0,0.007265928368082634
5133.0,5233.0,0.00341203341279547
5134.0,5135.0,0.01040716259216519
5134.0,5234.0,0.0028279061600392937
5135.0,5136.0,0.008913961099320621
5135.0,5235.0,0.003540855153776076
5136.0,5137.0,0.006167863102391928
5136.0,5236.0,0.0035534324152886347
5137.0,5237.0,0.0033665505461849747
5139.0,5140.0,0.008737102405257258
5139.0,5239.0,0.004179032280325519
5140.0,5141.0,0.010748303803392307
5140.0,5240.0,0.00275542261912741
5141.0,5142.0,0.0045813706682651945
5142.0,5143.0,0.010272684654463921
5142.0,5242.0,0.00549807953743947
5143.0,5144.0,0.007760612453268841
5143.0,5243.0,0.004260726070750735
5144.0,5145.0,0.008872296307048956
5144.0,5244.0,0.005775840179573504
5145.0,5245.0,0.0036542155409878085
5147.0,5148.0,0.004424455497561113
5148.0,5149.0,0.011938566202026168
5149.0,5150.0,0.008854656743764016
5149.0,5249.0,0.0031951314777361154
5150.0,5151.0,0.004901612718285513
5150.0,5250.0,0.003369460090279785
5151.0,5152.0,0.009482605430995366
5151.0,5251.0,0.005294377034178573
5152.0,5153.0,0.009126425388403909
5152.0,5252.0,0.0041373438677489984
5153.0,5253.0,0.0038065944990263198
5155.0,5156.0,0.00833224777416223
5155.0,5255.0,0.004779496045612285
5156.0,5157.0,0.008535831090760324
5156.0,5256.0,0.004466258771048966
5157.0,5257.0,0.0022846090803459703
5165.0,5265.0,0.004469859112999965
5174.0,5175.0,0.00450142701817239
5175.0,5275.0,0.003646810399515346
5186.0,5187.0,0.005991764568150963
5186.0,5286.0,0.004169188630902103
5187.0,5287.0,0.004643405099712269
5203.0,5204.0,0.0052165261582771336
5204.0,5205.0,0.01323185867857642
5204.0,5304.0,0.004637562102011226
5205.0,5206.0,0.005664952974212598
5205.0,5305.0,0.005161947843595402
5206.0,5207.0,0.007571522587299258
5206.0,5306.0,0.004991291841797018
5207.0,5208.0,0.006185824370279075
5207.0,5307.0,0.004407828326967492
5210.0,5211.0,0.006255374128705746
5211.0,5212.0,0.005810287858608272
5211.0,5311.0,0.004265732406048573
5212.0,5312.0,0.003567121989784904
5215.0,5315.0,0.006001566362210037
5217.0,5218.0,0.006259225974511706
5217.0,5317.0,0.0032374855073025325
5218.0,5219.0,0.006047138947479762
5218.0,5318.0,0.0028155284495132715
5219.0,5319.0,0.00427607960870293
5226.0,5227.0,0.003363896081923185
5226.0,5326.0,0.0034315225556603777
5227.0,5228.0,0.008763695593191168
5227.0,5327.0,0.0036323049114881023
5228.0,5229.0,0.008763608145043067
5228.0,5328.0,0.004883056438335611
5229.0,5230.0,0.007981166814446375
5229.0,5329.0,0.004760963080094449
5230.0,5231.0,0.009707043035855801
5230.0,5330.0,0.003772561099572078
5231.0,5232.0,0.008249888950770428
5231.0,5331.0,0.005850281294090827
5232.0,5233.0,0.006448119605741191
5232.0,5332.0,0.005366649629887653
5233.0,5234.0,0.010726306636036584
5233.0,5333.0,0.004798014441415132
5234.0,5235.0,0.008772604569326718
5234.0,5334.0,0.003056814147115104
5235.0,5236.0,0.00814485166778309
5235.0,5335.0,0.004959994064511271
5236.0,5237.0,0.009173491612239513
5236.0,5336.0,0.0036635994663701456
5237.0,5337.0,0.0033099390930950256
5239.0,5240.0,0.008376433680872129
5239.0,5339.0,0.00464476319848331
5240.0,5340.0,0.0038314378828311424
5242.0,5243.0,0.008393469980884444
5242.0,5342.0,0.0024656964878086926
5243.0,5244.0,0.007630904596435751
5243.0,5343.0,0.002668318968940901
5244.0,5245.0,0.008753602015172666
5244.0,5344.0,0.003856250325120066
5245.0,5246.0,0.007664574515268026
5245.0,5345.0,0.004057104145817591
5249.0,5250.0,0.009774628603173553
5250.0,5251.0,0.010720945542262857
5251.0,5252.0,0.0057210707616556075
5251.0,5351.0,0.0036926477722600422
5252.0,5253.0,0.008121977776995953
5252.0,5352.0,0.00476621318134293
5253.0,5254.0,0.009084122620267728
5253.0,5353.0,0.002835851894933024
5254.0,5255.0,0.007950654941578074
5254.0,5354.0,0.005385602110254376
5255.0,5256.0,0.007838043937750066
5255.0,5355.0,0.0039316567105939565
5256.0,5257.0,0.01044318560640522
5256.0,5356.0,0.002603526533379016
5257.0,5258.0,0.005649727789902368
5257.0,5357.0,0.0052435809596108225
5260.0,5261.0,0.007050506205945052
5260.0,5360.0,0.001649245657875193
5261.0,5262.0,0.007543268167697851
5261.0,5361.0,0.004352164892329389
5262.0,5263.0,0.010822239591701149
5262.0,5362.0,0.0023637072069058263
5263.0,5264.0,0.006124897806491446
5263.0,5363.0,0.0019668585434654893
5264.0,5265.0,0.008013011496928908
5264.0,5364.0,0.0046737930998308926
5265.0,5266.0,0.009275034536331514
5265.0,5365.0,0.002228536246069004
5266.0,5366.0,0.002794820670455351
5271.0,5371.0,0.0025466149551907477
5275.0,5276.0,0.007785118780089587
5286.0,5287.0,0.0023066221623780202
5304.0,5305.0,0.00861907956222616
5304.0,5404.0,0.0028823173628138173
5305.0,5306.0,0.008702444484745003
5305.0,5405.0,0.003294579551323457
5306.0,5307.0,0.009678550348063563
5306.0,5406.0,0.003378147535265948
5307.0,5407.0,0.0028845324924503153
5311.0,5312.0,0.007835383120820908
5311.0,5411.0,0.003733946930526814
5312.0,5313.0,0.007156182505351154
5312.0,5412.0,0.003437495159266508
5313.0,5314.0,0.013475201799233833
5313.0,5413.0,0.0038129312870829055
5314.0,5315.0,0.0054235367104918065
5314.0,5414.0,0.005193718718796359
5315.0,5415.0,0.0026856842126397286
5317.0,5318.0,0.007468193840548521
5317.0,5417.0,0.004328361866803739
5318.0,5319.0,0.008611183919765472
5318.0,5418.0,0.006577410135457735
5319.0,5419.0,0.004895580547802579
5326.0,5327.0,0.0054519041857020055
5326.0,5426.0,0.00486057070928749
5327.0,5328.0,0.0088345913102926
5327.0,5427.0,0.004402099219691019
5328.0,5329.0,0.008645499604424487
5328.0,5428.0,0.004047242740436782
5329.0,5330.0,0.007833636361227851
5330.0,5331.0,0.007758949318686553
5330.0,5430.0,0.004000434857613965
5331.0,5332.0,0.006815636807378412
5331.0,5431.0,0.0051798274343822165
5332.0,5333.0,0.011379987006138065
5332.0,5432.0,0.003937744595572078
5333.0,5334.0,0.010076891192235017
5333.0,5433.0,0.0035967976562486497
5334.0,5335.0,0.0072160214689206215
5334.0,5434.0,0.006790939390100228
5335.0,5336.0,0.008803008614109271
5335.0,5435.0,0.0026158653042528466
5336.0,5337.0,0.00682805958160001
5337.0,5338.0,0.012801204850330981
5338.0,5339.0,0.004933847124709373
5338.0,5438.0,0.00320553911222266
5339.0,5340.0,0.01025814238788046
5339.0,5439.0,0.003845496572619315
5340.0,5341.0,0.009300260070021224
5341.0,5342.0,0.006880350974329991
5341.0,5441.0,0.005621049656427153
5342.0,5343.0,0.007689423565518075
5342.0,5442.0,0.004606644150574252
5343.0,5344.0,0.005959463248484231
5343.0,5443.0,0.005095332052968768
5344.0,5345.0,0.01177750132158419
5344.0,5444.0,0.008341366087160816
5345.0,5445.0,0.0035652744803145735
5351.0,5352.0,0.004980328438972281
5351.0,5451.0,0.005645590833563405
5352.0,5353.0,0.008080733422767166
5352.0,5452.0,0.002144873014889278
5353.0,5354.0,0.007948755890079418
5353.0,5453.0,0.00413456179298213
5354.0,5355.0,0.005600686066909921
5354.0,5454.0,0.0029563736773319015
5355.0,5356.0,0.011298793654622384
5356.0,5357.0,0.007272033010104895
5356.0,5456.0,0.0033507653215343203
5357.0,5457.0,0.0024580255531590715
5360.0,5361.0,0.006952117514110532
5360.0,5460.0,0.005966656090304958
5361.0,5362.0,0.00845681657009165
5361.0,5461.0,0.003538786895252893
5362.0,5363.0,0.011023370573917344
5362.0,5462.0,0.006395355979145777
5363.0,5364.0,0.005168699810397069
5363.0,5463.0,0.0050628472957429185
5364.0,5365.0,0.011409592948485186
5364.0,5464.0,0.004197483652137449
5365.0,5366.0,0.006782308315755749
5365.0,5465.0,0.006680912799912477
5366.0,5367.0,0.009668206090066264
5366.0,5466.0,0.004492793291483349
5367.0,5467.0,0.002538140831396672
5369.0,5469.0,0.0032561309632720284
5374.0,5474.0,0.0024978933704220647
5401.0,5402.0,0.006511366753608685
5401.0,5501.0,0.007172382707304702
5402.0,5403.0,0.011548480300453308
5402.0,5502.0,0.0012860419433303875
5403.0,5404.0,0.0063236688875956334
5403.0,5503.0,0.0038222681433975787
5404.0,5405.0,0.008455222155570933
5404.0,5504.0,0.0053034284429990825
5405.0,5406.0,0.00750024797456267
5405.0,5505.0,0.004629050978332378
5406.0,5407.0,0.009582230567569721
5406.0,5506.0,0.0030757354535104857
5407.0,5408.0,0.004856341909291738
5407.0,5507.0,0.004518377058192147
5408.0,5508.0,0.004607758348708175
5411.0,5412.0,0.010387315957447261
5412.0,5413.0,0.00664273351716085
5412.0,5512.0,0.0040402519141754505
5413.0,5414.0,0.0097715054909717
5413.0,5513.0,0.0033092070908257625
5414.0,5415.0,0.009518156246358473
5414.0,5514.0,0.0036942848523108755
5415.0,5515.0,0.0055793333114273315
5417.0,5418.0,0.006699853337193719
5417.0,5517.0,0.005633167709202373
5418.0,5419.0,0.011020358059983932
5418.0,5518.0,0.004603299026791061
5419.0,5519.0,0.0035807042128606515
5421.0,5521.0,0.004972955235066844
5426.0,5427.0,0.007859632526397556
5426.0,5526.0,0.0039048102053772355
5427.0,5428.0,0.006071301320145086
5427.0,5527.0,0.0037197643218346028
5428.0,5528.0,0.0032186404101751777
5430.0,5431.0,0.008101027537901533
5430.0,5530.0,0.0037353874551366694
5431.0,5432.0,0.00798224902768526
5431.0,5531.0,0.002361375016810152
5432.0,5433.0,0.00924478959090995
5432.0,5532.0,0.00430489586401674
5433.0,5434.0,0.007353003854207411
5433.0,5533.0,0.003981627296720105
5434.0,5435.0,0.009967855800017458
5434.0,5534.0,0.004172338405497466
5435.0,5535.0,0.002843737895800032
5438.0,5439.0,0.008399612735121974
5441.0,5442.0,0.007555097718751617
5442.0,5443.0,0.00969067664562459
5442.0,5542.0,0.0035982190942189596
5443.0,5444.0,0.010966943462066954
5443.0,5543.0,0.0020270627025306886
5444.0,5445.0,0.003716687517128901
5444.0,5544.0,0.0029716070483870516
5445.0,5545.0,0.006899241790222047
5451.0,5452.0,0.007112428457980032
5451.0,5551.0,0.008056501427418733
5452.0,5453.0,0.007343752092766106
5452.0,5552.0,0.004782761362434693
5453.0,5454.0,0.009696327375874829
5453.0,5553.0,0.0030338114806325303
5454.0,5554.0,0.004783455997496667
5456.0,5457.0,0.0046479217936613295
5460.0,5461.0,0.005321744992023641
5461.0,5462.0,0.00810078937695931
5461.0,5561.0,0.004652648760649
5462.0,5463.0,0.01070917019802089
5462.0,5562.0,0.002817212901080213
5463.0,5464.0,0.007705860140167317
5463.0,5563.0,0.004513608694830892
5464.0,5465.0,0.007065312279018755
5464.0,5564.0,0.0031605819290115317
5465.0,5466.0,0.009009084384672296
5465.0,5565.0,0.003148994933307237
5466.0,5467.0,0.007738306176414858
5466.0,5566.0,0.004672026931640906
5467.0,5567.0,0.007076748547180171
5469.0,5470.0,0.008387357129634525
5470.0,5570.0,0.0007532498655820067
5501.0,5502.0,0.011304404813166597
5501.0,5601.0,0.0031335700103905318
5502.0,5503.0,0.010386749854018305
5502.0,5602.0,0.005549258791946946
5503.0,5504.0,0.0071874141615732535
5503.0,5603.0,0.004086752813664169
5504.0,5505.0,0.008672294820289975
5504.0,5604.0,0.003837713509369515
5505.0,5506.0,0.0075564674352536125
5505.0,5605.0,0.0033562540979459933
5506.0,5507.0,0.009743441612182664
5506.0,5606.0,0.004295318545815103
5507.0,5508.0,0.008019291496139459
5507.0,5607.0,0.0035919751070969397
5508.0,5608.0,0.0036479281695215326
5512.0,5513.0,0.009434821805412634
5512.0,5612.0,0.005995369573262201
5513.0,5514.0,0.00928248628871527
5514.0,5515.0,0.005609077095206364
5514.0,5614.0,0.003136595788431142
5515.0,5516.0,0.007093949763709848
5515.0,5615.0,0.003959969141296538
5516.0,5517.0,0.010257618000779832
5516.0,5616.0,0.0019311559362216533
5517.0,5518.0,0.009126400918768523
5517.0,5617.0,0.002377301899214582
5518.0,5519.0,0.0063028663225556435
5518.0,5618.0,0.0035956489609014802
5519.0,5520.0,0.007735174294740575
5519.0,5619.0,0.0038845030570188303
5520.0,5521.0,0.01098491412118698
5520.0,5620.0,0.0053710756138723535
5521.0,5621.0,0.0022399519727019385
5525.0,5526.0,0.008656349283620838
5525.0,5625.0,0.0035672868625918975
5526.0,5527.0,0.008286127766333464
5526.0,5626.0,0.003530271039163871
5527.0,5528.0,0.007441638310216131
5527.0,5627.0,0.004116420067242365
5528.0,5529.0,0.009635693424963513
5528.0,5628.0,0.0058917837027503365
5529.0,5530.0,0.007765831600679538
5529.0,5629.0,0.0033110886487681475
5530.0,5531.0,0.009631447004471673
5530.0,5630.0,0.003156434471045643
5531.0,5532.0,0.007934277021257532
5531.0,5631.0,0.0057158675439523896
5532.0,5533.0,0.007716226593999181
5532.0,5632.0,0.004072107957803837
5533.0,5534.0,0.009416365672598003
5533.0,5633.0,0.004240953243080879
5534.0,5535.0,0.00746414578903369
5534.0,5634.0,0.0029056622188418867
5535.0,5536.0,0.010803482551933481
5535.0,5635.0,0.004785140369938243
5536.0,5636.0,0.007498696503391654
5542.0,5543.0,0.009743240283402144
5542.0,5642.0,0.0035875346688191713
5543.0,5544.0,0.010061176056994074
5543.0,5643.0,0.005725257284177259
5544.0,5545.0,0.009603487223404056
5544.0,5644.0,0.003478363350771621
5545.0,5546.0,0.003339849656803782
5545.0,5645.0,0.005863723002495534
5546.0,5547.0,0.007215518982027609
5546.0,5646.0,0.0035626434806208663
5547.0,5647.0,0.0029419022179473795
5551.0,5552.0,0.013013087317394057
5551.0,5651.0,0.006870546339997691
5552.0,5553.0,0.008179014858158277
5552.0,5652.0,0.004799100651163324
5553.0,5554.0,0.007934036402733423
5553.0,5653.0,0.006871849376261762
5554.0,5555.0,0.005587084200188291
5554.0,5654.0,0.0035377272435862983
5555.0,5655.0,0.008398902397338702
5561.0,5562.0,0.0048357895911671
5562.0,5563.0,0.005923583223852911
5563.0,5564.0,0.010630275189283951
5563.0,5663.0,0.004994632979508119
5564.0,5565.0,0.008979107542514152
5564.0,5664.0,0.004665934309436426
5565.0,5566.0,0.009428327949860012
5565.0,5665.0,0.002528757706857497
5566.0,5567.0,0.0037614683901281867
5566.0,5666.0,0.003662583766960571
5567.0,5568.0,0.010499192346559286
5567.0,5667.0,0.00473793381127846
5568.0,5668.0,0.0030788147475968096
5570.0,5571.0,0.009311738987425438
5570.0,5670.0,0.005194269153591705
5571.0,5671.0,0.002614170786308397
5601.0,5602.0,0.008869793272105428
5601.0,5701.0,0.006142108049356252
5602.0,5603.0,0.008593300672618149
5602.0,5702.0,0.003844063563472713
5603.0,5604.0,0.00883941284305703
5603.0,5703.0,0.004447425524952849
5604.0,5605.0,0.008518860667953218
5604.0,5704.0,0.004551689999331538
5605.0,5606.0,0.008931534346348777
5605.0,5705.0,0.0021149839573881063
5606.0,5607.0,0.008460974258911659
5606.0,5706.0,0.0022554622253555708
5607.0,5608.0,0.00812820332053607
5607.0,5707.0,0.0035907594127147302
5608.0,5609.0,0.005007240766141241
5608.0,5708.0,0.004088698723310687
5609.0,5610.0,0.007839400642904847
5609.0,5709.0,0.004598465205906923
5610.0,5611.0,0.014484510451162854
5610.0,5710.0,0.002408848343087106
5611.0,5612.0,0.006566398403989069
5612.0,5712.0,0.0023457505152967343
5614.0,5615.0,0.007955294370422946
5615.0,5616.0,0.0040821385081883845
5615.0,5715.0,0.008024952099544255
5616.0,5617.0,0.011708279891593123
5617.0,5618.0,0.005847400902959934
5617.0,5717.0,0.0037936562733073805
5618.0,5619.0,0.009375565105639421
5619.0,5620.0,0.009454302386740486
5619.0,5719.0,0.003864921018597162
5620.0,5621.0,0.006994555930148793
5620.0,5720.0,0.004274541923993755
5621.0,5622.0,0.008004323884625714
5621.0,5721.0,0.004126169057368223
5622.0,5722.0,0.005705402917410619
5624.0,5625.0,0.007346255521009254
5624.0,5724.0,0.0036467737686920253
5625.0,5626.0,0.006049922416858994
5625.0,5725.0,0.002566313776601919
5626.0,5627.0,0.010702237210973936
5626.0,5726.0,0.005026746885414535
5627.0,5628.0,0.009389983559622542
5627.0,5727.0,0.003825932075978096
5628.0,5629.0,0.007279218558328512
5628.0,5728.0,0.0037789312404429894
5629.0,5630.0,0.00954777498688112
5629.0,5729.0,0.003712775794469452
5630.0,5631.0,0.005783220055470814
5630.0,5730.0,0.003375073073282915
5631.0,5632.0,0.009539927547421827
5631.0,5731.0,0.005443786072210049
5632.0,5633.0,0.011258636795808194
5632.0,5732.0,0.004387298810200574
5633.0,5634.0,0.0069773826869468595
5633.0,5733.0,0.003556584289737131
5634.0,5635.0,0.0072377982929766145
5634.0,5734.0,0.005104417879641442
5635.0,5636.0,0.006058166800283848
5635.0,5735.0,0.004086301173434226
5636.0,5736.0,0.0026486037869100734
5640.0,5641.0,0.004258420839937337
5641.0,5642.0,0.010031342390722064
5641.0,5741.0,0.00761937913481002
5642.0,5643.0,0.010130113612885943
5642.0,5742.0,0.003930408840060679
5643.0,5644.0,0.008086957233720242
5643.0,5743.0,0.004711372416816562
5644.0,5645.0,0.005915988818445659
5644.0,5744.0,0.004428143854937079
5645.0,5646.0,0.010156744801862657
5645.0,5745.0,0.005940770540094526
5646.0,5647.0,0.006463842870140068
5646.0,5746.0,0.0030234988490110437
5651.0,5652.0,0.006270800816477284
5651.0,5751.0,0.0063761358909629594
5652.0,5653.0,0.007018436015238687
5652.0,5752.0,0.0034095421936109586
5653.0,5654.0,0.009737703323684775
5653.0,5753.0,0.001268192512984473
5654.0,5655.0,0.01099579169909769
5654.0,5754.0,0.004563053749408489
5655.0,5656.0,0.004076378570488494
5655.0,5755.0,0.0033722218580661835
5656.0,5657.0,0.015163515297585795
5663.0,5664.0,0.00861778725311602
5664.0,5665.0,0.00926852920909937
5664.0,5764.0,0.0030555301160382293
5665.0,5666.0,0.007870050279390996
5665.0,5765.0,0.004917484492097423
5666.0,5667.0,0.00847317160217744
5666.0,5766.0,0.004237590528828917
5667.0,5668.0,0.008830002718007457
5667.0,5767.0,0.0035501543360834686
5668.0,5669.0,0.00782418213106009
5668.0,5768.0,0.006495734675924274
5669.0,5670.0,0.011161059901720522
5669.0,5769.0,0.0023642659283605633
5670.0,5671.0,0.008484137505373733
5670.0,5770.0,0.005417144994363412
5671.0,5771.0,0.00448060295607185
5701.0,5702.0,0.007657365492137476
5701.0,5801.0,0.004357109594672336
5702.0,5703.0,0.007473113129742336
5702.0,5802.0,0.0047239648622761895
5703.0,5704.0,0.008854274670464535
5703.0,5803.0,0.0036822370184418805
5704.0,5705.0,0.00872778792191974
5704.0,5804.0,0.004032402848177362
5705.0,5706.0,0.010479440317593586
5705.0,5805.0,0.0059483955828436704
5706.0,5707.0,0.006899747075063686
5707.0,5708.0,0.007201769458271977
5707.0,5807.0,0.005437143694994652
5708.0,5709.0,0.008503118038104456
5708.0,5808.0,0.005565800271299474
5709.0,5710.0,0.006751779375103092
5709.0,5809.0,0.003612683823701268
5710.0,5810.0,0.005677776808753828
5712.0,5713.0,0.012214243341689402
5715.0,5815.0,0.004578048828923461
5719.0,5720.0,0.007649203422586039
5719.0,5819.0,0.005955021029348005
5720.0,5721.0,0.009070306491507394
5720.0,5820.0,0.004423008398139567
5721.0,5722.0,0.006968330185211929
5721.0,5821.0,0.0029460144772256417
5722.0,5723.0,0.013242867777028981
5722.0,5822.0,0.004615120242201856
5723.0,5724.0,0.005675670692524992
5723.0,5823.0,0.0051533563868620905
5724.0,5725.0,0.00766504099011221
5724.0,5824.0,0.0036308759080955874
5725.0,5726.0,0.009170948908373432
5725.0,5825.0,0.00544043582996499
5726.0,5727.0,0.007381924434717641
5726.0,5826.0,0.005015359134701028
5727.0,5728.0,0.009179496392509033
5727.0,5827.0,0.005179548938859521
5728.0,5729.0,0.009854662851660125
5728.0,5828.0,0.0033536822225714398
5729.0,5730.0,0.007837555461370372
5729.0,5829.0,0.0036259017085431893
5730.0,5731.0,0.009207967341380102
5730.0,5830.0,0.0043030861913266214
5731.0,5732.0,0.006922252607354364
5731.0,5831.0,0.002972109345227197
5732.0,5733.0,0.010551880985869318
5732.0,5832.0,0.003886946267960574
5733.0,5734.0,0.006543220914815852
5733.0,5833.0,0.0031810504491449282
5734.0,5735.0,0.008393835499940765
5734.0,5834.0,0.003752038471281867
5735.0,5736.0,0.007380502663099958
5735.0,5835.0,0.0037669143074941535
5736.0,5737.0,0.011151456250190326
5736.0,5836.0,0.0037908206248742516
5737.0,5837.0,0.0017412712654829808
5741.0,5742.0,0.003211138179827495
5741.0,5841.0,0.00413751053292156
5742.0,5743.0,0.008115579928147865
5742.0,5842.0,0.003814813717604566
5743.0,5744.0,0.012258518478590814
5743.0,5843.0,0.003067260114500042
5744.0,5745.0,0.008028703597091616
5744.0,5844.0,0.003927166338467648
5745.0,5746.0,0.006752900074037328
5745.0,5845.0,0.004773309045098212
5751.0,5752.0,0.007961060746539118
5751.0,5851.0,0.0024735715473822475
5752.0,5753.0,0.007559857968237519
5752.0,5852.0,0.005130531950975159
5753.0,5754.0,0.008802769378447742
5753.0,5853.0,0.00546239308179391
5754.0,5755.0,0.00792282979559298
5754.0,5854.0,0.0029132785997904287
5755.0,5855.0,0.005438937091931625
5760.0,5761.0,0.006332348364556545
5760.0,5860.0,0.0027621289506487047
5761.0,5861.0,0.0036716922229455148
5764.0,5765.0,0.008629241449855815
5765.0,5766.0,0.00659505557974671
5765.0,5865.0,0.0026592195622018168
5766.0,5767.0,0.009855210050529566
5766.0,5866.0,0.0034419059022562804
5767.0,5768.0,0.007969072526343414
5767.0,5867.0,0.003346629399857511
5768.0,5769.0,0.007633211053019191
5768.0,5868.0,0.0024929183580727774
5769.0,5770.0,0.008939516644650364
5769.0,5869.0,0.004511427964625807
5770.0,5771.0,0.007874162772641427
5770.0,5870.0,0.002691605101048066
5771.0,5871.0,0.00522881931605981
5773.0,5774.0,0.003938119369702238
5773.0,5873.0,0.0018674895930152655
5774.0,5874.0,0.006007491676232177
5801.0,5802.0,0.008041649723778615
5801.0,5901.0,0.0009488839022787466
5802.0,5803.0,0.008005419345052094
5802.0,5902.0,0.003597762478255062
5803.0,5804.0,0.008967801338671814
5803.0,5903.0,0.0028317899427741217
5804.0,5805.0,0.008930670548731846
5804.0,5904.0,0.002516432890024721
5805.0,5905.0,0.0034848081511034417
5807.0,5808.0,0.004301597615997218
5807.0,5907.0,0.0023110505425014637
5808.0,5809.0,0.013300181511550041
5808.0,5908.0,0.00667917296153545
5809.0,5810.0,0.00482145349557082
5809.0,5909.0,0.003433241688257185
5810.0,5910.0,0.002603568145831411
5819.0,5820.0,0.011556828575786585
5819.0,5919.0,0.0035434257788156585
5820.0,5821.0,0.007681095955655084
5820.0,5920.0,0.00492791366097459
5821.0,5822.0,0.008766983063740729
5821.0,5921.0,0.005303256056423834
5822.0,5823.0,0.006812095573313664
5822.0,5922.0,0.0027255187726363196
5823.0,5824.0,0.009816629691502326
5823.0,5923.0,0.0029944551190511756
5824.0,5825.0,0.011222667833449997
5824.0,5924.0,0.0048957140439367134
5825.0,5826.0,0.0038756538454797216
5825.0,5925.0,0.003184994287278078
5826.0,5827.0,0.010563152054201812
5827.0,5828.0,0.007903849083824677
5827.0,5927.0,0.0033095119670406643
5828.0,5829.0,0.009388448741406286
5828.0,5928.0,0.0033926655199135944
5829.0,5830.0,0.0063588716043048235
5829.0,5929.0,0.005648928261182442
5830.0,5831.0,0.009651518339097168
5830.0,5930.0,0.005262970268773946
5831.0,5832.0,0.009200153257966146
5831.0,5931.0,0.004183895200648485
5832.0,5833.0,0.009397278796006898
5832.0,5932.0,0.0035412744330243157
5833.0,5834.0,0.008129237728717783
5833.0,5933.0,0.005181462103493509
5834.0,5835.0,0.007445726103618475
5834.0,5934.0,0.0036721484310938053
5835.0,5836.0,0.007710951672124221
5835.0,5935.0,0.004523141409461406
5836.0,5837.0,0.010094476010683721
5836.0,5936.0,0.004592108265274758
5837.0,5838.0,0.0071842890678151215
5837.0,5937.0,0.005398071003613217
5840.0,5841.0,0.009161293464352176
5840.0,5940.0,0.0039333696190411525
5841.0,5842.0,0.008395506038359125
5841.0,5941.0,0.004843839176724742
5842.0,5843.0,0.00567740341352581
5842.0,5942.0,0.004358551025283965
5843.0,5844.0,0.009463913725838448
5843.0,5943.0,0.0050545536697168755
5844.0,5845.0,0.009317328631097856
5844.0,5944.0,0.006096658315011869
5845.0,5945.0,0.0035258256408886943
5851.0,5852.0,0.008612564471178256
5851.0,5951.0,0.004451123831130228
5852.0,5853.0,0.011347910405880247
5852.0,5952.0,0.0022040107372681052
5853.0,5854.0,0.006466557217711567
5853.0,5953.0,0.006614728305834137
5854.0,5855.0,0.007966896755956927
5854.0,5954.0,0.005061266312886874
5855.0,5856.0,0.006333896746867155
5855.0,5955.0,0.0024656950358863516
5856.0,5857.0,0.011560447328719718
5856.0,5956.0,0.003939739077652358
5857.0,5957.0,0.0004606546862868314
5860.0,5861.0,0.003946145467413651
5860.0,5960.0,0.005452508622643674
5861.0,5862.0,0.011187668738840043
5861.0,5961.0,0.002561876160159428
5862.0,5962.0,0.001918073126866867
5865.0,5866.0,0.009190696884347333
5866.0,5867.0,0.006900716846828443
5866.0,5966.0,0.0035770804855386694
5867.0,5868.0,0.009136049288934977
5867.0,5967.0,0.0038459906877158917
5868.0,5869.0,0.010230843300539597
5868.0,5968.0,0.005193996231227517
5869.0,5870.0,0.006834436633692542
5869.0,5969.0,0.0034152869118113756
5870.0,5871.0,0.009263979044126111
5870.0,5970.0,0.004586028287093944
5871.0,5872.0,0.010529290033521063
5871.0,5971.0,0.004778985250027642
5872.0,5873.0,0.010161886159568239
5872.0,5972.0,0.004612495387532381
5873.0,5874.0,0.0017837767937715372
5873.0,5973.0,0.00710333448811245
5874.0,5974.0,0.005263155446113123
5901.0,5902.0,0.00475526108327234
5901.0,6001.0,0.00563449020231383
5902.0,5903.0,0.01161708696445982
5902.0,6002.0,0.005972811379907037
5903.0,5904.0,0.008881862765205813
5903.0,6003.0,0.004371894566434719
5904.0,5905.0,0.008514812597471142
5904.0,6004.0,0.0029908123210949105
5905.0,6005.0,0.004046739004430722
5907.0,5908.0,0.008982309242621316
5907.0,6007.0,0.006881481657315805
5908.0,5909.0,0.007497525911924849
5908.0,6008.0,0.003699272287899447
5909.0,5910.0,0.003906651959152134
5909.0,6009.0,0.0038489358113667194
5919.0,5920.0,0.007282293367482223
5919.0,6019.0,0.00488665599362183
5920.0,5921.0,0.00832357291852298
5920.0,6020.0,0.0025024412120951064
5921.0,5922.0,0.008752274293012138
5921.0,6021.0,0.0035145765733559263
5922.0,5923.0,0.009220725755597164
5922.0,6022.0,0.004400405117716246
5923.0,5924.0,0.007755371642929302
5923.0,6023.0,0.007447150363058065
5924.0,5925.0,0.011798066645434263
5924.0,6024.0,0.002757086476700147
5925.0,6025.0,0.005457393524383407
5927.0,5928.0,0.008917797553761691
5927.0,6027.0,0.0038154046404023185
5928.0,5929.0,0.00612919264666967
5928.0,6028.0,0.003619554056785862
5929.0,5930.0,0.009984947123046971
5929.0,6029.0,0.00370313298978356
5930.0,5931.0,0.009138599549705567
5930.0,6030.0,0.005230173136709492
5931.0,5932.0,0.010187574169063065
5931.0,6031.0,0.0038714145218518388
5932.0,5933.0,0.005935494396430602
5932.0,6032.0,0.002380849421950968
5933.0,5934.0,0.008376195777316487
5933.0,6033.0,0.005374163750763318
5934.0,5935.0,0.00944004180604312
5934.0,6034.0,0.0042791002909469585
5935.0,5936.0,0.007490335760167139
5935.0,6035.0,0.0024447044504418603
5936.0,5937.0,0.008588243595170996
5936.0,6036.0,0.004545033633539167
5937.0,6037.0,0.004524614092937563
5939.0,5940.0,0.007612246991524215
5939.0,6039.0,0.003192097667678037
5940.0,5941.0,0.008967853964587125
5940.0,6040.0,0.005645124923329448
5941.0,5942.0,0.008721814291191522
5941.0,6041.0,0.0033920664763541844
5942.0,5943.0,0.009012992333292849
5942.0,6042.0,0.004923049425914899
5943.0,5944.0,0.009461396570268215
5943.0,6043.0,0.004236176436363316
5944.0,5945.0,0.00472384958482299
5944.0,6044.0,0.003307106363574386
5945.0,5946.0,0.013314969978928885
5945.0,6045.0,0.008234525945065673
5946.0,6046.0,0.0057556738476012195
5951.0,5952.0,0.005833450628910804
5951.0,6051.0,0.0054542695661309905
5952.0,5953.0,0.005294359025418389
5952.0,6052.0,0.003912893687539594
5953.0,5954.0,0.010364507214533818
5953.0,6053.0,0.006526890538376817
5954.0,5955.0,0.008743150970896068
5954.0,6054.0,0.003306490229828814
5955.0,5956.0,0.010262882940478139
5955.0,6055.0,0.002876755175541799
5956.0,5957.0,0.008483327202221424
5956.0,6056.0,0.006970505583524236
5957.0,5958.0,0.008641293186785526
5958.0,5959.0,0.006291008186294564
5958.0,6058.0,0.002361725413765371
5959.0,5960.0,0.00883638625061357
5959.0,6059.0,0.0052451873121929235
5960.0,5961.0,0.0078016154179805655
5960.0,6060.0,0.0016844611541959396
5961.0,5962.0,0.011165084005500562
5961.0,6061.0,0.006142983100251308
5962.0,5963.0,0.008850118252879785
5962.0,6062.0,0.002966790941403017
5963.0,5964.0,0.00785790964888486
5963.0,6063.0,0.0027585149410518472
5964.0,6064.0,0.0029238907452205764
5966.0,5967.0,0.00734600563912243
5966.0,6066.0,0.005864583437038425
5967.0,5968.0,0.009760746756769691
5967.0,6067.0,0.003963499520625787
5968.0,5969.0,0.007909426826269833
5968.0,6068.0,0.003631637939000671
5969.0,5970.0,0.008198697079414265
5969.0,6069.0,0.004181480431619222
5970.0,5971.0,0.008608800293879497
5970.0,6070.0,0.002933865197992174
5971.0,5972.0,0.009435171617413066
5971.0,6071.0,0.003208206368052208
5972.0,5973.0,0.008274124099267028
5972.0,6072.0,0.0042504838371655055
5973.0,5974.0,0.005890034095818864
5973.0,6073.0,0.0030057824688403505
5974.0,5975.0,0.013799759391020683
5974.0,6074.0,0.004037745540523482
5975.0,6075.0,0.0036698700930617987
6001.0,6002.0,0.008528088323295347
6001.0,6101.0,0.004443411187364094
6002.0,6003.0,0.009267657504465612
6002.0,6102.0,0.004361831571712844
6003.0,6004.0,0.007286154877569
6003.0,6103.0,0.0033639238353453853
6004.0,6005.0,0.008865733152984329
6004.0,6104.0,0.004436839633117862
6005.0,6006.0,0.010228577208002972
6005.0,6105.0,0.003572698758648006
6006.0,6007.0,0.0032505883852056118
6006.0,6106.0,0.003349026253998747
6007.0,6008.0,0.012213962341926924
6007.0,6107.0,0.004444518544229895
6008.0,6009.0,0.0092339877117071
6008.0,6108.0,0.0024239526398003174
6009.0,6109.0,0.0037894205586051916
6018.0,6019.0,0.008320058058085139
6019.0,6020.0,0.008081532288499045
6019.0,6119.0,0.0040490079982626334
6020.0,6021.0,0.008400182688482267
6020.0,6120.0,0.0028145082927618806
6021.0,6022.0,0.007290526107905955
6021.0,6121.0,0.00284879799213612
6022.0,6023.0,0.01302465725806515
6022.0,6122.0,0.005762650640980474
6023.0,6024.0,0.004265183978439831
6024.0,6025.0,0.00947180644282053
6024.0,6124.0,0.003936389688537104
6025.0,6026.0,0.010199437343295308
6025.0,6125.0,0.005041538832547958
6026.0,6027.0,0.006748839207597575
6026.0,6126.0,0.002617757553708523
6027.0,6028.0,0.008485952937059392
6027.0,6127.0,0.0029525499250637344
6028.0,6029.0,0.006153854373485445
6028.0,6128.0,0.002511733522887649
6029.0,6030.0,0.013391712103005103
6030.0,6031.0,0.006388093165421226
6031.0,6032.0,0.008712661026347879
6031.0,6131.0,0.003618579536228517
6032.0,6033.0,0.009564278892840408
6032.0,6132.0,0.005088150579529542
6033.0,6034.0,0.007282022857689489
6033.0,6133.0,0.0040704093184899285
6034.0,6035.0,0.00821445036809725
6034.0,6134.0,0.0032087417923574724
6035.0,6036.0,0.00912799425503879
6035.0,6135.0,0.005955189521747668
6036.0,6037.0,0.009071915769563255
6036.0,6136.0,0.0028864290048447494
6037.0,6038.0,0.009098479169619068
6037.0,6137.0,0.004055560776267724
6038.0,6039.0,0.007089252119937247
6038.0,6138.0,0.003798030713407916
6039.0,6040.0,0.008819180920009422
6039.0,6139.0,0.003757474641303685
6040.0,6041.0,0.00684232677164776
6040.0,6140.0,0.0034641028910824814
6041.0,6042.0,0.009654066635359703
6041.0,6141.0,0.002271979245065009
6042.0,6043.0,0.007819361214965057
6042.0,6142.0,0.0020474727470685527
6043.0,6044.0,0.009156929583660023
6043.0,6143.0,0.0025618168650396503
6044.0,6045.0,0.010188769583218868
6044.0,6144.0,0.0032063210569133953
6045.0,6046.0,0.0036876184455531123
6045.0,6145.0,0.002594903514587251
6051.0,6052.0,0.0068557291727457245
6051.0,6151.0,0.006584867038896449
6052.0,6053.0,0.01149053221395044
6052.0,6152.0,0.0038962922593155087
6053.0,6054.0,0.008259519498130061
6053.0,6153.0,0.002923803512549963
6054.0,6055.0,0.007452571220734757
6054.0,6154.0,0.0030552862680934584
6055.0,6056.0,0.004704086072767423
6055.0,6155.0,0.004935376380784096
6056.0,6156.0,0.006558810497332283
6058.0,6059.0,0.006565705312448062
6058.0,6158.0,0.006291374705899894
6059.0,6060.0,0.006900245428253291
6059.0,6159.0,0.0027856540524707554
6060.0,6061.0,0.009908490223027975
6060.0,6160.0,0.005728303229575242
6061.0,6062.0,0.010497343555880235
6061.0,6161.0,0.002094144431501559
6062.0,6063.0,0.008339162338025084
6062.0,6162.0,0.0063528416633811735
6063.0,6064.0,0.007873444873758392
6063.0,6163.0,0.004513223589631349
6064.0,6065.0,0.00734956506194835
6064.0,6164.0,0.0030744690094406044
6065.0,6066.0,0.008962549675740243
6065.0,6165.0,0.003681612914196704
6066.0,6067.0,0.009707601747600233
6067.0,6068.0,0.008754754965157374
6067.0,6167.0,0.004264601558175855
6068.0,6069.0,0.0074995010447438245
6068.0,6168.0,0.0034925071911179858
6069.0,6070.0,0.007958360034573
6069.0,6169.0,0.0034948027698269513
6070.0,6071.0,0.009730838541457522
6070.0,6170.0,0.006080274918126773
6071.0,6072.0,0.009313209124680925
6071.0,6171.0,0.0027027957543958123
6072.0,6073.0,0.006926061978501576
6072.0,6172.0,0.0054972775371057315
6073.0,6074.0,0.010430902768691092
6073.0,6173.0,0.002811710372711476
6074.0,6075.0,0.006968330514559179
6074.0,6174.0,0.0036860074511598125
6075.0,6076.0,0.005016218202987459
6075.0,6175.0,0.003454457492862158
6076.0,6077.0,0.01182684251522715
6076.0,6176.0,0.004430566723341605
6077.0,6177.0,0.0035213880359908044
6100.0,6101.0,0.008317286281582004
6100.0,6200.0,0.005345497923484933
6101.0,6102.0,0.007589246337416937
6101.0,6201.0,0.0026892834919338402
6102.0,6103.0,0.008653371396750965
6102.0,6202.0,0.003957056363006484
6103.0,6104.0,0.009384627908451128
6103.0,6203.0,0.003369667167541998
6104.0,6105.0,0.0078104025254808465
6104.0,6204.0,0.004455034277084212
6105.0,6106.0,0.0073797594791405186
6105.0,6205.0,0.0036080913874241326
6106.0,6107.0,0.006804588238094819
6106.0,6206.0,0.004537143997049904
6107.0,6108.0,0.01086414710135535
6107.0,6207.0,0.0034069041958882723
6108.0,6109.0,0.008089195995280825
6108.0,6208.0,0.004916417105980854
6109.0,6209.0,0.003951741421196861
6114.0,6115.0,0.010185892255951698
6115.0,6215.0,0.007076452462919181
6119.0,6120.0,0.01073721770710987
6119.0,6219.0,0.0068916937693088145
6120.0,6121.0,0.00908460309590646
6120.0,6220.0,0.006112200167695638
6121.0,6122.0,0.009848793347409228
6121.0,6221.0,0.0045622975319461415
6124.0,6125.0,0.005276446831906678
6124.0,6224.0,0.004968647905618673
6125.0,6126.0,0.013332066248335288
6125.0,6225.0,0.0069400975857703264
6126.0,6127.0,0.007124242469204926
6126.0,6226.0,0.004901342122317586
6127.0,6128.0,0.008520688089587435
6127.0,6227.0,0.00497756176657167
6128.0,6228.0,0.0037544787228052543
6131.0,6132.0,0.008493401223308187
6131.0,6231.0,0.00402162209189182
6132.0,6133.0,0.006307250193226429
6132.0,6232.0,0.004569263030294312
6133.0,6134.0,0.012405771579799395
6133.0,6233.0,0.005132898068342164
6134.0,6135.0,0.005326895412903757
6134.0,6234.0,0.0037169317669299576
6135.0,6136.0,0.010733765795837067
6136.0,6137.0,0.012105474505362448
6137.0,6138.0,0.0054088670542030625
6137.0,6237.0,0.005497136261728299
6138.0,6139.0,0.005693533683039246
6138.0,6238.0,0.0031319596437408424
6139.0,6140.0,0.010845744213295278
6139.0,6239.0,0.005813028570375097
6140.0,6141.0,0.00820872191390769
6140.0,6240.0,0.003135182969143822
6141.0,6142.0,0.0080521614005193
6141.0,6241.0,0.004696408816317706
6142.0,6143.0,0.009025160207446094
6142.0,6242.0,0.004118309502695622
6143.0,6144.0,0.007741824072530602
6143.0,6243.0,0.004357359541053905
6144.0,6145.0,0.010153521954956257
6144.0,6244.0,0.005648681390374331
6145.0,6245.0,0.00480486477332369
6151.0,6152.0,0.0018490566730102844
6151.0,6251.0,0.0029286451509162354
6152.0,6153.0,0.012588303938573976
6152.0,6252.0,0.007480144780682813
6153.0,6154.0,0.008573845686744587
6153.0,6253.0,0.005365526184818837
6154.0,6155.0,0.007156652460472182
6154.0,6254.0,0.0054635389721303
6155.0,6156.0,0.010409677094886936
6155.0,6255.0,0.0040359766711431395
6156.0,6157.0,0.0064465203327081005
6156.0,6256.0,0.0034706307207726457
6157.0,6158.0,0.00949804360328998
6157.0,6257.0,0.004175358439706507
6158.0,6159.0,0.011306649379026788
6158.0,6258.0,0.004563489616505411
6159.0,6160.0,0.007180316483265413
6160.0,6161.0,0.006526157222294353
6160.0,6260.0,0.0023633187554788987
6161.0,6162.0,0.009729030675767783
6161.0,6261.0,0.006653478206925436
6162.0,6163.0,0.009618000963298394
6162.0,6262.0,0.0027128821813734555
6163.0,6164.0,0.007898518595272594
6163.0,6263.0,0.005013084851668557
6164.0,6165.0,0.006726678981496357
6164.0,6264.0,0.005040400842195472
6165.0,6265.0,0.0037422075730754087
6167.0,6168.0,0.008734963826487089
6167.0,6267.0,0.004441762334928572
6168.0,6169.0,0.007287004597218485
6168.0,6268.0,0.004585546521407167
6169.0,6170.0,0.009804483358140463
6169.0,6269.0,0.006219241151461655
6170.0,6171.0,0.007539447510926393
6170.0,6270.0,0.0022869654348103485
6171.0,6172.0,0.006981796760861341
6171.0,6271.0,0.0046811835981960545
6172.0,6173.0,0.010961060903486856
6172.0,6272.0,0.004591750752169213
6173.0,6174.0,0.008487250449937232
6174.0,6175.0,0.007416384135150918
6174.0,6274.0,0.004121819811685801
6175.0,6176.0,0.009088590291124191
6175.0,6275.0,0.004369465344868304
6176.0,6177.0,0.008524949121847127
6176.0,6276.0,0.004580844329375252
6177.0,6277.0,0.003932267927034392
6200.0,6201.0,0.007763465052405093
6200.0,6300.0,0.002837882055337008
6201.0,6202.0,0.008302168714861844
6201.0,6301.0,0.005311398521106757
6202.0,6203.0,0.008378833993458169
6202.0,6302.0,0.004558965097475987
6203.0,6204.0,0.009875991033319554
6203.0,6303.0,0.004372355001598467
6204.0,6205.0,0.006187034431769136
6204.0,6304.0,0.004397947634977399
6205.0,6206.0,0.010615793532279498
6205.0,6305.0,0.0043778870748352695
6206.0,6207.0,0.006383796654029888
6206.0,6306.0,0.004738263733691942
6207.0,6208.0,0.008615749044627299
6207.0,6307.0,0.0037802652393701505
6208.0,6209.0,0.009133877575820605
6208.0,6308.0,0.0017519596171145188
6209.0,6210.0,0.009289676494901339
6209.0,6309.0,0.003977926648392944
6210.0,6310.0,0.002615792350320435
6213.0,6313.0,0.005510172952818056
6218.0,6219.0,0.009958989409072165
6218.0,6318.0,0.001648110897356495
6219.0,6220.0,0.007992190511370352
6219.0,6319.0,0.0034531484590171945
6220.0,6221.0,0.008706945056104306
6223.0,6224.0,0.006005928700881316
6223.0,6323.0,0.005016716468962973
6224.0,6225.0,0.01221540569117089
6224.0,6324.0,0.004740456185852613
6225.0,6226.0,0.0061497401058891584
6225.0,6325.0,0.006192465991832174
6226.0,6227.0,0.005943301690135132
6226.0,6326.0,0.00454408883385845
6227.0,6228.0,0.010551622662902067
6231.0,6232.0,0.007846539997351543
6231.0,6331.0,0.0033205354583287117
6232.0,6233.0,0.007808276733053134
6232.0,6332.0,0.004398260639162306
6233.0,6234.0,0.009967995658609726
6233.0,6333.0,0.0033937215339534836
6234.0,6334.0,0.005743195800249438
6237.0,6238.0,0.0056492891605939574
6237.0,6337.0,0.003290592033358144
6238.0,6239.0,0.008164245864127052
6238.0,6338.0,0.0044512945105906095
6239.0,6240.0,0.00953902731572956
6239.0,6339.0,0.0019176529117684328
6240.0,6241.0,0.006503099699373131
6240.0,6340.0,0.004488133345835229
6241.0,6242.0,0.00867482225350982
6241.0,6341.0,0.005302112207411532
6242.0,6243.0,0.01049427493827175
6242.0,6342.0,0.006895319690919354
6243.0,6244.0,0.0075370750672919375
6243.0,6343.0,0.003252433685720298
6244.0,6245.0,0.006971758111834396
6244.0,6344.0,0.0013858163117871102
6251.0,6252.0,0.004662303707397822
6252.0,6253.0,0.011259638790381431
6252.0,6352.0,0.0023344703403557375
6253.0,6254.0,0.005787400884683107
6253.0,6353.0,0.004354990078056759
6254.0,6255.0,0.007881386267019647
6254.0,6354.0,0.002914132366586035
6255.0,6256.0,0.006964069888366453
6255.0,6355.0,0.00459211053002517
6256.0,6257.0,0.011329365066944633
6256.0,6356.0,0.004176945134902816
6257.0,6258.0,0.0049326651670261595
6257.0,6357.0,0.005606496418442967
6258.0,6358.0,0.0033153576896016897
6260.0,6261.0,0.011776555450555946
6260.0,6360.0,0.006280655687109777
6261.0,6262.0,0.004363392424474448
6262.0,6263.0,0.005699404875071538
6262.0,6362.0,0.0020371454660851923
6263.0,6264.0,0.012899016151630997
6263.0,6363.0,0.005125556145437788
6264.0,6265.0,0.006958425860062221
6264.0,6364.0,0.0045145478134581115
6265.0,6266.0,0.007894839239015083
6265.0,6365.0,0.004422079516472441
6266.0,6267.0,0.008235298649727038
6266.0,6366.0,0.0032039713622291723
6267.0,6268.0,0.009211818216289962
6267.0,6367.0,0.0037510910959323855
6268.0,6269.0,0.009955611342354379
6268.0,6368.0,0.0024143381805377707
6269.0,6270.0,0.009641776010671888
6269.0,6369.0,0.0019242562095602958
6270.0,6271.0,0.004924501494558551
6270.0,6370.0,0.00704805704999535
6271.0,6272.0,0.010733801073256437
6271.0,6371.0,0.0040602493531815675
6272.0,6372.0,0.005485946978418562
6274.0,6275.0,0.0064882175610930315
6275.0,6276.0,0.008039562050879617
6275.0,6375.0,0.004420823956006266
6276.0,6277.0,0.010329479480108114
6300.0,6301.0,0.007628093366625832
6300.0,6400.0,0.004200410725154198
6301.0,6302.0,0.007944267492973438
6301.0,6401.0,0.0019808462459268003
6302.0,6303.0,0.009397914090367861
6302.0,6402.0,0.0038978555463278163
6303.0,6304.0,0.009589891359667218
6303.0,6403.0,0.001801640502430172
6304.0,6305.0,0.006413028265949335
6304.0,6404.0,0.0048730087564103465
6305.0,6306.0,0.008196922359640127
6305.0,6405.0,0.003941589336802445
6306.0,6307.0,0.009227297060898613
6306.0,6406.0,0.004630105951274168
6307.0,6308.0,0.008204991686779895
6307.0,6407.0,0.004810259452462771
6308.0,6309.0,0.009280786456438305
6308.0,6408.0,0.00595902423052948
6309.0,6310.0,0.008491723873269177
6309.0,6409.0,0.00467719540964637
6310.0,6311.0,0.004761524465963954
6310.0,6410.0,0.003515312438462855
6311.0,6312.0,0.012484031028887876
6312.0,6313.0,0.010591445431566081
6312.0,6412.0,0.0038402318315445597
6313.0,6314.0,0.008744588891432377
6313.0,6413.0,0.00381442345446502
6314.0,6414.0,0.007073723602885541
6316.0,6416.0,0.004459261385026996
6318.0,6319.0,0.011386278157512498
6318.0,6418.0,0.006102256042648599
6319.0,6419.0,0.0030136098370563353
6322.0,6323.0,0.004858525871082871
6323.0,6324.0,0.004418544574859232
6323.0,6423.0,0.005118897979058179
6324.0,6325.0,0.010589968682192785
6324.0,6424.0,0.005978641601559782
6325.0,6326.0,0.010065587614241882
6326.0,6426.0,0.0017749877126349868
6330.0,6331.0,0.005185152145310797
6330.0,6430.0,0.004885351758062964
6331.0,6332.0,0.008852080761617408
6331.0,6431.0,0.0026242622601382304
6332.0,6333.0,0.007139702678671062
6332.0,6432.0,0.004713612120234341
6333.0,6334.0,0.008517693214713927
6333.0,6433.0,0.0046534591864499705
6334.0,6335.0,0.007733415623126654
6334.0,6434.0,0.004065552775454989
6335.0,6435.0,0.004078239243839618
6337.0,6338.0,0.004681472782154253
6337.0,6437.0,0.00413129485391207
6338.0,6339.0,0.008148971964613248
6338.0,6438.0,0.004436548291180238
6339.0,6340.0,0.00828149541145535
6339.0,6439.0,0.0026735125303608623
6340.0,6341.0,0.008262080397214043
6340.0,6440.0,0.005049746878805119
6341.0,6342.0,0.008159021164938747
6341.0,6441.0,0.0035976916627132732
6342.0,6343.0,0.009494811048145814
6342.0,6442.0,0.0009351390270938874
6343.0,6344.0,0.006839673749534342
6343.0,6443.0,0.003990326713441625
6352.0,6353.0,0.007916425073231021
6352.0,6452.0,0.004404112279451858
6353.0,6354.0,0.008495635654268533
6353.0,6453.0,0.005647824194323706
6354.0,6355.0,0.008202020404746798
6354.0,6454.0,0.0031556978340770026
6355.0,6356.0,0.009660292871856045
6355.0,6455.0,0.005024070258270199
6356.0,6357.0,0.008527823464987795
6356.0,6456.0,0.004242518205033066
6357.0,6358.0,0.0073826463988214625
6357.0,6457.0,0.0023253549234479665
6358.0,6359.0,0.014010318936062355
6359.0,6360.0,0.0027339232615387985
6360.0,6460.0,0.0027730566618818335
6362.0,6363.0,0.009361902940110089
6362.0,6462.0,0.004228944143639215
6363.0,6364.0,0.011240774699280127
6363.0,6463.0,0.005778905281285198
6364.0,6365.0,0.003671027807035751
6364.0,6464.0,0.00571846077542196
6365.0,6366.0,0.008926769297452607
6365.0,6465.0,0.0029832597624019483
6366.0,6367.0,0.010392289499909347
6366.0,6466.0,0.0036612888782525284
6367.0,6368.0,0.006260185799964497
6367.0,6467.0,0.004907459956025859
6368.0,6369.0,0.009682919105814501
6368.0,6468.0,0.004313142580529364
6369.0,6370.0,0.007087806059718417
6369.0,6469.0,0.004603775148721034
6370.0,6371.0,0.010337987815810516
6370.0,6470.0,0.003304155087153643
6371.0,6372.0,0.00817863630931251
6371.0,6471.0,0.0034124096955102583
6372.0,6373.0,0.00903738651658342
6372.0,6472.0,0.003344635802298405
6375.0,6475.0,0.002728461326459971
6400.0,6401.0,0.008089093112332798
6400.0,6500.0,0.00326864651040928
6401.0,6402.0,0.010069027159072737
6401.0,6501.0,0.005854991939359903
6402.0,6403.0,0.007781660954437715
6402.0,6502.0,0.002795785488909086
6403.0,6404.0,0.006280031210913856
6403.0,6503.0,0.00479275435213876
6404.0,6405.0,0.010167501432503423
6404.0,6504.0,0.0035690877770100443
6405.0,6406.0,0.009572458750503885
6405.0,6505.0,0.0030374523288453645
6406.0,6407.0,0.007500472156466355
6406.0,6506.0,0.0040573655553791605
6407.0,6408.0,0.006373343326696712
6407.0,6507.0,0.004888445039071757
6408.0,6409.0,0.010666919619553688
6408.0,6508.0,0.004304294251095818
6409.0,6410.0,0.009127277137242802
6409.0,6509.0,0.003396508673627442
6410.0,6510.0,0.004164964734544343
6412.0,6413.0,0.00920881348274673
6413.0,6414.0,0.0042087096098473225
6414.0,6514.0,0.009232083840597587
6416.0,6417.0,0.011279153280284598
6416.0,6516.0,0.0027954523372775444
6417.0,6418.0,0.004916189879363182
6417.0,6517.0,0.006314114642611232
6418.0,6419.0,0.010788244900822513
6419.0,6420.0,0.003412593044876109
6423.0,6424.0,0.009016791451504387
6423.0,6523.0,0.0014403793180954331
6430.0,6431.0,0.007359358120109794
6430.0,6530.0,0.004523398117564008
6431.0,6432.0,0.007341228779982767
6431.0,6531.0,0.0072560488952313415
6432.0,6433.0,0.00824382289960717
6433.0,6434.0,0.010331616321269131
6433.0,6533.0,0.0033869186733696613
6434.0,6435.0,0.009222543420329726
6434.0,6534.0,0.004307554675220601
6435.0,6436.0,0.007764037425213603
6435.0,6535.0,0.005486282757931205
6436.0,6437.0,0.008870522630034515
6436.0,6536.0,0.0009046743336669749
6437.0,6438.0,0.007831812339435654
6438.0,6439.0,0.008168298599461922
6438.0,6538.0,0.003948056434500052
6439.0,6440.0,0.0093934230108017
6439.0,6539.0,0.005599047377900595
6440.0,6441.0,0.01062024155327901
6440.0,6540.0,0.003066876432136022
6441.0,6442.0,0.005014061336881847
6441.0,6541.0,0.006991171736556567
6442.0,6443.0,0.01163448756413648
6442.0,6542.0,0.006034062843559703
6451.0,6452.0,0.00545722377037647
6451.0,6551.0,0.003525494837606996
6452.0,6453.0,0.009443473280525543
6452.0,6552.0,0.005004886843877322
6453.0,6454.0,0.007712509341323673
6453.0,6553.0,0.004204955082995792
6454.0,6455.0,0.009736538067505473
6454.0,6554.0,0.006856805630906302
6455.0,6456.0,0.00980654813122979
6455.0,6555.0,0.002368754444843964
6456.0,6457.0,0.008030595577530802
6456.0,6556.0,0.0044599608036405124
6457.0,6557.0,0.004964001117043121
6460.0,6461.0,0.008983775927759155
6461.0,6462.0,0.008411439936174896
6461.0,6561.0,0.0016604288181010856
6462.0,6463.0,0.008714758233017912
6463.0,6464.0,0.01168231230236871
6463.0,6563.0,0.005038416974613166
6464.0,6465.0,0.007460448796820536
6464.0,6564.0,0.0029158576662815013
6465.0,6466.0,0.007829266403054628
6465.0,6565.0,0.0039792551124570915
6466.0,6467.0,0.011236913053867415
6466.0,6566.0,0.003879114962201268
6467.0,6468.0,0.006185928050819189
6467.0,6567.0,0.002293872483382581
6468.0,6469.0,0.008246531928642354
6468.0,6568.0,0.004104706627764605
6469.0,6470.0,0.009968181854276488
6469.0,6569.0,0.0038633566713408792
6470.0,6471.0,0.007014720471260006
6470.0,6570.0,0.004492270220054461
6471.0,6472.0,0.009012127928529122
6471.0,6571.0,0.004841466306809925
6472.0,6572.0,0.0033102809548421724
6474.0,6475.0,0.00746081181173815
6474.0,6574.0,0.003184739815118157
6475.0,6476.0,0.009110429145212255
6475.0,6575.0,0.003831051565821894
6476.0,6477.0,0.005293537929402018
6476.0,6576.0,0.005399882977434505
6477.0,6577.0,0.004110143678754833
6500.0,6501.0,0.007297589171783716
6501.0,6502.0,0.011041642371491857
6501.0,6601.0,0.0009426476807395818
6502.0,6503.0,0.006016517016518809
6502.0,6602.0,0.00535093659091742
6503.0,6504.0,0.009977086723581594
6503.0,6603.0,0.004221147575010408
6504.0,6505.0,0.009692569835189322
6504.0,6604.0,0.006065534642548981
6505.0,6506.0,0.005594417954537022
6506.0,6507.0,0.010416324743403206
6506.0,6606.0,0.004642097133839838
6507.0,6508.0,0.006798878714897793
6507.0,6607.0,0.001304682555257386
6508.0,6509.0,0.01082298065877173
6508.0,6608.0,0.0032542918815026602
6509.0,6510.0,0.0068877221611982845
6509.0,6609.0,0.003962166220644677
6510.0,6511.0,0.008346811379201822
6510.0,6610.0,0.003475820274409392
6511.0,6611.0,0.0032144829288712116
6514.0,6515.0,0.004660349842025698
6514.0,6614.0,0.0045733849225596075
6515.0,6516.0,0.009253453688220328
6515.0,6615.0,0.002353747482206218
6516.0,6517.0,0.006675164541042284
6516.0,6616.0,0.004874678989430229
6517.0,6617.0,0.006279826323235919
6523.0,6623.0,0.004300380030883163
6530.0,6531.0,0.0067822021571154675
6530.0,6630.0,0.0026593181456909844
6531.0,6631.0,0.000775425541233925
6533.0,6534.0,0.009465396309179095
6533.0,6633.0,0.0036417615915926276
6534.0,6535.0,0.0068764126286875536
6534.0,6634.0,0.0033511001253291642
6535.0,6536.0,0.01002065610477202
6535.0,6635.0,0.004221190984782896
6536.0,6636.0,0.007064640933549854
6538.0,6539.0,0.010651438059710442
6539.0,6540.0,0.008596435589818607
6539.0,6639.0,0.0034415304618781164
6540.0,6541.0,0.008691764150632256
6540.0,6640.0,0.003731286942860093
6541.0,6542.0,0.0104380314504146
6544.0,6644.0,0.000605443911522575
6551.0,6552.0,0.009419004536042828
6552.0,6553.0,0.0063242703555364994
6552.0,6652.0,0.002718390768451435
6553.0,6554.0,0.00605159224089172
6553.0,6653.0,0.003864095341735732
6554.0,6555.0,0.01126202114099204
6555.0,6556.0,0.011034126589808872
6556.0,6557.0,0.008709265255457859
6556.0,6656.0,0.0048181198200118605
6557.0,6558.0,0.007078283481895095
6557.0,6657.0,0.003664414475738698
6558.0,6559.0,0.008770400790149723
6558.0,6658.0,0.004022902738073487
6559.0,6659.0,0.003588235624928452
6561.0,6661.0,0.005464303546659267
6563.0,6564.0,0.006614513978358136
6564.0,6565.0,0.0085314498937836
6564.0,6664.0,0.0031251110220274665
6565.0,6566.0,0.006814477263153224
6565.0,6665.0,0.006480122895438056
6566.0,6567.0,0.010773166683931147
6566.0,6666.0,0.007528426704825382
6567.0,6568.0,0.007674253231428396
6567.0,6667.0,0.0042183976863185944
6568.0,6569.0,0.008619654638093374
6568.0,6668.0,0.0047264508259374045
6569.0,6570.0,0.007550698664363976
6569.0,6669.0,0.004963622847278745
6570.0,6571.0,0.00921635188672215
6570.0,6670.0,0.00411850661891117
6571.0,6572.0,0.008078727288388468
6571.0,6671.0,0.003534988374806073
6572.0,6573.0,0.009889268843036675
6572.0,6672.0,0.0024683603565940062
6573.0,6574.0,0.007490069455624152
6573.0,6673.0,0.004059427518750356
6574.0,6575.0,0.007709333444598086
6574.0,6674.0,0.0043406797739505105
6575.0,6576.0,0.006804050777295675
6575.0,6675.0,0.004503882015551232
6576.0,6577.0,0.008290234256039065
6576.0,6676.0,0.0010913961425629065
6601.0,6602.0,0.010667940755825276
6601.0,6701.0,0.006900994236332122
6602.0,6603.0,0.006915055495079107
6602.0,6702.0,0.0022425430140780582
6603.0,6604.0,0.006056507496907134
6603.0,6703.0,0.0031788058952991953
6604.0,6704.0,0.008013203959088706
6606.0,6607.0,0.008768062778625291
6606.0,6706.0,0.0038816104338273796
6607.0,6608.0,0.007645802199908592
6607.0,6707.0,0.003936301383279925
6608.0,6609.0,0.007429427410635912
6608.0,6708.0,0.005393820413213974
6609.0,6610.0,0.0076443331121764544
6609.0,6709.0,0.005577082722177144
6610.0,6611.0,0.010807015325241073
6610.0,6710.0,0.00766287176260587
6611.0,6612.0,0.00971588621640655
6611.0,6711.0,0.005519869771109821
6612.0,6613.0,0.01057893155899385
6613.0,6614.0,0.004202945065079469
6614.0,6615.0,0.008320707638765749
6614.0,6714.0,0.004049043511740975
6615.0,6616.0,0.008275738721115512
6615.0,6715.0,0.0034307979727781625
6616.0,6617.0,0.010732795287800998
6616.0,6716.0,0.003182962349759451
6617.0,6717.0,0.00333111036292487
6619.0,6620.0,0.0073260910102120776
6619.0,6719.0,0.004105241715175786
6620.0,6720.0,0.0057512201531450145
6628.0,6629.0,0.0126453591273677
6629.0,6630.0,0.005184207450509057
6629.0,6729.0,0.003408665382521097
6630.0,6631.0,0.008211952757412563
6630.0,6730.0,0.0037814124041154035
6631.0,6632.0,0.009162061971530282
6631.0,6731.0,0.006538745188486902
6632.0,6633.0,0.00791532378364668
6633.0,6634.0,0.008578831697265981
6633.0,6733.0,0.0027095720418506687
6634.0,6635.0,0.012355446009747707
6634.0,6734.0,0.0030225255962502908
6635.0,6636.0,0.004578101189365496
6635.0,6735.0,0.007304225419571448
6636.0,6736.0,0.001954655378829273
6639.0,6640.0,0.004149551267299536
6639.0,6739.0,0.006320491639106181
6640.0,6740.0,0.006753499979268676
6643.0,6644.0,0.006258927027060382
6652.0,6653.0,0.006883894662912592
6652.0,6752.0,0.0022321548982952876
6653.0,6753.0,0.0014216365006563378
6656.0,6657.0,0.009083816978552187
6656.0,6756.0,0.0039774024098642455
6657.0,6658.0,0.00814092236175072
6657.0,6757.0,0.002602717879450792
6658.0,6659.0,0.009181523021806649
6658.0,6758.0,0.003848177880504738
6659.0,6660.0,0.006325277222385899
6659.0,6759.0,0.003533675691118945
6660.0,6661.0,0.010264295903760821
6660.0,6760.0,0.002902548979774485
6661.0,6662.0,0.00753206128028444
6661.0,6761.0,0.0024366569824248725
6662.0,6762.0,0.0028171024333524955
6664.0,6665.0,0.006068413585940318
6664.0,6764.0,0.006210921127336165
6665.0,6666.0,0.015046489080176566
6665.0,6765.0,0.003906497505442519
6666.0,6667.0,0.004243834215665695
6667.0,6668.0,0.014496526540171473
6668.0,6669.0,0.004760080142176924
6669.0,6670.0,0.006255070808559233
6669.0,6769.0,0.0018054707142467975
6670.0,6671.0,0.009702338407820971
6670.0,6770.0,0.0038686529800440045
6671.0,6672.0,0.008477823817470557
6671.0,6771.0,0.0037283556589984444
6672.0,6673.0,0.010080701004401251
6672.0,6772.0,0.005520611818445947
6673.0,6674.0,0.010364832742013759
6673.0,6773.0,0.0034058690535653502
6674.0,6675.0,0.005256425166406487
6674.0,6774.0,0.0036245991130101672
6675.0,6676.0,0.00682083694643861
6675.0,6775.0,0.002995747402570028
6676.0,6776.0,0.004298248523524434
6701.0,6702.0,0.005340346686320659
6701.0,6801.0,0.003448375027457372
6702.0,6703.0,0.00689046748559607
6702.0,6802.0,0.005184740414909922
6703.0,6704.0,0.012412706386997513
6703.0,6803.0,0.004805124686199785
6704.0,6705.0,0.006906218149607193
6704.0,6804.0,0.0021717169451830405
6705.0,6706.0,0.00853183976056629
6705.0,6805.0,0.006525748266677898
6706.0,6707.0,0.007982514313800064
6706.0,6806.0,0.0039634931878331755
6707.0,6708.0,0.009093957996937803
6707.0,6807.0,0.005695440085717809
6708.0,6709.0,0.007905413758305436
6708.0,6808.0,0.002450614463761224
6709.0,6710.0,0.012192970650754299
6709.0,6809.0,0.0031472952975501118
6710.0,6711.0,0.00477620472759582
6710.0,6810.0,0.004668002472151695
6711.0,6811.0,0.002699858203684227
6714.0,6715.0,0.007293688461959295
6714.0,6814.0,0.003931072100585093
6715.0,6716.0,0.009230762255086445
6715.0,6815.0,0.005556198659153879
6716.0,6717.0,0.00823199304664497
6716.0,6816.0,0.003106151474091612
6717.0,6718.0,0.008803578865436045
6717.0,6817.0,0.0031425830856199703
6718.0,6719.0,0.0084684014176212
6718.0,6818.0,0.004309799496498783
6719.0,6720.0,0.0044611526784079
6719.0,6819.0,0.0035677875777599555
6720.0,6721.0,0.010773310784064816
6720.0,6820.0,0.010218216647728052
6721.0,6821.0,0.0038193639326467056
6729.0,6730.0,0.004999299327904275
6730.0,6731.0,0.00839498578200238
6730.0,6830.0,0.004288132816274791
6731.0,6831.0,0.001887661582489167
6733.0,6734.0,0.00850336952036721
6733.0,6833.0,0.005122368553707225
6734.0,6735.0,0.006299722890740584
6734.0,6834.0,0.0046616501906476746
6735.0,6736.0,0.010301264868446203
6735.0,6835.0,0.0042076937554943765
6736.0,6836.0,0.0057014200774892065
6738.0,6739.0,0.011822625191135788
6738.0,6838.0,0.006313986266219059
6739.0,6740.0,0.004092296461647672
6739.0,6839.0,0.0028059032413792987
6740.0,6741.0,0.012616502152729438
6740.0,6840.0,0.003545279278135064
6752.0,6753.0,0.005711278165174302
6752.0,6852.0,0.007095550722109871
6753.0,6853.0,0.004683454855124293
6755.0,6756.0,0.0062263797250117206
6755.0,6855.0,0.0038520569180623427
6756.0,6757.0,0.009114818701981402
6756.0,6856.0,0.003313864247372733
6757.0,6758.0,0.006580803137908934
6757.0,6857.0,0.005620326546563471
6758.0,6759.0,0.00964915081082947
6758.0,6858.0,0.0039714878144141725
6759.0,6760.0,0.006189740480018059
6759.0,6859.0,0.00568123775686293
6760.0,6761.0,0.010558925593542373
6760.0,6860.0,0.004693278901790174
6761.0,6762.0,0.008024380960550295
6761.0,6861.0,0.0040731890233572455
6762.0,6763.0,0.00875471230424073
6762.0,6862.0,0.0034949885550611343
6763.0,6764.0,0.009490472381279277
6763.0,6863.0,0.005011379181425148
6764.0,6765.0,0.008927208800077772
6764.0,6864.0,0.0012423277667300834
6765.0,6865.0,0.004342549086656132
6769.0,6770.0,0.006493990311054793
6769.0,6869.0,0.00760279241463418
6770.0,6771.0,0.010095328980267958
6770.0,6870.0,0.005173443234441471
6771.0,6772.0,0.009525323209738742
6771.0,6871.0,0.004185899827993815
6772.0,6773.0,0.005256553368895352
6772.0,6872.0,0.0051944549675559
6773.0,6774.0,0.010031797416712097
6773.0,6873.0,0.0045783244293128925
6774.0,6775.0,0.007211791956240235
6774.0,6874.0,0.0031611694323462327
6775.0,6776.0,0.006592446764294933
6775.0,6875.0,0.004111366664502965
6800.0,6801.0,0.01486553865859646
6800.0,6900.0,0.0037610080776325884
6801.0,6802.0,0.004758926207661357
6801.0,6901.0,0.005266955649141669
6802.0,6803.0,0.010550943499510718
6802.0,6902.0,0.0029137106050531074
6803.0,6804.0,0.008124206031983786
6803.0,6903.0,0.00582276845666504
6804.0,6805.0,0.011247313295180413
6804.0,6904.0,0.004179041494171504
6805.0,6806.0,0.004182773702935058
6805.0,6905.0,0.0026688849094670397
6806.0,6807.0,0.010365951339366306
6806.0,6906.0,0.004310299684476431
6807.0,6808.0,0.0074829577207094515
6807.0,6907.0,0.0007811081871258893
6808.0,6809.0,0.00864628172396278
6808.0,6908.0,0.0044099625905429886
6809.0,6810.0,0.010435883584062321
6809.0,6909.0,0.00340800656396113
6810.0,6811.0,0.006530038802327484
6810.0,6910.0,0.0034483319938796676
6811.0,6911.0,0.004328047038792751
6814.0,6815.0,0.008544591652031136
6814.0,6914.0,0.004642098724718985
6815.0,6816.0,0.008959097564499603
6815.0,6915.0,0.0033335026173666937
6816.0,6817.0,0.009856142229589773
6816.0,6916.0,0.005605805930465098
6817.0,6818.0,0.006986975769958226
6817.0,6917.0,0.00457776725598621
6818.0,6819.0,0.007837071420495398
6818.0,6918.0,0.0030407905945633745
6819.0,6820.0,0.013522539674189536
6819.0,6919.0,0.004038829430662338
6820.0,6821.0,0.004782577786096313
6820.0,6920.0,0.0049210354784318365
6821.0,6822.0,0.009296937616220635
6821.0,6921.0,0.003302262486540393
6822.0,6922.0,0.004057114202241419
6825.0,6925.0,0.0026676141793798842
6830.0,6831.0,0.007283922824958722
6830.0,6930.0,0.003878159630546638
6831.0,6832.0,0.01072753887245861
6831.0,6931.0,0.004632814670373867
6832.0,6833.0,0.006545725928413849
6832.0,6932.0,0.003678535300905706
6833.0,6834.0,0.009001567802337587
6833.0,6933.0,0.004489883867095173
6834.0,6835.0,0.009196765293301015
6834.0,6934.0,0.0032889776481465015
6835.0,6836.0,0.008623489141293844
6835.0,6935.0,0.004298513074311094
6836.0,6936.0,0.002109790913810324
6838.0,6839.0,0.006899561854211989
6838.0,6938.0,0.0032182460518122733
6839.0,6840.0,0.008507848501816451
6840.0,6940.0,0.00303658335963277
6852.0,6853.0,0.005934608213681896
6852.0,6952.0,0.0021131016255719133
6853.0,6854.0,0.008054228194565723
6853.0,6953.0,0.0029168318737996693
6854.0,6855.0,0.008552075958502164
6854.0,6954.0,0.005085372326585862
6855.0,6856.0,0.008113335023893128
6855.0,6955.0,0.003986897081689066
6856.0,6857.0,0.008168005206296385
6856.0,6956.0,0.005930008166098343
6857.0,6858.0,0.01074843749807539
6857.0,6957.0,0.003848890593408719
6858.0,6859.0,0.008187430507797524
6858.0,6958.0,0.0048017918790876244
6859.0,6860.0,0.004510697778614498
6859.0,6959.0,0.0015989867197712662
6860.0,6861.0,0.012753456417769092
6860.0,6960.0,0.006236985445712035
6861.0,6862.0,0.005889557139544334
6861.0,6961.0,0.004882136443198162
6862.0,6863.0,0.009750883302039529
6862.0,6962.0,0.005485697038665093
6863.0,6864.0,0.008448336927469336
6863.0,6963.0,0.004478220844263456
6864.0,6865.0,0.007455662796153958
6864.0,6964.0,0.00393655192904038
6865.0,6866.0,0.010963264747326302
6865.0,6965.0,0.006040515197404187
6866.0,6966.0,0.0038901549699224187
6869.0,6870.0,0.006852181378209089
6870.0,6871.0,0.007889231676781827
6870.0,6970.0,0.003270432662503152
6871.0,6872.0,0.007498516958046496
6871.0,6971.0,0.005591150221555181
6872.0,6873.0,0.011034528178861457
6872.0,6972.0,0.004643387043959727
6873.0,6874.0,0.006758161552515356
6873.0,6973.0,0.006686308645284497
6874.0,6875.0,0.008925678867742315
6874.0,6974.0,0.005229712973003242
6875.0,6975.0,0.005066139013096771
6900.0,6901.0,0.011437766441047477
6900.0,7000.0,0.004499617202609571
6901.0,6902.0,0.005933582790359985
6901.0,7001.0,0.005798343443606194
6902.0,6903.0,0.00790456577428424
6902.0,7002.0,0.004081985423785972
6903.0,6904.0,0.00937980614938038
6903.0,7003.0,0.003925009356678115
6904.0,6905.0,0.010094752213404109
6904.0,7004.0,0.0034381179066445906
6905.0,6906.0,0.007829522653387676
6905.0,7005.0,0.003567204465684854
6906.0,6907.0,0.009338363002151746
6906.0,7006.0,0.003560344198248554
6907.0,6908.0,0.006478160518237942
6907.0,7007.0,0.0057148711700231
6908.0,6909.0,0.009104249281522854
6908.0,7008.0,0.004828967120416705
6909.0,6910.0,0.008339519560501099
6909.0,7009.0,0.004519194513406152
6910.0,6911.0,0.008763270328481067
6910.0,7010.0,0.004201826471903109
6911.0,6912.0,0.010531693592190734
6911.0,7011.0,0.0032855434649353868
6912.0,7012.0,0.005626277509149039
6914.0,6915.0,0.00736060003328531
6914.0,7014.0,0.004153303775308333
6915.0,6916.0,0.007716806511751716
6915.0,7015.0,0.0036871838711949345
6916.0,6917.0,0.01139927708980076
6916.0,7016.0,0.0024131770676895847
6917.0,6918.0,0.005835906709334563
6917.0,7017.0,0.0036988584522819113
6918.0,6919.0,0.007845958089353016
6918.0,7018.0,0.004184455904895776
6919.0,6920.0,0.008975095162176443
6919.0,7019.0,0.005336723448901553
6920.0,6921.0,0.007992565210874556
6920.0,7020.0,0.003220979343305681
6921.0,6922.0,0.008910724124323153
6921.0,7021.0,0.005589356503211821
6922.0,7022.0,0.004033235537382263
6925.0,7025.0,0.0032858499067945504
6929.0,6930.0,0.009681275691256187
6929.0,7029.0,0.0042145856759596674
6930.0,6931.0,0.010087430731854797
6930.0,7030.0,0.0030523120744765033
6931.0,6932.0,0.006699291094577965
6931.0,7031.0,0.0043253425898981315
6932.0,6933.0,0.006453885909280782
6932.0,7032.0,0.00397154114796988
6933.0,6934.0,0.009928539415744854
6933.0,7033.0,0.0028396007782811573
6934.0,6935.0,0.007479535077797251
6934.0,7034.0,0.003760273406282302
6935.0,6936.0,0.00983548543693537
6935.0,7035.0,0.005329731417247514
6936.0,6937.0,0.008625793661444678
6936.0,7036.0,0.005736653126172251
6937.0,6938.0,0.008245701485016459
6937.0,7037.0,0.0052065915530221645
6938.0,7038.0,0.003235489324661528
6940.0,7040.0,0.006366855595974859
6952.0,6953.0,0.007206214824023649
6953.0,6954.0,0.007939290185520927
6953.0,7053.0,0.0049645980391120805
6954.0,6955.0,0.010087138545690736
6954.0,7054.0,0.0038176131941315334
6955.0,6956.0,0.007158314311345646
6955.0,7055.0,0.003967109912769265
6956.0,6957.0,0.007524066326125424
6956.0,7056.0,0.0018141847122080128
6957.0,6958.0,0.009314876146251858
6957.0,7057.0,0.0043298438597715126
6958.0,6959.0,0.00952509538010122
6958.0,7058.0,0.004438753852155834
6959.0,6960.0,0.009797995407744222
6959.0,7059.0,0.004744670834738146
6960.0,6961.0,0.006399911452503793
6960.0,7060.0,0.0034535103590431814
6961.0,6962.0,0.010092092788419231
6961.0,7061.0,0.0034926501299175922
6962.0,6963.0,0.00704190988298522
6962.0,7062.0,0.0056140318577665264
6963.0,6964.0,0.011189484639605896
6963.0,7063.0,0.004732815201334796
6964.0,6965.0,0.009254185397427917
6964.0,7064.0,0.005522409424338958
6965.0,6966.0,0.006130190732749659
6965.0,7065.0,0.00528953755729495
6970.0,6971.0,0.0063545654808080275
6970.0,7070.0,0.0037531344673491646
6971.0,6972.0,0.012400241957726753
6971.0,7071.0,0.005556327010714642
6972.0,6973.0,0.006056465722677453
6972.0,7072.0,0.004242448486432137
6973.0,6974.0,0.008730606989776842
6973.0,7073.0,0.005301371133017815
6974.0,6975.0,0.009765835675970795
6975.0,7075.0,0.0033442387549333526
7000.0,7001.0,0.005362794055330206
7000.0,7100.0,0.005308542087058983
7001.0,7002.0,0.010561232803991783
7001.0,7101.0,0.002566510790942392
7002.0,7003.0,0.00773637043386912
7002.0,7102.0,0.004186488447374227
7003.0,7004.0,0.009799219549023585
7003.0,7103.0,0.0037219219900494266
7004.0,7005.0,0.00974638696594931
7004.0,7104.0,0.00407930958006342
7005.0,7006.0,0.008057147262521068
7005.0,7105.0,0.006578871794618574
7006.0,7007.0,0.006568795326393088
7006.0,7106.0,0.004856501489759434
7007.0,7008.0,0.010976075176494404
7007.0,7107.0,0.005357072521445217
7008.0,7009.0,0.007890409881617133
7008.0,7108.0,0.004131449043616539
7009.0,7010.0,0.006815583738017083
7009.0,7109.0,0.0034041760383400413
7010.0,7011.0,0.008436077854667918
7010.0,7110.0,0.0040970707047854465
7011.0,7012.0,0.006931857598801845
7011.0,7111.0,0.005100007142153238
7012.0,7112.0,0.001856773373354466
7014.0,7015.0,0.006037645562635385
7014.0,7114.0,0.0061499701600945846
7015.0,7016.0,0.008468405847614593
7015.0,7115.0,0.0024051944391261584
7016.0,7017.0,0.009525776320062697
7016.0,7116.0,0.0047622082965776795
7017.0,7018.0,0.008109677937508296
7017.0,7117.0,0.005657060851707365
7018.0,7019.0,0.008704563452005945
7018.0,7118.0,0.004142680149369121
7019.0,7020.0,0.006162626557727241
7019.0,7119.0,0.003277759547313554
7020.0,7021.0,0.010006299977514618
7020.0,7120.0,0.00600241255662957
7021.0,7022.0,0.00958788027042126
7021.0,7121.0,0.002647801210435913
7022.0,7023.0,0.0047207762433752
7022.0,7122.0,0.0041937746923290335
7023.0,7123.0,0.005356932831390672
7025.0,7026.0,0.0030279466640013943
7025.0,7125.0,0.004532635317338509
7026.0,7027.0,0.015801806198023058
7026.0,7126.0,0.0045765392437891
7027.0,7028.0,0.004768591414666369
7027.0,7127.0,0.004076531398136307
7028.0,7029.0,0.009227069590062458
7028.0,7128.0,0.004923451972953552
7029.0,7030.0,0.007680715201731491
7029.0,7129.0,0.004428116332028023
7030.0,7031.0,0.010263365834364192
7030.0,7130.0,0.003752817152489003
7031.0,7032.0,0.008614834713446129
7031.0,7131.0,0.005665020269166467
7032.0,7033.0,0.006988222952937232
7032.0,7132.0,0.005706972199866908
7033.0,7034.0,0.007309139224286668
7033.0,7133.0,0.003850164864003449
7034.0,7035.0,0.011435486821727976
7034.0,7134.0,0.004484022555693176
7035.0,7036.0,0.005181979900580845
7035.0,7135.0,0.0034050632842871787
7036.0,7037.0,0.012595546289859117
7036.0,7136.0,0.004401389063694802
7037.0,7038.0,0.005501790229547396
7037.0,7137.0,0.002353024135017047
7038.0,7039.0,0.00842642600216808
7038.0,7138.0,0.0033486275113922066
7039.0,7040.0,0.00847971718515233
7039.0,7139.0,0.0024828370566790845
7040.0,7140.0,0.003188258843014987
7053.0,7054.0,0.006502038234274896
7053.0,7153.0,0.004128340253662227
7054.0,7055.0,0.00963694154387663
7054.0,7154.0,0.003845325688416103
7055.0,7056.0,0.007668115346685553
7055.0,7155.0,0.004554433146948642
7056.0,7057.0,0.009586441121700023
7056.0,7156.0,0.0038186507001786423
7057.0,7058.0,0.008113366175033875
7057.0,7157.0,0.003402785476632699
7058.0,7059.0,0.008292145877271674
7058.0,7158.0,0.005307651450498278
7059.0,7060.0,0.008290212731882815
7059.0,7159.0,0.003796721153838753
7060.0,7061.0,0.008122077055171309
7060.0,7160.0,0.0035440812631747426
7061.0,7062.0,0.009539377364370244
7061.0,7161.0,0.004564825294577012
7062.0,7063.0,0.009104256607221712
7062.0,7162.0,0.002383929919272109
7063.0,7064.0,0.006990805003710763
7063.0,7163.0,0.003992282437404429
7064.0,7065.0,0.007868266836475327
7064.0,7164.0,0.003540559800372291
7065.0,7165.0,0.0027238832023439878
7070.0,7071.0,0.008665775248064262
7070.0,7170.0,0.005374854569195864
7071.0,7072.0,0.008032895782963546
7071.0,7171.0,0.0026466314307068695
7072.0,7073.0,0.009919494201827622
7072.0,7172.0,0.0034865388352910746
7073.0,7173.0,0.0023386433781096114
7075.0,7175.0,0.0032195953161826673
7100.0,7101.0,0.009427925483910658
7101.0,7102.0,0.009763447240597287
7101.0,7201.0,0.004650750753371833
7102.0,7103.0,0.007605853341348619
7102.0,7202.0,0.0036214005039484926
7103.0,7104.0,0.00985299988835092
7103.0,7203.0,0.003799840129530455
7104.0,7105.0,0.007067729469216394
7104.0,7204.0,0.0043920848637043815
7105.0,7106.0,0.008203662685651003
7105.0,7205.0,0.0029578842607470607
7106.0,7107.0,0.009433809811531942
7106.0,7206.0,0.004315602412177164
7107.0,7108.0,0.009239295611681474
7107.0,7207.0,0.0023802797839724533
7108.0,7109.0,0.007474430038458794
7108.0,7208.0,0.004054585326512981
7109.0,7110.0,0.008540472987487408
7109.0,7209.0,0.0035162240443437232
7110.0,7111.0,0.009073418227991133
7110.0,7210.0,0.0036500745814289875
7111.0,7112.0,0.006399574651495018
7111.0,7211.0,0.002188415828861011
7114.0,7115.0,0.009882710200143967
7114.0,7214.0,0.0025908326171402932
7115.0,7116.0,0.008871295229564187
7115.0,7215.0,0.005572689535583544
7116.0,7117.0,0.007380900259457283
7116.0,7216.0,0.0041352862488608436
7117.0,7118.0,0.008748157063628262
7117.0,7217.0,0.0030991485572636284
7118.0,7119.0,0.009061475899644615
7118.0,7218.0,0.0021057840463820816
7119.0,7120.0,0.00797595640159481
7119.0,7219.0,0.0027258491300847817
7120.0,7121.0,0.009929208625563528
7120.0,7220.0,0.003447397516969128
7121.0,7122.0,0.00819088717173509
7121.0,7221.0,0.004294913974690871
7122.0,7123.0,0.006982720015151742
7122.0,7222.0,0.0055151261535909685
7123.0,7124.0,0.009059646020122183
7123.0,7223.0,0.001474377200722487
7124.0,7125.0,0.007243347364308224
7125.0,7126.0,0.008052535171599907
7125.0,7225.0,0.003806565729106715
7126.0,7127.0,0.013460542560018066
7126.0,7226.0,0.004541192832285576
7127.0,7128.0,0.006072269385491355
7127.0,7227.0,0.004874074932743717
7128.0,7129.0,0.005218873497230129
7129.0,7130.0,0.009796020196994538
7130.0,7131.0,0.0067947534716089365
7131.0,7132.0,0.009567128765726771
7131.0,7231.0,0.008214179299844498
7132.0,7133.0,0.010622790129255268
7132.0,7232.0,0.003827939483588607
7133.0,7134.0,0.008004804199967666
7133.0,7233.0,0.006739120786130944
7134.0,7135.0,0.008216501408760148
7135.0,7136.0,0.007067682517625167
7135.0,7235.0,0.005575006778470158
7136.0,7137.0,0.011218846162156347
7136.0,7236.0,0.006405967212691257
7137.0,7138.0,0.009312131828962131
7137.0,7237.0,0.006646217968898322
7138.0,7139.0,0.007054862063143354
7138.0,7238.0,0.0051033864884013295
7139.0,7140.0,0.004790419916867189
7139.0,7239.0,0.00473360066334406
7153.0,7154.0,0.0064285698378419714
7153.0,7253.0,0.0028439455075637936
7154.0,7155.0,0.009437142212553193
7154.0,7254.0,0.003033216208908992
7155.0,7156.0,0.0089734770992087
7155.0,7255.0,0.003526827889193854
7156.0,7157.0,0.008477543349933867
7156.0,7256.0,0.003338632008772593
7157.0,7158.0,0.010697579909966504
7157.0,7257.0,0.005685423700130673
7158.0,7159.0,0.005360667422070437
7158.0,7258.0,0.0024141899055387583
7159.0,7160.0,0.008885960140582695
7159.0,7259.0,0.006147801566409642
7160.0,7161.0,0.006299219691352621
7160.0,7260.0,0.0028471456478379943
7161.0,7162.0,0.011425217680634002
7161.0,7261.0,0.004455589411067813
7162.0,7163.0,0.006954825033748895
7162.0,7262.0,0.0034496398319234746
7163.0,7164.0,0.010207204829922321
7163.0,7263.0,0.00327410912615661
7164.0,7165.0,0.007681977498668205
7170.0,7171.0,0.00970483226852413
7170.0,7270.0,0.0037511551994002285
7171.0,7172.0,0.00815384300191182
7171.0,7271.0,0.0038341505578196643
7172.0,7173.0,0.008047421814480905
7172.0,7272.0,0.0033042766137193363
7173.0,7273.0,0.00552460174944489
7175.0,7176.0,0.004479080517249344
7175.0,7275.0,0.005444044368847928
7201.0,7202.0,0.008881826709644101
7201.0,7301.0,0.004940825032319275
7202.0,7203.0,0.007821619756150843
7202.0,7302.0,0.004730245385814025
7203.0,7204.0,0.007634586402692446
7203.0,7303.0,0.004288754155929473
7204.0,7205.0,0.00929539544612028
7204.0,7304.0,0.004630575536582144
7205.0,7206.0,0.010007072056303109
7205.0,7305.0,0.003500209692299066
7206.0,7207.0,0.007280216233738459
7206.0,7306.0,0.0038587037784719933
7207.0,7208.0,0.010341357737747602
7207.0,7307.0,0.004540567880784537
7208.0,7209.0,0.006659272110376962
7208.0,7308.0,0.0031991407752636264
7209.0,7210.0,0.008075045241363947
7209.0,7309.0,0.003932906309587534
7210.0,7211.0,0.009319497435482434
7210.0,7310.0,0.004241267127874038
7211.0,7311.0,0.004720844590745988
7213.0,7214.0,0.011929718183183391
7213.0,7313.0,0.00543276447952561
7214.0,7215.0,0.006278303883204377
7214.0,7314.0,0.005492858186771237
7215.0,7216.0,0.009227978199476088
7215.0,7315.0,0.004547824985640846
7216.0,7217.0,0.009994253309778775
7216.0,7316.0,0.0017350645405894212
7217.0,7218.0,0.008595536748806766
7217.0,7317.0,0.0033179483208728043
7218.0,7219.0,0.006975520715330489
7218.0,7318.0,0.005079795712427838
7219.0,7220.0,0.008284039818832018
7219.0,7319.0,0.005103173140310342
7220.0,7221.0,0.011205240671218681
7220.0,7320.0,0.0048063331241169835
7221.0,7222.0,0.006194956206465983
7221.0,7321.0,0.005412021738683682
7222.0,7223.0,0.008174123251459378
7222.0,7322.0,0.0011787856675380686
7223.0,7323.0,0.004156295381708584
7225.0,7226.0,0.012314825955729494
7226.0,7227.0,0.0068655374982587005
7226.0,7326.0,0.006543996981204348
7227.0,7327.0,0.0046761321891122185
7231.0,7232.0,0.0070077330842448805
7231.0,7331.0,0.0005699374088397694
7232.0,7233.0,0.003983399835564736
7232.0,7332.0,0.005137449571527942
7233.0,7333.0,0.006618116902115303
7235.0,7236.0,0.012880083490417731
7235.0,7335.0,0.0030037977112298176
7236.0,7237.0,0.002108374580091882
7236.0,7336.0,0.004321902271000518
7237.0,7238.0,0.012159990316617264
7238.0,7239.0,0.008950785773326076
7238.0,7338.0,0.005057010766252514
7239.0,7339.0,0.0037333275305021178
7253.0,7254.0,0.008567455151907303
7254.0,7255.0,0.006735229157951888
7255.0,7256.0,0.00793401370303089
7255.0,7355.0,0.003718238121744498
7256.0,7257.0,0.009644603216823412
7256.0,7356.0,0.005626147644705556
7257.0,7258.0,0.010177681371513434
7257.0,7357.0,0.0018990005792507295
7258.0,7259.0,0.009917360205720191
7258.0,7358.0,0.006002654793507226
7259.0,7260.0,0.0068314131905558954
7259.0,7359.0,0.0031033556579891227
7260.0,7261.0,0.0066422125364994115
7260.0,7360.0,0.0036974075269059514
7261.0,7262.0,0.01110086320426689
7261.0,7361.0,0.003652907533731261
7262.0,7263.0,0.00859025383384722
7262.0,7362.0,0.0047700966541562705
7263.0,7363.0,0.004535521678925814
7269.0,7270.0,0.0031744624647272713
7270.0,7271.0,0.011418104767866864
7270.0,7370.0,0.004706029996720801
7271.0,7272.0,0.007557040236767066
7271.0,7371.0,0.004377073689125801
7272.0,7273.0,0.008982305408412003
7272.0,7372.0,0.004592052727265916
7273.0,7274.0,0.010065670405887281
7273.0,7373.0,0.004384616052747663
7274.0,7275.0,0.007579282607870154
7274.0,7374.0,0.002848643557907852
7275.0,7375.0,0.003275409986551671
7300.0,7301.0,0.00832842194476116
7301.0,7302.0,0.010243491006971733
7301.0,7401.0,0.0020153069691747206
7302.0,7303.0,0.009147467619512326
7302.0,7402.0,0.004617146743392832
7303.0,7304.0,0.007879244535486317
7303.0,7403.0,0.0013755338527279546
7304.0,7305.0,0.010333171445892336
7304.0,7404.0,0.002993269052392711
7305.0,7306.0,0.007792838584224854
7305.0,7405.0,0.005069097814209241
7306.0,7307.0,0.0073029301516633425
7306.0,7406.0,0.002871040426397612
7307.0,7308.0,0.008690510468329202
7307.0,7407.0,0.0026301740854928683
7308.0,7309.0,0.010111140015837903
7309.0,7310.0,0.00660103905760051
7309.0,7409.0,0.006177288282895072
7310.0,7311.0,0.008078072322658836
7310.0,7410.0,0.003277613094921276
7311.0,7312.0,0.012969691100794914
7311.0,7411.0,0.004372989184756814
7312.0,7313.0,0.004568403420222508
7312.0,7412.0,0.006905264375827296
7313.0,7314.0,0.008392293321862884
7313.0,7413.0,0.0017614279945566184
7314.0,7315.0,0.007964943940165602
7314.0,7414.0,0.004858698275261245
7315.0,7316.0,0.010459147822360815
7315.0,7415.0,0.0031757751888302826
7316.0,7317.0,0.011468683512932244
7316.0,7416.0,0.007654965918278366
7317.0,7318.0,0.005134545481349871
7318.0,7319.0,0.008406570345269076
7318.0,7418.0,0.005853610950518527
7319.0,7320.0,0.007761653195034008
7319.0,7419.0,0.0030293134948391398
7320.0,7321.0,0.008368061979936402
7320.0,7420.0,0.0036474988156274743
7321.0,7322.0,0.009204298048738489
7321.0,7421.0,0.003519049998224437
7322.0,7323.0,0.005434068796031195
7322.0,7422.0,0.0042132262519388826
7323.0,7324.0,0.012415431176154602
7326.0,7327.0,0.010116178765725183
7326.0,7426.0,0.001121288722856686
7327.0,7328.0,0.00599316833151976
7327.0,7427.0,0.005669639658747232
7328.0,7329.0,0.008100525978602207
7329.0,7429.0,0.004734466933036812
7331.0,7332.0,0.005929794206375973
7331.0,7431.0,0.006314912335894957
7332.0,7333.0,0.010912528455860859
7332.0,7432.0,0.002945808279573822
7333.0,7334.0,0.004886420449565746
7333.0,7433.0,0.00436573774407163
7334.0,7335.0,0.010938225761068853
7334.0,7434.0,0.0038791530119437687
7335.0,7336.0,0.007219682808125714
7335.0,7435.0,0.005315112952706332
7336.0,7436.0,0.0035214107925658307
7338.0,7339.0,0.0051779814619161155
7338.0,7438.0,0.004056844267410093
7339.0,7439.0,0.005865376813982612
7355.0,7356.0,0.00863689087866586
7355.0,7455.0,0.0034143391805726113
7356.0,7357.0,0.00698328348916494
7356.0,7456.0,0.003546544191184128
7357.0,7358.0,0.00948171058669484
7357.0,7457.0,0.0036739301803369933
7358.0,7359.0,0.00819382732061541
7358.0,7458.0,0.004206491598708332
7359.0,7360.0,0.009899352044457571
7359.0,7459.0,0.004711045642956638
7360.0,7361.0,0.006546823065426071
7360.0,7460.0,0.004050554539813372
7361.0,7362.0,0.009455259760567618
7361.0,7461.0,0.002509921857350965
7362.0,7363.0,0.0065994170727416155
7362.0,7462.0,0.0025200353350704812
7370.0,7371.0,0.01133310323786324
7370.0,7470.0,0.00469729343771522
7371.0,7372.0,0.00606123259823102
7371.0,7471.0,0.00520213509436528
7372.0,7373.0,0.00888941764403608
7372.0,7472.0,0.00375584060365107
7373.0,7374.0,0.008731021654417769
7373.0,7473.0,0.0023526913482215463
7374.0,7375.0,0.008638890521938513
7374.0,7474.0,0.003243938737088357
7375.0,7376.0,0.008347034046900315
7375.0,7475.0,0.003761257927874807
7376.0,7476.0,0.006286408031619259
7401.0,7402.0,0.011752481774497607
7402.0,7403.0,0.0075961391522189675
7402.0,7502.0,0.002071646712159883
7403.0,7404.0,0.008460491761724373
7403.0,7503.0,0.006221509029968928
7404.0,7405.0,0.008658971932040217
7404.0,7504.0,0.003985158516293025
7405.0,7406.0,0.009160854776714952
7405.0,7505.0,0.003560603816764769
7406.0,7407.0,0.0070850762091805
7406.0,7506.0,0.0039288911260069405
7407.0,7507.0,0.002964068423636083
7409.0,7410.0,0.007443670057839302
7409.0,7509.0,0.003256810238560705
7410.0,7411.0,0.009873655146910746
7411.0,7412.0,0.0048994920430557864
7411.0,7511.0,0.003603964719580943
7412.0,7413.0,0.011694562107666548
7412.0,7512.0,0.0018358774605078867
7413.0,7414.0,0.0066132721016123885
7413.0,7513.0,0.004792220147281996
7414.0,7415.0,0.010237310332796113
7414.0,7514.0,0.0028446922821258112
7415.0,7416.0,0.011707068789838217
7415.0,7515.0,0.001509823079040731
7416.0,7516.0,0.003472508145414504
7418.0,7419.0,0.007627346358992436
7418.0,7518.0,0.0023496775310653324
7419.0,7420.0,0.009463453370723695
7419.0,7519.0,0.005044238095093313
7420.0,7421.0,0.00677659069444518
7420.0,7520.0,0.0034672323328561187
7421.0,7422.0,0.008719343051520318
7421.0,7521.0,0.0027675350259752673
7422.0,7522.0,0.0041140367353759465
7426.0,7427.0,0.008007399497964942
7429.0,7430.0,0.0020523037007142367
7429.0,7529.0,0.004555792560030003
7430.0,7431.0,0.010990960804230534
7430.0,7530.0,0.0038080363246751707
7431.0,7432.0,0.011568063129152683
7431.0,7531.0,0.0042399094341734
7432.0,7433.0,0.006465452303581038
7432.0,7532.0,0.007847131815509634
7433.0,7434.0,0.0101628709039442
7433.0,7533.0,0.0032188009335804434
7434.0,7435.0,0.00538887173811699
7434.0,7534.0,0.0029455613319039797
7435.0,7436.0,0.009079127535183477
7435.0,7535.0,0.0029026287757819456
7436.0,7437.0,0.009297642584002822
7436.0,7536.0,0.002780195181994351
7437.0,7438.0,0.007460179434846317
7437.0,7537.0,0.002646361521036361
7438.0,7439.0,0.009063740369187343
7439.0,7539.0,0.0015178558100138848
7453.0,7454.0,0.00769942320241704
7453.0,7553.0,0.003940535476302065
7454.0,7455.0,0.011574212863084634
7454.0,7554.0,0.0025280113152388746
7455.0,7456.0,0.005528753440868405
7455.0,7555.0,0.005142649123749141
7456.0,7457.0,0.010816977826555985
7456.0,7556.0,0.004737175616336087
7457.0,7458.0,0.006363253659091806
7457.0,7557.0,0.005803784314566064
7458.0,7459.0,0.010409779310822757
7458.0,7558.0,0.0020787363204558397
7459.0,7460.0,0.009018751011643837
7459.0,7559.0,0.002569892879089151
7460.0,7461.0,0.0063278582553589644
7460.0,7560.0,0.004978093307680432
7461.0,7462.0,0.009139695343941507
7461.0,7561.0,0.005738980994045244
7470.0,7471.0,0.0065011201019466785
7470.0,7570.0,0.005489701927243272
7471.0,7472.0,0.008730275402879415
7471.0,7571.0,0.00436831568456296
7472.0,7473.0,0.00795841018105658
7472.0,7572.0,0.00316637434299756
7473.0,7474.0,0.008970504834180357
7473.0,7573.0,0.004936108388194386
7474.0,7475.0,0.006875383683833569
7474.0,7574.0,0.006432069380847834
7475.0,7476.0,0.010258546088014932
7475.0,7575.0,0.0037649203258518535
7476.0,7576.0,0.0018435781784346486
7502.0,7503.0,0.0072519194459190655
7502.0,7602.0,0.003624920932930865
7503.0,7504.0,0.00845627539877963
7503.0,7603.0,0.002985438999547536
7504.0,7505.0,0.006581529234151506
7504.0,7604.0,0.005487799636467721
7505.0,7506.0,0.01085693675857981
7505.0,7605.0,0.005839935261629132
7506.0,7507.0,0.0066955322484559526
7506.0,7606.0,0.004844526421636048
7507.0,7508.0,0.009869262810351422
7507.0,7607.0,0.005791726541367458
7508.0,7509.0,0.008681219679294697
7508.0,7608.0,0.0039731805748000025
7509.0,7609.0,0.0021924048257583864
7511.0,7512.0,0.003940262713322593
7511.0,7611.0,0.00428831623484335
7512.0,7513.0,0.012876663261118486
7512.0,7612.0,0.0048901934777678315
7513.0,7514.0,0.006798960930162228
7513.0,7613.0,0.006358080523245946
7514.0,7515.0,0.008535636080579603
7515.0,7516.0,0.008919478675346839
7515.0,7615.0,0.004186344062542213
7516.0,7517.0,0.010334391231219443
7516.0,7616.0,0.003265556791727996
7517.0,7518.0,0.006804828418858492
7517.0,7617.0,0.007848153072531394
7518.0,7519.0,0.008300295489918133
7518.0,7618.0,0.005472729177478391
7519.0,7520.0,0.009670059514286003
7519.0,7619.0,0.004202660585867418
7520.0,7521.0,0.0073260775869611
7520.0,7620.0,0.004363899322850229
7521.0,7522.0,0.0062430001801968334
7521.0,7621.0,0.005504199932776859
7522.0,7622.0,0.005814554125639497
7528.0,7529.0,0.0154511485103845
7529.0,7530.0,0.00605892020908161
7529.0,7629.0,0.003650788261457117
7530.0,7531.0,0.008040495586710663
7530.0,7630.0,0.006857367104069634
7531.0,7532.0,0.00784507848399796
7531.0,7631.0,0.002564873137211854
7532.0,7533.0,0.00925322748720438
7532.0,7632.0,0.003434158070037165
7533.0,7534.0,0.009659908907433427
7533.0,7633.0,0.0022819658213902236
7534.0,7535.0,0.007203047649436912
7535.0,7536.0,0.007612272781511922
7535.0,7635.0,0.003044048777532973
7536.0,7537.0,0.010233744085616827
7553.0,7554.0,0.010168862226416936
7553.0,7653.0,0.003168486005964787
7554.0,7555.0,0.007329468898907345
7554.0,7654.0,0.004267068511283781
7555.0,7556.0,0.007701705443602536
7555.0,7655.0,0.004945712535117404
7556.0,7557.0,0.010551858909687116
7556.0,7656.0,0.005065704794006621
7557.0,7558.0,0.008007119162966215
7557.0,7657.0,0.0031283969201478566
7558.0,7559.0,0.009016947648746151
7558.0,7658.0,0.00698789920719839
7559.0,7560.0,0.009162531917542452
7559.0,7659.0,0.005205927046163224
7560.0,7561.0,0.006338678648576406
7560.0,7660.0,0.003819584439441559
7561.0,7661.0,0.00393950320218395
7565.0,7566.0,0.007829109955172772
7566.0,7666.0,0.0013375522756161077
7570.0,7571.0,0.006748739094826607
7570.0,7670.0,0.0021517398076929214
7571.0,7572.0,0.009965908898336063
7571.0,7671.0,0.0019846013453591093
7572.0,7573.0,0.007885970152740625
7572.0,7672.0,0.004570874210692998
7573.0,7574.0,0.010658985897364684
7573.0,7673.0,0.002616239325827218
7574.0,7575.0,0.0062892025265508505
7574.0,7674.0,0.0035545938234889203
7575.0,7576.0,0.010530633808078026
7575.0,7675.0,0.00450487254425831
7576.0,7676.0,0.0058667339619253335
7602.0,7603.0,0.004948513847607757
7603.0,7604.0,0.010234796524114617
7603.0,7703.0,0.004444332675441183
7604.0,7605.0,0.007733614811329224
7604.0,7704.0,0.002206268165927981
7605.0,7606.0,0.006998282487156535
7605.0,7705.0,0.003571060483942681
7606.0,7607.0,0.009652748334536648
7606.0,7706.0,0.005146189138575892
7607.0,7608.0,0.00860440516538436
7607.0,7707.0,0.0036203753672783743
7608.0,7609.0,0.009195327717924591
7608.0,7708.0,0.005249685042936236
7609.0,7610.0,0.007962389104404421
7609.0,7709.0,0.004405807027094461
7610.0,7611.0,0.010527779664295613
7610.0,7710.0,0.0021694943950148295
7611.0,7612.0,0.0068624179040603014
7611.0,7711.0,0.0052023057195795365
7612.0,7613.0,0.004391138719056745
7612.0,7712.0,0.004387605545168021
7613.0,7713.0,0.005730462391470343
7615.0,7616.0,0.008233235126608602
7615.0,7715.0,0.004628338794858047
7616.0,7617.0,0.0045344891630681545
7616.0,7716.0,0.0047786494169386046
7617.0,7618.0,0.011261762375841306
7617.0,7717.0,0.005894213613364115
7618.0,7619.0,0.00961287043551007
7618.0,7718.0,0.0030796766713436473
7619.0,7620.0,0.007446801475139661
7619.0,7719.0,0.0017208097744926603
7620.0,7621.0,0.010925795909214178
7620.0,7720.0,0.003157290616964479
7621.0,7622.0,0.007359159161891634
7621.0,7721.0,0.0036780833500595616
7622.0,7623.0,0.008546873876456737
7622.0,7722.0,0.0030054259015969494
7623.0,7624.0,0.010970340574922905
7623.0,7723.0,0.003241883824259677
7629.0,7630.0,0.009240531167082065
7630.0,7631.0,0.004949093800897994
7630.0,7730.0,0.0014677992369458515
7631.0,7632.0,0.005751846649552019
7631.0,7731.0,0.003791967154395722
7632.0,7633.0,0.011840835286833003
7632.0,7732.0,0.007232397987526427
7633.0,7733.0,0.004838104918249478
7653.0,7654.0,0.007654059349778404
7654.0,7655.0,0.00893447483068697
7654.0,7754.0,0.0034270373969354988
7655.0,7656.0,0.007761724285232813
7655.0,7755.0,0.0036569117093556694
7656.0,7657.0,0.009834238608043793
7656.0,7756.0,0.0044115385128095244
7657.0,7658.0,0.0044362029856583295
7657.0,7757.0,0.0024783755909868646
7658.0,7659.0,0.014902390496157204
7659.0,7660.0,0.0048348685566467885
7659.0,7759.0,0.002119807462957029
7660.0,7661.0,0.010251906429540637
7660.0,7760.0,0.005188127895495867
7661.0,7761.0,0.0025356381642499034
7666.0,7766.0,0.004667423533386854
7669.0,7670.0,0.012899301201616756
7669.0,7769.0,0.005742431614743605
7670.0,7671.0,0.007187506043824791
7670.0,7770.0,0.004823202534622856
7671.0,7672.0,0.009941670040798082
7671.0,7771.0,0.00329831007032723
7672.0,7673.0,0.007696009753756792
7672.0,7772.0,0.003934886307126419
7673.0,7674.0,0.010169730455626129
7673.0,7773.0,0.00516930170622546
7674.0,7675.0,0.006385813248915155
7674.0,7774.0,0.0029004208694682738
7675.0,7676.0,0.010093447003871235
7675.0,7775.0,0.0030812033623217913
7676.0,7776.0,0.004003245545803844
7703.0,7704.0,0.00843283851261981
7703.0,7803.0,0.0047010170910138935
7704.0,7705.0,0.0044910431138085365
7704.0,7804.0,0.00443593531287443
7705.0,7706.0,0.013549843739318964
7705.0,7805.0,0.005887473334114949
7706.0,7707.0,0.006514778843519008
7706.0,7806.0,0.0048398996859421025
7707.0,7708.0,0.009311518612994524
7707.0,7807.0,0.003925730475977548
7708.0,7709.0,0.007953950505871546
7708.0,7808.0,0.0013456992866073287
7709.0,7710.0,0.008430000488729534
7709.0,7809.0,0.004230853985897588
7710.0,7711.0,0.007091958531329348
7710.0,7810.0,0.006845505776055988
7711.0,7712.0,0.009106962692908465
7711.0,7811.0,0.005080455721685341
7712.0,7713.0,0.008513647630128051
7712.0,7812.0,0.0033765764910612815
7713.0,7714.0,0.008442019645798151
7714.0,7715.0,0.01196929899367017
7714.0,7814.0,0.00015768582688973091
7715.0,7716.0,0.006050212302063831
7715.0,7815.0,0.006529219097257834
7716.0,7717.0,0.008270013596113103
7716.0,7816.0,0.0045110534335135455
7717.0,7718.0,0.010505892467094366
7717.0,7817.0,0.004014661685620762
7718.0,7719.0,0.006842290488568421
7718.0,7818.0,0.005373257457074127
7719.0,7720.0,0.008853871973885163
7719.0,7819.0,0.004150620046450085
7720.0,7721.0,0.007336068632450041
7720.0,7820.0,0.003614052065203888
7721.0,7722.0,0.010378993797563848
7721.0,7821.0,0.00537559989768715
7722.0,7723.0,0.00994381473380077
7722.0,7822.0,0.004796700104238316
7723.0,7823.0,0.0026611776434506177
7730.0,7731.0,0.004966638787951852
7731.0,7732.0,0.01073136232031729
7731.0,7831.0,0.006310083291052151
7732.0,7733.0,0.011637890437701793
7732.0,7832.0,0.0034495200318231047
7754.0,7755.0,0.007895541790777295
7755.0,7756.0,0.013483210808269577
7756.0,7757.0,0.0056591957767862
7756.0,7856.0,0.0054571424775348
7757.0,7857.0,0.003884205581583158
7759.0,7760.0,0.0022048888634122617
7759.0,7859.0,0.00433223142156591
7760.0,7761.0,0.013898698946309778
7761.0,7861.0,0.006189319009392207
7763.0,7863.0,0.005427577217319559
7765.0,7766.0,0.0027674172110469433
7765.0,7865.0,0.005547492063986474
7766.0,7767.0,0.008039335229351189
7766.0,7866.0,0.0038801851115567716
7769.0,7770.0,0.009162924795609597
7769.0,7869.0,0.002124228579980468
7770.0,7771.0,0.008886275378361893
7770.0,7870.0,0.004358852125273258
7771.0,7772.0,0.00858373359384177
7771.0,7871.0,0.0047480354095122195
7772.0,7773.0,0.008187790349659517
7772.0,7872.0,0.00409618249837736
7773.0,7774.0,0.008160431775942546
7773.0,7873.0,0.0036843214911347357
7774.0,7775.0,0.008897314631391668
7775.0,7776.0,0.008717521200443192
7775.0,7875.0,0.0035805322467460632
7776.0,7777.0,0.007473709901371448
7776.0,7876.0,0.004225539842432908
7803.0,7804.0,0.007994862601068565
7803.0,7903.0,0.004903550290349565
7804.0,7805.0,0.009244833284055311
7804.0,7904.0,0.0029116439514490357
7805.0,7806.0,0.006500899409322372
7805.0,7905.0,0.005759559736644206
7806.0,7807.0,0.009336303906795396
7806.0,7906.0,0.005237794811750118
7807.0,7808.0,0.010050269267029321
7807.0,7907.0,0.0039568957087545995
7808.0,7809.0,0.006220656454917531
7808.0,7908.0,0.005032885519258172
7809.0,7810.0,0.0063409008334667566
7809.0,7909.0,0.002477447626084427
7810.0,7811.0,0.010338638870766375
7810.0,7910.0,0.004438775506826488
7811.0,7812.0,0.009122596979481203
7811.0,7911.0,0.0010339461591381102
7812.0,7912.0,0.002944679880734924
7814.0,7815.0,0.00811390470982325
7815.0,7816.0,0.010101747274608873
7815.0,7915.0,0.0035806400377617962
7816.0,7817.0,0.007343838944993816
7816.0,7916.0,0.003121221531704019
7817.0,7818.0,0.00998327447382964
7817.0,7917.0,0.003302876034604129
7818.0,7819.0,0.007791064895118713
7818.0,7918.0,0.0026259161448935965
7819.0,7820.0,0.009859832873337263
7819.0,7919.0,0.003624524588137302
7820.0,7821.0,0.009442408921990199
7820.0,7920.0,0.0056764340117742415
7821.0,7822.0,0.0075747639237062825
7821.0,7921.0,0.004875947564324376
7822.0,7823.0,0.008628142875501479
7822.0,7922.0,0.002969003834625753
7831.0,7832.0,0.010203893907726453
7832.0,7932.0,0.005801464237590293
7856.0,7857.0,0.008618861898194883
7857.0,7957.0,0.004336683211854892
7861.0,7862.0,0.011387132220180929
7861.0,7961.0,0.004591969852903935
7862.0,7863.0,0.005130132327734551
7862.0,7962.0,0.00610924847505619
7863.0,7864.0,0.010872035165962156
7863.0,7963.0,0.003350552385801251
7864.0,7865.0,0.01212012396059139
7864.0,7964.0,0.0020955953998810437
7865.0,7866.0,0.006369980860247346
7865.0,7965.0,0.0034586592040834266
7866.0,7966.0,0.005463976743177484
7869.0,7870.0,0.009598410503827745
7869.0,7969.0,0.0037276204273027982
7870.0,7871.0,0.007153524536908374
7870.0,7970.0,0.0032378284404799952
7871.0,7872.0,0.008739496705186832
7871.0,7971.0,0.003489409917162207
7872.0,7873.0,0.005986389716679422
7872.0,7972.0,0.002327143020957551
7875.0,7876.0,0.009007571517905856
7875.0,7975.0,0.004537968675519133
7876.0,7976.0,0.002129541643172783
7903.0,7904.0,0.00686250783313985
7903.0,8003.0,0.0002808530042550019
7904.0,7905.0,0.008304274020651195
7904.0,8004.0,0.004071973488371923
7905.0,7906.0,0.012457237521222249
7905.0,8005.0,0.003865371140008149
7906.0,7907.0,0.006859284685732476
7906.0,8006.0,0.005810434589600971
7907.0,7908.0,0.006804288231702804
7907.0,8007.0,0.004068711694134339
7908.0,7909.0,0.008456481031723742
7908.0,8008.0,0.004550463573087246
7909.0,7910.0,0.008603133998719491
7909.0,8009.0,0.005076205606551919
7910.0,7911.0,0.0076581583269100875
7910.0,8010.0,0.0028305182034396694
7911.0,7912.0,0.009310770486387461
7911.0,8011.0,0.0051545146590146525
7912.0,8012.0,0.004684308680052597
7915.0,7916.0,0.009533831274458974
7915.0,8015.0,0.004088091785907173
7916.0,7917.0,0.009398192244256184
7916.0,8016.0,0.004970363135629701
7917.0,7918.0,0.00690540585918677
7917.0,8017.0,0.005180271893440363
7918.0,7919.0,0.008667160525217606
7918.0,8018.0,0.004695834146345287
7919.0,7920.0,0.008476856663287208
7919.0,8019.0,0.005129824802077185
7920.0,7921.0,0.008249722289264625
7920.0,8020.0,0.004451534703895725
7921.0,7922.0,0.009323184117037345
7921.0,8021.0,0.002876818398856083
7922.0,8022.0,0.0033336817484554537
7960.0,7961.0,0.01151687325969126
7960.0,8060.0,0.0024209989508401164
7961.0,7962.0,0.006151402002796214
7961.0,8061.0,0.003369642332653513
7962.0,7963.0,0.010633980892407701
7962.0,8062.0,0.00352956932499919
7963.0,7964.0,0.007939247678463459
7963.0,8063.0,0.0028049435947988485
7964.0,7965.0,0.010348491938931172
7964.0,8064.0,0.005130810822862098
7965.0,7966.0,0.00679419679726332
7965.0,8065.0,0.004177613812931107
7966.0,7967.0,0.0073820229273477145
7966.0,8066.0,0.0038992725501040366
7967.0,7968.0,0.008558380886603842
7967.0,8067.0,0.004561166241218936
7968.0,7969.0,0.010838129185425698
7969.0,7970.0,0.007177991306759302
7969.0,8069.0,0.002480024066411532
7970.0,7971.0,0.008637903844106306
7970.0,8070.0,0.003837229927951541
7971.0,7972.0,0.00727113214637508
7971.0,8071.0,0.004707591249249161
7975.0,7976.0,0.008417571234030304
7975.0,8075.0,0.0035672126737858185
7976.0,7977.0,0.0072880666441768206
7976.0,8076.0,0.0043317406074241645
8003.0,8004.0,0.006767570135592891
8003.0,8103.0,0.005999584993981795
8004.0,8005.0,0.007652041594890345
8004.0,8104.0,0.004122289628345263
8005.0,8006.0,0.011975486667764977
8005.0,8105.0,0.0034486000652433706
8006.0,8007.0,0.005617504023146795
8006.0,8106.0,0.0028298234238165213
8007.0,8008.0,0.010385265975410455
8007.0,8107.0,0.003206297007448896
8008.0,8009.0,0.007820837605400185
8008.0,8108.0,0.0037473877047881645
8009.0,8010.0,0.0077297810124121085
8009.0,8109.0,0.0037271276460581074
8010.0,8011.0,0.007621545332155996
8010.0,8110.0,0.004984425540622641
8011.0,8012.0,0.00907864790428495
8011.0,8111.0,0.004042136331200489
8012.0,8013.0,0.00808392392343736
8012.0,8112.0,0.005626867366483304
8013.0,8014.0,0.009041881730038273
8013.0,8113.0,0.0043563815546870865
8014.0,8015.0,0.009480601268387071
8014.0,8114.0,0.003560755911321976
8015.0,8016.0,0.0070040626624726385
8015.0,8115.0,0.0056736068333986004
8016.0,8017.0,0.009732287838435771
8016.0,8116.0,0.0018686305680884396
8017.0,8018.0,0.008213151748265299
8017.0,8117.0,0.004502453558896781
8018.0,8019.0,0.007686690192795101
8018.0,8118.0,0.0024441762886528544
8019.0,8020.0,0.009002028796331014
8019.0,8119.0,0.0034884640760664597
8020.0,8021.0,0.01112444855306661
8020.0,8120.0,0.0014909893158590144
8021.0,8022.0,0.005741154178394996
8021.0,8121.0,0.006595244108443126
8022.0,8122.0,0.004456797824672858
8059.0,8060.0,0.004389352522868628
8059.0,8159.0,0.0031294218715199867
8060.0,8061.0,0.009093663258004288
8060.0,8160.0,0.005417808406541526
8061.0,8062.0,0.00949031852415674
8061.0,8161.0,0.004643730277488873
8062.0,8063.0,0.007168074160474341
8062.0,8162.0,0.003852958609946332
8063.0,8064.0,0.00756769171743143
8063.0,8163.0,0.0051957680490958835
8064.0,8065.0,0.011180491599209665
8064.0,8164.0,0.00298085936098529
8065.0,8066.0,0.007263245278113834
8065.0,8165.0,0.004948144808919492
8066.0,8067.0,0.009131325110846612
8066.0,8166.0,0.003061444797803226
8069.0,8070.0,0.002948532117861859
8070.0,8071.0,0.01135265394390281
8075.0,8076.0,0.009013903221685248
8075.0,8175.0,0.003700316609424564
8076.0,8176.0,0.004456687735302727
8103.0,8104.0,0.005396412854851935
8104.0,8105.0,0.007852675295725548
8104.0,8204.0,0.004142418445788293
8105.0,8106.0,0.008213397358579818
8105.0,8205.0,0.004527456505592602
8106.0,8107.0,0.00820245280510273
8106.0,8206.0,0.0046032538459243825
8107.0,8108.0,0.0077280648166388995
8107.0,8207.0,0.0051908288480770805
8108.0,8109.0,0.009287541625738315
8108.0,8208.0,0.005208457685339524
8109.0,8110.0,0.008862939382627598
8109.0,8209.0,0.00377716260836271
8110.0,8111.0,0.006541667582498892
8110.0,8210.0,0.0014159567013150075
8111.0,8112.0,0.013029236168330852
8111.0,8211.0,0.004725578383646545
8112.0,8113.0,0.006457332889820348
8112.0,8212.0,0.004503136482496171
8113.0,8114.0,0.007521337195605962
8113.0,8213.0,0.004476218897682419
8114.0,8115.0,0.010095845870947156
8114.0,8214.0,0.004755191506128803
8115.0,8116.0,0.006440662689510897
8115.0,8215.0,0.0029375625882688346
8116.0,8117.0,0.010102507020542176
8116.0,8216.0,0.006307494993259125
8117.0,8118.0,0.008378423376734346
8117.0,8217.0,0.004262174225673973
8118.0,8119.0,0.007815263609125215
8118.0,8218.0,0.0055180885476779264
8119.0,8120.0,0.009576888581374754
8119.0,8219.0,0.003955051823931503
8120.0,8121.0,0.008023968818483851
8120.0,8220.0,0.0038681369675833623
8121.0,8122.0,0.006917269364422197
8121.0,8221.0,0.0020535336106324124
8122.0,8222.0,0.0034472060831931503
8159.0,8160.0,0.007291097122511862
8160.0,8161.0,0.012157035899025522
8161.0,8162.0,0.0036374666582645546
8161.0,8261.0,0.0050753068567294625
8162.0,8163.0,0.011077868499843583
8162.0,8262.0,0.004208277211634907
8163.0,8164.0,0.007959119344501534
8163.0,8263.0,0.003940106979512935
8164.0,8165.0,0.00551186527592938
8164.0,8264.0,0.0035481464076335275
8165.0,8166.0,0.012748732944496011
8165.0,8265.0,0.003868272061274041
8166.0,8266.0,0.00595051808248548
8175.0,8176.0,0.0074119411229539465
8175.0,8275.0,0.005229336987608122
8176.0,8276.0,0.0021437558466397993
8204.0,8205.0,0.006711778835004723
8204.0,8304.0,0.004013143299212438
8205.0,8206.0,0.00889032410264144
8205.0,8305.0,0.002959095153924045
8206.0,8207.0,0.009560013516732644
8206.0,8306.0,0.005578842039349892
8207.0,8208.0,0.008054213541984883
8207.0,8307.0,0.0030743260204477096
8208.0,8209.0,0.008136946588245706
8208.0,8308.0,0.0020921738981280616
8209.0,8210.0,0.009405189187355861
8209.0,8309.0,0.003660548297727321
8210.0,8211.0,0.005878934937558424
8210.0,8310.0,0.005330195058344313
8211.0,8212.0,0.013554847154066494
8211.0,8311.0,0.0016187614308476187
8212.0,8213.0,0.0056353977898622905
8212.0,8312.0,0.0036103375700898724
8213.0,8214.0,0.010361816103841586
8213.0,8313.0,0.003694134878425571
8214.0,8215.0,0.007239566868949191
8214.0,8314.0,0.003977095422538126
8215.0,8216.0,0.009726045499077542
8215.0,8315.0,0.0028749329870420433
8216.0,8217.0,0.006284427568207023
8216.0,8316.0,0.0027510985896545574
8217.0,8218.0,0.010258512765988879
8217.0,8317.0,0.0027871488819225065
8218.0,8219.0,0.004858418636758867
8218.0,8318.0,0.0035402778337303206
8219.0,8220.0,0.011745036160432746
8219.0,8319.0,0.0038311197540696154
8220.0,8221.0,0.007885833001658328
8220.0,8320.0,0.006873336379081802
8221.0,8222.0,0.00526180640940053
8221.0,8321.0,0.0058863879697160565
8222.0,8223.0,0.009102513724245767
8222.0,8322.0,0.004701126045958602
8223.0,8224.0,0.007966837364968681
8223.0,8323.0,0.006411011654957917
8261.0,8262.0,0.0050647720077027815
8262.0,8263.0,0.007732751785747404
8262.0,8362.0,0.005943912685264055
8263.0,8264.0,0.009382874426316653
8263.0,8363.0,0.003549391436570118
8264.0,8265.0,0.008163113416465076
8264.0,8364.0,0.005684064127009939
8265.0,8266.0,0.00948754692215034
8265.0,8365.0,0.004330736528581316
8266.0,8267.0,0.010709592309703198
8266.0,8366.0,0.0054521152610728894
8267.0,8367.0,0.0048869182211319015
8275.0,8276.0,0.008009413477274503
8275.0,8375.0,0.002933416883087936
8276.0,8376.0,0.005587578263428721
8304.0,8305.0,0.007630801910671846
8304.0,8404.0,0.005771703887073103
8305.0,8306.0,0.009633424841674997
8305.0,8405.0,0.005874191574169081
8306.0,8307.0,0.007749500919412277
8306.0,8406.0,0.0034673053658540462
8307.0,8308.0,0.00796857588530461
8307.0,8407.0,0.004500909486982868
8308.0,8309.0,0.008288490123065715
8308.0,8408.0,0.0031986414381709755
8309.0,8310.0,0.00992678329822104
8309.0,8409.0,0.004736732954265185
8310.0,8311.0,0.004707237500915761
8310.0,8410.0,0.003083119332751577
8311.0,8312.0,0.012986137279809112
8311.0,8411.0,0.005880700427674292
8312.0,8313.0,0.006336952613041424
8312.0,8412.0,0.004729790740613491
8313.0,8314.0,0.009096776807758214
8313.0,8413.0,0.0036627550423151303
8314.0,8315.0,0.00705612785952189
8314.0,8414.0,0.004236033792363521
8315.0,8316.0,0.008683039805274368
8315.0,8415.0,0.00504204991744717
8316.0,8317.0,0.00939867448633704
8316.0,8416.0,0.005373410482181254
8317.0,8318.0,0.006325667017788047
8317.0,8417.0,0.004120383735771439
8318.0,8319.0,0.009784558317064847
8318.0,8418.0,0.005824061162109071
8319.0,8320.0,0.009417316527536742
8319.0,8419.0,0.005842528665740662
8320.0,8321.0,0.007726193770553366
8320.0,8420.0,0.0021021888045554575
8321.0,8322.0,0.007759942068081331
8321.0,8421.0,0.004983968829152316
8322.0,8323.0,0.006437353524544269
8322.0,8422.0,0.0038707969670359267
8362.0,8363.0,0.004328927250481742
8362.0,8462.0,0.0037989566738844886
8363.0,8364.0,0.00836563420967144
8363.0,8463.0,0.0060198638273644975
8364.0,8365.0,0.009506318293109281
8364.0,8464.0,0.0036149671713560433
8365.0,8366.0,0.004771060773035978
8365.0,8465.0,0.002541192769155302
8366.0,8367.0,0.011407873424965612
8366.0,8466.0,0.006628291880263827
8367.0,8467.0,0.005614900241321835
8375.0,8376.0,0.006012148808036959
8375.0,8475.0,0.004886064105184158
8404.0,8405.0,0.0061367557984650465
8405.0,8406.0,0.011227086577113205
8406.0,8407.0,0.00897576789862513
8406.0,8506.0,0.005750813007743045
8407.0,8408.0,0.009237914470275247
8407.0,8507.0,0.00409209924733023
8408.0,8409.0,0.007140245864812776
8408.0,8508.0,0.00476906834507661
8409.0,8410.0,0.011082300656911768
8409.0,8509.0,0.004849356168608449
8410.0,8411.0,0.006276914488028141
8410.0,8510.0,0.004197638383662328
8411.0,8412.0,0.009293661931659173
8411.0,8511.0,0.0033610867185991035
8412.0,8413.0,0.008989040167338208
8412.0,8512.0,0.0033212570421458413
8413.0,8414.0,0.007543731835095666
8413.0,8513.0,0.00294719459317262
8414.0,8415.0,0.009531684170712543
8414.0,8514.0,0.004816597800314606
8415.0,8416.0,0.009102823513605796
8415.0,8515.0,0.002711302543058437
8416.0,8417.0,0.0075886623986083455
8416.0,8516.0,0.003467596800379294
8417.0,8418.0,0.008504329723729376
8417.0,8517.0,0.004436995795579348
8418.0,8419.0,0.008862581687643837
8418.0,8518.0,0.0029415503684261947
8419.0,8420.0,0.009053825844348948
8419.0,8519.0,0.0030954119467361896
8420.0,8421.0,0.011194822364829193
8420.0,8520.0,0.004501112921265115
8421.0,8422.0,0.0009766881846302923
8421.0,8521.0,0.005791798112846315
8422.0,8522.0,0.007450586382971035
8462.0,8463.0,0.006218047118670543
8462.0,8562.0,0.004565676642074275
8463.0,8464.0,0.011361189466774014
8463.0,8563.0,0.0032883982134154694
8464.0,8465.0,0.006726172080014044
8464.0,8564.0,0.004117290901794672
8465.0,8466.0,0.0107720707582194
8465.0,8565.0,0.006516516318567492
8466.0,8467.0,0.007210086310854693
8466.0,8566.0,0.004706348177724208
8467.0,8567.0,0.0026522842984899033
8506.0,8507.0,0.007168303788908809
8507.0,8508.0,0.00814884172443329
8507.0,8607.0,0.003787209476650661
8508.0,8509.0,0.011147530384801185
8508.0,8608.0,0.004886011307807077
8509.0,8510.0,0.007704279883282977
8509.0,8609.0,0.004077440552605701
8510.0,8511.0,0.008513497942678512
8510.0,8610.0,0.0041961497613882135
8511.0,8512.0,0.00874650345281395
8511.0,8611.0,0.005069392099650671
8512.0,8513.0,0.0062370453132851
8512.0,8612.0,0.00321010720225749
8513.0,8514.0,0.009479675603094708
8513.0,8613.0,0.004887155182717982
8514.0,8515.0,0.00888947649528245
8514.0,8614.0,0.002734355370102745
8515.0,8516.0,0.008773892552909612
8515.0,8615.0,0.003694902338359213
8516.0,8517.0,0.007769378675277729
8516.0,8616.0,0.0036298686064376653
8517.0,8518.0,0.008836408540246445
8517.0,8617.0,0.0028496000701809508
8518.0,8519.0,0.008996477689629495
8519.0,8520.0,0.007492899351387634
8519.0,8619.0,0.004142450231444976
8520.0,8521.0,0.011344610311943719
8520.0,8620.0,0.00423771482051303
8521.0,8522.0,0.006554881625177323
8521.0,8621.0,0.00522616552742666
8522.0,8622.0,0.004594128497336226
8561.0,8562.0,0.007396350896218106
8561.0,8661.0,0.003130072334625722
8562.0,8563.0,0.00890343930174876
8562.0,8662.0,0.004186666275210903
8563.0,8564.0,0.006857317143020128
8563.0,8663.0,0.003967522685503537
8564.0,8565.0,0.014053116296759621
8565.0,8566.0,0.0034064846308097274
8565.0,8665.0,0.007745125009323186
8566.0,8567.0,0.01052135396801009
8566.0,8666.0,0.003809256248930105
8567.0,8667.0,0.0038504208925762254
8607.0,8608.0,0.011284775489566842
8607.0,8707.0,0.0059072992983253214
8608.0,8609.0,0.007736738395470648
8608.0,8708.0,0.002987355194812726
8609.0,8610.0,0.009949810438396819
8609.0,8709.0,0.004274389716674195
8610.0,8611.0,0.007965226943414585
8610.0,8710.0,0.0023840781908333985
8611.0,8612.0,0.008060759827705455
8611.0,8711.0,0.002605068500058413
8612.0,8613.0,0.007241998942977921
8612.0,8712.0,0.0033898231959825927
8613.0,8614.0,0.009358384664559613
8613.0,8713.0,0.0038132174669201855
8614.0,8615.0,0.008660998248476139
8614.0,8714.0,0.003479142698997745
8615.0,8616.0,0.008709849918337998
8615.0,8715.0,0.0056000962063134175
8616.0,8617.0,0.006022413942931094
8616.0,8716.0,0.005426731725448446
8617.0,8717.0,0.005185113308309047
8619.0,8620.0,0.00797774932232756
8620.0,8621.0,0.008065147540495796
8620.0,8720.0,0.003133393929906999
8621.0,8622.0,0.008001395066487504
8621.0,8721.0,0.0022292964854384997
8622.0,8623.0,0.008784551491123687
8622.0,8722.0,0.001670889370962858
8623.0,8624.0,0.007443416250620777
8623.0,8723.0,0.0027204434417938583
8624.0,8724.0,0.0050068918352629945
8661.0,8662.0,0.007986123145815795
8662.0,8663.0,0.005744065685560615
8665.0,8666.0,0.009860982636632718
8665.0,8765.0,0.004648657704108767
8666.0,8667.0,0.008392789792439776
8666.0,8766.0,0.0037794349961334938
8667.0,8767.0,0.0033828421807720298
8706.0,8707.0,0.006196886448047193
8707.0,8708.0,0.008366475738922926
8707.0,8807.0,0.001982454665309546
8708.0,8709.0,0.008274251331089293
8708.0,8808.0,0.0055815786593076035
8709.0,8710.0,0.01023485821934094
8709.0,8809.0,0.0027756869438014652
8710.0,8711.0,0.007733547701407202
8710.0,8810.0,0.0063865718190599325
8711.0,8712.0,0.008337755892925366
8711.0,8811.0,0.0057286419769463385
8712.0,8713.0,0.007529118892674885
8712.0,8812.0,0.005594191878188252
8713.0,8714.0,0.008951610733259082
8713.0,8813.0,0.004236801024357449
8714.0,8715.0,0.01215400017196856
8714.0,8814.0,0.0032674029228138414
8715.0,8716.0,0.004643060656499627
8715.0,8815.0,0.002378858953364343
8716.0,8717.0,0.00838146612593018
8716.0,8816.0,0.0020252249084996374
8717.0,8817.0,0.003524127514716511
8720.0,8721.0,0.00825908326935035
8720.0,8820.0,0.004048995650775604
8721.0,8722.0,0.007814398102209427
8721.0,8821.0,0.004523387165608128
8722.0,8723.0,0.00854840383756872
8722.0,8822.0,0.0036399532771704706
8723.0,8724.0,0.00553398120795
8723.0,8823.0,0.0036026330995569985
8724.0,8824.0,0.0024347246189245194
8765.0,8766.0,0.005874866320185675
8766.0,8767.0,0.007228310503156193
8767.0,8768.0,0.007387949940946171
8767.0,8867.0,0.006584897536029403
8768.0,8868.0,0.00489850385423971
8807.0,8808.0,0.009065012755653756
8808.0,8809.0,0.007279993942986915
8808.0,8908.0,0.003474751716311287
8809.0,8810.0,0.00781166960130567
8809.0,8909.0,0.004439387688634846
8810.0,8811.0,0.008341464874351018
8810.0,8910.0,0.003932506626820167
8811.0,8812.0,0.007376694284027926
8811.0,8911.0,0.003383580352227923
8812.0,8813.0,0.010830837984666324
8812.0,8912.0,0.003918014794512355
8813.0,8814.0,0.00918959792918278
8813.0,8913.0,0.004008514244707647
8814.0,8815.0,0.011874030992030299
8814.0,8914.0,0.006204288086483249
8815.0,8816.0,0.005197560336356311
8815.0,8915.0,0.0077176722326091135
8816.0,8817.0,0.006361834953068545
8816.0,8916.0,0.005027266812097753
8817.0,8818.0,0.009705434143819113
8817.0,8917.0,0.004842607868697751
8820.0,8821.0,0.01115889240381922
8820.0,8920.0,0.004594096277834702
8821.0,8822.0,0.0067297511878191135
8821.0,8921.0,0.003942898173935959
8822.0,8823.0,0.011630337503277558
8823.0,8824.0,0.002838817572509992
8823.0,8923.0,0.0043363748108329585
8867.0,8868.0,0.009634950316420688
8867.0,8967.0,0.0005113506917918693
8908.0,8909.0,0.008000977218439377
8908.0,9008.0,0.0034810943178826092
8909.0,8910.0,0.0053403561023690396
8909.0,9009.0,0.004028101351751229
8910.0,8911.0,0.012440274161762126
8910.0,9010.0,0.004481097454862434
8911.0,8912.0,0.006709709192663221
8911.0,9011.0,0.004047356720134507
8912.0,8913.0,0.008248671934911776
8912.0,9012.0,0.00543875643506775
8913.0,8914.0,0.008307364983556137
8913.0,9013.0,0.006725339344600537
8914.0,8915.0,0.0085999278956279
8914.0,9014.0,0.004787294602383978
8915.0,8916.0,0.012549526038064826
8915.0,9015.0,0.0027298943349510314
8916.0,8917.0,0.006121236824363949
8916.0,9016.0,0.005759634357314405
8919.0,8920.0,0.003500187127849682
8919.0,9019.0,0.005371821654708512
8920.0,8921.0,0.008597965352337625
8920.0,9020.0,0.007829374325576576
8921.0,9021.0,0.003162961468304564
8923.0,9023.0,0.006637437838501805
8967.0,9067.0,0.006933676834837214
9008.0,9009.0,0.0045091278535930555
9009.0,9010.0,0.007735168130037606
9009.0,9109.0,0.00340573460064317
9010.0,9011.0,0.011423600926153372
9010.0,9110.0,0.004889468929238384
9011.0,9012.0,0.006659440734029849
9011.0,9111.0,0.003076310127411478
9012.0,9013.0,0.013218601958219342
9012.0,9112.0,0.004014348830135036
9013.0,9014.0,0.007984663605937857
9013.0,9113.0,0.00662210930746317
9014.0,9015.0,0.004704881858244754
9014.0,9114.0,0.006083602436880252
9015.0,9016.0,0.00839884268515611
9015.0,9115.0,0.004946480692371495
9016.0,9116.0,0.0033120478317824648
9019.0,9020.0,0.011415366803124823
9020.0,9021.0,0.004166678660517029
9020.0,9120.0,0.0041850288601121815
9021.0,9121.0,0.004824560938576136
9023.0,9024.0,0.0035075818365370003
9023.0,9123.0,0.0030293162429844422
9024.0,9124.0,0.0030396674719457093
9066.0,9067.0,0.009814350399800498
9109.0,9110.0,0.006798629486882954
9109.0,9209.0,0.004171938034052708
9110.0,9111.0,0.012833553321285069
9110.0,9210.0,0.002402838440263053
9111.0,9112.0,0.005941585574570462
9111.0,9211.0,0.006208685629828363
9112.0,9113.0,0.007192004879028423
9112.0,9212.0,0.0033888551532928134
9113.0,9114.0,0.010686414738813271
9113.0,9213.0,0.003508846106624818
9114.0,9115.0,0.005016273893047938
9114.0,9214.0,0.004991635424386544
9115.0,9116.0,0.011540117689608359
9115.0,9215.0,0.004620025018329645
9116.0,9117.0,0.0067502760313883975
9120.0,9121.0,0.0097505138946624
9121.0,9221.0,0.006913376635193378
9123.0,9124.0,0.007089343756656141
9123.0,9223.0,0.0051369119332508656
9124.0,9224.0,0.004583716366659996
9208.0,9209.0,0.005011402203982762
9208.0,9308.0,0.004290181158179126
9209.0,9210.0,0.006513723814374306
9209.0,9309.0,0.004100249213159815
9210.0,9211.0,0.009520574775192598
9210.0,9310.0,0.006087529618001195
9211.0,9212.0,0.009000076395225605
9211.0,9311.0,0.0038013014942258018
9212.0,9213.0,0.008517300194896108
9212.0,9312.0,0.001997848805590531
9213.0,9214.0,0.007219443869165841
9213.0,9313.0,0.004302239010096251
9214.0,9215.0,0.010477002302668995
9214.0,9314.0,0.0036984337184850944
9221.0,9321.0,0.002352379875783856
9223.0,9224.0,0.00502392013671025
9308.0,9309.0,0.005669708162694034
9308.0,9408.0,0.0018130223385261143
9309.0,9310.0,0.01216409860079895
9309.0,9409.0,0.0032108247927900954
9310.0,9311.0,0.00499285463937681
9311.0,9312.0,0.008948014985466107
9311.0,9411.0,0.003049173848763874
9312.0,9313.0,0.008234423220841062
9312.0,9412.0,0.005405881127068653
9313.0,9314.0,0.008560568563483051
9313.0,9413.0,0.003963086525679257
9314.0,9414.0,0.004027537818570669
9317.0,9417.0,0.0008978091612332514
9320.0,9321.0,0.008930190504683518
9320.0,9420.0,0.004725447881424825
9321.0,9322.0,0.009078528903407032
9321.0,9421.0,0.0046497019883008535
9322.0,9422.0,0.002588887902167278
9408.0,9409.0,0.005313799147499183
9411.0,9412.0,0.010323924409837362
9411.0,9511.0,0.004273446610175831
9412.0,9413.0,0.00934202927259461
9412.0,9512.0,0.004142512595034106
9413.0,9414.0,0.007439734028846579
9413.0,9513.0,0.004782650232874847
9414.0,9514.0,0.0033741363235628994
9420.0,9421.0,0.012077233857563239
9421.0,9422.0,0.008867704894719995
9421.0,9521.0,0.0012261011540653773
9510.0,9511.0,0.008835780572200207
9511.0,9512.0,0.010149009252631605
9512.0,9513.0,0.006525652181968038
9512.0,9612.0,0.002293774768806692
9513.0,9514.0,0.010688723546798635
9513.0,9613.0,0.0076954643537614975
9612.0,9613.0,0.009725678387136985
9613.0,9713.0,0.002453682114699813
9713.0,9813.0,0.004501553572934265
