grid_index,y,x
15,22.4625487,113.8904529
114,22.4681586,113.8790074
115,22.4682012,113.890411
116,22.4693985,113.8946326
190,22.4681425,114.5236516
213,22.471165,113.8766912
214,22.4700247,113.8841296
215,22.4700968,113.8899303
216,22.4722696,113.8980389
217,22.4720846,113.9069466
313,22.4757354,113.8746267
315,22.4761729,113.8891999
316,22.4749176,113.898551
317,22.4757551,113.9066715
389,22.4744775,114.5156868
390,22.475606,114.5220393
391,22.4765699,114.5297518
413,22.4806309,113.8771102
414,22.4800646,113.8825242
415,22.4811186,113.8896892
416,22.4803172,113.8985434
417,22.4788616,113.9057406
490,22.4791348,114.5239844
491,22.4793792,114.5307563
513,22.4844769,113.8725813
514,22.4829396,113.8814702
515,22.4823852,113.8909897
516,22.4833926,113.9014774
517,22.4819659,113.9072835
518,22.483286,113.9168341
519,22.4818503,113.9235178
520,22.4848067,113.9300469
585,22.4820865,114.4857198
589,22.4815043,114.5180853
590,22.4830727,114.5228254
592,22.4825076,114.538114
594,22.4829721,114.5550441
613,22.4860545,113.8724655
614,22.4852709,113.8820612
615,22.4851322,113.8898206
616,22.4869235,113.8995009
617,22.4861306,113.9079124
618,22.4872047,113.9153783
619,22.4867398,113.9247662
620,22.4849622,113.9326992
622,22.4869947,113.9474766
686,22.4876775,114.4900459
687,22.4856806,114.495374
689,22.4858137,114.5179065
690,22.4858038,114.5212965
691,22.4871185,114.5326881
693,22.4858815,114.5459482
713,22.4905943,113.8709365
714,22.4922557,113.8815297
715,22.4918509,113.8889418
717,22.4911834,113.9069272
718,22.4909545,113.9158907
719,22.4905913,113.9242654
720,22.491347,113.9320582
721,22.489486,113.9393056
722,22.4904083,113.9462353
786,22.4913596,114.4861479
791,22.4893197,114.5331765
792,22.4914165,114.538783
796,22.4924267,114.5774658
813,22.4954896,113.874122
814,22.4943213,113.8817952
815,22.494712,113.8886098
817,22.4936705,113.9084747
818,22.4946713,113.9157059
819,22.4941054,113.9244189
820,22.4936899,113.9324327
821,22.4959688,113.939036
892,22.493657,114.5403742
895,22.4958003,114.5666144
896,22.4954522,114.5756174
912,22.4977916,113.8685166
913,22.4974237,113.8762054
914,22.4984989,113.8797979
915,22.4984039,113.8914647
916,22.4992943,113.9011179
917,22.4967399,113.9102137
918,22.4995687,113.9160891
919,22.4976745,113.9242004
920,22.498809,113.9326168
921,22.4990462,113.9428524
995,22.4979269,114.563302
996,22.4967515,114.573824
1012,22.5007696,113.8680731
1013,22.5026475,113.8743053
1014,22.5022864,113.8833431
1015,22.5015291,113.8904532
1016,22.5036482,113.8964807
1018,22.500829,113.9160956
1019,22.5026468,113.9243297
1020,22.5023544,113.9323238
1021,22.5021776,113.9403404
1022,22.5021709,113.9467913
1034,22.5036934,114.0512219
1091,22.5014397,114.5315694
1092,22.5037599,114.5385968
1093,22.5018773,114.5483818
1114,22.5060649,113.8815078
1115,22.5059527,113.8898621
1116,22.5052712,113.8964432
1118,22.5057246,113.9150733
1119,22.5058815,113.9238531
1120,22.5053771,113.932972
1121,22.5058888,113.9405705
1122,22.5064394,113.9468666
1132,22.5077491,114.0374379
1133,22.5062371,114.0420525
1134,22.505694,114.0509284
1192,22.5076784,114.538157
1212,22.5090008,113.8638358
1213,22.5099383,113.871772
1214,22.509617,113.8821836
1215,22.5088852,113.8915164
1216,22.5101183,113.8975421
1217,22.5112127,113.9107669
1218,22.5103774,113.9154209
1219,22.5093886,113.9243303
1220,22.509565,113.9321825
1221,22.507913,113.9404048
1222,22.5092962,113.9467661
1232,22.5098304,114.0361482
1233,22.5097582,114.0427059
1234,22.5096312,114.0503257
1235,22.5111009,114.0562865
1287,22.5087454,114.4977849
1290,22.5089806,114.5223116
1312,22.5138341,113.8653632
1313,22.5136741,113.8743628
1314,22.5137139,113.8811324
1315,22.5149608,113.8927044
1316,22.5132992,113.9002914
1317,22.5134717,113.907188
1318,22.5131666,113.9157611
1319,22.5136512,113.9235995
1320,22.5132642,113.9327633
1321,22.5131831,113.9388685
1322,22.5117655,113.9473042
1332,22.5145675,114.0376851
1333,22.5129557,114.0418981
1334,22.5132968,114.0499357
1335,22.5144817,114.0589308
1385,22.5136274,114.4799408
1413,22.5166434,113.8740114
1414,22.5174013,113.8820583
1415,22.5172942,113.8897063
1416,22.5172741,113.8995729
1417,22.5168301,113.9064095
1418,22.5171228,113.9164589
1419,22.517034,113.9241434
1420,22.5168535,113.9318881
1421,22.5175824,113.9400207
1422,22.5177424,113.9483756
1432,22.5182707,114.033509
1433,22.5177522,114.0419238
1434,22.5177271,114.0507544
1435,22.5173835,114.0596056
1436,22.5184623,114.0659735
1513,22.5209909,113.8734618
1514,22.5213577,113.8811708
1515,22.5204259,113.8916179
1516,22.5208943,113.8988411
1517,22.5202605,113.9075087
1518,22.5201558,113.9161484
1519,22.5215869,113.923581
1520,22.5208031,113.9322191
1521,22.5211955,113.9408275
1522,22.5209849,113.9487852
1523,22.5226153,113.9574887
1524,22.5225713,113.9634843
1525,22.5224367,113.9758143
1526,22.5229673,113.9823625
1531,22.521784,114.0271348
1532,22.5212044,114.033881
1533,22.5209886,114.0423149
1534,22.5212008,114.0510814
1535,22.5209811,114.0588986
1536,22.5205307,114.0672823
1614,22.5259784,113.8818339
1615,22.5231331,113.8892042
1616,22.5257021,113.8997388
1617,22.5255461,113.9069326
1618,22.5250209,113.9148059
1619,22.5247868,113.923505
1620,22.5242653,113.9327337
1621,22.5252725,113.9408397
1622,22.5244892,113.949211
1623,22.5255022,113.9590044
1624,22.5260577,113.9643813
1625,22.5250697,113.9737577
1626,22.5241969,113.9821198
1627,22.5250961,113.9908814
1630,22.5254975,114.018538
1631,22.524553,114.0246212
1632,22.5256063,114.0339349
1633,22.524776,114.0415834
1634,22.5253375,114.0513794
1635,22.5249579,114.0589347
1636,22.5254689,114.0670481
1637,22.52601,114.0727691
1714,22.5289197,113.8804412
1715,22.5287723,113.8895009
1716,22.5270853,113.896934
1717,22.5285725,113.9074224
1718,22.5286685,113.914535
1719,22.5287865,113.9243013
1720,22.5280241,113.9315869
1721,22.5290367,113.9408571
1722,22.5290032,113.9496123
1723,22.5281096,113.9587494
1724,22.5282304,113.9659379
1725,22.5282736,113.9736907
1726,22.5283347,113.9807483
1727,22.5271274,113.9929481
1728,22.5293131,113.9972635
1729,22.5297494,114.0076203
1730,22.5286821,114.0171272
1731,22.5281967,114.0259542
1732,22.5283878,114.0337279
1733,22.528769,114.0425534
1734,22.5287858,114.0512348
1735,22.5293057,114.0588382
1736,22.5287409,114.0676614
1737,22.5290235,114.0753713
1785,22.5297342,114.4857873
1787,22.5305036,114.5019189
1812,22.5314956,113.8626422
1814,22.5310564,113.8798579
1815,22.5323047,113.8900792
1816,22.5315555,113.8968635
1817,22.5312735,113.9070445
1818,22.5330205,113.9158963
1819,22.532701,113.9240145
1820,22.5331814,113.9324824
1821,22.5326157,113.941076
1822,22.5323763,113.9497499
1823,22.5330302,113.9576416
1824,22.5321977,113.9662594
1825,22.5339552,113.975918
1827,22.5332252,113.9919408
1828,22.5329461,114.0031573
1829,22.5338873,114.0107086
1830,22.5326956,114.0161634
1831,22.5327591,114.0253058
1832,22.5310065,114.0351308
1833,22.531452,114.0424868
1834,22.5319339,114.0501083
1835,22.5319254,114.0590576
1836,22.5322763,114.0681215
1837,22.5323406,114.0765186
1838,22.5324233,114.0823643
1841,22.5317636,114.1105967
1842,22.5328888,114.1150923
1885,22.5331649,114.485076
1887,22.5307942,114.5025151
1888,22.5317055,114.5080055
1889,22.5316684,114.5164656
1890,22.5315476,114.5247133
1915,22.5353345,113.8900147
1916,22.5349858,113.8994468
1917,22.5371263,113.9070211
1918,22.5362339,113.9155866
1919,22.5354663,113.923489
1920,22.5352233,113.9324907
1921,22.5367138,113.9410024
1922,22.5359789,113.9497787
1923,22.5362473,113.9592079
1924,22.5350892,113.9658421
1925,22.5359688,113.9743324
1926,22.5364441,113.9833146
1927,22.5356644,113.9921961
1928,22.5357969,114.0003069
1929,22.5367299,114.0083083
1930,22.536102,114.0171187
1931,22.5369888,114.0251563
1933,22.5375223,114.0436998
1934,22.5357617,114.0512493
1935,22.5365217,114.0589856
1936,22.5365505,114.0681815
1937,22.5361215,114.0762594
1938,22.5373273,114.0840868
1939,22.5381585,114.0937728
1940,22.5367776,114.1007693
1941,22.5367204,114.1098837
1942,22.5368533,114.1177142
1985,22.5374196,114.4856082
1986,22.5371597,114.489997
1988,22.5347093,114.5101182
1989,22.5373792,114.5144217
1990,22.5376288,114.5203236
2011,22.5407474,113.8599572
2012,22.5409907,113.8632898
2015,22.5399934,113.8899439
2016,22.5406013,113.8966775
2017,22.5396619,113.9065638
2018,22.5404569,113.9156225
2019,22.5403126,113.9223214
2020,22.5408368,113.9314323
2021,22.5403117,113.9404373
2022,22.5405789,113.949123
2023,22.5410096,113.9594518
2024,22.5404532,113.9668736
2025,22.5399032,113.9743372
2026,22.5394565,113.9825081
2027,22.5401029,113.9920689
2028,22.5396328,114.0002421
2029,22.5400141,114.0085308
2030,22.5399302,114.0158592
2031,22.5400123,114.0252407
2032,22.5413111,114.0334956
2033,22.5408175,114.0436118
2034,22.5403307,114.0510471
2035,22.53965,114.0581181
2036,22.5397598,114.0675014
2037,22.540548,114.0760792
2038,22.5406496,114.0841773
2039,22.5401616,114.0938211
2040,22.5400193,114.1025363
2041,22.539477,114.1100038
2042,22.5402977,114.1186797
2043,22.5400639,114.1271238
2085,22.5412045,114.4825759
2086,22.5387622,114.4895496
2088,22.5415502,114.5107575
2089,22.5386802,114.5141185
2111,22.54516,113.8574057
2115,22.5445834,113.8906659
2116,22.5439157,113.8999648
2117,22.5439486,113.9062803
2118,22.5437123,113.9149683
2119,22.5443433,113.923325
2120,22.5440375,113.9322617
2121,22.5438893,113.9407139
2122,22.5439257,113.9491916
2123,22.5432754,113.9585922
2124,22.5426603,113.967072
2125,22.5438728,113.9732595
2126,22.5450372,113.9834678
2127,22.5438755,113.9913932
2128,22.5454694,113.9960459
2129,22.5442794,114.0084013
2130,22.5439988,114.0166054
2131,22.5451997,114.0256669
2132,22.5439722,114.0351923
2133,22.5444212,114.0420289
2134,22.5435904,114.0509487
2135,22.5434686,114.0591023
2136,22.544,114.0673208
2137,22.5437274,114.0762078
2138,22.5433057,114.0841613
2139,22.5440736,114.0934394
2140,22.5437761,114.101316
2141,22.5441545,114.1100417
2142,22.5436124,114.1180857
2143,22.5438805,114.1260501
2144,22.5450742,114.1357144
2145,22.5443083,114.1442536
2146,22.5457101,114.1496515
2155,22.5443204,114.2282332
2185,22.5434047,114.48075
2186,22.5456329,114.4866612
2188,22.5439519,114.5082567
2189,22.5431291,114.5144075
2199,22.5430321,114.604188
2213,22.5480527,113.8748952
2214,22.5477181,113.8816319
2215,22.5470361,113.8896726
2216,22.5470444,113.8999132
2217,22.5482056,113.9050817
2218,22.5478927,113.9165496
2219,22.5484082,113.9245285
2220,22.547036,113.9335591
2221,22.5481341,113.9406334
2222,22.5478861,113.9489779
2223,22.5471024,113.960237
2224,22.5474152,113.9670804
2225,22.5482861,113.9743974
2226,22.5477122,113.9828314
2227,22.54835,113.9923439
2228,22.5478957,113.9999908
2229,22.5478191,114.0092385
2230,22.5482119,114.0149916
2231,22.5487702,114.0243999
2232,22.5479512,114.0340327
2233,22.5482798,114.0414865
2234,22.5474271,114.050624
2235,22.5475466,114.059005
2236,22.5476774,114.0677865
2237,22.5474385,114.0759976
2238,22.5471497,114.0847636
2239,22.5481917,114.0937536
2240,22.5478359,114.1015319
2241,22.5475836,114.1098161
2242,22.5479685,114.1183091
2243,22.5479157,114.126399
2244,22.5483345,114.1351365
2245,22.5477952,114.1414193
2246,22.5473112,114.1493657
2255,22.5478794,114.2282364
2256,22.5493493,114.2326796
2289,22.5465436,114.5153312
2290,22.5475281,114.5205364
2311,22.5521884,113.8561104
2313,22.5514198,113.872737
2314,22.551195,113.8824314
2315,22.5524288,113.890384
2316,22.5509757,113.8986542
2317,22.5524995,113.9071899
2318,22.5524134,113.9182889
2319,22.5516489,113.9230492
2320,22.552594,113.9320075
2321,22.5513859,113.9404156
2322,22.5524046,113.948761
2323,22.5503372,113.9544692
2324,22.5512952,113.9661746
2325,22.5511475,113.9752269
2326,22.5512619,113.9806602
2327,22.5509284,113.9922987
2328,22.5515958,114.0000176
2329,22.5518176,114.0084259
2330,22.5523486,114.0175106
2331,22.5514144,114.0213055
2332,22.5514254,114.0334922
2333,22.5512926,114.0424534
2334,22.5513399,114.0510165
2335,22.5512624,114.0589528
2336,22.551557,114.0677181
2337,22.5514887,114.0760694
2338,22.551612,114.084324
2339,22.5517484,114.0928878
2340,22.5515931,114.1014023
2341,22.5520774,114.1105565
2342,22.5519155,114.1183541
2343,22.550945,114.1264288
2344,22.5524272,114.1358951
2345,22.5524258,114.1434505
2346,22.5524203,114.1513257
2354,22.5528093,114.2215115
2355,22.551852,114.2284128
2356,22.5530694,114.2346898
2384,22.5509202,114.4717727
2385,22.5510279,114.478593
2390,22.5513663,114.5218965
2411,22.5559236,113.8570192
2412,22.5541751,113.8659897
2413,22.5554513,113.8730386
2414,22.5551034,113.8827481
2415,22.5559658,113.8896166
2416,22.5561933,113.8986203
2417,22.5548773,113.9071643
2418,22.5556554,113.9159302
2419,22.5558129,113.923842
2420,22.5553662,113.9321433
2421,22.5556675,113.9405191
2422,22.5556618,113.9488365
2423,22.556146,113.9574211
2424,22.555863,113.9665777
2425,22.5546516,113.9740569
2426,22.5553121,113.9832009
2427,22.5566335,113.9904989
2428,22.5546642,114.0012281
2429,22.5554258,114.010794
2430,22.5555509,114.0168322
2431,22.5558582,114.0250258
2432,22.5559026,114.0340413
2433,22.5551198,114.0420199
2435,22.5548704,114.0626962
2436,22.5551432,114.0676559
2437,22.5539033,114.0757907
2438,22.555103,114.0841578
2439,22.5550747,114.0926238
2440,22.5551264,114.1006604
2441,22.5546436,114.1098581
2442,22.5546125,114.1175388
2443,22.5549448,114.127309
2444,22.5550648,114.1363191
2445,22.5554058,114.1439114
2446,22.5549336,114.1516609
2450,22.5552757,114.184806
2451,22.5558844,114.1908895
2454,22.5549433,114.2208792
2455,22.5559772,114.2287494
2456,22.5570489,114.2358197
2485,22.5550296,114.4799664
2487,22.5553753,114.4984999
2488,22.5546931,114.5077353
2491,22.5571363,114.5302195
2492,22.5563602,114.5407708
2511,22.5590913,113.8560371
2512,22.5597654,113.8641974
2513,22.5597798,113.8733304
2514,22.5587302,113.881277
2515,22.5588602,113.8899515
2516,22.5592999,113.8984542
2517,22.5583387,113.9076203
2518,22.5592791,113.9160413
2519,22.5577307,113.922758
2520,22.5597288,113.9317464
2521,22.5598327,113.9407275
2522,22.560527,113.9496732
2523,22.5599723,113.959429
2524,22.5594248,113.9662097
2525,22.5601079,113.9740895
2526,22.558939,113.9832
2527,22.5582935,113.991987
2528,22.5591543,113.9961895
2529,22.5592645,114.0083867
2530,22.5591122,114.0170992
2531,22.559241,114.0252032
2532,22.5591459,114.0345294
2533,22.5594182,114.0416966
2534,22.5601528,114.0476129
2535,22.5600208,114.0605552
2536,22.5592059,114.0675973
2537,22.5583541,114.0779662
2538,22.5606068,114.0831227
2539,22.5585022,114.092685
2540,22.559318,114.1009514
2541,22.5588121,114.110848
2542,22.5586711,114.1181173
2543,22.5594233,114.1266605
2544,22.5586793,114.1350239
2545,22.5593039,114.1405584
2546,22.5589141,114.1532536
2547,22.5610387,114.1580136
2548,22.5605661,114.1706996
2549,22.5599221,114.1777003
2550,22.559677,114.1863637
2552,22.5600352,114.199509
2553,22.5607755,114.2154553
2554,22.5582997,114.2201014
2555,22.5585494,114.2282081
2556,22.5596323,114.2372402
2557,22.5598912,114.2416244
2583,22.5595595,114.463235
2585,22.558916,114.4830283
2590,22.5586819,114.5246759
2591,22.558628,114.5301575
2593,22.5589404,114.5487933
2610,22.5640858,113.8474466
2611,22.5620449,113.8567551
2612,22.5628055,113.8648086
2613,22.5628251,113.8729257
2614,22.5636877,113.8825236
2615,22.5628073,113.8906557
2616,22.5627344,113.8991177
2617,22.564091,113.9070788
2618,22.5630865,113.915804
2619,22.5617823,113.9237515
2620,22.5632874,113.9316745
2621,22.5634003,113.9405859
2622,22.5626171,113.9489051
2623,22.5630183,113.9581437
2624,22.5628977,113.9665284
2625,22.5630803,113.974842
2626,22.5630006,113.9835824
2628,22.5632202,114.0020644
2629,22.5622367,114.0078995
2630,22.5613191,114.015467
2631,22.5627083,114.0252919
2632,22.562784,114.0334932
2633,22.5626198,114.042198
2634,22.5630724,114.0502
2635,22.5632388,114.0591627
2636,22.563198,114.0677395
2637,22.5617103,114.0756085
2638,22.5633742,114.0846825
2639,22.5630035,114.0926725
2640,22.5631357,114.1015774
2641,22.562328,114.1084486
2642,22.5628331,114.1181906
2643,22.5629986,114.1272512
2644,22.56342,114.1353179
2645,22.5623518,114.1408578
2646,22.5615864,114.155735
2647,22.56312,114.1603262
2648,22.5628874,114.1692964
2649,22.5636789,114.1773051
2650,22.5622804,114.185616
2651,22.5622089,114.1966527
2654,22.5616535,114.2192986
2655,22.5613415,114.2287562
2656,22.5636592,114.2363196
2657,22.5641919,114.2444911
2683,22.5629712,114.4664511
2684,22.5632176,114.4724032
2685,22.5612228,114.4783224
2693,22.5615733,114.5479602
2710,22.5655048,113.8483348
2711,22.5670267,113.8563394
2712,22.5670456,113.8656256
2713,22.5662498,113.8729377
2714,22.5667331,113.8809441
2715,22.5665182,113.890434
2716,22.5666567,113.8992728
2717,22.5678972,113.9063362
2718,22.5656301,113.9163279
2719,22.5669665,113.9248511
2720,22.5661821,113.9317428
2721,22.565839,113.9392211
2722,22.5651582,113.9485973
2723,22.565113,113.9583951
2724,22.5659435,113.9680641
2725,22.5663428,113.9742932
2726,22.5651793,113.982838
2727,22.5653416,113.9880001
2728,22.5655283,114.0034128
2729,22.5666655,114.0095432
2730,22.565885,114.013708
2731,22.5677493,114.0260555
2732,22.5671456,114.0337351
2733,22.5667603,114.0412388
2734,22.5672766,114.0510343
2735,22.5667452,114.0591339
2736,22.5667456,114.0676732
2738,22.5673483,114.0860755
2739,22.5669417,114.0932375
2740,22.5667181,114.101519
2741,22.5673913,114.1095702
2742,22.5664165,114.1179085
2743,22.5673511,114.125089
2744,22.5665842,114.1357722
2745,22.5662748,114.1463918
2746,22.5684258,114.1502042
2747,22.5667821,114.1600907
2748,22.5668045,114.1678129
2749,22.5670406,114.1774568
2755,22.5674517,114.2262584
2756,22.5656806,114.2365359
2757,22.5672253,114.2451545
2760,22.5682111,114.2737358
2761,22.5671268,114.2782373
2762,22.567355,114.2872281
2783,22.5680434,114.4648285
2784,22.5653147,114.4718046
2785,22.5666736,114.4830388
2786,22.5668389,114.4901276
2787,22.5684692,114.4953707
2809,22.5699754,113.8435243
2810,22.569379,113.8482516
2811,22.5707183,113.8564013
2812,22.5705916,113.8646355
2813,22.5701252,113.873134
2814,22.5708527,113.8821986
2815,22.5701455,113.8900789
2816,22.5701453,113.8971305
2817,22.5714566,113.9066973
2818,22.5699031,113.9147438
2819,22.5716007,113.9243673
2820,22.57133,113.9337254
2821,22.5713421,113.9390058
2822,22.5701321,113.9495805
2823,22.5711001,113.9586094
2824,22.571721,113.9645034
2827,22.5704868,113.9922462
2831,22.5714089,114.028709
2832,22.5698052,114.0337864
2833,22.5705632,114.0422816
2834,22.5706369,114.0505899
2835,22.5708195,114.0585357
2836,22.5709588,114.0674002
2837,22.5718138,114.0757428
2838,22.5704336,114.0847412
2839,22.5702997,114.0931725
2840,22.5711152,114.1007197
2841,22.5697593,114.1103827
2842,22.5708541,114.1180925
2843,22.571182,114.1276208
2844,22.5704026,114.1350682
2845,22.568855,114.1405887
2846,22.5689725,114.1546667
2847,22.5696296,114.16128
2848,22.5706028,114.1688956
2849,22.5697038,114.175894
2850,22.5709877,114.1898016
2851,22.5696945,114.1937169
2855,22.569589,114.2281838
2856,22.5701978,114.2363918
2857,22.5701607,114.2456894
2858,22.5708641,114.255491
2859,22.5706279,114.2587116
2860,22.5698443,114.272222
2861,22.5709147,114.2804344
2881,22.5719357,114.444833
2882,22.5711802,114.4587396
2883,22.571815,114.4658432
2885,22.5689843,114.4824607
2886,22.56969,114.4886671
2887,22.5688415,114.5003643
2909,22.5761612,113.840329
2910,22.5744171,113.8480536
2911,22.5741322,113.8561648
2912,22.5744522,113.8651304
2913,22.5743526,113.87307
2914,22.574523,113.8813102
2915,22.5746974,113.8912019
2916,22.5745798,113.8965912
2917,22.5738911,113.9066878
2918,22.5748104,113.9150493
2919,22.5738961,113.9241145
2920,22.5756156,113.9327095
2921,22.5751162,113.9413342
2922,22.5750817,113.9496182
2923,22.5735375,113.9586
2926,22.5754677,113.9798055
2932,22.5758632,114.0320459
2933,22.5736334,114.0415097
2934,22.5730818,114.0523121
2935,22.574215,114.0584619
2936,22.5750824,114.066691
2937,22.5733717,114.0759208
2938,22.5737955,114.083539
2939,22.5735225,114.0934735
2940,22.573438,114.1016593
2941,22.5754873,114.1086721
2942,22.5746565,114.1183312
2943,22.5744236,114.1272744
2944,22.5741846,114.1349
2948,22.5729477,114.1699075
2952,22.5755871,114.202806
2955,22.5742802,114.2311052
2957,22.5761892,114.2466277
2958,22.5734569,114.2534072
2960,22.5746335,114.2712277
2961,22.57576,114.2796917
2981,22.5737658,114.4481385
2982,22.5746872,114.4540689
2985,22.5731872,114.482224
2986,22.575369,114.4914846
2987,22.5754605,114.4982716
3008,22.5798751,113.8344339
3009,22.5768069,113.8399398
3010,22.5784048,113.8478302
3011,22.578564,113.8554929
3012,22.5784511,113.863509
3013,22.5768169,113.8728616
3014,22.578128,113.8814689
3015,22.5794015,113.8891675
3016,22.5785855,113.8995682
3017,22.5784288,113.9068094
3018,22.5787813,113.9140074
3019,22.5784266,113.9240583
3020,22.5781121,113.9313604
3021,22.578033,113.9404851
3022,22.5785525,113.9492952
3032,22.5785889,114.0340249
3034,22.5779611,114.0521525
3035,22.5783437,114.0581203
3036,22.5771106,114.0671715
3037,22.5787125,114.0756859
3038,22.5774123,114.0835994
3039,22.5800044,114.0918839
3040,22.5782433,114.0994367
3041,22.5776886,114.1102792
3042,22.5779026,114.1189928
3043,22.5772072,114.1269908
3044,22.5772577,114.1357839
3045,22.5800845,114.1424783
3048,22.5800531,114.1691748
3052,22.5767524,114.198882
3053,22.5772553,114.2099207
3055,22.57958,114.2276335
3057,22.577661,114.2433811
3058,22.5779937,114.2541438
3059,22.5781059,114.2639758
3060,22.5771784,114.2671271
3061,22.5787551,114.2765447
3082,22.5769574,114.4539319
3085,22.5775418,114.4818347
3086,22.579288,114.4919728
3110,22.5819124,113.8465849
3111,22.5824344,113.8558202
3112,22.5818011,113.864418
3113,22.5820223,113.8745838
3114,22.5826925,113.8818644
3115,22.581957,113.888888
3116,22.5813436,113.8968098
3117,22.5823658,113.9074222
3118,22.583633,113.9154086
3119,22.5811654,113.9254858
3120,22.5819826,113.9325005
3121,22.5818633,113.9412113
3122,22.5820889,113.9498598
3123,22.5825287,113.9575892
3124,22.5826408,113.9655468
3125,22.5830898,113.9777991
3134,22.5803581,114.0523176
3135,22.580929,114.0583082
3136,22.5832627,114.0687001
3137,22.5822637,114.0767672
3138,22.5809887,114.0809351
3139,22.5813379,114.0922885
3140,22.5814797,114.1009345
3141,22.5815199,114.1088718
3142,22.5821083,114.1156483
3143,22.5810123,114.1270991
3144,22.5806193,114.135969
3148,22.5806673,114.1720474
3149,22.5831386,114.1744393
3155,22.5821241,114.2305729
3156,22.5828189,114.2387187
3157,22.5838943,114.2447718
3158,22.5814952,114.2550325
3159,22.5813906,114.2632207
3160,22.5815324,114.2706867
3185,22.582719,114.4802195
3208,22.5877029,113.8335323
3209,22.5867812,113.8395712
3210,22.5854594,113.8492266
3211,22.5862498,113.8558205
3212,22.5844844,113.8635389
3213,22.5858705,113.8734138
3214,22.5844752,113.88136
3215,22.5844085,113.8901943
3216,22.5846934,113.8988326
3217,22.5853321,113.9074212
3218,22.5857719,113.9150872
3219,22.5856455,113.9251472
3221,22.5870496,113.9412322
3222,22.5864775,113.949724
3223,22.5848506,113.9580443
3224,22.5853153,113.9650955
3225,22.587037,113.9744459
3226,22.586664,113.9834541
3227,22.5868286,113.9895039
3229,22.5864863,114.0094357
3236,22.5857807,114.0685349
3237,22.5848891,114.0764003
3239,22.585221,114.0930801
3240,22.5859819,114.1014485
3241,22.5859103,114.1102708
3242,22.5854069,114.115601
3243,22.5869379,114.1273897
3244,22.5859871,114.1340166
3245,22.5850894,114.1450901
3247,22.5862334,114.1645047
3248,22.5863302,114.1693872
3255,22.5850234,114.2317452
3256,22.5854271,114.2377666
3257,22.5848815,114.2449987
3258,22.5852778,114.2538256
3259,22.5848458,114.2621858
3260,22.5859852,114.271073
3262,22.587506,114.2883051
3263,22.5875805,114.299446
3280,22.5858104,114.4391976
3285,22.5857149,114.4814937
3287,22.584119,114.5001803
3308,22.5880795,113.8337281
3309,22.5896799,113.8391024
3310,22.5885011,113.8503233
3311,22.5897951,113.8556075
3312,22.589158,113.8651622
3313,22.5890937,113.8731925
3314,22.5903361,113.8807688
3315,22.5893156,113.8897134
3316,22.5913902,113.9008347
3317,22.5877546,113.90532
3318,22.5894469,113.9161071
3319,22.590266,113.9239922
3321,22.5891118,113.9397221
3322,22.590378,113.9499887
3323,22.5896529,113.9573139
3324,22.5906106,113.9674329
3325,22.5892958,113.97754
3326,22.5895409,113.9832174
3327,22.5891694,113.9911295
3328,22.5911987,113.9964532
3329,22.5895268,114.0097824
3330,22.5908773,114.0148036
3334,22.5895041,114.0505863
3336,22.5879724,114.0701249
3338,22.5907488,114.0853941
3339,22.5907636,114.0962318
3340,22.58824,114.1030036
3341,22.5906529,114.1100012
3342,22.5892949,114.1180675
3343,22.5908188,114.1247085
3344,22.5893925,114.1369603
3345,22.5893825,114.1395029
3347,22.5880572,114.1629546
3348,22.5902766,114.1691707
3350,22.5909219,114.1855626
3351,22.5914776,114.1910574
3355,22.5878528,114.2300723
3356,22.5895592,114.2374821
3357,22.5905763,114.2466878
3358,22.5890869,114.2541285
3359,22.5895632,114.2627445
3360,22.5894348,114.2707263
3361,22.5893042,114.2802824
3362,22.5878379,114.287362
3363,22.5893996,114.2979088
3364,22.5877188,114.300297
3380,22.5903117,114.4396795
3381,22.5914487,114.4442883
3383,22.5877645,114.4654427
3384,22.5887142,114.4738989
3385,22.5884323,114.4811214
3387,22.5908631,114.5002037
3408,22.5941619,113.8313359
3409,22.5928251,113.838396
3410,22.5933663,113.8478075
3411,22.5927252,113.8561337
3412,22.5937983,113.8677595
3413,22.5924967,113.8735532
3414,22.5930369,113.8818985
3415,22.5935218,113.8894143
3416,22.5944209,113.9004498
3417,22.5936161,113.9051866
3418,22.5925887,113.9147418
3419,22.5920002,113.9226678
3420,22.5926663,113.9328843
3421,22.5936442,113.940712
3423,22.5922997,113.9592827
3424,22.5933901,113.9658408
3425,22.5932003,113.9732891
3426,22.5938399,113.9826405
3427,22.5926089,113.991312
3428,22.5950729,113.9994441
3429,22.5943318,114.0103691
3430,22.5917109,114.0166968
3431,22.5943236,114.0251428
3433,22.5927657,114.0412968
3434,22.5935703,114.0497924
3435,22.5929827,114.055994
3438,22.593387,114.0850851
3440,22.592999,114.1055779
3441,22.593482,114.1096486
3442,22.5936264,114.1186733
3443,22.5933474,114.1267663
3444,22.5915817,114.1386419
3448,22.5929628,114.1669466
3449,22.5951794,114.1809795
3450,22.593133,114.1856092
3451,22.5945538,114.194066
3456,22.5938732,114.2364866
3457,22.5941273,114.2451235
3458,22.5945033,114.2530783
3459,22.5927768,114.2619049
3460,22.591854,114.2700168
3463,22.5941397,114.2978176
3464,22.5944409,114.3008835
3480,22.5916805,114.440875
3481,22.5935269,114.4474087
3483,22.5950137,114.4646737
3484,22.5936003,114.4736129
3485,22.5930246,114.4813856
3487,22.5951174,114.4982251
3488,22.5947062,114.5072313
3489,22.5916385,114.5172193
3490,22.5919939,114.5234724
3491,22.5926251,114.5322447
3492,22.5941598,114.5399331
3493,22.5929507,114.5460526
3508,22.5967446,113.8303151
3509,22.5971928,113.8394978
3510,22.5979966,113.847671
3511,22.5977019,113.8553538
3512,22.5978316,113.865056
3513,22.5974379,113.8735966
3514,22.5972521,113.8802418
3515,22.5980613,113.8931497
3516,22.5967941,113.8983238
3517,22.5965079,113.9060893
3518,22.5978063,113.9158046
3519,22.5973587,113.9267608
3521,22.5972708,113.9406113
3523,22.5970122,113.9580958
3524,22.5957978,113.9665327
3525,22.5972974,113.9748503
3526,22.5956212,113.9832334
3527,22.5973898,113.9902971
3528,22.5961372,114.0004999
3529,22.5976502,114.0061875
3530,22.5967801,114.0126524
3531,22.5962237,114.0240898
3532,22.5990815,114.0375145
3533,22.5973195,114.0419562
3534,22.5978724,114.050133
3535,22.5980238,114.0572737
3540,22.5975618,114.1019322
3541,22.5985241,114.1093723
3542,22.5965032,114.1177549
3543,22.5978181,114.1260885
3544,22.5969152,114.1355823
3546,22.5965369,114.1528248
3548,22.5978358,114.1694926
3550,22.5966854,114.1852427
3551,22.5972365,114.1938093
3555,22.5964564,114.231161
3556,22.5981547,114.2362666
3557,22.5963033,114.2447953
3558,22.5953281,114.2516357
3561,22.5956985,114.282828
3562,22.5972112,114.2831279
3563,22.5980527,114.2968697
3564,22.5983005,114.3041118
3568,22.5974281,114.3388988
3581,22.5982289,114.4488943
3583,22.5983736,114.4661455
3584,22.5967266,114.4732729
3585,22.5968255,114.4808533
3587,22.5976201,114.4994039
3588,22.5973762,114.5059517
3589,22.5966551,114.5155164
3590,22.5961985,114.524106
3591,22.5965275,114.534447
3592,22.5969121,114.540048
3593,22.598329,114.5453072
3608,22.6004093,113.8326054
3609,22.6022934,113.839165
3610,22.6025959,113.846968
3612,22.6007891,113.8635192
3613,22.600505,113.8737282
3614,22.6012098,113.882797
3615,22.6012357,113.889609
3616,22.600601,113.8971949
3617,22.6016055,113.9072582
3618,22.6003932,113.9164039
3619,22.6011995,113.9249691
3620,22.6012959,113.9329396
3621,22.6001684,113.9371775
3623,22.6011723,113.9583224
3624,22.5997082,113.9643755
3625,22.5991643,113.9771141
3626,22.6001807,113.9844912
3627,22.6016063,113.9915179
3628,22.6004642,113.9991206
3629,22.6000479,114.0078497
3630,22.6020757,114.0133149
3631,22.6023463,114.025536
3632,22.6020234,114.0345461
3633,22.6002736,114.0414704
3634,22.6018203,114.0505021
3635,22.6005489,114.0582561
3638,22.6015007,114.085931
3639,22.6003044,114.0916222
3640,22.6008969,114.1016253
3641,22.6010459,114.1094356
3642,22.6002271,114.117507
3643,22.602436,114.1266282
3644,22.6007701,114.1353225
3646,22.6005973,114.1498141
3648,22.60103,114.1693902
3649,22.5996662,114.1769615
3650,22.599221,114.1894322
3651,22.6027947,114.1921169
3656,22.5999407,114.2356203
3657,22.6015571,114.2441438
3660,22.600639,114.2677953
3663,22.601543,114.295866
3664,22.6009681,114.3048793
3665,22.6019266,114.3124616
3666,22.6021684,114.3200587
3669,22.6013366,114.3457449
3682,22.6021728,114.4569303
3683,22.599518,114.4660371
3684,22.6022143,114.4730941
3685,22.600048,114.4792687
3687,22.6004733,114.4966832
3688,22.6028215,114.5031633
3689,22.602567,114.5178435
3691,22.6000032,114.5341747
3692,22.5999506,114.5406495
3693,22.5998079,114.548201
3705,22.6047786,113.8090988
3706,22.6037818,113.8113938
3708,22.6041282,113.8329778
3709,22.6055078,113.840031
3710,22.6046799,113.8475067
3711,22.6039089,113.8554281
3712,22.6052224,113.8659038
3713,22.6066489,113.8723241
3714,22.6032617,113.8855431
3715,22.6041014,113.8912162
3717,22.6038689,113.9108741
3718,22.6040188,113.9187543
3719,22.6044952,113.9233587
3720,22.6044977,113.9322084
3725,22.6034601,113.972093
3726,22.605642,113.9828799
3727,22.6047652,113.9918149
3728,22.6058559,113.9983036
3729,22.6047886,114.0086616
3731,22.6047961,114.0258445
3732,22.6057376,114.0334389
3733,22.6055534,114.042316
3734,22.6046655,114.0500981
3735,22.6057037,114.0585838
3738,22.6052195,114.0856759
3739,22.6033198,114.0939122
3740,22.6047053,114.1015909
3741,22.6043601,114.1122008
3742,22.6052176,114.1179152
3743,22.604146,114.1271049
3744,22.6036521,114.1348129
3745,22.6049677,114.1432026
3746,22.6045696,114.1496547
3747,22.6045529,114.1608418
3748,22.6044758,114.1701586
3749,22.6034333,114.1747926
3750,22.604073,114.1856685
3753,22.603596,114.214142
3754,22.6048148,114.2180085
3756,22.6054747,114.2381522
3757,22.6063892,114.2432004
3758,22.6046807,114.256
3762,22.605243,114.2914098
3763,22.6048568,114.2957603
3764,22.6041857,114.3046572
3765,22.6033833,114.3152388
3766,22.604569,114.3205828
3768,22.6040574,114.3386032
3769,22.6046902,114.345412
3777,22.6054932,114.4148505
3778,22.6036886,114.4223783
3779,22.6048059,114.4268363
3783,22.6058289,114.4679143
3784,22.6053435,114.4725762
3794,22.6065733,114.5586299
3805,22.6084725,113.8067635
3806,22.6091367,113.8134275
3807,22.6096483,113.8247807
3808,22.6093188,113.8305388
3809,22.6078749,113.8399469
3810,22.6078319,113.8475005
3811,22.6094219,113.8567358
3812,22.6085615,113.866054
3814,22.6079159,113.8813193
3815,22.6075014,113.8912456
3819,22.6096719,113.9237568
3820,22.6088667,113.9327307
3821,22.6080388,113.941116
3824,22.609883,113.9654474
3825,22.6091633,113.9710316
3826,22.6090434,113.9831447
3828,22.6082345,113.9993375
3830,22.6100468,114.018414
3831,22.6095436,114.0246599
3832,22.6090112,114.033142
3833,22.6083001,114.040991
3834,22.6082435,114.0540545
3835,22.6082129,114.0594692
3836,22.6087067,114.0687138
3837,22.6104961,114.0726985
3838,22.6070213,114.0832329
3839,22.6077681,114.0948358
3840,22.6083119,114.1015718
3841,22.6095242,114.1102192
3842,22.6087322,114.1175466
3843,22.6099304,114.1258873
3844,22.6099085,114.1345181
3845,22.6096344,114.1443917
3846,22.6079082,114.1521899
3847,22.6076739,114.159824
3848,22.6073836,114.1702764
3850,22.6077776,114.1832534
3852,22.6074863,114.2015176
3853,22.609769,114.2121425
3854,22.6075831,114.2157018
3856,22.6093872,114.2381133
3859,22.6084103,114.2623646
3863,22.6067414,114.2990232
3864,22.6095814,114.3043174
3865,22.607071,114.3088153
3866,22.607031,114.3220221
3867,22.608409,114.3276536
3869,22.6101208,114.3444898
3870,22.6093373,114.3547212
3871,22.6104162,114.362506
3877,22.6070934,114.4159991
3878,22.6104997,114.4257514
3879,22.609949,114.4308657
3883,22.6073457,114.4683845
3893,22.6093886,114.5534272
3894,22.6085538,114.5575219
3895,22.610541,114.5647088
3905,22.6142265,113.8071886
3906,22.6124545,113.8129691
3907,22.6135248,113.8227316
3908,22.6125277,113.8293275
3909,22.6118285,113.8383449
3910,22.6126941,113.8478091
3911,22.6121787,113.8562911
3913,22.6136094,113.8700343
3914,22.6120355,113.8815823
3919,22.6129251,113.9210678
3920,22.6108267,113.9340618
3921,22.612463,113.9414077
3924,22.6116835,113.9663261
3925,22.6107189,113.9739544
3926,22.6114519,113.9809269
3928,22.6112511,113.996806
3930,22.6127871,114.0177335
3931,22.6112927,114.0267007
3932,22.6111213,114.0353603
3933,22.6117829,114.0416795
3934,22.612549,114.0509888
3935,22.6135039,114.0601421
3936,22.6137717,114.0657342
3937,22.610779,114.0728837
3938,22.6129664,114.0855414
3939,22.6126537,114.0924772
3940,22.6114821,114.100908
3941,22.6138039,114.1102588
3942,22.6129878,114.1181453
3943,22.6129994,114.1264781
3944,22.6122789,114.1353861
3945,22.6130242,114.1433618
3946,22.61235,114.1513252
3947,22.6142709,114.1575054
3949,22.6111834,114.1767671
3950,22.6135896,114.1851947
3952,22.6112513,114.2027956
3953,22.6110155,114.2114148
3954,22.6118088,114.2163973
3955,22.6139121,114.2309582
3962,22.6113186,114.29001
3963,22.6106351,114.2939054
3964,22.6128479,114.3033985
3969,22.6130413,114.3443673
3970,22.6117756,114.3539581
3971,22.6106396,114.3643391
3972,22.6134608,114.370843
3975,22.6119684,114.400654
3977,22.6134511,114.4113579
3978,22.6110688,114.4234961
3979,22.6108144,114.4300121
3994,22.6115403,114.5555463
3995,22.6132004,114.5672851
4005,22.6151252,113.8090859
4006,22.6175025,113.8145843
4007,22.6144943,113.8239263
4008,22.6173242,113.8307956
4009,22.6170192,113.8390016
4010,22.6147159,113.849546
4011,22.617059,113.8561876
4012,22.6162616,113.8636135
4013,22.6159915,113.8739753
4014,22.6146373,113.8805972
4018,22.6176755,113.9170323
4019,22.6169675,113.9248484
4021,22.6177336,113.9432172
4024,22.6172702,113.9681206
4025,22.6154669,113.9774976
4030,22.6177645,114.0193947
4031,22.6163864,114.0257611
4032,22.6154913,114.0333229
4033,22.6158905,114.0418611
4035,22.6168959,114.0598218
4036,22.6162161,114.0678603
4037,22.6160517,114.0726916
4038,22.6145416,114.0869023
4039,22.6173888,114.0914113
4040,22.6170818,114.1017177
4041,22.6169721,114.109851
4042,22.6161264,114.118489
4043,22.6159593,114.126639
4044,22.6170545,114.134666
4045,22.6155193,114.1432353
4046,22.6161818,114.1532116
4047,22.6171535,114.1605772
4050,22.6151676,114.1870419
4054,22.6176947,114.2208492
4055,22.6171059,114.2250359
4061,22.6178056,114.2791244
4062,22.616704,114.2871717
4064,22.6159695,114.304406
4069,22.6152223,114.3444209
4070,22.6171469,114.3552086
4073,22.6180076,114.3823346
4074,22.6152906,114.3905978
4075,22.6169387,114.397016
4076,22.6153171,114.4043177
4079,22.6150899,114.4294501
4105,22.6209237,113.8059206
4106,22.6209143,113.8127412
4108,22.6200548,113.8290513
4109,22.6205868,113.8394068
4110,22.6202748,113.8475376
4111,22.620232,113.8552679
4112,22.6206884,113.8623421
4119,22.6193686,113.9252736
4120,22.6199743,113.9348185
4121,22.6211761,113.9388871
4122,22.6190322,113.9463865
4124,22.6191261,113.9688657
4126,22.6204071,113.9813899
4127,22.620079,113.993381
4129,22.6198936,114.0084486
4130,22.6202051,114.0170774
4131,22.6203598,114.0247941
4132,22.6202957,114.0336684
4133,22.6193151,114.0407372
4134,22.6192252,114.0507831
4135,22.6193666,114.0591921
4136,22.6196683,114.0672012
4137,22.6215542,114.0791083
4138,22.6211315,114.0806719
4139,22.6195714,114.0906237
4140,22.6208557,114.1008051
4141,22.6214708,114.1107157
4142,22.6199717,114.1188259
4143,22.6189884,114.1293139
4144,22.6201005,114.1359035
4145,22.6205429,114.1421551
4146,22.6208559,114.1522656
4149,22.621507,114.1784405
4150,22.6208839,114.1825161
4154,22.619509,114.2194711
4155,22.618198,114.2274199
4158,22.6198812,114.2559227
4161,22.6185141,114.2822068
4162,22.6184311,114.2889282
4163,22.6208336,114.2973337
4164,22.6190164,114.30115
4170,22.6183703,114.3555793
4173,22.6209412,114.3838216
4174,22.6199722,114.3867943
4175,22.6199957,114.396905
4176,22.6194877,114.4044256
4177,22.6209704,114.4162577
4178,22.6205004,114.4221038
4179,22.6187822,114.4309165
4193,22.6185666,114.5532954
4196,22.6190101,114.5750597
4205,22.6244338,113.8061397
4206,22.6241817,113.8140198
4208,22.6253436,113.8298503
4209,22.6232813,113.8396389
4210,22.623596,113.8481196
4211,22.622006,113.8570242
4212,22.623541,113.8644258
4216,22.6248357,113.897211
4218,22.6241783,113.9160104
4219,22.6222258,113.920916
4220,22.6235088,113.9347655
4221,22.6235776,113.9417409
4223,22.6224066,113.9615947
4224,22.6253751,113.9661598
4225,22.6242322,113.9740703
4228,22.6230184,113.9965522
4229,22.6242522,114.0086707
4230,22.624562,114.0162847
4231,22.6237951,114.0253934
4232,22.6236838,114.0338852
4233,22.6238767,114.0429961
4234,22.6227114,114.0504802
4235,22.6243751,114.0593574
4236,22.6229561,114.0671637
4237,22.6230096,114.0750611
4238,22.6241626,114.0812767
4239,22.6234259,114.0955391
4240,22.6238063,114.1012218
4241,22.6245241,114.1113287
4242,22.623058,114.118072
4243,22.6247311,114.1261534
4244,22.6234824,114.1354818
4245,22.6233824,114.1444986
4246,22.6239223,114.1523966
4247,22.6243158,114.1584741
4249,22.6256651,114.1776233
4250,22.6248614,114.1877456
4254,22.624222,114.220961
4257,22.6233174,114.2449814
4259,22.6243218,114.2619761
4263,22.6239742,114.2973498
4271,22.6228051,114.3664644
4273,22.6221097,114.3840917
4274,22.6221097,114.3863448
4277,22.6247417,114.4137751
4278,22.6238529,114.4224865
4279,22.6242824,114.4307158
4280,22.6236868,114.4359379
4296,22.6235679,114.5738625
4305,22.6259153,113.8077829
4306,22.6267656,113.8126119
4307,22.6281809,113.8260698
4308,22.626877,113.8323416
4309,22.627069,113.839409
4310,22.6286902,113.8480429
4311,22.6268201,113.8552393
4312,22.6264572,113.8628706
4319,22.6283516,113.9213154
4320,22.6275293,113.9328482
4321,22.6260235,113.9376351
4323,22.6262332,113.957189
4324,22.6273434,113.9657656
4325,22.6266947,113.9761412
4326,22.6288301,113.984026
4329,22.6283062,114.0084752
4330,22.6273083,114.0164864
4331,22.6277811,114.026303
4332,22.6279022,114.0334741
4333,22.6276448,114.042068
4334,22.6285205,114.0496784
4335,22.6279152,114.0587978
4336,22.6280776,114.0674533
4337,22.6288534,114.0749162
4338,22.6278807,114.0844405
4340,22.6274308,114.1013093
4341,22.6278001,114.1091102
4342,22.6285271,114.1180778
4343,22.6268837,114.1276059
4344,22.6273928,114.1351588
4345,22.6275898,114.1438977
4346,22.6275071,114.1520675
4347,22.6270621,114.1595837
4349,22.6267533,114.1786223
4350,22.6264738,114.1858004
4353,22.6275427,114.2134193
4354,22.6290091,114.2199135
4359,22.6269191,114.2624706
4361,22.6262507,114.2780608
4362,22.6290397,114.2879505
4363,22.6275501,114.2963562
4364,22.6259294,114.3031298
4376,22.6291953,114.4049073
4377,22.6279077,114.4142906
4378,22.6272958,114.4226212
4379,22.6273902,114.4298707
4407,22.6330792,113.82173
4408,22.6315931,113.8313332
4409,22.6313113,113.8398611
4410,22.6307212,113.8471199
4411,22.6306543,113.8571273
4412,22.6313175,113.8634991
4419,22.6320343,113.9210695
4420,22.6316356,113.9322169
4421,22.6306376,113.9379373
4422,22.6329604,113.9531573
4424,22.6311657,113.9666557
4426,22.6315884,113.9826855
4427,22.6301671,113.9922432
4428,22.632139,113.9967678
4429,22.6312997,114.0093227
4430,22.631469,114.0168591
4431,22.6314635,114.0254712
4432,22.6315918,114.0340769
4433,22.6318194,114.0427481
4434,22.6321611,114.0508585
4435,22.6302964,114.0604617
4436,22.6308167,114.0670107
4437,22.6310726,114.0748825
4438,22.6318592,114.0861993
4439,22.632421,114.091706
4440,22.6311314,114.1021063
4441,22.6312783,114.1102505
4442,22.6319659,114.1184417
4443,22.6300191,114.1265738
4444,22.6305412,114.134636
4445,22.6313315,114.1438382
4446,22.6312422,114.1518241
4447,22.6320238,114.1600517
4448,22.6313173,114.1678505
4449,22.6319358,114.1794154
4450,22.6320372,114.1833942
4451,22.6314607,114.1943686
4454,22.6327037,114.220019
4459,22.6317273,114.2661566
4461,22.6319032,114.2786051
4462,22.6328624,114.2884506
4465,22.6313671,114.3149235
4476,22.6305953,114.4087024
4477,22.6321668,114.4140521
4478,22.6316089,114.4226582
4479,22.6305984,114.4297742
4496,22.6303423,114.5716002
4507,22.6369896,113.8233921
4508,22.6349192,113.832488
4509,22.635572,113.8390619
4510,22.6344016,113.8474319
4511,22.6368659,113.8601177
4512,22.6343561,113.8642239
4519,22.6364193,113.9213328
4520,22.6341803,113.9323995
4521,22.6359691,113.9420408
4524,22.6350304,113.9658487
4525,22.6365967,113.9779417
4528,22.6351181,113.9992815
4529,22.6341114,114.0077404
4530,22.6348527,114.0173787
4531,22.6355736,114.0247021
4532,22.6338911,114.033355
4533,22.635808,114.0409021
4534,22.6360489,114.0540492
4535,22.6354615,114.0593687
4536,22.6346666,114.0671695
4537,22.6338883,114.0748244
4538,22.6334279,114.0843876
4539,22.6352614,114.0916439
4540,22.6360755,114.1024565
4542,22.6345415,114.1170546
4543,22.6362417,114.1257107
4544,22.6335287,114.1388317
4545,22.6335731,114.1437931
4546,22.6337506,114.1513264
4547,22.6361331,114.1601581
4548,22.6363482,114.1697391
4549,22.6367783,114.1768028
4550,22.6352479,114.1869528
4551,22.6360276,114.193465
4553,22.6368109,114.2121905
4554,22.6341687,114.2196401
4562,22.6346371,114.2882656
4564,22.6338396,114.3078006
4566,22.6351529,114.3169993
4567,22.6370542,114.3282245
4576,22.6359168,114.4065409
4577,22.6355843,114.4133104
4578,22.6342958,114.4226107
4579,22.6354464,114.4296885
4580,22.636261,114.4372176
4607,22.6402688,113.8235913
4608,22.638887,113.8298546
4609,22.6385655,113.8403777
4611,22.6390458,113.8566665
4612,22.6409279,113.8659058
4617,22.6394665,113.9077845
4618,22.6387437,113.9146205
4619,22.6405254,113.9240091
4620,22.6384318,113.9319884
4622,22.6391519,113.9481174
4627,22.6400854,113.9932136
4628,22.6379726,114.0000903
4629,22.6390318,114.0081206
4630,22.6387636,114.0164516
4631,22.6394977,114.0256122
4632,22.6383429,114.0333053
4633,22.63906,114.0433301
4634,22.6396559,114.0516061
4635,22.6387085,114.0577806
4636,22.6394158,114.0686099
4637,22.63872,114.0752195
4638,22.6385906,114.0840998
4639,22.6399526,114.0914396
4640,22.6381768,114.0996357
4642,22.6376608,114.1223899
4643,22.6389659,114.1263191
4644,22.6409,114.1377205
4645,22.6396634,114.1408554
4646,22.6383948,114.151502
4647,22.6386932,114.1622656
4648,22.6389927,114.1698488
4649,22.6393252,114.1766167
4650,22.6387256,114.1856285
4651,22.6392511,114.1944903
4652,22.6409315,114.2014862
4653,22.6408614,114.2115538
4654,22.6394524,114.2189889
4655,22.6379214,114.2255977
4658,22.6375982,114.2567415
4659,22.639975,114.2635254
4661,22.6399357,114.2809981
4667,22.6389795,114.3282645
4669,22.6399047,114.3490982
4670,22.6375546,114.3519775
4675,22.63866,114.400594
4676,22.6387788,114.4049558
4677,22.638254,114.4129314
4678,22.6396316,114.4221176
4679,22.6382824,114.4294566
4680,22.6409794,114.4413236
4707,22.6427144,113.8224844
4708,22.6430559,113.8317247
4709,22.6443203,113.8386418
4711,22.6427046,113.857557
4718,22.6427907,113.9149976
4719,22.6426754,113.924763
4720,22.6421261,113.9333416
4728,22.6430385,113.9997843
4729,22.6431645,114.0083668
4730,22.6428268,114.0170495
4731,22.6424964,114.024512
4732,22.6430115,114.0335157
4733,22.6421159,114.0417429
4734,22.6425214,114.0499913
4735,22.6444108,114.0591354
4736,22.643962,114.067781
4737,22.6439114,114.0773854
4738,22.6430734,114.0842983
4739,22.6443383,114.0920289
4740,22.6447807,114.1007333
4742,22.6423513,114.1184008
4743,22.6432694,114.1245989
4744,22.6414725,114.1319869
4745,22.6432327,114.1441816
4746,22.6429326,114.1522231
4747,22.6421827,114.1616826
4748,22.6431185,114.1683943
4749,22.6427803,114.1782035
4750,22.6425004,114.1873043
4751,22.643492,114.1955437
4752,22.6441451,114.2051656
4753,22.6429198,114.208814
4755,22.64389,114.2286925
4757,22.6417273,114.2414982
4758,22.6430672,114.2562926
4759,22.6437286,114.2643924
4769,22.6430717,114.3484925
4775,22.6410308,114.3958473
4776,22.6423919,114.4097109
4777,22.6421753,114.4157975
4778,22.6425721,114.4236297
4780,22.6422708,114.4398665
4786,22.6435547,114.4904912
4787,22.6430254,114.4987093
4788,22.6440983,114.5066836
4806,22.6479767,113.8157351
4807,22.6473076,113.8230594
4808,22.6457356,113.8318413
4809,22.6481703,113.8399967
4811,22.6462143,113.8565299
4812,22.6451194,113.8629286
4817,22.6478305,113.9031607
4818,22.6468138,113.9148253
4819,22.64702,113.9239322
4822,22.645064,113.945852
4828,22.6468899,113.9992011
4829,22.6470345,114.0087105
4830,22.6477471,114.0163602
4831,22.6464314,114.0237162
4832,22.6477464,114.0343915
4833,22.6449907,114.042243
4834,22.6449331,114.0504286
4835,22.6474931,114.0591609
4836,22.6476471,114.0675476
4837,22.6477437,114.0765038
4838,22.6456773,114.0839786
4839,22.6475723,114.0920759
4840,22.6459886,114.0999114
4841,22.6475933,114.111278
4842,22.6468735,114.1161443
4843,22.6467379,114.1277023
4845,22.6461845,114.1432594
4846,22.6452546,114.1531539
4847,22.6472138,114.1600795
4848,22.6451791,114.1701336
4849,22.6456564,114.1776076
4850,22.6466604,114.1858545
4851,22.6465837,114.1948826
4852,22.6459349,114.2037037
4853,22.6468107,114.2113513
4854,22.6478654,114.2210974
4855,22.6467133,114.2261939
4856,22.6466307,114.2365736
4857,22.6469016,114.2448477
4861,22.6461941,114.276188
4868,22.6450105,114.3396273
4877,22.6475432,114.4102507
4880,22.644833,114.4416124
4886,22.6468706,114.4890047
4887,22.647256,114.4978108
4888,22.6455644,114.5065829
4889,22.6482071,114.5168062
4891,22.6485752,114.5345203
4896,22.6480805,114.5753739
4904,22.6498914,113.7954337
4906,22.6501898,113.8143705
4907,22.6502504,113.8227504
4908,22.651249,113.8312991
4909,22.6508908,113.8382868
4911,22.6498236,113.8571788
4912,22.6509676,113.863061
4915,22.6501109,113.8918359
4916,22.6520633,113.8999624
4917,22.6505452,113.9066404
4918,22.6514227,113.9150854
4919,22.6487612,113.9209581
4927,22.6522324,113.9955031
4928,22.6504376,114.0002323
4929,22.6488971,114.0076647
4930,22.6505814,114.018693
4931,22.6506981,114.0246362
4932,22.6521437,114.034767
4933,22.6506257,114.0425253
4934,22.6490931,114.0490554
4935,22.6502944,114.0589398
4936,22.6512261,114.0681826
4937,22.6515308,114.0752855
4938,22.6501151,114.0861548
4939,22.6501062,114.0967449
4940,22.6512409,114.1014093
4941,22.6510521,114.1093635
4942,22.6497417,114.1188393
4943,22.6505091,114.1266745
4944,22.6486824,114.1354804
4945,22.6496942,114.1435053
4946,22.6514447,114.1522634
4947,22.6499309,114.1639762
4948,22.6518224,114.1655901
4949,22.6500735,114.1774944
4950,22.6504346,114.1858405
4951,22.6500867,114.1939344
4952,22.649501,114.201696
4953,22.6520536,114.2116493
4954,22.6500795,114.2181141
4955,22.6516139,114.2293397
4956,22.6505795,114.235578
4957,22.6501373,114.2433199
4961,22.6501677,114.2775429
4962,22.6519238,114.2893219
4980,22.6498786,114.4387027
4986,22.6500184,114.4907562
4987,22.650154,114.4982298
4990,22.6505969,114.5240133
4991,22.6521224,114.529311
4995,22.6515693,114.5624012
4996,22.6504809,114.5739172
5006,22.6552821,113.8148693
5007,22.6556052,113.8221375
5008,22.6531045,113.8298799
5009,22.6556671,113.8389362
5010,22.6560468,113.8500683
5011,22.6555439,113.8585407
5012,22.6543958,113.8615823
5015,22.6545714,113.891321
5016,22.6545958,113.8993204
5017,22.6526905,113.906958
5018,22.6539769,113.9162937
5019,22.6553237,113.923204
5027,22.6558188,113.9956695
5028,22.6539611,113.9996767
5029,22.6533794,114.0076826
5030,22.6537725,114.0163753
5031,22.6552764,114.0249546
5032,22.6548494,114.0353396
5033,22.6549989,114.0428312
5034,22.6556767,114.0494738
5035,22.6538814,114.0590525
5036,22.6549181,114.0670484
5037,22.6541813,114.0759909
5038,22.6532706,114.0853911
5040,22.6543351,114.1015575
5041,22.6536968,114.1093512
5042,22.6538865,114.1196932
5043,22.6542799,114.1266407
5045,22.6544723,114.1414035
5046,22.6543849,114.1561454
5047,22.654818,114.156992
5048,22.6537695,114.1669951
5049,22.6530963,114.1768984
5050,22.6539595,114.1844176
5051,22.6544716,114.1944035
5052,22.6541172,114.2029133
5053,22.6549811,114.2115431
5054,22.6547658,114.216025
5055,22.6557069,114.2297576
5056,22.6544627,114.2383267
5057,22.6531789,114.2452133
5061,22.6532426,114.275594
5075,22.6556148,114.3964918
5086,22.655,114.4895668
5087,22.6555847,114.4956184
5090,22.6529774,114.5228693
5106,22.6581205,113.8132013
5107,22.6580613,113.8218491
5111,22.6582541,113.8572137
5112,22.6589936,113.8641105
5115,22.6587518,113.8891361
5116,22.6593056,113.8989908
5117,22.6585759,113.9068676
5118,22.6579167,113.9174139
5119,22.6580486,113.9216619
5127,22.6577885,113.9935949
5128,22.6571925,114.0003729
5129,22.6586859,114.0088902
5130,22.6579317,114.0164541
5131,22.657719,114.0251708
5132,22.6593149,114.0340869
5133,22.6592098,114.0423409
5134,22.6588457,114.0495977
5135,22.6581998,114.0599848
5136,22.657472,114.068869
5137,22.6589945,114.074846
5139,22.6573866,114.0930259
5140,22.6581578,114.1017289
5141,22.6592487,114.1124217
5142,22.6575545,114.1166783
5143,22.658111,114.1269359
5144,22.6570396,114.1346222
5145,22.6582276,114.1434146
5147,22.6577935,114.1628993
5148,22.6569377,114.1672402
5149,22.6589891,114.1790012
5150,22.6586022,114.1878474
5151,22.6580752,114.1927206
5152,22.6572428,114.2021666
5153,22.6586797,114.2111792
5155,22.657714,114.2291716
5156,22.6587216,114.2374427
5157,22.6596011,114.2459331
5165,22.6597841,114.3146049
5168,22.656993,114.3399336
5174,22.656791,114.392587
5175,22.6589384,114.3965432
5186,22.6574614,114.4912452
5187,22.6580056,114.4972122
5197,22.6583004,114.5849354
5203,22.6604538,113.7913529
5204,22.6609792,113.7965429
5205,22.6633595,113.8095589
5206,22.6618553,113.8150205
5207,22.6616938,113.8225903
5208,22.6636993,113.828442
5210,22.6625961,113.8513397
5211,22.6612751,113.857454
5212,22.6625513,113.8631224
5215,22.6606965,113.8920684
5217,22.6621357,113.9081059
5218,22.6622693,113.9143637
5219,22.663259,113.9203293
5226,22.6626678,113.9871665
5227,22.6619,113.9904416
5228,22.6620619,113.9992038
5229,22.6621223,114.0079672
5230,22.6623247,114.0159458
5231,22.6602244,114.0254229
5232,22.6610905,114.0336272
5233,22.6617323,114.0400433
5234,22.6614214,114.0507651
5235,22.6617117,114.0595329
5236,22.6608012,114.0676267
5237,22.6617718,114.0767487
5239,22.6614984,114.0937725
5240,22.6608844,114.1021264
5242,22.6628517,114.1181509
5243,22.6623523,114.1265295
5244,22.6627959,114.1341475
5245,22.6618377,114.1428485
5246,22.6613868,114.1504998
5249,22.6610637,114.1765712
5250,22.6616109,114.1863305
5251,22.6611355,114.1970409
5252,22.6613376,114.2027584
5253,22.6624675,114.2108014
5254,22.6609608,114.2197597
5255,22.6622306,114.2276083
5256,22.6627095,114.2354317
5257,22.6618839,114.2458422
5258,22.6617402,114.2514901
5260,22.6631553,114.272435
5261,22.6623129,114.279435
5262,22.6618953,114.2869667
5263,22.6633376,114.2976924
5264,22.6622541,114.3037207
5265,22.6631656,114.3116817
5266,22.6623625,114.3209219
5271,22.6623434,114.3625044
5273,22.6611129,114.3797084
5275,22.6623644,114.3952935
5276,22.6623473,114.4030786
5282,22.6614445,114.4569039
5286,22.6613164,114.492833
5287,22.6620912,114.4950056
5304,22.6656167,113.7965669
5305,22.6660822,113.8051734
5306,22.6667082,113.8138533
5307,22.6660054,113.8235063
5311,22.6653087,113.856066
5312,22.6660398,113.8638672
5313,22.666384,113.8710151
5314,22.6645032,113.8843584
5315,22.6661351,113.8895306
5317,22.6653682,113.9079263
5318,22.6648952,113.9153795
5319,22.6655031,113.9239692
5326,22.6659022,113.9860202
5327,22.6653901,113.991448
5328,22.6668502,114.0001611
5329,22.6668087,114.0088065
5330,22.6660397,114.0166023
5331,22.6659775,114.024361
5332,22.6658645,114.0311757
5333,22.66582,114.0425556
5334,22.6639651,114.0524603
5335,22.6666573,114.0591553
5336,22.6644644,114.0676808
5337,22.6642042,114.0745039
5338,22.6672731,114.0869318
5339,22.665587,114.0915686
5340,22.6647009,114.1017884
5341,22.665031,114.1110828
5342,22.6653098,114.1179575
5343,22.6648659,114.1256341
5344,22.6656398,114.1315431
5345,22.6658675,114.1433184
5351,22.6645409,114.1984688
5352,22.6660829,114.2032044
5353,22.6652686,114.211244
5354,22.6663088,114.2191244
5355,22.6645699,114.2244483
5356,22.6652966,114.2357237
5357,22.6662467,114.2429334
5360,22.6644721,114.271442
5361,22.6664568,114.2781048
5362,22.6641443,114.2862393
5363,22.6652438,114.2972077
5364,22.6666656,114.302177
5365,22.6645894,114.3133961
5366,22.6650522,114.3201626
5367,22.6663552,114.3297426
5369,22.6664424,114.3475646
5371,22.6648716,114.3628101
5374,22.6667435,114.3921699
5377,22.665188,114.4131125
5401,22.6694203,113.7741232
5402,22.6711987,113.780387
5403,22.6709152,113.791932
5404,22.668276,113.7976786
5405,22.6692503,113.8060775
5406,22.6700711,113.8135327
5407,22.6688515,113.823037
5408,22.6703372,113.8276605
5411,22.6690015,113.8555132
5412,22.6688127,113.8658988
5413,22.669917,113.8724491
5414,22.6692254,113.8821961
5415,22.6678326,113.8916118
5417,22.6695223,113.9067105
5418,22.671108,113.91322
5419,22.6703924,113.9242171
5421,22.6695905,113.9414887
5426,22.6702293,113.9838063
5427,22.6697874,113.9916535
5428,22.6700768,113.9977179
5430,22.6700181,114.0170216
5431,22.6711115,114.0250485
5432,22.669428,114.0328512
5433,22.6693873,114.0420959
5434,22.6700375,114.0494201
5435,22.6692653,114.059358
5438,22.6690075,114.084236
5439,22.6692828,114.0926311
5441,22.670541,114.109971
5442,22.6698935,114.1174983
5443,22.6697187,114.1271874
5444,22.670794,114.1381015
5445,22.6687291,114.1411918
5451,22.669799,114.1964133
5452,22.6682229,114.2033489
5453,22.6693535,114.2106051
5454,22.6690232,114.2202958
5456,22.6685584,114.2364907
5457,22.6678696,114.2410873
5460,22.6701858,114.2731609
5461,22.6699758,114.2784785
5462,22.6705316,114.2865602
5463,22.6703063,114.297267
5464,22.6698106,114.3049569
5465,22.6711014,114.3119033
5466,22.6695038,114.3207696
5467,22.668538,114.3284474
5469,22.6692791,114.345966
5470,22.671388,114.3540839
5474,22.66822,114.3901551
5476,22.6684334,114.4015024
5501,22.6738732,113.7685005
5502,22.6722809,113.7796922
5503,22.6741576,113.789908
5504,22.6735443,113.7970692
5505,22.6738667,113.8057355
5506,22.6731344,113.8132564
5507,22.6733697,113.822997
5508,22.6734958,113.8310153
5512,22.6728439,113.8656285
5513,22.6719944,113.875025
5514,22.6722595,113.8843037
5515,22.673125,113.8898456
5516,22.6740739,113.8968758
5517,22.6751435,113.9070775
5518,22.6746257,113.9161892
5519,22.6734689,113.922385
5520,22.6731833,113.9301149
5521,22.6745409,113.9410156
5525,22.6747162,113.975304
5526,22.6741318,113.9839406
5527,22.6734668,113.9922
5528,22.6726873,113.9996007
5529,22.6734,114.00921
5530,22.6737531,114.0169678
5531,22.6729229,114.0265634
5532,22.6734118,114.0344826
5533,22.6733676,114.0421987
5534,22.6735874,114.0516125
5535,22.6720754,114.0589219
5536,22.6732899,114.0696569
5542,22.6734824,114.1172395
5543,22.6717123,114.1268206
5544,22.6734321,114.1367337
5545,22.6733259,114.1463366
5546,22.6746692,114.1493944
5547,22.6742929,114.1566001
5551,22.6750957,114.1903427
5552,22.6730029,114.2031864
5553,22.6722982,114.211335
5554,22.6736674,114.21915
5555,22.6727455,114.2246605
5561,22.671749,114.28278
5562,22.6732254,114.2873849
5563,22.6723524,114.2932438
5564,22.6727768,114.3038656
5565,22.6741369,114.3127411
5566,22.6739617,114.3221678
5567,22.6750838,114.325758
5568,22.6733131,114.3361068
5570,22.672141,114.3541033
5571,22.6751654,114.3629102
5601,22.6759381,113.7708575
5602,22.6778276,113.7795237
5603,22.677831,113.788117
5604,22.67738,113.7969449
5605,22.6772118,113.8054621
5606,22.6772765,113.8143934
5607,22.6769586,113.8228484
5608,22.6771435,113.8309745
5609,22.6777407,113.835946
5610,22.6773569,113.843776
5611,22.6773395,113.8582605
5612,22.6787623,113.8646709
5614,22.675298,113.885082
5615,22.6754716,113.8930354
5616,22.6759938,113.897084
5617,22.6768199,113.9087631
5618,22.6778133,113.9145255
5619,22.6770581,113.9238706
5620,22.6774972,113.9333147
5621,22.6766487,113.9402576
5622,22.6753309,113.9481527
5624,22.6773415,113.9680883
5625,22.6782828,113.975374
5626,22.6761223,113.981025
5627,22.6775439,113.9916324
5628,22.6784149,114.0009819
5629,22.676482,114.0079998
5630,22.6768572,114.0175402
5631,22.6775986,114.0232757
5632,22.6771217,114.0328037
5633,22.6771772,114.0440622
5634,22.6764276,114.0509992
5635,22.6768098,114.0582269
5636,22.6783185,114.0640942
5640,22.6774108,114.102889
5641,22.6775246,114.1071459
5642,22.6770692,114.1171669
5643,22.6774182,114.127291
5644,22.6766183,114.1353383
5645,22.676228,114.1412414
5646,22.6776836,114.1512933
5647,22.6770124,114.1577222
5651,22.6762232,114.1971201
5652,22.677802,114.2031889
5653,22.6790571,114.2100942
5654,22.67717,114.2196473
5655,22.6787547,114.2305283
5656,22.6767059,114.2340524
5657,22.6778366,114.2491737
5663,22.676837,114.2954426
5664,22.6774395,114.3040393
5665,22.6766096,114.3132706
5666,22.6774634,114.3210942
5667,22.6779174,114.3295552
5668,22.6756654,114.3380932
5669,22.6780595,114.3455421
5670,22.6766858,114.3566183
5671,22.6765903,114.3651019
5701,22.6817226,113.7729227
5702,22.6815244,113.7805775
5703,22.6822772,113.7880126
5704,22.6819309,113.7968601
5705,22.6793085,113.8051846
5706,22.6791409,113.8156627
5707,22.680524,113.8224224
5708,22.6809973,113.8296086
5709,22.6818182,113.838072
5710,22.6796634,113.8444707
5712,22.6810485,113.8651961
5713,22.6809714,113.8774101
5715,22.6815632,113.8878112
5717,22.6797353,113.9111905
5719,22.6809099,113.9241888
5720,22.6815001,113.9318152
5721,22.6807317,113.9408529
5722,22.6810263,113.947815
5723,22.6815773,113.9610464
5724,22.6806939,113.9666529
5725,22.6806216,113.9743176
5726,22.6805044,113.9834878
5727,22.6812844,113.9908284
5728,22.6820573,113.9999753
5729,22.6798427,114.0095779
5730,22.6802296,114.0174059
5731,22.6820312,114.0264359
5732,22.6814766,114.0333359
5733,22.6807281,114.0438612
5734,22.6814918,114.0503597
5735,22.680865,114.0587301
5736,22.6800834,114.0660691
5737,22.6823767,114.0769822
5741,22.6814098,114.1137003
5742,22.6809894,114.1168838
5743,22.6815248,114.1249817
5744,22.6806325,114.1372077
5745,22.6806249,114.1452364
5746,22.6806259,114.1519893
5751,22.6825239,114.1961422
5752,22.6811189,114.2039783
5753,22.6793496,114.2113282
5754,22.6817304,114.2198029
5755,22.6804698,114.2276248
5760,22.6825165,114.2728875
5761,22.6827224,114.2792165
5764,22.6803718,114.3048983
5765,22.6815238,114.3134503
5766,22.6815691,114.3200452
5767,22.6814508,114.3298997
5768,22.6821561,114.3378375
5769,22.6804078,114.3452678
5770,22.6815028,114.35414
5771,22.6795972,114.3617801
5773,22.6820795,114.3828267
5774,22.6790699,114.3853666
5801,22.6859535,113.7718816
5802,22.6862023,113.7799194
5803,22.6859583,113.7879211
5804,22.6859632,113.7968889
5805,22.6852261,113.8057891
5807,22.685955,113.8226808
5808,22.6859044,113.8269821
5809,22.6847162,113.8402291
5810,22.6853152,113.8450132
5815,22.684206,113.8915494
5819,22.6865414,113.9222527
5820,22.6854726,113.93376
5821,22.6836544,113.9412228
5822,22.6851642,113.9498588
5823,22.6841819,113.9565997
5824,22.684317,113.9664154
5825,22.6849447,113.9776205
5826,22.6851059,113.9814928
5827,22.6863333,113.9919844
5828,22.685408,113.9998339
5829,22.6834239,114.0090103
5830,22.6840057,114.0153425
5831,22.6846192,114.0249745
5832,22.6852771,114.0341511
5833,22.6838817,114.0434442
5834,22.6850708,114.051486
5835,22.6846272,114.0589185
5836,22.6838384,114.066589
5837,22.6840916,114.0766803
5838,22.683107,114.0837968
5840,22.684068,114.1017624
5841,22.6844693,114.1109149
5842,22.6839463,114.1192941
5843,22.6845917,114.1249347
5844,22.6832802,114.1343073
5845,22.6850531,114.1434544
5847,22.6841938,114.1585374
5851,22.6839717,114.1941366
5852,22.6860316,114.2024992
5853,22.6842659,114.2137089
5854,22.684621,114.2201657
5855,22.6858936,114.2280303
5856,22.685434,114.2343475
5857,22.6864002,114.2458675
5860,22.6852768,114.272988
5861,22.6855887,114.2769218
5862,22.6863252,114.2880852
5865,22.683787,114.3120541
5866,22.6848161,114.321187
5867,22.6842493,114.3280644
5868,22.6845648,114.337195
5869,22.6843706,114.347424
5870,22.6841919,114.3542561
5871,22.6845302,114.3635139
5872,22.6834932,114.373992
5873,22.6833938,114.3841534
5874,22.6850517,114.3848116
5901,22.6868714,113.7716411
5902,22.68693,113.776396
5903,22.6887895,113.7878633
5904,22.6884752,113.7967396
5905,22.6886693,113.8052522
5907,22.6880575,113.8236402
5908,22.6897137,113.8324685
5909,22.6881219,113.8397951
5910,22.6875382,113.8436579
5914,22.6887744,113.8815952
5919,22.6889741,113.9248291
5920,22.6900854,113.9320261
5921,22.6888696,113.9402604
5922,22.6877295,113.9489381
5923,22.6867684,113.9581086
5924,22.6891258,113.965497
5925,22.6881082,113.9772511
5927,22.6894568,113.9908905
5928,22.6888003,113.9997841
5929,22.6881234,114.0058758
5930,22.689249,114.0157971
5931,22.6888028,114.0249248
5932,22.6886856,114.0351117
5933,22.6884734,114.0410434
5934,22.6881007,114.0494113
5935,22.6891486,114.058793
5936,22.6884178,114.0662476
5937,22.6891532,114.0748043
5939,22.6898381,114.0929965
5940,22.687723,114.100309
5941,22.6889942,114.1091863
5942,22.6880615,114.1178581
5943,22.6892949,114.1267863
5944,22.6890608,114.1362448
5945,22.6868225,114.1404047
5946,22.6886748,114.1535902
5951,22.6870817,114.197321
5952,22.6881649,114.203053
5953,22.6881399,114.2083473
5954,22.6894435,114.2186295
5955,22.6882456,114.2272902
5956,22.6877416,114.2375407
5957,22.6868477,114.2459768
5958,22.6889112,114.2543681
5959,22.6874016,114.2604753
5960,22.689139,114.2691392
5961,22.6881502,114.2768779
5962,22.6882428,114.2880426
5963,22.688585,114.2968861
5964,22.6885276,114.3047438
5966,22.6883233,114.3218906
5967,22.6879159,114.3292253
5968,22.689485,114.3388591
5969,22.6876744,114.3465585
5970,22.6887578,114.3546853
5971,22.6893033,114.3632768
5972,22.6878925,114.3726059
5973,22.689602,114.3807015
5974,22.6900098,114.3865774
5975,22.6901224,114.4003767
6001,22.6925042,113.7717791
6002,22.6914953,113.7802473
6003,22.6928782,113.7894112
6004,22.6914605,113.7965581
6005,22.6927152,113.8053346
6006,22.6925975,113.8155625
6007,22.6929437,113.8187946
6008,22.6931122,113.8310074
6009,22.6919527,113.8401683
6013,22.691506,113.87485
6018,22.6924307,113.9163654
6019,22.6938535,113.9245629
6020,22.6925353,113.9325362
6021,22.6923191,113.9409336
6022,22.6920709,113.9482199
6023,22.6935622,113.9611589
6024,22.6918488,113.9650648
6025,22.692814,113.9744873
6026,22.6927864,113.9846867
6027,22.6932352,113.9914206
6028,22.6924189,113.9998672
6029,22.6918247,114.0059923
6030,22.693113,114.0193219
6031,22.692598,114.0256892
6032,22.690899,114.0342346
6033,22.6932505,114.0435053
6034,22.6921786,114.050708
6035,22.6915909,114.0589014
6036,22.6926235,114.0679708
6037,22.6930922,114.0770306
6038,22.6923194,114.0860962
6039,22.6930265,114.0931501
6040,22.6931186,114.1019688
6041,22.6923605,114.108769
6042,22.6929541,114.1184048
6043,22.6934911,114.1262057
6044,22.6922223,114.1352743
6045,22.6933702,114.1453982
6046,22.6915968,114.1486314
6051,22.6915194,114.1941499
6052,22.6914994,114.2010056
6053,22.693291,114.2123556
6054,22.6921455,114.2205353
6055,22.6910553,114.2279077
6056,22.6924496,114.2324004
6058,22.6906514,114.2559648
6059,22.6923129,114.2623168
6060,22.6908213,114.2690539
6061,22.6941006,114.278404
6062,22.6911763,114.2884858
6063,22.6913428,114.2968233
6064,22.6914511,114.304696
6065,22.6930983,114.3118586
6066,22.6940793,114.3207673
6067,22.6917593,114.3301936
6068,22.6931166,114.3388425
6069,22.6918432,114.3462331
6070,22.6916494,114.3541891
6071,22.692453,114.3638867
6072,22.6921022,114.3731933
6073,22.692548,114.380105
6074,22.6911709,114.3904446
6075,22.6921819,114.3973392
6076,22.6932044,114.4022501
6077,22.6925772,114.4140603
6100,22.6962377,113.7647883
6101,22.6967499,113.7730898
6102,22.6958408,113.7806244
6103,22.6962391,113.7892686
6104,22.6953918,113.7986149
6105,22.6961283,113.8063905
6106,22.6954037,113.8137346
6107,22.6971184,113.8203196
6108,22.6955354,113.8310678
6109,22.6956046,113.8391567
6111,22.6943838,113.8556065
6114,22.6958792,113.8781397
6115,22.6952963,113.8883089
6119,22.6951131,113.9207148
6120,22.6951326,113.931452
6121,22.6951401,113.9405366
6122,22.6975205,113.9500934
6124,22.6956155,113.9662081
6125,22.6967664,113.9713575
6126,22.6954033,113.9846197
6127,22.6961743,113.9917021
6128,22.6949169,114.0001295
6131,22.6962049,114.0253987
6132,22.6959754,114.033889
6133,22.6956056,114.0401854
6134,22.6947956,114.0525647
6135,22.6973149,114.0572582
6136,22.6955069,114.0678386
6137,22.6959207,114.079937
6138,22.6960423,114.0853445
6139,22.6961337,114.0910373
6140,22.6965814,114.1018738
6141,22.6943925,114.1097853
6142,22.6949164,114.1178204
6143,22.6959873,114.1267818
6144,22.6953327,114.1344959
6145,22.6958507,114.1446362
6151,22.6964678,114.1984943
6152,22.6946285,114.198684
6153,22.6959767,114.2111999
6154,22.6950922,114.219728
6155,22.6958742,114.2268418
6156,22.6969211,114.2371987
6157,22.6964857,114.2436305
6158,22.6962659,114.253126
6159,22.6943072,114.2642617
6160,22.6961296,114.2712069
6161,22.6960843,114.2777329
6162,22.6974301,114.2873684
6163,22.6958559,114.2968567
6164,22.6945251,114.3046423
6165,22.6966817,114.3110139
6167,22.6960215,114.3303367
6168,22.6966028,114.3390523
6169,22.695338,114.3462287
6170,22.6975156,114.3557883
6171,22.6949622,114.3628822
6172,22.6963646,114.3697217
6173,22.6953099,114.3806319
6174,22.6945987,114.3890893
6175,22.6955195,114.3964483
6176,22.6962037,114.4055111
6177,22.6960985,114.4140354
6179,22.6966944,114.4286958
6200,22.7015663,113.765213
6201,22.6994062,113.7726699
6202,22.6997833,113.7809635
6203,22.699608,113.7893405
6204,22.6998063,113.7992145
6205,22.6995972,113.805398
6206,22.6993288,113.8160104
6207,22.6998362,113.822374
6208,22.7004508,113.8309678
6209,22.6994547,113.8400472
6210,22.7011084,113.8491885
6213,22.699751,113.8728028
6215,22.6991018,113.894275
6218,22.7009551,113.9151156
6219,22.7004605,113.9250623
6220,22.7010366,113.9330337
6221,22.6995727,113.9416167
6223,22.6994815,113.9594566
6224,22.7005135,113.9653732
6225,22.6998579,113.977571
6226,22.7002195,113.9837101
6227,22.7007018,113.9896338
6228,22.6986687,113.9999877
6231,22.7001137,114.0263446
6232,22.7005354,114.0341798
6233,22.7004119,114.0419871
6234,22.6984232,114.0517547
6237,22.7013589,114.0791342
6238,22.6989798,114.0842581
6239,22.7018841,114.0918883
6240,22.6996338,114.1011581
6241,22.6985321,114.1075672
6242,22.6987194,114.11624
6243,22.7003412,114.1266082
6244,22.7009688,114.1341191
6245,22.6985389,114.1406537
6251,22.6993919,114.1983312
6252,22.700915,114.2027377
6253,22.7005587,114.2139917
6254,22.7005555,114.2197791
6255,22.699833,114.2276273
6256,22.6991759,114.2345603
6257,22.700017,114.2458584
6258,22.7001851,114.2507882
6260,22.6984911,114.2712996
6261,22.7002143,114.2829494
6262,22.7001424,114.2873122
6263,22.6989016,114.2928749
6264,22.6994394,114.3057627
6265,22.7000243,114.3126965
6266,22.7005178,114.3205759
6267,22.7001907,114.3288047
6268,22.7010601,114.3379754
6269,22.7013207,114.3479276
6270,22.6992015,114.3573336
6271,22.6995994,114.362242
6272,22.6996042,114.3729758
6274,22.6986603,114.3897913
6275,22.6998797,114.3961639
6276,22.7005846,114.4041725
6277,22.7000049,114.4144857
6300,22.7042363,113.7642514
6301,22.7046567,113.7718679
6302,22.7041909,113.7797985
6303,22.7039779,113.789194
6304,22.7041829,113.7987817
6305,22.7039702,113.8051912
6306,22.7032543,113.8133568
6307,22.703611,113.8225772
6308,22.7021747,113.8306555
6309,22.7034278,113.8398513
6310,22.7035833,113.8483416
6311,22.7045033,113.8530134
6312,22.7033901,113.8654477
6313,22.7042349,113.8760054
6314,22.7053837,113.8846742
6316,22.704463,113.8980128
6318,22.7021639,113.9139953
6319,22.7039087,113.9252471
6322,22.7029875,113.9529643
6323,22.7041717,113.9576763
6324,22.7039313,113.9620883
6325,22.7036488,113.9726745
6326,22.7046477,113.9826904
6330,22.7040056,114.0209513
6331,22.7034255,114.0261039
6332,22.7048846,114.0348349
6333,22.7038043,114.0418924
6334,22.7040062,114.0504077
6335,22.70464,114.0581151
6337,22.7044922,114.0801394
6338,22.7034097,114.084694
6339,22.7035479,114.0928418
6340,22.7041216,114.1011034
6341,22.7035276,114.1093441
6342,22.7055402,114.117251
6343,22.703593,114.126544
6344,22.7020026,114.1331962
6352,22.7032489,114.2026861
6353,22.7032934,114.2106024
6354,22.7033888,114.2190975
6355,22.7044084,114.2272359
6356,22.702733,114.2367498
6357,22.7055242,114.2448079
6358,22.7033241,114.2518551
6359,22.7046754,114.2658001
6360,22.7040996,114.2684727
6362,22.7021791,114.2872696
6363,22.7023912,114.2966291
6364,22.7034584,114.3078191
6365,22.704253,114.3114031
6366,22.703711,114.3203134
6367,22.7034267,114.3307018
6368,22.7032503,114.3369595
6369,22.7027407,114.346629
6370,22.7050112,114.3533433
6371,22.7034394,114.3635611
6372,22.7049162,114.3716053
6373,22.7039651,114.3805925
6375,22.7042615,114.39675
6400,22.7084014,113.7637079
6401,22.7066191,113.7715982
6402,22.7076394,113.7816154
6403,22.7057794,113.7891715
6404,22.7074994,113.7952114
6405,22.7079077,113.8053707
6406,22.7076059,113.8149384
6407,22.7084178,113.8223948
6408,22.7078174,113.8287398
6409,22.7080835,113.8394034
6410,22.707096,113.8484771
6412,22.7070875,113.8644101
6413,22.7072099,113.8736181
6414,22.7059062,113.8776198
6416,22.7087259,113.8993215
6417,22.7074055,113.9105231
6418,22.7081048,113.9153893
6419,22.7067996,113.9260983
6420,22.7075241,113.9294331
6423,22.7092901,113.9577477
6424,22.7078059,113.9666415
6426,22.7064184,113.9828137
6430,22.708544,114.0191431
6431,22.7060495,114.0260668
6432,22.7091075,114.0327408
6433,22.7083615,114.0409508
6434,22.7079781,114.0512753
6435,22.7079498,114.0604978
6436,22.7087913,114.0682161
6437,22.7070816,114.0769203
6438,22.7078462,114.0847147
6439,22.7062186,114.0927192
6440,22.7091421,114.1016461
6441,22.7061285,114.1118298
6442,22.706379,114.1168376
6443,22.7070988,114.1284498
6451,22.7089112,114.1973655
6452,22.707653,114.2026757
6453,22.7087512,114.2120551
6454,22.7065259,114.2194396
6455,22.7091804,114.2288073
6456,22.7066856,114.2382912
6457,22.7073098,114.2462975
6460,22.7068702,114.2685894
6461,22.7090166,114.277313
6462,22.7058002,114.2850852
6463,22.7073497,114.2936611
6464,22.7085814,114.3052783
6465,22.706999,114.312569
6466,22.7073715,114.3203894
6467,22.7082528,114.3315917
6468,22.7074939,114.3377309
6469,22.7072978,114.3459751
6470,22.707054,114.3559403
6471,22.7067967,114.3629503
6472,22.7082523,114.3718441
6474,22.7082345,114.3889828
6475,22.706958,114.3963336
6476,22.7085316,114.4053071
6477,22.706975,114.4103666
6500,22.711659,113.7634394
6501,22.7124046,113.7706988
6502,22.7104347,113.7815633
6503,22.7102996,113.7875783
6504,22.7101914,113.7975548
6505,22.7102965,113.8072468
6506,22.7110481,113.8127905
6507,22.7132727,113.8229665
6508,22.7120244,113.8296498
6509,22.7113149,113.8404495
6510,22.711101,113.8473339
6511,22.7112432,113.8556795
6514,22.7118514,113.8846828
6515,22.712619,113.8892795
6516,22.711382,113.8984499
6517,22.7106051,113.9050797
6523,22.7106998,113.957452
6530,22.7127938,114.0175938
6531,22.7131041,114.0243689
6533,22.7113736,114.0424995
6534,22.7122363,114.0519255
6535,22.7131473,114.0587413
6536,22.7096934,114.0681479
6538,22.7117506,114.0841292
6539,22.7114263,114.0947757
6540,22.7116797,114.1033684
6541,22.7131188,114.1119402
6542,22.7097722,114.1218272
6544,22.7131088,114.1343166
6551,22.7105843,114.1942623
6552,22.7125954,114.2034641
6553,22.7122881,114.2097809
6554,22.712357,114.2158321
6555,22.7106723,114.2269674
6556,22.7111355,114.2379918
6557,22.7122628,114.2466278
6558,22.7108785,114.2535694
6559,22.7113466,114.2623273
6561,22.7106285,114.2777115
6563,22.7103977,114.297673
6564,22.7113006,114.3042256
6565,22.7109741,114.3127508
6566,22.7111615,114.3195627
6567,22.7101397,114.3302873
6568,22.7115976,114.3378218
6569,22.7111344,114.346429
6570,22.7110958,114.3539796
6571,22.7116327,114.3631803
6572,22.7115103,114.3712581
6573,22.710856,114.3811257
6574,22.7113957,114.3885963
6575,22.7107887,114.3962817
6576,22.713224,114.402635
6577,22.7110759,114.4106421
6601,22.7133469,113.7706732
6602,22.7157623,113.7810641
6603,22.714511,113.787865
6604,22.7150315,113.7938991
6606,22.7153503,113.8145341
6607,22.7145428,113.8232649
6608,22.715031,113.8308951
6609,22.7146529,113.8383149
6610,22.7142897,113.8459506
6611,22.7142715,113.8567576
6612,22.7141479,113.8664727
6613,22.7135621,113.8770354
6614,22.714678,113.8810875
6615,22.7149695,113.8894031
6616,22.7161802,113.8975898
6617,22.7159839,113.9083208
6619,22.7162572,113.9263739
6620,22.7165382,113.9336946
6623,22.7145902,113.9556195
6628,22.7156509,113.9996926
6629,22.7171048,114.0122541
6630,22.7154168,114.0171558
6631,22.7133515,114.0251038
6632,22.7147409,114.0341599
6633,22.7149901,114.0420713
6634,22.7153324,114.0506433
6635,22.7138295,114.062907
6636,22.716579,114.0665675
6639,22.7142869,114.0966891
6640,22.7144205,114.1008365
6643,22.7150972,114.1285506
6644,22.7136245,114.1346338
6652,22.7152883,114.2030927
6653,22.7161496,114.2099225
6656,22.7152703,114.2355184
6657,22.7153164,114.2446021
6658,22.7148123,114.2527274
6659,22.7149103,114.2619084
6660,22.7156616,114.2681889
6661,22.7160432,114.2784461
6662,22.7153204,114.2859434
6664,22.7144243,114.3041317
6665,22.7167176,114.3097501
6666,22.7165736,114.3247959
6667,22.7134257,114.3276421
6668,22.713523,114.3421383
6669,22.71609,114.3461469
6670,22.7148459,114.352277
6671,22.7149572,114.3619787
6672,22.713817,114.3703795
6673,22.7148513,114.380407
6674,22.7151544,114.3907674
6675,22.7152851,114.3960222
6676,22.7143067,114.4027725
6701,22.7184825,113.7752829
6702,22.7179557,113.7805972
6703,22.7176666,113.7874816
6704,22.7207595,113.7995028
6705,22.7185322,113.80604
6706,22.7192319,113.8145431
6707,22.7184005,113.8224822
6708,22.7204054,113.8313524
6709,22.7201504,113.8392537
6710,22.7196404,113.851436
6711,22.7197642,113.8562106
6714,22.718621,113.8820081
6715,22.7183987,113.8892984
6716,22.7192328,113.8984914
6717,22.7189034,113.9067168
6718,22.7195844,113.915494
6719,22.7195795,113.9239624
6720,22.7185224,113.9282965
6721,22.7194941,113.9390259
6729,22.7203873,114.0113353
6730,22.7190637,114.0161562
6731,22.7198635,114.024513
6733,22.7176545,114.042564
6734,22.7183287,114.0510406
6735,22.7185538,114.0573363
6736,22.7182183,114.0676321
6738,22.7189178,114.0815535
6739,22.7196553,114.0933531
6740,22.7202366,114.0974039
6741,22.717705,114.1097638
6752,22.7172253,114.204202
6753,22.7175711,114.2099028
6755,22.7192858,114.230102
6756,22.7191646,114.2363272
6757,22.717812,114.2453411
6758,22.7185657,114.2518786
6759,22.7184233,114.2615267
6760,22.7185253,114.2677156
6761,22.7184738,114.2782744
6762,22.718116,114.2862908
6763,22.7178543,114.2950416
6764,22.7206352,114.3041155
6765,22.7190316,114.3128975
6769,22.7172867,114.3474988
6770,22.7183557,114.3539042
6771,22.7180926,114.3639961
6772,22.7183589,114.3735177
6773,22.7178253,114.3787471
6774,22.7181807,114.3887726
6775,22.7182806,114.3959837
6776,22.7186001,114.4025684
6800,22.7227552,113.7601342
6801,22.7219172,113.7749761
6802,22.7230436,113.7795998
6803,22.7217169,113.790067
6804,22.7224638,113.7981568
6805,22.7242032,113.8092688
6806,22.7229855,113.8132704
6807,22.7239876,113.8235878
6808,22.7228276,113.8309803
6809,22.7232769,113.8396149
6810,22.7240882,113.8500192
6811,22.7224608,113.8563432
6814,22.7225379,113.8816746
6815,22.7238952,113.8901107
6816,22.7223081,113.8989281
6817,22.7213132,113.9087339
6818,22.7238861,113.9152299
6819,22.7230203,113.923019
6820,22.7246985,113.936437
6821,22.7228507,113.9408482
6822,22.7230405,113.9501432
6825,22.7240999,113.9765248
6830,22.7232734,114.0169726
6831,22.721702,114.024085
6832,22.7229171,114.0347435
6833,22.7226139,114.0412822
6834,22.7229276,114.0502783
6835,22.7221945,114.0594458
6836,22.7239136,114.0678962
6838,22.7241702,114.0850576
6839,22.7217919,114.0915343
6840,22.7226526,114.0999985
6852,22.7241854,114.2055818
6853,22.7220898,114.2111341
6854,22.7222053,114.2191875
6855,22.7223277,114.2277387
6856,22.7224441,114.2358512
6857,22.7232645,114.2439779
6858,22.7214796,114.2545771
6859,22.7240442,114.2623525
6860,22.7231219,114.2667679
6861,22.7223587,114.2794985
6862,22.7214738,114.2853212
6863,22.7228652,114.2949723
6864,22.721593,114.3033243
6865,22.7227692,114.3106866
6866,22.7232748,114.3216382
6869,22.7247322,114.3490373
6870,22.7232014,114.3557163
6871,22.7222545,114.3635485
6872,22.7229124,114.3710181
6873,22.7211366,114.3819088
6874,22.72134,114.3886639
6875,22.7220782,114.397559
6900,22.7256572,113.7625266
6901,22.7270682,113.773877
6902,22.7259554,113.7797053
6903,22.7269652,113.7875451
6904,22.7264528,113.7969109
6905,22.7255511,113.8069653
6906,22.7270704,113.814646
6907,22.7247614,113.8236944
6908,22.7270625,113.8297501
6909,22.7265962,113.8388424
6910,22.7260187,113.8471619
6911,22.7267654,113.8558933
6912,22.727253,113.8664137
6914,22.7270195,113.8828847
6915,22.7272261,113.8902424
6916,22.7278254,113.8979359
6917,22.7258705,113.9091663
6918,22.7269099,113.9149089
6919,22.7270504,113.9227536
6920,22.7258038,113.9316417
6921,22.7259214,113.9396334
6922,22.7267523,113.9485053
6925,22.7264629,113.9752869
6929,22.7268831,114.007965
6930,22.727093,114.017644
6931,22.7248544,114.0274799
6932,22.7265135,114.0339705
6933,22.7270172,114.0404047
6934,22.7262165,114.0503009
6935,22.7261572,114.0577802
6936,22.7260045,114.0676145
6937,22.7262355,114.0762372
6938,22.7273228,114.0844109
6940,22.7256101,114.100687
6952,22.7254456,114.2038856
6953,22.7250061,114.2110784
6954,22.7272662,114.2186892
6955,22.7261922,114.228719
6956,22.7283659,114.2355393
6957,22.7269687,114.2429325
6958,22.7256226,114.2521496
6959,22.725492,114.2616738
6960,22.7274296,114.2712783
6961,22.7268792,114.2776545
6962,22.7263998,114.2877352
6963,22.727336,114.2947146
6964,22.7247965,114.3056121
6965,22.7274789,114.314469
6966,22.7270188,114.3205819
6970,22.726252,114.3545375
6971,22.7271401,114.3608297
6972,22.7269956,114.3732291
6973,22.7272839,114.3792787
6974,22.7265243,114.3879762
6975,22.7271417,114.3977225
7000,22.7296881,113.7645262
7001,22.7310919,113.769702
7002,22.7300064,113.7802073
7003,22.7308746,113.7878948
7004,22.7298135,113.7976364
7005,22.7290968,113.8073564
7006,22.7305744,113.8152769
7007,22.7301646,113.8218329
7008,22.7308148,113.8327897
7009,22.7307251,113.8406796
7010,22.7302088,113.8474756
7011,22.7300509,113.8559102
7012,22.7314745,113.8626943
7014,22.7306095,113.8849732
7015,22.7308332,113.8910067
7016,22.7297404,113.8994043
7017,22.7295617,113.9089284
7018,22.730547,113.916978
7019,22.731549,113.9256247
7020,22.728999,113.931235
7021,22.7313508,113.940961
7022,22.730265,113.9504872
7023,22.7307605,113.9551819
7025,22.7296773,113.9759684
7026,22.7301347,113.9789616
7027,22.7311273,113.9947322
7028,22.7301331,113.999396
7029,22.731053,114.0085771
7030,22.729753,114.016147
7031,22.729039,114.0263855
7032,22.7303757,114.034896
7033,22.7294755,114.041826
7034,22.7297893,114.0491284
7035,22.7307255,114.0605255
7036,22.7313992,114.0656635
7037,22.7310357,114.0782538
7038,22.7304854,114.083728
7039,22.7310803,114.0921334
7040,22.7319758,114.1005657
7053,22.7297473,114.2125509
7054,22.7310771,114.2189155
7055,22.7301537,114.2285081
7056,22.7300648,114.2361757
7057,22.7302475,114.2457604
7058,22.72972,114.2538566
7059,22.7302143,114.262134
7060,22.730771,114.2704055
7061,22.730265,114.2785118
7062,22.7320117,114.2878899
7063,22.7314918,114.2969793
7064,22.7300176,114.3038129
7065,22.731835,114.3114684
7067,22.7319849,114.3308219
7070,22.7298973,114.3554307
7071,22.7317777,114.36389
7072,22.7310202,114.3718871
7073,22.7319681,114.3817612
7075,22.7304008,114.3969727
7100,22.7340191,113.7614565
7101,22.7333809,113.7708628
7102,22.734175,113.7805939
7103,22.7345849,113.7881887
7104,22.7338751,113.7980161
7105,22.7352215,113.8049544
7106,22.734942,113.8131533
7107,22.7354704,113.8225723
7108,22.7348232,113.8317889
7109,22.7337866,113.8391911
7110,22.7342988,113.8477162
7111,22.7350803,113.8567559
7112,22.7333189,113.8629083
7114,22.7354934,113.8812356
7115,22.7332337,113.8908565
7116,22.7344969,113.8996374
7117,22.7348829,113.9070082
7118,22.7345029,113.9157481
7119,22.7347231,113.9248069
7120,22.7347985,113.9327825
7121,22.7334182,113.9426153
7122,22.7344511,113.9507408
7123,22.7355195,113.9576413
7124,22.7343171,113.9666208
7125,22.7336769,113.9738358
7126,22.7336531,113.9818883
7127,22.7351691,113.9952632
7128,22.7346673,114.0013147
7129,22.7349766,114.0065244
7130,22.7335053,114.0162093
7131,22.7335838,114.0230036
7132,22.7354969,114.0323775
7133,22.7332127,114.0427518
7134,22.7339815,114.0507196
7135,22.7337349,114.0589324
7136,22.7358005,114.0656915
7137,22.732504,114.0764151
7138,22.7331904,114.0857019
7139,22.7334852,114.0927506
7140,22.7328439,114.0974979
7153,22.7338716,114.2123683
7154,22.734917,114.2187113
7155,22.7346937,114.2281458
7156,22.7337767,114.2370723
7157,22.7336437,114.2455488
7158,22.7344754,114.256214
7159,22.7339659,114.2615504
7160,22.734315,114.2704295
7161,22.7344664,114.2767269
7162,22.7343812,114.2881518
7163,22.7350027,114.2950788
7164,22.7332989,114.3051428
7165,22.7342287,114.3127683
7170,22.7350615,114.3539407
7171,22.7344109,114.3636237
7172,22.734505,114.371777
7173,22.7330615,114.3796939
7175,22.733409,114.3981201
7176,22.7358688,114.4018633
7201,22.7379213,113.7718699
7202,22.737793,113.7807508
7203,22.7383674,113.7885513
7204,22.7378599,113.796169
7205,22.7381358,113.8054603
7206,22.7385913,113.815457
7207,22.7378473,113.8226991
7208,22.7386908,113.833006
7209,22.7372878,113.8395158
7210,22.7379457,113.847564
7211,22.7372663,113.8568587
7213,22.7378475,113.8709255
7214,22.7375192,113.8828507
7215,22.7385058,113.889051
7216,22.7384025,113.8982784
7217,22.7377226,113.9082495
7218,22.7363622,113.9167367
7219,22.7371969,113.9236621
7220,22.7381293,113.9318935
7221,22.7376868,113.94309
7222,22.7396704,113.9489588
7223,22.7363702,113.9564371
7225,22.7371782,113.9723422
7226,22.7372528,113.9846568
7227,22.7382113,113.9914551
7231,22.7395584,114.0286407
7232,22.7378107,114.035427
7233,22.7389643,114.0392397
7235,22.7392526,114.0581351
7236,22.7393642,114.0710147
7237,22.7375513,114.0720911
7238,22.7380798,114.0842396
7239,22.7381984,114.0931896
7253,22.7366793,114.2128209
7254,22.7363546,114.2213822
7255,22.7382087,114.2278572
7256,22.7368047,114.235666
7257,22.7393008,114.244982
7258,22.7363811,114.2547319
7259,22.739546,114.2641307
7260,22.7371603,114.270532
7261,22.738917,114.2769377
7262,22.7378268,114.2879849
7263,22.7379151,114.2965747
7267,22.739144,114.3274697
7269,22.7365111,114.348303
7270,22.7376798,114.3512545
7271,22.738123,114.362664
7272,22.7374013,114.3701865
7273,22.7385535,114.3790946
7274,22.7388021,114.3891572
7275,22.738674,114.3967354
7300,22.7409558,113.7613015
7301,22.7422705,113.7695255
7302,22.74242,113.7797679
7303,22.7426409,113.7889127
7304,22.7424487,113.7967896
7305,22.7412525,113.8070533
7306,22.7423871,113.8147631
7307,22.7423435,113.8220659
7308,22.7408249,113.8306227
7309,22.741028,113.8407318
7310,22.742174,113.8472326
7311,22.7417217,113.855298
7312,22.7436767,113.8681195
7313,22.7430033,113.872638
7314,22.7426997,113.8810248
7315,22.7430531,113.8889819
7316,22.7399885,113.898982
7317,22.7402071,113.9104486
7318,22.7412814,113.9154695
7319,22.7422978,113.9238144
7320,22.7429234,113.9315508
7321,22.7420381,113.9398719
7322,22.7408485,113.948999
7323,22.7399713,113.9543618
7324,22.7409086,113.9667418
7326,22.7437721,113.9852248
7327,22.741239,113.9950187
7328,22.7408073,114.0009963
7329,22.7433376,114.0086915
7331,22.74008,114.028411
7332,22.7426658,114.0337473
7333,22.7427625,114.0446594
7334,22.743669,114.049461
7335,22.7414588,114.0601736
7336,22.741716,114.0673887
7338,22.7427928,114.0860729
7339,22.7412287,114.091009
7355,22.7417984,114.2288264
7356,22.7421383,114.2374566
7357,22.7410956,114.2443616
7358,22.7423055,114.2537658
7359,22.7417445,114.2619404
7360,22.7406414,114.2717781
7361,22.7423838,114.2780888
7362,22.7425763,114.2875421
7363,22.7417054,114.2940838
7370,22.741763,114.3535942
7371,22.7418698,114.3649268
7372,22.7419229,114.3709878
7373,22.7428767,114.3798259
7374,22.7415635,114.3884576
7375,22.7419303,114.3970887
7376,22.740904,114.4053724
7401,22.7441942,113.7701262
7402,22.7466497,113.7816193
7403,22.7440056,113.7887404
7404,22.7454278,113.7970805
7405,22.7461404,113.8057101
7406,22.7452574,113.8148283
7407,22.7449689,113.8219075
7409,22.7472003,113.8404836
7410,22.7454166,113.8477104
7411,22.7454496,113.857584
7412,22.7471788,113.8621682
7413,22.744508,113.8735537
7414,22.747325,113.879537
7415,22.7461452,113.8897061
7416,22.7472649,113.9013595
7418,22.7469514,113.9169241
7419,22.7452766,113.9243653
7420,22.7457829,113.9338152
7421,22.7454841,113.9405852
7422,22.7450514,113.9492938
7426,22.7438215,113.9841046
7427,22.7459271,113.9918302
7429,22.7467193,114.012005
7430,22.7469455,114.0140448
7431,22.7453409,114.024918
7432,22.7439439,114.0364014
7433,22.7464694,114.0423532
7434,22.7460695,114.0525082
7435,22.7462601,114.0578937
7436,22.7452049,114.0669113
7437,22.747562,114.0759052
7438,22.7455374,114.0830854
7439,22.7470046,114.0920296
7453,22.7462684,114.2110621
7454,22.7474762,114.2186662
7455,22.7450136,114.2299754
7456,22.7450986,114.2355035
7457,22.7442257,114.2462852
7458,22.7462544,114.2523164
7459,22.7463897,114.2627253
7460,22.7446872,114.2715819
7461,22.7448871,114.2779066
7462,22.7450468,114.2870449
7464,22.7452944,114.3078142
7470,22.745284,114.3567034
7471,22.7467193,114.3630441
7472,22.7456099,114.3717036
7473,22.745223,114.3796526
7474,22.7448037,114.3886133
7475,22.7453249,114.3954689
7476,22.7471877,114.4055569
7502,22.748721,113.7816572
7503,22.7502271,113.788751
7504,22.749412,113.7971679
7505,22.7491079,113.8037424
7506,22.7491796,113.8145991
7507,22.7478368,113.8211586
7508,22.7495699,113.8308745
7509,22.7503125,113.8395239
7511,22.7490365,113.8579343
7512,22.748991,113.8618743
7513,22.7491485,113.87475
7514,22.7493387,113.8815463
7515,22.747641,113.8899114
7516,22.749435,113.8986486
7517,22.7484506,113.908936
7518,22.7489697,113.915721
7519,22.7503006,113.9239139
7520,22.749238,113.9335254
7521,22.7482445,113.9407838
7522,22.7484815,113.9470223
7528,22.7491176,113.9965397
7529,22.7512721,114.0118399
7530,22.7487992,114.0173712
7531,22.749556,114.025376
7532,22.7510521,114.0330771
7533,22.7496858,114.0422289
7534,22.7489429,114.0518602
7535,22.7489167,114.0590632
7536,22.7479694,114.0666163
7537,22.7501089,114.0766239
7539,22.7483245,114.0912801
7553,22.7501344,114.2102993
7554,22.7492847,114.2204326
7555,22.7496512,114.2277529
7556,22.7498355,114.2354524
7557,22.7500226,114.2460026
7558,22.7478081,114.2536974
7559,22.7489582,114.2626407
7560,22.7496615,114.2717762
7561,22.7506245,114.2780413
7565,22.7486461,114.3113856
7566,22.7513866,114.3187194
7570,22.7507226,114.3559561
7571,22.7510737,114.3626957
7572,22.7487041,114.3723758
7573,22.7501359,114.3801307
7574,22.7508653,114.3907647
7575,22.7488724,114.3967298
7576,22.7479782,114.4072224
7602,22.7522231,113.7825928
7603,22.7529332,113.7874901
7604,22.7548874,113.7975366
7605,22.7547448,113.8052689
7606,22.7533452,113.8121258
7607,22.7535956,113.8217753
7608,22.7535121,113.8303793
7609,22.7525049,113.8395193
7610,22.7536453,113.8473996
7611,22.7533248,113.8579225
7612,22.7529291,113.8647735
7613,22.751993,113.8690637
7615,22.751786,113.8904983
7616,22.7527004,113.8986806
7617,22.7537015,113.9031032
7618,22.7542681,113.9143507
7619,22.754503,113.9239607
7620,22.7529591,113.9312457
7621,22.7535754,113.9421541
7622,22.7537363,113.9495115
7623,22.7549622,113.95797
7624,22.752441,113.9686467
7629,22.7548874,114.0113321
7630,22.7548634,114.0205726
7631,22.7520046,114.0246125
7632,22.7530328,114.0302717
7633,22.7519618,114.042064
7635,22.7518327,114.0581896
7653,22.7531298,114.2113322
7654,22.7532985,114.2189844
7655,22.7545964,114.2278241
7656,22.7548996,114.2355799
7657,22.7530566,114.2452399
7658,22.7535068,114.2496532
7659,22.7538003,114.2645527
7660,22.7524867,114.2692057
7661,22.7543627,114.2792845
7666,22.7526038,114.3181649
7669,22.7541419,114.3425293
7670,22.7527894,114.3553575
7671,22.7530522,114.3625402
7672,22.7532738,114.3724794
7673,22.752752,114.3801577
7674,22.7543743,114.3901972
7675,22.7533716,114.3965038
7676,22.7538105,114.4065877
7703,22.756989,113.7893074
7704,22.7570843,113.7977397
7705,22.7565735,113.8022016
7706,22.7570041,113.8157446
7707,22.7571838,113.8222569
7708,22.758651,113.8314521
7709,22.7568999,113.8392109
7710,22.7558081,113.8475699
7711,22.757254,113.8545129
7712,22.7571622,113.8636194
7713,22.7568361,113.8721268
7714,22.7589468,113.8803007
7715,22.756182,113.8919463
7716,22.7574099,113.8978706
7717,22.7588241,113.9060188
7718,22.7566539,113.9162981
7719,22.7559982,113.9231089
7720,22.7560339,113.9319627
7721,22.7558922,113.9392974
7722,22.7567389,113.9496418
7723,22.757805,113.9595283
7728,22.7587353,113.9964307
7730,22.7556136,114.019311
7731,22.7557815,114.0242748
7732,22.7588604,114.034555
7733,22.7552454,114.0456172
7754,22.7566129,114.218113
7755,22.7577245,114.2259299
7756,22.7571078,114.239399
7757,22.7555,114.244825
7759,22.7553511,114.2659979
7760,22.7572422,114.2671316
7761,22.7562356,114.2809938
7763,22.7575909,114.297021
7765,22.7572269,114.3162908
7766,22.757185,114.3190579
7767,22.7571612,114.3270972
7769,22.7589737,114.3456324
7770,22.7575657,114.3546865
7771,22.7562168,114.3634698
7772,22.7571793,114.3719994
7773,22.7579213,114.3801535
7774,22.7564604,114.3881821
7775,22.7563986,114.3970792
7776,22.7577134,114.405697
7777,22.7561046,114.4129955
7803,22.7616678,113.7897639
7804,22.7615202,113.7977574
7805,22.760126,113.8068965
7806,22.7611872,113.8133102
7807,22.7610902,113.822646
7808,22.7594199,113.8325565
7809,22.7610791,113.8385518
7810,22.7620744,113.8448141
7811,22.7622943,113.8551504
7812,22.760505,113.8640958
7814,22.7590769,113.8802116
7815,22.7613779,113.8879924
7816,22.7619161,113.8980798
7817,22.7627863,113.9053719
7818,22.7619372,113.915319
7819,22.7601436,113.9229008
7820,22.7595626,113.9327435
7821,22.7604523,113.9421439
7822,22.7615356,113.9496408
7823,22.7600784,113.958145
7831,22.761251,114.0211281
7832,22.7591862,114.0311209
7856,22.7597679,114.2346341
7857,22.759038,114.243222
7859,22.7596833,114.2660144
7861,22.7613108,114.2774512
7862,22.7610524,114.2888354
7863,22.7620135,114.2938747
7864,22.7627712,114.3047203
7865,22.7627471,114.3168404
7866,22.7593875,114.3222524
7869,22.7610922,114.3457883
7870,22.761873,114.3553549
7871,22.7608507,114.362435
7872,22.7611902,114.3711679
7873,22.759818,114.3769949
7875,22.7599612,114.3967213
7876,22.7619348,114.40551
7903,22.7665431,113.7902895
7904,22.7642555,113.7967595
7905,22.765551,113.8049621
7906,22.7644915,113.8173742
7907,22.7647163,113.8242298
7908,22.764211,113.8310153
7909,22.7633948,113.8394323
7910,22.7653492,113.8478105
7911,22.7633272,113.8551969
7912,22.7634208,113.8645072
7915,22.7644731,113.8897926
7916,22.7647797,113.8993215
7917,22.7633982,113.9086176
7918,22.764561,113.9154244
7919,22.7635856,113.9240365
7920,22.7652256,113.9323532
7921,22.7650779,113.9406016
7922,22.7644927,113.9499064
7932,22.7649599,114.030554
7955,22.7629256,114.2316983
7957,22.7633548,114.2436368
7960,22.7665398,114.2678527
7961,22.765504,114.2793229
7962,22.7661326,114.2854421
7963,22.7646287,114.2959692
7964,22.764703,114.3039081
7965,22.7650401,114.3142511
7966,22.7647147,114.3210375
7967,22.7644292,114.328414
7968,22.7650078,114.3369528
7969,22.7642528,114.3477646
7970,22.765078,114.354895
7971,22.7641781,114.3634859
7972,22.7634744,114.3707229
7975,22.7644985,114.3967992
7976,22.7640423,114.4052044
7977,22.7644718,114.4124798
8003,22.766791,113.7904215
8004,22.7683195,113.7970142
8005,22.7693984,113.8045898
8006,22.7702411,113.8165356
8007,22.767828,113.8216084
8008,22.7686623,113.8319601
8009,22.7684592,113.8397783
8010,22.7681629,113.8475024
8011,22.7684811,113.8551173
8012,22.7680942,113.8641877
8013,22.7684088,113.8722655
8014,22.7678549,113.8812904
8015,22.7684469,113.8907525
8016,22.7694716,113.8976812
8017,22.7684227,113.9073568
8018,22.7692557,113.9155276
8019,22.7686451,113.92319
8020,22.7696717,113.9321333
8021,22.7668248,113.9428873
8022,22.7675521,113.9485822
8024,22.7683004,113.967425
8059,22.7703706,114.2659602
8060,22.7680912,114.2697113
8061,22.7688288,114.278775
8062,22.7682725,114.288249
8063,22.7673666,114.2953596
8064,22.7696569,114.3025724
8065,22.7691867,114.313743
8066,22.7686136,114.3209836
8067,22.7686614,114.3301148
8069,22.7666289,114.348475
8070,22.7667106,114.3514224
8071,22.768798,114.3625815
8075,22.767986,114.3975491
8076,22.768156,114.4065614
8103,22.7723137,113.7927656
8104,22.7722788,113.7981619
8105,22.7725409,113.8060102
8106,22.771828,113.8141926
8107,22.7709479,113.8223477
8108,22.7718688,113.8300207
8109,22.772156,113.8393038
8110,22.7731095,113.8481153
8111,22.7724935,113.8546279
8112,22.7725242,113.8676571
8113,22.7723544,113.8741122
8114,22.7714044,113.8815733
8115,22.7740936,113.8913044
8116,22.7712404,113.8970786
8117,22.7729141,113.9070415
8118,22.7716919,113.9153303
8119,22.7721331,113.9231331
8120,22.77107,113.9326508
8121,22.7729534,113.9404506
8122,22.7718123,113.9472731
8152,22.772836,114.2045448
8159,22.7714831,114.2630352
8160,22.7734989,114.2700421
8161,22.7720568,114.2821133
8162,22.7710888,114.2856196
8163,22.7724075,114.2966187
8164,22.7718782,114.3045602
8165,22.7724691,114.3100403
8166,22.7711356,114.3227191
8175,22.7715561,114.3985221
8176,22.7725581,114.405866
8204,22.7764101,113.7978586
8205,22.7768289,113.8045573
8206,22.7763686,113.8134357
8207,22.7760986,113.8229919
8208,22.7769849,113.8309972
8209,22.7759256,113.8390649
8210,22.7745038,113.848362
8211,22.7771126,113.8536304
8212,22.7770025,113.8671848
8213,22.7766365,113.8728083
8214,22.7758929,113.8831434
8215,22.7768606,113.890318
8216,22.7768074,113.9000439
8217,22.7771149,113.9063208
8218,22.7770668,113.9165792
8219,22.7755874,113.9212069
8220,22.7749278,113.9329334
8221,22.7749736,113.9408191
8222,22.7750466,113.9460804
8223,22.7749409,113.9551823
8224,22.7749165,113.9631491
8261,22.7770856,114.2827988
8262,22.7749138,114.2873743
8263,22.7760125,114.2950286
8264,22.7754224,114.3043929
8265,22.7754076,114.312556
8266,22.77703,114.3219038
8267,22.7765538,114.3326028
8275,22.7767408,114.3978403
8276,22.7746828,114.4055808
8304,22.7802866,113.7988969
8305,22.7791142,113.8064371
8306,22.7814269,113.8157888
8307,22.7791658,113.8232011
8308,22.77907,113.8311691
8309,22.7795666,113.8394427
8310,22.7797382,113.849368
8311,22.7786977,113.8539588
8312,22.7805929,113.8668059
8313,22.780316,113.8731368
8314,22.7797605,113.8822166
8315,22.7795374,113.8892692
8316,22.7785223,113.8978927
8317,22.7797564,113.90721
8318,22.7787243,113.9134509
8319,22.7788378,113.9232348
8320,22.7817605,113.9321871
8321,22.7807798,113.9398508
8322,22.7795255,113.9475087
8323,22.7811849,113.9537285
8362,22.7800989,114.2902803
8363,22.7795324,114.294572
8364,22.7808866,114.3028273
8365,22.7797284,114.3122628
8366,22.7794671,114.3170267
8367,22.7790949,114.3284285
8375,22.7790438,114.3960234
8376,22.7790015,114.4020354
8404,22.7854306,113.7962793
8405,22.7826649,113.8017575
8406,22.7834298,113.8129585
8407,22.7834847,113.8219341
8408,22.7822677,113.8310915
8409,22.7840778,113.8379985
8410,22.7828001,113.8490069
8411,22.7844751,113.8550562
8412,22.7846342,113.8643485
8413,22.7839745,113.8733133
8414,22.7837715,113.8808543
8415,22.7844598,113.8903611
8416,22.7836712,113.8994297
8417,22.7838722,113.9070157
8418,22.7841704,113.9155148
8419,22.7845693,113.9243684
8420,22.7835054,113.9333595
8421,22.7825421,113.9445128
8422,22.7828055,113.9454533
8462,22.7829994,114.2878269
8463,22.7854625,114.2935363
8464,22.7839208,114.3047924
8465,22.7820619,114.3112566
8466,22.784013,114.3218505
8467,22.7846775,114.3290299
8475,22.7827126,114.3992504
8506,22.7888406,113.8149066
8507,22.7875767,113.8219626
8508,22.7869295,113.8300857
8509,22.7877153,113.8412055
8510,22.7869957,113.8488761
8511,22.7868948,113.857389
8512,22.7874447,113.8661182
8513,22.7867479,113.8723162
8514,22.7885256,113.8816277
8515,22.7871706,113.8904133
8516,22.7871303,113.8991871
8517,22.7883067,113.9068669
8518,22.78711,113.9156219
8519,22.7876559,113.9246018
8520,22.7878246,113.9320928
8521,22.7882318,113.9434301
8522,22.7887342,113.9499657
8561,22.7884235,114.2795188
8562,22.7874598,114.2868521
8563,22.787899,114.2957447
8564,22.7873954,114.3025835
8565,22.7858592,114.3165524
8566,22.7879369,114.3192519
8567,22.7872303,114.3297495
8605,22.790248,113.8097753
8607,22.7910326,113.8204135
8608,22.7915458,113.8316866
8609,22.7913818,113.8394216
8610,22.7911628,113.849369
8611,22.7919633,113.8572939
8612,22.7905283,113.8652259
8613,22.7916346,113.8723829
8614,22.7912579,113.8817337
8615,22.7908654,113.8903858
8616,22.790759,113.899095
8617,22.7905533,113.9051139
8619,22.7917935,113.9248022
8620,22.7920067,113.9327771
8621,22.7927524,113.9408077
8622,22.7931774,113.9487978
8623,22.7921503,113.9575221
8624,22.7914271,113.9649303
8661,22.7915516,114.2794077
8662,22.7916113,114.2873936
8663,22.7908441,114.2930862
8665,22.7924562,114.3124945
8666,22.7904178,114.3221425
8667,22.7910039,114.3305148
8706,22.79369,113.8173402
8707,22.7963806,113.8229225
8708,22.7944683,113.8310675
8709,22.795653,113.8392565
8710,22.7935449,113.8492719
8711,22.7945443,113.8569406
8712,22.793918,113.8652548
8713,22.7954399,113.8726285
8714,22.7947323,113.8815521
8715,22.795388,113.8936884
8716,22.7961231,113.8982729
8717,22.7955112,113.906632
8720,22.7951153,113.9323837
8721,22.7949755,113.9406416
8722,22.7948126,113.9484543
8723,22.7948207,113.9570027
8724,22.7957783,113.9624532
8753,22.7967917,114.2153295
8755,22.7966463,114.2277511
8765,22.7954073,114.3160863
8766,22.7941845,114.3218325
8767,22.7940578,114.3290597
8768,22.7955051,114.3363045
8807,22.7983575,113.8230708
8808,22.799973,113.8319907
8809,22.7984245,113.8391041
8810,22.7994535,113.8468477
8811,22.799993,113.8551717
8812,22.7987546,113.8624437
8813,22.7996325,113.8732389
8814,22.7979204,113.8822676
8815,22.7977236,113.89414
8816,22.7978468,113.8993361
8817,22.7988847,113.9056127
8818,22.7973833,113.9152013
8820,22.798246,113.929816
8821,22.7994912,113.9409052
8822,22.7983345,113.9475348
8823,22.7977145,113.9591486
8824,22.7981609,113.9619521
8854,22.7991812,114.2158645
8860,22.7988985,114.2727264
8863,22.798925,114.2991701
8867,22.8005658,114.3280563
8868,22.8002052,114.3376845
8908,22.803366,113.8312414
8909,22.8028622,113.8392265
8910,22.8026541,113.8445628
8911,22.802839,113.8570017
8912,22.8024654,113.863701
8913,22.8034092,113.8718955
8914,22.8037683,113.8801951
8915,22.8032773,113.888781
8916,22.8024726,113.9013047
8917,22.8034031,113.9073548
8919,22.8011422,113.9274986
8920,22.8027735,113.9305954
8921,22.8030411,113.9391892
8923,22.8016636,113.9573573
8967,22.801035,114.327853
9008,22.8052877,113.834144
9009,22.8068027,113.838391
9010,22.8068537,113.846126
9011,22.8068491,113.8575496
9012,22.8078874,113.8641276
9013,22.8073631,113.8773358
9014,22.8047498,113.8848807
9015,22.8059275,113.8894358
9016,22.8070153,113.8977639
9019,22.8059005,113.9250056
9020,22.8082683,113.9361727
9021,22.8061518,113.9397618
9023,22.8081161,113.9589132
9024,22.8070756,113.9622629
9066,22.8059718,114.3223264
9067,22.8064949,114.3321268
9109,22.8098546,113.8399026
9110,22.8117333,113.8464365
9111,22.8095191,113.8590776
9112,22.8118816,113.8645293
9113,22.8107183,113.8716266
9114,22.8102604,113.8823032
9115,22.8103975,113.8873176
9116,22.8101425,113.8988549
9117,22.8088934,113.9054886
9120,22.8112467,113.9332327
9121,22.8098331,113.9428802
9123,22.8105024,113.9570471
9124,22.8095211,113.9640682
9208,22.8147093,113.835005
9209,22.814026,113.8399696
9210,22.8141357,113.8464824
9211,22.8148956,113.8559726
9212,22.8152422,113.864966
9213,22.8137717,113.8733554
9214,22.814909,113.8804847
9215,22.8133764,113.890849
9221,22.8160688,113.9398951
9223,22.8130538,113.9615056
9224,22.8133953,113.9665179
9308,22.8188192,113.8337744
9309,22.818086,113.8393965
9310,22.8175131,113.8515471
9311,22.8186724,113.8564035
9312,22.8172221,113.8652332
9313,22.8180734,113.8734235
9314,22.8182911,113.8819813
9317,22.8198243,113.9048982
9320,22.8170154,113.9311622
9321,22.8184196,113.9399813
9322,22.8189259,113.9490457
9408,22.8206322,113.8337834
9409,22.8212789,113.8390577
9411,22.821322,113.8548945
9412,22.8226271,113.8651356
9413,22.8219014,113.8744494
9414,22.8223173,113.8818775
9417,22.8207028,113.9050834
9420,22.8211836,113.928936
9421,22.8229819,113.9408786
9422,22.8214518,113.9496133
9510,22.8267973,113.8455303
9511,22.8255507,113.8542777
9512,22.8266967,113.8643618
9513,22.8247085,113.8705772
9514,22.825628,113.8812263
9521,22.8238609,113.9400238
9612,22.8281329,113.8661503
9613,22.8305676,113.8755663
9713,22.832217,113.8737497
9813,22.8366631,113.8730453
9912,22.8427445,113.8675313
