Starting node index,Ending node index,Travel cost from the starting node to the ending node
48.0,148.0,0.0044594613845164105
70.0,71.0,0.010026901787192339
71.0,72.0,0.007630986052272997
71.0,171.0,0.007266447507546338
72.0,172.0,0.0034020025940591134
146.0,147.0,0.009352437941520766
146.0,246.0,0.0043083204117144195
147.0,148.0,0.0060240950930409605
147.0,247.0,0.0034476244720082062
148.0,149.0,0.009992920571084373
148.0,248.0,0.005100859476599085
149.0,150.0,0.007229321830573078
149.0,249.0,0.003772413244858571
171.0,172.0,0.011129882663352747
172.0,272.0,0.0019607162594343004
243.0,343.0,0.003703435757505891
245.0,246.0,0.008470109012876073
246.0,247.0,0.005376070252517237
246.0,346.0,0.003955746889022084
247.0,248.0,0.007835906901565607
247.0,347.0,0.00442588351631885
248.0,249.0,0.006501704088160682
248.0,348.0,0.0033787227897501687
249.0,349.0,0.007106094929001517
263.0,264.0,0.002293274490766233
264.0,364.0,0.004047289772185144
267.0,367.0,0.0030790123156637737
343.0,344.0,0.0062290403016837075
343.0,443.0,0.005361585192836554
344.0,444.0,0.004608008195524591
346.0,347.0,0.005926009470968283
346.0,446.0,0.005540935828900278
347.0,348.0,0.008141960758932847
347.0,447.0,0.0036163635505852667
348.0,349.0,0.010721704208753164
348.0,448.0,0.0031875704054990634
349.0,449.0,0.004377074648669457
364.0,365.0,0.008865780887208958
364.0,464.0,0.002345559626184006
365.0,366.0,0.011106420719566057
365.0,465.0,0.004174590984753916
366.0,367.0,0.005863958267246087
366.0,466.0,0.005696149700456415
367.0,467.0,0.007073908272658702
369.0,469.0,0.006836990593084201
443.0,444.0,0.006441980143558576
443.0,543.0,0.002062824335709561
444.0,445.0,0.01092886379089781
444.0,544.0,0.004322067955270389
445.0,446.0,0.006840068380505497
445.0,545.0,0.004390611903824442
446.0,447.0,0.009581019757833069
446.0,546.0,0.0030922671763660824
447.0,448.0,0.004850012494829521
448.0,449.0,0.009859386168012595
448.0,548.0,0.00667207398640212
449.0,450.0,0.006692849453708577
449.0,549.0,0.004614120111136582
450.0,451.0,0.013063093232462533
450.0,550.0,0.0040643842055082865
451.0,551.0,0.005787117185610604
464.0,465.0,0.008124756376040434
464.0,564.0,0.0049905085352118924
465.0,466.0,0.009076552597765292
465.0,565.0,0.0036794710285545694
466.0,467.0,0.0045881154736996995
466.0,566.0,0.0022910090811675545
467.0,567.0,0.003108110044700734
542.0,543.0,0.006732258904707077
542.0,642.0,0.004248974211496981
543.0,544.0,0.008691545825685577
543.0,643.0,0.004967689025092981
544.0,545.0,0.007878163004152089
544.0,644.0,0.0033668936484544496
545.0,546.0,0.008231910226065424
545.0,645.0,0.00410432219617461
546.0,646.0,0.0044258632434794505
548.0,549.0,0.007075900169589413
548.0,648.0,0.0028026963606454327
549.0,550.0,0.007949452903188816
549.0,649.0,0.004101329078482839
550.0,551.0,0.008287274725144404
550.0,650.0,0.006244767617779509
551.0,651.0,0.00281727427134932
564.0,565.0,0.006427868153594692
564.0,664.0,0.004450617685217527
565.0,566.0,0.009776811721619575
565.0,665.0,0.0029806729592510464
566.0,567.0,0.004477840919459988
566.0,666.0,0.004987295431394687
567.0,568.0,0.015920807041101912
570.0,670.0,0.003379847928534634
642.0,643.0,0.00926848280356612
642.0,742.0,0.005554169267319872
643.0,644.0,0.009747504511925551
643.0,743.0,0.0035189972619995694
644.0,645.0,0.007729749934506221
644.0,744.0,0.004073468718427618
645.0,646.0,0.007168678961286768
645.0,745.0,0.004232622461311953
646.0,647.0,0.010336576741358884
646.0,746.0,0.003672866925167563
647.0,648.0,0.005351793452665816
647.0,747.0,0.005210893514557326
648.0,649.0,0.011407063124661249
648.0,748.0,0.004107327336606176
649.0,650.0,0.005712325079159923
649.0,749.0,0.005748289863951443
650.0,651.0,0.008749017399113714
650.0,750.0,0.0020175626136465807
653.0,654.0,0.004101397781245193
653.0,753.0,0.00245125347730031
654.0,754.0,0.002983935336093392
664.0,665.0,0.004956447042993374
664.0,764.0,0.002846164564812909
665.0,666.0,0.006358837712192376
665.0,765.0,0.0041675158667933985
669.0,670.0,0.01172571934850982
670.0,770.0,0.0033492850416170865
742.0,743.0,0.004016659557394434
742.0,842.0,0.005539444615661728
743.0,744.0,0.009034462349249048
743.0,843.0,0.004945844919733539
744.0,745.0,0.00890607953535141
744.0,844.0,0.004725798096618401
745.0,746.0,0.006477276109600432
745.0,845.0,0.004021735721052168
746.0,747.0,0.009489823418800235
746.0,846.0,0.005027823112445588
747.0,748.0,0.008269768418160291
747.0,847.0,0.0038665092796979425
748.0,749.0,0.006917170866763438
748.0,848.0,0.00458959601054412
749.0,750.0,0.010093523002896771
749.0,849.0,0.004114735806828912
750.0,850.0,0.004796171165631107
753.0,754.0,0.005889987334451538
753.0,853.0,0.003917282724036477
764.0,765.0,0.0075500221800998595
764.0,864.0,0.005733720541673434
770.0,870.0,0.005301313486295748
842.0,843.0,0.007059729701624603
842.0,942.0,0.00514700672332973
843.0,844.0,0.009415384246009564
843.0,943.0,0.003772728186605146
844.0,845.0,0.009628534158946473
844.0,944.0,0.006915029530666751
845.0,846.0,0.0063449025587476475
845.0,945.0,0.004086796872854038
846.0,847.0,0.00912598659652753
846.0,946.0,0.0027361676922248944
847.0,848.0,0.008780304623417032
847.0,947.0,0.0036900556703126017
848.0,849.0,0.008515303105585834
848.0,948.0,0.0037232761662229176
849.0,850.0,0.007971619465328128
849.0,949.0,0.0037055320940446463
850.0,851.0,0.004497179518320772
850.0,950.0,0.0038129828349955422
851.0,852.0,0.011279023152738687
851.0,951.0,0.006591005508267166
852.0,853.0,0.009228121226988812
852.0,952.0,0.0022985614675266725
853.0,953.0,0.004628906057589622
864.0,964.0,0.004804787713317917
870.0,871.0,0.01045219070099599
870.0,970.0,0.002589077866731131
935.0,1035.0,0.005606792369973299
942.0,943.0,0.005705965695655756
943.0,944.0,0.01064670243784268
944.0,945.0,0.004778639398406223
944.0,1044.0,0.0034880993019138096
945.0,946.0,0.00862302853526531
945.0,1045.0,0.00446389557449926
946.0,947.0,0.008615757302176683
946.0,1046.0,0.004620114825413943
947.0,948.0,0.008608399727011178
947.0,1047.0,0.00304886362600964
948.0,949.0,0.00867372344555661
948.0,1048.0,0.0035126888063124976
949.0,950.0,0.007111473755839452
949.0,1049.0,0.0038518665215700907
950.0,951.0,0.008114261512300701
950.0,1050.0,0.0021656969363224267
951.0,952.0,0.008501151983701685
951.0,1051.0,0.0028970468152899323
952.0,953.0,0.009387739408931152
952.0,1052.0,0.0034840052583190386
953.0,954.0,0.00934593375217251
953.0,1053.0,0.0041458845256486946
954.0,955.0,0.006770662195826748
954.0,1054.0,0.0017640666795841749
955.0,1055.0,0.003391344554887204
963.0,964.0,0.005695410987805232
964.0,965.0,0.006012656754713167
964.0,1064.0,0.0029665931048931463
965.0,1065.0,0.004601209624651558
970.0,1070.0,0.006126123552461489
1034.0,1035.0,0.007930382281454382
1034.0,1134.0,0.0009803183156446372
1035.0,1135.0,0.003358476303323989
1044.0,1045.0,0.008420373940627508
1044.0,1144.0,0.004465104953974675
1045.0,1046.0,0.006718584519078436
1046.0,1047.0,0.00947285612684976
1046.0,1146.0,0.004087589568440012
1047.0,1048.0,0.008426436753456458
1047.0,1147.0,0.004006548864046604
1048.0,1049.0,0.007953965457556502
1048.0,1148.0,0.005293678109786735
1049.0,1050.0,0.007062905811350577
1049.0,1149.0,0.004410337498420211
1050.0,1051.0,0.008222055266172852
1050.0,1150.0,0.006930170713629955
1051.0,1052.0,0.009708010195709186
1051.0,1151.0,0.004020582660516738
1052.0,1053.0,0.005272142328313914
1052.0,1152.0,0.0036665806809580525
1053.0,1054.0,0.0126682956663476
1054.0,1055.0,0.006054598669605295
1054.0,1154.0,0.006074273244591479
1055.0,1155.0,0.004256200169164723
1060.0,1061.0,0.00749048342965926
1060.0,1160.0,0.0035821334327470057
1061.0,1062.0,0.006802692437557246
1061.0,1161.0,0.0036527151243995245
1064.0,1065.0,0.006675554156022131
1065.0,1066.0,0.011775415886498502
1065.0,1165.0,0.0027490804280701367
1068.0,1168.0,0.0027764325761666293
1070.0,1071.0,0.008243651587129539
1071.0,1171.0,0.0026515649303784344
1074.0,1075.0,0.010013700900766049
1075.0,1175.0,0.006221207574895902
1134.0,1135.0,0.006137721170760532
1135.0,1136.0,0.009490923269102981
1135.0,1235.0,0.007854568251661226
1136.0,1236.0,0.004926353225255816
1144.0,1244.0,0.0034372198562177274
1146.0,1147.0,0.006291002924812546
1146.0,1246.0,0.00539818195414087
1147.0,1148.0,0.007390503306947134
1147.0,1247.0,0.004225066496515799
1148.0,1149.0,0.008647866532272707
1148.0,1248.0,0.004321563417326978
1149.0,1150.0,0.01167892559656086
1149.0,1249.0,0.0038095796566040728
1150.0,1151.0,0.005624339930160542
1150.0,1250.0,0.004446943562717612
1151.0,1152.0,0.0091036526207896
1151.0,1251.0,0.0033568044834306732
1152.0,1252.0,0.004951351319591684
1154.0,1155.0,0.004207929117749212
1154.0,1254.0,0.003867630502000186
1155.0,1255.0,0.004239775886767107
1157.0,1257.0,0.0019480480127566301
1159.0,1160.0,0.004662992885476754
1159.0,1259.0,0.004527219854388408
1160.0,1161.0,0.010519871033430063
1160.0,1260.0,0.0038906813028102252
1161.0,1261.0,0.0036064279557461803
1168.0,1169.0,0.007855802824664295
1168.0,1268.0,0.0048461052093457455
1175.0,1275.0,0.002762485330283392
1222.0,1223.0,0.003064355348192822
1235.0,1236.0,0.007658714786438064
1235.0,1335.0,0.0033986585603727935
1236.0,1237.0,0.0071627071900226295
1236.0,1336.0,0.0035846232298531156
1237.0,1238.0,0.010363030199704975
1237.0,1337.0,0.004438810319213028
1238.0,1239.0,0.006349262181545197
1238.0,1338.0,0.0028071565008045505
1239.0,1339.0,0.004549588109925217
1244.0,1245.0,0.007709246843889096
1244.0,1344.0,0.004530590904071021
1245.0,1246.0,0.012989050808276803
1245.0,1345.0,0.0026469472699655367
1246.0,1247.0,0.005323441575710673
1246.0,1346.0,0.004525092582476018
1247.0,1248.0,0.00885752115436355
1247.0,1347.0,0.003763355197162196
1248.0,1249.0,0.00800285035284284
1248.0,1348.0,0.003950363923743075
1249.0,1250.0,0.006646358094475485
1249.0,1349.0,0.004353344320177068
1250.0,1251.0,0.008001190013991652
1250.0,1350.0,0.004595963063387634
1251.0,1252.0,0.009038958106441293
1251.0,1351.0,0.0038302777092501642
1252.0,1253.0,0.00857739126133348
1252.0,1352.0,0.0037621813685707727
1253.0,1254.0,0.008553801178423609
1253.0,1353.0,0.0036309121305786863
1254.0,1255.0,0.00851562928091625
1254.0,1354.0,0.004076724009544324
1255.0,1256.0,0.005920781038005227
1255.0,1355.0,0.0033868903879537005
1256.0,1257.0,0.009811643014296337
1256.0,1356.0,0.0032358701719932834
1257.0,1258.0,0.012716487677421007
1257.0,1357.0,0.004450457470863149
1258.0,1259.0,0.004270232782879935
1259.0,1260.0,0.00867124570981547
1259.0,1359.0,0.0032924095128057836
1260.0,1261.0,0.008765064129828097
1260.0,1360.0,0.0037361539007377473
1261.0,1361.0,0.003162544293765132
1268.0,1368.0,0.006694805288426335
1275.0,1375.0,0.0038283927450044374
1335.0,1336.0,0.008778439110115235
1335.0,1435.0,0.004194597279837968
1336.0,1337.0,0.008075759979097803
1336.0,1436.0,0.005117108645513061
1337.0,1338.0,0.00885102860971483
1337.0,1437.0,0.0035578149094663333
1338.0,1339.0,0.007347725722968857
1338.0,1438.0,0.004656522265592538
1339.0,1340.0,0.008754230299118145
1339.0,1439.0,0.0026127023404920583
1340.0,1341.0,0.0075192114613169495
1340.0,1440.0,0.0044102402134145345
1341.0,1342.0,0.0064945901009996875
1341.0,1441.0,0.003152422322598751
1342.0,1442.0,0.004034892812701363
1344.0,1345.0,0.008747791815652366
1344.0,1444.0,0.004352073680439217
1345.0,1346.0,0.009552569418224575
1345.0,1445.0,0.004176842800491237
1346.0,1347.0,0.008113830886208966
1346.0,1446.0,0.0040936862715663545
1347.0,1348.0,0.008416609265612692
1348.0,1349.0,0.008307694605003139
1348.0,1448.0,0.0040825071034849255
1349.0,1350.0,0.00760877261126917
1349.0,1449.0,0.003946850534285711
1350.0,1351.0,0.0076016624398882425
1350.0,1450.0,0.004415126283585093
1351.0,1352.0,0.009103670381225806
1351.0,1451.0,0.004535531714144829
1352.0,1353.0,0.008366444214838238
1352.0,1452.0,0.003491867929917375
1353.0,1354.0,0.008937153406426411
1353.0,1453.0,0.002764135340390289
1354.0,1355.0,0.007655866065965423
1354.0,1454.0,0.0026429482647260484
1355.0,1356.0,0.008122104986393612
1355.0,1455.0,0.004153662943716214
1356.0,1357.0,0.008137617578259608
1356.0,1456.0,0.004523470779167294
1357.0,1457.0,0.004418921780255394
1359.0,1360.0,0.009232449428510208
1359.0,1459.0,0.0039824367779030334
1360.0,1361.0,0.00764254237410563
1360.0,1460.0,0.0033696790974796025
1365.0,1465.0,0.005365868146909676
1367.0,1368.0,0.0024955862557665904
1367.0,1467.0,0.006655435388459904
1374.0,1375.0,0.00829713766608698
1374.0,1474.0,0.005353856297100122
1375.0,1376.0,0.009598763939695538
1375.0,1475.0,0.004165368267027661
1423.0,1424.0,0.0039406280210138355
1423.0,1523.0,0.0035150640506253395
1424.0,1524.0,0.005937552972393083
1434.0,1435.0,0.005612137676500429
1434.0,1534.0,0.0032106423033394626
1435.0,1436.0,0.006894822105029785
1435.0,1535.0,0.00270873588413559
1436.0,1437.0,0.009132240123868651
1436.0,1536.0,0.003952326905759824
1437.0,1438.0,0.007735583626979919
1437.0,1537.0,0.003648672636726353
1438.0,1439.0,0.009849292119233655
1438.0,1538.0,0.0042524707641582535
1439.0,1440.0,0.00872487263918509
1439.0,1539.0,0.005021835255164235
1440.0,1441.0,0.0069125746780775675
1440.0,1540.0,0.0044522967836809904
1441.0,1442.0,0.008773915682863623
1441.0,1541.0,0.003553307311501413
1442.0,1443.0,0.007381690219726098
1442.0,1542.0,0.005258815434109249
1443.0,1444.0,0.007959677441328906
1443.0,1543.0,0.0038537280923801862
1444.0,1445.0,0.009536489444759043
1444.0,1544.0,0.004200421660978283
1445.0,1446.0,0.006152381057769399
1445.0,1545.0,0.00401360164067606
1446.0,1546.0,0.004172731069696123
1448.0,1449.0,0.008984540692767724
1448.0,1548.0,0.004028774883260342
1449.0,1450.0,0.00703515955824758
1449.0,1549.0,0.0042155005776276806
1450.0,1451.0,0.009156625095525502
1450.0,1550.0,0.004336287284070274
1451.0,1452.0,0.0061227024899139
1451.0,1551.0,0.004583467929420413
1452.0,1453.0,0.010817747134223689
1452.0,1552.0,0.00693577341974327
1453.0,1454.0,0.008901059201016167
1453.0,1553.0,0.005533128999945437
1454.0,1455.0,0.00663721269359303
1454.0,1554.0,0.00529817362588366
1455.0,1456.0,0.008232829127948491
1455.0,1555.0,0.00389107513805511
1456.0,1457.0,0.007609441430223422
1456.0,1556.0,0.0033234702119925904
1457.0,1458.0,0.012871855394619488
1457.0,1557.0,0.003725760122443435
1458.0,1459.0,0.005656774126654681
1458.0,1558.0,0.005102994258279378
1459.0,1460.0,0.007235631174956126
1459.0,1559.0,0.004696245816604932
1460.0,1560.0,0.005333415810717762
1462.0,1562.0,0.005015051206120944
1465.0,1466.0,0.0052253346687078
1465.0,1565.0,0.00551840839735297
1466.0,1467.0,0.011065960274643951
1470.0,1570.0,0.005010565003068189
1472.0,1473.0,0.008205557537425391
1472.0,1572.0,0.003601014630631113
1473.0,1474.0,0.008317416822547535
1473.0,1573.0,0.003836772070373563
1474.0,1475.0,0.008688042638016846
1474.0,1574.0,0.003955689295184198
1475.0,1575.0,0.0037871335875598678
1523.0,1524.0,0.008498411203277843
1523.0,1623.0,0.00440185520207292
1524.0,1624.0,0.0033828022008431965
1534.0,1535.0,0.00689944654664314
1534.0,1634.0,0.0026794304842690793
1535.0,1536.0,0.005115724982834104
1535.0,1635.0,0.004790346130498222
1536.0,1537.0,0.009578654446215017
1536.0,1636.0,0.0038415265142940614
1537.0,1538.0,0.008549761446964503
1537.0,1637.0,0.004520194602007662
1538.0,1539.0,0.00818402584795529
1538.0,1638.0,0.0031377878354036403
1539.0,1540.0,0.0076935851753261435
1539.0,1639.0,0.003787679038670967
1540.0,1541.0,0.008653912688489553
1540.0,1640.0,0.0029931574799863785
1541.0,1542.0,0.009370062040884196
1541.0,1641.0,0.003460542594740722
1542.0,1543.0,0.006755078926260596
1542.0,1642.0,0.003526716674184523
1543.0,1544.0,0.00991991997800399
1543.0,1643.0,0.0038957616456837063
1544.0,1545.0,0.007207113772516668
1544.0,1644.0,0.004240465909540361
1545.0,1546.0,0.008516420617254638
1545.0,1645.0,0.0036043403349262973
1546.0,1547.0,0.00966989154489338
1546.0,1646.0,0.004281452930951864
1547.0,1548.0,0.008054943809238917
1547.0,1647.0,0.0046790321702256665
1548.0,1549.0,0.00726425546907597
1548.0,1648.0,0.0044996871502348875
1549.0,1550.0,0.006642818730027466
1549.0,1649.0,0.0031886807805117396
1550.0,1551.0,0.009046080652415198
1550.0,1650.0,0.003098810689598288
1551.0,1552.0,0.005995323198127228
1551.0,1651.0,0.0030441660992746845
1552.0,1553.0,0.01121321426532139
1552.0,1652.0,0.003549428438494034
1553.0,1554.0,0.008062335654138523
1553.0,1653.0,0.003264967911023354
1554.0,1555.0,0.006568969139826743
1554.0,1654.0,0.005438970072540518
1555.0,1556.0,0.011891829765431404
1555.0,1655.0,0.005057289883921524
1556.0,1557.0,0.00570710929455564
1556.0,1656.0,0.007312134879777408
1557.0,1558.0,0.009797342995424983
1557.0,1657.0,0.0037262000080546614
1558.0,1559.0,0.008090498961745535
1558.0,1658.0,0.004965188215968319
1559.0,1560.0,0.00834039333604831
1559.0,1659.0,0.0038900227518673673
1560.0,1660.0,0.0019681750531854785
1565.0,1665.0,0.004192856340255777
1569.0,1570.0,0.008386191954039177
1569.0,1669.0,0.007385704497876389
1570.0,1571.0,0.005639712171734693
1570.0,1670.0,0.0065600852044779105
1571.0,1572.0,0.008902781054255147
1571.0,1671.0,0.004523411679252843
1572.0,1573.0,0.007927197187531083
1572.0,1672.0,0.0046269934223017225
1573.0,1574.0,0.007033190911670585
1573.0,1673.0,0.0041671355689464895
1574.0,1575.0,0.007975227508353689
1574.0,1674.0,0.003595921663494702
1575.0,1675.0,0.006287073475786339
1578.0,1579.0,0.005429243764097694
1623.0,1624.0,0.008945409728458507
1623.0,1723.0,0.0036805537979981975
1624.0,1625.0,0.007079448185416432
1624.0,1724.0,0.005041122549586024
1625.0,1626.0,0.008257019502217825
1625.0,1725.0,0.00391109230905765
1626.0,1726.0,0.002860911693844133
1634.0,1635.0,0.003944803490669789
1634.0,1734.0,0.0074012131559591555
1635.0,1636.0,0.009194776369765597
1635.0,1735.0,0.004050481655307955
1636.0,1637.0,0.00737866083513809
1636.0,1736.0,0.003978149988374363
1637.0,1638.0,0.009260307684953043
1637.0,1737.0,0.0037711771438078395
1638.0,1639.0,0.009281749145500413
1638.0,1738.0,0.005299019456463102
1639.0,1640.0,0.007324987921491909
1639.0,1739.0,0.004495896128691864
1640.0,1641.0,0.008119803584447055
1640.0,1740.0,0.00505674086740263
1641.0,1642.0,0.009443827887038181
1641.0,1741.0,0.004826126438459098
1642.0,1643.0,0.007302942048243603
1642.0,1742.0,0.0030452879568321637
1643.0,1644.0,0.008111893769028523
1643.0,1743.0,0.00438665008634448
1644.0,1645.0,0.009110492645845117
1644.0,1744.0,0.004521819789646213
1645.0,1646.0,0.006602290950874218
1645.0,1745.0,0.005259206803309696
1646.0,1647.0,0.009957537850292218
1646.0,1746.0,0.004106704446390352
1647.0,1648.0,0.009076648796224053
1647.0,1747.0,0.0038554221312324805
1648.0,1649.0,0.006932918690565619
1648.0,1748.0,0.0030063642177899676
1649.0,1650.0,0.007312710767560724
1649.0,1749.0,0.005061631263732653
1650.0,1651.0,0.008668384947612781
1650.0,1750.0,0.004551180441383547
1651.0,1652.0,0.008256347517516964
1651.0,1751.0,0.004233156500775034
1652.0,1653.0,0.010861537689479773
1652.0,1752.0,0.0038397530128890986
1653.0,1654.0,0.005456582044650299
1653.0,1753.0,0.006581528245779972
1654.0,1655.0,0.009622705232937442
1654.0,1754.0,0.003225781210804804
1655.0,1656.0,0.004086560788731876
1655.0,1755.0,0.004136428797888489
1656.0,1657.0,0.01342691636750597
1657.0,1658.0,0.004779211885864305
1657.0,1757.0,0.003287085724463347
1658.0,1659.0,0.010369555501562875
1658.0,1758.0,0.003126606431899031
1659.0,1660.0,0.00900134496894882
1663.0,1763.0,0.006930465935274881
1665.0,1765.0,0.004039270897078942
1669.0,1670.0,0.0036457919537460325
1669.0,1769.0,0.005172858584961453
1670.0,1671.0,0.008942744017917776
1670.0,1770.0,0.002851336967109664
1671.0,1672.0,0.006989203606277048
1671.0,1771.0,0.0016341234347495778
1672.0,1673.0,0.010118903672335457
1672.0,1772.0,0.004147308507931568
1673.0,1674.0,0.008148894488211307
1673.0,1773.0,0.004282900158774745
1674.0,1675.0,0.005072726904731998
1674.0,1774.0,0.004465087180559626
1675.0,1676.0,0.01278624333023583
1675.0,1775.0,0.00429582476481725
1676.0,1677.0,0.006390145833233481
1723.0,1724.0,0.006545577732331916
1723.0,1823.0,0.004191122652704548
1724.0,1725.0,0.009208044005107713
1724.0,1824.0,0.004456242997189792
1725.0,1726.0,0.006898655429139797
1725.0,1825.0,0.0038527208178175416
1726.0,1727.0,0.005607638206053454
1726.0,1826.0,0.0034652980939593524
1727.0,1827.0,0.00529456728543574
1734.0,1735.0,0.010069095301962337
1734.0,1834.0,0.002102111141209317
1735.0,1736.0,0.007600515331212809
1735.0,1835.0,0.003441857594379979
1736.0,1737.0,0.008762082001442361
1736.0,1836.0,0.004391790243171959
1737.0,1738.0,0.007636920872314986
1737.0,1837.0,0.004270933530273999
1738.0,1739.0,0.008212294807177997
1738.0,1838.0,0.0032941951186908564
1739.0,1740.0,0.010017920467342671
1739.0,1839.0,0.004265480127724706
1740.0,1741.0,0.0073177723283800004
1740.0,1840.0,0.0029412041088629527
1741.0,1742.0,0.009330917023529745
1741.0,1841.0,0.0045437315853848895
1742.0,1743.0,0.007795946487758795
1742.0,1842.0,0.004308788953985984
1743.0,1744.0,0.0073109944556131725
1743.0,1843.0,0.0034579388369400093
1744.0,1745.0,0.007489375541392202
1744.0,1844.0,0.0034140906256259983
1745.0,1746.0,0.008957241241029531
1745.0,1845.0,0.0043063949389293135
1746.0,1747.0,0.00886301592235963
1746.0,1846.0,0.0037211205476302845
1747.0,1748.0,0.007924318984619764
1747.0,1847.0,0.003713626401510261
1748.0,1749.0,0.00860591757629598
1748.0,1848.0,0.004308277791651467
1749.0,1750.0,0.00845882036042842
1749.0,1849.0,0.0029326582225055117
1750.0,1751.0,0.007350431661473788
1750.0,1850.0,0.0037718911026189826
1751.0,1752.0,0.006728572946026056
1751.0,1851.0,0.0040286725605289
1752.0,1753.0,0.00841495971766941
1752.0,1852.0,0.002589029609718405
1753.0,1754.0,0.011315350724569372
1753.0,1853.0,0.006464221979476102
1754.0,1755.0,0.0037332367430955083
1755.0,1855.0,0.008253328218966365
1757.0,1758.0,0.004162662625051588
1757.0,1857.0,0.008273018663100625
1758.0,1858.0,0.004799254822370308
1761.0,1762.0,0.0018197647567736348
1761.0,1861.0,0.004086544540320357
1762.0,1763.0,0.008909373851175259
1762.0,1862.0,0.0058100326074810495
1763.0,1764.0,0.009644921439286271
1763.0,1863.0,0.004010867827537249
1764.0,1765.0,0.00892006117691992
1764.0,1864.0,0.004832221627779096
1765.0,1766.0,0.008266666918413693
1765.0,1865.0,0.0035232974157776483
1766.0,1767.0,0.005180014549207822
1766.0,1866.0,0.004544414613565004
1767.0,1768.0,0.012567656354707099
1767.0,1867.0,0.007906022284310768
1768.0,1769.0,0.007742108305236036
1768.0,1868.0,0.0024209800845918276
1769.0,1770.0,0.00856739276618033
1769.0,1869.0,0.003403063844537113
1770.0,1771.0,0.007470400530761344
1770.0,1870.0,0.003294730254508752
1771.0,1772.0,0.009088634274190797
1771.0,1871.0,0.004355461629952565
1772.0,1773.0,0.0083891213139399
1772.0,1872.0,0.0036698323939949947
1773.0,1774.0,0.008261527580296522
1773.0,1873.0,0.0032612727101517607
1774.0,1775.0,0.007939574916203057
1774.0,1874.0,0.0033085705085457496
1775.0,1875.0,0.003167176774350513
1823.0,1824.0,0.007893948938902459
1823.0,1923.0,0.004167441944407572
1824.0,1825.0,0.008774181238725174
1824.0,1924.0,0.003395387933656918
1825.0,1826.0,0.00705271609878087
1825.0,1925.0,0.003832218013107401
1826.0,1827.0,0.0065542614267363785
1826.0,1926.0,0.004239387541852803
1827.0,1927.0,0.0039067764845147675
1832.0,1833.0,0.007108614658989945
1832.0,1932.0,0.004126498808916575
1833.0,1834.0,0.006995434680561506
1833.0,1933.0,0.003777419898557561
1834.0,1835.0,0.010769779526527022
1834.0,1934.0,0.004052316899011129
1835.0,1836.0,0.007178132310010334
1835.0,1935.0,0.004890353681488577
1836.0,1837.0,0.00911501076247311
1836.0,1936.0,0.003232031364323133
1837.0,1838.0,0.007565863919606262
1837.0,1937.0,0.0032076624463914455
1838.0,1839.0,0.008192735408885089
1838.0,1938.0,0.0039401004111582795
1839.0,1840.0,0.00898773629452907
1839.0,1939.0,0.0031017646026064724
1840.0,1841.0,0.008315540732868694
1840.0,1940.0,0.003929221452143969
1841.0,1842.0,0.007980838974067735
1841.0,1941.0,0.0034298804250279835
1842.0,1843.0,0.008456566594664755
1842.0,1942.0,0.0037149197057256863
1843.0,1844.0,0.009109511669129015
1843.0,1943.0,0.005423427250363767
1844.0,1845.0,0.006397777965043996
1844.0,1944.0,0.003810021282093566
1845.0,1846.0,0.008836018436490994
1845.0,1945.0,0.0031311613835744143
1846.0,1847.0,0.008175322311689001
1846.0,1946.0,0.004469169816643763
1847.0,1848.0,0.009272646129881091
1847.0,1947.0,0.0036624477497968163
1848.0,1849.0,0.0072874529329526065
1848.0,1948.0,0.003730699165030768
1849.0,1850.0,0.007553338502278295
1849.0,1949.0,0.004858654394989485
1850.0,1851.0,0.00917060415239924
1850.0,1950.0,0.004484291035380062
1851.0,1852.0,0.0070828900210295025
1851.0,1951.0,0.004143946801058813
1852.0,1853.0,0.01177534038786106
1852.0,1952.0,0.005251158367449821
1853.0,1953.0,0.004078901049308707
1855.0,1955.0,0.0033742473012493466
1857.0,1858.0,0.009002979491257012
1857.0,1957.0,0.002474854567448459
1858.0,1859.0,0.006231709704406629
1858.0,1958.0,0.0031899447644112705
1859.0,1959.0,0.0037677411827251395
1861.0,1862.0,0.008160011561878849
1861.0,1961.0,0.004571289325778549
1862.0,1863.0,0.00800666668782961
1862.0,1962.0,0.0030322654715578853
1863.0,1864.0,0.008412242009119796
1863.0,1963.0,0.002753503450155303
1864.0,1865.0,0.007557467211969861
1864.0,1964.0,0.0022406150785020586
1865.0,1866.0,0.008532669830715298
1865.0,1965.0,0.0022844747251832614
1866.0,1867.0,0.008114680324572462
1866.0,1966.0,0.0038282478211300944
1867.0,1868.0,0.00844563533430168
1867.0,1967.0,0.0031224032571073876
1868.0,1869.0,0.008204321708099963
1868.0,1968.0,0.003175942683675733
1869.0,1870.0,0.007629714794800861
1869.0,1969.0,0.0038430252471203215
1870.0,1871.0,0.00951175117052602
1870.0,1970.0,0.004879781511507489
1871.0,1872.0,0.008139943917497224
1871.0,1971.0,0.005226634022008619
1872.0,1873.0,0.007479693817931443
1872.0,1972.0,0.004337099036224092
1873.0,1874.0,0.008864937829449462
1873.0,1973.0,0.004121750715414294
1874.0,1875.0,0.007019479801239375
1874.0,1974.0,0.0052973879620050145
1875.0,1876.0,0.012288975050019598
1875.0,1975.0,0.0050513717780428825
1876.0,1976.0,0.003476755868626253
1923.0,1924.0,0.006109634333575031
1924.0,1925.0,0.009195241872294639
1924.0,2024.0,0.005250140974294824
1925.0,1926.0,0.00773837195409987
1925.0,2025.0,0.003784331646403341
1926.0,1927.0,0.004965050348183811
1926.0,2026.0,0.004336229519984693
1927.0,2027.0,0.004446307282458875
1932.0,1933.0,0.009056684561140158
1932.0,2032.0,0.002932471592361727
1933.0,1934.0,0.007672466125699249
1933.0,2033.0,0.003950408730750069
1934.0,1935.0,0.008839272450264292
1934.0,2034.0,0.0038496491073853043
1935.0,1936.0,0.007652601835323918
1935.0,2035.0,0.004509284330131972
1936.0,1937.0,0.008799382510721872
1936.0,2036.0,0.00363469352216086
1937.0,1938.0,0.00818182594596114
1937.0,2037.0,0.004639659148040361
1938.0,1939.0,0.008412646086696231
1938.0,2038.0,0.0037020710001281986
1939.0,1940.0,0.008590336871741334
1939.0,2039.0,0.004090792932921564
1940.0,1941.0,0.007764900597560738
1940.0,2040.0,0.0047273166701602065
1941.0,1942.0,0.008568094882761236
1941.0,2041.0,0.0036110078939240635
1942.0,1943.0,0.0065469854444622465
1942.0,2042.0,0.003489083641872685
1943.0,1944.0,0.009795844368914794
1943.0,2043.0,0.0034498818081182027
1944.0,1945.0,0.00802301610430885
1944.0,2044.0,0.004065437290131461
1945.0,1946.0,0.007976261292735836
1945.0,2045.0,0.0037181911301048275
1946.0,1947.0,0.008788304276138541
1946.0,2046.0,0.0018116008942381998
1947.0,1948.0,0.008423679590891455
1947.0,2047.0,0.004282983974988644
1948.0,1949.0,0.008622126552075273
1948.0,2048.0,0.004562020416439859
1949.0,1950.0,0.007389205576379601
1949.0,2049.0,0.004099090197841136
1950.0,1951.0,0.009274998157412402
1950.0,2050.0,0.004107063505716911
1951.0,1952.0,0.007306208402447986
1951.0,2051.0,0.003889901527033278
1952.0,1953.0,0.010477292530038616
1952.0,2052.0,0.003628234945530502
1953.0,2053.0,0.0038817164296184757
1955.0,1956.0,0.009425400133681431
1955.0,2055.0,0.004864551161209404
1956.0,1957.0,0.008477522751959803
1956.0,2056.0,0.003967388360121426
1957.0,1958.0,0.008591209938652398
1957.0,2057.0,0.004885834217403057
1958.0,1959.0,0.00804032231319102
1958.0,2058.0,0.005374155980245573
1959.0,1960.0,0.00870432989264562
1959.0,2059.0,0.003589195655021818
1960.0,1961.0,0.008773460542454668
1960.0,2060.0,0.002864883344919831
1961.0,1962.0,0.007235883039408544
1961.0,2061.0,0.0042043173619533865
1962.0,1963.0,0.008378424126886823
1962.0,2062.0,0.005040698158986985
1963.0,1964.0,0.009712566054344252
1963.0,2063.0,0.0047652202047722084
1964.0,1965.0,0.005886207588931953
1964.0,2064.0,0.005225197114936906
1965.0,1966.0,0.01010036328306976
1966.0,1967.0,0.007216805543313608
1966.0,2066.0,0.0038620457079151173
1967.0,1968.0,0.010335424802590764
1967.0,2067.0,0.004523565082987422
1968.0,1969.0,0.007408322790618795
1968.0,2068.0,0.004672743760365221
1969.0,1970.0,0.008321948353600915
1969.0,2069.0,0.004916346956836534
1970.0,1971.0,0.006896701464468294
1970.0,2070.0,0.0035555213288598598
1971.0,1972.0,0.008248614364243215
1971.0,2071.0,0.0031364200866589457
1972.0,1973.0,0.008836491939678452
1972.0,2072.0,0.0035240502451009768
1973.0,1974.0,0.011877633623748558
1973.0,2073.0,0.004405711003913765
1974.0,1975.0,0.004854910695367921
1974.0,2074.0,0.006153316869786284
1975.0,1976.0,0.008571430982630204
1975.0,2075.0,0.0034478904913040885
1976.0,1977.0,0.010502409987235875
1976.0,2076.0,0.004239155267262419
2024.0,2025.0,0.005801463567928358
2024.0,2124.0,0.004360345794779627
2025.0,2026.0,0.007094020941609942
2025.0,2125.0,0.004412891081821114
2026.0,2027.0,0.005052000775930269
2026.0,2126.0,0.004464300493921601
2027.0,2028.0,0.013021544459087792
2027.0,2127.0,0.0053059808000011635
2028.0,2128.0,0.0023040284460007117
2032.0,2033.0,0.008389129844030434
2032.0,2132.0,0.0032411990142523404
2033.0,2034.0,0.008203157365307726
2033.0,2133.0,0.0038088366780412728
2034.0,2035.0,0.007750599605837055
2034.0,2134.0,0.003719355848801093
2035.0,2036.0,0.008863244861786915
2035.0,2135.0,0.0032773843534127348
2036.0,2037.0,0.009321319834658408
2036.0,2136.0,0.0042038457024470505
2037.0,2038.0,0.007989777509417864
2037.0,2137.0,0.00336841223724422
2038.0,2039.0,0.007287385419339324
2038.0,2138.0,0.00379346737695213
2039.0,2040.0,0.009225928990079858
2039.0,2139.0,0.003794547410427877
2040.0,2041.0,0.007412689575316133
2040.0,2140.0,0.003793283000253789
2041.0,2042.0,0.008580046389734655
2041.0,2141.0,0.0041459815580885805
2042.0,2043.0,0.008716106627388191
2042.0,2142.0,0.004946104070887093
2043.0,2044.0,0.009983919717726065
2043.0,2143.0,0.004279886533544572
2044.0,2045.0,0.005695322723955039
2045.0,2046.0,0.009138282966181462
2045.0,2145.0,0.0054463109505446935
2046.0,2047.0,0.008424286229705768
2046.0,2146.0,0.005733677488314331
2047.0,2048.0,0.008623222274764811
2047.0,2147.0,0.0035951398415102445
2048.0,2049.0,0.007428311588106836
2048.0,2148.0,0.003838585690067446
2049.0,2050.0,0.00890733047439018
2049.0,2149.0,0.004038903380866326
2050.0,2051.0,0.007832599584429147
2050.0,2150.0,0.004195520183477787
2051.0,2052.0,0.007763723741221095
2051.0,2151.0,0.004592811388460873
2052.0,2053.0,0.007707953042150656
2052.0,2152.0,0.004834825150921884
2053.0,2054.0,0.013303709005386459
2053.0,2153.0,0.0040133401612630895
2054.0,2055.0,0.005229629773702554
2054.0,2154.0,0.005128581106897211
2055.0,2056.0,0.006545615845739905
2055.0,2155.0,0.004917218213584287
2056.0,2057.0,0.009786849156393333
2056.0,2156.0,0.0037043620678827434
2057.0,2058.0,0.009656689190918609
2057.0,2157.0,0.003201620697396846
2058.0,2059.0,0.005246330146874326
2058.0,2158.0,0.0036663410711495186
2059.0,2060.0,0.008310646995872166
2059.0,2159.0,0.003985364106325717
2060.0,2061.0,0.00878678251068041
2060.0,2160.0,0.004376191170411372
2061.0,2062.0,0.008227260555616374
2061.0,2161.0,0.005433986229278881
2062.0,2063.0,0.008823528330549195
2062.0,2162.0,0.003572929191851914
2063.0,2064.0,0.008029881601244414
2063.0,2163.0,0.004658268675165
2064.0,2164.0,0.005248479612233017
2066.0,2067.0,0.007370972903220012
2066.0,2166.0,0.0037155805064616656
2067.0,2068.0,0.0075675461452179744
2067.0,2167.0,0.002537803164151473
2068.0,2069.0,0.009078713823003036
2068.0,2168.0,0.003998281153191377
2069.0,2070.0,0.008998845137016213
2069.0,2169.0,0.004111448451578561
2070.0,2071.0,0.008073497505418716
2070.0,2170.0,0.004089854728473504
2071.0,2072.0,0.007045587424764518
2071.0,2171.0,0.004173433121540383
2072.0,2073.0,0.009344362609616486
2072.0,2172.0,0.0034190610289974513
2073.0,2074.0,0.0067487468355241775
2073.0,2173.0,0.0034467489276121584
2074.0,2075.0,0.010005362652098108
2074.0,2174.0,0.00544812100636489
2075.0,2076.0,0.008865651556992257
2075.0,2175.0,0.004678068914623955
2076.0,2176.0,0.004179360190272607
2124.0,2125.0,0.006921545714650498
2124.0,2224.0,0.003694811315880218
2125.0,2126.0,0.006664148740837273
2125.0,2225.0,0.004555613522901365
2126.0,2127.0,0.009759951539326567
2126.0,2226.0,0.003397000313508321
2127.0,2128.0,0.008363195736678921
2127.0,2227.0,0.0045837998996447575
2128.0,2228.0,0.005577673246973435
2132.0,2133.0,0.008044683981984659
2132.0,2232.0,0.004291045053363048
2133.0,2134.0,0.008737435782310534
2133.0,2233.0,0.0038093884299216815
2134.0,2135.0,0.009024512969684284
2134.0,2234.0,0.004163634993611197
2135.0,2136.0,0.007399176998153339
2135.0,2235.0,0.004171442777984862
2136.0,2137.0,0.008978036126570164
2136.0,2236.0,0.0038901948036055285
2137.0,2138.0,0.007696173039244866
2137.0,2237.0,0.0037334127926029735
2138.0,2139.0,0.0084840177852242
2138.0,2238.0,0.0036367942394386127
2139.0,2140.0,0.007853484551458645
2139.0,2239.0,0.004399836266269341
2140.0,2141.0,0.009103913471688992
2140.0,2240.0,0.004448134063854192
2141.0,2142.0,0.007497154252781854
2141.0,2241.0,0.0039421160573987766
2142.0,2143.0,0.006824992612450499
2142.0,2242.0,0.0033189001792719324
2143.0,2243.0,0.004137072971312484
2145.0,2146.0,0.004807325844999351
2145.0,2245.0,0.006883741123836707
2146.0,2147.0,0.008902598677914047
2146.0,2246.0,0.0033013952035473738
2147.0,2148.0,0.009054904122076497
2147.0,2247.0,0.004093316949608285
2148.0,2149.0,0.0059378803297137385
2148.0,2248.0,0.003605223613036805
2149.0,2150.0,0.00904326435143854
2149.0,2249.0,0.0038428264766971823
2150.0,2151.0,0.00839889574944226
2150.0,2250.0,0.0033196806111448355
2151.0,2152.0,0.00923855369741387
2151.0,2251.0,0.003370643241285999
2152.0,2153.0,0.007710515495736842
2152.0,2252.0,0.003570696499285159
2153.0,2154.0,0.008095549786148059
2153.0,2253.0,0.005207630563898181
2154.0,2155.0,0.007857446916142668
2154.0,2254.0,0.00426869453111462
2155.0,2156.0,0.009335251847165405
2155.0,2255.0,0.0031222151431284455
2156.0,2157.0,0.008137652030530672
2156.0,2256.0,0.003851985734657663
2157.0,2158.0,0.008268848483918715
2157.0,2257.0,0.0038964405205301816
2158.0,2159.0,0.007698213123836099
2158.0,2258.0,0.003995644039445578
2159.0,2160.0,0.0075058496474416534
2159.0,2259.0,0.004287965420798952
2160.0,2161.0,0.010501528015008069
2160.0,2260.0,0.003914184238123968
2161.0,2162.0,0.006347297027869462
2161.0,2261.0,0.0029339097549162764
2162.0,2163.0,0.007988242820545744
2162.0,2262.0,0.0038467954507607695
2163.0,2164.0,0.00840710284105056
2163.0,2263.0,0.00285556606822317
2164.0,2264.0,0.002102251611963565
2166.0,2167.0,0.004802933155894961
2166.0,2266.0,0.006674329794819538
2167.0,2168.0,0.006533469756568959
2167.0,2267.0,0.00434836102457323
2168.0,2169.0,0.012373317298525791
2168.0,2268.0,0.006511857688862054
2169.0,2170.0,0.00650937919697414
2169.0,2269.0,0.006114909766303154
2170.0,2171.0,0.006603748045617513
2170.0,2270.0,0.006796179333270583
2171.0,2172.0,0.009460295933002702
2171.0,2271.0,0.0035106448766606445
2172.0,2173.0,0.008848407274193212
2172.0,2272.0,0.005402619554433886
2173.0,2174.0,0.008225959311837382
2173.0,2273.0,0.004025057049283206
2174.0,2175.0,0.008312754273404272
2174.0,2274.0,0.003385791613490963
2175.0,2176.0,0.007218071688477158
2175.0,2275.0,0.0032259299341451226
2176.0,2276.0,0.004350378177813384
2224.0,2225.0,0.0084997811789492
2224.0,2324.0,0.005292927856116364
2225.0,2226.0,0.008530721735000678
2225.0,2325.0,0.0024949209386266693
2226.0,2227.0,0.007676574103074988
2226.0,2326.0,0.004758030134416885
2227.0,2228.0,0.008870825677466476
2227.0,2327.0,0.002809930876377152
2228.0,2229.0,0.005116386007721195
2228.0,2328.0,0.004461648566397106
2229.0,2230.0,0.010781010674792653
2229.0,2329.0,0.004632533313424988
2230.0,2231.0,0.009262072276224219
2230.0,2330.0,0.0039317414831054566
2231.0,2232.0,0.007109659537559072
2231.0,2331.0,0.004432448174540899
2232.0,2233.0,0.007961761190213907
2232.0,2332.0,0.004272812228499486
2233.0,2234.0,0.009011322328049307
2233.0,2333.0,0.003005473974267409
2234.0,2235.0,0.008031321077506499
2234.0,2334.0,0.004114495255795036
2235.0,2236.0,0.008858927107161433
2235.0,2335.0,0.005093561231597621
2236.0,2237.0,0.007618051026345403
2236.0,2336.0,0.0048029412623899525
2237.0,2238.0,0.009301100260184256
2237.0,2337.0,0.00451769984837947
2238.0,2239.0,0.009354049816523177
2238.0,2338.0,0.005798773643619157
2239.0,2240.0,0.006555864379317817
2239.0,2339.0,0.004494171355213141
2240.0,2241.0,0.00804230563085015
2240.0,2340.0,0.0042095051740097394
2241.0,2242.0,0.008118578557851136
2241.0,2341.0,0.004191965201435157
2242.0,2243.0,0.005839699825333545
2242.0,2342.0,0.004422091343472572
2245.0,2246.0,0.010598773714444985
2245.0,2345.0,0.003971817604067795
2246.0,2247.0,0.007179671271026074
2246.0,2346.0,0.0045440503540370054
2247.0,2248.0,0.00884641207326447
2247.0,2347.0,0.004744633664469012
2248.0,2249.0,0.008058807456441849
2248.0,2348.0,0.004432628159456972
2249.0,2250.0,0.008272180046396505
2249.0,2349.0,0.0038928657426095256
2250.0,2251.0,0.00762366569374589
2250.0,2350.0,0.0039184400633456296
2251.0,2252.0,0.009249426601146523
2251.0,2351.0,0.003703811528677085
2252.0,2253.0,0.006827607397178677
2252.0,2352.0,0.00385662057506279
2253.0,2254.0,0.010276916329814456
2253.0,2353.0,0.0035499198371175254
2254.0,2255.0,0.007462594693536538
2254.0,2354.0,0.004220337960405471
2255.0,2256.0,0.008645835913895158
2255.0,2355.0,0.004578819351102129
2256.0,2257.0,0.005870204045857022
2256.0,2356.0,0.004389887937069709
2257.0,2258.0,0.010401990388862525
2257.0,2357.0,0.005247171933525133
2258.0,2259.0,0.009498497713849323
2258.0,2358.0,0.005856494905660708
2259.0,2260.0,0.006649322769275031
2259.0,2359.0,0.0026369593720806037
2260.0,2261.0,0.012330950995361219
2261.0,2262.0,0.00521728533338976
2261.0,2361.0,0.007933741640612309
2262.0,2263.0,0.007699743497675799
2262.0,2362.0,0.003252864972602268
2263.0,2264.0,0.006527181159581717
2263.0,2363.0,0.00437814464927847
2266.0,2267.0,0.004646573228735369
2266.0,2366.0,0.0029132924278191625
2267.0,2268.0,0.010190019400373436
2267.0,2367.0,0.004237814206634652
2268.0,2269.0,0.012136215058246216
2268.0,2368.0,0.003446709771650743
2269.0,2270.0,0.0013405152330355772
2269.0,2369.0,0.003989288101905808
2270.0,2271.0,0.01134978121595262
2270.0,2370.0,0.004046265721627592
2271.0,2272.0,0.008391003813608676
2271.0,2371.0,0.003756409844519425
2272.0,2273.0,0.00825977015721392
2272.0,2372.0,0.003698126662243133
2273.0,2274.0,0.008077840846414417
2273.0,2373.0,0.0027999931446359796
2274.0,2275.0,0.008483613542588999
2274.0,2374.0,0.0039774491448667714
2275.0,2276.0,0.0073893001894633215
2275.0,2375.0,0.004152729735967219
2276.0,2277.0,0.008456516306967397
2276.0,2376.0,0.004053620190642699
2277.0,2377.0,0.006965631435843938
2324.0,2325.0,0.008887938076404396
2324.0,2424.0,0.003397398329604034
2325.0,2326.0,0.007872066722912744
2325.0,2425.0,0.004668416824787448
2326.0,2327.0,0.00908071195061253
2326.0,2426.0,0.0032370671865158307
2327.0,2328.0,0.009412834626190044
2327.0,2427.0,0.004940610184983752
2328.0,2329.0,0.00881990665766977
2328.0,2428.0,0.0030890528078992533
2329.0,2330.0,0.00581678843521069
2329.0,2429.0,0.005218777486159017
2330.0,2331.0,0.009381519239440778
2330.0,2430.0,0.0049009831850389644
2331.0,2332.0,0.007634333088096718
2331.0,2431.0,0.003843468355538512
2332.0,2333.0,0.008559512403168597
2332.0,2432.0,0.0034449516222966213
2333.0,2334.0,0.009046763365977263
2333.0,2433.0,0.003613932015129577
2334.0,2335.0,0.0065498688872379154
2334.0,2434.0,0.004234302705288695
2335.0,2336.0,0.009090724337477363
2335.0,2435.0,0.0036908142082728093
2336.0,2337.0,0.008910858024342728
2336.0,2436.0,0.0035420361728818344
2337.0,2338.0,0.009341343680648036
2337.0,2437.0,0.004262125239827332
2338.0,2339.0,0.007733725180661238
2338.0,2438.0,0.003132633301235511
2339.0,2340.0,0.008097443232280635
2339.0,2439.0,0.004204872403538017
2340.0,2341.0,0.008366721367417444
2340.0,2440.0,0.003674092302866604
2341.0,2342.0,0.007542613406505689
2341.0,2441.0,0.004286376756654374
2342.0,2442.0,0.004108467773999285
2344.0,2345.0,0.006446460169737026
2344.0,2444.0,0.004454784973485525
2345.0,2346.0,0.007371297799573551
2345.0,2445.0,0.005141567684084847
2346.0,2347.0,0.008404118262494533
2346.0,2446.0,0.0039324003992425955
2347.0,2348.0,0.008108363455099857
2347.0,2447.0,0.003199041395482908
2348.0,2349.0,0.007801203577012982
2348.0,2448.0,0.004058692529624355
2349.0,2350.0,0.007828684070774488
2349.0,2449.0,0.00301325296979893
2350.0,2351.0,0.008663472187293336
2350.0,2450.0,0.0041165013737376075
2351.0,2352.0,0.008317861158374802
2351.0,2451.0,0.00416132263229283
2352.0,2353.0,0.008398853302683628
2352.0,2452.0,0.003685798236475995
2353.0,2354.0,0.008277093413753454
2353.0,2453.0,0.003607946880153484
2354.0,2355.0,0.008753449997001155
2354.0,2454.0,0.003519582318965109
2355.0,2356.0,0.007714305201377392
2355.0,2455.0,0.003333385001767035
2356.0,2357.0,0.004769810723708034
2356.0,2456.0,0.003425810648586885
2357.0,2358.0,0.015026046055100545
2357.0,2457.0,0.0039356422601649855
2358.0,2359.0,0.006158321236345105
2358.0,2458.0,0.0051970099259108175
2359.0,2459.0,0.0049928529810174226
2361.0,2362.0,0.011301775196844128
2361.0,2461.0,0.005800824225917392
2362.0,2363.0,0.006927513583530835
2362.0,2462.0,0.004665124242721662
2363.0,2463.0,0.004328688524253919
2366.0,2367.0,0.006750916110425468
2366.0,2466.0,0.004307511997661317
2367.0,2368.0,0.009145013113167184
2367.0,2467.0,0.004351038756439875
2368.0,2369.0,0.008552756814618088
2368.0,2468.0,0.004187210604925445
2369.0,2370.0,0.007763458302844117
2369.0,2469.0,0.003602069841074136
2370.0,2371.0,0.007960622790963106
2370.0,2470.0,0.004497159233338425
2371.0,2372.0,0.008961778221424268
2371.0,2471.0,0.004207803464989009
2372.0,2373.0,0.007624215582602267
2372.0,2472.0,0.004147229757319143
2373.0,2374.0,0.008445565135028064
2373.0,2473.0,0.004483613204768733
2374.0,2375.0,0.009021147945799378
2374.0,2474.0,0.0038129537028413077
2375.0,2376.0,0.00506968198016412
2375.0,2475.0,0.004148827575356323
2376.0,2377.0,0.013325605502190125
2376.0,2476.0,0.004235459244283986
2377.0,2477.0,0.0046402769841888385
2423.0,2424.0,0.005563735440330861
2423.0,2523.0,0.0028202764492174896
2424.0,2425.0,0.008588683892774174
2424.0,2524.0,0.004438490720950209
2425.0,2426.0,0.006959292119892613
2425.0,2525.0,0.004162711243893043
2426.0,2427.0,0.009371901946776512
2426.0,2526.0,0.004212007104692936
2427.0,2428.0,0.007483340313656271
2427.0,2527.0,0.004087436225805002
2428.0,2429.0,0.00963279069896187
2428.0,2528.0,0.004766142856653197
2429.0,2430.0,0.0074905293571282325
2429.0,2529.0,0.00388655535146086
2430.0,2431.0,0.008156214093560947
2430.0,2530.0,0.003925842127491566
2431.0,2432.0,0.00652745177385468
2431.0,2531.0,0.0042882332609130765
2432.0,2433.0,0.008112185972349775
2432.0,2532.0,0.004913974486101357
2433.0,2434.0,0.011015891913503795
2433.0,2533.0,0.006830414802192204
2434.0,2435.0,0.007862257599443031
2434.0,2534.0,0.0032202366683245043
2435.0,2436.0,0.006953700710413145
2435.0,2535.0,0.004342863807443956
2436.0,2437.0,0.009778384563924679
2437.0,2438.0,0.007777849682270795
2437.0,2537.0,0.00384153719362623
2438.0,2439.0,0.00877974117613951
2438.0,2538.0,0.0034646117964398856
2439.0,2440.0,0.009034687572904732
2439.0,2539.0,0.0037246867492382652
2440.0,2441.0,0.00947906468434512
2440.0,2540.0,0.003701594284899839
2441.0,2442.0,0.006531337707544907
2441.0,2541.0,0.006256906367367879
2442.0,2542.0,0.004037951869448463
2444.0,2445.0,0.011091903923583276
2444.0,2544.0,0.006178575218442127
2445.0,2446.0,0.006747109499631162
2445.0,2545.0,0.00205119992687259
2446.0,2447.0,0.007723147546175717
2446.0,2546.0,0.004191862993945497
2447.0,2448.0,0.006884047228193565
2447.0,2547.0,0.0046938576384449125
2448.0,2449.0,0.009851919598738398
2448.0,2548.0,0.004319568353429985
2449.0,2450.0,0.008893899600288021
2449.0,2549.0,0.004840525910479379
2450.0,2451.0,0.005599433261500587
2450.0,2550.0,0.0042626914232636775
2451.0,2452.0,0.010598356146119925
2451.0,2551.0,0.005546637015345725
2452.0,2453.0,0.00806354202878609
2452.0,2552.0,0.004511954433506829
2453.0,2454.0,0.008098402771534643
2453.0,2553.0,0.004297533536810471
2454.0,2455.0,0.008244915719399434
2454.0,2554.0,0.003669753670211912
2455.0,2456.0,0.008451944756681854
2455.0,2555.0,0.003868895328125919
2456.0,2457.0,0.006392094775580228
2456.0,2556.0,0.00458769504871912
2457.0,2458.0,0.009082257538740444
2457.0,2557.0,0.004521153645922268
2458.0,2459.0,0.01058651147687467
2458.0,2558.0,0.0030733585749139858
2459.0,2460.0,0.007285877901803367
2459.0,2559.0,0.006041858072644745
2460.0,2461.0,0.010852867968421965
2460.0,2560.0,0.0036614015677097402
2461.0,2462.0,0.005944566939651294
2461.0,2561.0,0.004705622211783571
2462.0,2463.0,0.0072687385184776335
2462.0,2562.0,0.003853676831289756
2463.0,2563.0,0.003077692734824602
2465.0,2466.0,0.0048308913639200654
2465.0,2565.0,0.003452124744270261
2466.0,2467.0,0.007717812565746869
2466.0,2566.0,0.003652469438614971
2467.0,2468.0,0.009303043973345151
2467.0,2567.0,0.0037198862039048907
2468.0,2469.0,0.009719826817387115
2468.0,2568.0,0.00407888200982185
2469.0,2470.0,0.00822653564327086
2469.0,2569.0,0.0031183586467910455
2470.0,2471.0,0.0068973206486291775
2470.0,2570.0,0.004256230581158845
2471.0,2472.0,0.007518856299331624
2471.0,2571.0,0.0043255820336679475
2472.0,2473.0,0.009437574521030317
2472.0,2572.0,0.00366781254837708
2473.0,2474.0,0.007380448952469458
2473.0,2573.0,0.004722507649550677
2474.0,2475.0,0.010304677305476432
2474.0,2574.0,0.0042579154383318545
2475.0,2476.0,0.0071333314096573884
2475.0,2575.0,0.004626714148286738
2476.0,2477.0,0.006034024660208313
2476.0,2576.0,0.00441634021561192
2477.0,2577.0,0.006216856746787567
2523.0,2524.0,0.006725967790585519
2523.0,2623.0,0.0034909171774785024
2524.0,2525.0,0.007589943605192164
2524.0,2624.0,0.0031442583942822575
2525.0,2526.0,0.008387068107509289
2525.0,2625.0,0.003932993956258766
2526.0,2527.0,0.008097607185459196
2526.0,2626.0,0.003984584721148517
2527.0,2528.0,0.008611643723471061
2527.0,2627.0,0.003934905433424203
2528.0,2529.0,0.009436916653229368
2528.0,2628.0,0.004968104517816164
2529.0,2530.0,0.0064838166322004585
2529.0,2629.0,0.0041198183030344135
2530.0,2531.0,0.009414600873643021
2530.0,2630.0,0.003433526066596298
2531.0,2532.0,0.008888101521134851
2531.0,2631.0,0.0031780943362358597
2532.0,2533.0,0.0058350351815558595
2532.0,2632.0,0.003889012138057999
2533.0,2534.0,0.01055941223553621
2533.0,2633.0,0.004927833901422904
2534.0,2535.0,0.008041620384598925
2534.0,2634.0,0.005597922123431371
2535.0,2635.0,0.004322631552652235
2537.0,2538.0,0.008939897901542272
2537.0,2637.0,0.0037054915206976846
2538.0,2539.0,0.007431479664238978
2538.0,2638.0,0.004286417473834533
2539.0,2540.0,0.008140623745758009
2539.0,2639.0,0.004256619221873517
2540.0,2541.0,0.008795042731562131
2540.0,2640.0,0.0044727725014782945
2541.0,2542.0,0.009036122232463088
2541.0,2641.0,0.0017754630381957698
2542.0,2642.0,0.00298265506554613
2544.0,2545.0,0.011784662171651734
2544.0,2644.0,0.0049706478290066245
2545.0,2546.0,0.011414626936522893
2545.0,2645.0,0.005489654943619432
2546.0,2547.0,0.005832960652190308
2546.0,2646.0,0.0057146949568623534
2547.0,2548.0,0.008063892990981687
2547.0,2647.0,0.0028779135584662725
2548.0,2549.0,0.006473651696685639
2548.0,2648.0,0.0035157527117294436
2549.0,2550.0,0.009239315751720907
2549.0,2649.0,0.00468346587261675
2550.0,2551.0,0.006965702873365165
2550.0,2650.0,0.0037423694165603706
2551.0,2552.0,0.010596919615152224
2551.0,2651.0,0.002978699751568086
2552.0,2553.0,0.007471846746286928
2552.0,2652.0,0.003694278630529757
2553.0,2554.0,0.007037345557097046
2553.0,2653.0,0.0037707007637834892
2554.0,2555.0,0.009891941336259438
2554.0,2654.0,0.004447763242346158
2555.0,2556.0,0.008076219262130136
2555.0,2655.0,0.002761046631258054
2556.0,2557.0,0.00828835841708114
2556.0,2656.0,0.0033471316675585732
2557.0,2558.0,0.00824780342273023
2557.0,2657.0,0.004503034754467951
2558.0,2559.0,0.0058204289163256255
2558.0,2658.0,0.004494845382207791
2559.0,2560.0,0.010743346473515594
2559.0,2659.0,0.004430563061283055
2560.0,2561.0,0.008540045593555042
2560.0,2660.0,0.00330951665655276
2561.0,2562.0,0.00821539181414958
2561.0,2661.0,0.003706355579272272
2562.0,2563.0,0.007397972128901395
2562.0,2662.0,0.0038627582489663905
2563.0,2564.0,0.007068312135864423
2563.0,2663.0,0.004133289640227442
2564.0,2565.0,0.010636594306449981
2564.0,2664.0,0.0038104137439364293
2565.0,2566.0,0.007382308702567131
2565.0,2665.0,0.00453080721836732
2566.0,2567.0,0.008635362781609124
2566.0,2666.0,0.003738185571905785
2567.0,2568.0,0.007867428439458566
2567.0,2667.0,0.003924573316935479
2568.0,2569.0,0.012406902325721994
2568.0,2668.0,0.0031271190719222696
2569.0,2570.0,0.005737189773748229
2569.0,2669.0,0.007149789057027459
2570.0,2571.0,0.008070072833624577
2570.0,2670.0,0.003217423845253589
2571.0,2572.0,0.007968491057282865
2571.0,2671.0,0.003734385253292738
2572.0,2573.0,0.008591413178866488
2572.0,2672.0,0.003862729580231696
2573.0,2574.0,0.008872181819597667
2573.0,2673.0,0.00430038161096967
2574.0,2575.0,0.006068701384975216
2574.0,2674.0,0.0041813211847438626
2575.0,2576.0,0.009569545356494258
2575.0,2675.0,0.003907377294298526
2576.0,2577.0,0.007526909090058251
2576.0,2676.0,0.004026186688418395
2623.0,2624.0,0.00607533672564702
2624.0,2625.0,0.006264354186985113
2624.0,2724.0,0.005251036092998189
2625.0,2626.0,0.009991655627572454
2625.0,2725.0,0.0044849858327571605
2626.0,2627.0,0.007671126188506923
2626.0,2726.0,0.0038817130045856927
2627.0,2628.0,0.009661465398685593
2627.0,2727.0,0.003435751278832072
2628.0,2629.0,0.006164841948500866
2628.0,2728.0,0.0036198801982961805
2629.0,2630.0,0.009241835494099638
2629.0,2729.0,0.003307641251704684
2630.0,2631.0,0.007901583383727567
2630.0,2730.0,0.004714549600967771
2631.0,2632.0,0.009261816545904715
2631.0,2731.0,0.004870087006410529
2632.0,2633.0,0.008990500526667234
2632.0,2732.0,0.004432304643186513
2633.0,2634.0,0.004053142003433718
2633.0,2733.0,0.002925141666655722
2634.0,2635.0,0.009858777827398137
2634.0,2734.0,0.00397335289396281
2635.0,2636.0,0.010036019970586169
2635.0,2735.0,0.0026219409089427836
2636.0,2637.0,0.007722362012364964
2636.0,2736.0,0.002562379460578384
2637.0,2638.0,0.00756259079945502
2637.0,2737.0,0.004409929532321608
2638.0,2639.0,0.008305808321891275
2638.0,2738.0,0.004203631582329993
2639.0,2640.0,0.008491945484987539
2639.0,2739.0,0.0034867178104916767
2640.0,2641.0,0.009012586898332474
2640.0,2740.0,0.004373798580180471
2641.0,2642.0,0.007539810865001867
2641.0,2741.0,0.005398636629738211
2642.0,2742.0,0.005236287616235803
2644.0,2645.0,0.008625829663283787
2644.0,2744.0,0.0024609528662742773
2645.0,2646.0,0.006682526355354527
2645.0,2745.0,0.004269058809616532
2646.0,2647.0,0.0083380181104385
2646.0,2746.0,0.0044234849214189065
2647.0,2648.0,0.008628401627763982
2647.0,2747.0,0.00506416940968443
2648.0,2649.0,0.008717645073068174
2648.0,2748.0,0.00524234365622393
2649.0,2650.0,0.007164407334176329
2649.0,2749.0,0.0032464613427606384
2650.0,2651.0,0.008842949919568613
2650.0,2750.0,0.003940550075816532
2651.0,2652.0,0.009114080984937592
2651.0,2751.0,0.004714260549650866
2652.0,2653.0,0.008276176605776304
2652.0,2752.0,0.004262200380081658
2653.0,2654.0,0.005191238542005166
2653.0,2753.0,0.003999390578576935
2654.0,2655.0,0.011641517224142368
2654.0,2754.0,0.00363595692494119
2655.0,2656.0,0.00741543386525721
2655.0,2755.0,0.005291323252270806
2656.0,2657.0,0.009230537384681211
2656.0,2756.0,0.003916876778763154
2657.0,2658.0,0.006185638108554365
2657.0,2757.0,0.003087281718600728
2658.0,2659.0,0.009383485191547825
2658.0,2758.0,0.005072198485865668
2659.0,2660.0,0.00877386739870172
2659.0,2759.0,0.003974133018654004
2660.0,2661.0,0.008824395016090272
2660.0,2760.0,0.00446677263580536
2661.0,2662.0,0.006972094440697438
2661.0,2761.0,0.00382250042903848
2662.0,2663.0,0.009402554631588102
2662.0,2762.0,0.0040215931333288735
2663.0,2664.0,0.007130417808235254
2663.0,2763.0,0.005107751630606504
2664.0,2665.0,0.007886754093415126
2664.0,2764.0,0.004389257150135607
2665.0,2666.0,0.009802700444265105
2665.0,2765.0,0.0036556257248225306
2666.0,2667.0,0.007476219393517002
2666.0,2766.0,0.0048179155212543165
2667.0,2668.0,0.00854321101811243
2667.0,2767.0,0.004662740585748028
2668.0,2669.0,0.007434102585383121
2668.0,2768.0,0.0036143853211839977
2669.0,2670.0,0.007518627477139527
2669.0,2769.0,0.005045118738935797
2670.0,2671.0,0.006849976061272538
2670.0,2770.0,0.005115138814339103
2671.0,2672.0,0.010230362763851687
2672.0,2673.0,0.009115626172677228
2672.0,2772.0,0.005007118058320115
2673.0,2674.0,0.007615699968486215
2673.0,2773.0,0.003694851982150454
2674.0,2675.0,0.008561395169597072
2674.0,2774.0,0.004454015771193254
2675.0,2676.0,0.00839506899316518
2675.0,2775.0,0.0042336637525923525
2676.0,2776.0,0.0037214321181510738
2724.0,2725.0,0.0093092927835576
2724.0,2824.0,0.003768818946305805
2725.0,2726.0,0.007647231280012752
2725.0,2825.0,0.0038759686079725643
2726.0,2727.0,0.007017529468409795
2726.0,2826.0,0.003984752972270679
2727.0,2728.0,0.009112581206771312
2727.0,2827.0,0.005504453728574006
2728.0,2729.0,0.007925079230518817
2728.0,2828.0,0.004726946736534497
2729.0,2730.0,0.009060811383645622
2729.0,2829.0,0.004478160705022346
2730.0,2731.0,0.008446767571089015
2730.0,2830.0,0.003985961286819095
2731.0,2732.0,0.007844302460384816
2731.0,2831.0,0.0034871170857840397
2732.0,2733.0,0.008986747206859337
2732.0,2832.0,0.0032849428609953053
2733.0,2734.0,0.007265944855970126
2733.0,2833.0,0.005357069396596347
2734.0,2735.0,0.008898514254638314
2734.0,2834.0,0.005155435144585993
2735.0,2736.0,0.007562932436562174
2735.0,2835.0,0.005246013878180292
2736.0,2737.0,0.008996125179764952
2736.0,2836.0,0.0038155708983042876
2737.0,2738.0,0.008429102391120984
2737.0,2837.0,0.0038261570537531228
2738.0,2739.0,0.00952265420825499
2738.0,2838.0,0.0036542450670410576
2739.0,2740.0,0.007743102278156702
2739.0,2839.0,0.005116683422882875
2740.0,2741.0,0.006362707954951271
2740.0,2840.0,0.0033158445696372467
2741.0,2742.0,0.008153031466883955
2741.0,2841.0,0.003368652188937573
2742.0,2743.0,0.009353058349545286
2742.0,2842.0,0.0037583892427486966
2743.0,2744.0,0.007491673511305399
2743.0,2843.0,0.0032935632527729113
2744.0,2745.0,0.008822327382839142
2744.0,2844.0,0.00453543700760735
2745.0,2746.0,0.007818018609596645
2745.0,2845.0,0.004086736811934903
2746.0,2747.0,0.008968366139381127
2746.0,2846.0,0.004372016077283107
2747.0,2748.0,0.008883825057372511
2747.0,2847.0,0.0038927965808692585
2748.0,2749.0,0.007200518703537252
2748.0,2848.0,0.003207740271595005
2749.0,2750.0,0.00829445463065529
2749.0,2849.0,0.0039898845547158375
2750.0,2751.0,0.008990256828923172
2750.0,2850.0,0.004416195523296334
2751.0,2752.0,0.007947009518680609
2751.0,2851.0,0.0034885909490811095
2752.0,2753.0,0.00833956651451379
2752.0,2852.0,0.0035995360812192275
2753.0,2754.0,0.006579105355593222
2753.0,2853.0,0.003421664438542932
2754.0,2755.0,0.010085500643993614
2754.0,2854.0,0.004523325313302243
2755.0,2756.0,0.006544138416170498
2755.0,2855.0,0.003947824555373971
2756.0,2757.0,0.010957572644523048
2756.0,2856.0,0.004862752636108698
2757.0,2758.0,0.008976246922851493
2757.0,2857.0,0.003896553914679624
2758.0,2759.0,0.00717547545811438
2758.0,2858.0,0.005261885887205881
2759.0,2760.0,0.0074443958438546835
2759.0,2859.0,0.004150539878142228
2760.0,2761.0,0.008160191120923622
2760.0,2860.0,0.0038819760444895237
2761.0,2762.0,0.008235387668470673
2761.0,2861.0,0.004007392744662432
2762.0,2763.0,0.008141827832249439
2762.0,2862.0,0.00327379493860034
2763.0,2764.0,0.010110216793422187
2763.0,2863.0,0.004226658663766895
2764.0,2765.0,0.00459425440523279
2764.0,2864.0,0.003782505208189515
2765.0,2766.0,0.010485646300061779
2765.0,2865.0,0.00415158003295466
2766.0,2767.0,0.00640857178472702
2766.0,2866.0,0.0032776367050082996
2767.0,2768.0,0.010627155375734477
2767.0,2867.0,0.003969751509852223
2768.0,2769.0,0.007276871616979147
2768.0,2868.0,0.0037265000013459986
2769.0,2770.0,0.007619703764582843
2769.0,2869.0,0.003120846521378297
2772.0,2773.0,0.009585319183000358
2772.0,2872.0,0.004747761598907335
2773.0,2774.0,0.00665458780466556
2773.0,2873.0,0.005240703110273809
2774.0,2775.0,0.007993309700618534
2774.0,2874.0,0.003559662732620371
2775.0,2776.0,0.008700464793331378
2775.0,2875.0,0.004759462180752467
2776.0,2777.0,0.010835911648310714
2776.0,2876.0,0.003680076488331653
2819.0,2820.0,0.0040587358684692
2819.0,2919.0,0.002057620006219394
2820.0,2920.0,0.0026979792901333133
2824.0,2825.0,0.009095002597580736
2824.0,2924.0,0.00316830607738391
2825.0,2826.0,0.007124418899110336
2825.0,2925.0,0.004460186131764896
2826.0,2827.0,0.010209984870703792
2826.0,2926.0,0.004367192830640579
2827.0,2828.0,0.006641502496423795
2827.0,2927.0,0.0036460154388066805
2828.0,2829.0,0.00728784270412065
2828.0,2928.0,0.0034079675585244216
2829.0,2830.0,0.01035745098998784
2829.0,2929.0,0.004065630780091734
2830.0,2831.0,0.006719984012629958
2830.0,2930.0,0.0037839644778952333
2831.0,2832.0,0.009840365152777508
2831.0,2931.0,0.00491905290477819
2832.0,2833.0,0.005856930571553137
2832.0,2932.0,0.0044749431907007906
2833.0,2834.0,0.005687024868944346
2833.0,2933.0,0.0037055319145828714
2834.0,2835.0,0.01340615279787608
2834.0,2934.0,0.0056514301703169895
2835.0,2836.0,0.00651803819028439
2835.0,2935.0,0.0037880301595948924
2836.0,2837.0,0.010085276984297488
2836.0,2936.0,0.005116041552804173
2837.0,2838.0,0.0076771074142544865
2837.0,2937.0,0.004916475593348841
2838.0,2839.0,0.008276843391656174
2838.0,2938.0,0.003754348493418454
2839.0,2840.0,0.007212025943519834
2839.0,2939.0,0.004323831302215795
2840.0,2841.0,0.008269011845438606
2840.0,2940.0,0.004698403371361019
2841.0,2842.0,0.007547464313926628
2841.0,2941.0,0.004468238607100203
2842.0,2843.0,0.008868371912024947
2842.0,2942.0,0.0034715590805908312
2843.0,2844.0,0.008855182248265646
2843.0,2943.0,0.003778140009314051
2844.0,2845.0,0.008533819506528227
2844.0,2944.0,0.004124892204648985
2845.0,2846.0,0.006526752393801992
2845.0,2945.0,0.003934794675708821
2846.0,2847.0,0.010594918776942075
2846.0,2946.0,0.004606742489005508
2847.0,2848.0,0.007571410151352422
2847.0,2947.0,0.0037286662628834236
2848.0,2849.0,0.007596071248349368
2848.0,2948.0,0.0036974851588608454
2849.0,2850.0,0.00855330958167655
2849.0,2949.0,0.004318414954586999
2850.0,2851.0,0.008424582185485346
2850.0,2950.0,0.003820125950803217
2851.0,2852.0,0.008829474208581153
2851.0,2951.0,0.004470731727577005
2852.0,2853.0,0.007986726369420681
2852.0,2952.0,0.0061030863675674615
2853.0,2854.0,0.007485370318160616
2853.0,2953.0,0.00457807110691719
2854.0,2855.0,0.008605524147313836
2854.0,2954.0,0.004373777836152351
2855.0,2856.0,0.009123845545053966
2855.0,2955.0,0.004500048271964223
2856.0,2857.0,0.00781707176953109
2856.0,2956.0,0.004751181918217832
2857.0,2858.0,0.006859054198648393
2857.0,2957.0,0.00461806104983567
2858.0,2859.0,0.009427124084257815
2858.0,2958.0,0.003054769467574266
2859.0,2860.0,0.007820635284297587
2859.0,2959.0,0.00466588511645874
2860.0,2861.0,0.00912756548319428
2860.0,2960.0,0.0033577271494261395
2861.0,2862.0,0.0070054766818530775
2861.0,2961.0,0.00471693119093292
2862.0,2863.0,0.00777646023393541
2862.0,2962.0,0.005446662142999797
2863.0,2864.0,0.011294125986546989
2863.0,2963.0,0.004131072754144664
2864.0,2865.0,0.005739713832587852
2864.0,2964.0,0.003985723890333935
2865.0,2866.0,0.009106572541302363
2865.0,2965.0,0.0037617966983825033
2866.0,2867.0,0.007182550925680716
2866.0,2966.0,0.004277698845172596
2867.0,2868.0,0.011308123966865148
2867.0,2967.0,0.004187269396636538
2868.0,2869.0,0.0055436270238885975
2868.0,2968.0,0.004724959099290751
2869.0,2969.0,0.003615878102206748
2871.0,2872.0,0.009618828003452718
2871.0,2971.0,0.004116102399113376
2872.0,2873.0,0.006512121559829757
2872.0,2972.0,0.00651971609811388
2873.0,2874.0,0.009070615318157881
2873.0,2973.0,0.00338430481634998
2874.0,2875.0,0.007044240047726652
2874.0,2974.0,0.004274087192605422
2875.0,2876.0,0.007222023977391016
2875.0,2975.0,0.0039623102516088814
2876.0,2976.0,0.003638967570620179
2879.0,2979.0,0.0054665342585594355
2919.0,2920.0,0.0052906115534974195
2920.0,2921.0,0.0053707297316095805
2924.0,2925.0,0.0071721586401863385
2924.0,3024.0,0.004576308840102697
2925.0,2926.0,0.009394795755097626
2925.0,3025.0,0.004127607555234625
2926.0,2927.0,0.009155013123966526
2926.0,3026.0,0.003757073334394834
2927.0,2928.0,0.007120412418532862
2927.0,3027.0,0.004721987619632078
2928.0,2929.0,0.00886235928181654
2928.0,3028.0,0.003561318862449076
2929.0,2930.0,0.007674913758473233
2929.0,3029.0,0.0037063052896355174
2930.0,2931.0,0.006690496628801331
2930.0,3030.0,0.0035255162827632397
2931.0,2932.0,0.008237657464352023
2931.0,3031.0,0.0037450795892756002
2932.0,2933.0,0.009036158631298388
2932.0,3032.0,0.00506982189825334
2933.0,2934.0,0.01005185679165789
2933.0,3033.0,0.003917406767244076
2934.0,2935.0,0.007437208515297145
2934.0,3034.0,0.004918206327516163
2935.0,2936.0,0.008267794461039589
2935.0,3035.0,0.0031617743119948948
2936.0,2937.0,0.0076943035097402105
2936.0,3036.0,0.00344677677983462
2937.0,2938.0,0.00927515959323594
2937.0,3037.0,0.0034081007086036474
2938.0,2939.0,0.008306339146098116
2938.0,3038.0,0.004556082348901284
2939.0,2940.0,0.007473836205055642
2939.0,3039.0,0.00320606737452276
2940.0,2941.0,0.009270512711279804
2940.0,3040.0,0.0037285049014347997
2941.0,2942.0,0.007123189292023476
2941.0,3041.0,0.0032844048623782082
2942.0,2943.0,0.009754925148354644
2942.0,3042.0,0.003810473956083621
2943.0,2944.0,0.007535112533996802
2943.0,3043.0,0.004268196439948929
2944.0,2945.0,0.008097757571698559
2944.0,3044.0,0.004061999862139678
2945.0,2946.0,0.009726141535573047
2945.0,3045.0,0.0046363764266932755
2946.0,2947.0,0.00905600454560409
2946.0,3046.0,0.003543223518209543
2947.0,2948.0,0.0054015304090598544
2947.0,3047.0,0.007043995543726605
2948.0,2949.0,0.008429521903999057
2948.0,3048.0,0.004389834786189393
2949.0,2950.0,0.008539629448635344
2949.0,3049.0,0.0039171254677365566
2950.0,2951.0,0.007967702676430622
2950.0,3050.0,0.0031136186744686488
2951.0,2952.0,0.007519072102992456
2951.0,3051.0,0.003666024698504608
2952.0,2953.0,0.010947871382602092
2952.0,3052.0,0.003319856751431297
2953.0,2954.0,0.00707306139800861
2953.0,3053.0,0.003762483766082628
2954.0,2955.0,0.007214162306186415
2954.0,3054.0,0.003607361684108496
2955.0,2956.0,0.010243086953648242
2955.0,3055.0,0.0030325210980280963
2956.0,2957.0,0.00737494841270086
2956.0,3056.0,0.003761622216542677
2957.0,2958.0,0.008711616654789022
2957.0,3057.0,0.004008211114696065
2958.0,2959.0,0.009636479431825717
2958.0,3058.0,0.004446174744652493
2959.0,2960.0,0.0064839818938681616
2959.0,3059.0,0.003982275291837381
2960.0,2961.0,0.008875223959991085
2960.0,3060.0,0.004693093489377729
2961.0,2962.0,0.00879600820486168
2961.0,3061.0,0.0030997298156456195
2962.0,2963.0,0.007772322358857744
2962.0,3062.0,0.0036538357844882914
2963.0,2964.0,0.008398223772322688
2963.0,3063.0,0.0037951166200746963
2964.0,2965.0,0.007693257830724252
2964.0,3064.0,0.004941071989967312
2965.0,2966.0,0.00920599085487272
2965.0,3065.0,0.00273226353231429
2966.0,2967.0,0.00655816987962338
2966.0,3066.0,0.004403111595223761
2967.0,2968.0,0.010445410775072415
2967.0,3067.0,0.0035288799639550004
2968.0,2969.0,0.006603821514850319
2968.0,3068.0,0.004659313156463981
2969.0,2970.0,0.00884055360823074
2969.0,3069.0,0.003935764735095323
2970.0,2971.0,0.008082931429871276
2970.0,3070.0,0.004962429039291207
2971.0,2972.0,0.004071517849648984
2971.0,3071.0,0.00313560268050681
2972.0,2973.0,0.013410136597366179
2973.0,2974.0,0.006934549462654862
2974.0,2975.0,0.008624833026209793
2974.0,3074.0,0.003516585346606215
2975.0,2976.0,0.005590933176134236
2975.0,3075.0,0.002951766454172168
2976.0,3076.0,0.005375785948120958
3016.0,3017.0,0.007980600597072696
3016.0,3116.0,0.0024902345632452673
3017.0,3018.0,0.005158488201014116
3017.0,3117.0,0.0037451648428331813
3018.0,3118.0,0.004695348678212102
3023.0,3024.0,0.007355696937748458
3023.0,3123.0,0.0038431704229696054
3024.0,3025.0,0.008869016872799384
3024.0,3124.0,0.004731730550232983
3025.0,3026.0,0.007643929531988154
3025.0,3125.0,0.004916256507748557
3026.0,3027.0,0.007316230621022988
3026.0,3126.0,0.0039946609831124115
3027.0,3028.0,0.009000415779840103
3027.0,3127.0,0.003220187401379523
3028.0,3029.0,0.008436264605854879
3028.0,3128.0,0.0034543198013510293
3029.0,3030.0,0.006817372490923176
3029.0,3129.0,0.004593300039186139
3030.0,3031.0,0.010826640988321395
3030.0,3130.0,0.00465394334838505
3031.0,3032.0,0.006435308282436875
3031.0,3131.0,0.005377303830915251
3032.0,3033.0,0.008744992510574326
3032.0,3132.0,0.005881651001208511
3033.0,3034.0,0.00704826705651854
3033.0,3133.0,0.0030475093781587538
3034.0,3035.0,0.009147661975608724
3034.0,3134.0,0.004754351556204689
3035.0,3036.0,0.008631381490816036
3035.0,3135.0,0.005111941518637304
3036.0,3037.0,0.0080291638923367
3036.0,3136.0,0.0039445951794808976
3037.0,3038.0,0.00842280868653683
3037.0,3137.0,0.0040478318962187
3038.0,3039.0,0.009564699450061085
3038.0,3138.0,0.0038067659830916868
3039.0,3040.0,0.008078253923342667
3039.0,3139.0,0.004461858144319564
3040.0,3041.0,0.006920451506224161
3040.0,3140.0,0.004238095134608157
3041.0,3042.0,0.008367628921026559
3041.0,3141.0,0.004298500001160515
3042.0,3043.0,0.009807963893183936
3042.0,3142.0,0.004362324697909905
3043.0,3044.0,0.006668799556891803
3043.0,3143.0,0.005528337240982235
3044.0,3045.0,0.009179894452552297
3044.0,3144.0,0.0034915621632757832
3045.0,3046.0,0.008133906890295351
3045.0,3145.0,0.002965175382670513
3046.0,3047.0,0.006525299322635697
3046.0,3146.0,0.004739899573827956
3047.0,3048.0,0.009403243991835442
3047.0,3147.0,0.002139732303349582
3048.0,3049.0,0.008699849939510269
3048.0,3148.0,0.003548871733380821
3049.0,3050.0,0.008716910032803983
3049.0,3149.0,0.004565211194458521
3050.0,3051.0,0.008099449968979844
3050.0,3150.0,0.00422721304052936
3051.0,3052.0,0.007592265412246503
3051.0,3151.0,0.0037430086681680325
3052.0,3053.0,0.009388351497999872
3052.0,3152.0,0.00343831911986081
3053.0,3054.0,0.007477846332334048
3053.0,3153.0,0.0034376070528789725
3054.0,3055.0,0.008057156705066498
3054.0,3154.0,0.004637541517877097
3055.0,3056.0,0.008897167891525691
3055.0,3155.0,0.004862499251415191
3056.0,3057.0,0.00787213991555029
3056.0,3156.0,0.003881484883396251
3057.0,3058.0,0.009507704060392128
3057.0,3157.0,0.0037662589993264456
3058.0,3059.0,0.007162729675200626
3058.0,3158.0,0.003939136781069803
3059.0,3060.0,0.007754510068340916
3059.0,3159.0,0.0037781019070414145
3060.0,3061.0,0.008475174769289438
3060.0,3160.0,0.003838458450992898
3061.0,3062.0,0.009639080093556695
3061.0,3161.0,0.0051321516705956725
3062.0,3063.0,0.007012115504610326
3062.0,3162.0,0.004184020178011001
3063.0,3064.0,0.007759018763993493
3063.0,3163.0,0.004183531888250656
3064.0,3065.0,0.009529709966730745
3064.0,3164.0,0.003433532765243533
3065.0,3066.0,0.007855368928955244
3065.0,3165.0,0.0061835413316303255
3066.0,3067.0,0.007791496352434483
3067.0,3068.0,0.009539665732613533
3067.0,3167.0,0.004005978931551137
3068.0,3069.0,0.005234633987203666
3068.0,3168.0,0.002661678737188479
3069.0,3070.0,0.008690074763774558
3069.0,3169.0,0.00610372517238208
3070.0,3071.0,0.011076041523938266
3070.0,3170.0,0.003567861770025527
3071.0,3171.0,0.0038081895593612314
3074.0,3075.0,0.00870873088400372
3074.0,3174.0,0.0034635748728777623
3075.0,3076.0,0.00799594740978164
3075.0,3175.0,0.003990838192661659
3076.0,3176.0,0.005703612118644627
3115.0,3116.0,0.006509617943474307
3115.0,3215.0,0.0035723991322341034
3116.0,3117.0,0.007002243441212555
3116.0,3216.0,0.00449189330350321
3117.0,3118.0,0.008836974727246804
3117.0,3217.0,0.0035432990968827173
3118.0,3218.0,0.003932420333585903
3120.0,3220.0,0.004463861464026693
3122.0,3123.0,0.004852528110170957
3122.0,3222.0,0.004922929282450529
3123.0,3124.0,0.006384578327501187
3123.0,3223.0,0.0027428888785372262
3124.0,3125.0,0.008402971364939938
3124.0,3224.0,0.004340443135211256
3125.0,3126.0,0.010216756795089101
3125.0,3225.0,0.004048886002348122
3126.0,3127.0,0.007081609803568879
3126.0,3226.0,0.0038284878398659222
3127.0,3128.0,0.009503938662470252
3127.0,3227.0,0.004823579046729724
3128.0,3129.0,0.007262552924419242
3128.0,3228.0,0.005098423333734314
3129.0,3130.0,0.007975063869336595
3129.0,3229.0,0.0034636590392288827
3130.0,3131.0,0.008940302069281522
3131.0,3132.0,0.008146077452370143
3131.0,3231.0,0.004775889198882061
3132.0,3133.0,0.009136186203226506
3132.0,3232.0,0.0010584022345010852
3133.0,3134.0,0.008578170294998811
3133.0,3233.0,0.004273833782448816
3134.0,3135.0,0.008038419795581718
3134.0,3234.0,0.0025002668977521614
3135.0,3136.0,0.007956204182900264
3135.0,3235.0,0.0033408722887915978
3136.0,3137.0,0.008960887617864588
3136.0,3236.0,0.003547439968483291
3137.0,3138.0,0.00776947156246805
3137.0,3237.0,0.004422717265434713
3138.0,3139.0,0.008413404409631063
3138.0,3238.0,0.004060173365757606
3139.0,3140.0,0.008271119804476297
3139.0,3239.0,0.004083759914583276
3140.0,3141.0,0.007903302779218321
3140.0,3240.0,0.003946201000963301
3141.0,3142.0,0.008088666909324433
3141.0,3241.0,0.003996042483509074
3142.0,3143.0,0.0076457428710362645
3142.0,3242.0,0.00366537059790717
3143.0,3144.0,0.009628953601508327
3143.0,3243.0,0.00315314171264097
3144.0,3145.0,0.007505848690854382
3144.0,3244.0,0.004162668404997007
3145.0,3146.0,0.00938382847669334
3145.0,3245.0,0.004167889950563341
3146.0,3147.0,0.007058494899764392
3146.0,3246.0,0.003934805556821047
3147.0,3148.0,0.008032730006666402
3147.0,3247.0,0.0041269810079539865
3148.0,3149.0,0.008703476897194112
3148.0,3248.0,0.004722550931434857
3149.0,3150.0,0.008913324458359781
3149.0,3249.0,0.0035857259822816017
3150.0,3151.0,0.008524687923906663
3150.0,3250.0,0.004474280555572013
3151.0,3152.0,0.0074793241974124665
3151.0,3251.0,0.00444910157784941
3152.0,3153.0,0.008954148748485019
3152.0,3252.0,0.0033605845800961593
3153.0,3154.0,0.00880991217266076
3153.0,3253.0,0.005091553212920434
3154.0,3155.0,0.007468223915363012
3154.0,3254.0,0.0037348379576648987
3155.0,3156.0,0.007160351108709664
3155.0,3255.0,0.003367454448096698
3156.0,3157.0,0.008253105231366041
3156.0,3256.0,0.004777426162691502
3157.0,3158.0,0.00893871984402694
3157.0,3257.0,0.005203657899981608
3158.0,3159.0,0.0071408691599832525
3158.0,3258.0,0.004413593857617606
3159.0,3160.0,0.006338465721292044
3159.0,3259.0,0.00531705723309644
3160.0,3161.0,0.012507825538437224
3161.0,3162.0,0.007879929447018557
3161.0,3261.0,0.0035178896017415417
3162.0,3163.0,0.007334368679034119
3162.0,3262.0,0.003735408948161026
3163.0,3164.0,0.009771057134721707
3163.0,3263.0,0.003830060089609944
3164.0,3165.0,0.005702670435856756
3164.0,3264.0,0.0043810871801377915
3167.0,3168.0,0.010313676272309709
3167.0,3267.0,0.004241132268624464
3168.0,3169.0,0.007264324366381329
3168.0,3268.0,0.0045351870578846645
3169.0,3170.0,0.007806967073710339
3169.0,3269.0,0.003885942563911584
3170.0,3171.0,0.008795313857390193
3170.0,3270.0,0.004234316611919
3171.0,3172.0,0.00973124077443366
3171.0,3271.0,0.005193100855939132
3172.0,3173.0,0.007435874770999377
3172.0,3272.0,0.0038568649911563187
3173.0,3174.0,0.00831343696914731
3173.0,3273.0,0.0017333929098756243
3174.0,3175.0,0.008221365787385759
3174.0,3274.0,0.003685408027608848
3175.0,3176.0,0.0068132054203584366
3175.0,3275.0,0.004470116419069714
3176.0,3177.0,0.00937073986620023
3176.0,3276.0,0.002895214425567818
3177.0,3277.0,0.004082153285948138
3215.0,3216.0,0.007792600532556855
3215.0,3315.0,0.004145557800833622
3216.0,3217.0,0.006937957801111652
3216.0,3316.0,0.004079247510260908
3217.0,3218.0,0.006989791942540202
3217.0,3317.0,0.004005058066998257
3218.0,3318.0,0.004080952871572682
3220.0,3221.0,0.011060812047042167
3220.0,3320.0,0.006343105375126708
3221.0,3222.0,0.007223598184423236
3221.0,3321.0,0.0030004496879594183
3222.0,3223.0,0.007832737918505884
3222.0,3322.0,0.0036246593012286468
3223.0,3224.0,0.009183095609324935
3223.0,3323.0,0.004063649025200331
3224.0,3225.0,0.008343653253221804
3224.0,3324.0,0.0034737277109729643
3225.0,3226.0,0.0073679286078245565
3225.0,3325.0,0.004479253385329028
3226.0,3227.0,0.009726458247995598
3226.0,3326.0,0.005022148219633924
3227.0,3228.0,0.008120280397252207
3227.0,3327.0,0.003474295026332696
3228.0,3229.0,0.006950127864291117
3228.0,3328.0,0.002818485614655587
3229.0,3329.0,0.0024123885093399766
3231.0,3232.0,0.009698675912205256
3232.0,3233.0,0.009350077112515915
3232.0,3332.0,0.008216744826268095
3233.0,3234.0,0.008839123115445425
3233.0,3333.0,0.004188875401585848
3234.0,3235.0,0.007555863329891883
3234.0,3334.0,0.004241266995843562
3235.0,3236.0,0.00838815677726635
3235.0,3335.0,0.004215217073889578
3236.0,3237.0,0.007465383518614462
3236.0,3336.0,0.004091705351076533
3237.0,3238.0,0.007569634076360487
3237.0,3337.0,0.003812629283055766
3238.0,3239.0,0.010177229190698139
3238.0,3338.0,0.003907053653328157
3239.0,3240.0,0.007736529583734491
3239.0,3339.0,0.004333721292377492
3240.0,3241.0,0.007336871551962713
3240.0,3340.0,0.004412090808218462
3241.0,3242.0,0.009250885060360444
3241.0,3341.0,0.004104219059700968
3242.0,3243.0,0.008325863381655975
3242.0,3342.0,0.004169722874486127
3243.0,3244.0,0.008785126777115914
3243.0,3343.0,0.004730430773191599
3244.0,3245.0,0.008446465118616126
3244.0,3344.0,0.004429601020407594
3245.0,3246.0,0.006945947656727531
3245.0,3345.0,0.004953579389690477
3246.0,3247.0,0.008989732899257852
3246.0,3346.0,0.004396020730162715
3247.0,3248.0,0.009370413673899352
3247.0,3347.0,0.004106395856466299
3248.0,3249.0,0.007680528686229794
3248.0,3348.0,0.005232217672268719
3249.0,3250.0,0.007274269630004137
3249.0,3349.0,0.0037626518799907037
3250.0,3251.0,0.009208103077181657
3250.0,3350.0,0.0044608776322662405
3251.0,3252.0,0.006431419706410602
3251.0,3351.0,0.0033373602562482684
3252.0,3253.0,0.005673957385280914
3252.0,3352.0,0.004449246108054011
3253.0,3254.0,0.0113014548771386
3253.0,3353.0,0.008481910438103
3254.0,3255.0,0.00946835150382577
3254.0,3354.0,0.004342142459660562
3255.0,3256.0,0.00645869240016831
3255.0,3355.0,0.0035858108497209044
3256.0,3257.0,0.010396545843692538
3256.0,3356.0,0.003398756905108823
3257.0,3258.0,0.009470899746592983
3257.0,3357.0,0.0036709950313213438
3258.0,3259.0,0.005210251068807152
3258.0,3358.0,0.005190737104694241
3259.0,3359.0,0.003765153991537764
3261.0,3262.0,0.008637675194750009
3261.0,3361.0,0.003856422707638593
3262.0,3263.0,0.007735344249611552
3262.0,3362.0,0.0041404898381707765
3263.0,3264.0,0.008415902847585751
3263.0,3363.0,0.003340997876383235
3264.0,3364.0,0.0034165834893992485
3266.0,3267.0,0.005554990581450178
3266.0,3366.0,0.00843268092661106
3267.0,3268.0,0.00752647499962633
3267.0,3367.0,0.004206717857188594
3268.0,3269.0,0.010046089823408884
3268.0,3368.0,0.004765610579975995
3269.0,3270.0,0.0057328710337838235
3269.0,3369.0,0.004323885702697447
3270.0,3271.0,0.006000361917418018
3270.0,3370.0,0.0039567434551685135
3271.0,3272.0,0.012118666790121526
3271.0,3371.0,0.00596991775571622
3272.0,3273.0,0.008686566132252828
3272.0,3372.0,0.005049514496462328
3273.0,3274.0,0.007398760821245652
3273.0,3373.0,0.005087668499422205
3274.0,3275.0,0.007203224085089435
3274.0,3374.0,0.00490050962452363
3275.0,3276.0,0.0076521125821566865
3275.0,3375.0,0.00397767852898921
3276.0,3277.0,0.009306936391745615
3277.0,3278.0,0.00532900967160075
3277.0,3377.0,0.0024651017382660984
3278.0,3378.0,0.007765390860096732
3314.0,3315.0,0.004311729622783531
3314.0,3414.0,0.004337967902138682
3315.0,3316.0,0.00835787810691187
3315.0,3415.0,0.0038409148037882985
3316.0,3317.0,0.007963765834076092
3316.0,3416.0,0.0035689943513532033
3317.0,3318.0,0.007765389583272677
3317.0,3417.0,0.004421844914736956
3318.0,3319.0,0.012053006570146473
3318.0,3418.0,0.004182232605919478
3319.0,3320.0,0.006577820262061775
3319.0,3419.0,0.0034610535866990023
3320.0,3321.0,0.0070550650266317134
3320.0,3420.0,0.004165035203933978
3321.0,3322.0,0.008797542136869826
3321.0,3421.0,0.0047471433273064585
3322.0,3323.0,0.008167370091406287
3322.0,3422.0,0.004675947528575874
3323.0,3324.0,0.006367906145665034
3323.0,3423.0,0.003989390482266152
3324.0,3325.0,0.011685416975444307
3324.0,3424.0,0.00481058918740888
3325.0,3326.0,0.007176790125118571
3325.0,3425.0,0.004322363387082217
3326.0,3327.0,0.011277792699814208
3326.0,3426.0,0.0035528815136428847
3327.0,3328.0,0.0048704089376560445
3328.0,3329.0,0.006630149184596251
3328.0,3428.0,0.00538381486308745
3329.0,3429.0,0.00647690670999607
3332.0,3333.0,0.009054932657950005
3332.0,3432.0,0.001975515188497149
3333.0,3334.0,0.00628369494246826
3333.0,3433.0,0.0046072081459396464
3334.0,3335.0,0.0057391837616512014
3334.0,3434.0,0.0046491901800208135
3335.0,3336.0,0.010519136999773318
3335.0,3435.0,0.0036507397510611786
3336.0,3337.0,0.007408752673021263
3336.0,3436.0,0.0036118821049405457
3337.0,3338.0,0.006665878415482862
3337.0,3437.0,0.004156705080947977
3338.0,3339.0,0.007717285373108861
3338.0,3438.0,0.004537022005678954
3339.0,3340.0,0.010691444004436407
3339.0,3439.0,0.005453300803185265
3340.0,3341.0,0.008280322800470695
3340.0,3440.0,0.0040401533745661284
3341.0,3342.0,0.007910585289344893
3341.0,3441.0,0.004176948036542176
3342.0,3343.0,0.008521818418623787
3342.0,3442.0,0.004362366207688973
3343.0,3344.0,0.008396185384446909
3343.0,3443.0,0.003777659661751501
3344.0,3345.0,0.007254448845363753
3344.0,3444.0,0.004300673162430654
3345.0,3346.0,0.00894379925646811
3345.0,3445.0,0.003355216788829362
3346.0,3347.0,0.007168363105339954
3346.0,3446.0,0.003902793867215139
3347.0,3348.0,0.008034664917717434
3347.0,3447.0,0.003662136623611987
3348.0,3349.0,0.009582117246204105
3348.0,3448.0,0.003970600420592059
3349.0,3350.0,0.009350932828868053
3349.0,3449.0,0.0036949122425283714
3350.0,3351.0,0.007158355376062515
3350.0,3450.0,0.004100613671140802
3351.0,3352.0,0.008120914939217135
3351.0,3451.0,0.0043716950968692115
3352.0,3353.0,0.009515752910831754
3352.0,3452.0,0.0034868313925357423
3353.0,3354.0,0.006914122836629607
3353.0,3453.0,0.002814157529344326
3354.0,3355.0,0.007966299397461948
3354.0,3454.0,0.004021101795523856
3355.0,3356.0,0.008578124149836261
3355.0,3455.0,0.004668655370662397
3356.0,3357.0,0.009820863030304227
3356.0,3456.0,0.00385424937957597
3357.0,3358.0,0.00669573424801193
3357.0,3457.0,0.0038904733799392166
3358.0,3359.0,0.00868034891061435
3358.0,3458.0,0.0034283672454958575
3359.0,3360.0,0.007671424199586516
3359.0,3459.0,0.003368610878392109
3360.0,3361.0,0.007791444051008774
3360.0,3460.0,0.003707190402449038
3361.0,3362.0,0.009012419740003216
3361.0,3461.0,0.0038801223949768184
3362.0,3363.0,0.008335740282062609
3362.0,3462.0,0.0039359186017974505
3363.0,3364.0,0.007935050639409906
3363.0,3463.0,0.00453713489550606
3364.0,3365.0,0.009228066950884056
3364.0,3464.0,0.004036340850321933
3365.0,3366.0,0.0033515812775461945
3365.0,3465.0,0.004757979660525472
3366.0,3367.0,0.012360574020650876
3366.0,3466.0,0.006098805727352517
3367.0,3368.0,0.008953235692753842
3367.0,3467.0,0.0038924163317917127
3368.0,3369.0,0.007498418753976713
3368.0,3468.0,0.002903692795389832
3369.0,3370.0,0.008019609385125892
3369.0,3469.0,0.004365057438336248
3370.0,3371.0,0.008514328558376855
3370.0,3470.0,0.004213468591316805
3371.0,3372.0,0.011004555608019499
3371.0,3471.0,0.003749177479129169
3372.0,3373.0,0.005759807514144726
3372.0,3472.0,0.004029876092386739
3373.0,3374.0,0.008682907868335334
3373.0,3473.0,0.004043733467971183
3374.0,3375.0,0.00789356838951807
3374.0,3474.0,0.003767178181343595
3375.0,3475.0,0.0036661079553140198
3377.0,3378.0,0.007240340271700425
3377.0,3477.0,0.007788584326434496
3378.0,3379.0,0.008647317905571664
3378.0,3478.0,0.00342470015329764
3412.0,3413.0,0.008284644038822358
3412.0,3512.0,0.006535838897953877
3413.0,3414.0,0.00784696998146418
3413.0,3513.0,0.0031280751349708146
3414.0,3415.0,0.007056834665060473
3414.0,3514.0,0.0029565462621118214
3415.0,3416.0,0.009184919319188382
3415.0,3515.0,0.004365927558955149
3416.0,3417.0,0.009090613557400845
3416.0,3516.0,0.0034977696436466516
3417.0,3418.0,0.007367478473670631
3417.0,3517.0,0.004334528442631887
3418.0,3419.0,0.007854692783298457
3418.0,3518.0,0.003746942488215705
3419.0,3420.0,0.008743886085717491
3419.0,3519.0,0.003390296913254301
3420.0,3421.0,0.008254154799251024
3420.0,3520.0,0.0035715465683653943
3421.0,3422.0,0.006812172479466441
3421.0,3521.0,0.003549502528526403
3422.0,3423.0,0.010264180693070111
3423.0,3424.0,0.007189715547224246
3423.0,3523.0,0.004544138846906683
3424.0,3425.0,0.008518336685644718
3424.0,3524.0,0.003655646280756476
3425.0,3426.0,0.00779720375134579
3425.0,3525.0,0.002698853671466769
3426.0,3526.0,0.004628436972672242
3428.0,3429.0,0.005598357451967213
3429.0,3430.0,0.008483412072980989
3429.0,3529.0,0.002994557079101816
3430.0,3530.0,0.0035982208728755974
3432.0,3433.0,0.006157491089720307
3433.0,3434.0,0.009295299174313728
3434.0,3435.0,0.006585257948630653
3434.0,3534.0,0.005094940888764317
3435.0,3436.0,0.008089201723903351
3435.0,3535.0,0.004647680558087204
3436.0,3437.0,0.007502521470812108
3436.0,3536.0,0.0035781133031240744
3437.0,3438.0,0.010156483589313632
3437.0,3537.0,0.003931199731637387
3438.0,3439.0,0.004841753504670846
3438.0,3538.0,0.004310269866261029
3439.0,3440.0,0.010254538374788024
3439.0,3539.0,0.0038515030027231677
3440.0,3441.0,0.008495140978818419
3440.0,3540.0,0.0034193435817443663
3441.0,3442.0,0.008371170193587135
3441.0,3541.0,0.004141841089419509
3442.0,3443.0,0.007818791211562056
3442.0,3542.0,0.0035216476853871803
3443.0,3444.0,0.009309601512417292
3443.0,3543.0,0.00406211793280299
3444.0,3445.0,0.007883597397127837
3444.0,3544.0,0.0025548119402368542
3445.0,3446.0,0.008595534394672312
3445.0,3545.0,0.004242591421523393
3446.0,3447.0,0.007867365402089375
3446.0,3546.0,0.0032432888446772973
3447.0,3448.0,0.008907510481049133
3447.0,3547.0,0.004230473279667085
3448.0,3449.0,0.007966001050715762
3448.0,3548.0,0.0038611206792798017
3449.0,3450.0,0.007851846614013757
3449.0,3549.0,0.004095347654352838
3450.0,3451.0,0.008221579564171324
3450.0,3550.0,0.004043212422072492
3451.0,3452.0,0.008958779249987288
3451.0,3551.0,0.003924686219304517
3452.0,3453.0,0.009003669999505734
3452.0,3552.0,0.004989183424169384
3453.0,3454.0,0.0069406139361010465
3453.0,3553.0,0.004422389862963705
3454.0,3455.0,0.007633382999037903
3454.0,3554.0,0.0038940507919186245
3455.0,3456.0,0.008280817993411143
3455.0,3555.0,0.00441164150061864
3456.0,3457.0,0.009004336605214398
3456.0,3556.0,0.004298619681948862
3457.0,3458.0,0.00817226344717306
3457.0,3557.0,0.004165498708436714
3458.0,3459.0,0.007848304423886631
3458.0,3558.0,0.0037574894836875385
3459.0,3460.0,0.009236803230555552
3459.0,3559.0,0.0043267175849597906
3460.0,3461.0,0.007120197952304388
3460.0,3560.0,0.003805375495266545
3461.0,3462.0,0.010345015057021515
3461.0,3561.0,0.0037661540727874257
3462.0,3463.0,0.006440130660941865
3462.0,3562.0,0.004046501958479889
3463.0,3464.0,0.0077884747190964465
3463.0,3563.0,0.0034205671883434942
3464.0,3465.0,0.008890891016090335
3464.0,3564.0,0.004602127869800657
3465.0,3466.0,0.008151685215340149
3465.0,3565.0,0.002879822928587311
3466.0,3467.0,0.008831658745671619
3466.0,3566.0,0.005200989856750796
3467.0,3468.0,0.008175705822740902
3467.0,3567.0,0.003794138986648051
3468.0,3469.0,0.009044497033003003
3468.0,3568.0,0.004141650695077516
3469.0,3470.0,0.007373886873285001
3469.0,3569.0,0.0037170805062607423
3470.0,3471.0,0.004661591316278461
3470.0,3570.0,0.0034180610541608932
3471.0,3472.0,0.012039326081637615
3471.0,3571.0,0.005121103538301146
3472.0,3473.0,0.007580535456021533
3472.0,3572.0,0.003612526941078787
3473.0,3474.0,0.008527408629824203
3473.0,3573.0,0.00432901036496816
3474.0,3475.0,0.008444258764983486
3474.0,3574.0,0.004307866583354983
3475.0,3476.0,0.009190525558421174
3475.0,3575.0,0.0033332426764285197
3476.0,3477.0,0.003333795929567516
3476.0,3576.0,0.0032203708994503304
3477.0,3478.0,0.012544469292879543
3477.0,3577.0,0.004287180007885071
3478.0,3578.0,0.004061280745037802
3509.0,3510.0,0.0036568667257639124
3509.0,3609.0,0.005607532887999429
3510.0,3511.0,0.005995021778107748
3510.0,3610.0,0.004514435097551227
3511.0,3512.0,0.013575913576993656
3511.0,3611.0,0.005598627503236991
3512.0,3513.0,0.006374543153826337
3512.0,3612.0,0.0045288750976354274
3513.0,3514.0,0.0096418747772412
3513.0,3613.0,0.004689433963707976
3514.0,3515.0,0.006814917221801698
3514.0,3614.0,0.005112046058088286
3515.0,3516.0,0.007756582371766825
3515.0,3615.0,0.003681136653261297
3516.0,3517.0,0.008831476305238818
3516.0,3616.0,0.003264809657543687
3517.0,3518.0,0.006692301565978267
3518.0,3519.0,0.009154060151102298
3518.0,3618.0,0.0064093250845947206
3519.0,3520.0,0.00903048604284405
3519.0,3619.0,0.005176375384375909
3520.0,3521.0,0.007183999743875302
3520.0,3620.0,0.0035552404489712242
3521.0,3621.0,0.004545328824188847
3523.0,3524.0,0.00909140549970132
3523.0,3623.0,0.004608583848650374
3524.0,3525.0,0.008305819646489337
3524.0,3624.0,0.004259173371675455
3525.0,3526.0,0.005660285435382287
3526.0,3527.0,0.006254910571702851
3527.0,3627.0,0.005582889650532117
3529.0,3530.0,0.007595538786024411
3530.0,3630.0,0.004014713501604278
3534.0,3535.0,0.006911842192932466
3534.0,3634.0,0.003383215834082242
3535.0,3536.0,0.010749261070883094
3535.0,3635.0,0.0029929673052007137
3536.0,3537.0,0.0047859313534574744
3537.0,3538.0,0.00880230945206999
3537.0,3637.0,0.004532641988948162
3538.0,3539.0,0.009926776964352369
3538.0,3638.0,0.004650990969676017
3539.0,3540.0,0.006943208878465482
3539.0,3639.0,0.0038432788098186847
3540.0,3541.0,0.010288957553124582
3540.0,3640.0,0.0038385376486345093
3541.0,3542.0,0.006462884657797964
3541.0,3641.0,0.004683423918460659
3542.0,3543.0,0.008287126289009981
3542.0,3642.0,0.0036463401665265513
3543.0,3544.0,0.007580280713140535
3543.0,3643.0,0.004693319137882996
3544.0,3545.0,0.009866526932006544
3544.0,3644.0,0.005437125582514695
3545.0,3546.0,0.008373254194756244
3545.0,3645.0,0.003316029722425556
3546.0,3547.0,0.007797425421894088
3546.0,3646.0,0.004555540192994105
3547.0,3548.0,0.008712424196513783
3547.0,3647.0,0.00434691533964086
3548.0,3549.0,0.007460164880885606
3548.0,3648.0,0.0038249187769194754
3549.0,3550.0,0.00903496595953733
3549.0,3649.0,0.004074796841565317
3550.0,3551.0,0.009928330023724775
3550.0,3650.0,0.003880240840467838
3551.0,3552.0,0.00810857489883375
3551.0,3651.0,0.004283896185716557
3552.0,3553.0,0.006472715918375948
3552.0,3652.0,0.004375547200065823
3553.0,3554.0,0.008000784131571105
3553.0,3653.0,0.0027378501821658883
3554.0,3555.0,0.008355946592098035
3554.0,3654.0,0.0032707311002263934
3555.0,3556.0,0.008832559761473208
3555.0,3655.0,0.0032471965893665976
3556.0,3557.0,0.0077520952754722
3556.0,3656.0,0.003185460068810155
3557.0,3558.0,0.00865086552201551
3557.0,3657.0,0.0033391640405919173
3558.0,3559.0,0.008973313049816169
3558.0,3658.0,0.003758862979676119
3559.0,3560.0,0.007422155530571874
3559.0,3659.0,0.004473519180685874
3560.0,3561.0,0.008708560064671996
3560.0,3660.0,0.004871478733402712
3561.0,3562.0,0.007462857560613132
3561.0,3661.0,0.003928440364830577
3562.0,3563.0,0.008401667855848668
3562.0,3662.0,0.004315565432247491
3563.0,3564.0,0.00828336718792547
3563.0,3663.0,0.005124856860442511
3564.0,3565.0,0.007466189904495998
3564.0,3664.0,0.003393731836787527
3565.0,3566.0,0.007777540789992959
3565.0,3665.0,0.004556138304525879
3566.0,3567.0,0.00984855094823658
3566.0,3666.0,0.0037603751368714996
3567.0,3568.0,0.008313185029217194
3567.0,3667.0,0.004177706079895956
3568.0,3569.0,0.007139990059516816
3568.0,3668.0,0.0029657613407000215
3569.0,3570.0,0.008931431326500467
3569.0,3669.0,0.004300898344528883
3570.0,3571.0,0.008066181680324337
3570.0,3670.0,0.004558211186419162
3571.0,3572.0,0.008932476217152763
3571.0,3671.0,0.004231758315401476
3572.0,3573.0,0.0077084327019179945
3572.0,3672.0,0.0027909619793119547
3573.0,3574.0,0.00846194732316392
3573.0,3673.0,0.0034453502594075235
3574.0,3575.0,0.009089567818659152
3574.0,3674.0,0.0029481754103163884
3575.0,3576.0,0.007449067373168773
3575.0,3675.0,0.004535638938457366
3576.0,3577.0,0.007765202434579553
3576.0,3676.0,0.004336195756646178
3577.0,3578.0,0.00934529735053975
3577.0,3677.0,0.004336795360628447
3578.0,3579.0,0.004386282590076412
3578.0,3678.0,0.004008662123451834
3579.0,3580.0,0.008596901308029673
3579.0,3679.0,0.006509205039788068
3580.0,3581.0,0.011704180408726002
3581.0,3582.0,0.004108681564686398
3581.0,3681.0,0.005196779803884713
3582.0,3682.0,0.0038414067956937647
3607.0,3608.0,0.00560862568727844
3608.0,3609.0,0.011645161520992492
3608.0,3708.0,0.0049919089064199935
3609.0,3610.0,0.005449572472222013
3610.0,3611.0,0.007925504421169911
3610.0,3710.0,0.0045750006775938995
3611.0,3612.0,0.007246855622958139
3611.0,3711.0,0.002307276457212199
3612.0,3613.0,0.007047881279504986
3612.0,3712.0,0.0040887900704254625
3613.0,3614.0,0.009706761149837853
3614.0,3615.0,0.009123927988536477
3614.0,3714.0,0.005121165403501866
3615.0,3616.0,0.007404840822732357
3615.0,3715.0,0.004103954635468228
3616.0,3716.0,0.004732627726750251
3618.0,3619.0,0.005907021487179567
3618.0,3718.0,0.00418450904408278
3619.0,3620.0,0.009809631533344746
3619.0,3719.0,0.003761064611253737
3620.0,3621.0,0.007058521024265315
3620.0,3720.0,0.0059836885321668705
3621.0,3622.0,0.011068821286839815
3621.0,3721.0,0.003675949875884602
3622.0,3623.0,0.006111722536241233
3622.0,3722.0,0.004025726836238023
3623.0,3624.0,0.008135837831471407
3623.0,3723.0,0.003466587823784461
3624.0,3724.0,0.004356175042399944
3630.0,3631.0,0.006519921475755107
3631.0,3632.0,0.005833545111679886
3631.0,3731.0,0.0030366704348690297
3632.0,3633.0,0.013937977920057132
3632.0,3732.0,0.002926081516294246
3633.0,3634.0,0.0063302456824357355
3633.0,3733.0,0.0012108951069366412
3634.0,3635.0,0.007216645016210457
3634.0,3734.0,0.004072308457127176
3635.0,3735.0,0.005033184077698747
3637.0,3638.0,0.004683616979428788
3637.0,3737.0,0.0034712398822352576
3638.0,3639.0,0.011710187877655867
3638.0,3738.0,0.005752133368585491
3639.0,3640.0,0.008167184230810597
3639.0,3739.0,0.00472696820912214
3640.0,3641.0,0.007952912327569162
3640.0,3740.0,0.004674789690456905
3641.0,3642.0,0.008546238916037731
3641.0,3741.0,0.0032772511469189745
3642.0,3643.0,0.00967381161952202
3642.0,3742.0,0.004254102703272335
3643.0,3644.0,0.0054336082633920394
3643.0,3743.0,0.0037746247628020315
3644.0,3645.0,0.010000067252773758
3644.0,3744.0,0.0037687478092853065
3645.0,3646.0,0.00836492568885052
3645.0,3745.0,0.00478924838466278
3646.0,3647.0,0.007570201337481073
3646.0,3746.0,0.003408474234909162
3647.0,3648.0,0.009433083144974349
3647.0,3747.0,0.0042094559327785965
3648.0,3649.0,0.007681505218380047
3648.0,3748.0,0.004446914098560578
3649.0,3650.0,0.007669764393382604
3649.0,3749.0,0.0037855242437435984
3650.0,3651.0,0.00859074468541602
3650.0,3750.0,0.00405360029726813
3651.0,3652.0,0.006645228956176014
3651.0,3751.0,0.005570649818470078
3652.0,3653.0,0.009789607898174473
3653.0,3654.0,0.008697793782908454
3653.0,3753.0,0.007037188224000469
3654.0,3655.0,0.008391520751925485
3654.0,3754.0,0.004653869271905974
3655.0,3656.0,0.00801518710948142
3655.0,3755.0,0.0037069544709926357
3656.0,3657.0,0.008568244744403472
3656.0,3756.0,0.004556083708626565
3657.0,3658.0,0.008994531225694786
3657.0,3757.0,0.0044370844594188545
3658.0,3659.0,0.008191951082007088
3658.0,3758.0,0.005197114016453417
3659.0,3660.0,0.008635560686487099
3659.0,3759.0,0.004201280000193535
3660.0,3661.0,0.007757067748189075
3660.0,3760.0,0.003209894373651266
3661.0,3662.0,0.007088310617488415
3661.0,3761.0,0.004275568669774289
3662.0,3663.0,0.008462036393209792
3662.0,3762.0,0.0035219772543281297
3663.0,3664.0,0.008547994312702591
3663.0,3763.0,0.003255636441616833
3664.0,3665.0,0.006676179703992057
3664.0,3764.0,0.004267013621958761
3665.0,3666.0,0.010899905309680248
3665.0,3765.0,0.005800347755094768
3666.0,3667.0,0.006879916409375672
3666.0,3766.0,0.004997281504976087
3667.0,3668.0,0.00877940630623692
3667.0,3767.0,0.0038766453539165377
3668.0,3669.0,0.008128454505623987
3668.0,3768.0,0.004255391791596323
3669.0,3670.0,0.008538420257284022
3669.0,3769.0,0.004108749110132288
3670.0,3671.0,0.007068790349133357
3670.0,3770.0,0.0037936139721921128
3671.0,3672.0,0.009528481507564641
3671.0,3771.0,0.003430724064980342
3672.0,3673.0,0.008245368815281241
3672.0,3772.0,0.005734995645163024
3673.0,3674.0,0.007893127386530936
3673.0,3773.0,0.0035822487532266942
3674.0,3675.0,0.008521425103819527
3674.0,3774.0,0.0044358873712064765
3675.0,3676.0,0.00679765145987912
3675.0,3775.0,0.005213706773493369
3676.0,3677.0,0.009975653380606197
3676.0,3776.0,0.0038384815448326186
3677.0,3678.0,0.004927169342531513
3677.0,3777.0,0.0037843477667888446
3678.0,3679.0,0.01367099529112594
3678.0,3778.0,0.005943986206241195
3679.0,3779.0,0.005218987964156348
3681.0,3682.0,0.004303130546474534
3681.0,3781.0,0.003446300261148092
3682.0,3782.0,0.004515071012729724
3710.0,3711.0,0.010248620922836512
3710.0,3810.0,0.004455306423801538
3711.0,3712.0,0.007201630707693937
3711.0,3811.0,0.003912046033726727
3712.0,3812.0,0.0036032870465723317
3714.0,3715.0,0.006092317998923506
3714.0,3814.0,0.00334457945487882
3715.0,3716.0,0.009306824474545523
3715.0,3815.0,0.003767210811728349
3716.0,3717.0,0.008232866526915088
3716.0,3816.0,0.00493979133668584
3717.0,3718.0,0.008561357582182873
3717.0,3817.0,0.003874100682743589
3718.0,3719.0,0.008219942075221707
3718.0,3818.0,0.0026975571801129902
3719.0,3720.0,0.006559144389323869
3719.0,3819.0,0.0033261651026383395
3720.0,3721.0,0.009281940827757866
3720.0,3820.0,0.003215919652291658
3721.0,3722.0,0.010940707500431603
3721.0,3821.0,0.003387435006014758
3722.0,3723.0,0.005832050968570107
3722.0,3822.0,0.008212637609194107
3723.0,3724.0,0.007473251728665377
3724.0,3725.0,0.005018095679637364
3724.0,3824.0,0.004192157019956226
3725.0,3825.0,0.005037854024285105
3731.0,3732.0,0.0047855239734015086
3732.0,3733.0,0.012030058304929191
3732.0,3832.0,0.004658215492011718
3733.0,3734.0,0.00792805570426919
3733.0,3833.0,0.006815435733684356
3734.0,3735.0,0.006443696890760567
3734.0,3834.0,0.0038503140560248237
3735.0,3736.0,0.006951513310063947
3735.0,3835.0,0.003957224953171988
3736.0,3737.0,0.009768550584400477
3736.0,3836.0,0.0036774132878968076
3737.0,3738.0,0.008574300962760755
3737.0,3837.0,0.004234675290975189
3738.0,3739.0,0.008430187787350866
3738.0,3838.0,0.00405861874656463
3739.0,3740.0,0.007757801535228869
3739.0,3839.0,0.0040059528516889886
3740.0,3741.0,0.007310123748610792
3740.0,3840.0,0.003692191561928818
3741.0,3742.0,0.009703344949037124
3741.0,3841.0,0.004608821928651118
3742.0,3743.0,0.008645503359550295
3742.0,3842.0,0.004170816277417789
3743.0,3744.0,0.007162172886072834
3743.0,3843.0,0.0038122291484128687
3744.0,3745.0,0.008540136487199868
3744.0,3844.0,0.004334563979225329
3745.0,3746.0,0.008889512869668336
3745.0,3845.0,0.0032936309022057655
3746.0,3747.0,0.00744310420792268
3746.0,3846.0,0.0038948981424398142
3747.0,3748.0,0.009616489547126857
3747.0,3847.0,0.003407819742883434
3748.0,3749.0,0.007382231257553465
3748.0,3848.0,0.0036254609913778254
3749.0,3750.0,0.009052533932551782
3749.0,3849.0,0.0035485786295355003
3750.0,3751.0,0.009036427087073659
3750.0,3850.0,0.0043952833105504584
3751.0,3851.0,0.004070821678725428
3753.0,3754.0,0.006078777529240724
3753.0,3853.0,0.0037906388973359805
3754.0,3755.0,0.00867682969983856
3754.0,3854.0,0.00402838841349496
3755.0,3756.0,0.008012016281186713
3755.0,3855.0,0.004290933259795671
3756.0,3757.0,0.008086717293191277
3756.0,3856.0,0.004016237902565627
3757.0,3758.0,0.00858649421417157
3757.0,3857.0,0.003843160981532906
3758.0,3759.0,0.007333762189354241
3758.0,3858.0,0.0036224960151803915
3759.0,3760.0,0.008854934020081813
3759.0,3859.0,0.004445384206118987
3760.0,3761.0,0.0083247592836068
3760.0,3860.0,0.004627499067533091
3761.0,3762.0,0.008384305302170119
3761.0,3861.0,0.003616568766111635
3762.0,3763.0,0.00897031045728075
3762.0,3862.0,0.003521367389238958
3763.0,3764.0,0.008410554204093746
3763.0,3863.0,0.003710321475291353
3764.0,3765.0,0.009907019362553005
3764.0,3864.0,0.004248747327150932
3765.0,3766.0,0.004586726436141656
3765.0,3865.0,0.003973598924145801
3766.0,3767.0,0.009452048996910621
3766.0,3866.0,0.004457603600593245
3767.0,3768.0,0.008353780780581065
3767.0,3867.0,0.004716984869595938
3768.0,3769.0,0.008081056688329874
3768.0,3868.0,0.006045118137802969
3769.0,3770.0,0.00858811993220858
3769.0,3869.0,0.004345324192735782
3770.0,3771.0,0.008419397946408936
3770.0,3870.0,0.0036475377448356105
3771.0,3772.0,0.008148460032422998
3771.0,3871.0,0.004311142818320113
3772.0,3773.0,0.008513124230269297
3772.0,3872.0,0.003819529251096728
3773.0,3774.0,0.008196975492216632
3773.0,3873.0,0.003922206980767983
3774.0,3775.0,0.010809850985559253
3774.0,3874.0,0.0038287288778386286
3775.0,3776.0,0.006385557385224676
3775.0,3875.0,0.004033756706843542
3776.0,3777.0,0.0067298792990660525
3776.0,3876.0,0.005212715192680542
3777.0,3778.0,0.008854166409662613
3777.0,3877.0,0.004613446889258012
3778.0,3779.0,0.0074827772718421325
3778.0,3878.0,0.004501821875642504
3779.0,3780.0,0.008039465102853654
3779.0,3879.0,0.004035158846936541
3780.0,3781.0,0.009999520929525102
3780.0,3880.0,0.005072622707240424
3781.0,3782.0,0.004599463866582677
3782.0,3882.0,0.007135887777283733
3809.0,3810.0,0.009342725161856512
3809.0,3909.0,0.005256924549580881
3810.0,3811.0,0.007602673815178313
3810.0,3910.0,0.0033387352126277615
3811.0,3812.0,0.007942795045826094
3811.0,3911.0,0.004019532516349862
3812.0,3813.0,0.011195852804498658
3812.0,3912.0,0.0036823811861381745
3813.0,3814.0,0.006142485901489473
3813.0,3913.0,0.0048749193634403595
3814.0,3815.0,0.008079592277460626
3814.0,3914.0,0.003004296764631335
3815.0,3816.0,0.00837355520970642
3815.0,3915.0,0.004441752371535307
3816.0,3817.0,0.008442533612606804
3816.0,3916.0,0.0032104343693665966
3817.0,3818.0,0.009433259623799742
3817.0,3917.0,0.004018792884682167
3818.0,3819.0,0.007133037140657828
3818.0,3918.0,0.004561939777111351
3819.0,3820.0,0.007630375057623271
3819.0,3919.0,0.004850954044303702
3820.0,3821.0,0.007889346002046178
3820.0,3920.0,0.0037888198228497928
3821.0,3822.0,0.005752084044066404
3821.0,3921.0,0.004363230643685149
3822.0,3922.0,0.0045449671263966
3824.0,3825.0,0.0051750385988908795
3824.0,3924.0,0.005756403565597149
3825.0,3925.0,0.0029566481461278647
3832.0,3833.0,0.007425878146724282
3832.0,3932.0,0.004112404447521172
3833.0,3834.0,0.011416292519903224
3833.0,3933.0,0.00358205220788571
3834.0,3835.0,0.005614606711070651
3834.0,3934.0,0.005315168679352289
3835.0,3836.0,0.008419930053153722
3835.0,3935.0,0.0037008222397196208
3836.0,3837.0,0.008293183044525209
3836.0,3936.0,0.003959693625777821
3837.0,3838.0,0.008213048757312973
3837.0,3937.0,0.0044813000011107405
3838.0,3839.0,0.009325296898758743
3838.0,3938.0,0.004082651845308805
3839.0,3840.0,0.006457347235513966
3839.0,3939.0,0.004034013934042612
3840.0,3841.0,0.008647279392965139
3840.0,3940.0,0.004241744570341298
3841.0,3842.0,0.00773492592401503
3841.0,3941.0,0.0052641098867677065
3842.0,3843.0,0.009708314393343454
3842.0,3942.0,0.0036788250366131306
3843.0,3844.0,0.006846876806252597
3843.0,3943.0,0.003591321674537023
3844.0,3845.0,0.008844984188227966
3844.0,3944.0,0.0034634953803907007
3845.0,3846.0,0.00806178918354973
3845.0,3945.0,0.004099271829241912
3846.0,3847.0,0.00811913961266823
3846.0,3946.0,0.00418728071783768
3847.0,3848.0,0.008131541510070516
3847.0,3947.0,0.004084687950139449
3848.0,3849.0,0.008646384252969595
3848.0,3948.0,0.004834020508852548
3849.0,3850.0,0.007081073893838717
3849.0,3949.0,0.004413976406822658
3850.0,3851.0,0.009508697505967712
3850.0,3950.0,0.003151861489659231
3851.0,3852.0,0.005108507100905198
3851.0,3951.0,0.0035682540268357605
3852.0,3853.0,0.011365254315236422
3852.0,3952.0,0.005401929686693086
3853.0,3854.0,0.007708411331137092
3853.0,3953.0,0.003301512913798854
3854.0,3855.0,0.009725328221196409
3854.0,3954.0,0.003669772843111517
3855.0,3856.0,0.006956074528065383
3855.0,3955.0,0.004111677947019523
3856.0,3857.0,0.00948328816603176
3856.0,3956.0,0.0041385448191352545
3857.0,3858.0,0.007307226959661421
3857.0,3957.0,0.004931053441207728
3858.0,3859.0,0.007903853131859165
3858.0,3958.0,0.0033323591222988143
3859.0,3860.0,0.009586065955333357
3859.0,3959.0,0.003765090077272275
3860.0,3861.0,0.008237222442668488
3860.0,3960.0,0.004268788569368847
3861.0,3862.0,0.007076911861115727
3861.0,3961.0,0.004206867454535179
3862.0,3863.0,0.0100814007042674
3862.0,3962.0,0.00450047909005186
3863.0,3864.0,0.005870069922922587
3863.0,3963.0,0.004311325402935142
3864.0,3865.0,0.009165252983415159
3864.0,3964.0,0.0047989381846410975
3865.0,3866.0,0.009501472993699718
3865.0,3965.0,0.0044790877385926095
3866.0,3867.0,0.011244137544516412
3866.0,3966.0,0.0037117753824788997
3867.0,3868.0,0.002534744446681781
3867.0,3967.0,0.006506700172898296
3868.0,3869.0,0.011023493335599228
3868.0,3968.0,0.004839175550651651
3869.0,3870.0,0.011301949849915074
3869.0,3969.0,0.004118248687247663
3870.0,3871.0,0.006675851629567201
3871.0,3872.0,0.006723024929300884
3871.0,3971.0,0.005945282392794843
3872.0,3873.0,0.008921960754228742
3872.0,3972.0,0.004209945953338575
3873.0,3874.0,0.009261436495490317
3873.0,3973.0,0.005071519598699747
3874.0,3875.0,0.00725326153947308
3874.0,3974.0,0.004800086029435222
3875.0,3876.0,0.0065059053981748665
3875.0,3975.0,0.003396340920755195
3876.0,3877.0,0.01047057849500205
3876.0,3976.0,0.004498697209189676
3877.0,3878.0,0.00834464084607583
3877.0,3977.0,0.004046037036409715
3878.0,3879.0,0.008243173637622865
3878.0,3978.0,0.0040226149766042964
3879.0,3880.0,0.00723515333977102
3879.0,3979.0,0.00518124060915577
3880.0,3980.0,0.00392300729670241
3882.0,3883.0,0.0068760300551991005
3882.0,3982.0,0.0024634734583524613
3883.0,3884.0,0.004738565885371646
3883.0,3983.0,0.0038153510900041415
3884.0,3984.0,0.004220004786723993
3907.0,3908.0,0.007959978739921386
3907.0,4007.0,0.003937281469493035
3908.0,3909.0,0.00801466102839016
3908.0,4008.0,0.0032357143461697515
3909.0,3910.0,0.008359903454586036
3909.0,4009.0,0.004497594544866349
3910.0,3911.0,0.0077747242041118336
3910.0,4010.0,0.003938541813917307
3911.0,3912.0,0.00835247674226042
3911.0,4011.0,0.0033283302029702825
3912.0,3913.0,0.007118690184296628
3912.0,4012.0,0.004015312553216287
3913.0,3914.0,0.009009177792674005
3913.0,4013.0,0.004743006921770042
3914.0,3915.0,0.008829417437748245
3914.0,4014.0,0.005737645343696606
3915.0,3916.0,0.007583940038001449
3915.0,4015.0,0.003033384487659378
3916.0,3917.0,0.008134940005310374
3916.0,4016.0,0.003994492934029204
3917.0,3918.0,0.009003596275378082
3917.0,4017.0,0.003812840989339673
3918.0,3919.0,0.00695381520174345
3918.0,4018.0,0.004625236531247591
3919.0,3920.0,0.00983422184669391
3919.0,4019.0,0.0034098224073986863
3920.0,3921.0,0.006803934111967761
3920.0,4020.0,0.0044019886256084955
3921.0,3922.0,0.008877777916799345
3921.0,4021.0,0.004646896294305543
3922.0,4022.0,0.0031774656961132486
3924.0,3925.0,0.0072803074282612994
3924.0,4024.0,0.0038148585766733184
3925.0,3926.0,0.004174316721333269
3925.0,4025.0,0.0042398751219804515
3926.0,4026.0,0.0037422358076425197
3932.0,3933.0,0.008508612639555248
3932.0,4032.0,0.004152256504601734
3933.0,3934.0,0.0064173157667357615
3933.0,4033.0,0.004461474377378811
3934.0,3935.0,0.008600592249374095
3934.0,4034.0,0.004841599864715949
3935.0,3936.0,0.008537023548052318
3935.0,4035.0,0.003958059404555131
3936.0,3937.0,0.008486400973321682
3936.0,4036.0,0.004256280800178418
3937.0,3938.0,0.008690741962571361
3937.0,4037.0,0.0031015589644570697
3938.0,3939.0,0.008430090153729171
3938.0,4038.0,0.004569817047761558
3939.0,3940.0,0.007324665104972313
3939.0,4039.0,0.003958812550496056
3940.0,3941.0,0.006403397713713911
3940.0,4040.0,0.0038410931009273696
3941.0,3942.0,0.01081383408879521
3941.0,4041.0,0.004946027214846853
3942.0,3943.0,0.00795049711779075
3942.0,4042.0,0.004350665637578993
3943.0,3944.0,0.00868632673228452
3943.0,4043.0,0.0036323238897417345
3944.0,3945.0,0.008020853092408601
3944.0,4044.0,0.0043892734068400234
3945.0,3946.0,0.007815710645872208
3945.0,4045.0,0.003946103299460303
3946.0,3947.0,0.008221854947029993
3946.0,4046.0,0.0040409851694853385
3947.0,3948.0,0.006631980845870977
3947.0,4047.0,0.003762688081675113
3948.0,3949.0,0.010278187986702908
3948.0,4048.0,0.002330340442936932
3949.0,3950.0,0.005782588818166793
3949.0,4049.0,0.004078343768004978
3950.0,3951.0,0.010486166154033617
3950.0,4050.0,0.005343734218684532
3951.0,3952.0,0.007969087115849227
3951.0,4051.0,0.003975438456316939
3952.0,3953.0,0.007509186457266911
3952.0,4052.0,0.0036466832396039473
3953.0,3954.0,0.009307649972468855
3953.0,4053.0,0.0034497655065297197
3954.0,3955.0,0.008045565358009337
3954.0,4054.0,0.004037536948435669
3955.0,3956.0,0.008921616438740216
3955.0,4055.0,0.0033837854216813372
3956.0,3957.0,0.008153812434683647
3956.0,4056.0,0.00359759951217609
3957.0,3958.0,0.007714904769341736
3957.0,4057.0,0.0032799653854900033
3958.0,3959.0,0.008615425938396863
3958.0,4058.0,0.004189379469566333
3959.0,3960.0,0.007561170207051317
3959.0,4059.0,0.00424086383771364
3960.0,3961.0,0.009408569375840241
3960.0,4060.0,0.0036542566590242074
3961.0,3962.0,0.007798127155285523
3961.0,4061.0,0.003942271355450323
3962.0,3963.0,0.008139060914503662
3962.0,4062.0,0.00428923316689815
3963.0,3964.0,0.00937429506949718
3963.0,4063.0,0.0038821699215758096
3964.0,3965.0,0.006156704839441324
3964.0,4064.0,0.003364554633230865
3965.0,3966.0,0.009137529384357577
3965.0,4065.0,0.0043314996779443464
3966.0,3967.0,0.007896492943705981
3966.0,4066.0,0.005877660449533582
3967.0,3968.0,0.008923064380581346
3967.0,4067.0,0.004888178920618097
3968.0,3969.0,0.008306225542326772
3968.0,4068.0,0.003647060802894389
3969.0,4069.0,0.0033168348240437528
3971.0,3972.0,0.0075228778283316375
3971.0,4071.0,0.0028222840183047674
3972.0,3973.0,0.00735578043785973
3972.0,4072.0,0.0035360858049534975
3973.0,3974.0,0.00793776395025705
3973.0,4073.0,0.0031672994253784128
3974.0,3975.0,0.00887301795895843
3974.0,4074.0,0.003936463866215083
3975.0,3976.0,0.008831416779882736
3975.0,4075.0,0.004290356500340867
3976.0,3977.0,0.007420978524426523
3976.0,4076.0,0.0026114977924573866
3977.0,3978.0,0.008452415547049091
3977.0,4077.0,0.0038641344748899095
3978.0,3979.0,0.007958826478821367
3978.0,4078.0,0.003938363519278053
3979.0,3980.0,0.008713034962055432
3979.0,4079.0,0.003094767771582809
3980.0,3981.0,0.010717118336568006
3980.0,4080.0,0.0034092235186331515
3981.0,3982.0,0.010905357426969648
3981.0,4081.0,0.00211166017152457
3982.0,3983.0,0.0047096117907930125
3982.0,4082.0,0.007116363162454871
3983.0,3984.0,0.008212653313637451
3983.0,4083.0,0.0037427826880557513
3984.0,4084.0,0.0044790239829728936
4007.0,4008.0,0.004637734052314776
4007.0,4107.0,0.005438769436189339
4008.0,4009.0,0.008233135101527312
4008.0,4108.0,0.0037056396600349934
4009.0,4010.0,0.009643232926773092
4009.0,4109.0,0.00454889373914183
4010.0,4011.0,0.006491443445798819
4010.0,4110.0,0.003469731057300479
4011.0,4012.0,0.010233729174157949
4011.0,4111.0,0.005858106187158975
4012.0,4013.0,0.009024591710431927
4012.0,4112.0,0.004033344563755602
4013.0,4014.0,0.004248567788090702
4013.0,4113.0,0.002975122257992962
4014.0,4015.0,0.011938934929465324
4014.0,4114.0,0.0020898390775347772
4015.0,4016.0,0.006404141894899383
4015.0,4115.0,0.003836195774462785
4016.0,4017.0,0.009118694891265978
4016.0,4116.0,0.003921394672815507
4017.0,4018.0,0.007583304652326673
4017.0,4117.0,0.003343167207906195
4018.0,4019.0,0.009510975724919093
4018.0,4118.0,0.0037389752954550266
4019.0,4020.0,0.008916090516588822
4019.0,4119.0,0.00595881354382415
4020.0,4021.0,0.0074665464633925475
4020.0,4120.0,0.0030346835617585284
4021.0,4022.0,0.007164992813674053
4021.0,4121.0,0.004416575375783963
4022.0,4023.0,0.009120732458525564
4022.0,4122.0,0.003854542198502487
4023.0,4024.0,0.007642755692811325
4023.0,4123.0,0.0034003886792543475
4024.0,4025.0,0.009041166997683545
4024.0,4124.0,0.004611314437332964
4025.0,4026.0,0.006286102035443331
4025.0,4125.0,0.0041965817387502975
4026.0,4126.0,0.003929714213528158
4029.0,4129.0,0.004810554500264368
4031.0,4032.0,0.008678589903895502
4031.0,4131.0,0.003431883128834187
4032.0,4033.0,0.007302045629137041
4032.0,4132.0,0.0041859444633196435
4033.0,4034.0,0.006406514754528761
4033.0,4133.0,0.0039507695617398515
4034.0,4035.0,0.01068112962752516
4034.0,4134.0,0.003886872493409558
4035.0,4036.0,0.007833266982555645
4035.0,4135.0,0.004146130471898108
4036.0,4037.0,0.00926434679834468
4036.0,4136.0,0.003607966998191458
4037.0,4038.0,0.009267217079577022
4037.0,4137.0,0.004387920806036929
4038.0,4039.0,0.006889392282342538
4038.0,4138.0,0.004797482975475446
4039.0,4040.0,0.007966612301348664
4039.0,4139.0,0.003972439867390661
4040.0,4041.0,0.009943038030702699
4040.0,4140.0,0.0036308158972895147
4041.0,4042.0,0.007037760406549747
4041.0,4141.0,0.004136891186627174
4042.0,4043.0,0.007877529742882871
4042.0,4142.0,0.00430502146451874
4043.0,4044.0,0.009066741144424484
4043.0,4143.0,0.00427573540458335
4044.0,4045.0,0.007112855973517212
4044.0,4144.0,0.0036930725256896922
4045.0,4046.0,0.008446213725095953
4045.0,4145.0,0.0037326397147303555
4046.0,4047.0,0.00794400335410301
4046.0,4146.0,0.003651460748796302
4047.0,4048.0,0.007105894398314752
4047.0,4147.0,0.003893981823278986
4048.0,4049.0,0.010435262519937205
4048.0,4148.0,0.00536387425001783
4049.0,4050.0,0.00648628155802685
4049.0,4149.0,0.004290140391642382
4050.0,4051.0,0.009766867791160042
4050.0,4150.0,0.0037174975911269947
4051.0,4052.0,0.008415006384430134
4051.0,4151.0,0.004487814181763502
4052.0,4053.0,0.007006876839933345
4052.0,4152.0,0.0037200906023905135
4053.0,4054.0,0.009197728385313263
4053.0,4153.0,0.0034218180197046096
4054.0,4055.0,0.007175723974624485
4054.0,4154.0,0.002954717492420454
4055.0,4056.0,0.010105110521414468
4055.0,4155.0,0.005705910904490635
4056.0,4057.0,0.008543448255827485
4056.0,4156.0,0.004294321405059724
4057.0,4058.0,0.007592983511769438
4057.0,4157.0,0.004162998808545619
4058.0,4059.0,0.008833994152703615
4058.0,4158.0,0.004754016249448234
4059.0,4060.0,0.007620000320210131
4059.0,4159.0,0.003964215909858193
4060.0,4061.0,0.0083108258632943
4060.0,4160.0,0.004547408265157578
4061.0,4062.0,0.0079482926273508
4061.0,4161.0,0.004369095057328028
4062.0,4063.0,0.007756874438199985
4062.0,4162.0,0.004041591024581581
4063.0,4064.0,0.009124063878009632
4063.0,4163.0,0.00410894365622193
4064.0,4065.0,0.007557035944072496
4064.0,4164.0,0.004193248646337876
4065.0,4066.0,0.010182093806776593
4065.0,4165.0,0.005040681177180784
4066.0,4067.0,0.007115339163385322
4066.0,4166.0,0.00258143923035045
4067.0,4068.0,0.006457020892021655
4067.0,4167.0,0.004213267007918396
4068.0,4069.0,0.009001754718387258
4068.0,4168.0,0.003154110132823872
4069.0,4070.0,0.008691172351875642
4069.0,4169.0,0.005375882011352698
4070.0,4071.0,0.007482110483680985
4071.0,4072.0,0.009150258684868089
4071.0,4171.0,0.0046919684365959195
4072.0,4073.0,0.008462956882792288
4072.0,4172.0,0.004252130610644222
4073.0,4074.0,0.007175807216613348
4073.0,4173.0,0.004603984459138912
4074.0,4075.0,0.00922812740104944
4074.0,4174.0,0.0034032306562999694
4075.0,4076.0,0.008796750763776453
4075.0,4175.0,0.007120818251436745
4076.0,4077.0,0.006294105186601627
4076.0,4176.0,0.004851632452071393
4077.0,4078.0,0.008759638568457065
4077.0,4177.0,0.003811271337756972
4078.0,4079.0,0.00856999371353331
4078.0,4178.0,0.004259420670700995
4079.0,4080.0,0.008532422915561801
4079.0,4179.0,0.0036419288653110836
4080.0,4081.0,0.009066005082725263
4080.0,4180.0,0.004456269988458297
4081.0,4082.0,0.007645525706581518
4081.0,4181.0,0.004990889340587153
4082.0,4083.0,0.008345579263897744
4082.0,4182.0,0.0036192909871974803
4083.0,4084.0,0.01086231828846872
4083.0,4183.0,0.004274749191478056
4084.0,4085.0,0.002334308570005033
4084.0,4184.0,0.004748707598915658
4085.0,4185.0,0.005424071225566493
4105.0,4106.0,0.0037487613327621488
4105.0,4205.0,0.0015443416882286705
4106.0,4107.0,0.008439706531627731
4106.0,4206.0,0.002241394478894614
4107.0,4108.0,0.00914210349153844
4107.0,4207.0,0.004496610527940382
4108.0,4109.0,0.00855418765283982
4108.0,4208.0,0.00440523452497213
4109.0,4110.0,0.008035099145623845
4109.0,4209.0,0.0038979564902674284
4110.0,4111.0,0.00710180270635586
4111.0,4112.0,0.009722096429268735
4111.0,4211.0,0.0036436730396672756
4112.0,4113.0,0.007738996944049191
4112.0,4212.0,0.0032670239178790687
4113.0,4114.0,0.004713826255813865
4113.0,4213.0,0.006803136180470925
4114.0,4115.0,0.015866848728717325
4115.0,4116.0,0.004690621861758052
4115.0,4215.0,0.007325123415345388
4116.0,4117.0,0.007917256090338323
4116.0,4216.0,0.0038259490652672572
4117.0,4118.0,0.008801248993750803
4117.0,4217.0,0.004439708721300329
4118.0,4119.0,0.008029710804879976
4118.0,4218.0,0.004492515768473513
4119.0,4120.0,0.009450231419917797
4119.0,4219.0,0.0031340709660100433
4120.0,4121.0,0.008553646096255514
4120.0,4220.0,0.0047112751946775475
4121.0,4122.0,0.00624736288765033
4121.0,4221.0,0.0034525374349937267
4122.0,4123.0,0.009512320192781603
4122.0,4222.0,0.003918365008519901
4123.0,4124.0,0.007804163174229029
4123.0,4223.0,0.00415712962150103
4124.0,4125.0,0.008627524500689336
4124.0,4224.0,0.0034572113762397828
4125.0,4126.0,0.009410721904827477
4125.0,4225.0,0.004157066371852035
4126.0,4226.0,0.005046982876927668
4129.0,4130.0,0.010141598648142439
4129.0,4229.0,0.0034186659386420044
4130.0,4131.0,0.006916629711788789
4130.0,4230.0,0.0056298315933961205
4131.0,4132.0,0.008936192416236447
4132.0,4133.0,0.00903513147718406
4132.0,4232.0,0.0034254156317184647
4133.0,4134.0,0.006689366993221996
4133.0,4233.0,0.005169762315624754
4134.0,4135.0,0.00893769042034919
4134.0,4234.0,0.0035657014344997974
4135.0,4136.0,0.009210996949841958
4135.0,4235.0,0.003971078906294068
4136.0,4137.0,0.007070930684146217
4136.0,4236.0,0.004835942432451688
4137.0,4138.0,0.007899267531865714
4137.0,4237.0,0.00394458418214103
4138.0,4139.0,0.008398971809691425
4138.0,4238.0,0.002308245064979567
4139.0,4140.0,0.008530658381391313
4139.0,4239.0,0.003630092385876614
4140.0,4141.0,0.007498419546144487
4140.0,4240.0,0.004189095713871021
4141.0,4142.0,0.008666339194838968
4141.0,4241.0,0.004131830767350572
4142.0,4143.0,0.008605923867313715
4142.0,4242.0,0.0037622354126285586
4143.0,4144.0,0.008726820534994401
4143.0,4243.0,0.005594015060760071
4144.0,4145.0,0.007614096486123621
4144.0,4244.0,0.004219771133608307
4145.0,4146.0,0.007941122253812749
4145.0,4245.0,0.005016038430877784
4146.0,4147.0,0.00919884106667797
4146.0,4246.0,0.004391755595435142
4147.0,4148.0,0.0075001212023538145
4147.0,4247.0,0.004092142531732868
4148.0,4149.0,0.008071309525101867
4148.0,4248.0,0.003846075133173121
4149.0,4150.0,0.009074269282426915
4149.0,4249.0,0.00262761187582619
4150.0,4151.0,0.007823981914600797
4150.0,4250.0,0.004563853412409873
4151.0,4152.0,0.008665412793976222
4151.0,4251.0,0.004018815279404886
4152.0,4153.0,0.00732481461608394
4152.0,4252.0,0.004199941411497689
4153.0,4154.0,0.009244181664701364
4153.0,4253.0,0.0051352878449037
4154.0,4155.0,0.009860786350488721
4154.0,4254.0,0.00559817606457259
4155.0,4156.0,0.0074284234054071835
4155.0,4255.0,0.003247368517738964
4156.0,4157.0,0.006404833584879471
4156.0,4256.0,0.004083368151417992
4157.0,4158.0,0.009242747819236823
4157.0,4257.0,0.004555222788187554
4158.0,4159.0,0.007599902776352147
4158.0,4258.0,0.0037216118725620475
4159.0,4160.0,0.009364951562608399
4159.0,4259.0,0.0034240821558512696
4160.0,4161.0,0.008988829597895308
4160.0,4260.0,0.00368522567287028
4161.0,4162.0,0.005356231221670882
4161.0,4261.0,0.0036107434165290973
4162.0,4163.0,0.010152619363001911
4162.0,4262.0,0.004258995055180809
4163.0,4164.0,0.007378746363034829
4163.0,4263.0,0.003957989177603188
4164.0,4165.0,0.009064910538996107
4164.0,4264.0,0.004097961132079138
4165.0,4166.0,0.009097704683050808
4165.0,4265.0,0.0026287839108627615
4166.0,4167.0,0.007168409969442413
4166.0,4266.0,0.004452684289279031
4167.0,4168.0,0.008476935350113337
4167.0,4267.0,0.004060837471506945
4168.0,4169.0,0.010368264006090665
4168.0,4268.0,0.004092324036533839
4169.0,4269.0,0.0037138595557736106
4171.0,4172.0,0.009383932753382233
4171.0,4271.0,0.003733092563812116
4172.0,4173.0,0.008303033824452365
4172.0,4272.0,0.005430912830272485
4173.0,4174.0,0.009856178434363044
4173.0,4273.0,0.003505530665960248
4174.0,4175.0,0.00502020113143105
4174.0,4274.0,0.005484838057776716
4175.0,4176.0,0.013807088040568521
4175.0,4275.0,0.0031409931884650594
4176.0,4177.0,0.005680199447202512
4176.0,4276.0,0.005289660013653459
4177.0,4178.0,0.0075025536485917475
4177.0,4277.0,0.004405346575462875
4178.0,4179.0,0.00897408537958047
4178.0,4278.0,0.004057996345492167
4179.0,4180.0,0.008063932055765406
4179.0,4279.0,0.004414417829111575
4180.0,4181.0,0.009220168130787857
4180.0,4280.0,0.003994384734845641
4181.0,4182.0,0.007814418387186427
4181.0,4281.0,0.004072793843301118
4182.0,4183.0,0.00841726271480253
4182.0,4282.0,0.0030352157254459025
4183.0,4184.0,0.008365221104669005
4183.0,4283.0,0.004376800278738119
4184.0,4185.0,0.008729735364832094
4184.0,4284.0,0.002556268170594139
4185.0,4186.0,0.006111856714616087
4185.0,4285.0,0.004383766577950432
4186.0,4286.0,0.0026604705091375406
4205.0,4206.0,0.004630426158573173
4206.0,4207.0,0.011224735202667261
4207.0,4208.0,0.005595593227711556
4208.0,4209.0,0.007460678817641262
4209.0,4309.0,0.0021439218385934573
4211.0,4212.0,0.006864524950788701
4211.0,4311.0,0.00454680174628054
4212.0,4213.0,0.011088027350706173
4212.0,4312.0,0.0034860829321723967
4213.0,4313.0,0.003352022877307589
4215.0,4216.0,0.008161288688068816
4215.0,4315.0,0.0039045622673981695
4216.0,4217.0,0.008960507901899289
4216.0,4316.0,0.004596216559296958
4217.0,4218.0,0.008288908182022428
4217.0,4317.0,0.0040993027529077864
4218.0,4219.0,0.008324374000487963
4218.0,4318.0,0.003659324070101695
4219.0,4220.0,0.008337446722468464
4219.0,4319.0,0.0034886965617544944
4220.0,4221.0,0.007366951730532851
4221.0,4222.0,0.00893924348085456
4221.0,4321.0,0.0036052984689193225
4222.0,4223.0,0.008283868222032172
4222.0,4322.0,0.005428923242228506
4223.0,4224.0,0.008139521098934527
4223.0,4323.0,0.0044797462651357985
4224.0,4225.0,0.00823946331079884
4224.0,4324.0,0.004681097286963378
4225.0,4226.0,0.009207103579845628
4225.0,4325.0,0.004188600806954218
4226.0,4227.0,0.009107114740684973
4226.0,4326.0,0.0027794425933991827
4227.0,4228.0,0.006116984493196589
4227.0,4327.0,0.002647942705192433
4228.0,4229.0,0.009456845245640891
4228.0,4328.0,0.00346394060283573
4229.0,4230.0,0.006148927090964406
4229.0,4329.0,0.004339423907613881
4230.0,4330.0,0.004173959750650413
4232.0,4233.0,0.007151661033634165
4232.0,4332.0,0.0041378789071197155
4233.0,4234.0,0.009370510426332244
4233.0,4333.0,0.0040893983176014245
4234.0,4235.0,0.0077013681310530826
4234.0,4334.0,0.0032228774363922703
4235.0,4236.0,0.008608249373711184
4235.0,4335.0,0.0037617482557955914
4236.0,4237.0,0.008665657939244975
4236.0,4336.0,0.004026320877670501
4237.0,4238.0,0.008148045177219372
4237.0,4337.0,0.0024336998685100457
4238.0,4239.0,0.008471994547330972
4238.0,4338.0,0.0026815550656326633
4239.0,4240.0,0.007983985108327558
4239.0,4339.0,0.0037609350020957194
4240.0,4241.0,0.007466920245991522
4240.0,4340.0,0.0031211010653291772
4241.0,4242.0,0.008869542414916472
4241.0,4341.0,0.004289348505312097
4242.0,4243.0,0.007695600148785561
4242.0,4342.0,0.003195043802511764
4243.0,4244.0,0.01049608728479288
4243.0,4343.0,0.0023386491913056353
4244.0,4245.0,0.006184901307215863
4244.0,4344.0,0.00392905996009192
4245.0,4246.0,0.008922730384809403
4245.0,4345.0,0.0029080093620842988
4246.0,4247.0,0.008902762201698958
4246.0,4346.0,0.003943008000242618
4247.0,4248.0,0.007947720724836746
4247.0,4347.0,0.004032097717063897
4248.0,4249.0,0.007472947587799928
4248.0,4348.0,0.004104140185230229
4249.0,4250.0,0.008222799270929818
4249.0,4349.0,0.004961994354087712
4250.0,4251.0,0.009386976489796953
4250.0,4350.0,0.0034042948050995885
4251.0,4252.0,0.007761855200916893
4251.0,4351.0,0.004276728399138098
4252.0,4253.0,0.008335539536826617
4252.0,4352.0,0.004057210727827734
4253.0,4254.0,0.00871490455771018
4253.0,4353.0,0.004057670977293085
4254.0,4255.0,0.009139997654813731
4254.0,4354.0,0.003692199307999165
4255.0,4256.0,0.007271031492161203
4255.0,4355.0,0.005619258823905796
4256.0,4257.0,0.009603863793286455
4256.0,4356.0,0.0032436601563714702
4257.0,4258.0,0.003986359473253736
4257.0,4357.0,0.004920020553815872
4258.0,4259.0,0.00893506605067918
4258.0,4358.0,0.004086163540534557
4259.0,4260.0,0.009794125080883911
4259.0,4359.0,0.0049562230014374665
4260.0,4261.0,0.00802982753613055
4260.0,4360.0,0.00433920043556034
4261.0,4262.0,0.007624695965086304
4261.0,4361.0,0.0036953595900807456
4262.0,4263.0,0.009010424150948713
4262.0,4362.0,0.004168626260527296
4263.0,4264.0,0.009080487397711612
4263.0,4363.0,0.003933451950894216
4264.0,4265.0,0.007111934260804155
4264.0,4364.0,0.004588388050279453
4265.0,4266.0,0.009062237011356535
4265.0,4365.0,0.003586700423787843
4266.0,4267.0,0.008657309610958824
4266.0,4366.0,0.004064304715447693
4267.0,4268.0,0.007607565005966174
4267.0,4367.0,0.004145871277546137
4268.0,4269.0,0.008888999856001797
4268.0,4368.0,0.004379546032415141
4269.0,4369.0,0.004269424563104352
4271.0,4272.0,0.010110427411341804
4271.0,4371.0,0.004849522955922742
4272.0,4273.0,0.0056031617369132454
4272.0,4372.0,0.0033472728675740223
4273.0,4274.0,0.009621980466619325
4273.0,4373.0,0.004207140792753352
4274.0,4275.0,0.006762731658878989
4274.0,4374.0,0.003443006793489076
4275.0,4276.0,0.009307980125140555
4275.0,4375.0,0.004728879690794397
4276.0,4277.0,0.008304207146381101
4276.0,4376.0,0.0025601244676716726
4277.0,4278.0,0.008063263006996526
4277.0,4377.0,0.0039035169398887884
4278.0,4279.0,0.009086780383062069
4278.0,4378.0,0.003894155658157711
4279.0,4280.0,0.007648460415011637
4279.0,4379.0,0.004341775950002663
4280.0,4281.0,0.008004030331027367
4280.0,4380.0,0.0036210682898890514
4281.0,4282.0,0.008131549879328757
4281.0,4381.0,0.003344344844660678
4282.0,4283.0,0.00844617485551907
4282.0,4382.0,0.004696595810800037
4283.0,4284.0,0.0093298998070712
4283.0,4383.0,0.0034447851050582005
4284.0,4285.0,0.0077271961726091696
4284.0,4384.0,0.005280211473985667
4285.0,4286.0,0.00659051768679828
4285.0,4385.0,0.004248671473530755
4301.0,4302.0,0.007380595120990644
4301.0,4401.0,0.0012665101105007557
4302.0,4402.0,0.003617026094737484
4309.0,4310.0,0.0070163732604526605
4309.0,4409.0,0.007640912910115924
4310.0,4311.0,0.011100340431716406
4310.0,4410.0,0.0053841113082825475
4311.0,4312.0,0.009493686430991992
4311.0,4411.0,0.002762870270212522
4312.0,4313.0,0.009535340007048256
4312.0,4412.0,0.007684077934277474
4313.0,4314.0,0.005508923003636782
4313.0,4413.0,0.005967181105012115
4314.0,4315.0,0.009081525486392674
4314.0,4414.0,0.004815452503139484
4315.0,4316.0,0.00887137361010114
4315.0,4415.0,0.0032086192996339754
4316.0,4317.0,0.006916300492315183
4316.0,4416.0,0.00406621009909814
4317.0,4318.0,0.00815333894794027
4317.0,4417.0,0.004157568742666942
4318.0,4319.0,0.008892159054470423
4318.0,4418.0,0.004357771711552198
4319.0,4419.0,0.0031936936312026987
4321.0,4322.0,0.008358811669729318
4321.0,4421.0,0.004242548678566695
4322.0,4323.0,0.005241477632312362
4322.0,4422.0,0.0031700983028919135
4323.0,4324.0,0.014256883861840472
4324.0,4325.0,0.005491823320173379
4324.0,4424.0,0.0020021408766654823
4325.0,4326.0,0.008627415116939563
4325.0,4425.0,0.003872188250845318
4326.0,4327.0,0.00878593782359046
4326.0,4426.0,0.004161486525269733
4327.0,4328.0,0.007550081833993789
4327.0,4427.0,0.00418048146150571
4328.0,4329.0,0.007638468572299229
4328.0,4428.0,0.004912869745883255
4329.0,4330.0,0.008726100133507587
4329.0,4429.0,0.003398638881961751
4330.0,4331.0,0.008117539716564544
4330.0,4430.0,0.003977960564153654
4331.0,4332.0,0.009225972053393585
4331.0,4431.0,0.004024640048503676
4332.0,4333.0,0.008061197822284389
4332.0,4432.0,0.004932996503138551
4333.0,4334.0,0.007801741914470206
4333.0,4433.0,0.003644348045946289
4334.0,4335.0,0.007240255549357208
4334.0,4434.0,0.004381710995715757
4335.0,4336.0,0.009084230250824585
4335.0,4435.0,0.004463958356657633
4336.0,4337.0,0.009840793506622777
4336.0,4436.0,0.003907743126157717
4337.0,4338.0,0.00748519161344576
4337.0,4437.0,0.005907071146514848
4338.0,4339.0,0.008605115486151189
4338.0,4438.0,0.006013839150657157
4339.0,4340.0,0.007853464235609845
4339.0,4439.0,0.0028863194227215587
4340.0,4341.0,0.008079930134599537
4340.0,4440.0,0.004155628858550892
4341.0,4342.0,0.008663231644715866
4341.0,4441.0,0.0037668389094845443
4342.0,4343.0,0.008307814254664083
4342.0,4442.0,0.004515274700393529
4343.0,4344.0,0.008643025087317508
4343.0,4443.0,0.003965192870465798
4344.0,4345.0,0.007894922114878784
4344.0,4444.0,0.004227817964386759
4345.0,4346.0,0.00906327860434632
4345.0,4445.0,0.004891304285163736
4346.0,4347.0,0.006913944478371211
4346.0,4446.0,0.0038730176555260556
4347.0,4348.0,0.00818209473545753
4347.0,4447.0,0.0039958972972354975
4348.0,4349.0,0.008565560106613145
4348.0,4448.0,0.0036252809394564565
4349.0,4350.0,0.007257292960876995
4349.0,4449.0,0.0035116002050404084
4350.0,4351.0,0.008701198787523054
4350.0,4450.0,0.005558335623185822
4351.0,4352.0,0.008499773512864899
4351.0,4451.0,0.0032076380172986465
4352.0,4353.0,0.008748552745454552
4352.0,4452.0,0.0035630205191702065
4353.0,4354.0,0.008726285684069739
4353.0,4453.0,0.004317486218860065
4354.0,4355.0,0.0064267619257294215
4354.0,4454.0,0.0036145611766885406
4355.0,4356.0,0.009746214556431576
4355.0,4455.0,0.003750141024012426
4356.0,4357.0,0.007669268498363498
4356.0,4456.0,0.003680003948364397
4357.0,4358.0,0.007775788367747355
4357.0,4457.0,0.002760791064174856
4358.0,4359.0,0.009612079983541503
4358.0,4458.0,0.0046348174214303085
4359.0,4360.0,0.007959205792037186
4359.0,4459.0,0.0042058103262014685
4360.0,4361.0,0.007073406450925447
4360.0,4460.0,0.0031378241649293094
4361.0,4362.0,0.009399572860507861
4361.0,4461.0,0.004837154953069141
4362.0,4363.0,0.008944169395198133
4362.0,4462.0,0.0038684516075575275
4363.0,4364.0,0.0062783569100520265
4363.0,4463.0,0.0043960958133298445
4364.0,4365.0,0.009005082925769948
4364.0,4464.0,0.0036393565695057965
4365.0,4366.0,0.008068122216476266
4365.0,4465.0,0.004972258686951935
4366.0,4367.0,0.007988827351370189
4366.0,4466.0,0.005179060193703288
4367.0,4368.0,0.009588110075504985
4367.0,4467.0,0.00461044343637884
4368.0,4369.0,0.006956237894868175
4368.0,4468.0,0.0039263265796407616
4369.0,4370.0,0.005170597174408395
4369.0,4469.0,0.0056013241050629796
4370.0,4371.0,0.0154912995768594
4370.0,4470.0,0.005780923109672829
4371.0,4372.0,0.004642519907334773
4372.0,4373.0,0.007971872711603137
4372.0,4472.0,0.0046043874044233
4373.0,4374.0,0.009132013931767742
4373.0,4473.0,0.003493191859884563
4374.0,4375.0,0.006752337376049382
4374.0,4474.0,0.004405106406207202
4375.0,4376.0,0.009174356804158072
4375.0,4475.0,0.0033595301248886267
4376.0,4377.0,0.008724769105254276
4376.0,4476.0,0.004286414382677191
4377.0,4378.0,0.008261748445093166
4377.0,4477.0,0.003869899081377963
4378.0,4379.0,0.008030020194246116
4378.0,4478.0,0.004185955040368852
4379.0,4380.0,0.008696724305162034
4379.0,4479.0,0.0033433204049284075
4380.0,4381.0,0.007957818174600385
4380.0,4480.0,0.005877585737358274
4381.0,4382.0,0.007411879190192021
4381.0,4481.0,0.0036950231230679573
4382.0,4383.0,0.00792459887817695
4382.0,4482.0,0.004156347054806365
4383.0,4384.0,0.009460481649472193
4383.0,4483.0,0.003910302098298477
4384.0,4385.0,0.004531557459638784
4384.0,4484.0,0.003228665039914519
4385.0,4485.0,0.007251358965739876
4400.0,4401.0,0.010292076809371333
4401.0,4402.0,0.006598077114584227
4402.0,4502.0,0.004919880795300068
4409.0,4410.0,0.004217070315989472
4410.0,4411.0,0.00805004105890058
4411.0,4412.0,0.013160183463766328
4411.0,4511.0,0.005652880501126221
4412.0,4413.0,0.0027249218062164854
4412.0,4512.0,0.0036175766391332606
4413.0,4414.0,0.01068893820030797
4413.0,4513.0,0.0038936934573735008
4414.0,4415.0,0.007909470359006429
4414.0,4514.0,0.005014942010631101
4415.0,4416.0,0.007363571058256973
4415.0,4515.0,0.00468390130767418
4416.0,4417.0,0.008786980480233221
4416.0,4516.0,0.003700930333040746
4417.0,4418.0,0.0074516583550241575
4417.0,4517.0,0.003522740597890519
4418.0,4419.0,0.008915295632227411
4418.0,4518.0,0.003768629419297731
4419.0,4420.0,0.00931866572852592
4419.0,4519.0,0.004613368825494371
4420.0,4421.0,0.010321591541036557
4420.0,4520.0,0.003940978336654661
4421.0,4422.0,0.005568626194134352
4421.0,4521.0,0.005272854521977906
4422.0,4522.0,0.0036484044320768934
4424.0,4425.0,0.006289233213992097
4425.0,4426.0,0.008094048816877515
4426.0,4427.0,0.008101316896035948
4426.0,4526.0,0.004018099437544295
4427.0,4428.0,0.009054068968701303
4427.0,4527.0,0.004334867748850566
4428.0,4429.0,0.007582510286178538
4428.0,4528.0,0.003829043202943921
4429.0,4430.0,0.008598546819085345
4429.0,4529.0,0.002573800850888441
4430.0,4431.0,0.007902647567745679
4430.0,4530.0,0.0023439522051484922
4431.0,4432.0,0.010371084362302302
4431.0,4531.0,0.0036895130152908946
4432.0,4433.0,0.006772209634232679
4432.0,4532.0,0.003360545634268956
4433.0,4434.0,0.008108456223597802
4433.0,4533.0,0.005639367987637528
4434.0,4435.0,0.008294411738031736
4434.0,4534.0,0.0037592228093040647
4435.0,4436.0,0.008066324626495189
4435.0,4535.0,0.004092783116660414
4436.0,4437.0,0.010036544029196508
4436.0,4536.0,0.0038079809899752154
4437.0,4438.0,0.006576687446579754
4437.0,4537.0,0.0035208870544216463
4438.0,4439.0,0.00939817314003134
4438.0,4538.0,0.0039064551142972805
4439.0,4440.0,0.00682096273116947
4439.0,4539.0,0.0053919737434479946
4440.0,4441.0,0.008935159181570495
4440.0,4540.0,0.004497843523289804
4441.0,4442.0,0.006889491360035277
4441.0,4541.0,0.004121223066029968
4442.0,4443.0,0.008890668499612397
4442.0,4542.0,0.0040816635885420095
4443.0,4444.0,0.007989258645206101
4443.0,4543.0,0.004132454226005645
4444.0,4445.0,0.00837637058217957
4444.0,4544.0,0.0037438517972782524
4445.0,4446.0,0.009037261410958682
4445.0,4545.0,0.0033095143238856227
4446.0,4447.0,0.007965716452397823
4446.0,4546.0,0.003880697063673016
4447.0,4448.0,0.008246720448760302
4447.0,4547.0,0.003990889315675752
4448.0,4449.0,0.008359680850965433
4448.0,4548.0,0.0035232381483522347
4449.0,4450.0,0.010500846336367267
4449.0,4549.0,0.004779770833415301
4450.0,4451.0,0.00507827410544165
4450.0,4550.0,0.004938356471541911
4451.0,4452.0,0.008525914220774193
4451.0,4551.0,0.003920687985542218
4452.0,4453.0,0.00879595813825865
4452.0,4552.0,0.005270904286741527
4453.0,4454.0,0.008487599140510876
4453.0,4553.0,0.003802385068608698
4454.0,4455.0,0.008906400094875597
4454.0,4554.0,0.003987473791759094
4455.0,4456.0,0.007649534528322576
4455.0,4555.0,0.004000624916183947
4456.0,4457.0,0.007837649092680749
4456.0,4556.0,0.004786780338599451
4457.0,4458.0,0.00820160478504022
4457.0,4557.0,0.004799872941026942
4458.0,4459.0,0.008321937969007
4458.0,4558.0,0.004029735519857645
4459.0,4460.0,0.008069160797133554
4459.0,4559.0,0.00399910978219205
4460.0,4461.0,0.008360148621286683
4460.0,4560.0,0.0040779323829604475
4461.0,4462.0,0.008500807914545534
4461.0,4561.0,0.004495765506562371
4462.0,4463.0,0.008298907015384558
4462.0,4562.0,0.002602611590307527
4463.0,4464.0,0.007847904857348896
4463.0,4563.0,0.002141087651176071
4464.0,4465.0,0.008524961354164742
4464.0,4564.0,0.003900106312658603
4465.0,4466.0,0.0075196936373764876
4465.0,4565.0,0.0022454565148296154
4466.0,4467.0,0.009660596864583168
4466.0,4566.0,0.0025812648081928167
4467.0,4468.0,0.008355189370086129
4467.0,4567.0,0.0035936545521203537
4468.0,4469.0,0.010237627508851663
4468.0,4568.0,0.003842813241623647
4469.0,4470.0,0.003993602965994234
4469.0,4569.0,0.0043180670779885385
4470.0,4570.0,0.0032350807795193362
4472.0,4473.0,0.007183519856588728
4472.0,4572.0,0.005017631470122283
4473.0,4474.0,0.008919919166113968
4473.0,4573.0,0.004629742217451
4474.0,4475.0,0.0063338878937032085
4474.0,4574.0,0.002823171624254775
4475.0,4476.0,0.00934724316202384
4475.0,4575.0,0.004766414267559644
4476.0,4477.0,0.009794664001383757
4476.0,4576.0,0.004453521722190716
4477.0,4478.0,0.007540372381387906
4477.0,4577.0,0.004550121608264869
4478.0,4479.0,0.008761298137262279
4478.0,4578.0,0.003685123392781725
4479.0,4480.0,0.008000302334912368
4479.0,4579.0,0.004202184342692104
4480.0,4481.0,0.00793648488690023
4480.0,4580.0,0.0027910449369336733
4481.0,4482.0,0.009441129280441041
4481.0,4581.0,0.003994103316137484
4482.0,4483.0,0.008422963537852896
4482.0,4582.0,0.004858276387773089
4483.0,4484.0,0.007224271312734559
4483.0,4583.0,0.004061559986014985
4484.0,4485.0,0.010248099844361525
4484.0,4584.0,0.005021647308406066
4485.0,4585.0,0.0037525440876857337
4502.0,4602.0,0.0033301445088761085
4506.0,4507.0,0.005217189377433043
4506.0,4606.0,0.004914718267614619
4511.0,4512.0,0.008856268416212463
4511.0,4611.0,0.0053251781059364504
4512.0,4513.0,0.00771158703575345
4512.0,4612.0,0.004490505041752145
4513.0,4514.0,0.0077970651722296235
4513.0,4613.0,0.004109525135579991
4514.0,4515.0,0.008714938811603715
4514.0,4614.0,0.002948488054920349
4515.0,4516.0,0.008036164698411829
4515.0,4615.0,0.003966958851559894
4516.0,4517.0,0.008413138342497408
4516.0,4616.0,0.004501690034860334
4517.0,4518.0,0.008129745670068595
4517.0,4617.0,0.004177053949854643
4518.0,4519.0,0.008057866703414707
4518.0,4618.0,0.00422872039274177
4519.0,4520.0,0.007888713401436372
4519.0,4619.0,0.004423308857632973
4520.0,4521.0,0.009038520874567883
4520.0,4620.0,0.004165374635015697
4521.0,4522.0,0.007785287746769584
4521.0,4621.0,0.003992306597695809
4522.0,4622.0,0.00474247933680277
4526.0,4527.0,0.008467476197781739
4526.0,4626.0,0.004004122088549999
4527.0,4528.0,0.009797218611422404
4527.0,4627.0,0.003734721087311915
4528.0,4529.0,0.00662002724541142
4528.0,4628.0,0.004758488560456535
4529.0,4530.0,0.008746687594741178
4529.0,4629.0,0.005589715865765686
4530.0,4531.0,0.007704259669170079
4530.0,4630.0,0.0047342689065973075
4531.0,4532.0,0.009785751343662654
4531.0,4631.0,0.004027818789365651
4532.0,4533.0,0.0035792674348253304
4532.0,4632.0,0.0032581333505543367
4533.0,4534.0,0.011588493763212039
4533.0,4633.0,0.005720284958809225
4534.0,4535.0,0.008450054973193993
4534.0,4634.0,0.0065490173194148954
4535.0,4536.0,0.007390200224621773
4535.0,4635.0,0.003536052810690485
4536.0,4537.0,0.008938378927971613
4536.0,4636.0,0.004215482824061293
4537.0,4538.0,0.009334586569313333
4537.0,4637.0,0.004480937786896815
4538.0,4539.0,0.007227250554671566
4538.0,4638.0,0.0041539201063582505
4539.0,4540.0,0.008568348695635535
4539.0,4639.0,0.0034086425597292932
4540.0,4541.0,0.007467204724661035
4540.0,4640.0,0.0035310132780861235
4541.0,4542.0,0.00805874625794854
4541.0,4641.0,0.0034134914003112137
4542.0,4543.0,0.009298072428734904
4542.0,4642.0,0.003598986996358813
4543.0,4544.0,0.007370603785986681
4543.0,4643.0,0.004020702689829443
4544.0,4545.0,0.009291780398287488
4544.0,4644.0,0.005042375988563751
4545.0,4546.0,0.007541500901677282
4545.0,4645.0,0.003651845966081305
4546.0,4547.0,0.008427760417216424
4546.0,4646.0,0.0036559167277152816
4547.0,4548.0,0.0088767524016388
4547.0,4647.0,0.0036051690584487798
4548.0,4549.0,0.006611551371652315
4548.0,4648.0,0.004566651010312535
4549.0,4550.0,0.009047756406977392
4549.0,4649.0,0.003732847686420197
4550.0,4551.0,0.008554938892242516
4550.0,4650.0,0.0038223274192529123
4551.0,4552.0,0.007517654555777924
4551.0,4651.0,0.0039325189688032775
4552.0,4553.0,0.009931531855660812
4552.0,4652.0,0.0029573149392635055
4553.0,4554.0,0.007084617546487672
4553.0,4653.0,0.0037030554478711263
4554.0,4555.0,0.008545162508109477
4554.0,4654.0,0.0036625084791752595
4555.0,4556.0,0.0073375245996180494
4555.0,4655.0,0.004069636756521709
4556.0,4557.0,0.009436757287331267
4556.0,4656.0,0.0038157578041552497
4557.0,4558.0,0.007646656851199643
4557.0,4657.0,0.00434398646636799
4558.0,4559.0,0.008238402700159776
4558.0,4658.0,0.0036253551177753652
4559.0,4560.0,0.007170550094658101
4559.0,4659.0,0.003391056863279251
4560.0,4561.0,0.010219825044490849
4560.0,4660.0,0.0046276768178025555
4561.0,4562.0,0.00741376476562334
4561.0,4661.0,0.0030820154444767805
4562.0,4563.0,0.009302940125035703
4562.0,4662.0,0.007528262049769159
4563.0,4564.0,0.007148737279408207
4563.0,4663.0,0.005365061879417388
4564.0,4565.0,0.009009886287851229
4564.0,4664.0,0.003195389117145588
4565.0,4566.0,0.007890234090951248
4565.0,4665.0,0.00504342368734071
4566.0,4567.0,0.008173177532025094
4566.0,4666.0,0.005134951226643093
4567.0,4568.0,0.008770294882157569
4567.0,4667.0,0.003791724521902937
4568.0,4569.0,0.007835134526605203
4568.0,4668.0,0.0042148756861824605
4569.0,4570.0,0.009023265278711473
4569.0,4669.0,0.004147951737904093
4570.0,4571.0,0.004689897391200197
4570.0,4670.0,0.004206268545874372
4571.0,4572.0,0.011356438385338986
4571.0,4671.0,0.005701132801469769
4572.0,4573.0,0.008832322759047518
4572.0,4672.0,0.0026256000495139377
4573.0,4574.0,0.008632855817746508
4573.0,4673.0,0.003737433832188993
4574.0,4575.0,0.008001913221224021
4574.0,4674.0,0.005063585339454659
4575.0,4576.0,0.006725766018082997
4575.0,4675.0,0.0027488034669601426
4576.0,4577.0,0.008864071358016045
4576.0,4676.0,0.0035541060268377543
4577.0,4578.0,0.008776317086341048
4577.0,4677.0,0.004267507554765416
4578.0,4579.0,0.009734469378451049
4578.0,4678.0,0.004013699068188115
4579.0,4580.0,0.007970132668908409
4579.0,4679.0,0.0033391755898771937
4580.0,4581.0,0.006680244410199271
4580.0,4680.0,0.0031730705334104344
4581.0,4582.0,0.008081497500463556
4581.0,4681.0,0.004364159278717176
4582.0,4583.0,0.009074067609402242
4582.0,4682.0,0.004228331077387172
4583.0,4584.0,0.00912820333088631
4583.0,4683.0,0.0030056789865252507
4584.0,4585.0,0.007618167418743009
4584.0,4684.0,0.003497836738611127
4585.0,4586.0,0.00543905047319806
4585.0,4685.0,0.003940546319990663
4586.0,4686.0,0.0017015027505120515
4600.0,4601.0,0.009345425827109146
4600.0,4700.0,0.003973394046657572
4601.0,4602.0,0.004740737337166317
4601.0,4701.0,0.0037193024090542933
4602.0,4702.0,0.0049460486249153605
4606.0,4706.0,0.007032586906679315
4610.0,4611.0,0.01241735018633199
4610.0,4710.0,0.005246663043306786
4611.0,4612.0,0.0063663924423487984
4611.0,4711.0,0.004622406386288873
4612.0,4613.0,0.0070927339961401
4612.0,4712.0,0.003885441097224327
4613.0,4614.0,0.0076397962728072255
4613.0,4713.0,0.006733704029734158
4614.0,4615.0,0.0072389471893362254
4614.0,4714.0,0.0036142529988933986
4615.0,4616.0,0.009691513022227179
4615.0,4715.0,0.003959468067812735
4616.0,4617.0,0.008720050286552051
4616.0,4716.0,0.0035810736183447254
4617.0,4618.0,0.006959100016524958
4617.0,4717.0,0.00425273168210362
4618.0,4619.0,0.007761638571847984
4618.0,4718.0,0.004292311871241251
4619.0,4620.0,0.009315932758988829
4619.0,4719.0,0.003816466336804187
4620.0,4621.0,0.008770620960912563
4620.0,4720.0,0.0042936673462148816
4621.0,4622.0,0.006734158793049668
4621.0,4721.0,0.004578479394956352
4622.0,4722.0,0.003879297468609377
4626.0,4627.0,0.009353927920397905
4626.0,4726.0,0.0038977337620716935
4627.0,4628.0,0.007291777875113886
4627.0,4727.0,0.004111683353564552
4628.0,4629.0,0.008423380602228407
4628.0,4728.0,0.004859727638459545
4629.0,4630.0,0.009003871417340485
4629.0,4729.0,0.004210401668485901
4630.0,4631.0,0.007532460722101309
4630.0,4730.0,0.004892869117402448
4631.0,4632.0,0.008636493777569804
4631.0,4731.0,0.004341343653754156
4632.0,4633.0,0.008818783218222442
4632.0,4732.0,0.004366996885734904
4633.0,4634.0,0.011422814070096718
4633.0,4733.0,0.006466806081829741
4634.0,4635.0,0.004004378988058005
4634.0,4734.0,0.004305221950142507
4635.0,4636.0,0.008912017551598473
4635.0,4735.0,0.004204510532754444
4636.0,4637.0,0.007980267442260106
4636.0,4736.0,0.0031885111321758187
4637.0,4638.0,0.008226654276192732
4637.0,4737.0,0.0038454002197416495
4638.0,4639.0,0.007378830983970643
4638.0,4738.0,0.0038467660937404166
4639.0,4640.0,0.00992254128436872
4639.0,4739.0,0.0050807863584308175
4640.0,4641.0,0.007603389008198944
4640.0,4740.0,0.006164127290216113
4641.0,4642.0,0.007760967765040602
4641.0,4741.0,0.0040654268275295445
4642.0,4643.0,0.008780818568334164
4643.0,4644.0,0.009980002695390485
4643.0,4743.0,0.0038447316694383803
4644.0,4645.0,0.0072341881258371175
4644.0,4744.0,0.0038788690581146755
4645.0,4646.0,0.007213481612231355
4645.0,4745.0,0.004597489294171058
4646.0,4647.0,0.00881382396522647
4646.0,4746.0,0.004500964235583913
4647.0,4648.0,0.0076161406978862865
4647.0,4747.0,0.004281098368408382
4648.0,4649.0,0.008878772205659954
4648.0,4748.0,0.0039896200282751775
4649.0,4650.0,0.007985564641902195
4649.0,4749.0,0.004071295912852453
4650.0,4651.0,0.008798458799698964
4650.0,4750.0,0.003981380926261869
4651.0,4652.0,0.007005584861380339
4651.0,4751.0,0.004328358584962193
4652.0,4653.0,0.008702466689393321
4652.0,4752.0,0.0038371083083460996
4653.0,4654.0,0.007888158013757076
4653.0,4753.0,0.003757086265975742
4654.0,4655.0,0.008428261976232197
4654.0,4754.0,0.004362170126212506
4655.0,4656.0,0.008421574865783885
4655.0,4755.0,0.003940314111842626
4656.0,4657.0,0.00820817059886083
4656.0,4756.0,0.004358243431710963
4657.0,4658.0,0.009033809708534004
4657.0,4757.0,0.0037175906942530763
4658.0,4659.0,0.007911046303113057
4658.0,4758.0,0.004453829363598435
4659.0,4660.0,0.007902980830041453
4659.0,4759.0,0.004724953809297423
4660.0,4661.0,0.007517913099391608
4660.0,4760.0,0.00439338116375145
4661.0,4662.0,0.012204612484221113
4661.0,4761.0,0.004335996967248676
4662.0,4663.0,0.005379668894086184
4662.0,4762.0,0.0030449747617986187
4663.0,4664.0,0.008169983611366874
4663.0,4763.0,0.003606673881846509
4664.0,4665.0,0.00885166729266318
4664.0,4764.0,0.004194787929088297
4665.0,4666.0,0.008757562555871633
4665.0,4765.0,0.0037839258304027228
4666.0,4667.0,0.008006903463887207
4666.0,4766.0,0.002911081094711113
4667.0,4668.0,0.009617061359895753
4667.0,4767.0,0.004624703791599242
4668.0,4669.0,0.006733915611291842
4668.0,4768.0,0.006161553182441009
4669.0,4670.0,0.0077442653912427805
4669.0,4769.0,0.004270894426230173
4670.0,4671.0,0.010180554303179845
4670.0,4770.0,0.00391251878589406
4671.0,4672.0,0.006878792370757974
4671.0,4771.0,0.004035741018699874
4672.0,4673.0,0.00659666004050528
4672.0,4772.0,0.004461330241084868
4673.0,4674.0,0.0110912142225275
4673.0,4773.0,0.004013997314394679
4674.0,4675.0,0.007655246157374574
4674.0,4774.0,0.004122635763686903
4675.0,4676.0,0.007468084940599348
4675.0,4775.0,0.004886640369415426
4676.0,4677.0,0.008913563751945379
4676.0,4776.0,0.0035669618907371
4677.0,4678.0,0.007030054453558853
4677.0,4777.0,0.0030767516701867823
4678.0,4679.0,0.009759600566108891
4678.0,4778.0,0.0038552078089253016
4679.0,4680.0,0.007628526657880893
4679.0,4779.0,0.004488784603875624
4680.0,4681.0,0.009019885775330225
4680.0,4780.0,0.00430424173345608
4681.0,4682.0,0.007762072138288687
4681.0,4781.0,0.003865082304424679
4682.0,4683.0,0.007596889498339933
4682.0,4782.0,0.004254445641912879
4683.0,4684.0,0.009000695440352638
4683.0,4783.0,0.0051538923397699
4684.0,4685.0,0.008258603051969514
4684.0,4784.0,0.00431319315241387
4685.0,4686.0,0.004386813387870539
4685.0,4785.0,0.003357225689465791
4686.0,4687.0,0.014036824245176667
4687.0,4787.0,0.002567243178979142
4700.0,4701.0,0.007634689484845018
4701.0,4702.0,0.006803483490830339
4701.0,4801.0,0.004752533645332685
4702.0,4703.0,0.0046238921797550235
4702.0,4802.0,0.0035957180673665866
4703.0,4704.0,0.01140554129973692
4703.0,4803.0,0.00441832327020241
4704.0,4705.0,0.006109797508919502
4704.0,4804.0,0.002896538765486686
4705.0,4706.0,0.00981549771432916
4705.0,4805.0,0.0020623964313399483
4706.0,4707.0,0.008922500672457543
4706.0,4806.0,0.004237263868344675
4707.0,4708.0,0.00718456221769988
4707.0,4807.0,0.003622313197393147
4708.0,4709.0,0.009191753633012542
4708.0,4808.0,0.003922422089732715
4709.0,4710.0,0.008159919894214008
4709.0,4809.0,0.0027718185690987574
4710.0,4711.0,0.009224045281762353
4710.0,4810.0,0.0022680267657161804
4711.0,4712.0,0.0072517184039366835
4711.0,4811.0,0.0034558481274515203
4712.0,4713.0,0.012955241454330557
4712.0,4812.0,0.0037248883419457907
4713.0,4714.0,0.0047145656608003975
4713.0,4813.0,0.0051784017852990055
4714.0,4715.0,0.007629407927880093
4714.0,4814.0,0.004617833042671343
4715.0,4716.0,0.008971450479158849
4715.0,4815.0,0.0042712599136498774
4716.0,4717.0,0.007854834364899123
4716.0,4816.0,0.00447854510528165
4717.0,4718.0,0.00863566102391712
4717.0,4817.0,0.0034321450508382105
4718.0,4719.0,0.009084883238655672
4718.0,4818.0,0.0024426695069134892
4719.0,4720.0,0.006327241731591969
4719.0,4819.0,0.004747188642770136
4720.0,4721.0,0.008177882934476577
4720.0,4820.0,0.00427518380540915
4721.0,4722.0,0.010126601693065672
4721.0,4821.0,0.004290162309280784
4722.0,4723.0,0.006030873212065224
4722.0,4822.0,0.004603867444883234
4723.0,4724.0,0.006051929122189258
4723.0,4823.0,0.0028564778626869063
4724.0,4725.0,0.008508172138009203
4724.0,4824.0,0.005235901918482383
4725.0,4726.0,0.013070600176731586
4725.0,4825.0,0.0047104654313607245
4726.0,4727.0,0.008011107340436564
4726.0,4826.0,0.005609402998534904
4727.0,4728.0,0.009165682653245211
4727.0,4827.0,0.0035964977144453503
4728.0,4729.0,0.006082349220490358
4728.0,4828.0,0.003886975154279013
4729.0,4730.0,0.007930035897144512
4729.0,4829.0,0.0036998715180354613
4730.0,4731.0,0.010947646032367206
4730.0,4830.0,0.003179489974822709
4731.0,4732.0,0.006674587271884345
4731.0,4831.0,0.005106172736991302
4732.0,4733.0,0.005020318751831537
4732.0,4832.0,0.003970559900065262
4733.0,4734.0,0.013407293556120907
4733.0,4833.0,0.005251949627519486
4734.0,4735.0,0.006041149825984315
4734.0,4834.0,0.0035713203510743235
4735.0,4736.0,0.008259661703726351
4735.0,4835.0,0.004216068037873509
4736.0,4737.0,0.009353878686406022
4736.0,4836.0,0.004568082776179957
4737.0,4738.0,0.007119397846025915
4737.0,4837.0,0.004049195689267944
4738.0,4739.0,0.008510412366624942
4738.0,4838.0,0.0039081187213310525
4739.0,4740.0,0.005902577678438283
4739.0,4839.0,0.004308402071534593
4740.0,4741.0,0.010948730076588902
4740.0,4840.0,0.003381459562080844
4741.0,4841.0,0.004403072205856723
4743.0,4744.0,0.0059159140037705945
4743.0,4843.0,0.004873667828242603
4744.0,4745.0,0.00794705666394799
4744.0,4844.0,0.0026354102299246986
4745.0,4746.0,0.00877201589658842
4745.0,4845.0,0.00359205079306588
4746.0,4747.0,0.007596043187081
4746.0,4846.0,0.004235337484781683
4747.0,4748.0,0.008158348098726812
4747.0,4847.0,0.004682785105045436
4748.0,4749.0,0.00871882433588382
4748.0,4848.0,0.004235688521361326
4749.0,4750.0,0.008410363445178736
4749.0,4849.0,0.004295462961074456
4750.0,4751.0,0.007812601723497722
4750.0,4850.0,0.0036530674247852446
4751.0,4752.0,0.008300513474478596
4751.0,4851.0,0.004340605238904076
4752.0,4753.0,0.007445486262159104
4752.0,4852.0,0.0028362442014076127
4753.0,4754.0,0.010169263745719396
4753.0,4853.0,0.005185629085275559
4754.0,4755.0,0.0064744264031649165
4754.0,4854.0,0.004470254026334167
4755.0,4756.0,0.008823864802341468
4755.0,4855.0,0.004690544621892881
4756.0,4757.0,0.00845354757365221
4756.0,4856.0,0.0026732814068056244
4757.0,4758.0,0.008462194003921293
4757.0,4857.0,0.003788303644112115
4758.0,4759.0,0.006770295633870202
4758.0,4858.0,0.003834627967610433
4759.0,4760.0,0.009089876252733178
4759.0,4859.0,0.0041429323009217365
4760.0,4761.0,0.010958528424018555
4760.0,4860.0,0.0027982904280960054
4761.0,4762.0,0.00674587160343286
4761.0,4861.0,0.00578807154758813
4762.0,4763.0,0.008084927859913129
4762.0,4862.0,0.004140836113641487
4763.0,4764.0,0.007990771500299525
4763.0,4863.0,0.0037186171798123373
4764.0,4765.0,0.008166516635628453
4764.0,4864.0,0.004172690455810152
4765.0,4766.0,0.007060219980283823
4765.0,4865.0,0.003891430690637613
4766.0,4767.0,0.011066226027874443
4766.0,4866.0,0.0043781157236873714
4767.0,4768.0,0.004825729144906598
4767.0,4867.0,0.004102580998586687
4768.0,4769.0,0.01021767225937536
4768.0,4868.0,0.003583628133606159
4769.0,4770.0,0.009063957186571407
4769.0,4869.0,0.003911308626278778
4770.0,4771.0,0.007140023316488543
4770.0,4870.0,0.004358588093638283
4771.0,4772.0,0.008448259307691799
4771.0,4871.0,0.0037328272528999286
4772.0,4773.0,0.007734503788221013
4772.0,4872.0,0.003973914616599665
4773.0,4774.0,0.008347992947409656
4773.0,4873.0,0.00377831890925348
4774.0,4775.0,0.006196927278095897
4774.0,4874.0,0.003951238248953906
4775.0,4776.0,0.011614420704021425
4775.0,4875.0,0.006805131737888372
4776.0,4777.0,0.006995707050041545
4776.0,4876.0,0.004761032764012089
4777.0,4778.0,0.007667818506589605
4777.0,4877.0,0.0040526567705672254
4778.0,4779.0,0.009201024925517685
4778.0,4878.0,0.004269750139061475
4779.0,4780.0,0.009407580648073132
4779.0,4879.0,0.004245143932777067
4780.0,4781.0,0.007627480404432338
4780.0,4880.0,0.004188849925692768
4781.0,4782.0,0.007761395499521846
4781.0,4881.0,0.004067253800785096
4782.0,4783.0,0.009081699947697103
4782.0,4882.0,0.004317397203175094
4783.0,4784.0,0.007284795360887091
4783.0,4883.0,0.0037367450675722252
4784.0,4785.0,0.006678221614321193
4784.0,4884.0,0.003848932881982408
4801.0,4802.0,0.006926623388058941
4801.0,4901.0,0.0040113032420898845
4802.0,4803.0,0.007214364704532156
4803.0,4804.0,0.008337645159156077
4803.0,4903.0,0.004529358326515311
4804.0,4805.0,0.005906725388910077
4804.0,4904.0,0.0047252582331598885
4805.0,4806.0,0.011554082894371064
4806.0,4807.0,0.007787173645168192
4806.0,4906.0,0.002922455510351563
4807.0,4808.0,0.008863447115541403
4808.0,4809.0,0.008273092331166255
4808.0,4908.0,0.004470270947045686
4809.0,4810.0,0.006780759102784491
4809.0,4909.0,0.00599060574983528
4810.0,4811.0,0.011506321761970662
4811.0,4812.0,0.00519563965744357
4812.0,4813.0,0.00853217308603183
4812.0,4912.0,0.006152793739438365
4813.0,4814.0,0.008642308472277527
4813.0,4913.0,0.00284811199569267
4814.0,4815.0,0.008183576189539608
4814.0,4914.0,0.0031244155037391595
4815.0,4816.0,0.008561270929599404
4815.0,4915.0,0.003847394157091612
4816.0,4817.0,0.006277430895678015
4816.0,4916.0,0.0036196077494619608
4817.0,4818.0,0.010527767011574629
4817.0,4917.0,0.005059589289657661
4818.0,4819.0,0.007363496925374691
4819.0,4820.0,0.009562324742969152
4820.0,4821.0,0.00879929358982869
4820.0,4920.0,0.005164018801278838
4821.0,4822.0,0.006408047404631673
4821.0,4921.0,0.0043347147264851515
4822.0,4823.0,0.008471325955834769
4822.0,4922.0,0.0030445289569968072
4823.0,4824.0,0.009441155841314984
4823.0,4923.0,0.00423921738177862
4824.0,4825.0,0.007134742336624124
4824.0,4924.0,0.0037177455547743776
4825.0,4826.0,0.009228082611247128
4825.0,4925.0,0.0024821692005169956
4826.0,4827.0,0.007942105993374481
4826.0,4926.0,0.004619405262584025
4827.0,4828.0,0.007495425747747833
4827.0,4927.0,0.004035222924448346
4828.0,4829.0,0.00921693669067984
4828.0,4928.0,0.0037885259099049045
4829.0,4830.0,0.00810224084065619
4829.0,4929.0,0.004772351089347337
4830.0,4831.0,0.007145733793669613
4830.0,4930.0,0.005156358817033708
4831.0,4832.0,0.009718628700078958
4831.0,4931.0,0.004639089574474375
4832.0,4833.0,0.009244962746274293
4832.0,4932.0,0.0026599304238984073
4833.0,4834.0,0.008366805632976024
4833.0,4933.0,0.004119952225455809
4834.0,4835.0,0.006511314709795492
4834.0,4934.0,0.0034389994722344224
4835.0,4836.0,0.007613220727786589
4835.0,4935.0,0.0037309727417924594
4836.0,4837.0,0.008972297126154612
4836.0,4936.0,0.004187215577206079
4837.0,4838.0,0.006753333590161223
4837.0,4937.0,0.004002967425549267
4838.0,4839.0,0.00901800280439108
4838.0,4938.0,0.005153966278509333
4839.0,4840.0,0.008354512843368217
4839.0,4939.0,0.003243680614673301
4840.0,4841.0,0.008637974168171601
4840.0,4940.0,0.004397616322513324
4841.0,4842.0,0.008694510767720088
4841.0,4941.0,0.0038196957208696536
4842.0,4843.0,0.009533589222322818
4842.0,4942.0,0.0027183226464170948
4843.0,4844.0,0.007921109934851539
4843.0,4943.0,0.004492912830225168
4844.0,4845.0,0.007672735647733082
4844.0,4944.0,0.005951801260958891
4845.0,4846.0,0.007310260835291768
4845.0,4945.0,0.004849063435344874
4846.0,4847.0,0.008598000549546658
4846.0,4946.0,0.0039464901228802906
4847.0,4848.0,0.007617378581244559
4847.0,4947.0,0.0025461034268055758
4848.0,4849.0,0.009287657653036067
4848.0,4948.0,0.0037571244589459925
4849.0,4850.0,0.007896007681100317
4849.0,4949.0,0.00322798337202012
4850.0,4851.0,0.007788457647056807
4850.0,4950.0,0.0036216770217685356
4851.0,4852.0,0.00914782380295982
4851.0,4951.0,0.0037117951910121067
4852.0,4853.0,0.008405839943753914
4852.0,4952.0,0.005240617301424992
4853.0,4854.0,0.00729421908637316
4853.0,4953.0,0.003109025188055117
4854.0,4855.0,0.010609180863761324
4854.0,4954.0,0.00435278525199552
4855.0,4856.0,0.00667898799819248
4855.0,4955.0,0.004285376606559961
4856.0,4857.0,0.008125863739935773
4856.0,4956.0,0.004610706767948472
4857.0,4858.0,0.009474476695311488
4857.0,4957.0,0.003880435789958459
4858.0,4859.0,0.007747696703537112
4858.0,4958.0,0.002981778873423755
4859.0,4860.0,0.008194850832077733
4859.0,4959.0,0.003645265045230636
4860.0,4861.0,0.007936551831872522
4860.0,4960.0,0.00481322691756688
4861.0,4862.0,0.008734503535404942
4861.0,4961.0,0.0037019649377096203
4862.0,4863.0,0.007324234155869464
4862.0,4962.0,0.004166357721080959
4863.0,4864.0,0.01021442199637366
4863.0,4963.0,0.004512228612338321
4864.0,4865.0,0.0064906150355725604
4864.0,4964.0,0.004891724327879032
4865.0,4866.0,0.00840933214589607
4865.0,4965.0,0.004627413888986561
4866.0,4867.0,0.009094162085645889
4866.0,4966.0,0.0043667553732697735
4867.0,4868.0,0.008222505531162615
4867.0,4967.0,0.003809111572274238
4868.0,4869.0,0.008323297443321352
4868.0,4968.0,0.003970779852875479
4869.0,4870.0,0.00817395538279968
4869.0,4969.0,0.003927319638123979
4870.0,4871.0,0.007826109348201086
4870.0,4970.0,0.003559476614617424
4871.0,4872.0,0.00821408376205202
4871.0,4971.0,0.00395310119526934
4872.0,4873.0,0.00838926206826363
4872.0,4972.0,0.003235118575876236
4873.0,4874.0,0.007816964147928531
4873.0,4973.0,0.004179286056251532
4874.0,4875.0,0.007973223158798202
4874.0,4974.0,0.0048377365626935806
4875.0,4876.0,0.01027349867961252
4875.0,4975.0,0.0030364732503372458
4876.0,4877.0,0.0074548115288045405
4876.0,4976.0,0.004209246921955759
4877.0,4878.0,0.008315363156230564
4877.0,4977.0,0.006225924070366392
4878.0,4879.0,0.008214006867540341
4879.0,4880.0,0.00804147157179582
4879.0,4979.0,0.0038491789150413157
4880.0,4881.0,0.008810572994987371
4880.0,4980.0,0.0038928495912414246
4881.0,4882.0,0.00834711994702327
4881.0,4981.0,0.0034445909437817762
4882.0,4883.0,0.007163977513224627
4882.0,4982.0,0.003105932428434814
4883.0,4884.0,0.005121164627308716
4883.0,4983.0,0.004940110535201616
4901.0,5001.0,0.003371768095523232
4903.0,4904.0,0.004973011530249133
4903.0,5003.0,0.004511953922639256
4904.0,5004.0,0.004715859041570793
4906.0,5006.0,0.004233115982346337
4908.0,4909.0,0.0035359897638426088
4908.0,5008.0,0.003737528848043522
4909.0,5009.0,0.004201997454784194
4912.0,4913.0,0.0074192269226655925
4912.0,5012.0,0.0054169826407321365
4913.0,4914.0,0.006947885725168563
4913.0,5013.0,0.00703780674144722
4914.0,4915.0,0.009714109108405006
4914.0,5014.0,0.005995565763124079
4915.0,4916.0,0.006286141255969289
4915.0,5015.0,0.004204265283016516
4916.0,4917.0,0.0067159357717299405
4916.0,5016.0,0.004679893958199926
4917.0,5017.0,0.00450593803108441
4920.0,4921.0,0.007660908934323163
4920.0,5020.0,0.0022401390537244753
4921.0,4922.0,0.00727095205664284
4922.0,4923.0,0.010300997431802307
4923.0,4924.0,0.00789186429939077
4923.0,5023.0,0.0041371120772811685
4924.0,4925.0,0.008421718411345754
4924.0,5024.0,0.00395301190486014
4925.0,4926.0,0.005217779451069017
4925.0,5025.0,0.004384217296162127
4926.0,4927.0,0.010924463356156185
4926.0,5026.0,0.004706298286339067
4927.0,4928.0,0.008113082877673627
4927.0,5027.0,0.003922305898316858
4928.0,4929.0,0.008147626295430676
4928.0,5028.0,0.004367927692851733
4929.0,4930.0,0.008414251461063053
4929.0,5029.0,0.004064202924314374
4930.0,4931.0,0.008417343706894564
4930.0,5030.0,0.00309361425681939
4931.0,4932.0,0.009137415230249777
4931.0,5031.0,0.002781633737574653
4932.0,4933.0,0.007961707139804543
4932.0,5032.0,0.00525468055832283
4933.0,4934.0,0.009008167348023708
4933.0,5033.0,0.004440611134737116
4934.0,4935.0,0.007536581603087702
4934.0,5034.0,0.004338549603267285
4935.0,4936.0,0.007899157550017669
4935.0,5035.0,0.003755654534167932
4936.0,4937.0,0.0079452776112608
4936.0,5036.0,0.0035886655249558887
4937.0,4938.0,0.010536981129811324
4937.0,5037.0,0.005565677407110893
4938.0,4939.0,0.006820302460301791
4938.0,5038.0,0.0043372463453239364
4939.0,4940.0,0.008639913560910142
4939.0,5039.0,0.004062814307839396
4940.0,4941.0,0.0079487119818245
4940.0,5040.0,0.0036749701889899344
4941.0,4942.0,0.0072342025199741
4941.0,5041.0,0.003465113875469234
4942.0,4943.0,0.00837529189998771
4942.0,5042.0,0.004289837042358189
4943.0,4944.0,0.008336814514549004
4943.0,5043.0,0.00402915547602172
4944.0,4945.0,0.00814612081484189
4944.0,5044.0,0.0034656090388312305
4945.0,4946.0,0.0102982834710451
4945.0,5045.0,0.0032699487717685284
4946.0,4947.0,0.0068140441281224155
4946.0,5046.0,0.003959151880138721
4947.0,4948.0,0.00787017150321393
4947.0,5047.0,0.004799311555833958
4948.0,4949.0,0.00864413790785399
4948.0,5048.0,0.0035562744115123675
4949.0,4950.0,0.007714853979175497
4949.0,5049.0,0.0048449142046022775
4950.0,4951.0,0.009055802228957969
4950.0,5050.0,0.004389168938418401
4951.0,4952.0,0.00734437504012423
4951.0,5051.0,0.0034326293420635407
4952.0,4953.0,0.008743578260643717
4952.0,5052.0,0.0036154323586519124
4953.0,4954.0,0.00819965128831707
4953.0,5053.0,0.003928559355541497
4954.0,4955.0,0.009192507662765793
4954.0,5054.0,0.004130145814617828
4955.0,4956.0,0.0070999320362951975
4955.0,5055.0,0.003429687011956415
4956.0,4957.0,0.008324889867139383
4956.0,5056.0,0.004370216218906154
4957.0,4958.0,0.011380946615286337
4957.0,5057.0,0.004676316099240345
4958.0,4959.0,0.005629933091076414
4958.0,5058.0,0.006682670326301149
4959.0,4960.0,0.00852098465730336
4959.0,5059.0,0.00421214036328356
4960.0,4961.0,0.009806401983397781
4960.0,5060.0,0.003981560434054625
4961.0,4962.0,0.006369075679406219
4961.0,5061.0,0.004958032910336874
4962.0,4963.0,0.008480272535715077
4962.0,5062.0,0.0043460847161491505
4963.0,4964.0,0.008134366038604316
4963.0,5063.0,0.004685840628960835
4964.0,4965.0,0.009574118617397655
4964.0,5064.0,0.003549558265475053
4965.0,4966.0,0.007652466578169517
4965.0,5065.0,0.004060963729212564
4966.0,4967.0,0.009544491513956962
4966.0,5066.0,0.0034831719466646032
4967.0,4968.0,0.006712078129759784
4967.0,5067.0,0.004517336154195365
4968.0,4969.0,0.008235251807321937
4968.0,5068.0,0.004060005128078283
4969.0,4970.0,0.007881006410985698
4969.0,5069.0,0.00384443873667054
4970.0,4971.0,0.00857315611895651
4970.0,5070.0,0.004425139572941288
4971.0,4972.0,0.008067842991159447
4971.0,5071.0,0.004033867862237001
4972.0,4973.0,0.007591270632114257
4972.0,5072.0,0.004441489696034327
4973.0,4974.0,0.00882585008936881
4973.0,5073.0,0.0032535081896355334
4974.0,4975.0,0.007749124934468531
4974.0,5074.0,0.0030970252985732995
4975.0,4976.0,0.009591548094546628
4975.0,5075.0,0.0036860886980631413
4976.0,4977.0,0.004321578587738795
4976.0,5076.0,0.0031396609020714703
4977.0,5077.0,0.004631272982671256
4979.0,4980.0,0.00884184399885
4979.0,5079.0,0.004343312990101646
4980.0,4981.0,0.007976573666055062
4980.0,5080.0,0.0035698263165008714
4981.0,4982.0,0.0077539707666459245
4981.0,5081.0,0.004673665718685119
4982.0,4983.0,0.004700933222243535
4982.0,5082.0,0.003381359016732138
5001.0,5002.0,0.008737378181125036
5002.0,5003.0,0.0023818134288813185
5002.0,5102.0,0.004248137084651334
5003.0,5004.0,0.012120370394505213
5003.0,5103.0,0.007345270611761501
5004.0,5104.0,0.006338485689817677
5006.0,5106.0,0.005299241791993803
5008.0,5009.0,0.006865086872720585
5009.0,5109.0,0.004413231556353901
5011.0,5012.0,0.005434825820575872
5011.0,5111.0,0.003059423254470873
5012.0,5013.0,0.0066030372200982
5013.0,5014.0,0.01382750516398383
5013.0,5113.0,0.007670089022299858
5014.0,5015.0,0.007446193498694527
5014.0,5114.0,0.0024414003461168655
5015.0,5016.0,0.007962795003012446
5015.0,5115.0,0.0036045273310103057
5016.0,5017.0,0.004780757045698936
5016.0,5116.0,0.0029718000016829113
5017.0,5117.0,0.004488417985217938
5023.0,5024.0,0.006826601621597681
5023.0,5123.0,0.004327944422012565
5024.0,5025.0,0.008763558995065878
5024.0,5124.0,0.003984169306145315
5025.0,5026.0,0.008112473601806067
5025.0,5125.0,0.003536991495608149
5026.0,5027.0,0.008372502680799815
5027.0,5028.0,0.008478016056248053
5027.0,5127.0,0.004117280677826722
5028.0,5029.0,0.008861802986413076
5028.0,5128.0,0.002468549462744427
5029.0,5030.0,0.006793526180857276
5029.0,5129.0,0.003536392145960579
5030.0,5031.0,0.009393822916150874
5030.0,5130.0,0.004962426266454079
5031.0,5032.0,0.007540792680481239
5031.0,5131.0,0.0044699974910512785
5032.0,5033.0,0.00830605671182174
5032.0,5132.0,0.0038007393201848383
5033.0,5034.0,0.008657805218414064
5033.0,5133.0,0.0036050136490721452
5034.0,5035.0,0.00803161589843536
5034.0,5134.0,0.00360656090618091
5035.0,5036.0,0.007904521807800933
5035.0,5135.0,0.00411978523954815
5036.0,5037.0,0.00996594879226249
5036.0,5136.0,0.0037917838967923938
5037.0,5038.0,0.007814208976601443
5037.0,5137.0,0.002788340714473153
5038.0,5039.0,0.007471190671506214
5038.0,5138.0,0.0035663662529220827
5039.0,5040.0,0.008608063164847204
5039.0,5139.0,0.004020678057239467
5040.0,5041.0,0.00791953533295987
5040.0,5140.0,0.003926294135696241
5041.0,5042.0,0.007118645462446179
5041.0,5141.0,0.004182018045155166
5042.0,5043.0,0.010078666059057752
5042.0,5142.0,0.003653689648831271
5043.0,5044.0,0.007444851531763426
5043.0,5143.0,0.0040114531095381935
5044.0,5045.0,0.008087629168674873
5044.0,5144.0,0.004082591943848335
5045.0,5046.0,0.008214346574743354
5045.0,5145.0,0.004214723585242758
5046.0,5047.0,0.008969371894396772
5046.0,5146.0,0.004659636085578025
5047.0,5048.0,0.008062855375733702
5047.0,5147.0,0.003653415887909112
5048.0,5049.0,0.009149366931651672
5048.0,5148.0,0.003914190456531185
5049.0,5050.0,0.006836093991454332
5049.0,5149.0,0.00357809204046127
5050.0,5051.0,0.00887671392577221
5050.0,5150.0,0.0037433446448318273
5051.0,5052.0,0.009022967700817779
5051.0,5151.0,0.004166832514032923
5052.0,5053.0,0.007860403738358493
5052.0,5152.0,0.004784854464870252
5053.0,5054.0,0.007888733792567635
5053.0,5153.0,0.004188529090264999
5054.0,5055.0,0.007950393083363752
5054.0,5154.0,0.003835893440913945
5055.0,5056.0,0.008884942689742052
5055.0,5155.0,0.004085197106624836
5056.0,5057.0,0.008007910601399246
5056.0,5156.0,0.003923953621032033
5057.0,5058.0,0.009582296472662582
5057.0,5157.0,0.00353625728702297
5058.0,5059.0,0.006557668250224702
5058.0,5158.0,0.0036837758631560464
5059.0,5060.0,0.011040080655502275
5059.0,5159.0,0.004865050738692245
5060.0,5061.0,0.004816060885204869
5060.0,5160.0,0.005538569275544851
5061.0,5062.0,0.008734441782391907
5061.0,5161.0,0.0031841371892563156
5062.0,5063.0,0.007831146531638827
5062.0,5162.0,0.0036893010083249465
5063.0,5064.0,0.010175769732556062
5063.0,5163.0,0.004091813673662963
5064.0,5065.0,0.007117278691325777
5064.0,5164.0,0.005697698764414134
5065.0,5066.0,0.00937461432646683
5065.0,5165.0,0.0038281206276718945
5066.0,5067.0,0.005854033530822829
5066.0,5166.0,0.003804287236784627
5067.0,5068.0,0.009484489336279385
5067.0,5167.0,0.004752002788293342
5068.0,5069.0,0.008520470553320378
5068.0,5168.0,0.0032202251132471865
5069.0,5070.0,0.008765403459624692
5069.0,5169.0,0.004243304943082435
5070.0,5071.0,0.007522173569520969
5070.0,5170.0,0.003957408305951153
5071.0,5072.0,0.006535313153935403
5071.0,5171.0,0.003922765913231848
5072.0,5073.0,0.010602221833653188
5072.0,5172.0,0.0038421796535296057
5073.0,5074.0,0.007694706175027304
5073.0,5173.0,0.00461958484065322
5074.0,5075.0,0.008388427809786542
5074.0,5174.0,0.003559643198409363
5075.0,5076.0,0.008327715242490168
5075.0,5175.0,0.004306899145559361
5076.0,5077.0,0.008340526005595164
5076.0,5176.0,0.004608045183154827
5077.0,5078.0,0.008154457388447167
5077.0,5177.0,0.004497200650404214
5078.0,5079.0,0.0074611460419962815
5078.0,5178.0,0.0032660468842327013
5079.0,5080.0,0.009290677348826468
5079.0,5179.0,0.0029691463840638937
5080.0,5081.0,0.007120704536069362
5080.0,5180.0,0.0049916785403293
5081.0,5082.0,0.008439700492315754
5081.0,5181.0,0.003676840057712458
5102.0,5103.0,0.010182517183879518
5102.0,5202.0,0.003958464644279917
5103.0,5104.0,0.00728581883524366
5103.0,5203.0,0.0044219235022783495
5104.0,5105.0,0.009115029182619253
5104.0,5204.0,0.0025905428002630233
5105.0,5106.0,0.007272281613084062
5105.0,5205.0,0.0023771044171423364
5106.0,5107.0,0.005145636226940062
5106.0,5206.0,0.0018821466600654842
5109.0,5110.0,0.008222751272536783
5109.0,5209.0,0.0037766244107652427
5110.0,5111.0,0.00829161959631529
5110.0,5210.0,0.004706780742718834
5111.0,5211.0,0.004767584005552277
5113.0,5114.0,0.008606886588075426
5113.0,5213.0,0.004035140931865219
5114.0,5115.0,0.0059202018791588125
5114.0,5214.0,0.004784888955869895
5115.0,5116.0,0.007833531888618265
5115.0,5215.0,0.0036711305193387646
5116.0,5117.0,0.008580639160925269
5116.0,5216.0,0.0043121608921779155
5117.0,5118.0,0.010433861745298631
5117.0,5217.0,0.0033008838210352165
5122.0,5123.0,0.009255399169133585
5122.0,5222.0,0.004340037931858557
5123.0,5124.0,0.006826029364132516
5123.0,5223.0,0.0028616083344868643
5124.0,5125.0,0.008459336174901608
5124.0,5224.0,0.0037868172308644847
5125.0,5225.0,0.0040581793947549495
5127.0,5128.0,0.007433557701396458
5127.0,5227.0,0.0033987341084622045
5128.0,5129.0,0.007922568707811432
5128.0,5228.0,0.0047825537111417776
5129.0,5130.0,0.008288881869709823
5129.0,5229.0,0.003806847934972605
5130.0,5131.0,0.0075295961339239695
5130.0,5230.0,0.0036920953576534063
5131.0,5132.0,0.009930160854689195
5131.0,5231.0,0.0035230474194933104
5132.0,5133.0,0.007268935229454097
5132.0,5232.0,0.004636040560656096
5133.0,5134.0,0.0075457438413980655
5133.0,5233.0,0.00411350280175258
5134.0,5135.0,0.00965714203530221
5134.0,5234.0,0.004311001192300085
5135.0,5136.0,0.0069727992520938805
5135.0,5235.0,0.003992348907595284
5136.0,5137.0,0.00972459188089661
5136.0,5236.0,0.004436591856366757
5137.0,5138.0,0.007801142090745413
5137.0,5237.0,0.0036938417250866576
5138.0,5139.0,0.0072358322396252435
5138.0,5238.0,0.0038963691919546048
5139.0,5140.0,0.00910153337905211
5139.0,5239.0,0.004012061195949632
5140.0,5141.0,0.007946442285702458
5140.0,5240.0,0.005052495083624352
5141.0,5142.0,0.008726734079826211
5141.0,5241.0,0.004396443674155051
5142.0,5143.0,0.00776007322968029
5142.0,5242.0,0.004723308302452578
5143.0,5144.0,0.008701521895622606
5143.0,5243.0,0.0037769777666830304
5144.0,5145.0,0.008325903843427448
5144.0,5244.0,0.003628220437074139
5145.0,5146.0,0.008200531915674629
5145.0,5245.0,0.0036492638627534262
5146.0,5147.0,0.006787212212683513
5146.0,5246.0,0.004784838456000142
5147.0,5148.0,0.00962119893204589
5147.0,5247.0,0.004507454520012671
5148.0,5149.0,0.008503131513154561
5148.0,5248.0,0.004280837310623043
5149.0,5150.0,0.00849760822937848
5149.0,5249.0,0.003904718997573142
5150.0,5151.0,0.007574181699035286
5150.0,5250.0,0.004277240540347106
5151.0,5152.0,0.008281539743308319
5151.0,5251.0,0.004275521453577584
5152.0,5153.0,0.00742971964208606
5152.0,5252.0,0.0040625034904634314
5153.0,5154.0,0.01010293118654194
5153.0,5253.0,0.004050665210805884
5154.0,5155.0,0.007979102897569373
5154.0,5254.0,0.003989912150661727
5155.0,5156.0,0.007540370310535139
5155.0,5255.0,0.0037920962764694784
5156.0,5157.0,0.009295574836447697
5156.0,5256.0,0.004103784167085255
5157.0,5158.0,0.007478525738405332
5157.0,5257.0,0.0041559868262532685
5158.0,5159.0,0.00807163490254639
5158.0,5258.0,0.0033355989027484263
5159.0,5160.0,0.008093297387962554
5159.0,5259.0,0.0029907160028939004
5160.0,5161.0,0.006744248172332224
5160.0,5260.0,0.0035553619450005075
5161.0,5162.0,0.009747029342317621
5161.0,5261.0,0.008950977689614142
5162.0,5163.0,0.00819322417916163
5162.0,5262.0,0.003843298885074805
5163.0,5164.0,0.005579467938791019
5163.0,5263.0,0.002508662442419439
5164.0,5165.0,0.014661350433026223
5164.0,5264.0,0.0059051869174473375
5165.0,5166.0,0.005829782432474662
5165.0,5265.0,0.006967096263149743
5166.0,5167.0,0.007280046819904428
5166.0,5266.0,0.0064797948370355985
5167.0,5168.0,0.008072132402903066
5168.0,5169.0,0.008179023538907081
5168.0,5268.0,0.0057105030408896845
5169.0,5170.0,0.00865555638015244
5169.0,5269.0,0.0035431199598672403
5170.0,5171.0,0.008643799999999993
5170.0,5270.0,0.004925486682549718
5171.0,5172.0,0.0071325771233127005
5171.0,5271.0,0.00330368225620581
5172.0,5173.0,0.009173196682727276
5172.0,5272.0,0.0043645735301439375
5173.0,5174.0,0.007954535918581303
5173.0,5273.0,0.004759973766730699
5174.0,5175.0,0.008749132062667793
5174.0,5274.0,0.004420816907543082
5175.0,5176.0,0.008393019700918396
5175.0,5275.0,0.002725359053409489
5176.0,5177.0,0.008008466308227052
5176.0,5276.0,0.0038804072015751374
5177.0,5178.0,0.009195831275094131
5177.0,5277.0,0.002942834981780903
5178.0,5179.0,0.006915306681557822
5179.0,5180.0,0.007938902852409788
5179.0,5279.0,0.00516179274767949
5180.0,5181.0,0.007876473559277628
5180.0,5280.0,0.0036855360003703254
5181.0,5281.0,0.004604688254379909
5202.0,5203.0,0.007379887839256177
5202.0,5302.0,0.005386589371762417
5203.0,5204.0,0.008738808289463875
5203.0,5303.0,0.00403570445027329
5204.0,5205.0,0.007244122362991969
5204.0,5304.0,0.005475161678889669
5205.0,5206.0,0.00782923095329314
5205.0,5305.0,0.004313516699864458
5206.0,5306.0,0.00400647983771638
5208.0,5209.0,0.007129663549565273
5208.0,5308.0,0.004933394062911193
5209.0,5210.0,0.008597535735895527
5209.0,5309.0,0.003857142601722089
5210.0,5211.0,0.008402827250396134
5210.0,5310.0,0.0035286390365120855
5211.0,5212.0,0.00909864750938246
5211.0,5311.0,0.003917765281384259
5212.0,5213.0,0.006240306346646715
5212.0,5312.0,0.0060384130274404495
5213.0,5214.0,0.008515448098602862
5213.0,5313.0,0.0053288234817817715
5214.0,5215.0,0.00888456722187404
5214.0,5314.0,0.004779241071548418
5215.0,5216.0,0.008417233522957578
5215.0,5315.0,0.003720428594932562
5216.0,5217.0,0.006941239633523958
5216.0,5316.0,0.003985159275363477
5217.0,5317.0,0.004523264831957803
5220.0,5221.0,0.009163667224425728
5220.0,5320.0,0.004857073185576096
5221.0,5222.0,0.0051509021976742534
5221.0,5321.0,0.0036889332021547
5222.0,5223.0,0.00880356178430042
5222.0,5322.0,0.0038598184672332518
5223.0,5224.0,0.008347210815595724
5223.0,5323.0,0.004497626704160844
5224.0,5225.0,0.00846357538750624
5224.0,5324.0,0.004191301518620636
5225.0,5226.0,0.01218781693413576
5225.0,5325.0,0.0038974565039237965
5226.0,5227.0,0.0065975368509772585
5226.0,5326.0,0.006216068716640729
5227.0,5228.0,0.007123065727620346
5227.0,5327.0,0.004728002708330757
5228.0,5229.0,0.007578511693598033
5228.0,5328.0,0.003892978989158358
5229.0,5230.0,0.008658647104484801
5229.0,5329.0,0.003871013227826398
5230.0,5231.0,0.007126831975710201
5230.0,5330.0,0.0033787895140114507
5231.0,5232.0,0.009209642548981245
5231.0,5331.0,0.004673969068150837
5232.0,5233.0,0.007615694295991687
5232.0,5332.0,0.0034288646196611694
5233.0,5234.0,0.008538187223292703
5233.0,5333.0,0.003595725264811615
5234.0,5235.0,0.00845400274958553
5234.0,5334.0,0.003951657953310277
5235.0,5236.0,0.007557943649564919
5235.0,5335.0,0.003934264486531503
5236.0,5237.0,0.008954592913136671
5236.0,5336.0,0.004337829831841899
5237.0,5238.0,0.007575104050110485
5237.0,5337.0,0.0032620878666906757
5238.0,5239.0,0.008675830291101826
5238.0,5338.0,0.004406128779320197
5239.0,5240.0,0.00881191842563241
5239.0,5339.0,0.0032282714167166026
5240.0,5241.0,0.008182884232958761
5240.0,5340.0,0.002624835905344333
5241.0,5242.0,0.007830134969462513
5241.0,5341.0,0.002773482493182331
5242.0,5243.0,0.008387548533391482
5242.0,5342.0,0.0029344412159750975
5243.0,5244.0,0.0084681074066169
5243.0,5343.0,0.004610509604150552
5244.0,5245.0,0.007514500529642684
5244.0,5344.0,0.004304225430901947
5245.0,5246.0,0.00910610214361846
5245.0,5345.0,0.00523531419592582
5246.0,5247.0,0.009031097426116514
5246.0,5346.0,0.003585114314774247
5247.0,5248.0,0.007185706114224303
5247.0,5347.0,0.004137270570072619
5248.0,5249.0,0.008398600130974222
5248.0,5348.0,0.0036603773534953405
5249.0,5250.0,0.00855363127390937
5249.0,5349.0,0.003883200187989601
5250.0,5251.0,0.007089656779421762
5250.0,5350.0,0.0036044358560004017
5251.0,5252.0,0.008446179079915296
5251.0,5351.0,0.003940306701254813
5252.0,5253.0,0.008737364871630276
5252.0,5352.0,0.0036036427583779184
5253.0,5254.0,0.008155075967763888
5253.0,5353.0,0.0025470828117672684
5254.0,5255.0,0.008471366539703049
5254.0,5354.0,0.004396439855148965
5255.0,5256.0,0.009332687313951987
5255.0,5355.0,0.0034912406276284055
5256.0,5257.0,0.008077797923320458
5256.0,5356.0,0.0040437814839560556
5257.0,5258.0,0.008088690180740056
5257.0,5357.0,0.003589921915581022
5258.0,5259.0,0.00788369747580409
5258.0,5358.0,0.002855670768840809
5259.0,5260.0,0.007879655988683785
5259.0,5359.0,0.0039915874348479515
5260.0,5261.0,0.011684108964315928
5260.0,5360.0,0.004262662882522531
5261.0,5262.0,0.005286636560232317
5261.0,5361.0,0.0020270756892624003
5262.0,5263.0,0.006593766833912814
5262.0,5362.0,0.003841572024573296
5263.0,5264.0,0.00856085850017373
5263.0,5363.0,0.008517305814631795
5264.0,5265.0,0.009200662370177371
5264.0,5364.0,0.003719794302110338
5265.0,5266.0,0.007539286852216605
5265.0,5365.0,0.003248854730517943
5266.0,5366.0,0.002577721398832461
5268.0,5269.0,0.004835543231116835
5268.0,5368.0,0.004487560000709517
5269.0,5270.0,0.008076660568576763
5269.0,5369.0,0.0032876948535430087
5270.0,5271.0,0.011170068662725996
5270.0,5370.0,0.00240761395784579
5271.0,5272.0,0.006879061265173332
5271.0,5371.0,0.008783441772450069
5272.0,5273.0,0.007634852838136148
5272.0,5372.0,0.004376325587751925
5273.0,5274.0,0.008099434854975844
5273.0,5373.0,0.002618899807173376
5274.0,5275.0,0.008841226218687171
5274.0,5374.0,0.0038547527287713518
5275.0,5276.0,0.008185517210292795
5275.0,5375.0,0.004651619803892941
5276.0,5277.0,0.007889624643162703
5276.0,5376.0,0.00427476920195493
5277.0,5377.0,0.0054492132395437855
5279.0,5280.0,0.005465721032033494
5280.0,5281.0,0.00948503948858411
5280.0,5380.0,0.005948087828030079
5281.0,5282.0,0.0072070574779171705
5281.0,5381.0,0.004388954979259473
5284.0,5384.0,0.004715311044886231
5288.0,5289.0,0.009744689479403285
5289.0,5389.0,0.00433160335210929
5302.0,5303.0,0.004470168915152549
5303.0,5304.0,0.006794196872331554
5303.0,5403.0,0.003050159294202838
5304.0,5305.0,0.009293232808877358
5304.0,5404.0,0.0036470015807522414
5305.0,5306.0,0.008256896625851768
5305.0,5405.0,0.003640480682543665
5306.0,5307.0,0.008736951027103129
5306.0,5406.0,0.00457007323464015
5307.0,5308.0,0.006522020001502545
5307.0,5407.0,0.003936463271771639
5308.0,5309.0,0.009561374361460734
5308.0,5408.0,0.005706899260546489
5309.0,5310.0,0.007903934694188779
5309.0,5409.0,0.0036086656384285345
5310.0,5311.0,0.007063912616248783
5310.0,5410.0,0.004862974186650329
5311.0,5312.0,0.010533452532289224
5311.0,5411.0,0.0044895146118475015
5312.0,5313.0,0.006463970093526077
5312.0,5412.0,0.002694515706026182
5313.0,5314.0,0.008296299830647379
5314.0,5315.0,0.00961130618022345
5314.0,5414.0,0.005133914749973481
5315.0,5316.0,0.009027918348102449
5315.0,5415.0,0.0042989194223645565
5316.0,5317.0,0.00758603169648001
5316.0,5416.0,0.0034727593711622825
5317.0,5318.0,0.009834744538115893
5317.0,5417.0,0.00415471048931507
5318.0,5418.0,0.004109269806182124
5320.0,5321.0,0.00851953816236541
5320.0,5420.0,0.0035369655652827264
5321.0,5322.0,0.008167913399393954
5321.0,5421.0,0.0030930206077579413
5322.0,5323.0,0.007275407014043935
5322.0,5422.0,0.0038020207521800844
5323.0,5324.0,0.008083744373123185
5323.0,5423.0,0.0042052171656141255
5324.0,5325.0,0.00845786617297768
5324.0,5424.0,0.004590002061007252
5325.0,5326.0,0.007052691296944928
5325.0,5425.0,0.004039606042678023
5326.0,5327.0,0.009532401742478316
5326.0,5426.0,0.004255644699684942
5327.0,5328.0,0.008508508600218918
5327.0,5427.0,0.004392306592211323
5328.0,5329.0,0.009355141241584755
5328.0,5428.0,0.004331689214384373
5329.0,5330.0,0.007394409172476205
5329.0,5429.0,0.0042937003365356875
5330.0,5331.0,0.008469318331483407
5330.0,5430.0,0.003963704338116765
5331.0,5332.0,0.00757165167252194
5331.0,5431.0,0.0038094922758784857
5332.0,5333.0,0.008242470035735716
5332.0,5432.0,0.004118330303653666
5333.0,5334.0,0.008955937276466352
5333.0,5433.0,0.0038474513122309707
5334.0,5335.0,0.007641137135269853
5334.0,5434.0,0.003127674183800953
5335.0,5336.0,0.008913106653126215
5335.0,5435.0,0.0034936326094764125
5336.0,5337.0,0.009316108763855994
5336.0,5436.0,0.0034600379376566346
5337.0,5338.0,0.006583857243287501
5337.0,5437.0,0.0050701000631140965
5338.0,5339.0,0.008044234887171759
5338.0,5438.0,0.004326140812554987
5339.0,5340.0,0.010349157997151184
5340.0,5341.0,0.00676259994528749
5341.0,5342.0,0.008864200467611437
5342.0,5343.0,0.007854214991963912
5343.0,5344.0,0.011280521382453593
5343.0,5443.0,0.0036308619155793155
5344.0,5345.0,0.004415787132550993
5344.0,5444.0,0.0054553628412752075
5345.0,5346.0,0.009815664084003708
5345.0,5445.0,0.003570459427015859
5346.0,5347.0,0.008610626835486726
5346.0,5446.0,0.0030949683762507
5347.0,5348.0,0.0073885601438980816
5347.0,5447.0,0.002711410136815065
5348.0,5349.0,0.008948220335351732
5348.0,5448.0,0.0038357886907434318
5349.0,5350.0,0.006746573851222588
5349.0,5449.0,0.0037046803762256827
5350.0,5351.0,0.009472652338706112
5350.0,5450.0,0.004868584152499097
5351.0,5352.0,0.007987737573305708
5351.0,5451.0,0.003215822589944406
5352.0,5353.0,0.008751425983232634
5352.0,5452.0,0.005007065108420021
5353.0,5354.0,0.008478527528408381
5353.0,5453.0,0.004749012145697643
5354.0,5355.0,0.0085156389478414
5354.0,5454.0,0.0035610501625284504
5355.0,5356.0,0.007765988918997966
5355.0,5455.0,0.00460987337028129
5356.0,5357.0,0.008521685444793215
5356.0,5456.0,0.0036665255951663415
5357.0,5358.0,0.00822409972337357
5357.0,5457.0,0.004042190590513019
5358.0,5359.0,0.008433432156601603
5358.0,5458.0,0.005253431504260889
5359.0,5360.0,0.008638522896884599
5359.0,5459.0,0.004653846952790084
5360.0,5361.0,0.009473299624207286
5360.0,5460.0,0.0036791579267512736
5361.0,5362.0,0.0034743525972471307
5361.0,5461.0,0.006792523626751931
5362.0,5363.0,0.0153348554769839
5362.0,5462.0,0.009684016452381844
5363.0,5364.0,0.004679050699660272
5363.0,5463.0,0.005593912986453772
5364.0,5365.0,0.008243482783387034
5364.0,5464.0,0.004775741045111571
5365.0,5366.0,0.008153891981747147
5365.0,5465.0,0.003544334919276365
5366.0,5367.0,0.007847996231523076
5366.0,5466.0,0.005358881290898515
5367.0,5368.0,0.009025512999270933
5367.0,5467.0,0.005375941286880235
5368.0,5369.0,0.008563802506480155
5368.0,5468.0,0.006392542452735276
5369.0,5370.0,0.007665682030974253
5369.0,5469.0,0.00649431778788191
5370.0,5371.0,0.005616786227904403
5370.0,5470.0,0.004742380162952664
5371.0,5372.0,0.011837297490981108
5371.0,5471.0,0.004100576061971485
5372.0,5373.0,0.008307918762843565
5373.0,5374.0,0.008455325910335947
5374.0,5375.0,0.008690827268448043
5374.0,5474.0,0.0037424691488353217
5375.0,5376.0,0.007541876462128022
5375.0,5475.0,0.0042273514923674305
5376.0,5377.0,0.005042901146165772
5376.0,5476.0,0.0036175005653049535
5377.0,5477.0,0.004521835544331476
5380.0,5381.0,0.010460023564983063
5383.0,5384.0,0.005583120134836017
5383.0,5483.0,0.007166807912179711
5389.0,5489.0,0.003579419936245198
5403.0,5404.0,0.007681872267227446
5403.0,5503.0,0.003922616045447299
5404.0,5405.0,0.008389756948207702
5404.0,5504.0,0.0038153944081878513
5405.0,5406.0,0.008527838237208743
5405.0,5505.0,0.00481597770966378
5406.0,5407.0,0.00692393780229144
5406.0,5506.0,0.005741003844279171
5407.0,5408.0,0.011781127940057498
5407.0,5507.0,0.00594001476429288
5408.0,5409.0,0.006269883373716204
5408.0,5508.0,0.0026761546386589933
5409.0,5410.0,0.008722223208563707
5409.0,5509.0,0.004052958491031594
5410.0,5411.0,0.006658979531429889
5410.0,5510.0,0.003246633735111934
5411.0,5412.0,0.009358832068693194
5411.0,5511.0,0.0039039749819854705
5412.0,5512.0,0.0040512964455794425
5414.0,5415.0,0.0053814064007469044
5414.0,5514.0,0.0051744966837364275
5415.0,5416.0,0.008025860059208202
5415.0,5515.0,0.004485585608368143
5416.0,5417.0,0.010490334175802068
5416.0,5516.0,0.004604515636851057
5417.0,5418.0,0.006713299379589784
5417.0,5517.0,0.004530366669487057
5418.0,5419.0,0.007756043024635197
5418.0,5518.0,0.0035332200228679693
5419.0,5420.0,0.00912868408972445
5419.0,5519.0,0.002181690456966762
5420.0,5421.0,0.007964915751594871
5420.0,5520.0,0.00423715797675497
5421.0,5422.0,0.008693914866157896
5421.0,5521.0,0.004793665480610191
5422.0,5423.0,0.008200185398513828
5422.0,5522.0,0.004256492396329457
5423.0,5424.0,0.007768130988854602
5423.0,5523.0,0.0036648738313894763
5424.0,5425.0,0.008777161082035592
5424.0,5524.0,0.004042919090207563
5425.0,5426.0,0.008476007137797819
5425.0,5525.0,0.004397435194514248
5426.0,5427.0,0.007328800082551054
5426.0,5526.0,0.004148476346804948
5427.0,5428.0,0.009169568007817801
5427.0,5527.0,0.003955433440219416
5428.0,5429.0,0.007912084788473727
5428.0,5528.0,0.005093166088987175
5429.0,5430.0,0.008966777771864219
5429.0,5529.0,0.004236652689333004
5430.0,5431.0,0.0071079480133157446
5430.0,5530.0,0.003422181393497463
5431.0,5432.0,0.008361835458797356
5431.0,5531.0,0.0032247699483873016
5432.0,5433.0,0.008188679331858083
5432.0,5532.0,0.004201700119001211
5433.0,5434.0,0.008634016290232428
5433.0,5533.0,0.0038362974076583214
5434.0,5435.0,0.008142627470908733
5434.0,5534.0,0.005541820838855595
5435.0,5436.0,0.008188307740309174
5435.0,5535.0,0.004109486014093043
5436.0,5437.0,0.008724547963075329
5436.0,5536.0,0.003671489203302453
5437.0,5438.0,0.0072018711915727025
5437.0,5537.0,0.003535663060869416
5438.0,5538.0,0.0030944569879018903
5443.0,5444.0,0.00769390761576977
5443.0,5543.0,0.004162987206324015
5444.0,5445.0,0.008921719464878988
5444.0,5544.0,0.003412003360196398
5445.0,5446.0,0.007379432243743165
5445.0,5545.0,0.00365919768802401
5446.0,5447.0,0.010452128636789668
5446.0,5546.0,0.004606703638178257
5447.0,5448.0,0.0061674492498926545
5447.0,5547.0,0.006143265167645339
5448.0,5449.0,0.007828981396069341
5448.0,5548.0,0.005080253305687432
5449.0,5450.0,0.008356313508359811
5450.0,5451.0,0.007812951724540655
5451.0,5452.0,0.011939742091435682
5452.0,5453.0,0.006249157807256413
5452.0,5552.0,0.004565231000727381
5453.0,5454.0,0.007915614432879017
5453.0,5553.0,0.004719070045039237
5454.0,5455.0,0.007852527283620223
5454.0,5554.0,0.00424818178636153
5455.0,5456.0,0.008442060716436599
5455.0,5555.0,0.004075573266424073
5456.0,5457.0,0.007938332926376943
5456.0,5556.0,0.003962197174547502
5457.0,5458.0,0.00888853149850958
5457.0,5557.0,0.0038485903003548723
5458.0,5459.0,0.00846129258742451
5458.0,5558.0,0.0035659309149221902
5459.0,5460.0,0.008080907209590201
5459.0,5559.0,0.0030857524868346045
5460.0,5461.0,0.008780596175659027
5460.0,5560.0,0.004117213252923461
5461.0,5462.0,0.010848893220047801
5461.0,5561.0,0.002076830741782725
5462.0,5463.0,0.003992992282737011
5462.0,5562.0,0.004039207565846778
5463.0,5464.0,0.009757338658670773
5463.0,5563.0,0.004265563204311348
5464.0,5465.0,0.006752689811472991
5464.0,5564.0,0.0022477820045576236
5465.0,5466.0,0.01146328297565622
5465.0,5565.0,0.0062017253123636705
5466.0,5467.0,0.008175483667649341
5466.0,5566.0,0.0032096236819965924
5467.0,5468.0,0.0073586989536192325
5467.0,5567.0,0.0029165738289969032
5468.0,5469.0,0.009026390085188992
5468.0,5568.0,0.002267060872587916
5469.0,5470.0,0.007529036577146104
5469.0,5569.0,0.002014039177867958
5470.0,5471.0,0.007459872884976136
5470.0,5570.0,0.00497974150433249
5471.0,5571.0,0.00283258806217997
5474.0,5475.0,0.008073007832276739
5475.0,5476.0,0.008553985277635243
5475.0,5575.0,0.0035570368918503457
5476.0,5477.0,0.008386725420567813
5476.0,5576.0,0.004433656788705457
5477.0,5577.0,0.00414734312301282
5483.0,5583.0,0.002766467937641076
5488.0,5489.0,0.006012805044236665
5488.0,5588.0,0.005840488114023612
5503.0,5504.0,0.007429404585833616
5503.0,5603.0,0.006010046710301322
5504.0,5505.0,0.008513444436888782
5504.0,5604.0,0.003267809292165752
5505.0,5506.0,0.006027690615816732
5505.0,5605.0,0.0034194817297404975
5506.0,5507.0,0.011355157441885227
5507.0,5508.0,0.00912743884613794
5507.0,5607.0,0.004619603708111431
5508.0,5509.0,0.004719449671306973
5508.0,5608.0,0.005196960943667205
5509.0,5510.0,0.00947914097479286
5509.0,5609.0,0.005206580271156902
5510.0,5511.0,0.008336248288648764
5510.0,5610.0,0.0045274184653065945
5511.0,5512.0,0.008230116272568755
5511.0,5611.0,0.0038360534785161077
5512.0,5513.0,0.011690141083836484
5512.0,5612.0,0.00443136020878539
5513.0,5514.0,0.005276207776424866
5513.0,5613.0,0.006376142354905401
5514.0,5515.0,0.009649911156585936
5514.0,5614.0,0.0038892699893465026
5515.0,5516.0,0.00654340744948672
5515.0,5615.0,0.004191730489911483
5516.0,5517.0,0.009298612112030468
5516.0,5616.0,0.003372327286898454
5517.0,5518.0,0.006687586683550801
5517.0,5617.0,0.004225111204453258
5518.0,5519.0,0.009791520062788932
5518.0,5618.0,0.005873863879936315
5519.0,5520.0,0.008597825219204758
5519.0,5619.0,0.004070572860173281
5520.0,5521.0,0.006911146675480124
5520.0,5620.0,0.00398128418101458
5521.0,5522.0,0.008167593354226213
5521.0,5621.0,0.003266183246546883
5522.0,5523.0,0.009216870675560183
5522.0,5622.0,0.004315095480980034
5523.0,5524.0,0.010299393062214888
5523.0,5623.0,0.00392921153032305
5524.0,5525.0,0.005387847900600053
5524.0,5624.0,0.005276669140659847
5525.0,5526.0,0.008280862025779717
5525.0,5625.0,0.003017124513509085
5526.0,5527.0,0.00912689552093146
5526.0,5626.0,0.0034496426554102245
5527.0,5528.0,0.007235391032971639
5527.0,5627.0,0.0038260961043852667
5528.0,5529.0,0.008968837499921748
5528.0,5628.0,0.0033295360787899226
5529.0,5530.0,0.008165494190188166
5529.0,5629.0,0.003637212989363138
5530.0,5531.0,0.007527414419971859
5530.0,5630.0,0.00507723957382482
5531.0,5532.0,0.009831168842512696
5531.0,5631.0,0.004938487039563366
5532.0,5533.0,0.006577652031690279
5532.0,5632.0,0.0038405778901115916
5533.0,5534.0,0.007528861617136807
5533.0,5633.0,0.004580677640917682
5534.0,5535.0,0.01003043867435498
5534.0,5634.0,0.003999768184535079
5535.0,5536.0,0.007647956540148463
5535.0,5635.0,0.00385745162639914
5536.0,5537.0,0.008945219814515418
5536.0,5636.0,0.0043692870642720065
5537.0,5538.0,0.0078118926880750015
5537.0,5637.0,0.004244437190020484
5538.0,5539.0,0.009142044496172645
5538.0,5638.0,0.003944969674157854
5539.0,5540.0,0.007351647869695378
5539.0,5639.0,0.003910487213889688
5540.0,5541.0,0.008726010984407258
5540.0,5640.0,0.0033522306618105468
5541.0,5542.0,0.01029917708605818
5541.0,5641.0,0.0023773892508371242
5542.0,5543.0,0.005834652538926317
5542.0,5642.0,0.004382710491231774
5543.0,5544.0,0.00875656114293768
5543.0,5643.0,0.004141578834211748
5544.0,5545.0,0.008737094592597814
5544.0,5644.0,0.004487702755308727
5545.0,5546.0,0.008522868710123319
5545.0,5645.0,0.004564360118348778
5546.0,5547.0,0.006579870570915507
5546.0,5646.0,0.0036455038526905935
5547.0,5548.0,0.007178090500961533
5547.0,5647.0,0.004253171440232482
5548.0,5648.0,0.0029856338456043575
5552.0,5553.0,0.009177429727325758
5552.0,5652.0,0.00592865548670542
5553.0,5554.0,0.008187408977814668
5553.0,5653.0,0.004151605936265035
5554.0,5555.0,0.007406411995021556
5554.0,5654.0,0.0035096299534291397
5555.0,5556.0,0.008989243015960928
5555.0,5655.0,0.003336855593217085
5556.0,5557.0,0.00921242184010263
5556.0,5656.0,0.003938048008849484
5557.0,5558.0,0.006975234350901676
5557.0,5657.0,0.004931161121886949
5558.0,5559.0,0.008801087933318371
5558.0,5658.0,0.004673647365816642
5559.0,5560.0,0.008548928108833313
5559.0,5659.0,0.004252941008289759
5560.0,5561.0,0.00799898726214771
5560.0,5660.0,0.004213450481491085
5561.0,5562.0,0.00789327204459591
5561.0,5661.0,0.004030690839051143
5562.0,5563.0,0.00803311202585897
5562.0,5662.0,0.00409991100635117
5563.0,5564.0,0.008138826087956241
5563.0,5663.0,0.003883841224870727
5564.0,5565.0,0.008982147335687784
5564.0,5664.0,0.004026626946960643
5565.0,5566.0,0.008377865072319982
5565.0,5665.0,0.003918573563168225
5566.0,5567.0,0.006947869578511289
5566.0,5666.0,0.0038015473612675213
5567.0,5568.0,0.009516204014731966
5567.0,5667.0,0.0036812728287951902
5568.0,5569.0,0.00837260111076623
5568.0,5668.0,0.004247913310086083
5569.0,5570.0,0.006007878196168525
5569.0,5669.0,0.0038427019673714464
5570.0,5571.0,0.009968977249447035
5570.0,5670.0,0.0034508775246328803
5571.0,5671.0,0.004491945540630304
5575.0,5576.0,0.007682376821010832
5576.0,5577.0,0.008388605272630252
5577.0,5677.0,0.0027258044904222845
5583.0,5584.0,0.005490386486395177
5583.0,5683.0,0.003906442249665425
5584.0,5585.0,0.00806009145481612
5584.0,5684.0,0.006189886063570644
5585.0,5586.0,0.010352870214582992
5585.0,5685.0,0.005256068189245171
5586.0,5587.0,0.007878071464513749
5586.0,5686.0,0.003567463268208037
5587.0,5588.0,0.012579375699930857
5588.0,5688.0,0.0018139030183548467
5603.0,5604.0,0.006098850745018286
5603.0,5703.0,0.0032862917855851605
5604.0,5605.0,0.008607110191580405
5604.0,5704.0,0.004967708930689352
5605.0,5705.0,0.004322791742613404
5607.0,5608.0,0.012750865433373738
5607.0,5707.0,0.005265048679737095
5608.0,5609.0,0.007190661438977739
5608.0,5708.0,0.003440073746300941
5609.0,5610.0,0.0076768272417710465
5609.0,5709.0,0.0038989662796688
5610.0,5611.0,0.007891889235157584
5610.0,5710.0,0.00450608228176396
5611.0,5612.0,0.007349803766767992
5611.0,5711.0,0.0045128850915988235
5612.0,5613.0,0.0106865545565444
5612.0,5712.0,0.004119709923038887
5613.0,5614.0,0.006988586227556753
5613.0,5713.0,0.0036016497400509755
5614.0,5615.0,0.00858085849434663
5614.0,5714.0,0.0025677206876870613
5615.0,5616.0,0.007224945853085073
5615.0,5715.0,0.0025963090147350294
5616.0,5617.0,0.008002765917482127
5616.0,5716.0,0.005289931875744413
5617.0,5618.0,0.010153837377070804
5617.0,5717.0,0.004117581865608071
5618.0,5619.0,0.008759615279794323
5618.0,5718.0,0.0033558362787842974
5619.0,5620.0,0.007560102270472185
5619.0,5719.0,0.005802776115794272
5620.0,5621.0,0.008383961251102898
5620.0,5720.0,0.003806310214633915
5621.0,5622.0,0.007734821668919688
5621.0,5721.0,0.005042804998211038
5622.0,5623.0,0.008368892319178
5622.0,5722.0,0.003332791540139898
5623.0,5624.0,0.007796826591633052
5623.0,5723.0,0.0041734632261434005
5624.0,5625.0,0.009207695399500906
5624.0,5724.0,0.004334195455906319
5625.0,5626.0,0.007422694918289429
5625.0,5725.0,0.004512142906646097
5626.0,5627.0,0.007877497633131924
5626.0,5726.0,0.004305600042966921
5627.0,5628.0,0.00996334177372233
5627.0,5727.0,0.0035305787528433843
5628.0,5629.0,0.007350842638092727
5628.0,5728.0,0.004698916263353106
5629.0,5630.0,0.007457616821076474
5629.0,5729.0,0.003649375701407922
5630.0,5631.0,0.008332598246645593
5630.0,5730.0,0.0038357676272107377
5631.0,5632.0,0.008202833175189928
5631.0,5731.0,0.003028920929969056
5632.0,5633.0,0.009092433294228775
5632.0,5732.0,0.0032506374144150555
5633.0,5634.0,0.007379809781423891
5634.0,5635.0,0.008885569970463242
5634.0,5734.0,0.003994809343386522
5635.0,5636.0,0.008047611974989731
5635.0,5735.0,0.004437213562582524
5636.0,5637.0,0.0088639825597751
5636.0,5736.0,0.0035808984975863032
5637.0,5638.0,0.007580410806809894
5637.0,5737.0,0.0036862889048454735
5638.0,5639.0,0.008711203582169346
5638.0,5738.0,0.003791037929115386
5639.0,5640.0,0.00809926246642228
5639.0,5739.0,0.0034673450087888075
5640.0,5641.0,0.008184901847914849
5640.0,5740.0,0.003935754343198748
5641.0,5642.0,0.008168628519525229
5641.0,5741.0,0.00374605167209234
5642.0,5643.0,0.008475830112738314
5642.0,5742.0,0.004357294519539643
5643.0,5644.0,0.008773185618120816
5643.0,5743.0,0.003539058589511009
5644.0,5645.0,0.007282886612463565
5644.0,5744.0,0.003895603374319576
5645.0,5646.0,0.009255556680178663
5645.0,5745.0,0.003677431087049662
5646.0,5647.0,0.007154107282533756
5646.0,5746.0,0.0038286382957901477
5647.0,5648.0,0.006885311862218342
5647.0,5747.0,0.0038057463407295523
5648.0,5748.0,0.004267273190222003
5652.0,5653.0,0.007146296529671675
5652.0,5752.0,0.003023213707298988
5653.0,5654.0,0.00823490051002453
5653.0,5753.0,0.0036972781948288475
5654.0,5655.0,0.007560205301445244
5654.0,5754.0,0.004387258056005714
5655.0,5656.0,0.008785528078038342
5655.0,5755.0,0.0044885465799051364
5656.0,5657.0,0.00803209152400549
5656.0,5756.0,0.004330371129589768
5657.0,5658.0,0.008625472870515504
5657.0,5757.0,0.0034366938647490694
5658.0,5659.0,0.007811336946387494
5658.0,5758.0,0.0037708646448782347
5659.0,5660.0,0.008807315291846864
5659.0,5759.0,0.003843304683472057
5660.0,5661.0,0.0072290052607533045
5660.0,5760.0,0.004095035077993263
5661.0,5662.0,0.009014823115846326
5661.0,5761.0,0.005105595225825536
5662.0,5663.0,0.008130637073440191
5662.0,5762.0,0.0034785247706464427
5663.0,5664.0,0.007912009388265372
5663.0,5763.0,0.0034717127430156794
5664.0,5665.0,0.008472765038639954
5664.0,5764.0,0.004177026814611868
5665.0,5666.0,0.009129058398323408
5665.0,5765.0,0.003698251398972734
5666.0,5667.0,0.007617836292543314
5666.0,5766.0,0.0035159193989658002
5667.0,5668.0,0.008195717521974543
5667.0,5767.0,0.004779399568977332
5668.0,5669.0,0.008466363626729022
5668.0,5768.0,0.0033052835188478874
5669.0,5670.0,0.007924281712558903
5669.0,5769.0,0.003814135169333707
5670.0,5671.0,0.007437431261531135
5670.0,5770.0,0.0018755855618947494
5674.0,5774.0,0.002403917729462083
5679.0,5779.0,0.0013171468900620442
5683.0,5684.0,0.010091314607126084
5684.0,5685.0,0.006263128589610741
5684.0,5784.0,0.003926181516438406
5685.0,5686.0,0.0064326960133367925
5685.0,5785.0,0.004278660493662508
5686.0,5786.0,0.004824134953542028
5702.0,5703.0,0.009545505238068845
5703.0,5704.0,0.00767588070842667
5703.0,5803.0,0.004124343658085201
5704.0,5705.0,0.006588772645948538
5704.0,5804.0,0.0051139745521467765
5705.0,5706.0,0.007618034550328757
5705.0,5805.0,0.0031549408821700464
5706.0,5707.0,0.00967932389426029
5706.0,5806.0,0.0037011268878609526
5707.0,5708.0,0.007963607484048838
5707.0,5807.0,0.004600015248890365
5708.0,5709.0,0.007863082531679288
5708.0,5808.0,0.004311514689755855
5709.0,5710.0,0.007734042640171977
5709.0,5809.0,0.0038363185894814303
5710.0,5711.0,0.008754846722815922
5710.0,5810.0,0.00320235833254445
5711.0,5712.0,0.00860973986889265
5711.0,5811.0,0.0036256904073608733
5712.0,5713.0,0.008199750513887596
5712.0,5812.0,0.003449658586007146
5713.0,5714.0,0.007623629693263244
5713.0,5813.0,0.004250321823107402
5714.0,5715.0,0.007966981895925101
5714.0,5814.0,0.005026300000999137
5715.0,5716.0,0.009325193356171546
5715.0,5815.0,0.005711133213293567
5716.0,5717.0,0.009411752355433043
5716.0,5816.0,0.0036223775741907552
5717.0,5718.0,0.006407789510431772
5717.0,5817.0,0.004003658128511299
5718.0,5719.0,0.01039114098306823
5718.0,5818.0,0.0058626695250548365
5719.0,5720.0,0.00692600079988441
5719.0,5819.0,0.0033403719568300097
5720.0,5721.0,0.008592421434031187
5720.0,5820.0,0.00404682303294731
5721.0,5722.0,0.007776985689198534
5721.0,5821.0,0.002961719027858955
5722.0,5723.0,0.007789497140380617
5722.0,5822.0,0.0038489543748918107
5723.0,5724.0,0.00788120694119866
5723.0,5823.0,0.0034263468315424307
5724.0,5725.0,0.00884729350762098
5724.0,5824.0,0.003506035929653291
5725.0,5726.0,0.008614408091679895
5725.0,5825.0,0.003914512491997851
5726.0,5727.0,0.008109214169079395
5726.0,5826.0,0.003745614156585406
5727.0,5728.0,0.007607064696714092
5727.0,5827.0,0.004760408889997424
5728.0,5729.0,0.009402189181780804
5728.0,5828.0,0.004640849319903209
5729.0,5730.0,0.00795497777055319
5729.0,5829.0,0.005014120210961597
5730.0,5731.0,0.007823942178339545
5730.0,5830.0,0.004022569349308615
5731.0,5732.0,0.007036180903018222
5731.0,5831.0,0.006853590466320906
5734.0,5735.0,0.008314281917880834
5734.0,5834.0,0.003391837039128641
5735.0,5736.0,0.00678436620842338
5735.0,5835.0,0.0039046896982999
5736.0,5737.0,0.009472413430588883
5736.0,5836.0,0.004461485802956537
5737.0,5738.0,0.0074462460266902335
5737.0,5837.0,0.004182961301514176
5738.0,5739.0,0.008672498400115289
5738.0,5838.0,0.004553811398154324
5739.0,5740.0,0.008666740123022175
5739.0,5839.0,0.004774113238082095
5740.0,5741.0,0.007675692136869577
5740.0,5840.0,0.0038717120166654622
5741.0,5742.0,0.008535954984065992
5741.0,5841.0,0.003971509096053019
5742.0,5743.0,0.007996334548404005
5742.0,5842.0,0.003915531602475649
5743.0,5744.0,0.009021370806036079
5743.0,5843.0,0.00358090422379888
5744.0,5745.0,0.007804124362156215
5744.0,5844.0,0.0036657586227142815
5745.0,5746.0,0.008629713493506063
5745.0,5845.0,0.00404482377860704
5746.0,5747.0,0.007702024623435133
5746.0,5846.0,0.004205083686446844
5747.0,5748.0,0.00779398870219873
5747.0,5847.0,0.0038552648015437213
5748.0,5749.0,0.008886811537329254
5748.0,5848.0,0.004130798518449759
5749.0,5750.0,0.011911447754156463
5749.0,5849.0,0.0028804262618574413
5750.0,5751.0,0.004215030728238998
5750.0,5850.0,0.0036337508128629187
5751.0,5752.0,0.008697014166367737
5751.0,5851.0,0.0027495212401432764
5752.0,5753.0,0.008066454022679219
5752.0,5852.0,0.004400271792743284
5753.0,5754.0,0.00819061183123708
5753.0,5853.0,0.0042110566904320895
5754.0,5755.0,0.007975076567030621
5754.0,5854.0,0.004118385918055014
5755.0,5756.0,0.008414858207361545
5755.0,5855.0,0.004365080675090565
5756.0,5757.0,0.008496734227336902
5756.0,5856.0,0.003629368655843194
5757.0,5758.0,0.008264512852551916
5757.0,5857.0,0.004536144923830724
5758.0,5759.0,0.008203004374617804
5758.0,5858.0,0.0030666959304771766
5759.0,5760.0,0.008000287122972462
5759.0,5859.0,0.0038293239781964456
5760.0,5761.0,0.009890084186699295
5760.0,5860.0,0.0033541032258986355
5761.0,5762.0,0.007107217137530045
5761.0,5861.0,0.003929452863947917
5762.0,5763.0,0.008102042775127709
5762.0,5862.0,0.004616758988726478
5763.0,5764.0,0.009464758693173293
5763.0,5863.0,0.004030053330910965
5764.0,5765.0,0.006380525660163136
5764.0,5864.0,0.004362434825875974
5765.0,5766.0,0.00891301271232126
5765.0,5865.0,0.004815236705504918
5766.0,5767.0,0.008783099343625575
5766.0,5866.0,0.0036838424993472945
5767.0,5768.0,0.007644904750224009
5767.0,5867.0,0.004104211564967581
5768.0,5769.0,0.007670278569256919
5768.0,5868.0,0.004457012655357244
5769.0,5770.0,0.009130712651814202
5769.0,5869.0,0.004741808331223097
5770.0,5870.0,0.005726066023025428
5774.0,5775.0,0.007926935464604112
5774.0,5874.0,0.004964685160204097
5775.0,5776.0,0.008565417641305875
5775.0,5875.0,0.004480642723981884
5776.0,5876.0,0.0025292679177971607
5779.0,5780.0,0.004614943769973872
5779.0,5879.0,0.0050105930197945564
5782.0,5882.0,0.0037063124652362187
5784.0,5785.0,0.008154232256319503
5784.0,5884.0,0.00428437172290411
5785.0,5786.0,0.0086753043664187
5785.0,5885.0,0.0026792322127813005
5786.0,5787.0,0.006690501543232734
5786.0,5886.0,0.0038761837017865833
5787.0,5887.0,0.004234646492918247
5803.0,5804.0,0.006493798347654194
5803.0,5903.0,0.004714569303769407
5804.0,5805.0,0.01014926146327888
5804.0,5904.0,0.006040567467543347
5805.0,5806.0,0.008270456641564701
5805.0,5905.0,0.00410372461308337
5806.0,5807.0,0.008470719686071401
5806.0,5906.0,0.0035184201028240023
5807.0,5808.0,0.00846550158053274
5807.0,5907.0,0.003107486923543455
5808.0,5809.0,0.00797730239241313
5808.0,5908.0,0.003950463599376851
5809.0,5810.0,0.007633757211884637
5809.0,5909.0,0.005028849643802558
5810.0,5811.0,0.008338518208890564
5810.0,5910.0,0.004282526415559924
5811.0,5812.0,0.008348337216476157
5811.0,5911.0,0.004311223683591168
5812.0,5813.0,0.008424746634172427
5812.0,5912.0,0.00608765088519632
5813.0,5814.0,0.008191749031799919
5813.0,5913.0,0.0035459117699125483
5814.0,5815.0,0.008874556663293023
5814.0,5914.0,0.003918337821062403
5815.0,5816.0,0.008252305938342318
5815.0,5915.0,0.0036582181413896708
5816.0,5817.0,0.00858201584710727
5816.0,5916.0,0.0035615741716316777
5817.0,5818.0,0.007287151116864187
5817.0,5917.0,0.004181019708158698
5818.0,5819.0,0.011706834131395815
5818.0,5918.0,0.002593986468738636
5819.0,5820.0,0.005915342756764011
5819.0,5919.0,0.005682098837581002
5820.0,5821.0,0.007971936743352172
5820.0,5920.0,0.003186850490682775
5821.0,5822.0,0.007213265771479938
5821.0,5921.0,0.005796156609344506
5822.0,5823.0,0.009177293832606652
5822.0,5922.0,0.005126835173864398
5823.0,5824.0,0.0076502276698146784
5823.0,5923.0,0.003582908664756416
5824.0,5825.0,0.009313405466315615
5824.0,5924.0,0.004102657028075331
5825.0,5826.0,0.007587019597312196
5825.0,5925.0,0.00415152226177255
5826.0,5827.0,0.006934003917651022
5826.0,5926.0,0.004355677352605593
5827.0,5828.0,0.009436660931177223
5827.0,5927.0,0.004681351456579815
5828.0,5829.0,0.007978657421521556
5828.0,5928.0,0.003049649271636726
5829.0,5830.0,0.008973625992317835
5829.0,5929.0,0.0033392864162889876
5830.0,5831.0,0.0053181746586596634
5830.0,5930.0,0.004077335881431898
5831.0,5931.0,0.00297280616253471
5834.0,5835.0,0.009080201665711912
5834.0,5934.0,0.00268987268285951
5835.0,5836.0,0.007535824394185429
5835.0,5935.0,0.003885909512586341
5836.0,5837.0,0.007305281207455567
5836.0,5936.0,0.0033920470574536885
5837.0,5838.0,0.007986068219718652
5837.0,5937.0,0.004239552001099344
5838.0,5839.0,0.008475666609771702
5838.0,5938.0,0.00434453323155025
5839.0,5840.0,0.009622764698879387
5839.0,5939.0,0.0045713172992054504
5840.0,5841.0,0.007425711555130586
5840.0,5940.0,0.0036256816104049292
5841.0,5842.0,0.008458355745651621
5841.0,5941.0,0.004107905837529746
5842.0,5843.0,0.007921750415153892
5842.0,5942.0,0.0027774199052403984
5843.0,5844.0,0.008675494464294197
5843.0,5943.0,0.006078996232930207
5844.0,5845.0,0.008281249906867825
5844.0,5944.0,0.003984235447361491
5845.0,5846.0,0.0077540490564606945
5845.0,5945.0,0.0042945064361404345
5846.0,5847.0,0.008098400009878501
5846.0,5946.0,0.004003151301161836
5847.0,5848.0,0.008484147235874701
5847.0,5947.0,0.003937468573839505
5848.0,5849.0,0.008227411613016544
5848.0,5948.0,0.004477631276691912
5849.0,5850.0,0.009386015603012868
5849.0,5949.0,0.004202920419183129
5850.0,5851.0,0.00815348194576996
5850.0,5950.0,0.004429252005706827
5851.0,5852.0,0.007155557228476446
5851.0,5951.0,0.004205369579473287
5852.0,5853.0,0.009211001357072977
5852.0,5952.0,0.0036450861238113844
5853.0,5854.0,0.007891226840612347
5853.0,5953.0,0.003579238131221577
5854.0,5855.0,0.008244323061355611
5854.0,5954.0,0.003472189954475392
5855.0,5856.0,0.007791895692962238
5855.0,5955.0,0.003596615148992685
5856.0,5857.0,0.007693751289195676
5856.0,5956.0,0.004201662624483433
5857.0,5858.0,0.007891433801914946
5857.0,5957.0,0.004022146834711044
5858.0,5859.0,0.010629972862147974
5858.0,5958.0,0.004712348141855264
5859.0,5860.0,0.007300127043415043
5859.0,5959.0,0.004176298363384033
5860.0,5861.0,0.006682799797988871
5860.0,5960.0,0.0038502150186699637
5861.0,5862.0,0.008943455958967986
5861.0,5961.0,0.004986432113246306
5862.0,5863.0,0.008618931873497847
5862.0,5962.0,0.003732593243315003
5863.0,5864.0,0.008667449083784688
5863.0,5963.0,0.0029820902417613013
5864.0,5865.0,0.008869256718575875
5864.0,5964.0,0.00410535146607788
5865.0,5866.0,0.008682675450574363
5865.0,5965.0,0.003468848190678151
5866.0,5867.0,0.007882515099255883
5866.0,5966.0,0.0048824316451925144
5867.0,5868.0,0.00695084094624519
5867.0,5967.0,0.003716566297000944
5868.0,5869.0,0.008872710549206422
5868.0,5968.0,0.003669421278620925
5869.0,5870.0,0.00884905138418807
5869.0,5969.0,0.003927103636268226
5870.0,5871.0,0.007909898578363292
5870.0,5970.0,0.004569797357654356
5871.0,5971.0,0.0032396563552354886
5873.0,5874.0,0.007838825024198134
5873.0,5973.0,0.0053680390851788135
5874.0,5875.0,0.00795818050184842
5874.0,5974.0,0.005203949454985408
5875.0,5876.0,0.00897722409044128
5875.0,5975.0,0.00366411830731454
5876.0,5976.0,0.004543403575515373
5878.0,5879.0,0.00965438110755936
5879.0,5979.0,0.0044243842735477565
5881.0,5882.0,0.007666053990156399
5881.0,5981.0,0.005788974796974232
5882.0,5883.0,0.009218750905627716
5882.0,5982.0,0.003996214740231823
5883.0,5884.0,0.0061221800635067
5883.0,5983.0,0.0035531481435446518
5884.0,5885.0,0.010295781118497055
5884.0,5984.0,0.003349222932263879
5885.0,5886.0,0.007296918226894455
5885.0,5985.0,0.00639335425031323
5886.0,5887.0,0.008136900887315763
5886.0,5986.0,0.002771028689855294
5887.0,5888.0,0.008738952992779075
5887.0,5987.0,0.004057039956667358
5888.0,5988.0,0.004632424372827685
5902.0,5903.0,0.0038356759782358168
5902.0,6002.0,0.004638532606331228
5903.0,5904.0,0.010407862732088467
5903.0,6003.0,0.0038400215650393273
5904.0,5905.0,0.0070959401420805064
5904.0,6004.0,0.004791558394722122
5905.0,5906.0,0.009285412211636274
5905.0,6005.0,0.005596707712572994
5906.0,5907.0,0.008578557503450171
5906.0,6006.0,0.005164131536865741
5907.0,5908.0,0.007606011539565175
5907.0,6007.0,0.004622478669497852
5908.0,5909.0,0.007405308631650504
5908.0,6008.0,0.004730233724667317
5909.0,5910.0,0.00888464086218454
5909.0,6009.0,0.00364441086734394
5910.0,5911.0,0.008726813063770737
5910.0,6010.0,0.003937933684054695
5911.0,5912.0,0.009843545642196817
5911.0,6011.0,0.0036736886980256395
5912.0,5913.0,0.005954397572383592
5912.0,6012.0,0.0034162003746850697
5913.0,5914.0,0.009113992582836562
5913.0,6013.0,0.003221458671165286
5914.0,5915.0,0.007134657544689834
5914.0,6014.0,0.0036374048166272826
5915.0,5916.0,0.009174497634748235
5915.0,6015.0,0.0045570385131131754
5916.0,5917.0,0.007857153409473296
5916.0,6016.0,0.004371909830950952
5917.0,5918.0,0.007941482292368492
5917.0,6017.0,0.00427050938882124
5918.0,5919.0,0.008473096256977132
5918.0,6018.0,0.0044571755742816065
5919.0,5920.0,0.008586756823156261
5919.0,6019.0,0.0037512261582022767
5920.0,5921.0,0.006100997561875675
5920.0,6020.0,0.006931190074588157
5921.0,5922.0,0.008950990240749829
5921.0,6021.0,0.005343234451150512
5922.0,5923.0,0.01048706012426759
5922.0,6022.0,0.00205590117709919
5923.0,5924.0,0.00810285594404874
5924.0,5925.0,0.0078098381353265585
5924.0,6024.0,0.0024062235349147174
5925.0,5926.0,0.008100095964863677
5925.0,6025.0,0.004514663315244471
5926.0,5927.0,0.009007804518860294
5926.0,6026.0,0.003099200582403593
5927.0,5928.0,0.008002914869595897
5927.0,6027.0,0.0025983890778737543
5928.0,5929.0,0.008283415068677934
5928.0,6028.0,0.002464227296740674
5929.0,5930.0,0.006775988064481707
5929.0,6029.0,0.00451717894819065
5930.0,5931.0,0.0075244882091743065
5930.0,6030.0,0.004418164104018313
5931.0,5932.0,0.010012004337294404
5931.0,6031.0,0.004073401035989333
5932.0,5933.0,0.006772683491792703
5932.0,6032.0,0.0019500836623075235
5933.0,5934.0,0.01112123080104022
5933.0,6033.0,0.0034574526865867373
5934.0,5935.0,0.009217653763295659
5934.0,6034.0,0.0054414863337149426
5935.0,5936.0,0.006504184170209377
5935.0,6035.0,0.0039308559882015506
5936.0,5937.0,0.007775837691850433
5936.0,6036.0,0.004707600093471092
5937.0,5938.0,0.008966436938940824
5937.0,6037.0,0.004307636811525289
5938.0,5939.0,0.008385692284480792
5938.0,6038.0,0.003726328877057439
5939.0,5940.0,0.00804725602177543
5939.0,6039.0,0.003564475978311073
5940.0,5941.0,0.0085789314188889
5940.0,6040.0,0.004483224090982829
5941.0,5942.0,0.008278613943167151
5941.0,6041.0,0.0037057602688229086
5942.0,5943.0,0.008381534693001938
5942.0,6042.0,0.0048905903948284
5943.0,5944.0,0.008673985479581913
5944.0,5945.0,0.008020628993414632
5944.0,6044.0,0.004141229076010158
5945.0,5946.0,0.008934780137194427
5945.0,6045.0,0.0040670774224202426
5946.0,5947.0,0.007490364149358819
5946.0,6046.0,0.002874214106498615
5947.0,5948.0,0.008736973327188457
5947.0,6047.0,0.003924574097910718
5948.0,5949.0,0.007788592700225105
5948.0,6048.0,0.003423141967549432
5949.0,5950.0,0.008279001633047305
5949.0,6049.0,0.004038011599787749
5950.0,5951.0,0.008634168347328318
5950.0,6050.0,0.003396252054833177
5951.0,5952.0,0.008406873692401968
5951.0,6051.0,0.004621284199226126
5952.0,5953.0,0.007367138918874884
5952.0,6052.0,0.004148682730694804
5953.0,5954.0,0.008688455432929317
5953.0,6053.0,0.0041080788076693795
5954.0,5955.0,0.008235964257450372
5954.0,6054.0,0.0038519103312506845
5955.0,5956.0,0.007389399946545046
5955.0,6055.0,0.003867301457093318
5956.0,5957.0,0.009108430743547403
5956.0,6056.0,0.004140704709350435
5957.0,5958.0,0.008040767506898529
5957.0,6057.0,0.0035265880649740073
5958.0,5959.0,0.008661903422458598
5958.0,6058.0,0.0033091995708916105
5959.0,5960.0,0.008147046219336259
5959.0,6059.0,0.0037797341454135
5960.0,5961.0,0.0112118826594819
5960.0,6060.0,0.004527824821041953
5961.0,5962.0,0.005750775012988272
5961.0,6061.0,0.007334248744076785
5962.0,5963.0,0.008397939857489262
5962.0,6062.0,0.003991684967525591
5963.0,5964.0,0.008561324416818127
5963.0,6063.0,0.0051026840241168644
5964.0,5965.0,0.007584218829253453
5964.0,6064.0,0.0036747547197056494
5965.0,5966.0,0.009189272054956184
5965.0,6065.0,0.0039854096426861175
5966.0,5967.0,0.0078047640271823775
5966.0,6066.0,0.003642756913387953
5967.0,5968.0,0.007918441625724054
5967.0,6067.0,0.002565098660870284
5968.0,5969.0,0.00915420637084395
5968.0,6068.0,0.003825263929455524
5969.0,5970.0,0.00856098962970999
5969.0,6069.0,0.004319706426368811
5970.0,5971.0,0.006613709090215878
5970.0,6070.0,0.0033694959994023744
5971.0,5972.0,0.009209518919574231
5971.0,6071.0,0.00442698525183957
5972.0,5973.0,0.0076918148580159725
5972.0,6072.0,0.002765147231166368
5973.0,5974.0,0.007992735599905947
5973.0,6073.0,0.00338547611422569
5974.0,5975.0,0.009042538858087262
5974.0,6074.0,0.001808099623910102
5975.0,5976.0,0.007957100422264518
5975.0,6075.0,0.003220857416901323
5976.0,5977.0,0.006015444909564116
5976.0,6076.0,0.004271763084487916
5977.0,6077.0,0.005554897302384198
5979.0,5980.0,0.006471494869811873
5979.0,6079.0,0.004769825275623723
5980.0,5981.0,0.009375208068624399
5980.0,6080.0,0.0031456026608545013
5981.0,5982.0,0.008563236157551552
5981.0,6081.0,0.004072667431794645
5982.0,5983.0,0.006684405291422802
5982.0,6082.0,0.00495005783501435
5983.0,5984.0,0.007830618236767777
5983.0,6083.0,0.002985240742388717
5984.0,5985.0,0.007182891096209031
5984.0,6084.0,0.004305971335250363
5985.0,5986.0,0.012344283688412972
5985.0,6085.0,0.006078787146296553
5986.0,5987.0,0.006610579862614434
5987.0,5988.0,0.006662125769602293
5987.0,6087.0,0.0033972396441814567
5988.0,5989.0,0.008069572100799522
5988.0,6088.0,0.0018799141735766503
6002.0,6003.0,0.005425905897636099
6002.0,6102.0,0.0053831517245929005
6003.0,6004.0,0.0061856623929856455
6003.0,6103.0,0.004028500987960598
6004.0,6005.0,0.013565590645821305
6004.0,6104.0,0.006405469847710907
6005.0,6006.0,0.007373780824651626
6005.0,6105.0,0.003708336156551355
6006.0,6007.0,0.006905458746528361
6006.0,6106.0,0.003952916453706914
6007.0,6008.0,0.006499074427947395
6007.0,6107.0,0.004016910638787185
6008.0,6009.0,0.011236936043690837
6008.0,6108.0,0.004962961963384602
6009.0,6010.0,0.006957139311527399
6009.0,6109.0,0.00360906689464337
6010.0,6011.0,0.008456481845306648
6010.0,6110.0,0.003203913934547345
6011.0,6012.0,0.008171956653091329
6011.0,6111.0,0.003983653650861552
6012.0,6013.0,0.008836985527881983
6012.0,6112.0,0.003972954010556096
6013.0,6014.0,0.006981391965073977
6013.0,6113.0,0.004738587908857756
6014.0,6015.0,0.009131055779590589
6014.0,6114.0,0.0041381562959820995
6015.0,6016.0,0.007741500772460032
6015.0,6115.0,0.0021983925946031163
6016.0,6017.0,0.00853804624079784
6016.0,6116.0,0.003830904301859504
6017.0,6018.0,0.011107673273012904
6017.0,6117.0,0.0034262165270147796
6018.0,6019.0,0.0061318904792898
6018.0,6118.0,0.005526996490865307
6019.0,6020.0,0.0047266193436750125
6019.0,6119.0,0.003103529783968616
6020.0,6021.0,0.010752787989168225
6020.0,6120.0,0.004081985709186568
6021.0,6022.0,0.00691159809306026
6021.0,6121.0,0.0022485283943093977
6022.0,6122.0,0.006109879151831332
6024.0,6025.0,0.008039849233040177
6024.0,6124.0,0.00550699671055314
6025.0,6026.0,0.008060527923158067
6025.0,6125.0,0.003067408994576237
6026.0,6027.0,0.008186606863652043
6026.0,6126.0,0.004565105214560336
6027.0,6028.0,0.008814226312048137
6027.0,6127.0,0.004774870949039518
6028.0,6029.0,0.006558931377899213
6028.0,6128.0,0.005953557927822742
6029.0,6030.0,0.00904877533426498
6029.0,6129.0,0.0036617874665265614
6030.0,6031.0,0.008893640578525782
6030.0,6130.0,0.0038671469806547194
6031.0,6032.0,0.008786317823752974
6031.0,6131.0,0.004051407264145073
6032.0,6033.0,0.007595227109836364
6032.0,6132.0,0.004536745628751714
6033.0,6034.0,0.008377894647821632
6033.0,6133.0,0.0036127626395879332
6034.0,6035.0,0.008216067556927794
6034.0,6134.0,0.0043026582539190715
6035.0,6036.0,0.008455247319860443
6035.0,6135.0,0.0036835392762995705
6036.0,6037.0,0.008505635217313312
6036.0,6136.0,0.004357623584019661
6037.0,6038.0,0.005639303320446587
6037.0,6137.0,0.0036384853167199978
6038.0,6039.0,0.010261194441681483
6038.0,6138.0,0.004345645683899647
6039.0,6040.0,0.00791523791746021
6039.0,6139.0,0.0038309772291168203
6040.0,6041.0,0.008698945076846943
6040.0,6140.0,0.0031136101634589835
6041.0,6042.0,0.004995421007282943
6041.0,6141.0,0.0040387761574486435
6042.0,6142.0,0.007733008651232402
6044.0,6045.0,0.008946137821987657
6044.0,6144.0,0.004487078463763455
6045.0,6046.0,0.008728368963901464
6045.0,6145.0,0.0034857003672134155
6046.0,6047.0,0.007491156757804432
6046.0,6146.0,0.0049651908402428896
6047.0,6048.0,0.008176368368658454
6047.0,6147.0,0.004261790656520101
6048.0,6049.0,0.009170387704999124
6048.0,6148.0,0.004609210558213546
6049.0,6050.0,0.007699213109143404
6049.0,6149.0,0.0038737743506779268
6050.0,6051.0,0.008291902759921992
6050.0,6150.0,0.004558831456639707
6051.0,6052.0,0.008223095719374771
6051.0,6151.0,0.004074126052299064
6052.0,6053.0,0.008953038376997957
6052.0,6152.0,0.004128465586632849
6053.0,6054.0,0.008040237788772114
6053.0,6153.0,0.00486101425629983
6054.0,6055.0,0.008040380322472403
6054.0,6154.0,0.0041601673259619885
6055.0,6056.0,0.008318200194753675
6055.0,6155.0,0.00409699140589373
6056.0,6057.0,0.008707231158066304
6056.0,6156.0,0.0037724745618752643
6057.0,6058.0,0.008134487452814601
6057.0,6157.0,0.004357062423235384
6058.0,6059.0,0.007060776915467587
6058.0,6158.0,0.004516957516955085
6059.0,6060.0,0.007398461495473253
6059.0,6159.0,0.004613399033252576
6060.0,6061.0,0.007694025023354289
6060.0,6160.0,0.00377110717561664
6061.0,6062.0,0.010216021547060273
6061.0,6161.0,0.004571105862918921
6062.0,6063.0,0.008786738062557713
6062.0,6162.0,0.0032101667277555945
6063.0,6064.0,0.008551166800501572
6063.0,6163.0,0.003988796180553794
6064.0,6065.0,0.008364683095013255
6064.0,6164.0,0.0044639606203423395
6065.0,6066.0,0.007004159496327922
6065.0,6165.0,0.0038329622017468476
6066.0,6067.0,0.009134805918573578
6066.0,6166.0,0.0044768640061940285
6067.0,6068.0,0.008260290978530966
6067.0,6167.0,0.005087261966916403
6068.0,6069.0,0.007630135958159806
6068.0,6168.0,0.004288753358499352
6069.0,6070.0,0.00965505460264212
6069.0,6169.0,0.003840716164985433
6070.0,6071.0,0.007510680485814765
6070.0,6170.0,0.003928808909832417
6071.0,6072.0,0.007168031016952799
6071.0,6171.0,0.003484251507858213
6072.0,6073.0,0.008907562472416362
6072.0,6172.0,0.004233769343028302
6073.0,6074.0,0.007961223987553773
6073.0,6173.0,0.0036521827350205365
6074.0,6075.0,0.010017335318836007
6074.0,6174.0,0.0038688784162882292
6075.0,6076.0,0.008059915830826015
6075.0,6175.0,0.005535130340835044
6076.0,6077.0,0.00810910981859286
6076.0,6176.0,0.004143788321091298
6077.0,6078.0,0.008153476601426074
6077.0,6177.0,0.003652002858704866
6078.0,6079.0,0.006589819121189892
6078.0,6178.0,0.004021734507644593
6079.0,6080.0,0.008299213941693548
6079.0,6179.0,0.004132952882623353
6080.0,6081.0,0.008098490324745885
6080.0,6180.0,0.0031465297154157526
6081.0,6082.0,0.008498742992348925
6081.0,6181.0,0.0037100038665724955
6082.0,6083.0,0.010049837627544076
6082.0,6182.0,0.0038061016092569614
6083.0,6084.0,0.00773394556484634
6083.0,6183.0,0.0065399863799510075
6084.0,6085.0,0.008620889745843557
6084.0,6184.0,0.0036705471376850666
6085.0,6185.0,0.0022478635011939753
6087.0,6088.0,0.003519260042963005
6102.0,6103.0,0.008337154308875121
6102.0,6202.0,0.003841876929318847
6103.0,6104.0,0.008079378749631322
6103.0,6203.0,0.004332463614388731
6104.0,6105.0,0.009092874047846339
6104.0,6204.0,0.0033446866953433167
6105.0,6106.0,0.006383634792968654
6105.0,6205.0,0.0022002861495722934
6106.0,6107.0,0.008452614211591554
6106.0,6206.0,0.00429890413593952
6107.0,6108.0,0.008459150775934935
6107.0,6207.0,0.004051368267637176
6108.0,6109.0,0.011310975806268095
6108.0,6208.0,0.0017236334181036336
6109.0,6110.0,0.0052916456277794345
6109.0,6209.0,0.005287980001850154
6110.0,6111.0,0.009715807170276798
6110.0,6210.0,0.00421992901598953
6111.0,6112.0,0.0073450383715811555
6112.0,6113.0,0.008821610449345409
6112.0,6212.0,0.002606829969519961
6113.0,6114.0,0.008016587980556445
6113.0,6213.0,0.004211417083355614
6114.0,6115.0,0.007379986168008577
6114.0,6214.0,0.00511818397578548
6115.0,6116.0,0.008876690022750518
6115.0,6215.0,0.006062158134692417
6116.0,6117.0,0.007939469526989854
6116.0,6216.0,0.00379925055767596
6117.0,6118.0,0.007671486231493872
6117.0,6217.0,0.003686651304370539
6118.0,6119.0,0.009958220709544734
6118.0,6218.0,0.00411790204108552
6119.0,6120.0,0.00759012280862423
6119.0,6219.0,0.004384021954785813
6120.0,6121.0,0.007755541655487352
6120.0,6220.0,0.005042637424997559
6121.0,6122.0,0.008730660106200324
6121.0,6221.0,0.004303797733392395
6122.0,6123.0,0.006474774977556489
6122.0,6222.0,0.003560895186607248
6123.0,6124.0,0.01028753260699542
6123.0,6223.0,0.004550214659771779
6124.0,6125.0,0.0067851776410049365
6124.0,6224.0,0.0029953010483066106
6125.0,6126.0,0.009149237939850133
6125.0,6225.0,0.004784593864684801
6126.0,6127.0,0.00880108532511748
6126.0,6226.0,0.0044856472108291785
6127.0,6128.0,0.007622491662179449
6127.0,6227.0,0.003758829440129293
6128.0,6129.0,0.008457775213966975
6128.0,6228.0,0.004356813671713176
6129.0,6130.0,0.006622310014639927
6129.0,6229.0,0.003280654667897555
6130.0,6131.0,0.010609539918865539
6130.0,6230.0,0.0036904955900211294
6131.0,6132.0,0.0072872588989275275
6131.0,6231.0,0.0044651198169865305
6132.0,6133.0,0.008854497722626647
6132.0,6232.0,0.004094415959569893
6133.0,6134.0,0.007127422202311439
6133.0,6233.0,0.0038318429260595947
6134.0,6135.0,0.007841378657481088
6134.0,6234.0,0.003537155276488742
6135.0,6136.0,0.01032000272189889
6135.0,6235.0,0.004698578637203375
6136.0,6137.0,0.006370691197194292
6136.0,6236.0,0.002984324085948486
6137.0,6138.0,0.008642417717861122
6137.0,6237.0,0.003708505537274795
6138.0,6139.0,0.009516500933116059
6138.0,6238.0,0.004206741524027264
6139.0,6140.0,0.007834241972903343
6139.0,6239.0,0.0037665934343938355
6140.0,6141.0,0.0076182651496254725
6140.0,6240.0,0.004315779310858665
6141.0,6142.0,0.009120131468899244
6141.0,6241.0,0.003591615108838703
6142.0,6143.0,0.010999300641404438
6142.0,6242.0,0.002748146200624115
6143.0,6144.0,0.005209016615447255
6143.0,6243.0,0.004122881537226475
6144.0,6145.0,0.008268737930301058
6144.0,6244.0,0.0034437157983792433
6145.0,6146.0,0.007616864026618596
6145.0,6245.0,0.0031054252430263198
6146.0,6147.0,0.00939406208463611
6146.0,6246.0,0.0037451533933822423
6147.0,6148.0,0.007637353830352422
6147.0,6247.0,0.003836166947621868
6148.0,6149.0,0.007699339884041986
6148.0,6248.0,0.003926709468499804
6149.0,6150.0,0.008904315042158042
6149.0,6249.0,0.0035460847776114623
6150.0,6151.0,0.007388458255955664
6150.0,6250.0,0.003583991409024246
6151.0,6152.0,0.009075435509109235
6151.0,6251.0,0.0034468081263689327
6152.0,6153.0,0.009001225765416475
6152.0,6252.0,0.003930634963973801
6153.0,6154.0,0.008396391548754755
6153.0,6253.0,0.00301180732617965
6154.0,6155.0,0.006796242200657667
6154.0,6254.0,0.004316801252088713
6155.0,6156.0,0.011203317520270168
6155.0,6255.0,0.0037029466172211435
6156.0,6157.0,0.006078834457360008
6156.0,6256.0,0.005354431253642031
6157.0,6158.0,0.007954167919399081
6157.0,6257.0,0.006160019228870692
6158.0,6159.0,0.007093457337575576
6158.0,6258.0,0.004471434026128533
6159.0,6160.0,0.008324767206955545
6159.0,6259.0,0.003419384169700733
6160.0,6161.0,0.00854467481417521
6160.0,6260.0,0.004676390950295342
6161.0,6162.0,0.00935417334562519
6161.0,6261.0,0.00386491083726043
6162.0,6163.0,0.007757234412469484
6162.0,6262.0,0.004633402123711756
6163.0,6164.0,0.008500930943137955
6163.0,6263.0,0.004822647862950956
6164.0,6165.0,0.008574937276738047
6164.0,6264.0,0.0037373800154687914
6165.0,6166.0,0.007937602912718026
6165.0,6265.0,0.0044450294779622875
6166.0,6167.0,0.008481480254059278
6166.0,6266.0,0.0038339777698939656
6167.0,6168.0,0.009068683002509237
6167.0,6267.0,0.004356184077834511
6168.0,6169.0,0.007500470412580812
6168.0,6268.0,0.004148713401763638
6169.0,6170.0,0.008980547079660612
6169.0,6269.0,0.004013185803071643
6170.0,6171.0,0.007162041711690839
6170.0,6270.0,0.003754633666554037
6171.0,6172.0,0.008702061779831162
6171.0,6271.0,0.0031882121133958085
6172.0,6173.0,0.007682601029599418
6172.0,6272.0,0.0042247955275989705
6173.0,6174.0,0.008576140852971053
6173.0,6273.0,0.0046601254457388
6174.0,6175.0,0.008505815447092757
6174.0,6274.0,0.004461498184468143
6175.0,6176.0,0.00724054612443012
6175.0,6275.0,0.0038001227940682824
6176.0,6177.0,0.009693189308994238
6176.0,6276.0,0.0035502371132078905
6177.0,6178.0,0.007583060259552346
6177.0,6277.0,0.003101065476574539
6178.0,6179.0,0.008949495820994621
6178.0,6278.0,0.004433501561973756
6179.0,6180.0,0.008800860322150291
6179.0,6279.0,0.0037338360462168844
6180.0,6181.0,0.004297323485613057
6180.0,6280.0,0.005599630474420516
6181.0,6182.0,0.01063936983472241
6181.0,6281.0,0.005395226664380011
6182.0,6183.0,0.008763531250015442
6182.0,6282.0,0.003720300557752236
6183.0,6184.0,0.008092976897285397
6183.0,6283.0,0.0012805470901192995
6184.0,6185.0,0.009421015529124407
6184.0,6284.0,0.006643484888219636
6185.0,6186.0,0.0036622933934903736
6185.0,6285.0,0.0035688803580385007
6186.0,6286.0,0.005679133293908778
6189.0,6190.0,0.0044765830998640625
6194.0,6195.0,0.011855216219453305
6201.0,6202.0,0.004377142502820546
6202.0,6203.0,0.008725418685656343
6202.0,6302.0,0.0035015832776020754
6203.0,6204.0,0.008382178967309136
6203.0,6303.0,0.004146556490632013
6204.0,6205.0,0.009240034485866208
6204.0,6304.0,0.003762845701063762
6205.0,6206.0,0.0076792419118039265
6205.0,6305.0,0.005778183105440066
6206.0,6207.0,0.007915046946165268
6206.0,6306.0,0.0033978196611949003
6207.0,6208.0,0.00940639667726182
6207.0,6307.0,0.003888259303340143
6208.0,6209.0,0.0073538009716064305
6208.0,6308.0,0.00541567684874103
6209.0,6210.0,0.007363594123116764
6212.0,6213.0,0.008122555475957048
6212.0,6312.0,0.005836349222759147
6213.0,6214.0,0.005966488284577486
6213.0,6313.0,0.003997248815122343
6214.0,6215.0,0.007704886753223741
6214.0,6314.0,0.003291361002690373
6215.0,6216.0,0.009287314529507552
6215.0,6315.0,0.0038291608793558744
6216.0,6217.0,0.007915746782837314
6216.0,6316.0,0.00433736023175468
6217.0,6218.0,0.00846222602510684
6217.0,6317.0,0.005387453842028478
6218.0,6219.0,0.008754730772559356
6218.0,6318.0,0.002776821794784077
6219.0,6220.0,0.008957422772762196
6219.0,6319.0,0.004174783963271638
6220.0,6221.0,0.008073142059941989
6220.0,6320.0,0.004327817483443441
6221.0,6222.0,0.007861102930886899
6221.0,6321.0,0.004191499136351927
6222.0,6223.0,0.008136007377700687
6222.0,6322.0,0.003327153637873242
6223.0,6224.0,0.007754015677054329
6223.0,6323.0,0.004108416966420872
6224.0,6225.0,0.008931223370849324
6224.0,6324.0,0.0038701892976995694
6225.0,6226.0,0.007680785345913489
6225.0,6325.0,0.004415333294325063
6226.0,6227.0,0.008205238153765077
6226.0,6326.0,0.003599384058420779
6227.0,6228.0,0.00815130730926039
6227.0,6327.0,0.004630477496974394
6228.0,6229.0,0.008097416796114507
6228.0,6328.0,0.003849219310454799
6229.0,6230.0,0.008893225774711272
6229.0,6329.0,0.005710939062885826
6230.0,6231.0,0.008791000662609889
6230.0,6330.0,0.003788699602767805
6231.0,6232.0,0.009314663749701513
6231.0,6331.0,0.0026158648053697373
6232.0,6233.0,0.007463958502028304
6232.0,6332.0,0.003935944618510003
6233.0,6234.0,0.00756350444503076
6233.0,6333.0,0.0044389378335349715
6234.0,6235.0,0.010079962143282113
6234.0,6334.0,0.004295277485799016
6235.0,6236.0,0.007111447686652698
6235.0,6335.0,0.0037543224222225773
6236.0,6237.0,0.007337524842888095
6236.0,6336.0,0.0051849491270412945
6237.0,6238.0,0.008928386532851232
6237.0,6337.0,0.004984946348756599
6238.0,6239.0,0.007749096986100941
6238.0,6338.0,0.0038432580371376814
6239.0,6240.0,0.00891741211619158
6239.0,6339.0,0.0058488356191652826
6240.0,6241.0,0.0077019311357606765
6240.0,6340.0,0.004082363439230333
6241.0,6242.0,0.007241057475258673
6241.0,6341.0,0.003994373475276312
6242.0,6243.0,0.009820828546003517
6242.0,6342.0,0.004936993224620115
6243.0,6244.0,0.008468696842490008
6243.0,6343.0,0.0037806054290243155
6244.0,6245.0,0.007836445163465098
6244.0,6344.0,0.0039052916779699414
6245.0,6246.0,0.008128032696784504
6245.0,6345.0,0.004823051923835497
6246.0,6247.0,0.0076929839789253735
6246.0,6346.0,0.004862613391995481
6247.0,6248.0,0.008606907168663684
6247.0,6347.0,0.004039934496990191
6248.0,6249.0,0.008809533663594138
6248.0,6348.0,0.003707230568767846
6249.0,6250.0,0.007618051090666075
6249.0,6349.0,0.004582446303015646
6250.0,6251.0,0.007805516339102835
6250.0,6350.0,0.004068305381851174
6251.0,6252.0,0.009438779603317366
6251.0,6351.0,0.0036603916853262474
6252.0,6253.0,0.008082151352826769
6252.0,6352.0,0.003936894950333264
6253.0,6254.0,0.007263259748900585
6253.0,6353.0,0.00471557074488029
6254.0,6255.0,0.008859926481072046
6254.0,6354.0,0.0034691469412540844
6255.0,6256.0,0.008771550144643838
6255.0,6355.0,0.004477145896666346
6256.0,6257.0,0.004210699919253909
6256.0,6356.0,0.003701224085356631
6257.0,6258.0,0.012448302753387805
6257.0,6357.0,0.0045214022647802644
6258.0,6259.0,0.005924092633475437
6258.0,6358.0,0.003595326794606523
6259.0,6260.0,0.011928865565928754
6259.0,6359.0,0.005240589985869867
6260.0,6261.0,0.006428458728186432
6260.0,6360.0,0.004754534530321841
6261.0,6262.0,0.008230119175321855
6261.0,6361.0,0.003985388104066857
6262.0,6263.0,0.00872260643844499
6262.0,6362.0,0.0038050771266814223
6263.0,6264.0,0.008732907543882416
6263.0,6363.0,0.0028266965259849414
6264.0,6265.0,0.007027561917194341
6264.0,6364.0,0.004013081374703289
6265.0,6266.0,0.00803014469110008
6265.0,6365.0,0.0037829975019812653
6266.0,6267.0,0.009599289359113963
6266.0,6366.0,0.0035105732096013405
6267.0,6268.0,0.006552034954882319
6267.0,6367.0,0.0033020045381548474
6268.0,6269.0,0.009935701431202468
6268.0,6368.0,0.004473453721678214
6269.0,6270.0,0.008036407205337194
6269.0,6369.0,0.003656384848459244
6270.0,6271.0,0.007349845933759364
6270.0,6370.0,0.0043768910998578285
6271.0,6272.0,0.008635048966276739
6271.0,6371.0,0.004678491316653415
6272.0,6273.0,0.008082945380243537
6272.0,6372.0,0.003485947677461945
6273.0,6274.0,0.008203380003998256
6273.0,6373.0,0.0036098242754997742
6274.0,6275.0,0.008061173912030407
6274.0,6374.0,0.003911086765845406
6275.0,6276.0,0.008818527782458972
6275.0,6375.0,0.004342309376356779
6276.0,6277.0,0.00924398112124851
6276.0,6376.0,0.003845020802283597
6277.0,6278.0,0.006900502756321352
6277.0,6377.0,0.004231685538879871
6278.0,6279.0,0.008811903388598783
6278.0,6378.0,0.0031587305614739886
6279.0,6280.0,0.008656652544719642
6279.0,6379.0,0.004131826256028152
6280.0,6281.0,0.007896688694003342
6280.0,6380.0,0.00305213638292774
6281.0,6282.0,0.007303168860159245
6281.0,6381.0,0.0037000985121997173
6282.0,6283.0,0.009244157649023404
6282.0,6382.0,0.003278231626960239
6283.0,6284.0,0.010513557518270248
6283.0,6383.0,0.006466101698087951
6284.0,6285.0,0.0073488188064474436
6284.0,6384.0,0.0010897658510006872
6285.0,6286.0,0.008635354103914923
6285.0,6385.0,0.0042580311060363765
6286.0,6386.0,0.003336324062494982
6291.0,6292.0,0.01160858389727086
6291.0,6391.0,0.0067600542719701015
6292.0,6392.0,0.00614338552428643
6296.0,6396.0,0.004156740978221015
6302.0,6303.0,0.007632387559604188
6302.0,6402.0,0.004278612537965753
6303.0,6304.0,0.009157186225036624
6303.0,6403.0,0.0040242757273801525
6304.0,6305.0,0.008845303285359943
6304.0,6404.0,0.0042792160882545996
6305.0,6306.0,0.008325938917022924
6305.0,6405.0,0.0037515587547060146
6306.0,6307.0,0.006159676176553461
6306.0,6406.0,0.005276034711787228
6307.0,6308.0,0.008845318256004205
6307.0,6407.0,0.004475978222689115
6308.0,6408.0,0.0036409233403090495
6311.0,6312.0,0.010429929434085227
6312.0,6313.0,0.010606417526196132
6312.0,6412.0,0.006001412068007989
6313.0,6314.0,0.007933566759660476
6313.0,6413.0,0.0034620283491089646
6314.0,6315.0,0.007960328501387112
6314.0,6414.0,0.006608007083071728
6315.0,6316.0,0.008974841521163483
6315.0,6415.0,0.003981825937931948
6316.0,6317.0,0.007577556630603342
6316.0,6416.0,0.0038814790222243714
6317.0,6318.0,0.008444357720988314
6317.0,6417.0,0.002273977917654521
6318.0,6319.0,0.008650979764165956
6318.0,6418.0,0.0054190153201520465
6319.0,6320.0,0.007694108582545509
6320.0,6321.0,0.0062384367096250054
6321.0,6322.0,0.010137366640799849
6321.0,6421.0,0.006356254628314706
6322.0,6323.0,0.00880354021345962
6323.0,6324.0,0.008711345432824829
6324.0,6325.0,0.008495055620770792
6324.0,6424.0,0.006236928375411593
6325.0,6326.0,0.0072670949250713355
6325.0,6425.0,0.003347098440440576
6326.0,6327.0,0.0072576747054412085
6326.0,6426.0,0.00389326801671737
6327.0,6328.0,0.008939679479712867
6327.0,6427.0,0.00644587856618417
6328.0,6329.0,0.008283095320591167
6328.0,6428.0,0.003553158174075958
6329.0,6330.0,0.009219651126805322
6329.0,6429.0,0.0032658945803561005
6330.0,6331.0,0.008370877381135214
6330.0,6430.0,0.005035626043506931
6331.0,6332.0,0.0066344989207927285
6331.0,6431.0,0.005082646908849745
6332.0,6333.0,0.008503491062499043
6332.0,6432.0,0.0061770396226723725
6333.0,6334.0,0.008618700209428311
6333.0,6433.0,0.003753485401597892
6334.0,6335.0,0.009824219098737758
6334.0,6434.0,0.0037241051233763904
6335.0,6336.0,0.007873584088583255
6335.0,6435.0,0.0039017009649627904
6336.0,6337.0,0.007846129502500068
6336.0,6436.0,0.003262845465234909
6337.0,6338.0,0.007992899561485528
6337.0,6437.0,0.0029406769424777566
6338.0,6339.0,0.010822466876826453
6338.0,6438.0,0.004073159394132551
6339.0,6340.0,0.006760181358514753
6339.0,6439.0,0.0035063368705800526
6340.0,6341.0,0.007411538272855342
6340.0,6440.0,0.004091514071836629
6341.0,6342.0,0.009302595442133535
6341.0,6441.0,0.004841391796787654
6342.0,6343.0,0.007571373320607078
6342.0,6442.0,0.004404347834814759
6343.0,6344.0,0.00895347277708489
6343.0,6443.0,0.004415410360321549
6344.0,6345.0,0.006980338118601578
6344.0,6444.0,0.0045728765257762516
6345.0,6346.0,0.00923856593308712
6345.0,6445.0,0.003802722835018662
6346.0,6347.0,0.007999393969545429
6346.0,6446.0,0.0036198612183363536
6347.0,6348.0,0.007759661643396556
6347.0,6447.0,0.0038772307656362867
6348.0,6349.0,0.008024409849951697
6348.0,6448.0,0.0039600066792884175
6349.0,6350.0,0.008275206328545654
6349.0,6449.0,0.003610994163662672
6350.0,6351.0,0.008881549615353954
6350.0,6450.0,0.004092344385560252
6351.0,6352.0,0.008608535235450517
6351.0,6451.0,0.004414482207462129
6352.0,6353.0,0.006346011494631931
6352.0,6452.0,0.0038134368750513147
6353.0,6354.0,0.008100721274676318
6353.0,6453.0,0.004143349014989968
6354.0,6355.0,0.00801468106976173
6354.0,6454.0,0.00475681591928736
6355.0,6356.0,0.010380861122758496
6355.0,6455.0,0.004632088621777758
6356.0,6357.0,0.00690281728716559
6356.0,6456.0,0.004024838050152361
6357.0,6358.0,0.009895601552204494
6357.0,6457.0,0.0033242915786710933
6358.0,6359.0,0.007131340864802322
6358.0,6458.0,0.003984879764805858
6359.0,6360.0,0.009951136914443496
6359.0,6459.0,0.00241888736611998
6360.0,6361.0,0.004924494369983728
6360.0,6460.0,0.003971569650651142
6361.0,6362.0,0.010276168176903137
6361.0,6461.0,0.004605023245327102
6362.0,6363.0,0.00831210101298071
6362.0,6462.0,0.0039533521219325485
6363.0,6364.0,0.009153793995933983
6363.0,6463.0,0.004474306963088355
6364.0,6365.0,0.007311725383245852
6364.0,6464.0,0.003949625477182299
6365.0,6366.0,0.007357300211354713
6365.0,6465.0,0.003860369106705534
6366.0,6367.0,0.009881710785587687
6366.0,6466.0,0.0038768731176059136
6367.0,6368.0,0.007705744945169175
6367.0,6467.0,0.004491533243780647
6368.0,6369.0,0.007889405887010531
6368.0,6468.0,0.003158038482985446
6369.0,6370.0,0.00886256395463526
6369.0,6469.0,0.004377436190278721
6370.0,6371.0,0.008462094594720674
6370.0,6470.0,0.0037435180699385774
6371.0,6372.0,0.006207214476719808
6371.0,6471.0,0.004595331584332947
6372.0,6373.0,0.01078921095029665
6372.0,6472.0,0.0056910019688990125
6373.0,6374.0,0.005719957290050352
6373.0,6473.0,0.004749078194771569
6374.0,6375.0,0.010815421486470212
6374.0,6474.0,0.003969510958548746
6375.0,6376.0,0.006804400387984328
6375.0,6475.0,0.0029540198120505375
6376.0,6377.0,0.008643173242507688
6376.0,6476.0,0.004279296661836669
6377.0,6378.0,0.00803040878971922
6377.0,6477.0,0.005994852456067918
6378.0,6379.0,0.007348057268421642
6378.0,6478.0,0.0050390100317417455
6379.0,6380.0,0.009401238963562226
6379.0,6479.0,0.004159410853715285
6380.0,6381.0,0.008383572780742032
6380.0,6480.0,0.004624852518731126
6381.0,6382.0,0.00739543908365146
6381.0,6481.0,0.003566321724129353
6382.0,6383.0,0.009090534884703082
6382.0,6482.0,0.004690507176197838
6383.0,6384.0,0.01003479983108795
6384.0,6385.0,0.006760619820695934
6384.0,6484.0,0.005409027306272053
6385.0,6386.0,0.008021622365207546
6385.0,6485.0,0.003445886360580558
6386.0,6387.0,0.008030188665903076
6386.0,6486.0,0.004058569011364565
6387.0,6487.0,0.003638956201993909
6391.0,6392.0,0.007084093587750212
6391.0,6491.0,0.0021243489779200963
6392.0,6393.0,0.01048801661802706
6392.0,6492.0,0.004246129589405404
6395.0,6396.0,0.011568764739591163
6396.0,6397.0,0.007674898588254183
6396.0,6496.0,0.004572251442125415
6397.0,6497.0,0.003759295319604607
6402.0,6403.0,0.008323815693538808
6403.0,6404.0,0.006216917782953201
6403.0,6503.0,0.004644368173396482
6404.0,6405.0,0.008630865324519787
6404.0,6504.0,0.0037919571727557384
6405.0,6406.0,0.007742115117976365
6405.0,6505.0,0.004080962170860955
6406.0,6407.0,0.009117726313615725
6406.0,6506.0,0.003860594860899985
6407.0,6408.0,0.008608218083320183
6407.0,6507.0,0.003383609377576768
6408.0,6508.0,0.0040198283309147735
6412.0,6413.0,0.010414533495072716
6412.0,6512.0,0.0004399712717882476
6413.0,6414.0,0.004873270935417003
6413.0,6513.0,0.005776034336809255
6414.0,6415.0,0.010560389121618309
6414.0,6514.0,0.005436087881004321
6415.0,6416.0,0.007382755261418536
6415.0,6515.0,0.0039713620497254815
6416.0,6417.0,0.00934965407060601
6416.0,6516.0,0.003786720038504042
6417.0,6418.0,0.006219867658560567
6417.0,6517.0,0.004003010072436098
6418.0,6518.0,0.003747443674022767
6421.0,6521.0,0.0029724631217246974
6424.0,6425.0,0.007323314220352374
6424.0,6524.0,0.0021778961706158543
6425.0,6426.0,0.00853475995034436
6425.0,6525.0,0.0046390681758344985
6426.0,6427.0,0.010972270673383383
6426.0,6526.0,0.0036742136083783112
6427.0,6428.0,0.006415075608283862
6427.0,6527.0,0.004351558454165709
6428.0,6429.0,0.006969582648193404
6428.0,6528.0,0.003864028397930125
6429.0,6430.0,0.00736946331831588
6429.0,6529.0,0.003836914898719101
6430.0,6431.0,0.01047630467770005
6430.0,6530.0,0.0040605514416140985
6431.0,6432.0,0.010473376103721255
6431.0,6531.0,0.003775721447615152
6432.0,6433.0,0.005287728723185666
6432.0,6532.0,0.004708418496687886
6433.0,6434.0,0.009032864934781231
6433.0,6533.0,0.004727574348441082
6434.0,6435.0,0.007243001707165
6434.0,6534.0,0.004639923286009702
6435.0,6436.0,0.006875885081209489
6435.0,6535.0,0.004610072239127537
6436.0,6437.0,0.01113329564235138
6436.0,6536.0,0.00431401174082541
6437.0,6438.0,0.00664485009386981
6437.0,6537.0,0.004996487879501522
6438.0,6439.0,0.008550998220091083
6438.0,6538.0,0.004153329365703097
6439.0,6440.0,0.008625686966845136
6439.0,6539.0,0.0038195547292810654
6440.0,6441.0,0.007097744989783631
6440.0,6540.0,0.0034592640170931837
6441.0,6442.0,0.00954573548554542
6441.0,6541.0,0.003716181326306058
6442.0,6443.0,0.008253264969695378
6442.0,6542.0,0.004724599298348856
6443.0,6444.0,0.0072287267108392134
6443.0,6543.0,0.00345817790461921
6444.0,6445.0,0.009712024693646534
6444.0,6544.0,0.0036670310279581617
6445.0,6446.0,0.007407237413503134
6445.0,6545.0,0.004197849489920106
6446.0,6447.0,0.008183625287731694
6446.0,6546.0,0.0038101646079905967
6447.0,6448.0,0.008598220879344821
6447.0,6547.0,0.004414918713864614
6448.0,6449.0,0.00772804050002327
6448.0,6548.0,0.003983679692195718
6449.0,6450.0,0.007178974056228334
6449.0,6549.0,0.004202317661719018
6450.0,6451.0,0.00923545426928203
6450.0,6550.0,0.005068276791967056
6451.0,6452.0,0.008617917768231497
6451.0,6551.0,0.0044365368532192145
6452.0,6453.0,0.008743085211182718
6452.0,6552.0,0.0038492076197635273
6453.0,6454.0,0.007678702422935796
6453.0,6553.0,0.0035836003139290223
6454.0,6455.0,0.008432454239425183
6454.0,6554.0,0.003284598027154837
6455.0,6456.0,0.008614797599479944
6455.0,6555.0,0.003404104835339273
6456.0,6457.0,0.007510575280895546
6456.0,6556.0,0.0038751827053695306
6457.0,6458.0,0.009781479920748173
6457.0,6557.0,0.0037662532588737074
6458.0,6459.0,0.007342922015110927
6458.0,6558.0,0.0038391575351934583
6459.0,6460.0,0.009281621544213336
6459.0,6559.0,0.005803514560164707
6460.0,6461.0,0.006568023710371169
6460.0,6560.0,0.0034818059121706118
6461.0,6462.0,0.008534528355451152
6461.0,6561.0,0.0040832658314103034
6462.0,6463.0,0.008031082943787843
6462.0,6562.0,0.0036810558403869726
6463.0,6464.0,0.008099176269843592
6463.0,6563.0,0.004284402805531569
6464.0,6465.0,0.00869372537465962
6464.0,6564.0,0.0045060606764665044
6465.0,6466.0,0.008635759070863395
6465.0,6565.0,0.004089826932771321
6466.0,6467.0,0.010242846741994924
6466.0,6566.0,0.004473666354346625
6467.0,6468.0,0.007410279494053555
6467.0,6567.0,0.004689515033562641
6468.0,6469.0,0.006746708943625257
6468.0,6568.0,0.00581065533739613
6469.0,6470.0,0.008967643592940161
6469.0,6569.0,0.003343259346803901
6470.0,6471.0,0.007238852549955736
6470.0,6570.0,0.004014378669233015
6471.0,6472.0,0.00647426157333862
6471.0,6571.0,0.0041561919204972635
6472.0,6473.0,0.011117040214013737
6472.0,6572.0,0.0026979104451379065
6473.0,6474.0,0.008000821223474518
6473.0,6573.0,0.0036626136050612493
6474.0,6475.0,0.008719936688417198
6474.0,6574.0,0.004446237485778357
6475.0,6476.0,0.00808516691540766
6475.0,6575.0,0.005008190716216491
6476.0,6477.0,0.00738898055552974
6476.0,6576.0,0.004038240816244255
6477.0,6478.0,0.010539300732022115
6477.0,6577.0,0.0023774961661428284
6478.0,6479.0,0.006384410159912903
6478.0,6578.0,0.00429790256986046
6479.0,6480.0,0.008048877403712865
6479.0,6579.0,0.004083665973118192
6480.0,6481.0,0.009073697496059888
6480.0,6580.0,0.005376158893665546
6481.0,6482.0,0.006794091745774092
6481.0,6581.0,0.005777586528992513
6482.0,6582.0,0.003448856184305073
6484.0,6485.0,0.007519238475404282
6484.0,6584.0,0.0031587994238271395
6485.0,6486.0,0.00773673068162518
6485.0,6585.0,0.004630496690417122
6486.0,6487.0,0.00799984648665217
6486.0,6586.0,0.0035049424788471104
6487.0,6488.0,0.00825003480295694
6487.0,6587.0,0.003942276627788643
6488.0,6588.0,0.004137689838546921
6491.0,6492.0,0.008503302754224788
6491.0,6591.0,0.004097592426048074
6492.0,6592.0,0.003239830273330459
6496.0,6497.0,0.005871985123447558
6497.0,6597.0,0.006132845525524435
6503.0,6504.0,0.008168872458913892
6503.0,6603.0,0.003508864944678814
6504.0,6505.0,0.0068706231602380825
6504.0,6604.0,0.004697749445215605
6505.0,6506.0,0.010772118043356215
6506.0,6507.0,0.007774476780465652
6506.0,6606.0,0.0036964686404711896
6507.0,6508.0,0.006967937337548367
6507.0,6607.0,0.00397206094867445
6508.0,6509.0,0.007205080364576096
6508.0,6608.0,0.0031985645405354854
6512.0,6513.0,0.007198806363559787
6512.0,6612.0,0.005277104874839775
6513.0,6514.0,0.013098912935813447
6513.0,6613.0,0.00413264773843087
6514.0,6515.0,0.004713094410257825
6514.0,6614.0,0.0072093136351541335
6515.0,6516.0,0.008472655735364324
6515.0,6615.0,0.0034226347541055687
6516.0,6517.0,0.008539716525154662
6516.0,6616.0,0.004333632056370438
6517.0,6518.0,0.007980150828148468
6517.0,6617.0,0.005103658915917458
6518.0,6519.0,0.008804453566236095
6518.0,6618.0,0.0043026196125183856
6519.0,6520.0,0.00784625966942212
6519.0,6619.0,0.0037562688774853553
6520.0,6521.0,0.007447828711778628
6520.0,6620.0,0.0029694789071483536
6521.0,6522.0,0.008718286726759844
6521.0,6621.0,0.003511521086364959
6522.0,6523.0,0.00881723622287613
6522.0,6622.0,0.004110573494053049
6523.0,6524.0,0.008523678305168566
6523.0,6623.0,0.0043600885507032085
6524.0,6525.0,0.007843692446801184
6524.0,6624.0,0.004313437965243129
6525.0,6526.0,0.008306463464676356
6525.0,6625.0,0.003601186861298991
6526.0,6527.0,0.007747555788117942
6526.0,6626.0,0.004235182089355937
6527.0,6528.0,0.009388240245115264
6527.0,6627.0,0.003075067387879111
6528.0,6529.0,0.007242006142637405
6528.0,6628.0,0.004264602682549739
6529.0,6530.0,0.008881830615925996
6529.0,6629.0,0.004813212825129767
6530.0,6531.0,0.007496442987177369
6530.0,6630.0,0.003913431093038283
6531.0,6532.0,0.00986006650078992
6531.0,6631.0,0.004913785119436298
6532.0,6533.0,0.0075680783512065315
6532.0,6632.0,0.003346598631447125
6533.0,6534.0,0.008222525722063737
6533.0,6633.0,0.0032193974420647556
6534.0,6535.0,0.007697583498735869
6534.0,6634.0,0.003844609042536738
6535.0,6536.0,0.008359162930581032
6535.0,6635.0,0.004267788772891873
6536.0,6537.0,0.009010336733441546
6536.0,6636.0,0.004561689347162638
6537.0,6538.0,0.007598340825469668
6537.0,6637.0,0.003824315814626915
6538.0,6539.0,0.008276052334900322
6538.0,6638.0,0.004097473214066426
6539.0,6540.0,0.008456872168834048
6539.0,6639.0,0.004749757586446617
6540.0,6541.0,0.007757679470692593
6540.0,6640.0,0.004710906420216522
6541.0,6542.0,0.008031299024441756
6541.0,6641.0,0.0031790027131167672
6542.0,6543.0,0.008797916585760129
6542.0,6642.0,0.0033683114018765864
6543.0,6544.0,0.009165830812315926
6543.0,6643.0,0.004040641054336396
6544.0,6545.0,0.00743135427563516
6544.0,6644.0,0.004250100198818992
6545.0,6546.0,0.008116462265051284
6545.0,6645.0,0.003949611774588753
6546.0,6547.0,0.008451921310566114
6546.0,6646.0,0.004618795522647518
6547.0,6548.0,0.00842325393479264
6547.0,6647.0,0.00398988261606429
6548.0,6549.0,0.007306871884055468
6548.0,6648.0,0.0035678829086699805
6549.0,6550.0,0.010238787266566237
6549.0,6649.0,0.0037672957051395396
6550.0,6551.0,0.007534755088919611
6550.0,6650.0,0.0037170250066404092
6551.0,6552.0,0.00798447674490923
6551.0,6651.0,0.0034256738621786043
6552.0,6553.0,0.008398385517467041
6552.0,6652.0,0.004922093888782975
6553.0,6554.0,0.00775816128022615
6553.0,6653.0,0.00424238981824913
6554.0,6555.0,0.008064530466803279
6554.0,6654.0,0.0027663654603133684
6555.0,6556.0,0.008262018148733447
6555.0,6655.0,0.003577739579680157
6556.0,6557.0,0.00842882013688748
6556.0,6656.0,0.004011486180956711
6557.0,6558.0,0.007666378287692071
6557.0,6657.0,0.0049499989535346876
6558.0,6559.0,0.008634752082717538
6559.0,6560.0,0.009181388634079015
6559.0,6659.0,0.0017289365806753265
6560.0,6561.0,0.007274135665492959
6560.0,6660.0,0.0027000778303554415
6561.0,6562.0,0.008479981363186838
6561.0,6661.0,0.0044841555559550625
6562.0,6563.0,0.009608264876136571
6562.0,6662.0,0.0038815086615887717
6563.0,6564.0,0.006943501777201436
6563.0,6663.0,0.0048340507010153164
6564.0,6565.0,0.008638301521132511
6564.0,6664.0,0.0030576353428737493
6565.0,6566.0,0.007547092395088348
6565.0,6665.0,0.0044893042946496
6566.0,6567.0,0.008495285113520294
6566.0,6666.0,0.0044842674764098926
6567.0,6568.0,0.008693874924336523
6567.0,6667.0,0.002845725359200367
6568.0,6569.0,0.008741348350227
6568.0,6668.0,0.0033059957607346805
6569.0,6570.0,0.008343473823893699
6569.0,6669.0,0.0047998194226470696
6570.0,6571.0,0.007864282040974994
6570.0,6670.0,0.004439661096305798
6571.0,6572.0,0.0069099872250243935
6571.0,6671.0,0.003868621926474856
6572.0,6573.0,0.009126419486852453
6572.0,6672.0,0.004287247949440346
6573.0,6574.0,0.008601122790078058
6573.0,6673.0,0.0034542796557280697
6574.0,6575.0,0.00693730832528002
6574.0,6674.0,0.003795042604510425
6575.0,6576.0,0.00941721257538555
6575.0,6675.0,0.0050638376850010176
6576.0,6577.0,0.007906837458807332
6576.0,6676.0,0.003985004918446662
6577.0,6578.0,0.007694472681087485
6577.0,6677.0,0.004897636213518608
6578.0,6579.0,0.008855681738296813
6578.0,6678.0,0.004378746535254543
6579.0,6580.0,0.008792133184272638
6579.0,6679.0,0.002973632458788762
6580.0,6581.0,0.00882882189309534
6580.0,6680.0,0.0025626619851261004
6581.0,6582.0,0.004740721190915034
6581.0,6681.0,0.003455497469249926
6582.0,6682.0,0.00618796228172007
6584.0,6585.0,0.004597563990854425
6584.0,6684.0,0.006515195016272998
6585.0,6586.0,0.00976919078020228
6585.0,6685.0,0.002768458323689491
6586.0,6587.0,0.008197200978382693
6586.0,6686.0,0.004727773328951017
6587.0,6588.0,0.006596700219048925
6587.0,6687.0,0.0042698860043338
6588.0,6589.0,0.010480021408375069
6588.0,6688.0,0.004492182921475243
6589.0,6590.0,0.008086464712097527
6589.0,6689.0,0.005393476913825609
6590.0,6591.0,0.007906607404569862
6590.0,6690.0,0.005667601175981845
6591.0,6592.0,0.0076052408627209234
6591.0,6691.0,0.004388757623749206
6592.0,6593.0,0.006878034190086524
6592.0,6692.0,0.0036159784512611285
6593.0,6594.0,0.006523884457898354
6593.0,6693.0,0.004284298227252728
6594.0,6694.0,0.001208021456761404
6597.0,6598.0,0.01111660496554625
6603.0,6604.0,0.007470336845149378
6604.0,6704.0,0.0032897560091863596
6606.0,6607.0,0.004620650744214905
6606.0,6706.0,0.005754093100569263
6607.0,6608.0,0.006244387473564699
6607.0,6707.0,0.004448564184092946
6608.0,6708.0,0.0067501628498936725
6612.0,6613.0,0.008253675765983697
6612.0,6712.0,0.004645848469332348
6613.0,6614.0,0.006456151492955866
6613.0,6713.0,0.003106930102212776
6614.0,6615.0,0.009557416117863626
6614.0,6714.0,0.00514554111926011
6615.0,6616.0,0.009137671524518665
6615.0,6715.0,0.00534342248095831
6616.0,6617.0,0.008702507309965773
6616.0,6716.0,0.00397159546908222
6617.0,6618.0,0.008463325205851479
6617.0,6717.0,0.0032077962934084344
6618.0,6619.0,0.008115171086920895
6618.0,6718.0,0.004617111136848615
6619.0,6620.0,0.00569561374568191
6619.0,6719.0,0.003412141358448984
6620.0,6621.0,0.010490298337035173
6620.0,6720.0,0.0064556846654711935
6621.0,6622.0,0.009255449977175388
6621.0,6721.0,0.00518525020611168
6622.0,6623.0,0.00786430996655127
6622.0,6722.0,0.004108440008079012
6623.0,6624.0,0.008236101171063694
6623.0,6723.0,0.00428328790767558
6624.0,6625.0,0.007483025578601228
6624.0,6724.0,0.003986329209937208
6625.0,6626.0,0.008375926865129595
6625.0,6725.0,0.0039803106813419585
6626.0,6627.0,0.00765866419814844
6626.0,6726.0,0.003279013647426062
6627.0,6628.0,0.006541341068924619
6627.0,6727.0,0.004490492144522196
6628.0,6629.0,0.009361422574053672
6628.0,6728.0,0.004936803915489389
6629.0,6630.0,0.009412887990941143
6629.0,6729.0,0.005101553410482788
6630.0,6631.0,0.00806342783808485
6630.0,6730.0,0.005130077485770658
6631.0,6632.0,0.008325719020000507
6631.0,6731.0,0.0030411665788016946
6632.0,6633.0,0.007760206730493735
6632.0,6732.0,0.00418570506485909
6633.0,6634.0,0.008311806437231277
6633.0,6733.0,0.0048982039657414584
6634.0,6635.0,0.008583560987142688
6634.0,6734.0,0.0038583746435533104
6635.0,6636.0,0.00778245815729192
6635.0,6735.0,0.004074198454909134
6636.0,6637.0,0.009895432975873274
6636.0,6736.0,0.003500592991192686
6637.0,6638.0,0.006864250363295336
6637.0,6737.0,0.004205723791454514
6638.0,6639.0,0.008294351024643286
6638.0,6738.0,0.004532709002348087
6639.0,6640.0,0.008593237350963866
6639.0,6739.0,0.00438593105509126
6640.0,6641.0,0.007823691264358546
6640.0,6740.0,0.0033226682289971997
6641.0,6642.0,0.008971819385721001
6641.0,6741.0,0.003989281421509103
6642.0,6643.0,0.007727357847285187
6642.0,6742.0,0.002942597860738628
6643.0,6644.0,0.009223007722538232
6643.0,6743.0,0.003930808975260454
6644.0,6645.0,0.007368831245183876
6644.0,6744.0,0.004253402649646268
6645.0,6646.0,0.006462593978426986
6645.0,6745.0,0.003217558816869704
6646.0,6647.0,0.010448955833479281
6646.0,6746.0,0.004907425469631216
6647.0,6648.0,0.007847095830305639
6647.0,6747.0,0.00426114888850442
6648.0,6649.0,0.007923391638054944
6648.0,6748.0,0.004579164310222857
6649.0,6650.0,0.008235000926533018
6649.0,6749.0,0.0037756210879824658
6650.0,6651.0,0.008129845853397152
6650.0,6750.0,0.003957101430343439
6651.0,6652.0,0.00920558021256685
6651.0,6751.0,0.003905625364779121
6652.0,6653.0,0.00805909445161213
6652.0,6752.0,0.0026166719721803355
6653.0,6654.0,0.008739859423353692
6653.0,6753.0,0.0033425516301164434
6654.0,6655.0,0.007785299118851629
6654.0,6754.0,0.005823531316990462
6655.0,6656.0,0.007473893607083206
6655.0,6755.0,0.004272625633027255
6656.0,6657.0,0.010596250350005833
6656.0,6756.0,0.004085840091099687
6657.0,6757.0,0.0040475743575663185
6659.0,6660.0,0.009672055373083887
6659.0,6759.0,0.005717845812893212
6660.0,6661.0,0.00893193057071079
6660.0,6760.0,0.005290506684623163
6661.0,6662.0,0.005920645952934427
6661.0,6761.0,0.003427990198356112
6662.0,6663.0,0.006833592159325831
6662.0,6762.0,0.0040714215158848205
6663.0,6664.0,0.010123240711353322
6663.0,6763.0,0.004369064848450705
6664.0,6665.0,0.008621668117597306
6664.0,6764.0,0.002673718328473226
6665.0,6666.0,0.00456149821549831
6666.0,6667.0,0.011514931198231437
6666.0,6766.0,0.008711841858643491
6667.0,6668.0,0.007929506388799459
6667.0,6767.0,0.004915941669711284
6668.0,6669.0,0.008342604218108384
6669.0,6670.0,0.007679320527885202
6669.0,6769.0,0.003962102815428939
6670.0,6671.0,0.010155294904629833
6670.0,6770.0,0.003549103245890078
6671.0,6672.0,0.006496800889668708
6671.0,6771.0,0.0036089201556726014
6672.0,6673.0,0.009576829670094381
6672.0,6772.0,0.004641051529560322
6673.0,6674.0,0.008453493059085361
6673.0,6773.0,0.0048757001425433
6674.0,6675.0,0.008899402250151366
6674.0,6774.0,0.004023455565803565
6675.0,6676.0,0.007158943699317654
6675.0,6775.0,0.0044643401136073724
6676.0,6677.0,0.007902794467781384
6676.0,6776.0,0.004848784177500975
6677.0,6678.0,0.008562026686480262
6677.0,6777.0,0.003010367103859282
6678.0,6679.0,0.00825531940084728
6678.0,6778.0,0.005210392200207465
6679.0,6680.0,0.007365088057858112
6679.0,6779.0,0.004505029307346303
6680.0,6681.0,0.007694180276676582
6680.0,6780.0,0.0038641842010957352
6681.0,6682.0,0.008880148012843026
6681.0,6781.0,0.003454766796758783
6682.0,6683.0,0.009887400244755939
6682.0,6782.0,0.0029886099310537503
6683.0,6684.0,0.010410877294925474
6683.0,6783.0,0.0042714064990338465
6684.0,6685.0,0.004983737322534131
6684.0,6784.0,0.0034006438699147176
6685.0,6686.0,0.00933855371457468
6685.0,6785.0,0.004885752224581295
6686.0,6687.0,0.008998501319664428
6686.0,6786.0,0.004048544584170186
6687.0,6688.0,0.008153234107395787
6687.0,6787.0,0.003615070578835823
6688.0,6689.0,0.006999100103584119
6688.0,6788.0,0.003981187442208658
6689.0,6690.0,0.008847051240385059
6689.0,6789.0,0.0024850285229784633
6690.0,6691.0,0.007193913677546953
6690.0,6790.0,0.002838382250508864
6691.0,6692.0,0.00994453480561077
6691.0,6791.0,0.003655210117078072
6692.0,6693.0,0.005385502808467075
6692.0,6792.0,0.005160174532904787
6693.0,6694.0,0.007462456884968093
6693.0,6793.0,0.004475584415470178
6694.0,6794.0,0.006501840029562617
6699.0,6799.0,0.0006663661756072012
6704.0,6705.0,0.009155826762231756
6704.0,6804.0,0.002983583591925903
6705.0,6706.0,0.00762133908575118
6705.0,6805.0,0.0042049161252048686
6706.0,6707.0,0.00932942822953283
6706.0,6806.0,0.005340985850947948
6707.0,6708.0,0.006732089720139253
6707.0,6807.0,0.00390915927662083
6708.0,6709.0,0.005373955930226126
6708.0,6808.0,0.0029559002435750104
6709.0,6710.0,0.015462708420260991
6709.0,6809.0,0.004428613925375282
6710.0,6711.0,0.002001688552197613
6710.0,6810.0,0.0023609018319278737
6711.0,6712.0,0.0119187369406325
6711.0,6811.0,0.0032293342611142105
6712.0,6713.0,0.00790114536064233
6712.0,6812.0,0.005188283908957377
6713.0,6714.0,0.009865602700798566
6713.0,6813.0,0.003567208809414359
6714.0,6715.0,0.005931218479369042
6714.0,6814.0,0.005429758692613328
6715.0,6716.0,0.007873951788650864
6715.0,6815.0,0.0027721988096102226
6716.0,6717.0,0.009180031789160605
6716.0,6816.0,0.004903098018595909
6717.0,6718.0,0.00765501109666077
6717.0,6817.0,0.004717556046298934
6718.0,6719.0,0.009840397067700027
6718.0,6818.0,0.004018624467400723
6719.0,6720.0,0.008481236622685804
6719.0,6819.0,0.004575990917816848
6720.0,6721.0,0.005111691579115151
6720.0,6820.0,0.003136910661787437
6721.0,6722.0,0.010785892923629452
6721.0,6821.0,0.00456769572103784
6722.0,6723.0,0.00610438283940296
6722.0,6822.0,0.0036344221576514618
6723.0,6724.0,0.011626750666028815
6723.0,6823.0,0.004090646657925634
6724.0,6725.0,0.00742829953623311
6724.0,6824.0,0.004267171655790855
6725.0,6726.0,0.007340164475677697
6725.0,6825.0,0.004523137695227923
6726.0,6727.0,0.009408990501642603
6726.0,6826.0,0.004604919079632406
6727.0,6728.0,0.006678693754020959
6727.0,6827.0,0.004288701165850706
6728.0,6729.0,0.007229056968236437
6728.0,6828.0,0.0036965976045533
6729.0,6730.0,0.012838326897224877
6729.0,6829.0,0.0031206855673066897
6730.0,6731.0,0.005752287462392418
6730.0,6830.0,0.004158669447072839
6731.0,6732.0,0.006557699121643307
6731.0,6831.0,0.003916853150166189
6732.0,6733.0,0.011149694189528329
6732.0,6832.0,0.0042097913546877055
6733.0,6734.0,0.0060887784201759014
6733.0,6833.0,0.003851122646710418
6734.0,6735.0,0.009453086744550717
6734.0,6834.0,0.004130180044502794
6735.0,6736.0,0.007668033047007594
6735.0,6835.0,0.0035421134383349312
6736.0,6737.0,0.009067625929647091
6736.0,6836.0,0.00457349058816219
6737.0,6738.0,0.009001989277931794
6737.0,6837.0,0.0029989633042095567
6738.0,6739.0,0.0074796061607547235
6738.0,6838.0,0.0034277513343296965
6739.0,6740.0,0.00784563255894652
6739.0,6839.0,0.002968762910710436
6740.0,6741.0,0.007852768083930671
6740.0,6840.0,0.004989298031788857
6741.0,6742.0,0.008395294806020569
6742.0,6743.0,0.01007645325747087
6743.0,6744.0,0.00655550946380279
6743.0,6843.0,0.00458734569222956
6744.0,6745.0,0.008531412755224272
6744.0,6844.0,0.0038413504526381343
6745.0,6746.0,0.009088445011661776
6745.0,6845.0,0.005118666471842918
6746.0,6747.0,0.007842512440538364
6746.0,6846.0,0.004240421069893952
6747.0,6748.0,0.0067351187814321395
6747.0,6847.0,0.003549911938345795
6748.0,6749.0,0.00898313743911341
6748.0,6848.0,0.0040041041257655036
6749.0,6750.0,0.008519126366594153
6749.0,6849.0,0.003266373478343472
6750.0,6751.0,0.007230992254179211
6750.0,6850.0,0.004117970160160516
6751.0,6752.0,0.009844210114072147
6751.0,6851.0,0.004577615690509491
6752.0,6753.0,0.00743179410707803
6752.0,6852.0,0.00406563131259678
6753.0,6754.0,0.007674453373368225
6753.0,6853.0,0.004415359303615934
6754.0,6755.0,0.00868674431821266
6754.0,6854.0,0.004505173048840004
6755.0,6756.0,0.008650625237518913
6755.0,6855.0,0.004146286900346932
6756.0,6757.0,0.00607042468448439
6756.0,6856.0,0.004869602814393052
6759.0,6760.0,0.0055514333734631
6759.0,6859.0,0.004468688044602972
6760.0,6761.0,0.008087102889168665
6760.0,6860.0,0.004157739943765675
6761.0,6762.0,0.008259831805793596
6761.0,6861.0,0.005156517778501645
6762.0,6763.0,0.008683495623883089
6762.0,6862.0,0.003922305028932434
6763.0,6764.0,0.008309972595019668
6763.0,6863.0,0.004093941084091293
6764.0,6864.0,0.006700375420074721
6766.0,6767.0,0.0026285956725995213
6766.0,6866.0,0.005715237153435106
6767.0,6867.0,0.005022172423364479
6769.0,6770.0,0.007731814089849971
6769.0,6869.0,0.0034818281462441533
6770.0,6771.0,0.009919185057251402
6770.0,6870.0,0.0037606458434668484
6771.0,6772.0,0.009118939754708223
6771.0,6871.0,0.005210798203730281
6772.0,6773.0,0.006592830670508807
6772.0,6872.0,0.003966900175201678
6773.0,6774.0,0.008210978914233873
6773.0,6873.0,0.0034615214025106194
6774.0,6775.0,0.008710526223483452
6774.0,6874.0,0.004651377375568974
6775.0,6776.0,0.00873230107703596
6775.0,6875.0,0.004921377449454375
6776.0,6777.0,0.00776062738829809
6776.0,6876.0,0.002694381450350305
6777.0,6778.0,0.008477645298076321
6777.0,6877.0,0.003767510976756303
6778.0,6779.0,0.008566584542861244
6778.0,6878.0,0.003041070051806265
6779.0,6780.0,0.00816971063991869
6779.0,6879.0,0.0034430875344630394
6780.0,6781.0,0.005373512409030217
6780.0,6880.0,0.0044053151907672726
6781.0,6782.0,0.009791981362829397
6781.0,6881.0,0.0056027056187213636
6782.0,6783.0,0.008322575836843047
6782.0,6882.0,0.006063417656732878
6783.0,6784.0,0.010073734437635188
6783.0,6883.0,0.005003053188798877
6784.0,6785.0,0.007059786484731759
6784.0,6884.0,0.004046771869031541
6785.0,6786.0,0.010847613219966861
6785.0,6885.0,0.004266982100968928
6786.0,6787.0,0.005619157758952755
6786.0,6886.0,0.0048697363296203566
6787.0,6788.0,0.009428133724656293
6787.0,6887.0,0.0045797618420626305
6788.0,6789.0,0.0070215310331864225
6788.0,6888.0,0.004269878745352979
6789.0,6790.0,0.008055089313595476
6789.0,6889.0,0.004183897943304047
6790.0,6791.0,0.00802951300640331
6790.0,6890.0,0.004244112432533037
6791.0,6792.0,0.008267627459555988
6791.0,6891.0,0.0030069594493430988
6792.0,6793.0,0.01005811901550181
6792.0,6892.0,0.003136790528550271
6793.0,6794.0,0.007048508123709596
6793.0,6893.0,0.005358975399269642
6794.0,6795.0,0.008127745523821474
6794.0,6894.0,0.0039855661630394884
6795.0,6895.0,0.004999763039385545
6799.0,6899.0,0.006991021187924968
6804.0,6805.0,0.006985568647576174
6805.0,6806.0,0.009015439025361009
6805.0,6905.0,0.003846820011384538
6806.0,6807.0,0.00805226314522808
6806.0,6906.0,0.0036199791946920157
6807.0,6808.0,0.00806877012313524
6807.0,6907.0,0.003858615639060537
6808.0,6809.0,0.004010691826854378
6808.0,6908.0,0.004098527057371656
6809.0,6810.0,0.015594447267216646
6809.0,6909.0,0.00608437656707309
6810.0,6811.0,0.004596335210795656
6810.0,6910.0,0.005228293929186802
6811.0,6812.0,0.008361498048195755
6811.0,6911.0,0.004020113053135045
6812.0,6813.0,0.009465403957570805
6812.0,6912.0,0.002706945224792399
6813.0,6814.0,0.007764370156039939
6813.0,6913.0,0.004766247037239891
6814.0,6815.0,0.007242855959495345
6814.0,6914.0,0.004107226194163123
6815.0,6816.0,0.009306336383883578
6815.0,6915.0,0.0039774435571090895
6816.0,6817.0,0.008878010725382116
6816.0,6916.0,0.003881218588277349
6817.0,6818.0,0.008074816714328543
6817.0,6917.0,0.004384314160732008
6818.0,6819.0,0.00867261761753607
6818.0,6918.0,0.003693496312436589
6819.0,6820.0,0.008511789575053856
6819.0,6919.0,0.0038209025177362
6820.0,6821.0,0.0073616943226409715
6820.0,6920.0,0.003483510374607094
6821.0,6822.0,0.0073551544443335145
6821.0,6921.0,0.0043658121226196585
6822.0,6823.0,0.008482568944016911
6822.0,6922.0,0.004613328916300375
6823.0,6824.0,0.008581042128436325
6823.0,6923.0,0.0038709091141442267
6824.0,6825.0,0.009202474719878641
6824.0,6924.0,0.0037492056892122726
6825.0,6826.0,0.006660251017041695
6825.0,6925.0,0.0031926084037949476
6826.0,6827.0,0.008922633362410455
6826.0,6926.0,0.0035055860936559677
6827.0,6828.0,0.009446487204246892
6827.0,6927.0,0.004205302150855386
6828.0,6829.0,0.007203090437444508
6828.0,6928.0,0.004680602636418155
6829.0,6830.0,0.00881908874430912
6829.0,6929.0,0.0038852378009539093
6830.0,6831.0,0.007095362509414322
6830.0,6930.0,0.003883991561523214
6831.0,6832.0,0.008299457313583834
6831.0,6931.0,0.00404937490114246
6832.0,6833.0,0.00951951751771073
6832.0,6932.0,0.004697553389799274
6833.0,6834.0,0.0073230175836195
6833.0,6933.0,0.0034021698869996196
6834.0,6835.0,0.0073459838803249505
6834.0,6934.0,0.0032353817348186034
6835.0,6836.0,0.008795951407323158
6835.0,6935.0,0.004833170910487158
6836.0,6837.0,0.009037091010938976
6836.0,6936.0,0.003519339376929855
6837.0,6838.0,0.008169026934096718
6837.0,6937.0,0.005006033764369954
6838.0,6839.0,0.008439444603171397
6838.0,6938.0,0.004182231217903452
6839.0,6840.0,0.007413558294098456
6839.0,6939.0,0.006029148169518308
6843.0,6844.0,0.00867726705420551
6843.0,6943.0,0.00426211790076208
6844.0,6845.0,0.006498931282141384
6844.0,6944.0,0.002941846851891363
6845.0,6846.0,0.00984313381246034
6845.0,6945.0,0.0036442396641840936
6846.0,6847.0,0.006838108289578347
6846.0,6946.0,0.004139010462655297
6847.0,6848.0,0.008600095859930578
6847.0,6947.0,0.004611138204391817
6848.0,6849.0,0.009266482914244511
6848.0,6948.0,0.0035445320382301647
6849.0,6850.0,0.00848468135936708
6849.0,6949.0,0.0046126739533587455
6850.0,6851.0,0.008518625638563995
6850.0,6950.0,0.0037431121770545453
6851.0,6852.0,0.007106694126667051
6851.0,6951.0,0.0041160747612251376
6852.0,6853.0,0.007830558176784293
6852.0,6952.0,0.004020641686352981
6853.0,6854.0,0.009036374018376975
6853.0,6953.0,0.003763897194395767
6854.0,6855.0,0.00830760757679373
6854.0,6954.0,0.0031226443041143612
6855.0,6856.0,0.006999952103407439
6855.0,6955.0,0.003739204804504896
6856.0,6956.0,0.005321748631795545
6858.0,6859.0,0.010280469151259198
6858.0,6958.0,0.0039056397901029885
6859.0,6860.0,0.008541623158393267
6859.0,6959.0,0.00414887066079421
6860.0,6861.0,0.00774434436863447
6860.0,6960.0,0.003945491336957925
6861.0,6862.0,0.0071432760579443
6861.0,6961.0,0.003958885694226899
6862.0,6863.0,0.00896530269037231
6862.0,6962.0,0.003916083774637022
6863.0,6864.0,0.009605152010249503
6863.0,6963.0,0.0034983976689390846
6864.0,6865.0,0.008169962433206161
6864.0,6964.0,0.0028228936395115318
6865.0,6866.0,0.005937400053894024
6865.0,6965.0,0.0034046793696334175
6866.0,6867.0,0.008035771674207003
6866.0,6966.0,0.004736623730042755
6867.0,6868.0,0.013152097862318407
6867.0,6967.0,0.0015867367519575835
6868.0,6869.0,0.005443454169917733
6868.0,6968.0,0.00429176543277958
6869.0,6870.0,0.008176229546679882
6869.0,6969.0,0.004495227541515965
6870.0,6871.0,0.00773375774122855
6870.0,6970.0,0.0038276802962146435
6871.0,6872.0,0.008929619486293876
6871.0,6971.0,0.003215059397583115
6872.0,6873.0,0.007498502955257191
6872.0,6972.0,0.0038870424605291854
6873.0,6874.0,0.008959707326692913
6873.0,6973.0,0.004102995414325288
6874.0,6875.0,0.007677857483699462
6874.0,6974.0,0.0034274278183556548
6875.0,6876.0,0.009262582280335916
6875.0,6975.0,0.002004045797883613
6876.0,6877.0,0.007581087369236669
6876.0,6976.0,0.003698715481084297
6877.0,6878.0,0.008365869572256067
6877.0,6977.0,0.004244122498231516
6878.0,6879.0,0.008413684721927587
6878.0,6978.0,0.003470586866801192
6879.0,6880.0,0.007987118049709975
6879.0,6979.0,0.004663498379971612
6880.0,6881.0,0.008202944072100045
6880.0,6980.0,0.005084517268137107
6881.0,6882.0,0.008914866989473077
6881.0,6981.0,0.00353669668476271
6882.0,6883.0,0.00801263858725702
6882.0,6982.0,0.002228724677927312
6883.0,6884.0,0.007670750532379446
6883.0,6983.0,0.0031972543736818004
6884.0,6885.0,0.009381230087786985
6884.0,6984.0,0.003367826788898078
6885.0,6886.0,0.00821304052346025
6885.0,6985.0,0.004198747025007877
6886.0,6887.0,0.008125024554424341
6886.0,6986.0,0.004027830851706828
6887.0,6888.0,0.008603170788726692
6887.0,6987.0,0.0035764946777577735
6888.0,6889.0,0.00780103120427051
6888.0,6988.0,0.003121217932149898
6889.0,6890.0,0.0074578327957926125
6889.0,6989.0,0.004565171244322747
6890.0,6891.0,0.008214437361742944
6890.0,6990.0,0.004110588444491656
6891.0,6892.0,0.008892899032374446
6892.0,6893.0,0.008619743932391172
6892.0,6992.0,0.004388282804237221
6893.0,6894.0,0.008524597286676002
6893.0,6993.0,0.0038369918139079884
6894.0,6895.0,0.004980393495498811
6894.0,6994.0,0.004335575723018109
6895.0,6995.0,0.004756901854146474
6897.0,6898.0,0.006932193080115346
6898.0,6899.0,0.007705235064551012
6899.0,6999.0,0.00028019782297926247
6905.0,6906.0,0.009964998836427513
6905.0,7005.0,0.0028642459740772265
6906.0,6907.0,0.00688183505323957
6906.0,7006.0,0.004567921064331682
6907.0,6908.0,0.00877154482688196
6907.0,7007.0,0.003863966124331357
6908.0,6909.0,0.006077698676308339
6908.0,7008.0,0.00329599138500499
6909.0,6910.0,0.01056257184070221
6909.0,7009.0,0.0028359347823982265
6910.0,6911.0,0.007913872909012321
6910.0,7010.0,0.004182235483564718
6911.0,6912.0,0.008517390714297454
6911.0,7011.0,0.003997502871790026
6912.0,6913.0,0.007372802957491715
6912.0,7012.0,0.003908045001014829
6913.0,6914.0,0.00731435558678969
6913.0,7013.0,0.004497761987923362
6914.0,6915.0,0.010011526363647175
6914.0,7014.0,0.003567801952178142
6915.0,6916.0,0.009483925487370525
6915.0,7015.0,0.0032376013899182783
6916.0,6917.0,0.005697659155302512
6916.0,7016.0,0.005124243453429408
6917.0,6918.0,0.0101710727713452
6917.0,7017.0,0.00395936399437987
6918.0,6919.0,0.007980118877560873
6918.0,7018.0,0.003993432289397256
6919.0,6920.0,0.007468702701942352
6919.0,7019.0,0.0034887857056551896
6920.0,6921.0,0.01183897953457141
6920.0,7020.0,0.004757011204522035
6921.0,6922.0,0.006189104195277076
6922.0,6923.0,0.0067788266720723665
6922.0,7022.0,0.002655041063718073
6923.0,6924.0,0.007994652597830583
6923.0,7023.0,0.0048136515474254985
6924.0,6925.0,0.010910753600462309
6924.0,7024.0,0.004974592273746721
6925.0,6926.0,0.006349270317918281
6925.0,7025.0,0.004453565046121571
6926.0,6927.0,0.008534695701663387
6926.0,7026.0,0.0044765491899461905
6927.0,6928.0,0.007825719821204712
6927.0,7027.0,0.0033637822239271347
6928.0,6929.0,0.00805330038803966
6928.0,7028.0,0.003675308570716414
6929.0,6930.0,0.008288729873750253
6929.0,7029.0,0.003498271391705168
6930.0,6931.0,0.00905832721533071
6930.0,7030.0,0.004219502079628543
6931.0,6932.0,0.008842704297894475
6932.0,6933.0,0.006828349084515043
6932.0,7032.0,0.002604194973497645
6933.0,6934.0,0.009044304578020362
6933.0,7033.0,0.003159173543821732
6934.0,6935.0,0.007564338255921702
6934.0,7034.0,0.005212418207511548
6935.0,6936.0,0.0083544266134787
6935.0,7035.0,0.0026984289521866877
6936.0,6937.0,0.008268823785763314
6936.0,7036.0,0.004470224778463647
6937.0,6938.0,0.009538570628768511
6937.0,7037.0,0.0037816862971385545
6938.0,6939.0,0.007435275038625727
6938.0,7038.0,0.003382374185392285
6939.0,7039.0,0.0028333342284305794
6942.0,6943.0,0.003368301554197677
6942.0,7042.0,0.004117045553546974
6943.0,6944.0,0.011317409546800015
6943.0,7043.0,0.00579598672186466
6944.0,6945.0,0.008191240293142584
6944.0,7044.0,0.00473831300148023
6945.0,6946.0,0.007258939033357203
6945.0,7045.0,0.004823320488003403
6946.0,6947.0,0.009712224872293573
6946.0,7046.0,0.0035341086528316236
6947.0,6948.0,0.007145055748557844
6947.0,7047.0,0.0036868275210536197
6948.0,6949.0,0.009135893397473515
6948.0,7048.0,0.0039615881222001565
6949.0,6950.0,0.007639266547254449
6949.0,7049.0,0.003024547048733597
6950.0,6951.0,0.008685404596217814
6950.0,7050.0,0.0041164067753300644
6951.0,6952.0,0.009215102696117847
6951.0,7051.0,0.0034107588437145937
6952.0,6953.0,0.007482841537811512
6952.0,7052.0,0.004967912367382779
6953.0,6954.0,0.00796114050623411
6953.0,7053.0,0.005016785788732316
6954.0,6955.0,0.008899870064781858
6954.0,7054.0,0.003902593861774591
6955.0,6956.0,0.011182398084490001
6955.0,7055.0,0.004295730732945867
6956.0,6957.0,0.00528978314300357
6956.0,7056.0,0.006447891792673287
6957.0,6958.0,0.00861472728877703
6957.0,7057.0,0.002796576022563336
6958.0,6959.0,0.0074456840249907345
6958.0,7058.0,0.003684359544067612
6959.0,6960.0,0.008531616567216276
6959.0,7059.0,0.004042071236387375
6960.0,6961.0,0.007826657156794259
6960.0,7060.0,0.0036734164819637437
6961.0,6962.0,0.008135679038039776
6961.0,7061.0,0.003976407847541907
6962.0,6963.0,0.008223525179021533
6962.0,7062.0,0.004058057989976516
6963.0,6964.0,0.007941142757186131
6963.0,7063.0,0.003917805744290521
6964.0,6965.0,0.007009460456411638
6964.0,7064.0,0.005261687822366548
6965.0,6966.0,0.010772503765142254
6965.0,7065.0,0.006613895427810418
6966.0,6967.0,0.005256941289381222
6966.0,7066.0,0.0051453947117738215
6967.0,6968.0,0.011212554066312401
6967.0,7067.0,0.009627052214461715
6968.0,6969.0,0.007934743711047174
6968.0,7068.0,0.004414786420655042
6969.0,6970.0,0.006902583065779984
6969.0,7069.0,0.004051189456198702
6970.0,6971.0,0.009446749021753144
6970.0,7070.0,0.006905870216707033
6971.0,6972.0,0.008452138007037055
6971.0,7071.0,0.003970121030903166
6972.0,6973.0,0.009150533967479628
6972.0,7072.0,0.004493594930566546
6973.0,6974.0,0.007530144748940835
6973.0,7073.0,0.004976189953166271
6974.0,6975.0,0.007424532379214296
6974.0,7074.0,0.005020195878642518
6975.0,6976.0,0.009932804671894039
6975.0,7075.0,0.0055602180766577665
6976.0,6977.0,0.007198474072329057
6976.0,7076.0,0.004728338047346374
6977.0,6978.0,0.008439452460912353
6977.0,7077.0,0.004051005846701157
6978.0,6979.0,0.008188011334872448
6978.0,7078.0,0.004109210576253972
6979.0,6980.0,0.00836020982571618
6979.0,7079.0,0.0038578563438800904
6980.0,6981.0,0.009409193670022208
6980.0,7080.0,0.002805942709679961
6981.0,6982.0,0.006766155928590862
6981.0,7081.0,0.0052096530748207545
6982.0,6983.0,0.00915068321438374
6982.0,7082.0,0.004777491496593732
6983.0,6984.0,0.00788829910690515
6983.0,7083.0,0.004768862963010269
6984.0,6985.0,0.0076990078230897985
6984.0,7084.0,0.004613208662092892
6985.0,6986.0,0.008235646935730121
6985.0,7085.0,0.003955269650735153
6986.0,6987.0,0.00973256958567456
6986.0,7086.0,0.003594730928739831
6987.0,6988.0,0.007536741445744599
6987.0,7087.0,0.004282230821658831
6988.0,6989.0,0.009260864263123567
6988.0,7088.0,0.0044329891495487215
6989.0,6990.0,0.00673285328222736
6989.0,7089.0,0.003986756246626232
6990.0,7090.0,0.0031137061293594432
6992.0,6993.0,0.005731505094650324
6992.0,7092.0,0.005057923444460238
6993.0,6994.0,0.010154090801740918
6993.0,7093.0,0.003420112144359378
6994.0,6995.0,0.007370494239194521
6994.0,7094.0,0.004281852384192152
6995.0,6996.0,0.01164468876398187
6995.0,7095.0,0.0038011916894583136
6996.0,7096.0,0.00604606544209067
7004.0,7005.0,0.004076289922220803
7005.0,7006.0,0.01047209398448983
7006.0,7007.0,0.00839930424737671
7007.0,7008.0,0.0067311439778090015
7007.0,7107.0,0.004481041978158727
7008.0,7009.0,0.008631870103285779
7008.0,7108.0,0.006192349096261421
7009.0,7010.0,0.008701355940311788
7009.0,7109.0,0.0036621354767404344
7010.0,7011.0,0.008576858411446465
7010.0,7110.0,0.0033739006535459855
7011.0,7012.0,0.007473336862473151
7011.0,7111.0,0.004161116024580265
7012.0,7013.0,0.009429170950831402
7012.0,7112.0,0.0039616983340494735
7013.0,7014.0,0.006807856205884577
7013.0,7113.0,0.0037753414216464987
7014.0,7015.0,0.007930950133495535
7014.0,7114.0,0.004338744438200201
7015.0,7016.0,0.010662753641531166
7015.0,7115.0,0.0057493553873439115
7016.0,7017.0,0.006648323472876408
7016.0,7116.0,0.003704184543190396
7017.0,7018.0,0.009523822208021261
7017.0,7117.0,0.0037403586044655944
7018.0,7019.0,0.0077526546143885395
7018.0,7118.0,0.004561577781864911
7019.0,7020.0,0.007393821775644713
7019.0,7119.0,0.005075918798600018
7020.0,7120.0,0.0036718085475696814
7022.0,7023.0,0.00824991034254281
7022.0,7122.0,0.0063575883792518564
7023.0,7024.0,0.008354393852937493
7023.0,7123.0,0.0038291105350954147
7024.0,7025.0,0.007514610462292716
7024.0,7124.0,0.0039013533908128376
7025.0,7026.0,0.00813633371119945
7025.0,7125.0,0.0039528148666446205
7026.0,7027.0,0.007982298278065236
7026.0,7126.0,0.003647590932381328
7027.0,7028.0,0.007539922811275982
7027.0,7127.0,0.004554238888113443
7028.0,7029.0,0.008266068004801291
7028.0,7128.0,0.006116254548334477
7029.0,7030.0,0.010941967933146116
7029.0,7129.0,0.004912517082920065
7030.0,7130.0,0.004189857984468049
7032.0,7033.0,0.00712829451972907
7032.0,7132.0,0.005448953643594419
7033.0,7034.0,0.009219644093456597
7033.0,7133.0,0.004483474768523757
7034.0,7035.0,0.008054182345216477
7034.0,7134.0,0.0028098139048701063
7035.0,7036.0,0.008502926447993784
7035.0,7135.0,0.005289385370722956
7036.0,7037.0,0.008962312973780825
7036.0,7136.0,0.0029220668455730665
7037.0,7038.0,0.008467429770597258
7037.0,7137.0,0.00357044191242364
7038.0,7039.0,0.008678522621967532
7038.0,7138.0,0.005525146821581268
7039.0,7040.0,0.008109018883317406
7039.0,7139.0,0.003986466170680544
7040.0,7140.0,0.003488535810333391
7042.0,7043.0,0.009197465903715594
7042.0,7142.0,0.004469730641775662
7043.0,7044.0,0.008778541186894579
7043.0,7143.0,0.003171426644271639
7044.0,7045.0,0.006785290302559028
7044.0,7144.0,0.0041916797074700194
7045.0,7046.0,0.00949285569099199
7045.0,7145.0,0.0036121174634868793
7046.0,7047.0,0.00824846586038881
7046.0,7146.0,0.004247490035300494
7047.0,7048.0,0.007346855357906438
7047.0,7147.0,0.004353490770634264
7048.0,7049.0,0.011389663983190258
7048.0,7148.0,0.004187166187294638
7049.0,7050.0,0.005933823105720577
7049.0,7149.0,0.007290889735824216
7050.0,7051.0,0.008297429139799844
7050.0,7150.0,0.004116505086847336
7051.0,7052.0,0.007664107475760166
7051.0,7151.0,0.004507374865704751
7052.0,7053.0,0.00918915162569419
7052.0,7152.0,0.004419032394086484
7053.0,7054.0,0.00661574399142014
7053.0,7153.0,0.0037144437753168836
7054.0,7055.0,0.007913040771410158
7054.0,7154.0,0.005124691836593123
7055.0,7056.0,0.011689855410569069
7055.0,7155.0,0.006043510186968962
7056.0,7057.0,0.006727893804156941
7057.0,7058.0,0.00858370288861396
7057.0,7157.0,0.005015659622623697
7058.0,7059.0,0.008736610123497567
7058.0,7158.0,0.004212660296062826
7059.0,7060.0,0.0068404521678035535
7059.0,7159.0,0.0038677787281543047
7060.0,7061.0,0.009032108591574805
7060.0,7160.0,0.00453428489841724
7061.0,7062.0,0.0069730020199336405
7061.0,7161.0,0.003554962404866837
7062.0,7063.0,0.009091625316190764
7062.0,7162.0,0.004622798695594333
7063.0,7064.0,0.010265340052818473
7063.0,7163.0,0.003851426552589405
7064.0,7065.0,0.006396814114854394
7064.0,7164.0,0.003971551739560662
7065.0,7066.0,0.008726161662495376
7065.0,7165.0,0.002930328761414921
7066.0,7067.0,0.01203759997673976
7066.0,7166.0,0.003265541181799091
7067.0,7068.0,0.005962062164218931
7067.0,7167.0,0.003773460809389278
7068.0,7069.0,0.00794610090862179
7068.0,7168.0,0.004242905213416591
7069.0,7070.0,0.010501589134031073
7069.0,7169.0,0.003487392758208421
7070.0,7071.0,0.004684218501521896
7070.0,7170.0,0.004686633432428232
7071.0,7072.0,0.009032465165722836
7071.0,7171.0,0.0035237918213186937
7072.0,7073.0,0.007135843972509517
7072.0,7172.0,0.003539738366037937
7073.0,7074.0,0.009575891198734414
7073.0,7173.0,0.004074543101992847
7074.0,7075.0,0.006952097888407581
7074.0,7174.0,0.002554865344789677
7075.0,7076.0,0.008898153752324242
7075.0,7175.0,0.003029695748752797
7076.0,7077.0,0.008815509882587608
7076.0,7176.0,0.003986911398564046
7077.0,7078.0,0.007810682544438756
7077.0,7177.0,0.00420988943441603
7078.0,7079.0,0.007923150139306934
7078.0,7178.0,0.004070806350097334
7079.0,7080.0,0.008591974060133083
7079.0,7179.0,0.003191178854280644
7080.0,7081.0,0.006984817567410217
7080.0,7180.0,0.0037871725416219713
7081.0,7082.0,0.009221634601848052
7081.0,7181.0,0.0035621010232711288
7082.0,7083.0,0.009157320637063857
7082.0,7182.0,0.003449955831597141
7083.0,7084.0,0.0073253706991521506
7083.0,7183.0,0.003591027674638672
7084.0,7085.0,0.009077278328331679
7084.0,7184.0,0.0032515574668112936
7085.0,7086.0,0.006865597463440461
7085.0,7185.0,0.003634132728726828
7086.0,7087.0,0.008742524653668317
7086.0,7186.0,0.0041592645599925196
7087.0,7088.0,0.00842790415524525
7087.0,7187.0,0.003912833104033338
7088.0,7089.0,0.006971838062519813
7088.0,7188.0,0.004322629867336418
7089.0,7090.0,0.0096343274414979
7089.0,7189.0,0.003926406388797244
7090.0,7091.0,0.006391772402863163
7090.0,7190.0,0.004155886481845859
7091.0,7092.0,0.009949965359738642
7091.0,7191.0,0.002768766196340784
7092.0,7093.0,0.008043238216042196
7093.0,7094.0,0.008851615039641263
7093.0,7193.0,0.003199036031368043
7094.0,7095.0,0.007903498835958703
7094.0,7194.0,0.0023602668005952682
7095.0,7096.0,0.008910070044618041
7095.0,7195.0,0.0038273656579933223
7096.0,7196.0,0.0034969812081277556
7107.0,7108.0,0.014386782443965355
7108.0,7109.0,0.006528918112520279
7108.0,7208.0,0.0038513422309634517
7109.0,7110.0,0.007323634076740773
7109.0,7209.0,0.004714413320867428
7110.0,7111.0,0.008618757703985023
7110.0,7210.0,0.004447433889334335
7111.0,7112.0,0.007851169458112643
7111.0,7211.0,0.0032433082076814283
7112.0,7113.0,0.007958358143486638
7112.0,7212.0,0.005021516867441122
7113.0,7114.0,0.008734507702784434
7113.0,7213.0,0.003624167795508865
7114.0,7115.0,0.00642956296259709
7114.0,7214.0,0.004169449906164781
7115.0,7116.0,0.009023219585048295
7115.0,7215.0,0.0035596250701443242
7116.0,7117.0,0.009496848885814778
7116.0,7216.0,0.0030663320058357895
7117.0,7118.0,0.0068765425164104225
7117.0,7217.0,0.0038128294965844418
7118.0,7119.0,0.007722999879580393
7118.0,7218.0,0.002016439099003825
7119.0,7120.0,0.009209124999151694
7119.0,7219.0,0.0034857453793995874
7120.0,7121.0,0.007314138616405929
7120.0,7220.0,0.003558426636874279
7121.0,7122.0,0.009183091377090764
7121.0,7221.0,0.0033789039939038463
7122.0,7123.0,0.009408062056024366
7122.0,7222.0,0.0024357178017947252
7123.0,7124.0,0.006393997184859744
7123.0,7223.0,0.004770763429471452
7124.0,7125.0,0.008360653156901276
7124.0,7224.0,0.0038443177808278445
7125.0,7126.0,0.009352347354541624
7125.0,7225.0,0.00475194486921236
7126.0,7127.0,0.008426908643150023
7126.0,7226.0,0.004211655575895569
7127.0,7128.0,0.007938230120751708
7127.0,7227.0,0.004158003036318984
7128.0,7129.0,0.007566344824947583
7128.0,7228.0,0.000829725267782931
7129.0,7130.0,0.009771293611902113
7129.0,7229.0,0.0036746955914764975
7130.0,7131.0,0.007320039620794392
7130.0,7230.0,0.004369468646184081
7131.0,7132.0,0.009728057475673256
7132.0,7133.0,0.006668898671445721
7132.0,7232.0,0.004013675404167559
7133.0,7134.0,0.009393477846357167
7133.0,7233.0,0.00431123149459974
7134.0,7135.0,0.00953498958415796
7134.0,7234.0,0.004875861052159873
7135.0,7136.0,0.006786465142473345
7135.0,7235.0,0.0040591609034357655
7136.0,7137.0,0.007554517443225569
7136.0,7236.0,0.004548072515916076
7137.0,7138.0,0.007935354026759645
7137.0,7237.0,0.003930680780733866
7138.0,7139.0,0.010947881603762522
7138.0,7238.0,0.003630581244096978
7139.0,7140.0,0.006498902179599288
7139.0,7239.0,0.005390382370484718
7140.0,7141.0,0.006688895952247868
7140.0,7240.0,0.006456140162671019
7141.0,7142.0,0.010517401432387361
7141.0,7241.0,0.0052478585661205135
7142.0,7143.0,0.008414718916279955
7142.0,7242.0,0.0047583494333600235
7143.0,7144.0,0.007867379538321404
7143.0,7243.0,0.00503139150732396
7144.0,7145.0,0.008280973863622684
7144.0,7244.0,0.003954339145799684
7145.0,7146.0,0.008011405751801624
7145.0,7245.0,0.004620629693014756
7146.0,7147.0,0.009520210649980421
7146.0,7246.0,0.0041512819730777206
7147.0,7148.0,0.00790892802091408
7147.0,7247.0,0.0039432957852567
7148.0,7149.0,0.007649596068420729
7148.0,7248.0,0.003522815286100633
7149.0,7150.0,0.0080140944766076
7149.0,7249.0,0.002411224108205895
7150.0,7151.0,0.009928753647865428
7150.0,7250.0,0.003943818276740813
7151.0,7152.0,0.007532573430110206
7151.0,7251.0,0.00429306631791715
7152.0,7153.0,0.00924188012149042
7152.0,7252.0,0.0038858911384654898
7153.0,7154.0,0.008445915781014857
7153.0,7253.0,0.004034347183868835
7154.0,7155.0,0.0058022821966869234
7154.0,7254.0,0.0052865454277806895
7157.0,7158.0,0.007201398533618278
7157.0,7257.0,0.003517029344493344
7158.0,7159.0,0.008593798236519234
7158.0,7258.0,0.004034720695416797
7159.0,7160.0,0.008544691299865665
7159.0,7259.0,0.004317237480151163
7160.0,7161.0,0.008090973966711296
7160.0,7260.0,0.003974943065005622
7161.0,7162.0,0.008474133669585306
7161.0,7261.0,0.005085604107677112
7162.0,7163.0,0.007268046675689235
7162.0,7262.0,0.003985215208747439
7163.0,7164.0,0.0087171770459249
7163.0,7263.0,0.004477157550275512
7164.0,7165.0,0.008780730849422068
7164.0,7264.0,0.003993004608060737
7165.0,7166.0,0.006795056881291921
7165.0,7265.0,0.0028813319281226035
7166.0,7167.0,0.010161818924287093
7166.0,7266.0,0.0034935272791250796
7167.0,7168.0,0.006588226955714272
7167.0,7267.0,0.0035576177647406266
7168.0,7169.0,0.009638531384500439
7168.0,7268.0,0.0028901032542097862
7169.0,7170.0,0.008317624170398595
7169.0,7269.0,0.0032465243399645953
7170.0,7171.0,0.00754206146090042
7170.0,7270.0,0.004016983086846481
7171.0,7172.0,0.009682846013956732
7171.0,7271.0,0.004075407725611898
7172.0,7173.0,0.007030017983618478
7172.0,7272.0,0.004126511651506707
7173.0,7174.0,0.010894625846259958
7173.0,7273.0,0.0033336923508315653
7174.0,7175.0,0.005803177485654634
7174.0,7274.0,0.00872506869485822
7175.0,7176.0,0.008088607077241418
7175.0,7275.0,0.0034137229251953523
7176.0,7177.0,0.007704113645319611
7176.0,7276.0,0.004017548527399972
7177.0,7178.0,0.009484337582562103
7177.0,7277.0,0.0042191844342285775
7178.0,7179.0,0.007593058222481441
7178.0,7278.0,0.004040634951342505
7179.0,7180.0,0.00801801653340778
7179.0,7279.0,0.002854420054930859
7180.0,7181.0,0.009259000283507953
7181.0,7182.0,0.007920222207110188
7181.0,7281.0,0.004849071248183839
7182.0,7183.0,0.008195690536495841
7182.0,7282.0,0.004546914595635388
7183.0,7184.0,0.008049683129167534
7183.0,7283.0,0.0035504638246298633
7184.0,7185.0,0.008709890728361692
7184.0,7284.0,0.00416680232312515
7185.0,7186.0,0.00668980380130836
7185.0,7285.0,0.004171798120714337
7186.0,7187.0,0.008939739957068104
7186.0,7286.0,0.004625053887248859
7187.0,7188.0,0.00888166667354711
7187.0,7287.0,0.0040300871218836316
7188.0,7189.0,0.0073265260041851105
7188.0,7288.0,0.00454349122372172
7189.0,7190.0,0.00930907756386206
7189.0,7289.0,0.004786342235991499
7190.0,7191.0,0.006168143614572616
7190.0,7290.0,0.004914169645017113
7191.0,7291.0,0.006883008510817141
7193.0,7194.0,0.008251599535241495
7193.0,7293.0,0.005798796642408642
7194.0,7195.0,0.006663925817414058
7194.0,7294.0,0.0034695795970133385
7195.0,7196.0,0.009622648263861718
7195.0,7295.0,0.007153387285057214
7196.0,7296.0,0.0063291065593783
7208.0,7209.0,0.007983742827771867
7208.0,7308.0,0.004564692840705314
7209.0,7210.0,0.007725262600714611
7209.0,7309.0,0.003266576337696657
7210.0,7211.0,0.008502195594668019
7210.0,7310.0,0.0034310172019427153
7211.0,7212.0,0.01196792230255499
7211.0,7311.0,0.004607531722080978
7212.0,7213.0,0.005284400968889496
7212.0,7312.0,0.005225469412411644
7213.0,7214.0,0.008269645719134671
7213.0,7313.0,0.004869924239655544
7214.0,7215.0,0.008313571625360732
7214.0,7314.0,0.003852127682203059
7215.0,7216.0,0.008491540492160339
7215.0,7315.0,0.0038237071357527103
7216.0,7217.0,0.00782752099837484
7216.0,7316.0,0.0046049271004003235
7217.0,7218.0,0.007282749324946885
7217.0,7317.0,0.004194754153700849
7218.0,7219.0,0.009353814381844718
7218.0,7318.0,0.00581457481249203
7219.0,7220.0,0.00878396067215685
7219.0,7319.0,0.004193737665857522
7220.0,7221.0,0.008392004912415246
7220.0,7320.0,0.004409100943506157
7221.0,7222.0,0.006388473079696161
7221.0,7321.0,0.00416506945560335
7222.0,7223.0,0.010421400647705319
7222.0,7322.0,0.005329320266226746
7223.0,7224.0,0.007507325629009474
7223.0,7323.0,0.0035269072981922163
7224.0,7225.0,0.008571298130971816
7224.0,7324.0,0.004085875163287934
7225.0,7226.0,0.007903368312941035
7225.0,7325.0,0.0033603776275852276
7226.0,7227.0,0.00786547970819349
7226.0,7326.0,0.0033687904194240844
7227.0,7228.0,0.008217158497924424
7227.0,7327.0,0.0016741096170799759
7228.0,7229.0,0.009730829967685227
7228.0,7328.0,0.006523473183049628
7229.0,7230.0,0.007706056815907613
7229.0,7329.0,0.0041260383953612345
7230.0,7330.0,0.0036852365582190683
7232.0,7233.0,0.007813972930590841
7232.0,7332.0,0.0027019753440766037
7233.0,7234.0,0.007653150272273173
7233.0,7333.0,0.0038195903301245114
7234.0,7235.0,0.009169951769229473
7234.0,7334.0,0.002834166905817333
7235.0,7236.0,0.006835910113510851
7235.0,7335.0,0.004112103871495928
7236.0,7237.0,0.009064506674386647
7236.0,7336.0,0.004334371949886166
7237.0,7238.0,0.009020377579680368
7237.0,7337.0,0.004385753965966794
7238.0,7239.0,0.007711417479296648
7238.0,7338.0,0.004132775383445706
7239.0,7240.0,0.010363337385224864
7239.0,7339.0,0.002729736375545131
7240.0,7241.0,0.007010749332988039
7240.0,7340.0,0.0028831326053443494
7241.0,7242.0,0.007408226430800033
7241.0,7341.0,0.0041642908087693685
7242.0,7243.0,0.007855529301708538
7242.0,7342.0,0.004481783470897313
7243.0,7244.0,0.0100173905833804
7243.0,7343.0,0.0023636466846789226
7244.0,7245.0,0.006194970202510844
7244.0,7344.0,0.0038647582382328317
7245.0,7246.0,0.008869491625792422
7245.0,7345.0,0.004187916714789816
7246.0,7247.0,0.009521885002981182
7246.0,7346.0,0.0035121204492491636
7247.0,7248.0,0.008179882530330416
7247.0,7347.0,0.0038218699362956784
7248.0,7249.0,0.0067349013719578705
7248.0,7348.0,0.004652935610989438
7249.0,7250.0,0.009037665504985177
7249.0,7349.0,0.0053865637079705915
7250.0,7251.0,0.009182144301305765
7250.0,7350.0,0.003751555807933922
7251.0,7252.0,0.008102467787655807
7251.0,7351.0,0.0031337740011026932
7252.0,7253.0,0.007175701777526827
7252.0,7352.0,0.00348759002321076
7253.0,7254.0,0.007793535476277844
7253.0,7353.0,0.004653903906401646
7254.0,7354.0,0.004814448796072461
7256.0,7257.0,0.004636003382224817
7256.0,7356.0,0.0026279065147016833
7257.0,7258.0,0.007578936871356027
7257.0,7357.0,0.004561524355955993
7258.0,7259.0,0.008387733745178155
7258.0,7358.0,0.0035368764538764755
7259.0,7260.0,0.00850106335113427
7259.0,7359.0,0.003991608679468248
7260.0,7261.0,0.009372068104745966
7260.0,7360.0,0.003915387012796144
7261.0,7262.0,0.009336931357249936
7261.0,7361.0,0.0030841773554694044
7262.0,7263.0,0.0027055886623805698
7262.0,7362.0,0.0065746084179929346
7263.0,7264.0,0.01165502021448272
7263.0,7363.0,0.008405109311007668
7264.0,7265.0,0.008822756651410088
7264.0,7364.0,0.003563879499925296
7265.0,7266.0,0.006335102475098572
7265.0,7365.0,0.004854255152954063
7266.0,7267.0,0.009486322880863778
7266.0,7366.0,0.004869077058333195
7267.0,7268.0,0.00814967965259977
7267.0,7367.0,0.0053738627764388
7268.0,7269.0,0.009589040932230905
7268.0,7368.0,0.004722594244693308
7269.0,7270.0,0.007507036020294314
7269.0,7369.0,0.004741686511150232
7270.0,7271.0,0.00844451307358808
7270.0,7370.0,0.004105992840960233
7271.0,7272.0,0.007661291487079787
7271.0,7371.0,0.004779326116721645
7272.0,7273.0,0.007199666387410255
7272.0,7372.0,0.0039002928813060573
7273.0,7274.0,0.006503766592522087
7273.0,7373.0,0.004157303064491374
7274.0,7275.0,0.012663906617232393
7274.0,7374.0,0.004033562933684784
7275.0,7276.0,0.007641059866929275
7275.0,7375.0,0.0042368682773894556
7276.0,7277.0,0.00750028800780348
7276.0,7376.0,0.0038633599676982855
7277.0,7278.0,0.009159094455239613
7277.0,7377.0,0.0026189141203887155
7278.0,7279.0,0.00793753406858811
7278.0,7378.0,0.003442053429280864
7279.0,7379.0,0.005663778919589675
7281.0,7282.0,0.006549880194324131
7281.0,7381.0,0.003936814714972963
7282.0,7283.0,0.009005006609658849
7282.0,7382.0,0.003512960906420868
7283.0,7284.0,0.008110689246297192
7283.0,7383.0,0.004035910366943962
7284.0,7285.0,0.008632735382252859
7284.0,7384.0,0.0040891304662503845
7285.0,7286.0,0.008092183290064376
7285.0,7385.0,0.004675430068986027
7286.0,7287.0,0.007872107484657474
7286.0,7386.0,0.003964307720143629
7287.0,7288.0,0.00785030685069109
7287.0,7387.0,0.00443383522021717
7288.0,7289.0,0.008580826205558547
7288.0,7388.0,0.0028257941963241067
7289.0,7290.0,0.008750846892158302
7289.0,7389.0,0.0037324534826271567
7290.0,7291.0,0.009012705951599786
7290.0,7390.0,0.002874022007572141
7291.0,7292.0,0.00829823449656594
7292.0,7293.0,0.005083162907088701
7293.0,7294.0,0.012169572858978324
7294.0,7295.0,0.011169836781707968
7295.0,7296.0,0.00030550996710124564
7307.0,7308.0,0.009044352807138755
7307.0,7407.0,0.003472392536849158
7308.0,7309.0,0.007757715154605721
7308.0,7408.0,0.004098609824073546
7309.0,7310.0,0.009915760313763004
7309.0,7409.0,0.004025757013285924
7310.0,7311.0,0.0075854621810405535
7310.0,7410.0,0.0036844881666234343
7311.0,7312.0,0.007702097452642429
7311.0,7411.0,0.004241854468269892
7312.0,7313.0,0.0066282018677764586
7312.0,7412.0,0.004208641340147747
7313.0,7314.0,0.00973499718849469
7313.0,7413.0,0.0038642393727632506
7314.0,7315.0,0.008912817750296563
7314.0,7414.0,0.0031811869561499525
7315.0,7316.0,0.009104357849403857
7315.0,7415.0,0.004870090846177591
7316.0,7317.0,0.007391203991908141
7316.0,7416.0,0.004077838962000106
7317.0,7318.0,0.007687439681064174
7317.0,7417.0,0.0035788479626850983
7318.0,7319.0,0.007136293343886625
7318.0,7418.0,0.004025295796579673
7319.0,7320.0,0.009328481478247138
7319.0,7419.0,0.004437657152145644
7320.0,7321.0,0.008781191958384643
7320.0,7420.0,0.004361571772878534
7321.0,7322.0,0.00895741494517246
7321.0,7421.0,0.0038143623241643954
7322.0,7323.0,0.007330572343958011
7322.0,7422.0,0.003789330839342461
7323.0,7324.0,0.008552144051640443
7323.0,7423.0,0.003200134879966307
7324.0,7325.0,0.0083178869167596
7324.0,7424.0,0.00500442104144422
7325.0,7326.0,0.0070538501897899454
7325.0,7425.0,0.00446455731848047
7326.0,7327.0,0.008716586921495722
7326.0,7426.0,0.003999002936984287
7327.0,7328.0,0.008634470309171737
7327.0,7427.0,0.005424721342151554
7328.0,7329.0,0.009297001723673908
7328.0,7428.0,0.002720604890461096
7329.0,7330.0,0.007824200141867528
7329.0,7429.0,0.004126206055202965
7330.0,7331.0,0.00799263698412478
7330.0,7430.0,0.0044953838812668906
7331.0,7332.0,0.008337151207097092
7331.0,7431.0,0.003924140000049684
7332.0,7333.0,0.007652291503203365
7332.0,7432.0,0.004473468682125868
7333.0,7334.0,0.007863845220373995
7333.0,7433.0,0.004133273475109409
7334.0,7335.0,0.009513047449161333
7334.0,7434.0,0.004278003250345761
7335.0,7336.0,0.006701851452397308
7335.0,7435.0,0.003117466285309259
7336.0,7337.0,0.009439515853050934
7336.0,7436.0,0.003867958382663183
7337.0,7338.0,0.009483273327285298
7337.0,7437.0,0.003961277253614123
7338.0,7339.0,0.006576414458502486
7338.0,7438.0,0.003960623814500733
7339.0,7340.0,0.009359105971191578
7339.0,7439.0,0.003414997049780573
7340.0,7341.0,0.007609973561713674
7340.0,7440.0,0.004233382595508214
7341.0,7342.0,0.008502437366426236
7341.0,7441.0,0.0021691010534326846
7342.0,7343.0,0.007057787280727848
7342.0,7442.0,0.00313355318608063
7343.0,7344.0,0.00821814790144349
7343.0,7443.0,0.006173080762472591
7344.0,7345.0,0.011661116393382125
7344.0,7444.0,0.005651813221435856
7345.0,7346.0,0.006074289951920299
7345.0,7445.0,0.005507665222214566
7346.0,7347.0,0.008562267781960516
7346.0,7446.0,0.004583297604347122
7347.0,7348.0,0.006576467235529993
7347.0,7447.0,0.0039869568608151525
7348.0,7349.0,0.012226283182144942
7348.0,7448.0,0.006048987959153161
7349.0,7350.0,0.005941208107784113
7349.0,7449.0,0.003819940860794455
7350.0,7351.0,0.00876118599848233
7350.0,7450.0,0.003770600482680222
7351.0,7352.0,0.008396127014880213
7351.0,7451.0,0.004211395478939217
7352.0,7353.0,0.007400058417336933
7352.0,7452.0,0.003681187907453086
7353.0,7354.0,0.009756834286796095
7353.0,7453.0,0.0028704815989659066
7354.0,7454.0,0.004093544207650967
7356.0,7357.0,0.007902894878460817
7356.0,7456.0,0.0073326473698076535
7357.0,7358.0,0.0069595596699791205
7357.0,7457.0,0.003338041505130623
7358.0,7359.0,0.009071840969726064
7358.0,7458.0,0.003771396114172978
7359.0,7360.0,0.006720787743263525
7359.0,7459.0,0.0035306732757344824
7360.0,7361.0,0.009454970452624377
7360.0,7460.0,0.00354102901569409
7361.0,7362.0,0.006063705739891592
7361.0,7461.0,0.004343958868359813
7362.0,7363.0,0.011923419776641355
7362.0,7462.0,0.0026531554741473016
7363.0,7364.0,0.007075884098824556
7363.0,7463.0,0.002499971919846353
7364.0,7365.0,0.00820806421819404
7364.0,7464.0,0.004589062880369035
7365.0,7366.0,0.005970814590991748
7365.0,7465.0,0.0033823111418089663
7366.0,7367.0,0.011759359017395443
7366.0,7466.0,0.0030646300347660005
7367.0,7368.0,0.006459853405457022
7367.0,7467.0,0.0038618826755858534
7368.0,7369.0,0.009442028651195684
7368.0,7468.0,0.0040105582765956015
7369.0,7370.0,0.00712174419998352
7369.0,7469.0,0.0035725142756856732
7370.0,7371.0,0.007417202937091393
7370.0,7470.0,0.0038670244749700352
7371.0,7372.0,0.007660826990606135
7371.0,7471.0,0.003910636716705311
7372.0,7373.0,0.009486539803321363
7372.0,7472.0,0.004684049449999002
7373.0,7374.0,0.008779449622840803
7374.0,7375.0,0.009867546631762156
7374.0,7474.0,0.0034528339461948197
7375.0,7376.0,0.006828030601132722
7375.0,7475.0,0.0032992602110215306
7376.0,7377.0,0.00783001830457702
7376.0,7476.0,0.0044365265568867395
7377.0,7378.0,0.009089901018163362
7377.0,7477.0,0.004626407681995593
7378.0,7379.0,0.00579572171605939
7378.0,7478.0,0.0039319984257342
7379.0,7380.0,0.011878867249868566
7379.0,7479.0,0.004500179040881576
7380.0,7381.0,0.006739757296075595
7380.0,7480.0,0.004174563052586346
7381.0,7382.0,0.00861136651467083
7381.0,7481.0,0.002783639030119635
7382.0,7383.0,0.008078260416698589
7382.0,7482.0,0.0049031693719448
7383.0,7384.0,0.00783869756081967
7383.0,7483.0,0.004354852532520581
7384.0,7385.0,0.009196634737772262
7384.0,7484.0,0.004018919129565435
7385.0,7386.0,0.007449126848832858
7385.0,7485.0,0.003249713464294683
7386.0,7387.0,0.008353954793389852
7386.0,7486.0,0.0042686151349181885
7387.0,7388.0,0.008810924415179623
7387.0,7487.0,0.0036425282332434718
7388.0,7389.0,0.007889018679785205
7388.0,7488.0,0.0036403718779836657
7389.0,7390.0,0.007026640512364236
7389.0,7489.0,0.003360919496208767
7390.0,7490.0,0.0039550013969685644
7407.0,7408.0,0.009477130959314602
7408.0,7409.0,0.007527742059873934
7408.0,7508.0,0.004583049748804542
7409.0,7410.0,0.010947566466571476
7409.0,7509.0,0.005110721477440056
7410.0,7411.0,0.006353305837120771
7411.0,7412.0,0.009436009657159102
7411.0,7511.0,0.004978720177922171
7412.0,7413.0,0.006588285957667548
7412.0,7512.0,0.003985237649121405
7413.0,7414.0,0.008238445972390809
7413.0,7513.0,0.003686180642618134
7414.0,7415.0,0.008803485787459988
7414.0,7514.0,0.004778996510774398
7415.0,7416.0,0.00772264833590129
7415.0,7515.0,0.0036023296364952337
7416.0,7417.0,0.0089990250477482
7416.0,7516.0,0.004393720338159082
7417.0,7418.0,0.008552293761324884
7417.0,7517.0,0.003567461720884566
7418.0,7419.0,0.008992410010670008
7418.0,7518.0,0.0037981405305735063
7419.0,7420.0,0.007907586743122025
7419.0,7519.0,0.0045977046849445735
7420.0,7421.0,0.007506203414509841
7420.0,7520.0,0.003868488915586643
7421.0,7422.0,0.007662568204590458
7421.0,7521.0,0.0037891795549912
7422.0,7423.0,0.008292582623646285
7422.0,7522.0,0.0046694385968770215
7423.0,7424.0,0.008344419081638067
7423.0,7523.0,0.004188022684992716
7424.0,7425.0,0.008792888743183725
7424.0,7524.0,0.002702820410231546
7425.0,7426.0,0.008092983914477856
7425.0,7525.0,0.003825957800341045
7426.0,7427.0,0.008743733459455425
7426.0,7526.0,0.005077614922379278
7427.0,7428.0,0.008328422655581293
7427.0,7527.0,0.004276574519402463
7428.0,7429.0,0.008497888401832592
7428.0,7528.0,0.005306966253899778
7429.0,7430.0,0.006922161371276849
7429.0,7529.0,0.004155087130257072
7430.0,7431.0,0.0082799837838
7430.0,7530.0,0.003620096363360833
7431.0,7432.0,0.007927954885088618
7431.0,7531.0,0.0037955759325831065
7432.0,7433.0,0.009024046769603899
7432.0,7532.0,0.004194168799655856
7433.0,7434.0,0.007852596839262774
7433.0,7533.0,0.004035412390325777
7434.0,7435.0,0.008242311327533879
7434.0,7534.0,0.004199596592535482
7435.0,7436.0,0.008231943810546306
7435.0,7535.0,0.005469022535149911
7436.0,7437.0,0.009406764162558786
7436.0,7536.0,0.003959507444119267
7437.0,7438.0,0.006939384402092126
7437.0,7537.0,0.004354999110218097
7438.0,7439.0,0.009002275460126817
7438.0,7538.0,0.004670631317067137
7439.0,7440.0,0.007736967631443159
7439.0,7539.0,0.003215954578351819
7440.0,7441.0,0.007837362222712528
7440.0,7540.0,0.004274105122715435
7441.0,7442.0,0.009793880679281431
7441.0,7541.0,0.0035897687961744646
7442.0,7443.0,0.007646944255714243
7442.0,7542.0,0.005524281718017747
7443.0,7444.0,0.00954009600790266
7443.0,7543.0,0.0024177827218340477
7444.0,7445.0,0.008185396926845341
7444.0,7544.0,0.004199232968057633
7445.0,7446.0,0.00657053385121773
7445.0,7545.0,0.0021414870067297457
7446.0,7447.0,0.008550021305821685
7446.0,7546.0,0.0032596594377317474
7447.0,7448.0,0.010666723389119984
7447.0,7547.0,0.0034919086943987357
7448.0,7449.0,0.007576067011319351
7448.0,7548.0,0.003621057752925596
7449.0,7450.0,0.0065464569379168405
7449.0,7549.0,0.004344951295475012
7450.0,7451.0,0.007853838843521043
7450.0,7550.0,0.004366382989382006
7451.0,7452.0,0.008567568907222274
7451.0,7551.0,0.004075106801051633
7452.0,7453.0,0.00862542237806363
7452.0,7552.0,0.004646257686571044
7453.0,7454.0,0.008878666808141825
7453.0,7553.0,0.004361336777871563
7454.0,7455.0,0.004329626852281912
7454.0,7554.0,0.003482610629970371
7455.0,7456.0,0.012480855811201159
7455.0,7555.0,0.0018454243631219073
7456.0,7457.0,0.00798936306973212
7456.0,7556.0,0.0017422931010646471
7457.0,7458.0,0.006362087735955575
7457.0,7557.0,0.004021766681449886
7458.0,7459.0,0.00945259772179054
7458.0,7558.0,0.005142305992447016
7459.0,7460.0,0.008682056568578707
7459.0,7559.0,0.004380257089487664
7460.0,7461.0,0.007132687001404321
7460.0,7560.0,0.0041584654777929156
7461.0,7462.0,0.008523975365989818
7461.0,7561.0,0.003394422109876537
7462.0,7463.0,0.01011421657766967
7462.0,7562.0,0.0044221632014212215
7463.0,7464.0,0.005887352078821735
7463.0,7563.0,0.004689976278186252
7464.0,7465.0,0.008911852999797496
7464.0,7564.0,0.004727046792663088
7465.0,7466.0,0.007170193111067526
7465.0,7565.0,0.0042968332071460676
7466.0,7467.0,0.008447200568827523
7466.0,7566.0,0.004676700491802385
7467.0,7468.0,0.00976729245645898
7467.0,7567.0,0.0064079032366288246
7468.0,7469.0,0.00961468716547759
7468.0,7568.0,0.004287651676620504
7469.0,7470.0,0.0058171924439546635
7469.0,7569.0,0.004706273622518194
7470.0,7471.0,0.008607722839985022
7470.0,7570.0,0.003980700371791832
7471.0,7472.0,0.007974900075863026
7471.0,7571.0,0.0030104382438403366
7472.0,7572.0,0.004034161995999433
7474.0,7475.0,0.014710971669131977
7475.0,7476.0,0.0023754048076038135
7476.0,7477.0,0.01102821807274417
7476.0,7576.0,0.0038021014991738026
7477.0,7478.0,0.007389621339419244
7477.0,7577.0,0.002198490973369909
7478.0,7479.0,0.005143045977822854
7478.0,7578.0,0.004579151914931369
7479.0,7480.0,0.013179787880690536
7479.0,7579.0,0.00576731835518296
7480.0,7481.0,0.007533371793559644
7480.0,7580.0,0.0030655389901250436
7481.0,7482.0,0.009000582786131072
7481.0,7581.0,0.004704719234976526
7482.0,7483.0,0.006892477546572079
7482.0,7582.0,0.0038580638473205077
7483.0,7484.0,0.008178637354718908
7483.0,7583.0,0.0031837472151532904
7484.0,7485.0,0.008787912560443385
7484.0,7584.0,0.003355652581842396
7485.0,7486.0,0.007684036402828921
7485.0,7585.0,0.004726086080465127
7486.0,7487.0,0.008093851261915119
7486.0,7586.0,0.0020742414758172056
7487.0,7488.0,0.009604422758812589
7487.0,7587.0,0.003328078137603051
7488.0,7489.0,0.007585866278810739
7488.0,7588.0,0.004525580351733633
7489.0,7490.0,0.007101840078458503
7489.0,7589.0,0.00465930682934878
7490.0,7590.0,0.005034907432112907
7492.0,7592.0,0.006665691265729927
7502.0,7503.0,0.0043519897656129425
7502.0,7602.0,0.004183154437741319
7503.0,7603.0,0.004571308745864181
7508.0,7509.0,0.003207327314135763
7509.0,7609.0,0.0024472641561590165
7511.0,7512.0,0.0060979584665697304
7511.0,7611.0,0.003894890121680689
7512.0,7513.0,0.009285516556982738
7512.0,7612.0,0.00420901250295141
7513.0,7514.0,0.0061055768687321025
7513.0,7613.0,0.004874795877778697
7514.0,7515.0,0.010326212492971481
7514.0,7614.0,0.003572539279002872
7515.0,7516.0,0.007903001457674159
7515.0,7615.0,0.0040581989662939865
7516.0,7517.0,0.008493351143688693
7516.0,7616.0,0.0038664580199495135
7517.0,7518.0,0.008287920657197202
7517.0,7617.0,0.004517893434999362
7518.0,7519.0,0.0071958045248603055
7518.0,7618.0,0.005471804942614015
7519.0,7520.0,0.009001271102461038
7519.0,7619.0,0.0045759809101476034
7520.0,7521.0,0.008300884705258851
7520.0,7620.0,0.0040880664573824665
7521.0,7522.0,0.009772202405803985
7521.0,7621.0,0.004273391881168427
7522.0,7523.0,0.006663265659569659
7522.0,7622.0,0.0025182068640234954
7523.0,7524.0,0.008359197818571223
7523.0,7623.0,0.0032205628390084115
7524.0,7525.0,0.0089488560302421
7524.0,7624.0,0.004946734859486253
7525.0,7526.0,0.00716815623783411
7525.0,7625.0,0.0035745229639773707
7526.0,7527.0,0.008415132634129503
7526.0,7626.0,0.00390705123079188
7527.0,7528.0,0.006979824156094358
7527.0,7627.0,0.0048147124908961905
7528.0,7529.0,0.010553918961693753
7528.0,7628.0,0.004668512782462193
7529.0,7530.0,0.007930400179688367
7529.0,7629.0,0.004244064180710479
7530.0,7531.0,0.007748704813063608
7530.0,7630.0,0.0034219026286581174
7531.0,7532.0,0.008416277383736723
7531.0,7631.0,0.004549170391398263
7532.0,7533.0,0.008412366850060603
7532.0,7632.0,0.003967937278992032
7533.0,7534.0,0.008591457111573109
7533.0,7633.0,0.004105373377658244
7534.0,7535.0,0.007473064030904441
7534.0,7634.0,0.004555675339613825
7535.0,7536.0,0.00836432535294974
7535.0,7635.0,0.0034511723761617777
7536.0,7537.0,0.008322493573442835
7536.0,7636.0,0.00472180018424801
7537.0,7538.0,0.008303633345108584
7537.0,7637.0,0.0035761699540120618
7538.0,7539.0,0.008860791211285093
7538.0,7638.0,0.004453063610595338
7539.0,7540.0,0.007596785305640372
7539.0,7639.0,0.005952405557418096
7540.0,7541.0,0.007700940402314584
7540.0,7640.0,0.003075789877411472
7541.0,7542.0,0.009026627988900703
7541.0,7641.0,0.004534567314531243
7542.0,7543.0,0.009272389415895322
7542.0,7642.0,0.0030879061417078903
7543.0,7544.0,0.008283792612686766
7543.0,7643.0,0.005700946870476467
7544.0,7545.0,0.008172033666719796
7544.0,7644.0,0.004360865329264623
7545.0,7546.0,0.0075678471919036665
7545.0,7645.0,0.005400673196003402
7546.0,7547.0,0.007977685770322153
7547.0,7548.0,0.008839338532944638
7547.0,7647.0,0.003243585036655206
7548.0,7549.0,0.007628695986208946
7548.0,7648.0,0.004549097353319109
7549.0,7550.0,0.00873232934846109
7549.0,7649.0,0.004331500529839254
7550.0,7551.0,0.008539200438565531
7550.0,7650.0,0.0035422421218813606
7551.0,7552.0,0.00820446754701367
7551.0,7651.0,0.0031755268366073465
7552.0,7553.0,0.008669371055618687
7552.0,7652.0,0.003883647673257128
7553.0,7554.0,0.00629104573342171
7553.0,7653.0,0.003898916019865874
7554.0,7555.0,0.007426860580352167
7554.0,7654.0,0.005002424237308645
7555.0,7556.0,0.01089432204086164
7555.0,7655.0,0.0043814472152469905
7556.0,7557.0,0.008242237704045917
7556.0,7656.0,0.004491497409547885
7557.0,7558.0,0.00807300659977417
7557.0,7657.0,0.004219000095993395
7558.0,7559.0,0.008404960588842542
7558.0,7658.0,0.0036376577917699624
7559.0,7560.0,0.008721908694775621
7559.0,7659.0,0.00421807323312716
7560.0,7561.0,0.00741441762851254
7560.0,7660.0,0.004564619179082874
7561.0,7562.0,0.006201218335133349
7561.0,7661.0,0.004714599132476936
7562.0,7563.0,0.011072262387154719
7562.0,7662.0,0.004504635897608081
7563.0,7564.0,0.00794328625507082
7563.0,7663.0,0.0034997933210451824
7564.0,7565.0,0.007828430684370797
7564.0,7664.0,0.003667163875532004
7565.0,7566.0,0.009643555357335878
7565.0,7665.0,0.004251366728477056
7566.0,7567.0,0.009374149203527072
7566.0,7666.0,0.005531744550317951
7567.0,7568.0,0.006959919105851293
7567.0,7667.0,0.0034627805763579726
7568.0,7569.0,0.00816434643312002
7568.0,7668.0,0.0037175031149915883
7569.0,7570.0,0.008836092116428001
7569.0,7669.0,0.003866022924145294
7570.0,7571.0,0.0070445486058369755
7570.0,7670.0,0.00526682167250827
7571.0,7572.0,0.006511911096598039
7571.0,7671.0,0.004886675638920323
7572.0,7672.0,0.0041483639727026254
7576.0,7577.0,0.011664092225715898
7577.0,7578.0,0.008352832805702284
7578.0,7579.0,0.004785476663823183
7579.0,7580.0,0.014763736219874049
7579.0,7679.0,0.004945939144390797
7580.0,7581.0,0.007083913009064899
7580.0,7680.0,0.006276505556438053
7581.0,7582.0,0.006971236315030468
7581.0,7681.0,0.0036856108869541874
7582.0,7583.0,0.008090051157440194
7582.0,7682.0,0.0037367202370493743
7583.0,7584.0,0.007845357925550609
7583.0,7683.0,0.004231715363770409
7584.0,7585.0,0.00916340440338589
7584.0,7684.0,0.004666126591720268
7585.0,7586.0,0.009273906129564973
7585.0,7685.0,0.003308620476873764
7586.0,7587.0,0.007274506093198889
7586.0,7686.0,0.005654287510373612
7587.0,7588.0,0.008531860314140214
7587.0,7687.0,0.0043132463064428335
7588.0,7589.0,0.007764616395547134
7588.0,7688.0,0.004077034791362428
7589.0,7590.0,0.008101422030730077
7589.0,7689.0,0.0037399146099909544
7590.0,7591.0,0.00945209065815621
7590.0,7690.0,0.0035962899952637776
7591.0,7592.0,0.007772366669811705
7591.0,7691.0,0.002902774707067721
7592.0,7593.0,0.006359239734433696
7592.0,7692.0,0.002606549913199069
7602.0,7603.0,0.0029718044080993527
7602.0,7702.0,0.0023964905278328523
7603.0,7703.0,0.0028133828836414713
7609.0,7610.0,0.013084074094103875
7610.0,7611.0,0.005075503714903706
7610.0,7710.0,0.0019513199635075068
7611.0,7612.0,0.008677043672242108
7611.0,7711.0,0.004150458357819334
7612.0,7613.0,0.008464676178685404
7612.0,7712.0,0.005300807992184232
7613.0,7614.0,0.007234749773835041
7613.0,7713.0,0.0027265446557818325
7614.0,7615.0,0.009060083007346195
7614.0,7714.0,0.0049311032690445055
7615.0,7616.0,0.008731522708554365
7615.0,7715.0,0.004471207059621643
7616.0,7617.0,0.00772969911186715
7616.0,7716.0,0.004103123474866537
7617.0,7618.0,0.01103762279206874
7617.0,7717.0,0.003083764258171334
7618.0,7619.0,0.00576698250387473
7618.0,7718.0,0.003781911212605088
7619.0,7620.0,0.008264196208343686
7619.0,7719.0,0.003371419115148753
7620.0,7621.0,0.007468726587578424
7620.0,7720.0,0.0034731630957997956
7621.0,7622.0,0.00891377570505305
7621.0,7721.0,0.003922839670442445
7622.0,7623.0,0.007902019226754316
7622.0,7722.0,0.005545078517021149
7623.0,7624.0,0.011169873819341088
7623.0,7723.0,0.004406630877438554
7624.0,7625.0,0.005571685482868016
7624.0,7724.0,0.004409415277561739
7625.0,7626.0,0.008691825583271239
7625.0,7725.0,0.004253031718674445
7626.0,7627.0,0.00912856146936634
7626.0,7726.0,0.0034079719042245807
7627.0,7628.0,0.008019562167599928
7627.0,7727.0,0.0021102753493286316
7628.0,7629.0,0.006779512273017872
7628.0,7728.0,0.0031128188398891134
7629.0,7630.0,0.008751430645328778
7629.0,7729.0,0.0031459419733964795
7630.0,7631.0,0.00844748662325059
7630.0,7730.0,0.004436520962419621
7631.0,7632.0,0.009575726932196793
7631.0,7731.0,0.0035962888107062023
7632.0,7633.0,0.006548543448737257
7632.0,7732.0,0.004444074217425372
7633.0,7634.0,0.009033314065723549
7633.0,7733.0,0.003485600500630971
7634.0,7635.0,0.007081090927251298
7634.0,7734.0,0.003186182544987972
7635.0,7636.0,0.010318564793613528
7635.0,7735.0,0.004231289554025686
7636.0,7637.0,0.008339415125774952
7636.0,7736.0,0.003202612229102074
7637.0,7638.0,0.007069982812567973
7637.0,7737.0,0.004253737736394747
7638.0,7639.0,0.008379009562591477
7638.0,7738.0,0.0021572184428134784
7639.0,7640.0,0.008440509530236326
7639.0,7739.0,0.0034032883289555407
7640.0,7641.0,0.008209775291687593
7640.0,7740.0,0.004591581182990367
7641.0,7642.0,0.006862817825062823
7641.0,7741.0,0.003082683825824118
7642.0,7643.0,0.00939066771853821
7643.0,7644.0,0.00862035566145613
7643.0,7743.0,0.0029875152501705887
7644.0,7645.0,0.007473070888195979
7644.0,7744.0,0.0035361445290016296
7645.0,7745.0,0.0029095302318403234
7647.0,7648.0,0.011110953036530433
7647.0,7747.0,0.00584743729850506
7648.0,7649.0,0.007976735248207655
7648.0,7748.0,0.0037759761254561345
7649.0,7650.0,0.006933362677662342
7649.0,7749.0,0.0037706414865348024
7650.0,7651.0,0.008742735858414096
7650.0,7750.0,0.004429227721623062
7651.0,7652.0,0.009672125572488973
7651.0,7751.0,0.005735100704435675
7652.0,7653.0,0.007406665098409699
7652.0,7752.0,0.0038741378821617674
7653.0,7654.0,0.00915730593133156
7653.0,7753.0,0.0038071164573752207
7654.0,7655.0,0.0039000052166624907
7654.0,7754.0,0.004145566071117251
7655.0,7656.0,0.01294109289395597
7656.0,7657.0,0.007743359747551388
7656.0,7756.0,0.00352517326950058
7657.0,7658.0,0.007493703053897957
7657.0,7757.0,0.0035669499253571414
7658.0,7659.0,0.008707773752802784
7658.0,7758.0,0.003820233088438282
7659.0,7660.0,0.008878047562949864
7659.0,7759.0,0.004113211058279824
7660.0,7661.0,0.006914610145192669
7660.0,7760.0,0.0030624682398348035
7661.0,7662.0,0.008693913996008927
7661.0,7761.0,0.003948915568861227
7662.0,7663.0,0.009776341170908616
7662.0,7762.0,0.004469064906666314
7663.0,7664.0,0.006557744204374055
7663.0,7763.0,0.004552785781254165
7664.0,7665.0,0.010239550334365263
7664.0,7764.0,0.003626973562076671
7665.0,7666.0,0.005840199902400299
7665.0,7765.0,0.0045748052690774855
7666.0,7667.0,0.008793457445169248
7666.0,7766.0,0.00401085082495302
7667.0,7668.0,0.00826206761349722
7667.0,7767.0,0.0030998720102647817
7668.0,7669.0,0.009040837113896357
7668.0,7768.0,0.004670404301556293
7669.0,7670.0,0.007164538400343671
7669.0,7769.0,0.003503397215554793
7670.0,7671.0,0.009789649552971753
7670.0,7770.0,0.003751753132869975
7671.0,7672.0,0.005644479958330893
7671.0,7771.0,0.0035030611441979826
7672.0,7772.0,0.0033541520120615345
7679.0,7680.0,0.010310312694094272
7679.0,7779.0,0.0026396704813289725
7680.0,7681.0,0.006156808274584645
7680.0,7780.0,0.0050892439242042915
7681.0,7682.0,0.008323241868406795
7681.0,7781.0,0.004171878168161544
7682.0,7683.0,0.009392142479754019
7682.0,7782.0,0.004056101793593879
7683.0,7684.0,0.005909268090889083
7683.0,7783.0,0.004764233724327966
7684.0,7685.0,0.009059323538211875
7684.0,7784.0,0.0033847845574005576
7685.0,7686.0,0.010188745762359572
7686.0,7687.0,0.006623811420171844
7686.0,7786.0,0.0035279299454476437
7687.0,7688.0,0.00881206512969586
7687.0,7787.0,0.003929489708599985
7688.0,7689.0,0.007199144558209897
7688.0,7788.0,0.0033284329180607725
7689.0,7690.0,0.008554107516275444
7689.0,7789.0,0.0035149465003019697
7690.0,7691.0,0.00630210429142689
7690.0,7790.0,0.004235961616914514
7691.0,7692.0,0.008177513955964943
7691.0,7791.0,0.0073884495870290105
7692.0,7792.0,0.004345581347758323
7702.0,7703.0,0.0032260679224094544
7702.0,7802.0,0.006483056840720167
7703.0,7803.0,0.004815101895079826
7710.0,7711.0,0.005497119611214287
7710.0,7810.0,0.006642745589742452
7711.0,7712.0,0.009805585171727416
7711.0,7811.0,0.005190585755966016
7712.0,7713.0,0.006484473186004386
7712.0,7812.0,0.0029250127110849317
7713.0,7714.0,0.009294926620474252
7713.0,7813.0,0.005098203716018391
7714.0,7715.0,0.007549036775642713
7714.0,7814.0,0.0033472138219723603
7715.0,7716.0,0.007192780036258774
7715.0,7815.0,0.0034763994146194714
7716.0,7717.0,0.008792054088209805
7716.0,7816.0,0.005054750330135722
7717.0,7718.0,0.009435685719650276
7718.0,7719.0,0.0073351230698606345
7718.0,7818.0,0.003950356931971115
7719.0,7720.0,0.009725747500834952
7719.0,7819.0,0.0037336038421324695
7720.0,7721.0,0.007137613442180644
7720.0,7820.0,0.004867710829538365
7721.0,7722.0,0.007741147579009225
7721.0,7821.0,0.004105263140164186
7722.0,7723.0,0.008223068233329895
7722.0,7822.0,0.004389502984395562
7723.0,7724.0,0.009380036897581994
7723.0,7823.0,0.0031552875368147603
7724.0,7725.0,0.007269749259087261
7724.0,7824.0,0.003825444059189321
7725.0,7726.0,0.00792072327063635
7725.0,7825.0,0.004214715235932076
7726.0,7727.0,0.008895198179355253
7726.0,7826.0,0.004410072254509095
7727.0,7728.0,0.00861782700801082
7727.0,7827.0,0.005538100812555526
7728.0,7729.0,0.007744618803401469
7728.0,7828.0,0.0046516785207083786
7729.0,7730.0,0.00755544665853733
7729.0,7829.0,0.004673347970144218
7730.0,7731.0,0.008481572208617855
7730.0,7830.0,0.003964507163568492
7731.0,7732.0,0.009605563343188092
7731.0,7831.0,0.004195472708763343
7732.0,7733.0,0.006674497831297814
7732.0,7832.0,0.0033337767606759516
7733.0,7734.0,0.009451483566615205
7733.0,7833.0,0.004575003057921557
7734.0,7735.0,0.007800853452027087
7734.0,7834.0,0.00311798345249466
7735.0,7736.0,0.00931437314262217
7736.0,7737.0,0.007274734276934086
7736.0,7836.0,0.004332778141100946
7737.0,7738.0,0.008846589196407764
7737.0,7837.0,0.00426108056835325
7738.0,7739.0,0.006984554927122976
7738.0,7838.0,0.005377378374261092
7739.0,7740.0,0.008799674950815102
7739.0,7839.0,0.004685380091304212
7740.0,7741.0,0.010737775932193553
7740.0,7840.0,0.003773864994941448
7741.0,7841.0,0.006495762090779507
7743.0,7744.0,0.008333658030541
7743.0,7843.0,0.004263558472683198
7744.0,7745.0,0.008910205126706969
7744.0,7844.0,0.00331355893413965
7745.0,7746.0,0.007347781314791754
7745.0,7845.0,0.004543738822818721
7746.0,7747.0,0.008129503958422362
7746.0,7846.0,0.002788390704330798
7747.0,7748.0,0.008922651500534977
7747.0,7847.0,0.003995297067801769
7748.0,7749.0,0.008541601565280376
7748.0,7848.0,0.0037712333924055947
7749.0,7750.0,0.007671827490891611
7749.0,7849.0,0.004513448980544879
7750.0,7751.0,0.008717874342407273
7750.0,7850.0,0.0038220510331495837
7751.0,7752.0,0.007846112039093384
7751.0,7851.0,0.0028524497331232253
7752.0,7753.0,0.008677410192563217
7752.0,7852.0,0.003850117438469757
7753.0,7754.0,0.007524453950287617
7753.0,7853.0,0.004268998216208722
7754.0,7854.0,0.004105230273690517
7756.0,7757.0,0.007958725275444532
7756.0,7856.0,0.004633094596487973
7757.0,7758.0,0.00711918045845167
7757.0,7857.0,0.004373991208270852
7758.0,7759.0,0.00836209515910925
7758.0,7858.0,0.003657392635469516
7759.0,7760.0,0.008171370055259256
7759.0,7859.0,0.0029075184487838243
7760.0,7761.0,0.008548937929941292
7760.0,7860.0,0.004346136156399361
7761.0,7762.0,0.008864070416011071
7761.0,7861.0,0.003425171753359974
7762.0,7763.0,0.00589225278819545
7762.0,7862.0,0.004540491221225039
7763.0,7764.0,0.00995695225759369
7763.0,7863.0,0.004336310664605874
7764.0,7765.0,0.00905620286875236
7764.0,7864.0,0.0041109791400601794
7765.0,7766.0,0.008982453008504856
7765.0,7865.0,0.003317910176598913
7766.0,7767.0,0.007048547273020421
7766.0,7866.0,0.003950851706911386
7767.0,7768.0,0.010140997657527824
7767.0,7867.0,0.005524004621647244
7768.0,7769.0,0.006291128223935698
7768.0,7868.0,0.004565959637363076
7769.0,7770.0,0.00952875391906002
7770.0,7771.0,0.008261438161724605
7771.0,7772.0,0.004215817560094255
7771.0,7871.0,0.004597662312527347
7772.0,7773.0,0.013753033197080525
7772.0,7872.0,0.004694429734271266
7773.0,7774.0,0.008597759546533084
7773.0,7873.0,0.00593451502399543
7779.0,7780.0,0.006124814446168984
7779.0,7879.0,0.005620669281319304
7780.0,7781.0,0.008462167195228647
7780.0,7880.0,0.003368543217771284
7781.0,7782.0,0.008843746894275091
7781.0,7881.0,0.004619584938066001
7782.0,7783.0,0.0084305057131825
7782.0,7882.0,0.004265703553931368
7783.0,7784.0,0.008615106398066102
7783.0,7883.0,0.0033869209202425686
7784.0,7884.0,0.004529279046384855
7786.0,7787.0,0.00804886914789913
7786.0,7886.0,0.0041960401928476335
7787.0,7788.0,0.008592722570291639
7787.0,7887.0,0.00391357969127789
7788.0,7789.0,0.007367566758435162
7788.0,7888.0,0.004641521106271278
7789.0,7790.0,0.008814631774498425
7789.0,7889.0,0.004082124704120535
7790.0,7791.0,0.006106440608079824
7790.0,7890.0,0.0037996384788562673
7791.0,7792.0,0.008189448497304712
7791.0,7891.0,0.0034343641391071027
7792.0,7892.0,0.007066912491322577
7801.0,7802.0,0.009164007671864996
7801.0,7901.0,0.004448154800591151
7802.0,7803.0,0.004785200787846815
7802.0,7902.0,0.003312012374673092
7803.0,7804.0,0.008422349076712594
7803.0,7903.0,0.004678253230642223
7804.0,7904.0,0.0026057892854219806
7808.0,7809.0,0.004641955963815414
7808.0,7908.0,0.004024490731756923
7809.0,7810.0,0.011117567423227127
7809.0,7909.0,0.002753854208195523
7810.0,7811.0,0.010555829397067784
7810.0,7910.0,0.004439418683789577
7811.0,7812.0,0.006192660182021857
7811.0,7911.0,0.0038652621256530387
7812.0,7813.0,0.007722361740425962
7812.0,7912.0,0.004938215038855775
7813.0,7814.0,0.008766176920414183
7813.0,7913.0,0.003369086537923992
7814.0,7815.0,0.007323241092576462
7814.0,7914.0,0.004166391724261162
7815.0,7816.0,0.007241869465822089
7815.0,7915.0,0.003213353867848313
7816.0,7916.0,0.0032360402253339025
7818.0,7819.0,0.009703474514317125
7818.0,7918.0,0.0035971043576735625
7819.0,7820.0,0.007231255586688195
7819.0,7919.0,0.004744537376816763
7820.0,7821.0,0.007614432362297227
7820.0,7920.0,0.003948995017722542
7821.0,7822.0,0.008270263416602853
7821.0,7921.0,0.003361374101463012
7822.0,7823.0,0.008839779748387684
7822.0,7922.0,0.0036859986611502923
7823.0,7824.0,0.008276268321532542
7823.0,7923.0,0.004164264301173851
7824.0,7825.0,0.008630142716085422
7824.0,7924.0,0.004263272176393943
7825.0,7826.0,0.009948286128776426
7825.0,7925.0,0.003270943503027452
7826.0,7827.0,0.006257319573907152
7826.0,7926.0,0.004355991259179213
7827.0,7828.0,0.007023782881752529
7827.0,7927.0,0.0024263841513674322
7828.0,7829.0,0.010318959231434223
7828.0,7928.0,0.004587189877258017
7829.0,7830.0,0.008294172335441689
7829.0,7929.0,0.003714541270465468
7830.0,7831.0,0.0075592711983365184
7830.0,7930.0,0.003878025560774572
7831.0,7832.0,0.008417472362888789
7831.0,7931.0,0.00374595881584698
7832.0,7833.0,0.008152630901126227
7832.0,7932.0,0.004229562039968842
7833.0,7834.0,0.0065255795528050605
7833.0,7933.0,0.004052304295087299
7836.0,7837.0,0.009237902180148878
7836.0,7936.0,0.004178849090358385
7837.0,7838.0,0.008135113619366327
7837.0,7937.0,0.00410388886910882
7838.0,7839.0,0.007577213348586666
7838.0,7938.0,0.0038007713164544656
7839.0,7840.0,0.0071658536658234006
7839.0,7939.0,0.0026092123140884836
7840.0,7841.0,0.009697317724504618
7840.0,7940.0,0.004455887404320513
7841.0,7842.0,0.010558307398915338
7841.0,7941.0,0.004689463075878568
7842.0,7843.0,0.006663681327914096
7842.0,7942.0,0.005511615343073034
7843.0,7844.0,0.008502906183770002
7843.0,7943.0,0.004251907723600126
7844.0,7845.0,0.008764413865170894
7844.0,7944.0,0.003992445091669591
7845.0,7846.0,0.007347463645367738
7845.0,7945.0,0.004485785689265131
7846.0,7847.0,0.008069029084716184
7846.0,7946.0,0.004420006249990872
7847.0,7848.0,0.00812459863131694
7847.0,7947.0,0.0038107965046752
7848.0,7849.0,0.007708959588686267
7848.0,7948.0,0.004373751764787939
7849.0,7850.0,0.008890707837399547
7849.0,7949.0,0.004165021529358337
7850.0,7851.0,0.008034894688171004
7850.0,7950.0,0.003283557448865223
7851.0,7852.0,0.006828287589139767
7851.0,7951.0,0.004660562386666588
7852.0,7853.0,0.010396652409790307
7852.0,7952.0,0.004629534072670773
7853.0,7854.0,0.007570575017790951
7853.0,7953.0,0.00343081402877128
7854.0,7855.0,0.00843191675124931
7854.0,7954.0,0.003766460812216825
7855.0,7856.0,0.011646699613624424
7855.0,7955.0,0.003073085324228666
7856.0,7857.0,0.004571312216421517
7856.0,7956.0,0.0074111399966557655
7857.0,7858.0,0.007988702748256781
7858.0,7859.0,0.008311782464068588
7858.0,7958.0,0.005694401296891209
7859.0,7860.0,0.009062107813307007
7859.0,7959.0,0.006057688612830078
7860.0,7861.0,0.008293425408116973
7860.0,7960.0,0.004500868486191135
7861.0,7862.0,0.00627165318317328
7861.0,7961.0,0.004038978070005126
7862.0,7863.0,0.009934433242516147
7862.0,7962.0,0.003761806088832603
7863.0,7864.0,0.008845833767938597
7863.0,7963.0,0.004479032128707426
7864.0,7865.0,0.009106426667469598
7864.0,7964.0,0.0037194944347258277
7865.0,7866.0,0.007257213108349732
7865.0,7965.0,0.0040347021513386415
7866.0,7867.0,0.0062087532089785645
7866.0,7966.0,0.003847481134451232
7867.0,7868.0,0.010337078151973158
7867.0,7967.0,0.004867172947411151
7868.0,7968.0,0.0034180600536004207
7871.0,7872.0,0.00847956174162318
7871.0,7971.0,0.0034858359183948147
7872.0,7873.0,0.00817344904676123
7872.0,7972.0,0.004150167853230046
7873.0,7973.0,0.0020166334446290297
7875.0,7975.0,0.004414697316919646
7878.0,7879.0,0.011442563700500221
7878.0,7978.0,0.003259352662720099
7879.0,7880.0,0.004526415546544417
7880.0,7881.0,0.007567443346996202
7880.0,7980.0,0.003691840425855495
7881.0,7882.0,0.008597902824526488
7881.0,7981.0,0.0036878320365733106
7882.0,7883.0,0.00887220015610573
7882.0,7982.0,0.0037834666709235226
7883.0,7884.0,0.009127863998220066
7883.0,7983.0,0.004102805909373909
7884.0,7984.0,0.0043011819410459125
7886.0,7887.0,0.00729710192473697
7886.0,7986.0,0.0031110722781718895
7887.0,7888.0,0.008355796470115822
7887.0,7987.0,0.003641471537718368
7888.0,7889.0,0.008043508509350891
7888.0,7988.0,0.004133412809053097
7889.0,7890.0,0.00903129125706841
7889.0,7989.0,0.004096635176578282
7890.0,7891.0,0.008959613588208145
7890.0,7990.0,0.0038878220702608284
7891.0,7892.0,0.007116224443482378
7891.0,7991.0,0.004520098986752815
7892.0,7992.0,0.0021916319421857026
7901.0,7902.0,0.007113114798034355
7901.0,8001.0,0.0031305001597194773
7902.0,7903.0,0.007223438394559914
7902.0,8002.0,0.004115368991960991
7903.0,7904.0,0.008233265014561031
7903.0,8003.0,0.00357751764496165
7907.0,7908.0,0.005586464077571668
7907.0,8007.0,0.0029657433098657696
7908.0,7909.0,0.007064753585228837
7908.0,8008.0,0.005427759398687044
7909.0,7910.0,0.009894872022416241
7909.0,8009.0,0.006446749770234394
7910.0,7911.0,0.01017393422084076
7910.0,8010.0,0.0035186871244835935
7911.0,7912.0,0.009019220811134187
7911.0,8011.0,0.0038865782701503265
7912.0,7913.0,0.007636148945639904
7912.0,8012.0,0.0024668132154641318
7913.0,7914.0,0.008825236587196974
7913.0,8013.0,0.004422400064444698
7914.0,7915.0,0.007192432240904164
7914.0,8014.0,0.005316376146399474
7915.0,7916.0,0.008114792765067902
7915.0,8015.0,0.004173929237542121
7916.0,8016.0,0.003409048378950954
7918.0,7919.0,0.009124808892793355
7918.0,8018.0,0.0043755710038841395
7919.0,7920.0,0.008633651508486988
7919.0,8019.0,0.0037609444159722597
7920.0,7921.0,0.008113886984670641
7920.0,8020.0,0.00438390380938607
7921.0,7922.0,0.008613745601072833
7921.0,8021.0,0.005402833458474832
7922.0,7923.0,0.006525015685804798
7922.0,8022.0,0.004404837609945953
7923.0,7924.0,0.009326055644805122
7923.0,8023.0,0.005573675473151631
7924.0,7925.0,0.008439397562030156
7924.0,8024.0,0.00470508687485675
7925.0,7926.0,0.00899189714632015
7925.0,8025.0,0.0037413332449791757
7926.0,7927.0,0.007226735222076792
7926.0,8026.0,0.003967198210319114
7927.0,7928.0,0.008514147476406695
7927.0,8027.0,0.006095047768475042
7928.0,7929.0,0.007976209638669197
7928.0,8028.0,0.0038989637725905498
7929.0,7930.0,0.008000663743090376
7929.0,8029.0,0.004072821715956449
7930.0,7931.0,0.009171402473449783
7930.0,8030.0,0.004619592030688424
7931.0,7932.0,0.007758422139842554
7931.0,8031.0,0.004001144757436782
7932.0,7933.0,0.008473350082464448
7932.0,8032.0,0.003918031884763047
7933.0,8033.0,0.004134206622802454
7935.0,7936.0,0.009326552291709945
7935.0,8035.0,0.004518751001108743
7936.0,7937.0,0.007701258432230411
7936.0,8036.0,0.0040744353473832606
7937.0,7938.0,0.007625555340432477
7937.0,8037.0,0.003395818611176345
7938.0,7939.0,0.007778642692012409
7938.0,8038.0,0.003276302185395419
7939.0,7940.0,0.01009355493074665
7939.0,8039.0,0.005371447865337324
7940.0,7941.0,0.009155941496646378
7940.0,8040.0,0.004498265773608204
7941.0,7942.0,0.007079513172528225
7941.0,8041.0,0.0031638765415183
7942.0,7943.0,0.008903273701285536
7942.0,8042.0,0.0031167273043979163
7943.0,7944.0,0.007527880740952072
7943.0,8043.0,0.0037581359594892594
7944.0,7945.0,0.008488920609830518
7944.0,8044.0,0.004705859878916022
7945.0,7946.0,0.007589200723396333
7945.0,8045.0,0.003849760699056597
7946.0,7947.0,0.009484558905926867
7946.0,8046.0,0.0040258240212476615
7947.0,7948.0,0.007828222910724906
7947.0,8047.0,0.004386656706422572
7948.0,7949.0,0.005568028852295976
7948.0,8048.0,0.0036660975873523765
7949.0,7950.0,0.009726937006581228
7949.0,8049.0,0.003739372975512872
7950.0,7951.0,0.008822923327900255
7950.0,8050.0,0.004822300161746858
7951.0,7952.0,0.007106304745083765
7951.0,8051.0,0.0036442205202176863
7952.0,7953.0,0.009512694112605607
7952.0,8052.0,0.004360593589179935
7953.0,7954.0,0.008865170521202413
7953.0,8053.0,0.00455430099685558
7954.0,7955.0,0.008721831830527278
7954.0,8054.0,0.0037920909601471065
7955.0,7956.0,0.006160365207519382
7955.0,8055.0,0.004439397537958728
7956.0,8056.0,0.0030793438262026124
7958.0,7959.0,0.00913432892608973
7958.0,8058.0,0.0029088023394534127
7959.0,7960.0,0.0039141736113786595
7959.0,8059.0,0.005323588891903985
7960.0,7961.0,0.010526069428803903
7960.0,8060.0,0.004185001559142836
7961.0,7962.0,0.00866586616386381
7961.0,8061.0,0.0038258206975793473
7962.0,7963.0,0.004709151444793468
7962.0,8062.0,0.004422929668219224
7963.0,7964.0,0.011862897801549168
7963.0,8063.0,0.005388393452601609
7964.0,7965.0,0.007935003201637708
7964.0,8064.0,0.004595980863756542
7965.0,7966.0,0.008503700931359224
7965.0,8065.0,0.004445833871165286
7966.0,7967.0,0.007114131618827689
7966.0,8066.0,0.004296351608053524
7967.0,7968.0,0.008543351998483838
7967.0,8067.0,0.003860006036264049
7968.0,7969.0,0.006762760312919363
7968.0,8068.0,0.0038469874148474984
7969.0,7970.0,0.012646136548764734
7969.0,8069.0,0.002443383598617933
7970.0,7971.0,0.005091254997542344
7971.0,7972.0,0.00916441875352708
7972.0,7973.0,0.007418444713010904
7973.0,7974.0,0.008560042318820323
7973.0,8073.0,0.00444849035629032
7974.0,7975.0,0.006539452125369667
7974.0,8074.0,0.004012716522508527
7975.0,7976.0,0.01089189211569772
7975.0,8075.0,0.00374965171849551
7976.0,7977.0,0.009980030272499212
7976.0,8076.0,0.003825556947684626
7977.0,7978.0,0.004491489982179147
7977.0,8077.0,0.0033872542346259546
7978.0,8078.0,0.004110632536486839
7980.0,7981.0,0.007009187631244911
7980.0,8080.0,0.004855223170981344
7981.0,7982.0,0.008636253504848002
7981.0,8081.0,0.003694483815096148
7982.0,7983.0,0.008859394372641986
7982.0,8082.0,0.0036444230188095055
7983.0,7984.0,0.0061180213607010285
7983.0,8083.0,0.0049139002228398496
7986.0,7987.0,0.005384165430222637
7986.0,8086.0,0.006250307757226363
7987.0,7988.0,0.007693156269048586
7987.0,8087.0,0.0047123363143999585
7988.0,7989.0,0.009043300345559693
7988.0,8088.0,0.003733930723781217
7989.0,7990.0,0.00830567268859075
7989.0,8089.0,0.005026329500744077
7990.0,7991.0,0.008192721680247608
7990.0,8090.0,0.004359190320461688
7991.0,7992.0,0.006748795285826859
7991.0,8091.0,0.00407536805699905
7992.0,7993.0,0.006187372678285881
7993.0,8093.0,0.004577627587514913
8001.0,8002.0,0.006247289596298107
8001.0,8101.0,0.004767386811445198
8002.0,8003.0,0.01017120130958051
8003.0,8103.0,0.005487479445060549
8007.0,8008.0,0.00652478102314672
8008.0,8009.0,0.009953182709565809
8008.0,8108.0,0.0036922810971000493
8009.0,8010.0,0.006666255088128971
8009.0,8109.0,0.004115760387824596
8010.0,8011.0,0.008394893621720224
8010.0,8110.0,0.004089292614862978
8011.0,8012.0,0.008052120643036637
8011.0,8111.0,0.004155322342486902
8012.0,8013.0,0.008673196792995119
8012.0,8112.0,0.006497001228261232
8013.0,8014.0,0.010851876516989685
8013.0,8113.0,0.0024354341563670168
8014.0,8015.0,0.005816828676348229
8014.0,8114.0,0.0027716022117230898
8015.0,8016.0,0.008168799939403549
8015.0,8115.0,0.004465753965456211
8016.0,8017.0,0.008660678359112188
8016.0,8116.0,0.005670808372707507
8017.0,8018.0,0.008348405292030302
8017.0,8117.0,0.003775937128715964
8018.0,8019.0,0.007988157465899122
8018.0,8118.0,0.003494055629208149
8019.0,8020.0,0.007960652507175222
8019.0,8119.0,0.005491123342265875
8020.0,8021.0,0.008423064196003827
8020.0,8120.0,0.0031044054970312497
8021.0,8022.0,0.007168239285208165
8021.0,8121.0,0.002541713911910639
8022.0,8023.0,0.008689621412352131
8022.0,8122.0,0.00502724799666818
8023.0,8024.0,0.008487306501476458
8023.0,8123.0,0.0033387096489475333
8024.0,8025.0,0.009448014818997277
8024.0,8124.0,0.0030023096775695863
8025.0,8026.0,0.01010684357947605
8025.0,8125.0,0.004651741154666724
8026.0,8027.0,0.006383281999881013
8026.0,8126.0,0.004785433122511085
8027.0,8028.0,0.007121447502439414
8027.0,8127.0,0.0034677982178880637
8028.0,8029.0,0.00883204484193779
8028.0,8128.0,0.0031307178489950868
8029.0,8030.0,0.008652817294384552
8029.0,8129.0,0.00388179714178842
8030.0,8031.0,0.007708698386238889
8030.0,8130.0,0.0036918167790397625
8031.0,8032.0,0.00803886529306222
8031.0,8131.0,0.00389558612406517
8032.0,8033.0,0.008985160339693479
8032.0,8132.0,0.0036868167841641185
8033.0,8034.0,0.00804208384562113
8033.0,8133.0,0.0038165567426665615
8034.0,8035.0,0.007503656751877908
8034.0,8134.0,0.003377557179385527
8035.0,8036.0,0.009416697290451779
8035.0,8135.0,0.0033578020385382295
8036.0,8037.0,0.0103542674023801
8036.0,8136.0,0.0039517001973838894
8037.0,8038.0,0.006030313719865656
8037.0,8137.0,0.0063899085635036245
8038.0,8039.0,0.0086066782122954
8038.0,8138.0,0.004172714054424107
8039.0,8040.0,0.008699652305695924
8039.0,8139.0,0.0033505307788477727
8040.0,8041.0,0.008139566922754273
8040.0,8140.0,0.0036756037776107717
8041.0,8042.0,0.007089934968672022
8041.0,8141.0,0.004354227229944606
8042.0,8043.0,0.008742949582377788
8042.0,8142.0,0.003814589976653017
8043.0,8044.0,0.009494027508913167
8043.0,8143.0,0.004027196046881338
8044.0,8045.0,0.007660759361838871
8044.0,8144.0,0.004498011788557993
8045.0,8046.0,0.007537795439649503
8045.0,8145.0,0.004323119504476265
8046.0,8047.0,0.00719227237039869
8046.0,8146.0,0.0035570699993074727
8047.0,8048.0,0.00926820194212449
8047.0,8147.0,0.004437126667109236
8048.0,8049.0,0.007555231316776503
8048.0,8148.0,0.003984566551084457
8049.0,8050.0,0.010217567630801387
8049.0,8149.0,0.0035962568275939313
8050.0,8051.0,0.006726580197990678
8050.0,8150.0,0.003458954294291751
8051.0,8052.0,0.010022857677329303
8051.0,8151.0,0.004003358812298314
8052.0,8053.0,0.007229772768213081
8052.0,8152.0,0.0043688451849398105
8053.0,8054.0,0.007351773503719747
8053.0,8153.0,0.0034821400775961187
8054.0,8055.0,0.007913496732165862
8054.0,8154.0,0.004053832418831761
8055.0,8056.0,0.006647008852859743
8055.0,8155.0,0.004244484128840672
8056.0,8057.0,0.008004720243706057
8056.0,8156.0,0.004788658655618654
8057.0,8058.0,0.011615605858068805
8057.0,8157.0,0.005700519769287267
8058.0,8059.0,0.006012214521289128
8058.0,8158.0,0.005852345339260951
8059.0,8060.0,0.009944326721302094
8059.0,8159.0,0.004461420950770454
8060.0,8061.0,0.008299728817256624
8060.0,8160.0,0.004798481114896397
8061.0,8062.0,0.008986508733095372
8061.0,8161.0,0.004060164580404721
8062.0,8063.0,0.0071286284795885274
8062.0,8162.0,0.004402757714204525
8063.0,8064.0,0.007759753177131422
8063.0,8163.0,0.004897845291553436
8064.0,8065.0,0.008647711974852085
8064.0,8164.0,0.003831498466659942
8065.0,8066.0,0.008408029659795436
8065.0,8165.0,0.004032592313882193
8066.0,8067.0,0.0053844396746552375
8066.0,8166.0,0.003917156828615632
8067.0,8068.0,0.011691545699350613
8067.0,8167.0,0.004714690658992063
8068.0,8069.0,0.0055033373738128145
8073.0,8074.0,0.008073641820145302
8073.0,8173.0,0.005130309266499693
8074.0,8075.0,0.007824863864630546
8074.0,8174.0,0.004312384514398172
8075.0,8076.0,0.008691498076281305
8075.0,8175.0,0.004025268046974267
8076.0,8077.0,0.008316889024749509
8076.0,8176.0,0.004170266823598023
8077.0,8078.0,0.009197156717159758
8078.0,8079.0,0.005953300504761182
8079.0,8080.0,0.01227583709976611
8079.0,8179.0,0.002899818292584133
8080.0,8081.0,0.006209362663752371
8081.0,8082.0,0.008198844138047643
8081.0,8181.0,0.00256825550909495
8082.0,8083.0,0.007711954118768632
8083.0,8183.0,0.0038747160889534317
8085.0,8086.0,0.012282924508845664
8086.0,8087.0,0.004943297071793303
8086.0,8186.0,0.0020228690738654806
8087.0,8088.0,0.007974212347937555
8087.0,8187.0,0.0039641604218269575
8088.0,8089.0,0.009545506453824093
8088.0,8188.0,0.004025108665614137
8089.0,8090.0,0.006495574802124937
8089.0,8189.0,0.0028880482579082063
8090.0,8091.0,0.007528237281063652
8090.0,8190.0,0.00403807745344304
8093.0,8193.0,0.0054402103819619005
8108.0,8109.0,0.006902389731100488
8108.0,8208.0,0.0029679466066596374
8109.0,8110.0,0.008840672485733113
8109.0,8209.0,0.0039829554115000864
8110.0,8111.0,0.00925614519549035
8110.0,8210.0,0.0036203689494357723
8111.0,8112.0,0.010677820116484464
8111.0,8211.0,0.00295067437037449
8112.0,8113.0,0.004430978864764663
8113.0,8114.0,0.010934301488892772
8114.0,8115.0,0.009647158483719599
8115.0,8116.0,0.007036582031782277
8115.0,8215.0,0.00305860128163324
8116.0,8117.0,0.006229646426563933
8116.0,8216.0,0.002826825068870087
8117.0,8118.0,0.008333175415170353
8117.0,8217.0,0.004424827821510489
8118.0,8119.0,0.012882082118974314
8119.0,8120.0,0.004779392142312953
8120.0,8121.0,0.007278022723927071
8120.0,8220.0,0.004365122501149488
8121.0,8122.0,0.009556857726261265
8121.0,8221.0,0.0037691806815252304
8122.0,8123.0,0.007197400434184519
8122.0,8222.0,0.00387451166987402
8123.0,8124.0,0.008336298042296342
8123.0,8223.0,0.0037138168789018207
8124.0,8125.0,0.008416545470084498
8124.0,8224.0,0.004471704341746471
8125.0,8126.0,0.008325502551798272
8125.0,8225.0,0.0035780418136183924
8126.0,8127.0,0.00870180082971339
8126.0,8226.0,0.004591809412422558
8127.0,8128.0,0.006923533359491919
8127.0,8227.0,0.004814239296091238
8128.0,8129.0,0.00938388839714095
8128.0,8228.0,0.004746876743714062
8129.0,8130.0,0.008149811988628875
8129.0,8229.0,0.003463139380680554
8130.0,8131.0,0.008636407228124492
8130.0,8230.0,0.0036511054353432246
8131.0,8132.0,0.006268149890517948
8131.0,8231.0,0.004619865193925869
8132.0,8133.0,0.00717456989651641
8132.0,8232.0,0.004524426055318489
8133.0,8134.0,0.011472010241017102
8133.0,8233.0,0.005311435034901349
8134.0,8135.0,0.007870478360303182
8134.0,8234.0,0.004804150144406115
8135.0,8136.0,0.00899781653736045
8135.0,8235.0,0.004748952626632942
8136.0,8137.0,0.00927649432274906
8136.0,8236.0,0.004409109067600224
8137.0,8138.0,0.006015239976093322
8137.0,8237.0,0.0023702468141559535
8138.0,8139.0,0.008779010202181131
8138.0,8238.0,0.0036282721535159804
8139.0,8140.0,0.008350405542846575
8139.0,8239.0,0.0033263221747152814
8140.0,8141.0,0.007557526667501259
8140.0,8240.0,0.00440938554108965
8141.0,8142.0,0.009012727449557136
8141.0,8241.0,0.003582229011385458
8142.0,8143.0,0.007881527931182164
8142.0,8242.0,0.004381329973879002
8143.0,8144.0,0.007919072433688196
8143.0,8243.0,0.0038814842985646913
8144.0,8145.0,0.007703538699844384
8144.0,8244.0,0.004392352232004645
8145.0,8146.0,0.010956893013988965
8145.0,8245.0,0.003519376640829044
8146.0,8147.0,0.007101647888342561
8146.0,8246.0,0.003989553063944361
8147.0,8148.0,0.008241007755123172
8147.0,8247.0,0.003537217014828323
8148.0,8149.0,0.007499269101719096
8148.0,8248.0,0.004903912927449875
8149.0,8150.0,0.008956521905851736
8149.0,8249.0,0.003830669354041029
8150.0,8151.0,0.007617897933813751
8150.0,8250.0,0.00507676791867098
8151.0,8152.0,0.008615417190711109
8151.0,8251.0,0.003981211746443436
8152.0,8153.0,0.007463568809222666
8152.0,8252.0,0.004219645161625621
8153.0,8154.0,0.009574596892297864
8153.0,8253.0,0.00611942579087367
8154.0,8155.0,0.007767948852174622
8154.0,8254.0,0.004128400457807806
8155.0,8156.0,0.008608390110235505
8155.0,8255.0,0.003725175391841762
8156.0,8157.0,0.007783880683823523
8156.0,8256.0,0.004526727729823984
8157.0,8158.0,0.006725876968841738
8157.0,8257.0,0.004615331190716405
8158.0,8159.0,0.010396452907602813
8158.0,8258.0,0.0031813114056944776
8159.0,8160.0,0.007598380078016724
8159.0,8259.0,0.004335979143169104
8160.0,8161.0,0.008524922691145354
8160.0,8260.0,0.004782021732489362
8161.0,8162.0,0.008041093001576448
8161.0,8261.0,0.003903592009937624
8162.0,8163.0,0.006424630891343264
8162.0,8262.0,0.0033434096623063837
8163.0,8164.0,0.010502822245948822
8163.0,8263.0,0.0024603729493700515
8164.0,8165.0,0.008903013822857792
8164.0,8264.0,0.004300367058753837
8165.0,8166.0,0.008377388474339722
8165.0,8265.0,0.004344954026229474
8166.0,8167.0,0.004142502666263473
8166.0,8266.0,0.003821811968163722
8167.0,8267.0,0.004877744705291502
8173.0,8174.0,0.008310121840863233
8174.0,8175.0,0.009952623087910024
8175.0,8176.0,0.008488004667765
8175.0,8275.0,0.00326674990931383
8176.0,8276.0,0.004565870135033201
8183.0,8283.0,0.00444386651464916
8186.0,8187.0,0.005766991895259421
8187.0,8188.0,0.007120968092190653
8187.0,8287.0,0.004342522982095739
8188.0,8189.0,0.008835792666761703
8188.0,8288.0,0.004104614459359006
8189.0,8190.0,0.010320626557045888
8189.0,8289.0,0.004052989742152502
8207.0,8208.0,0.005040788296487743
8208.0,8209.0,0.00785502075172311
8208.0,8308.0,0.003266852743848066
8209.0,8210.0,0.0073383530372966
8210.0,8211.0,0.008725880522331766
8215.0,8216.0,0.0034465296313821755
8216.0,8217.0,0.010205633931314927
8220.0,8221.0,0.00781995726650777
8220.0,8320.0,0.004381763335687089
8221.0,8222.0,0.007783363299371355
8222.0,8223.0,0.008928688526317818
8222.0,8322.0,0.0046330273817511165
8223.0,8224.0,0.008082500015465503
8223.0,8323.0,0.0035436800419915136
8224.0,8225.0,0.006308183403325983
8224.0,8324.0,0.003063443617887173
8225.0,8226.0,0.010815908653460247
8225.0,8325.0,0.004541010022008888
8226.0,8227.0,0.007633974503494242
8226.0,8326.0,0.0037338587560326315
8227.0,8228.0,0.007509178152101593
8227.0,8327.0,0.0036571634308580907
8228.0,8229.0,0.008504662262547683
8228.0,8328.0,0.0035792436519409185
8229.0,8230.0,0.008860468016984228
8229.0,8329.0,0.005468591747426123
8230.0,8231.0,0.00861759777432232
8230.0,8330.0,0.0050123911708914205
8231.0,8232.0,0.0072770734289273435
8231.0,8331.0,0.0041320694827165945
8232.0,8233.0,0.006091593034666395
8232.0,8332.0,0.004579562533686756
8233.0,8234.0,0.010214874480383718
8233.0,8333.0,0.004229460166502124
8234.0,8235.0,0.008407643885179837
8234.0,8334.0,0.0033039041753653445
8235.0,8236.0,0.006733627386484561
8235.0,8335.0,0.003079473987548805
8236.0,8237.0,0.013348114506925765
8237.0,8238.0,0.006404025550386361
8237.0,8337.0,0.002704473296222796
8238.0,8239.0,0.007000790163974391
8238.0,8338.0,0.005746495715654578
8239.0,8240.0,0.007729391756793881
8239.0,8339.0,0.0045423537125587055
8240.0,8241.0,0.008783196179637659
8240.0,8340.0,0.0041637943765319265
8241.0,8242.0,0.008734673269790931
8241.0,8341.0,0.005610559432003316
8242.0,8243.0,0.009225878157118622
8242.0,8342.0,0.003680671168416475
8243.0,8244.0,0.007939033497850797
8243.0,8343.0,0.004130919613111989
8244.0,8245.0,0.007292132777863857
8244.0,8344.0,0.0033559363715657924
8245.0,8246.0,0.008042019911067035
8245.0,8345.0,0.005435824788380776
8246.0,8247.0,0.008457934339423316
8246.0,8346.0,0.004378841797779571
8247.0,8248.0,0.009357009858389869
8247.0,8347.0,0.004847455543895771
8248.0,8249.0,0.008074923467129643
8248.0,8348.0,0.0039379241803233125
8249.0,8250.0,0.008491722944727173
8249.0,8349.0,0.004968557976919502
8250.0,8251.0,0.007828160713730888
8250.0,8350.0,0.0036060329962439588
8251.0,8252.0,0.007663941487902923
8251.0,8351.0,0.0034310435788514914
8252.0,8253.0,0.010523400179124282
8252.0,8352.0,0.004130267402966097
8253.0,8254.0,0.006181241393117834
8253.0,8353.0,0.0034849956169282536
8254.0,8255.0,0.00830032824953332
8254.0,8354.0,0.004174224369867815
8255.0,8256.0,0.007016464284096294
8255.0,8355.0,0.0033801926720238027
8256.0,8257.0,0.013841375160004147
8256.0,8356.0,0.0026532065599994795
8257.0,8258.0,0.0041954447702230455
8257.0,8357.0,0.0073672514311615145
8258.0,8259.0,0.009594567163243986
8258.0,8358.0,0.00435106532472336
8259.0,8260.0,0.007610846416135622
8259.0,8359.0,0.003257363696305424
8260.0,8261.0,0.008464386921685278
8260.0,8360.0,0.002679166655879746
8261.0,8262.0,0.0066733625894296695
8261.0,8361.0,0.004239031876497855
8262.0,8263.0,0.007733056984789401
8262.0,8362.0,0.004113518227747374
8263.0,8264.0,0.009768100580973072
8263.0,8363.0,0.005458484530529295
8264.0,8265.0,0.0074560165088336525
8264.0,8364.0,0.003361379379059002
8265.0,8266.0,0.009713616983390119
8265.0,8365.0,0.0038886553588616214
8266.0,8267.0,0.0072337130472531755
8275.0,8276.0,0.002746579869582695
8283.0,8284.0,0.0036511699083996026
8287.0,8288.0,0.006257235608477907
8287.0,8387.0,0.005317567823731084
8288.0,8289.0,0.008210033639395108
8289.0,8389.0,0.004551803444791318
8320.0,8420.0,0.004630118185319001
8322.0,8323.0,0.008190002148962127
8322.0,8422.0,0.0028710300903993973
8323.0,8324.0,0.007728227021769211
8323.0,8423.0,0.005366348353392584
8324.0,8325.0,0.007604846439607026
8325.0,8326.0,0.008424175131726625
8325.0,8425.0,0.0038571229135152584
8326.0,8327.0,0.009832614021205124
8326.0,8426.0,0.0035503418342433105
8327.0,8328.0,0.0069769185003128184
8327.0,8427.0,0.0019103755363803307
8328.0,8329.0,0.008869362165342537
8328.0,8428.0,0.004281192456552076
8329.0,8330.0,0.007564842362534683
8329.0,8429.0,0.003207720311994138
8330.0,8331.0,0.008903257157917007
8330.0,8430.0,0.0027139897604816403
8331.0,8332.0,0.007657081830567018
8331.0,8431.0,0.0038140534474433597
8332.0,8333.0,0.008427788229422578
8332.0,8432.0,0.0040375374487457245
8333.0,8334.0,0.010145803572413507
8333.0,8433.0,0.00451083662749927
8334.0,8335.0,0.008234142768983287
8337.0,8338.0,0.004130762366684496
8338.0,8339.0,0.009420267933556742
8338.0,8438.0,0.003114721258798426
8339.0,8340.0,0.007944351921333768
8339.0,8439.0,0.00509371420674234
8340.0,8341.0,0.010954640814741633
8340.0,8440.0,0.004588920558253015
8341.0,8342.0,0.0064475643804470925
8341.0,8441.0,0.0037164133260425493
8342.0,8343.0,0.008598685790863654
8342.0,8442.0,0.0047705207692664625
8343.0,8344.0,0.008377434076135806
8343.0,8443.0,0.003395264215051883
8344.0,8345.0,0.0074951345745091135
8344.0,8444.0,0.006810008215120161
8345.0,8346.0,0.009069341445220513
8345.0,8445.0,0.0031362392144100443
8346.0,8347.0,0.008149633425498605
8346.0,8446.0,0.004340526471523676
8347.0,8348.0,0.009075111146977606
8347.0,8447.0,0.0027404992702034937
8348.0,8349.0,0.007098330510760688
8348.0,8448.0,0.00413104663251388
8349.0,8350.0,0.00783278238239758
8349.0,8449.0,0.0034795513058412594
8350.0,8351.0,0.008727593703306865
8350.0,8450.0,0.0035164045102870226
8351.0,8352.0,0.009265852878715758
8351.0,8451.0,0.003680516143148483
8352.0,8353.0,0.007945934916672828
8352.0,8452.0,0.004013783403469798
8353.0,8354.0,0.008800791061035323
8353.0,8453.0,0.0033277643816831174
8354.0,8355.0,0.008226875034908685
8354.0,8454.0,0.004124592034371607
8355.0,8356.0,0.005918511963323207
8355.0,8455.0,0.005486433595698905
8356.0,8357.0,0.007867326256104987
8356.0,8456.0,0.004959410861176618
8357.0,8358.0,0.012378672968052989
8357.0,8457.0,0.007483922977959565
8358.0,8359.0,0.005693572630607376
8358.0,8458.0,0.0029355307952737336
8359.0,8360.0,0.0088203221942284
8359.0,8459.0,0.004643377361361499
8360.0,8361.0,0.007473858366332627
8360.0,8460.0,0.004335402155509684
8361.0,8362.0,0.008391578946181697
8361.0,8461.0,0.004482255191311357
8362.0,8363.0,0.008415136764782982
8362.0,8462.0,0.0028669655072913035
8363.0,8364.0,0.008727281919361188
8363.0,8463.0,0.0033553684045104348
8364.0,8365.0,0.007550604148676246
8364.0,8464.0,0.004650002478495187
8365.0,8465.0,0.003928839784206004
8420.0,8520.0,0.00330058918982707
8422.0,8423.0,0.006288075372480362
8422.0,8522.0,0.004961215827801202
8423.0,8523.0,0.003216254119316322
8425.0,8426.0,0.007229993190868357
8425.0,8525.0,0.006567886723292816
8426.0,8427.0,0.009030816712788806
8427.0,8428.0,0.009863888567902346
8427.0,8527.0,0.006146418041427043
8428.0,8429.0,0.0071587786507196285
8428.0,8528.0,0.0045495326902873666
8429.0,8430.0,0.008230431850759352
8429.0,8529.0,0.0036842722877133962
8430.0,8431.0,0.007790370431499851
8430.0,8530.0,0.0026541267207818393
8431.0,8432.0,0.008959826641738248
8431.0,8531.0,0.0027561970412169974
8432.0,8433.0,0.005618662286523613
8432.0,8532.0,0.0019149083372280184
8433.0,8533.0,0.0061209270163937336
8438.0,8439.0,0.012586817518340385
8438.0,8538.0,0.003765757651522934
8439.0,8440.0,0.0058820691937443445
8439.0,8539.0,0.005849889825457233
8440.0,8441.0,0.006711334284625991
8440.0,8540.0,0.002900216354000956
8441.0,8442.0,0.0087643349319843
8441.0,8541.0,0.0030647025777361748
8442.0,8443.0,0.00958739374856344
8442.0,8542.0,0.0034911468516836165
8443.0,8444.0,0.005036795937893636
8443.0,8543.0,0.004149267170233787
8444.0,8445.0,0.012229046223234124
8444.0,8544.0,0.005209639411706582
8445.0,8446.0,0.007965549269824384
8445.0,8545.0,0.0034940482037310147
8446.0,8447.0,0.009202155132902389
8446.0,8546.0,0.004061779128653869
8447.0,8448.0,0.0056878604342928156
8447.0,8547.0,0.005377199513689695
8448.0,8449.0,0.009858933389063912
8448.0,8548.0,0.0038534649576747178
8449.0,8450.0,0.00721004652550871
8449.0,8549.0,0.004052433185136116
8450.0,8451.0,0.00889700794930523
8450.0,8550.0,0.004307313623363255
8451.0,8452.0,0.0067954476659011775
8451.0,8551.0,0.006012253708054048
8452.0,8453.0,0.010180625425286978
8452.0,8552.0,0.004425087013834648
8453.0,8454.0,0.007765032639339044
8453.0,8553.0,0.004416500986072171
8454.0,8455.0,0.008003102374079649
8454.0,8554.0,0.004076500421930504
8455.0,8456.0,0.008166017931036083
8455.0,8555.0,0.003684055163808586
8456.0,8457.0,0.010960268792781022
8456.0,8556.0,0.004277679343993181
8457.0,8458.0,0.010271756154620653
8458.0,8459.0,0.004819553150448237
8459.0,8460.0,0.0073343417318802685
8459.0,8559.0,0.003847552184179505
8460.0,8461.0,0.008403226754646364
8460.0,8560.0,0.004172304501117666
8461.0,8462.0,0.009027388209776506
8461.0,8561.0,0.003376881117241621
8462.0,8463.0,0.0072901885256828934
8462.0,8562.0,0.0052777838540431065
8463.0,8464.0,0.009399719571348915
8463.0,8563.0,0.0038109424726689815
8464.0,8465.0,0.006907974664834858
8464.0,8564.0,0.005094824567147856
8520.0,8521.0,0.008087668802566068
8521.0,8522.0,0.004568131308313984
8521.0,8621.0,0.004905240851374521
8522.0,8523.0,0.008984450322640569
8522.0,8622.0,0.006319519972275289
8525.0,8625.0,0.0022991755152682986
8527.0,8528.0,0.0038601845810789658
8528.0,8529.0,0.009102801120534324
8529.0,8530.0,0.008750620673415886
8529.0,8629.0,0.004686107350456933
8530.0,8531.0,0.008119882635851717
8531.0,8532.0,0.009269297148112287
8532.0,8533.0,0.00629867002231626
8532.0,8632.0,0.005354415857032639
8537.0,8538.0,0.005876173952496125
8537.0,8637.0,0.003986847537843119
8538.0,8539.0,0.007520720582496914
8538.0,8638.0,0.003321976449342321
8539.0,8540.0,0.008703720798026398
8539.0,8639.0,0.0033686941223608977
8540.0,8541.0,0.007908273511329804
8540.0,8640.0,0.004786935180261656
8541.0,8542.0,0.008847244421287996
8541.0,8641.0,0.005283771657632322
8542.0,8543.0,0.00923918024069254
8542.0,8642.0,0.003463104965197394
8543.0,8544.0,0.009415337606798828
8543.0,8643.0,0.004166010552078361
8544.0,8545.0,0.005828514639254277
8544.0,8644.0,0.004511172089380939
8545.0,8546.0,0.008940387790806161
8545.0,8645.0,0.005213909766194827
8546.0,8547.0,0.00804192847332029
8546.0,8646.0,0.003388545035858085
8547.0,8548.0,0.007333390793486967
8547.0,8647.0,0.005298173999593537
8548.0,8549.0,0.009693499226285813
8548.0,8648.0,0.0025557899698500633
8549.0,8550.0,0.007005636188812498
8549.0,8649.0,0.004313568950416484
8550.0,8551.0,0.006416081639910503
8550.0,8650.0,0.0047783781851187
8551.0,8552.0,0.011875293696157406
8551.0,8651.0,0.004579920528788356
8552.0,8553.0,0.006893345113223136
8552.0,8652.0,0.005830085519959629
8553.0,8554.0,0.008980300405888438
8553.0,8653.0,0.004180846529116525
8554.0,8555.0,0.008302141974815906
8554.0,8654.0,0.0030224550037972133
8555.0,8556.0,0.007672836560881544
8555.0,8655.0,0.004350435294316537
8556.0,8656.0,0.004205466163219044
8559.0,8560.0,0.006692779273216997
8560.0,8561.0,0.009196053402411428
8560.0,8660.0,0.003954409570338236
8561.0,8562.0,0.008380586944838599
8561.0,8661.0,0.0044648738951947224
8562.0,8563.0,0.00775424747735077
8562.0,8662.0,0.004163365029637464
8563.0,8564.0,0.00505913425400057
8563.0,8663.0,0.005690412867276101
8621.0,8622.0,0.011033305761194104
8624.0,8625.0,0.0048353341187551925
8624.0,8724.0,0.00581652373931316
8629.0,8729.0,0.004155210715474712
8636.0,8637.0,0.006573239300374807
8636.0,8736.0,0.0037434433133166204
8637.0,8638.0,0.008855951085005328
8637.0,8737.0,0.003940040385573406
8638.0,8639.0,0.0074195284715405626
8639.0,8640.0,0.009153621819804473
8639.0,8739.0,0.007393714920791698
8640.0,8641.0,0.008980654238973861
8640.0,8740.0,0.004115838341088778
8641.0,8642.0,0.0073390945395189824
8641.0,8741.0,0.0030804888654286378
8642.0,8643.0,0.008250220966737823
8642.0,8742.0,0.004528570133055581
8643.0,8644.0,0.007976198556329906
8643.0,8743.0,0.004030253705412784
8644.0,8645.0,0.008572660612085364
8644.0,8744.0,0.003977985702590638
8645.0,8646.0,0.008029938048328739
8645.0,8745.0,0.0032519017589735843
8646.0,8647.0,0.0042490096940345536
8646.0,8746.0,0.004376712493411578
8647.0,8648.0,0.012979349088841083
8647.0,8747.0,0.006165416843169227
8648.0,8649.0,0.007259207883095604
8648.0,8748.0,0.006127649635055544
8649.0,8650.0,0.007934210851748474
8649.0,8749.0,0.0037598372943545453
8650.0,8651.0,0.009334750889016846
8650.0,8750.0,0.0029488146092960937
8651.0,8652.0,0.007534347736201616
8651.0,8751.0,0.003609781950481696
8652.0,8653.0,0.008140945792720114
8652.0,8752.0,0.002176463620182306
8653.0,8654.0,0.009902730571413446
8653.0,8753.0,0.003424585015735453
8654.0,8655.0,0.008043136637532181
8654.0,8754.0,0.0055374739818824575
8655.0,8656.0,0.009612657849419436
8655.0,8755.0,0.003343644625254733
8656.0,8756.0,0.004523638027078357
8660.0,8661.0,0.009479722819260069
8660.0,8760.0,0.0038614527848968737
8661.0,8662.0,0.007938013961313
8661.0,8761.0,0.004171856312244978
8662.0,8663.0,0.008653421072038928
8662.0,8762.0,0.003393467400755934
8731.0,8831.0,0.003744352965467977
8735.0,8736.0,0.004515969574745521
8735.0,8835.0,0.00711140659223321
8736.0,8737.0,0.009367772457740623
8736.0,8836.0,0.004461998319137597
8739.0,8740.0,0.004849415587469564
8739.0,8839.0,0.003807775041938052
8740.0,8741.0,0.009522898954624857
8740.0,8840.0,0.0035916257502690953
8741.0,8742.0,0.00626975577514754
8741.0,8841.0,0.004568260555178551
8742.0,8743.0,0.010584891785936988
8742.0,8842.0,0.004817925848330735
8743.0,8744.0,0.006915641067175227
8744.0,8745.0,0.008157339508074924
8744.0,8844.0,0.0038347594448656713
8745.0,8746.0,0.006800063536467841
8745.0,8845.0,0.003976696873033389
8746.0,8747.0,0.010036419650453049
8746.0,8846.0,0.004111642169495522
8747.0,8748.0,0.008642519813688215
8747.0,8847.0,0.002757772608462508
8748.0,8749.0,0.006753004227749101
8748.0,8848.0,0.003094173291850658
8749.0,8750.0,0.00827452657739395
8749.0,8849.0,0.004293187685161826
8750.0,8751.0,0.008295435552760414
8750.0,8850.0,0.003996817143679636
8751.0,8752.0,0.00867434001235853
8751.0,8851.0,0.0035701120262474793
8752.0,8753.0,0.009338130170435601
8752.0,8852.0,0.004332340851089343
8753.0,8754.0,0.006162768334117355
8753.0,8853.0,0.004811626421493674
8754.0,8755.0,0.00924376390925248
8754.0,8854.0,0.0038722764583615545
8755.0,8756.0,0.0074436446079860176
8755.0,8855.0,0.004329995133945639
8756.0,8757.0,0.008823586156432153
8756.0,8856.0,0.004836528839983792
8757.0,8857.0,0.002667673237112473
8760.0,8761.0,0.011866182228922483
8760.0,8860.0,0.004210635130239065
8761.0,8762.0,0.005443179036188149
8761.0,8861.0,0.006514975286213557
8830.0,8831.0,0.0034364053733516365
8830.0,8930.0,0.0022792375150454416
8831.0,8832.0,0.011773526306931318
8831.0,8931.0,0.0025784522120841816
8832.0,8932.0,0.0033982604167439555
8835.0,8836.0,0.006068769219537012
8835.0,8935.0,0.002981007026158178
8836.0,8936.0,0.0026785012413683153
8838.0,8839.0,0.005485701998833069
8838.0,8938.0,0.0067352860793009495
8839.0,8840.0,0.008463431656249134
8839.0,8939.0,0.004079244248636334
8840.0,8841.0,0.0081489396077036
8840.0,8940.0,0.003231004148868879
8841.0,8842.0,0.00887508064301382
8841.0,8941.0,0.004257492436867235
8842.0,8942.0,0.003468764565372826
8844.0,8845.0,0.00899044948876305
8844.0,8944.0,0.005020331409375695
8845.0,8846.0,0.0074237180395000804
8845.0,8945.0,0.0050518339293773055
8846.0,8847.0,0.010480435041065548
8846.0,8946.0,0.00334961715126259
8847.0,8848.0,0.006212528925485765
8847.0,8947.0,0.006344115415094326
8848.0,8849.0,0.007772532745508805
8848.0,8948.0,0.003940590210868826
8849.0,8850.0,0.008046837024570604
8849.0,8949.0,0.0035434675291294722
8850.0,8851.0,0.008538129320290317
8850.0,8950.0,0.006267664142246869
8851.0,8852.0,0.008932697394404552
8851.0,8951.0,0.003383948659483645
8852.0,8853.0,0.008718344130051361
8852.0,8952.0,0.004327782224188785
8853.0,8854.0,0.007213562413260249
8853.0,8953.0,0.004462163471902436
8854.0,8855.0,0.008769500620901968
8854.0,8954.0,0.004111899163404796
8855.0,8856.0,0.008197322968506239
8855.0,8955.0,0.003554867768288379
8856.0,8857.0,0.008517261805298711
8856.0,8956.0,0.0037694527255262462
8857.0,8858.0,0.008210289400502297
8857.0,8957.0,0.003236761772206118
8860.0,8861.0,0.0064062640727654135
8860.0,8960.0,0.0028342686111244506
8861.0,8961.0,0.003951089814216842
8930.0,8931.0,0.0009855646959996424
8931.0,8932.0,0.014274743496469563
8931.0,9031.0,0.005259940042435814
8932.0,8933.0,0.0038053387181688422
8932.0,9032.0,0.004353439123270149
8933.0,8934.0,0.012998228004231897
8933.0,9033.0,0.005219418025989292
8934.0,8935.0,0.00684815712582584
8934.0,9034.0,0.003362769302227779
8935.0,8936.0,0.007828320811642777
8935.0,9035.0,0.0038589256147272912
8936.0,8937.0,0.007967232623690609
8936.0,9036.0,0.0034900027535744904
8937.0,8938.0,0.006455934204280765
8937.0,9037.0,0.003830139121492254
8938.0,8939.0,0.010247285508367582
8938.0,9038.0,0.003543277992195394
8939.0,8940.0,0.008565152489594314
8939.0,9039.0,0.004498820446514011
8940.0,8941.0,0.008677787785490007
8940.0,9040.0,0.00422898641520413
8941.0,8942.0,0.007134105199672952
8941.0,9041.0,0.0041702756215903376
8942.0,8943.0,0.007850948376470247
8942.0,9042.0,0.003974181974951453
8943.0,8944.0,0.00911180207917201
8943.0,9043.0,0.0057915445211100345
8944.0,8945.0,0.008682166738781222
8944.0,9044.0,0.003953307440616459
8945.0,8946.0,0.008323831149176704
8945.0,9045.0,0.0023047158024355426
8946.0,8947.0,0.007858767952421035
8946.0,9046.0,0.0049643135456937295
8947.0,8948.0,0.009086687240133529
8947.0,9047.0,0.0034022135500301957
8948.0,8949.0,0.007925472418726992
8948.0,9048.0,0.004677527514621787
8949.0,8950.0,0.00976858534128682
8949.0,9049.0,0.0032538844555404815
8950.0,8951.0,0.0075300804192261345
8950.0,9050.0,0.003310420169703631
8951.0,8952.0,0.008829057112172285
8951.0,9051.0,0.005199603728167458
8952.0,8953.0,0.007926469803134216
8952.0,9052.0,0.004270158442022131
8953.0,8954.0,0.007676372920201372
8953.0,9053.0,0.002308395592179932
8954.0,8955.0,0.008085559548973444
8954.0,9054.0,0.004384122955620184
8955.0,8956.0,0.008834165151840814
8955.0,9055.0,0.0046190579829659744
8956.0,8957.0,0.00718772376903814
8956.0,9056.0,0.003906990541327768
8957.0,9057.0,0.00522996917772836
8960.0,8961.0,0.004816358376408671
8960.0,9060.0,0.0034614720856875865
9031.0,9032.0,0.011673735180309683
9032.0,9033.0,0.007909618067264642
9033.0,9034.0,0.0066926899898321224
9034.0,9035.0,0.007138945542585405
9034.0,9134.0,0.003166336877212614
9035.0,9036.0,0.010003141369090196
9035.0,9135.0,0.004635793490870953
9036.0,9037.0,0.007342014604316781
9036.0,9136.0,0.004258658110250664
9037.0,9038.0,0.008179626026292372
9037.0,9137.0,0.003347925185841555
9038.0,9039.0,0.008238760686535392
9038.0,9138.0,0.004551897672400882
9039.0,9040.0,0.009258821827857124
9039.0,9139.0,0.0034818183137550404
9040.0,9041.0,0.008565222568620873
9040.0,9140.0,0.004550705612324613
9041.0,9042.0,0.00744231948051151
9041.0,9141.0,0.003553743610613013
9042.0,9043.0,0.009640651500805631
9042.0,9142.0,0.004184496645948542
9043.0,9044.0,0.005053431809176423
9043.0,9143.0,0.0026130311326183608
9044.0,9045.0,0.0095138420950739
9045.0,9046.0,0.010205489337116076
9046.0,9047.0,0.006187120775449149
9046.0,9146.0,0.0033974715686831036
9047.0,9048.0,0.008888656425467144
9047.0,9147.0,0.0025657002806232718
9048.0,9049.0,0.00992483363689269
9048.0,9148.0,0.003804548941727754
9049.0,9050.0,0.006424313379653195
9049.0,9149.0,0.006299490135717368
9050.0,9051.0,0.010013205373405675
9050.0,9150.0,0.00456304940363675
9051.0,9052.0,0.007020802837282884
9051.0,9151.0,0.004368246880615238
9052.0,9053.0,0.007592155928983398
9052.0,9152.0,0.0036971907199963537
9053.0,9054.0,0.009502947863163226
9053.0,9153.0,0.005244694028252471
9054.0,9055.0,0.009023678509343935
9054.0,9154.0,0.002807824770177476
9055.0,9056.0,0.007745232975837524
9055.0,9155.0,0.004285425040763055
9056.0,9057.0,0.006546377350107349
9056.0,9156.0,0.0031572102654104173
9057.0,9058.0,0.007500826541788505
9057.0,9157.0,0.003787996528511389
9058.0,9059.0,0.006664736593443765
9058.0,9158.0,0.004163775330150703
9059.0,9060.0,0.014427093892048869
9059.0,9159.0,0.0014186450225477936
9134.0,9135.0,0.007331873886667779
9134.0,9234.0,0.004491688351831762
9135.0,9136.0,0.008287387824882211
9135.0,9235.0,0.003516887191819965
9136.0,9137.0,0.008230655955633232
9136.0,9236.0,0.004233119068725806
9137.0,9138.0,0.008186799291542705
9137.0,9237.0,0.005191001541132147
9138.0,9139.0,0.00843128122766642
9138.0,9238.0,0.004044613293013659
9139.0,9140.0,0.00767681708131693
9139.0,9239.0,0.003555913120427173
9140.0,9141.0,0.009396325307799797
9140.0,9240.0,0.002757005451571043
9141.0,9142.0,0.007408979616654387
9141.0,9241.0,0.004590544858730054
9142.0,9143.0,0.009421554593589922
9142.0,9242.0,0.0033036199615005713
9143.0,9243.0,0.004979364467478699
9146.0,9147.0,0.005278641463482317
9147.0,9148.0,0.007910880482601346
9148.0,9149.0,0.012073857253587277
9148.0,9248.0,0.003531182302003869
9149.0,9150.0,0.0061376187801134114
9149.0,9249.0,0.0032733607256125925
9150.0,9151.0,0.007413962460115691
9150.0,9250.0,0.003426452300845591
9151.0,9152.0,0.008830019074158384
9151.0,9251.0,0.0040013492936745495
9152.0,9153.0,0.008380995382411474
9152.0,9252.0,0.0037437853691146116
9153.0,9154.0,0.008739033956908306
9153.0,9253.0,0.005301535427592347
9154.0,9155.0,0.009426762116442809
9155.0,9156.0,0.007463574007805983
9155.0,9255.0,0.0036510828325299043
9156.0,9157.0,0.007992041444461997
9156.0,9256.0,0.005481054287263381
9157.0,9158.0,0.006996501629385737
9157.0,9257.0,0.004032185573603001
9158.0,9159.0,0.005035043888587309
9158.0,9258.0,0.003957563980532609
9159.0,9259.0,0.005931758668391776
9233.0,9234.0,0.011482252000805599
9234.0,9235.0,0.005670234510141657
9235.0,9236.0,0.007667615264865602
9235.0,9335.0,0.0033881536269757765
9236.0,9237.0,0.008655847945175677
9236.0,9336.0,0.002612238771627873
9237.0,9238.0,0.010365759075436529
9237.0,9337.0,0.003331359554297568
9238.0,9239.0,0.005771233040694157
9238.0,9338.0,0.005929196775280492
9239.0,9240.0,0.008692865966987139
9239.0,9339.0,0.002736858056235795
9240.0,9241.0,0.008032378719283594
9240.0,9340.0,0.0039023560524337132
9241.0,9242.0,0.008216562009137406
9242.0,9243.0,0.007204065286350541
9248.0,9249.0,0.010135308248395798
9248.0,9348.0,0.007086012128128666
9249.0,9250.0,0.007578089344946985
9249.0,9349.0,0.004175546107993888
9250.0,9251.0,0.006633021106554712
9250.0,9350.0,0.0040020267365407725
9251.0,9252.0,0.009966674685671308
9251.0,9351.0,0.0038490520911013382
9252.0,9253.0,0.00933685754951818
9252.0,9352.0,0.0033049026687597643
9253.0,9353.0,0.0026061094010044975
9255.0,9256.0,0.0074268984710977246
9255.0,9355.0,0.004173218912300313
9256.0,9257.0,0.009388755573024486
9256.0,9356.0,0.004275825985702013
9257.0,9258.0,0.006298159474799014
9257.0,9357.0,0.0038433216584104163
9258.0,9259.0,0.008840016020347626
9258.0,9358.0,0.004109115716309725
9259.0,9359.0,0.00213557026575726
9335.0,9336.0,0.005487160946245353
9336.0,9337.0,0.009872122181679563
9337.0,9338.0,0.006915612297548312
9337.0,9437.0,0.004264495864694891
9338.0,9339.0,0.010244294033754443
9339.0,9340.0,0.006898370696040986
9339.0,9439.0,0.005882101116097096
9340.0,9440.0,0.005392349677090102
9348.0,9349.0,0.004009858866593653
9348.0,9448.0,0.0060996062372947095
9349.0,9350.0,0.009112350376275048
9349.0,9449.0,0.004157996257813708
9350.0,9351.0,0.006205059332512363
9350.0,9450.0,0.004052001248772358
9351.0,9352.0,0.009234398843454889
9351.0,9451.0,0.0045255105457844245
9352.0,9353.0,0.00984796979889775
9352.0,9452.0,0.0043951902222770615
9353.0,9354.0,0.007420589605954501
9353.0,9453.0,0.0041947393435095475
9354.0,9355.0,0.007185077955039872
9354.0,9454.0,0.0038995337259766015
9355.0,9356.0,0.008713452806436551
9355.0,9455.0,0.00493789732274714
9356.0,9357.0,0.009130810989172651
9356.0,9456.0,0.003638306645960325
9357.0,9358.0,0.006138911682863946
9357.0,9457.0,0.0036447063818618322
9358.0,9359.0,0.00752735005231017
9358.0,9458.0,0.0035143482425607085
9359.0,9459.0,0.008410374456587334
9437.0,9537.0,0.0027037752587801187
9439.0,9440.0,0.006092623086979888
9440.0,9441.0,0.006607251924968356
9440.0,9540.0,0.00586753559511898
9441.0,9541.0,0.005525646787479304
9448.0,9449.0,0.007315915255114313
9448.0,9548.0,0.0028880104293411346
9449.0,9450.0,0.008101074552181276
9450.0,9451.0,0.008315244584496631
9450.0,9550.0,0.003707535279669824
9451.0,9452.0,0.008588180289793707
9451.0,9551.0,0.0038860253962099012
9452.0,9453.0,0.00793616171521223
9452.0,9552.0,0.004654290159628004
9453.0,9454.0,0.008042558748308847
9453.0,9553.0,0.003956335204457506
9454.0,9455.0,0.008035568550512934
9454.0,9554.0,0.00394424632217026
9455.0,9456.0,0.007930712238506393
9455.0,9555.0,0.0027376238839531782
9456.0,9457.0,0.008858104727310892
9456.0,9556.0,0.003759801783337364
9457.0,9458.0,0.008621010973777885
9457.0,9557.0,0.005142992577284004
9458.0,9459.0,0.010249317419223318
9458.0,9558.0,0.004432792171985027
9459.0,9460.0,0.005033908829130869
9459.0,9559.0,0.0026718933829757235
9460.0,9560.0,0.003732257822017931
9537.0,9538.0,0.002127741882840869
9540.0,9541.0,0.004550921095778449
9541.0,9542.0,0.011015182356184108
9541.0,9641.0,0.0037537474675364744
9542.0,9642.0,0.004911148872718112
9550.0,9551.0,0.0072222137333365685
9550.0,9650.0,0.006367937434523562
9551.0,9552.0,0.007997112165025577
9551.0,9651.0,0.0032306775527761594
9552.0,9553.0,0.00841085650632544
9552.0,9652.0,0.003282517188074001
9553.0,9554.0,0.007936747707972118
9554.0,9555.0,0.006968553167623828
9555.0,9556.0,0.00893916627040817
9555.0,9655.0,0.0041601518397812055
9556.0,9557.0,0.007863850456360165
9556.0,9656.0,0.00463046340013841
9557.0,9558.0,0.009269124140931052
9557.0,9657.0,0.0031994015846718168
9558.0,9559.0,0.00784288026747846
9558.0,9658.0,0.0038235009153910287
9559.0,9560.0,0.007119255368365745
9559.0,9659.0,0.0038336283922706595
9560.0,9660.0,0.004083229771885738
9641.0,9642.0,0.006214486755959803
9650.0,9651.0,0.010880896101425369
9651.0,9652.0,0.004574669268920082
9655.0,9656.0,0.008623640994383019
9655.0,9755.0,0.004318573282923203
9656.0,9657.0,0.00918686535658446
9656.0,9756.0,0.003161419333145861
9657.0,9658.0,0.007390716044470918
9657.0,9757.0,0.004528451413013428
9658.0,9659.0,0.008259909053373458
9658.0,9758.0,0.004745262813580638
9659.0,9660.0,0.0061154455880175745
9659.0,9759.0,0.005129726780246948
9749.0,9849.0,0.0067529833148021485
9754.0,9755.0,0.006926910238338381
9754.0,9854.0,0.005491943484777175
9755.0,9756.0,0.009662980983112739
9755.0,9855.0,0.004252716237892993
9756.0,9757.0,0.007352334064771502
9756.0,9856.0,0.004449804894599748
9757.0,9758.0,0.007161456451029993
9757.0,9857.0,0.0039042723701079355
9758.0,9759.0,0.010747642023253316
9758.0,9858.0,0.0032832960664547733
9759.0,9859.0,0.0033311772483631498
9843.0,9844.0,0.006711542911283395
9844.0,9944.0,0.0035503200897945082
9849.0,9949.0,0.003400100380872716
9854.0,9855.0,0.009186642142262903
9854.0,9954.0,0.0032453801087097404
9855.0,9856.0,0.0065157664107916985
9855.0,9955.0,0.003570007754892477
9856.0,9857.0,0.00996276089545461
9856.0,9956.0,0.003222396805172975
9857.0,9858.0,0.007660706663226481
9857.0,9957.0,0.0028861752303041156
9858.0,9859.0,0.008296710910957539
9948.0,9949.0,0.014918504332874968
9954.0,9955.0,0.005790290252655997
9955.0,9956.0,0.010072693940550667
9956.0,9957.0,0.006473015091130271
