osmid,y,x,ref,highway,street_count,geometry,lat_index,lon_index,grid_index,lat_center,lon_center,distance_to_center
42991095,40.501099,-74.247075,,,3,POINT (-74.247075 40.501099),0,1,1,40.5004559085,-74.24658457700001,0.08266153434136758
43012193,40.499659,-74.240821,,,4,POINT (-74.240821 40.499659),0,2,2,40.5004559085,-74.241040295,0.09053136578479438
42948912,40.5008375,-74.2366297,,,3,POINT (-74.2366297 40.5008375),0,3,3,40.5004559085,-74.23549601300002,0.10482734760147511
42959610,40.5023268,-74.2319249,,,1,POINT (-74.2319249 40.5023268),0,4,4,40.5004559085,-74.22995173100001,0.2666678350220517
43013566,40.505416,-74.251358,,,1,POINT (-74.251358 40.505416),1,0,100,40.5045971255,-74.25212885900001,0.11197580241373487
42971013,40.50394,-74.24609,,,4,POINT (-74.24609 40.50394),1,1,101,40.5045971255,-74.24658457700001,0.08418796674989375
42951674,40.505013,-74.240733,,,3,POINT (-74.240733 40.505013),1,2,102,40.5045971255,-74.241040295,0.05304183982132476
42986181,40.5032106,-74.236131,,turning_circle,1,POINT (-74.236131 40.5032106),1,3,103,40.5045971255,-74.23549601300002,0.16325475103474335
2613300615,40.5045833,-74.2295066,,,3,POINT (-74.2295066 40.5045833),1,4,104,40.5045971255,-74.22995173100001,0.03766609885175906
6277185526,40.504804,-74.2237669,,,1,POINT (-74.2237669 40.504804),1,5,105,40.5045971255,-74.22440744900001,0.058839674479878055
42978570,40.508939,-74.251198,,,3,POINT (-74.251198 40.508939),2,0,200,40.5087383425,-74.25212885900001,0.08179864587128982
42991645,40.509045,-74.246903,,traffic_signals,4,POINT (-74.246903 40.509045),2,1,201,40.5087383425,-74.24658457700001,0.04344443985902524
43009409,40.5086987,-74.2408864,,,1,POINT (-74.2408864 40.5086987),2,2,202,40.5087383425,-74.241040295,0.013737085744685499
42959913,40.508457,-74.235647,,,3,POINT (-74.235647 40.508457),2,3,203,40.5087383425,-74.23549601300002,0.03378787063600706
42956703,40.5085628,-74.229907,,,3,POINT (-74.229907 40.5085628),2,4,204,40.5087383425,-74.22995173100001,0.019882387958829476
6180506470,40.5085002,-74.2247291,,,3,POINT (-74.2247291 40.5085002),2,5,205,40.5087383425,-74.22440744900001,0.03795616724519507
42997741,40.5121262,-74.2529586,,,1,POINT (-74.2529586 40.5121262),3,0,300,40.5128795595,-74.25212885900001,0.10925926790071226
43003656,40.513763,-74.247219,,,3,POINT (-74.247219 40.513763),3,1,301,40.5128795595,-74.24658457700001,0.11192103887950569
42974546,40.512018,-74.241131,,,3,POINT (-74.241131 40.512018),3,2,302,40.5128795595,-74.241040295,0.09610743079577432
42959564,40.512914,-74.235143,,,3,POINT (-74.235143 40.512914),3,3,303,40.5128795595,-74.23549601300002,0.030087387008339142
42999211,40.5125519,-74.2309046,,,1,POINT (-74.2309046 40.5125519),3,4,304,40.5128795595,-74.22995173100001,0.08840936871701843
42965062,40.5122189,-74.2257211,,,1,POINT (-74.2257211 40.5122189),3,5,305,40.5128795595,-74.22440744900001,0.13315168592360405
2540791697,40.5130845,-74.206777,,,1,POINT (-74.206777 40.5130845),3,8,308,40.5128795595,-74.207774603,0.08735891709137583
42963201,40.5130336,-74.2033792,,,3,POINT (-74.2033792 40.5130336),3,9,309,40.5128795595,-74.20223032100002,0.09862155420920429
42972734,40.5131935,-74.1968546,,,3,POINT (-74.1968546 40.5131935),3,10,310,40.5128795595,-74.19668603900001,0.0377049238466778
42962042,40.5163614,-74.2443738,,,1,POINT (-74.2443738 40.5163614),4,1,401,40.517020776500004,-74.24658457700001,0.20075005157559486
6955288483,40.5169327,-74.2407919,,,3,POINT (-74.2407919 40.5169327),4,2,402,40.517020776500004,-74.241040295,0.023168993829957213
42959854,40.516336,-74.2363542,,,3,POINT (-74.2363542 40.516336),4,3,403,40.517020776500004,-74.23549601300002,0.1051692041656395
3566540124,40.5174222,-74.2310794,,,1,POINT (-74.2310794 40.5174222),4,4,404,40.517020776500004,-74.22995173100001,0.10525678740866291
42984472,40.5174944,-74.2124835,,,3,POINT (-74.2124835 40.5174944),4,7,407,40.517020776500004,-74.213318885,0.08809213822962002
42955584,40.516866,-74.207556,,,3,POINT (-74.207556 40.516866),4,8,408,40.517020776500004,-74.207774603,0.02525207912240495
42949944,40.516624,-74.202786,,traffic_signals,4,POINT (-74.202786 40.516624),4,9,409,40.517020776500004,-74.20223032100002,0.06444352502833364
43002970,40.51694,-74.1969084,,,3,POINT (-74.1969084 40.51694),4,10,410,40.517020776500004,-74.19668603900001,0.02083235735865314
42966464,40.5173062,-74.1932501,,,3,POINT (-74.1932501 40.5173062),4,11,411,40.517020776500004,-74.19114175700001,0.18102556777034617
43000929,40.5212846,-74.2394451,,traffic_signals,3,POINT (-74.2394451 40.5212846),5,2,502,40.5211619935,-74.241040295,0.135523769068966
43000925,40.5209196,-74.2351298,,traffic_signals,4,POINT (-74.2351298 40.5209196),5,3,503,40.5211619935,-74.23549601300002,0.04104460796615932
42954246,40.521188,-74.229706,,,4,POINT (-74.229706 40.521188),5,4,504,40.5211619935,-74.22995173100001,0.020971140679779614
448127471,40.5214628,-74.2238295,,turning_circle,1,POINT (-74.2238295 40.5214628),5,5,505,40.5211619935,-74.22440744900001,0.059205515306772524
42992450,40.5209186,-74.2175038,,,3,POINT (-74.2175038 40.5209186),5,6,506,40.5211619935,-74.21886316700001,0.11804719678824949
6710346033,40.5212367,-74.2135578,,,3,POINT (-74.2135578 40.5212367),5,7,507,40.5211619935,-74.213318885,0.02183644656968151
43017390,40.521448,-74.208456,,,1,POINT (-74.208456 40.521448),5,8,508,40.5211619935,-74.207774603,0.06579287668744291
42948559,40.519758,-74.2017968,,,1,POINT (-74.2017968 40.519758),5,9,509,40.5211619935,-74.20223032100002,0.16035996573250808
43004496,40.5211013,-74.1960041,,,1,POINT (-74.1960041 40.5211013),5,10,510,40.5211619935,-74.19668603900001,0.05803575151991402
42988907,40.522572,-74.190004,,,4,POINT (-74.190004 40.522572),5,11,511,40.5211619935,-74.19114175700001,0.18393023482369536
42971095,40.521992,-74.186083,,,3,POINT (-74.186083 40.521992),5,12,512,40.5211619935,-74.18559747500001,0.10100569548904081
43026098,40.5210042,-74.1808864,,,1,POINT (-74.1808864 40.5210042),5,13,513,40.5211619935,-74.180053193,0.07258094728256083
43010291,40.5220648,-74.1757568,,,2,POINT (-74.1757568 40.5220648),5,14,514,40.5211619935,-74.174508911,0.14561419568681666
999102812,40.5248561,-74.2464859,,,1,POINT (-74.2464859 40.5248561),6,1,601,40.5253032105,-74.24658457700001,0.050411146488136556
43001717,40.5253541,-74.2392788,,traffic_signals,3,POINT (-74.2392788 40.5253541),6,2,602,40.5253032105,-74.241040295,0.14899143688353023
447844637,40.5254552,-74.2358172,,,3,POINT (-74.2358172 40.5254552),6,3,603,40.5253032105,-74.23549601300002,0.03197800446180495
60652354,40.5255984,-74.2298476,,motorway_junction,3,POINT (-74.2298476 40.5255984),6,4,604,40.5253032105,-74.22995173100001,0.03398307724779059
60651554,40.5250777,-74.2237103,,motorway_junction,3,POINT (-74.2237103 40.5250777),6,5,605,40.5253032105,-74.22440744900001,0.0640377721402574
43008883,40.524706,-74.218517,,,3,POINT (-74.218517 40.524706),6,6,606,40.5253032105,-74.21886316700001,0.07256671703240063
42981001,40.5261186,-74.2132168,,turning_circle,1,POINT (-74.2132168 40.5261186),6,7,607,40.5253032105,-74.213318885,0.09107680564147651
42977750,40.5252948,-74.2073006,,,3,POINT (-74.2073006 40.5252948),6,8,608,40.5253032105,-74.207774603,0.04007430651651196
42992388,40.5259127,-74.2027707,,,3,POINT (-74.2027707 40.5259127),6,9,609,40.5253032105,-74.20223032100002,0.08172588380838013
9378109549,40.5256452,-74.1992876,,,1,POINT (-74.1992876 40.5256452),6,10,610,40.5253032105,-74.19668603900001,0.22315101146032668
2694778239,40.5247,-74.1895595,,,3,POINT (-74.1895595 40.5247),6,11,611,40.5253032105,-74.19114175700001,0.14961285428134313
2551023500,40.5261265,-74.1855036,,,3,POINT (-74.1855036 40.5261265),6,12,612,40.5253032105,-74.18559747500001,0.09188881527693092
43002718,40.525037,-74.1796271,,,3,POINT (-74.1796271 40.525037),6,13,613,40.5253032105,-74.180053193,0.04661808284487981
42956560,40.5259659,-74.175146,,,4,POINT (-74.175146 40.5259659),6,14,614,40.5253032105,-74.174508911,0.0912656498328071
42972716,40.5255587,-74.1684107,,,4,POINT (-74.1684107 40.5255587),6,15,615,40.5253032105,-74.16896462900002,0.054763811456129415
42964577,40.52688,-74.164132,,,3,POINT (-74.164132 40.52688),6,16,616,40.5253032105,-74.16342034700001,0.18536149026036422
42957879,40.528224,-74.239371,,traffic_signals,4,POINT (-74.239371 40.528224),7,2,702,40.5294444275,-74.241040295,0.19575635197178665
447825761,40.5279484,-74.2346325,,traffic_signals,3,POINT (-74.2346325 40.5279484),7,3,703,40.5294444275,-74.23549601300002,0.18165588793850151
42957865,40.5277185,-74.2302179,,traffic_signals,3,POINT (-74.2302179 40.5277185),7,4,704,40.5294444275,-74.22995173100001,0.193228347276954
448130452,40.5294254,-74.2224119,,,3,POINT (-74.2224119 40.5294254),7,5,705,40.5294444275,-74.22440744900001,0.16866943847300356
42956633,40.5293757,-74.2191587,,,3,POINT (-74.2191587 40.5293757),7,6,706,40.5294444275,-74.21886316700001,0.02612028631946383
43019273,40.529687,-74.2131554,,,3,POINT (-74.2131554 40.529687),7,7,707,40.5294444275,-74.213318885,0.030305872028282794
43001732,40.529105,-74.208414,,,3,POINT (-74.208414 40.529105),7,8,708,40.5294444275,-74.207774603,0.06591490379783475
42994617,40.529594,-74.202571,,,4,POINT (-74.202571 40.529594),7,9,709,40.5294444275,-74.20223032100002,0.03325119160850294
3659311105,40.5294381,-74.197012,,,3,POINT (-74.197012 40.5294381),7,10,710,40.5294444275,-74.19668603900001,0.02755795737409198
42972343,40.5289296,-74.1906698,,,4,POINT (-74.1906698 40.5289296),7,11,711,40.5294444275,-74.19114175700001,0.0697724333237008
2551025695,40.5295993,-74.1868345,,,1,POINT (-74.1868345 40.5295993),7,12,712,40.5294444275,-74.18559747500001,0.10595730226205881
42983579,40.529158,-74.180745,,turning_circle,1,POINT (-74.180745 40.529158),7,13,713,40.5294444275,-74.180053193,0.06658078303859646
43011617,40.528104,-74.175568,,,3,POINT (-74.175568 40.528104),7,14,714,40.5294444275,-74.174508911,0.17386129896939453
42967893,40.529304,-74.168903,,,4,POINT (-74.168903 40.529304),7,15,715,40.5294444275,-74.16896462900002,0.016460644991620792
42958203,40.52921,-74.163417,,,3,POINT (-74.163417 40.52921),7,16,716,40.5294444275,-74.16342034700001,0.026068683481941152
42963751,40.5294888,-74.1580152,,,3,POINT (-74.1580152 40.5294888),7,17,717,40.5294444275,-74.15787606500001,0.012752332757111873
42963740,40.531409,-74.155042,,,1,POINT (-74.155042 40.531409),7,18,718,40.5294444275,-74.15233178300001,0.31652212334651036
3009475839,40.5320439,-74.2409849,,turning_circle,1,POINT (-74.2409849 40.5320439),8,2,802,40.5335856445,-74.241040295,0.17149807656057242
42972371,40.5338209,-74.2357283,,,3,POINT (-74.2357283 40.5338209),8,3,803,40.5335856445,-74.23549601300002,0.032705830645337955
42972375,40.5334025,-74.2322905,,,1,POINT (-74.2322905 40.5334025),8,4,804,40.5335856445,-74.22995173100001,0.1986981908281734
447829783,40.5330914,-74.2247336,,,3,POINT (-74.2247336 40.5330914),8,5,805,40.5335856445,-74.22440744900001,0.06148225222329903
42973469,40.5345135,-74.2182676,,,3,POINT (-74.2182676 40.5345135),8,6,806,40.5335856445,-74.21886316700001,0.11479503235165808
410626511,40.5340047,-74.2115213,,turning_circle,1,POINT (-74.2115213 40.5340047),8,7,807,40.5335856445,-74.213318885,0.15890081983330598
42976737,40.5335467,-74.2074955,,,3,POINT (-74.2074955 40.5335467),8,8,808,40.5335856445,-74.207774603,0.023981485359019953
43002048,40.533822,-74.200997,,,4,POINT (-74.200997 40.533822),8,9,809,40.5335856445,-74.20223032100002,0.10749134583123038
43018167,40.533211,-74.196351,,,3,POINT (-74.196351 40.533211),8,10,810,40.5335856445,-74.19668603900001,0.05037012442060236
2694778243,40.5335509,-74.1901013,,,1,POINT (-74.1901013 40.5335509),8,11,811,40.5335856445,-74.19114175700001,0.08801485486863703
43002669,40.533541,-74.185878,,,3,POINT (-74.185878 40.533541),8,12,812,40.5335856445,-74.18559747500001,0.024221609687048805
42956580,40.533816,-74.1807621,,,1,POINT (-74.1807621 40.533816),8,13,813,40.5335856445,-74.180053193,0.06515626522377257
42975990,40.533592,-74.173587,,,3,POINT (-74.173587 40.533592),8,14,814,40.5335856445,-74.174508911,0.07791476638093861
42996048,40.5337909,-74.1694232,,,1,POINT (-74.1694232 40.5337909),8,15,815,40.5335856445,-74.16896462900002,0.04497549086039238
42957781,40.533369,-74.16317,,,3,POINT (-74.16317 40.533369),8,16,816,40.5335856445,-74.16342034700001,0.03206149763183109
43009534,40.533756,-74.15758,,,4,POINT (-74.15758 40.533756),8,17,817,40.5335856445,-74.15787606500001,0.0313824800486654
42975415,40.5336272,-74.1528432,,,3,POINT (-74.1528432 40.5336272),8,18,818,40.5335856445,-74.15233178300001,0.04346662296134172
42977715,40.5343294,-74.149379,,,1,POINT (-74.149379 40.5343294),8,19,819,40.5335856445,-74.146787501,0.23410350017164602
4621179666,40.5378606,-74.2414843,,turning_circle,1,POINT (-74.2414843 40.5378606),9,2,902,40.5377268615,-74.241040295,0.040360470615974524
42959936,40.5373906,-74.2357056,,,1,POINT (-74.2357056 40.5373906),9,3,903,40.5377268615,-74.23549601300002,0.04137326001374193
43013303,40.5380901,-74.231598,,,1,POINT (-74.231598 40.5380901),9,4,904,40.5377268615,-74.22995173100001,0.1448634016742239
42955834,40.5371994,-74.2237788,,,4,POINT (-74.2237788 40.5371994),9,5,905,40.5377268615,-74.22440744900001,0.07913388999613272
42955863,40.5376693,-74.218949,,,3,POINT (-74.218949 40.5376693),9,6,906,40.5377268615,-74.21886316700001,0.00967360085080339
42981080,40.5376356,-74.2135804,,,3,POINT (-74.2135804 40.5376356),9,7,907,40.5377268615,-74.213318885,0.024318044350898113
42976757,40.5377359,-74.2087665,,,4,POINT (-74.2087665 40.5377359),9,8,908,40.5377268615,-74.207774603,0.08382698610812662
42973439,40.537184,-74.202564,,,4,POINT (-74.202564 40.537184),9,9,909,40.5377268615,-74.20223032100002,0.0666248216471906
42976632,40.5378455,-74.1974412,,,4,POINT (-74.1974412 40.5378455),9,10,910,40.5377268615,-74.19668603900001,0.06516463487018838
42946752,40.5375028,-74.1905131,,,3,POINT (-74.1905131 40.5375028),9,11,911,40.5377268615,-74.19114175700001,0.058677245897352875
42997019,40.5375954,-74.1857907,,,4,POINT (-74.1857907 40.5375954),9,12,912,40.5377268615,-74.18559747500001,0.021915881254280817
42961379,40.5381283,-74.1796617,,,1,POINT (-74.1796617 40.5381283),9,13,913,40.5377268615,-74.180053193,0.05556121733892798
42967935,40.5378695,-74.174137,,traffic_signals,4,POINT (-74.174137 40.5378695),9,14,914,40.5377268615,-74.174508911,0.035203923563229544
43017275,40.538326,-74.167865,,,3,POINT (-74.167865 40.538326),9,15,915,40.5377268615,-74.16896462900002,0.11433873258502564
43006968,40.538048,-74.162801,,,3,POINT (-74.162801 40.538048),9,16,916,40.5377268615,-74.16342034700001,0.06335946403269474
42994578,40.5382246,-74.1573599,,,1,POINT (-74.1573599 40.5382246),9,17,917,40.5377268615,-74.15787606500001,0.07046824090961076
10079555996,40.5374079,-74.1526021,,,3,POINT (-74.1526021 40.5374079),9,18,918,40.5377268615,-74.15233178300001,0.04218674351145391
2808529416,40.5374053,-74.1469349,,,1,POINT (-74.1469349 40.5374053),9,19,919,40.5377268615,-74.146787501,0.03786352061846679
42956053,40.5376476,-74.1428113,,,1,POINT (-74.1428113 40.5376476),9,20,920,40.5377268615,-74.141243219,0.1328046592262495
43013724,40.542281,-74.24617,,,1,POINT (-74.24617 40.542281),10,1,1001,40.5418680785,-74.24658457700001,0.05775289910434238
43005699,40.54115,-74.237533,,,3,POINT (-74.237533 40.54115),10,3,1003,40.5418680785,-74.23549601300002,0.18974538256583845
8435187188,40.5422008,-74.2229288,,,1,POINT (-74.2229288 40.5422008),10,5,1005,40.5418680785,-74.22440744900001,0.1303086387453334
42961222,40.541829,-74.2180177,,,3,POINT (-74.2180177 40.541829),10,6,1006,40.5418680785,-74.21886316700001,0.0715744246071349
43017404,40.5414056,-74.2142624,,,3,POINT (-74.2142624 40.5414056),10,7,1007,40.5418680785,-74.213318885,0.09487398478224066
42943619,40.541694,-74.2079402,,traffic_signals,4,POINT (-74.2079402 40.541694),10,8,1008,40.5418680785,-74.207774603,0.02388482969673973
42952277,40.541948,-74.202,,,3,POINT (-74.202 40.541948),10,9,1009,40.5418680785,-74.20223032100002,0.02139520110640437
42972200,40.541847,-74.196713,,,4,POINT (-74.196713 40.541847),10,10,1010,40.5418680785,-74.19668603900001,0.003268605312670576
42948285,40.541947,-74.190875,,,4,POINT (-74.190875 40.541947),10,11,1011,40.5418680785,-74.19114175700001,0.024189106803723378
7797429375,40.541944,-74.1855953,,,4,POINT (-74.1855953 40.541944),10,12,1012,40.5418680785,-74.18559747500001,0.008444085970007315
418106022,40.5417739,-74.1808496,,,1,POINT (-74.1808496 40.5417739),10,13,1013,40.5418680785,-74.180053193,0.06810675340629119
2551545282,40.5418145,-74.1744861,,,3,POINT (-74.1744861 40.5418145),10,14,1014,40.5418680785,-74.174508911,0.00626171683309388
43016165,40.5417756,-74.1690616,,,3,POINT (-74.1690616 40.5417756),10,15,1015,40.5418680785,-74.16896462900002,0.013148623181778778
43022489,40.542217,-74.163773,,,1,POINT (-74.163773 40.542217),10,16,1016,40.5418680785,-74.16342034700001,0.04892141553175291
42948174,40.541667,-74.15795,,,4,POINT (-74.15795 40.541667),10,17,1017,40.5418680785,-74.15787606500001,0.023215355618926452
42952142,40.542126,-74.152764,,,3,POINT (-74.152764 40.542126),10,18,1018,40.5418680785,-74.15233178300001,0.04643714863808837
42956034,40.541726,-74.147661,,,3,POINT (-74.147661 40.541726),10,19,1019,40.5418680785,-74.146787501,0.07548297246908359
2551248811,40.542216,-74.143156,,,1,POINT (-74.143156 40.542216),10,20,1020,40.5418680785,-74.141243219,0.16619601741805598
43005657,40.545969,-74.229783,,,3,POINT (-74.229783 40.545969),11,4,1104,40.5460092955,-74.22995173100001,0.014944484567323604
446736225,40.5464853,-74.2225857,,,2,POINT (-74.2225857 40.5464853),11,5,1105,40.5460092955,-74.22440744900001,0.1627744773122164
43007818,40.5457,-74.219543,,,3,POINT (-74.219543 40.5457),11,6,1106,40.5460092955,-74.21886316700001,0.06695141273327591
43011242,40.545981,-74.2137,,,3,POINT (-74.2137 40.545981),11,7,1107,40.5460092955,-74.213318885,0.03235576029727207
43027682,40.545421,-74.207861,,,1,POINT (-74.207861 40.545421),11,8,1108,40.5460092955,-74.207774603,0.06582155303464295
42955099,40.5467072,-74.2021903,,,3,POINT (-74.2021903 40.5467072),11,9,1109,40.5460092955,-74.20223032100002,0.07767708059297955
42985459,40.545949,-74.1967,,,4,POINT (-74.1967 40.545949),11,10,1110,40.5460092955,-74.19668603900001,0.006807539086489606
43021334,40.5459528,-74.1915222,,turning_circle,1,POINT (-74.1915222 40.5459528),11,11,1111,40.5460092955,-74.19114175700001,0.03275372200743503
43019478,40.546289,-74.185122,,,4,POINT (-74.185122 40.546289),11,12,1112,40.5460092955,-74.18559747500001,0.05080720531217054
11225848539,40.5460135,-74.1797357,,,1,POINT (-74.1797357 40.5460135),11,13,1113,40.5460092955,-74.180053193,0.026830728926546053
6696165806,40.5461355,-74.1741271,,,5,POINT (-74.1741271 40.5461355),11,14,1114,40.5460092955,-74.174508911,0.035181217372959296
42960319,40.54605,-74.168739,,,3,POINT (-74.168739 40.54605),11,15,1115,40.5460092955,-74.16896462900002,0.01959448873903201
3629287827,40.5454376,-74.1635774,,,1,POINT (-74.1635774 40.5454376),11,16,1116,40.5460092955,-74.16342034700001,0.0649399697920189
42988218,40.546029,-74.157789,,,1,POINT (-74.157789 40.546029),11,17,1117,40.5460092955,-74.15787606500001,0.007675931186375573
42972878,40.545753,-74.151628,,,3,POINT (-74.151628 40.545753),11,18,1118,40.5460092955,-74.15233178300001,0.06594268445914415
42965950,40.545701,-74.146732,,stop,4,POINT (-74.146732 40.545701),11,19,1119,40.5460092955,-74.146787501,0.034600173157655775
2663757134,40.5463865,-74.1413567,,,3,POINT (-74.1413567 40.5463865),11,20,1120,40.5460092955,-74.141243219,0.04302528493388188
42985960,40.5465513,-74.1377128,,,1,POINT (-74.1377128 40.5465513),11,21,1121,40.5460092955,-74.13569893700002,0.18051893550184753
11123987007,40.5494071,-74.2339105,,,1,POINT (-74.2339105 40.5494071),12,3,1203,40.550150512500004,-74.23549601300002,0.15741278424486402
43003588,40.5490023,-74.2232998,,,3,POINT (-74.2232998 40.5490023),12,5,1205,40.550150512500004,-74.22440744900001,0.15830151559567673
446761460,40.5504241,-74.2181472,,,3,POINT (-74.2181472 40.5504241),12,6,1206,40.550150512500004,-74.21886316700001,0.06771076272357193
43004133,40.5504958,-74.2131498,,,3,POINT (-74.2131498 40.5504958),12,7,1207,40.550150512500004,-74.213318885,0.04096589691529897
43027190,40.549975,-74.208881,,,3,POINT (-74.208881 40.549975),12,8,1208,40.550150512500004,-74.207774603,0.09549515035582734
42987676,40.550793,-74.2009691,,traffic_signals,4,POINT (-74.2009691 40.550793),12,9,1209,40.550150512500004,-74.20223032100002,0.12829233333743986
42971446,40.5497198,-74.1962388,,,3,POINT (-74.1962388 40.5497198),12,10,1210,40.550150512500004,-74.19668603900001,0.06100515253774473
2550851886,40.5503877,-74.1915213,,,3,POINT (-74.1915213 40.5503877),12,11,1211,40.550150512500004,-74.19114175700001,0.04152009108686131
42979301,40.549288,-74.185891,,,4,POINT (-74.185891 40.549288),12,12,1212,40.550150512500004,-74.18559747500001,0.09906159859515043
43016863,40.550026,-74.179658,,,3,POINT (-74.179658 40.550026),12,13,1213,40.550150512500004,-74.180053193,0.036146564938983376
42979701,40.550327,-74.17502,,,3,POINT (-74.17502 40.550327),12,14,1214,40.550150512500004,-74.174508911,0.04743201352195569
42976556,40.550303,-74.169685,,stop,4,POINT (-74.169685 40.550303),12,15,1215,40.550150512500004,-74.16896462900002,0.06318180139767375
43003770,40.5503948,-74.1632224,,,1,POINT (-74.1632224 40.5503948),12,16,1216,40.550150512500004,-74.16342034700001,0.031899325575872675
42956956,40.549913,-74.158374,,,4,POINT (-74.158374 40.549913),12,17,1217,40.550150512500004,-74.15787606500001,0.04967328578149002
42972685,40.5503615,-74.1520888,,,3,POINT (-74.1520888 40.5503615),12,18,1218,40.550150512500004,-74.15233178300001,0.031174849939772674
43015342,40.550028,-74.146577,,,1,POINT (-74.146577 40.550028),12,19,1219,40.550150512500004,-74.146787501,0.022403015742113303
42997095,40.549589,-74.141499,,,4,POINT (-74.141499 40.549589),12,20,1220,40.550150512500004,-74.141243219,0.06607161694788606
2663757213,40.5504641,-74.1361381,,,3,POINT (-74.1361381 40.5504641),12,21,1221,40.550150512500004,-74.13569893700002,0.05091795402812425
10288671669,40.5502916,-74.112959,,,1,POINT (-74.112959 40.5502916),12,25,1225,40.550150512500004,-74.113521809,0.050072795970669735
5490741106,40.5517966,-73.9324986,,,1,POINT (-73.9324986 40.5517966),12,58,1258,40.550150512500004,-73.93056050300001,0.24559267068473628
43003590,40.556052,-74.226403,,,1,POINT (-74.226403 40.556052),13,5,1305,40.5542917295,-74.22440744900001,0.25833036159349215
42953575,40.554715,-74.217209,,,3,POINT (-74.217209 40.554715),13,6,1306,40.5542917295,-74.21886316700001,0.14746410427624682
42943687,40.5542788,-74.2129287,,,3,POINT (-74.2129287 40.5542788),13,7,1307,40.5542917295,-74.213318885,0.032996048422178806
5516522850,40.5535444,-74.210286,,,1,POINT (-74.210286 40.5535444),13,8,1308,40.5542917295,-74.207774603,0.22786878742045372
42950113,40.554343,-74.202628,,,3,POINT (-74.202628 40.554343),13,9,1309,40.5542917295,-74.20223032100002,0.03407807929239339
43013499,40.5535338,-74.1970934,,turning_circle,1,POINT (-74.1970934 40.5535338),13,10,1310,40.5542917295,-74.19668603900001,0.09103421922052211
43017064,40.554087,-74.192752,,traffic_signals,3,POINT (-74.192752 40.554087),13,11,1311,40.5542917295,-74.19114175700001,0.1379328603944781
43000507,40.553981,-74.185755,,,3,POINT (-74.185755 40.553981),13,12,1312,40.5542917295,-74.18559747500001,0.037026009958832685
43002408,40.554167,-74.179503,,,3,POINT (-74.179503 40.554167),13,13,1313,40.5542917295,-74.180053193,0.04850800287014282
42982645,40.554024,-74.174781,,,3,POINT (-74.174781 40.554024),13,14,1314,40.5542917295,-74.174508911,0.03761229526446255
42999097,40.554131,-74.168367,,,3,POINT (-74.168367 40.554131),13,15,1315,40.5542917295,-74.16896462900002,0.053560468957991526
6663103721,40.5533166,-74.1633967,,,4,POINT (-74.1633967 40.5533166),13,16,1316,40.5542917295,-74.16342034700001,0.10844785677367472
43002216,40.554058,-74.157672,,stop,4,POINT (-74.157672 40.554058),13,17,1317,40.5542917295,-74.15787606500001,0.03118794878349267
43012257,40.55436,-74.151687,,,4,POINT (-74.151687 40.55436),13,18,1318,40.5542917295,-74.15233178300001,0.05500075292303092
42976476,40.554405,-74.146994,,,4,POINT (-74.146994 40.554405),13,19,1319,40.5542917295,-74.146787501,0.02151743794056741
42959435,40.554617,-74.1407593,,,3,POINT (-74.1407593 40.554617),13,20,1320,40.5542917295,-74.141243219,0.054586014657937575
42986464,40.5547385,-74.1361113,,,3,POINT (-74.1361113 40.5547385),13,21,1321,40.5542917295,-74.13569893700002,0.06067677913005453
42975117,40.5544771,-74.1305019,,,3,POINT (-74.1305019 40.5544771),13,22,1322,40.5542917295,-74.13015465500001,0.03585412604940217
448202638,40.5551489,-74.1237483,,,1,POINT (-74.1237483 40.5551489),13,23,1323,40.5542917295,-74.12461037300001,0.11995421691651666
43006710,40.554545,-74.119132,,,1,POINT (-74.119132 40.554545),13,24,1324,40.5542917295,-74.11906609100001,0.028707602327337302
7429299323,40.552942,-74.1143631,,,3,POINT (-74.1143631 40.552942),13,25,1325,40.5542917295,-74.113521809,0.16606285999637047
42977240,40.5533488,-74.1101164,,,1,POINT (-74.1101164 40.5533488),13,26,1326,40.5542917295,-74.107977527,0.2089188550824559
2668633566,40.5553671,-73.9311825,,,2,POINT (-73.9311825 40.5553671),13,58,1358,40.5542917295,-73.93056050300001,0.13061295298952294
42957933,40.557631,-74.2069148,,traffic_signals,4,POINT (-74.2069148 40.557631),14,8,1408,40.5584329465,-74.207774603,0.11501190149442708
895710918,40.5566547,-74.2039449,,traffic_signals,4,POINT (-74.2039449 40.5566547),14,9,1409,40.5584329465,-74.20223032100002,0.2451104479625424
43017059,40.557813,-74.196604,,traffic_signals,3,POINT (-74.196604 40.557813),14,10,1410,40.5584329465,-74.19668603900001,0.06928243042519261
43009746,40.560299,-74.184096,,,3,POINT (-74.184096 40.560299),14,12,1412,40.5584329465,-74.18559747500001,0.24319417990113046
4205050907,40.5577414,-74.1805715,,,4,POINT (-74.1805715 40.5577414),14,13,1413,40.5584329465,-74.180053193,0.08848915997480444
42993898,40.5587065,-74.1743478,,,3,POINT (-74.1743478 40.5587065),14,14,1414,40.5584329465,-74.174508911,0.03332398019726366
42999116,40.55841,-74.169317,,,3,POINT (-74.169317 40.55841),14,15,1415,40.5584329465,-74.16896462900002,0.02987731416425715
42956312,40.557705,-74.163482,,,3,POINT (-74.163482 40.557705),14,16,1416,40.5584329465,-74.16342034700001,0.0811113569146475
42956284,40.558463,-74.157623,,stop,4,POINT (-74.157623 40.558463),14,17,1417,40.5584329465,-74.15787606500001,0.021638430985738814
42982660,40.557545,-74.152194,,,4,POINT (-74.152194 40.557545),14,18,1418,40.5584329465,-74.15233178300001,0.0994188965351877
43011493,40.558856,-74.147067,,,3,POINT (-74.147067 40.558856),14,19,1419,40.5584329465,-74.146787501,0.0526347299972595
42962786,40.55834,-74.141794,,turning_circle,1,POINT (-74.141794 40.55834),14,20,1420,40.5584329465,-74.141243219,0.04766379138767743
42966033,40.5587153,-74.1355407,,,3,POINT (-74.1355407 40.5587153),14,21,1421,40.5584329465,-74.13569893700002,0.034123649342595194
42949321,40.558911,-74.129982,,,4,POINT (-74.129982 40.558911),14,22,1422,40.5584329465,-74.13015465500001,0.05512190638917449
42971258,40.557961,-74.123951,,,4,POINT (-74.123951 40.557961),14,23,1423,40.5584329465,-74.12461037300001,0.07653009327865977
43004986,40.5587,-74.119556,,,1,POINT (-74.119556 40.5587),14,24,1424,40.5584329465,-74.11906609100001,0.05093815394502942
42965026,40.5588301,-74.1133492,,,3,POINT (-74.1133492 40.5588301),14,25,1425,40.5584329465,-74.113521809,0.046506619982968525
43024317,40.558454,-74.10771,,,1,POINT (-74.10771 40.558454),14,26,1426,40.5584329465,-74.107977527,0.022721491522673654
42966667,40.560144,-74.101524,,,3,POINT (-74.101524 40.560144),14,27,1427,40.5584329465,-74.10243324500001,0.20518059816209938
42821596,40.5578373,-73.9285372,,,3,POINT (-73.9285372 40.5578373),14,58,1458,40.5584329465,-73.93056050300001,0.18331222121872975
8397464997,40.5593945,-73.9253327,,,3,POINT (-73.9253327 40.5593945),14,59,1459,40.5584329465,-73.925016221,0.11021190106718805
42855837,40.5591562,-73.9171412,,stop,3,POINT (-73.9171412 40.5591562),14,60,1460,40.5584329465,-73.919471939,0.2126895909262827
42941559,40.5585773,-73.9136815,,crossing,1,POINT (-73.9136815 40.5585773),14,61,1461,40.5584329465,-73.913927657,0.026269524259203758
42851569,40.556848,-73.910098,,,1,POINT (-73.910098 40.556848),14,62,1462,40.5584329465,-73.90838337500001,0.22812736247417525
42957888,40.560836,-74.1998995,,,3,POINT (-74.1998995 40.560836),15,9,1509,40.5625741635,-74.20223032100002,0.2759052603475463
42996645,40.561098,-74.198618,,,3,POINT (-74.198618 40.561098),15,10,1510,40.5625741635,-74.19668603900001,0.2314687324056561
43005394,40.5626617,-74.1925941,,,3,POINT (-74.1925941 40.5626617),15,11,1511,40.5625741635,-74.19114175700001,0.12307119154155854
2545470131,40.5631515,-74.1843473,,,3,POINT (-74.1843473 40.5631515),15,12,1512,40.5625741635,-74.18559747500001,0.12358858998243384
4205050924,40.5627842,-74.1807873,,,4,POINT (-74.1807873 40.5627842),15,13,1513,40.5625741635,-74.180053193,0.06626525187755394
43005210,40.5623212,-74.1736171,,,3,POINT (-74.1736171 40.5623212),15,14,1514,40.5625741635,-74.174508911,0.08041522323834698
42999125,40.5632994,-74.1697276,,traffic_signals,3,POINT (-74.1697276 40.5632994),15,15,1515,40.5625741635,-74.16896462900002,0.10323362781435118
43001143,40.5611265,-74.1619125,,,3,POINT (-74.1619125 40.5611265),15,16,1516,40.5625741635,-74.16342034700001,0.2052726190128301
43005172,40.5624981,-74.1574081,,,3,POINT (-74.1574081 40.5624981),15,17,1517,40.5625741635,-74.15787606500001,0.0404257482144892
679215190,40.5629126,-74.1527601,,,1,POINT (-74.1527601 40.5629126),15,18,1518,40.5625741635,-74.15233178300001,0.052204556701356944
42968643,40.563392,-74.147216,,,3,POINT (-74.147216 40.563392),15,19,1519,40.5625741635,-74.146787501,0.09787834653094303
42965018,40.5626335,-74.1407938,,turning_circle,1,POINT (-74.1407938 40.5626335),15,20,1520,40.5625741635,-74.141243219,0.038533437558622735
42949287,40.561576,-74.133972,,,3,POINT (-74.133972 40.561576),15,21,1521,40.5625741635,-74.13569893700002,0.18330517798811977
42960920,40.5626347,-74.1300987,,,1,POINT (-74.1300987 40.5626347),15,22,1522,40.5625741635,-74.13015465500001,0.008225166598748175
42996113,40.563085,-74.124504,,traffic_signals,4,POINT (-74.124504 40.563085),15,23,1523,40.5625741635,-74.12461037300001,0.057508778184631924
43011700,40.562548,-74.119094,,,3,POINT (-74.119094 40.562548),15,24,1524,40.5625741635,-74.11906609100001,0.00374459390150501
42952339,40.562675,-74.114299,,,3,POINT (-74.114299 40.562675),15,25,1525,40.5625741635,-74.113521809,0.06660325196473078
42973951,40.563146,-74.107869,,,4,POINT (-74.107869 40.563146),15,26,1526,40.5625741635,-74.107977527,0.06424281701800912
42984423,40.56283,-74.102603,,,3,POINT (-74.102603 40.56283),15,27,1527,40.5625741635,-74.10243324500001,0.03185759080080762
10993147723,40.5638751,-74.0963866,,,1,POINT (-74.0963866 40.5638751),15,28,1528,40.5625741635,-74.09688896300001,0.1507536075452635
42810345,40.5612008,-73.9253905,,,1,POINT (-73.9253905 40.5612008),15,59,1559,40.5625741635,-73.925016221,0.1559497352948758
42851241,40.5607761,-73.9202734,,,3,POINT (-73.9202734 40.5607761),15,60,1560,40.5625741635,-73.919471939,0.21108772343181603
42846510,40.562617,-73.914848,,,3,POINT (-73.914848 40.562617),15,61,1561,40.5625741635,-73.913927657,0.07789114358056391
4987290456,40.5614668,-73.9100612,,,2,POINT (-73.9100612 40.5614668),15,62,1562,40.5625741635,-73.90838337500001,0.1877509504127208
5591684343,40.5643163,-73.8943338,,,3,POINT (-73.8943338 40.5643163),15,65,1565,40.5625741635,-73.891750529,0.29179613448847574
2356154901,40.5629597,-73.886287,,,1,POINT (-73.886287 40.5629597),15,66,1566,40.5625741635,-73.886206247,0.04340904069846397
42802119,40.5638864,-73.881498,,,1,POINT (-73.881498 40.5638864),15,67,1567,40.5625741635,-73.880661965,0.1621064227807277
42945050,40.567388,-74.194098,,,3,POINT (-74.194098 40.567388),16,10,1610,40.5667153805,-74.19668603900001,0.23104853878367873
446727853,40.5674471,-74.1932116,,,3,POINT (-74.1932116 40.5674471),16,11,1611,40.5667153805,-74.19114175700001,0.19284180383233077
43002781,40.5654091,-74.1833789,,,3,POINT (-74.1833789 40.5654091),16,12,1612,40.5667153805,-74.18559747500001,0.23710322976167778
4205050930,40.5651974,-74.1812913,,traffic_signals,3,POINT (-74.1812913 40.5651974),16,13,1613,40.5667153805,-74.180053193,0.198565496343302
42963833,40.564941,-74.155113,,,3,POINT (-74.155113 40.564941),16,17,1617,40.5667153805,-74.15787606500001,0.3056177315099211
42978948,40.566776,-74.152956,,traffic_signals,3,POINT (-74.152956 40.566776),16,18,1618,40.5667153805,-74.15233178300001,0.05315615853671396
6912997043,40.5681455,-74.1492615,,,1,POINT (-74.1492615 40.5681455),16,19,1619,40.5667153805,-74.146787501,0.26259908646003965
43008881,40.5675916,-74.1405422,,,1,POINT (-74.1405422 40.5675916),16,20,1620,40.5667153805,-74.141243219,0.11401376831780104
42980288,40.566746,-74.136043,,,4,POINT (-74.136043 40.566746),16,21,1621,40.5667153805,-74.13569893700002,0.02926145407391083
42981504,40.5666396,-74.130912,,,3,POINT (-74.130912 40.5666396),16,22,1622,40.5667153805,-74.13015465500001,0.06452489237378388
42966121,40.5668233,-74.124259,,,3,POINT (-74.124259 40.5668233),16,23,1623,40.5667153805,-74.12461037300001,0.0320142750556073
42963263,40.566531,-74.11879,,,3,POINT (-74.11879 40.566531),16,24,1624,40.5667153805,-74.11906609100001,0.03105185456317441
42973930,40.5664573,-74.1136956,,traffic_signals,4,POINT (-74.1136956 40.5664573),16,25,1625,40.5667153805,-74.113521809,0.03223405422413367
2550650854,40.5669536,-74.1080475,,,3,POINT (-74.1080475 40.5669536),16,26,1626,40.5667153805,-74.107977527,0.027140211893945856
42972245,40.566647,-74.102089,,,3,POINT (-74.102089 40.566647),16,27,1627,40.5667153805,-74.10243324500001,0.030055777385083644
43025754,40.5687806,-74.094603,,,1,POINT (-74.094603 40.5687806),16,28,1628,40.5667153805,-74.09688896300001,0.300032164718332
42950425,40.568409,-74.093873,,,1,POINT (-74.093873 40.568409),16,29,1629,40.5667153805,-74.09134468100001,0.28473489932040386
2887875016,40.5648596,-73.9118461,,,3,POINT (-73.9118461 40.5648596),16,61,1661,40.5667153805,-73.913927657,0.27110482008164366
5591684339,40.565355,-73.8909219,,,3,POINT (-73.8909219 40.565355),16,65,1665,40.5667153805,-73.891750529,0.16667642317493728
5588040143,40.5663007,-73.8845971,,,3,POINT (-73.8845971 40.5663007),16,66,1666,40.5667153805,-73.886206247,0.14353192745670026
278215970,40.567138,-73.8802344,,,3,POINT (-73.8802344 40.567138),16,67,1667,40.5667153805,-73.880661965,0.0592681727608059
278219021,40.5662453,-73.8731499,,,3,POINT (-73.8731499 40.5662453),16,68,1668,40.5667153805,-73.87511768300001,0.17424258066973736
4436933882,40.5671587,-73.8697557,,,3,POINT (-73.8697557 40.5671587),16,69,1669,40.5667153805,-73.86957340100001,0.05164398960120487
42879175,40.567598,-73.863088,,,1,POINT (-73.863088 40.567598),16,70,1670,40.5667153805,-73.86402911900001,0.12629910735258512
42888735,40.568638,-73.860624,,,1,POINT (-73.860624 40.568638),16,71,1671,40.5667153805,-73.858484837,0.2799167214092252
7425597772,40.5705139,-74.1951072,,,1,POINT (-74.1951072 40.5705139),17,10,1710,40.5708565975,-74.19668603900001,0.13869286305459458
446727480,40.5724925,-74.1900633,5,motorway_junction,3,POINT (-74.1900633 40.5724925),17,11,1711,40.5708565975,-74.19114175700001,0.20343647427874237
447761204,40.5709512,-74.1697162,,traffic_signals,4,POINT (-74.1697162 40.5709512),17,15,1715,40.5708565975,-74.16896462900002,0.06434625465728122
42961757,40.569978,-74.151767,,,1,POINT (-74.151767 40.569978),17,18,1718,40.5708565975,-74.15233178300001,0.10872032003359063
42954573,40.5708873,-74.1478972,,traffic_signals,3,POINT (-74.1478972 40.5708873),17,19,1719,40.5708565975,-74.146787501,0.09379165269361486
42985448,40.570855,-74.141516,,,3,POINT (-74.141516 40.570855),17,20,1720,40.5708565975,-74.141243219,0.02304083584002933
42949822,40.570882,-74.135347,,,3,POINT (-74.135347 40.570882),17,21,1721,40.5708565975,-74.13569893700002,0.029859870481841442
42948393,40.570385,-74.129686,,,3,POINT (-74.129686 40.570385),17,22,1722,40.5708565975,-74.13015465500001,0.06570246152951997
42999424,40.570844,-74.125109,,,4,POINT (-74.125109 40.570844),17,23,1723,40.5708565975,-74.12461037300001,0.04213928031971289
42989939,40.570881,-74.119238,,,3,POINT (-74.119238 40.570881),17,24,1724,40.5708565975,-74.11906609100001,0.014771464157273624
42995411,40.570446,-74.113005,,,4,POINT (-74.113005 40.570446),17,25,1725,40.5708565975,-74.113521809,0.06316634110691487
43006610,40.5705118,-74.1081859,,,1,POINT (-74.1081859 40.5705118),17,26,1726,40.5708565975,-74.107977527,0.04218645124158164
43022691,40.5722555,-74.1013141,,,1,POINT (-74.1013141 40.5722555),17,27,1727,40.5708565975,-74.10243324500001,0.18202007185126196
43004459,40.571368,-74.096609,,,4,POINT (-74.096609 40.571368),17,28,1728,40.5708565975,-74.09688896300001,0.061585997204424855
42950407,40.5712711,-74.0911683,,,4,POINT (-74.0911683 40.5712711),17,29,1729,40.5708565975,-74.09134468100001,0.048438466756904
3701831383,40.5722138,-74.0012566,,,1,POINT (-74.0012566 40.5722138),17,45,1745,40.5708565975,-74.00263616900001,0.1906634863517333
1167491913,40.5718041,-73.9979089,,turning_circle,1,POINT (-73.9979089 40.5718041),17,46,1746,40.5708565975,-73.99709188700001,0.12594542175499004
1167467329,40.5717899,-73.9914421,,,1,POINT (-73.9914421 40.5717899),17,47,1747,40.5708565975,-73.99154760500001,0.10416040040408692
1167466705,40.5726377,-73.9872588,,,1,POINT (-73.9872588 40.5726377),17,48,1748,40.5708565975,-73.986003323,0.22465160054140826
1701250974,40.5697504,-73.8748441,,,3,POINT (-73.8748441 40.5697504),17,68,1768,40.5708565975,-73.87511768300001,0.12515533040079332
278219016,40.5711149,-73.8705405,,,3,POINT (-73.8705405 40.5711149),17,69,1769,40.5708565975,-73.86957340100001,0.08658728024194014
42865921,40.5708831,-73.8640006,,,4,POINT (-73.8640006 40.5708831),17,70,1770,40.5708565975,-73.86402911900001,0.0038061684610761867
278223109,40.5713135,-73.8592137,,,4,POINT (-73.8592137 40.5713135),17,71,1771,40.5708565975,-73.858484837,0.07981918875094741
42828130,40.571412,-73.8532646,,,1,POINT (-73.8532646 40.571412),17,72,1772,40.5708565975,-73.852940555,0.06755116450710714
42828118,40.5726786,-73.8500645,,,1,POINT (-73.8500645 40.5726786),17,73,1773,40.5708565975,-73.847396273,0.3030436869523977
10203201631,40.5752514,-74.1699656,,,3,POINT (-74.1699656 40.5752514),18,15,1815,40.5749978145,-74.16896462900002,0.08911900295419242
3656043280,40.574752,-74.1640728,,,3,POINT (-74.1640728 40.574752),18,16,1816,40.5749978145,-74.16342034700001,0.06151193767354989
43001774,40.5768175,-74.1591681,,,3,POINT (-74.1591681 40.5768175),18,17,1817,40.5749978145,-74.15787606500001,0.22988915694977943
43027586,40.575749,-74.147016,,,2,POINT (-74.147016 40.575749),18,19,1819,40.5749978145,-74.146787501,0.0857284443499515
42984298,40.5744308,-74.1415352,,,4,POINT (-74.1415352 40.5744308),18,20,1820,40.5749978145,-74.141243219,0.06770030006437369
2533057691,40.5753787,-74.1357015,,,1,POINT (-74.1357015 40.5753787),18,21,1821,40.5749978145,-74.13569893700002,0.04235308841844451
42984174,40.5752931,-74.1296516,,,3,POINT (-74.1296516 40.5752931),18,22,1822,40.5749978145,-74.13015465500001,0.053695959899725906
42987467,40.5746659,-74.1248751,,,3,POINT (-74.1248751 40.5746659),18,23,1823,40.5749978145,-74.12461037300001,0.04315144030273995
42969214,40.5754135,-74.1190397,,,3,POINT (-74.1190397 40.5754135),18,24,1824,40.5749978145,-74.11906609100001,0.04627582996429522
42966263,40.57537,-74.114177,,,3,POINT (-74.114177 40.57537),18,25,1825,40.5749978145,-74.113521809,0.06910028096535653
42970135,40.574895,-74.10844,,,4,POINT (-74.10844 40.574895),18,26,1826,40.5749978145,-74.107977527,0.04069860066374624
43001416,40.574553,-74.102478,,,4,POINT (-74.102478 40.574553),18,27,1827,40.5749978145,-74.10243324500001,0.049605343177504105
10593190125,40.574601,-74.0972913,,,3,POINT (-74.0972913 40.574601),18,28,1828,40.5749978145,-74.09688896300001,0.05569211295525606
42963913,40.5749,-74.091094,,,4,POINT (-74.091094 40.5749),18,29,1829,40.5749978145,-74.09134468100001,0.023802519419286072
42961344,40.574997,-74.086131,,,1,POINT (-74.086131 40.574997),18,30,1830,40.5749978145,-74.08580039900001,0.02792227319092754
3552422351,40.576059,-74.0823949,,traffic_signals,3,POINT (-74.0823949 40.576059),18,31,1831,40.5749978145,-74.080256117,0.21576258279365707
42501416,40.5746498,-74.0027881,,,3,POINT (-74.0027881 40.5746498),18,45,1845,40.5749978145,-74.00263616900001,0.04076948263695744
42478882,40.5752253,-73.997497,,,4,POINT (-73.997497 40.5752253),18,46,1846,40.5749978145,-73.99709188700001,0.04255035153933629
42508980,40.5758103,-73.9921936,,traffic_signals,4,POINT (-73.9921936 40.5758103),18,47,1847,40.5749978145,-73.99154760500001,0.10554066355922871
42503419,40.5751589,-73.9855666,,traffic_signals,3,POINT (-73.9855666 40.5751589),18,48,1848,40.5749978145,-73.986003323,0.04100414023333242
42503153,40.5755721,-73.9812201,,traffic_signals,4,POINT (-73.9812201 40.5755721),18,49,1849,40.5749978145,-73.980459041,0.09060589834197345
9387171045,40.5748272,-73.9735559,,,3,POINT (-73.9735559 40.5748272),18,50,1850,40.5749978145,-73.97491475900001,0.11632504800618598
1167472333,40.5747999,-73.9694713,,,3,POINT (-73.9694713 40.5747999),18,51,1851,40.5749978145,-73.96937047700001,0.023597114546962575
42468031,40.575631,-73.96394,,,3,POINT (-73.96394 40.575631),18,52,1852,40.5749978145,-73.96382619500001,0.0710600733002827
1167483234,40.5755243,-73.9594688,,turning_circle,1,POINT (-73.9594688 40.5755243),18,53,1853,40.5749978145,-73.95828191300001,0.11608526837644355
42520535,40.5746111,-73.9524308,,,1,POINT (-73.9524308 40.5746111),18,54,1854,40.5749978145,-73.952737631,0.050205844372082406
4643580010,40.5751784,-73.9468388,,,1,POINT (-73.9468388 40.5751784),18,55,1855,40.5749978145,-73.947193349,0.03605411608015234
4992714227,40.5765762,-73.9390059,,,1,POINT (-73.9390059 40.5765762),18,56,1856,40.5749978145,-73.94164906700001,0.28396730903422845
11298646252,40.5747498,-73.8645865,,,3,POINT (-73.8645865 40.5747498),18,70,1870,40.5749978145,-73.86402911900001,0.05455886906317367
42814472,40.5747784,-73.8581478,,,4,POINT (-73.8581478 40.5747784),18,71,1871,40.5749978145,-73.858484837,0.03749067207990026
42852553,40.5743621,-73.8520121,,,4,POINT (-73.8520121 40.5743621),18,72,1872,40.5749978145,-73.852940555,0.10557446182876747
278223056,40.5759321,-73.8479725,,traffic_signals,4,POINT (-73.8479725 40.5759321),18,73,1873,40.5749978145,-73.847396273,0.11472208563008704
1701251545,40.5757465,-73.8418445,,,1,POINT (-73.8418445 40.5757465),18,74,1874,40.5749978145,-73.84185199100001,0.08325243329800297
1701252145,40.5770438,-73.8386536,,,1,POINT (-73.8386536 40.5770438),18,75,1875,40.5749978145,-73.83630770900001,0.3016825342235778
447761779,40.579361,-74.1693734,,traffic_signals,4,POINT (-74.1693734 40.579361),19,15,1915,40.5791390315,-74.16896462900002,0.04243775395952723
2907411105,40.5793824,-74.1626753,,turning_circle,1,POINT (-74.1626753 40.5793824),19,16,1916,40.5791390315,-74.16342034700001,0.0684941913744168
42957201,40.5787688,-74.1577235,,,1,POINT (-74.1577235 40.5787688),19,17,1917,40.5791390315,-74.15787606500001,0.04313708360190165
43001805,40.580617,-74.152528,,traffic_signals,4,POINT (-74.152528 40.580617),19,18,1918,40.5791390315,-74.15233178300001,0.16517593217603113
42974381,40.578856,-74.135122,,,3,POINT (-74.135122 40.578856),19,21,1921,40.5791390315,-74.13569893700002,0.05800461796240974
448198447,40.5779815,-74.129379,,,1,POINT (-74.129379 40.5779815),19,22,1922,40.5791390315,-74.13015465500001,0.14442261579479737
3655995011,40.5788418,-74.1242572,,,1,POINT (-74.1242572 40.5788418),19,23,1923,40.5791390315,-74.12461037300001,0.0445194264665644
42958338,40.579022,-74.11847,,,3,POINT (-74.11847 40.579022),19,24,1924,40.5791390315,-74.11906609100001,0.05199675206802779
42976772,40.578956,-74.112771,,,4,POINT (-74.112771 40.578956),19,25,1925,40.5791390315,-74.113521809,0.06659466424126599
42966243,40.5794397,-74.1087934,,traffic_signals,4,POINT (-74.1087934 40.5794397),19,26,1926,40.5791390315,-74.107977527,0.07658587232352063
42988457,40.578623,-74.10167,,,4,POINT (-74.10167 40.578623),19,27,1927,40.5791390315,-74.10243324500001,0.08629847969335377
42955259,40.578798,-74.09688,,,4,POINT (-74.09688 40.578798),19,28,1928,40.5791390315,-74.09688896300001,0.03792852687270648
42957577,40.5783497,-74.0911492,,,1,POINT (-74.0911492 40.5783497),19,29,1929,40.5791390315,-74.09134468100001,0.08930881670072398
42955514,40.579358,-74.087152,,,4,POINT (-74.087152 40.579358),19,30,1930,40.5791390315,-74.08580039900001,0.11671510461447065
42982082,40.579699,-74.080472,,,3,POINT (-74.080472 40.579699),19,31,1931,40.5791390315,-74.080256117,0.06488002311499833
42504312,40.579018,-74.002545,,,3,POINT (-74.002545 40.579018),19,45,1945,40.5791390315,-74.00263616900001,0.015504939082862308
42505026,40.5776996,-73.9968788,,,3,POINT (-73.9968788 40.5776996),19,46,1946,40.5791390315,-73.99709188700001,0.16106600365466794
2552522735,40.5793394,-73.9907027,,,1,POINT (-73.9907027 40.5793394),19,47,1947,40.5791390315,-73.99154760500001,0.07475251657381025
1773314096,40.5788199,-73.9862655,,traffic_signals,3,POINT (-73.9862655 40.5788199),19,48,1948,40.5791390315,-73.986003323,0.041827047379486414
42504975,40.5794365,-73.9796062,,traffic_signals,3,POINT (-73.9796062 40.5794365),19,49,1949,40.5791390315,-73.980459041,0.07925729164822212
2328486883,40.5789254,-73.9749393,,,3,POINT (-73.9749393 40.5789254),19,50,1950,40.5791390315,-73.97491475900001,0.023844982561004372
1167486551,40.5784991,-73.9683088,,,3,POINT (-73.9683088 40.5784991),19,51,1951,40.5791390315,-73.96937047700001,0.1144672091879772
42484390,40.5791996,-73.9640193,,,4,POINT (-73.9640193 40.5791996),19,52,1952,40.5791390315,-73.96382619500001,0.017644324733933927
42492768,40.5782772,-73.9581994,,,3,POINT (-73.9581994 40.5782772),19,53,1953,40.5791390315,-73.95828191300001,0.09608432211536387
42490983,40.5793747,-73.952373,,,4,POINT (-73.952373 40.5793747),19,54,1954,40.5791390315,-73.952737631,0.04043510894802305
42490999,40.5798876,-73.9477252,,,4,POINT (-73.9477252 40.5798876),19,55,1955,40.5791390315,-73.947193349,0.0945826878872001
1167645398,40.5781514,-73.9416713,,,4,POINT (-73.9416713 40.5781514),19,56,1956,40.5791390315,-73.94164906700001,0.10983566296077678
1167626851,40.5785794,-73.936039,,,3,POINT (-73.936039 40.5785794),19,57,1957,40.5791390315,-73.93610478500001,0.062475704717571294
42464407,40.5781357,-73.9319375,,,3,POINT (-73.9319375 40.5781357),19,58,1958,40.5791390315,-73.93056050300001,0.16115489883423229
452262280,40.5790625,-73.8859031,,,1,POINT (-73.8859031 40.5790625),19,66,1966,40.5791390315,-73.886206247,0.026979106776742246
42883632,40.5783864,-73.858274,,,3,POINT (-73.858274 40.5783864),19,71,1971,40.5791390315,-73.858484837,0.08556208343402645
42815191,40.578874,-73.8526472,,,4,POINT (-73.8526472 40.578874),19,72,1972,40.5791390315,-73.852940555,0.038500461903705666
42828994,40.5784001,-73.8473543,,,4,POINT (-73.8473543 40.5784001),19,73,1973,40.5791390315,-73.847396273,0.082241863013307
1670421732,40.5785341,-73.8414771,,,3,POINT (-73.8414771 40.5785341),19,74,1974,40.5791390315,-73.84185199100001,0.07434406758720152
5021215651,40.5798336,-73.8371365,,traffic_signals,4,POINT (-73.8371365 40.5798336),19,75,1975,40.5791390315,-73.83630770900001,0.10423053529177034
1701253226,40.5795812,-73.8310749,,,1,POINT (-73.8310749 40.5795812),19,76,1976,40.5791390315,-73.83076342700001,0.055761370501097716
1701253580,40.5811406,-73.8250844,,,3,POINT (-73.8250844 40.5811406),19,77,1977,40.5791390315,-73.825219145,0.22285498474845752
446782711,40.5853419,-74.203517,,,1,POINT (-74.203517 40.5853419),20,9,2009,40.5832802485,-74.20223032100002,0.2536917455652315
42946674,40.585056,-74.1922198,7,motorway_junction,3,POINT (-74.1922198 40.585056),20,11,2011,40.5832802485,-74.19114175700001,0.21743079297548126
447761790,40.582227,-74.1689579,,traffic_signals,3,POINT (-74.1689579 40.582227),20,15,2015,40.5832802485,-74.16896462900002,0.11711726830345466
42951197,40.584056,-74.161008,,,3,POINT (-74.161008 40.584056),20,16,2016,40.5832802485,-74.16342034700001,0.22122713069933342
42993731,40.583375,-74.157666,,traffic_signals,3,POINT (-74.157666 40.583375),20,17,2017,40.5832802485,-74.15787606500001,0.02063246176753243
42943806,40.58337,-74.152645,,,3,POINT (-74.152645 40.58337),20,18,2018,40.5832802485,-74.15233178300001,0.028270710337192462
43001809,40.5840394,-74.1488289,,,3,POINT (-74.1488289 40.5840394),20,19,2019,40.5832802485,-74.146787501,0.191949308160589
42950716,40.581337,-74.134552,,,1,POINT (-74.134552 40.581337),20,21,2021,40.5832802485,-74.13569893700002,0.23679486537871886
42947737,40.5827659,-74.1304,,traffic_signals,4,POINT (-74.1304 40.5827659),20,22,2022,40.5832802485,-74.13015465500001,0.060830182030580174
42983518,40.58434,-74.123432,,,1,POINT (-74.123432 40.58434),20,23,2023,40.5832802485,-74.12461037300001,0.1542349255043505
42951786,40.582757,-74.112524,,,3,POINT (-74.112524 40.582757),20,25,2025,40.5832802485,-74.113521809,0.10239900181474579
42963843,40.583685,-74.107909,,,3,POINT (-74.107909 40.583685),20,26,2026,40.5832802485,-74.107977527,0.04537683573394664
42966225,40.583522,-74.103157,,,3,POINT (-74.103157 40.583522),20,27,2027,40.5832802485,-74.10243324500001,0.06677003213077749
42960827,40.583559,-74.09702,,,4,POINT (-74.09702 40.583559),20,28,2028,40.5832802485,-74.09688896300001,0.03291183744901393
2346943112,40.5838215,-74.0921964,,,1,POINT (-74.0921964 40.5838215),20,29,2029,40.5832802485,-74.09134468100001,0.09378430284982037
42957538,40.5836798,-74.0865823,,,4,POINT (-74.0865823 40.5836798),20,30,2030,40.5832802485,-74.08580039900001,0.07958524650450646
1258962883,40.581595,-74.0821847,,,3,POINT (-74.0821847 40.581595),20,31,2031,40.5832802485,-74.080256117,0.2482765229546026
3552399205,40.5832417,-74.0737055,,traffic_signals,3,POINT (-74.0737055 40.5832417),20,32,2032,40.5832802485,-74.074711835,0.08509126461380058
2328360950,40.5825899,-73.9888892,,,1,POINT (-73.9888892 40.5825899),20,47,2047,40.5832802485,-73.99154760500001,0.2372599590038187
4205909297,40.5830741,-73.9862611,,traffic_signals,4,POINT (-73.9862611 40.5830741),20,48,2048,40.5832802485,-73.986003323,0.03161220160344634
5022324167,40.583701,-73.9817657,,,1,POINT (-73.9817657 40.583701),20,49,2049,40.5832802485,-73.980459041,0.11985336017382317
10767156877,40.5831325,-73.9746507,,traffic_signals,3,POINT (-73.9746507 40.5831325),20,50,2050,40.5832802485,-73.97491475900001,0.027697811742283147
598784332,40.5834182,-73.9698135,,,3,POINT (-73.9698135 40.5834182),20,51,2051,40.5832802485,-73.96937047700001,0.04043505118037899
42488182,40.5830609,-73.9631348,,,3,POINT (-73.9631348 40.5830609),20,52,2052,40.5832802485,-73.96382619500001,0.06327682322282759
598788329,40.5829186,-73.9590113,,,4,POINT (-73.9590113 40.5829186),20,53,2053,40.5832802485,-73.95828191300001,0.07356047003743817
2318556437,40.5833048,-73.9525212,,traffic_signals,4,POINT (-73.9525212 40.5833048),20,54,2054,40.5832802485,-73.952737631,0.018479972265352834
42477381,40.5836282,-73.947379,,,3,POINT (-73.947379 40.5836282),20,55,2055,40.5832802485,-73.947193349,0.041746203231969724
2318552204,40.583718,-73.9414762,,,3,POINT (-73.9414762 40.583718),20,56,2056,40.5832802485,-73.94164906700001,0.05081768950728304
2318552253,40.5839221,-73.9358693,,,3,POINT (-73.9358693 40.5839221),20,57,2057,40.5832802485,-73.93610478500001,0.07408932235482042
7967600174,40.5842289,-73.9309799,,,3,POINT (-73.9309799 40.5842289),20,58,2058,40.5832802485,-73.93056050300001,0.11127220843060556
455430693,40.5842332,-73.9250006,9,motorway_junction,3,POINT (-73.9250006 40.5842332),20,59,2059,40.5832802485,-73.925016221,0.10597158302336929
2437988036,40.5835005,-73.920973,,,1,POINT (-73.920973 40.5835005),20,60,2060,40.5832802485,-73.919471939,0.12910592348966712
7948205418,40.5818001,-73.8914353,,traffic_signals,4,POINT (-73.8914353 40.5818001),20,65,2065,40.5832802485,-73.891750529,0.16672399906431035
5004699332,40.582752,-73.8857402,,,3,POINT (-73.8857402 40.582752),20,66,2066,40.5832802485,-73.886206247,0.0707049578484842
10090657047,40.5826819,-73.8811533,,,1,POINT (-73.8811533 40.5826819),20,67,2067,40.5832802485,-73.880661965,0.07841118935387233
42883614,40.5814552,-73.8521567,,,3,POINT (-73.8521567 40.5814552),20,72,2072,40.5832802485,-73.852940555,0.21345958464466164
42879406,40.5818555,-73.8472735,,,3,POINT (-73.8472735 40.5818555),20,73,2073,40.5832802485,-73.847396273,0.1587637104607969
42883579,40.5816418,-73.8412757,,,3,POINT (-73.8412757 40.5816418),20,74,2074,40.5832802485,-73.84185199100001,0.1885753764764082
4212706605,40.5824064,-73.8363588,,traffic_signals,3,POINT (-73.8363588 40.5824064),20,75,2075,40.5832802485,-73.83630770900001,0.09726326363357218
10297493295,40.5838795,-73.830985,,traffic_signals,4,POINT (-73.830985 40.5838795),20,76,2076,40.5832802485,-73.83076342700001,0.0692110443321981
42844649,40.5838394,-73.8255785,,,3,POINT (-73.8255785 40.5838394),20,77,2077,40.5832802485,-73.825219145,0.0691854989529618
42847149,40.5827636,-73.8194274,,,3,POINT (-73.8194274 40.5827636),20,78,2078,40.5832802485,-73.819674863,0.06113161339121955
42847129,40.5840773,-73.8147639,,,3,POINT (-73.8147639 40.5840773),20,79,2079,40.5832802485,-73.814130581,0.1035147278365489
278212732,40.5853442,-73.8096181,,traffic_signals,3,POINT (-73.8096181 40.5853442),20,80,2080,40.5832802485,-73.80858629900001,0.2454847017242595
446782821,40.5872607,-74.1963303,,,1,POINT (-74.1963303 40.5872607),21,10,2110,40.5874214655,-74.19668603900001,0.03495634801222857
42946680,40.5881065,-74.1924001,,,3,POINT (-74.1924001 40.5881065),21,11,2111,40.5874214655,-74.19114175700001,0.13073993548182242
6905752294,40.588169,-74.1867496,,,1,POINT (-74.1867496 40.588169),21,12,2112,40.5874214655,-74.18559747500001,0.12796209252358523
6860726013,40.589192,-74.168482,,,1,POINT (-74.168482 40.589192),21,15,2115,40.5874214655,-74.16896462900002,0.20104837080295465
2897985370,40.58716,-74.1636465,,,3,POINT (-74.1636465 40.58716),21,16,2116,40.5874214655,-74.16342034700001,0.03478469009802999
42949002,40.587738,-74.158076,,,3,POINT (-74.158076 40.587738),21,17,2117,40.5874214655,-74.15787606500001,0.03903676551805158
42960195,40.587892,-74.153183,,traffic_signals,4,POINT (-74.153183 40.587892),21,18,2118,40.5874214655,-74.15233178300001,0.0889049619792705
2523812069,40.5870898,-74.1472018,,turning_circle,1,POINT (-74.1472018 40.5870898),21,19,2119,40.5874214655,-74.146787501,0.05083336451907531
2523812059,40.58871,-74.1427419,,,3,POINT (-74.1427419 40.58871),21,20,2120,40.5874214655,-74.141243219,0.19116514447171912
10571899595,40.5869356,-74.1350632,,,2,POINT (-74.1350632 40.5869356),21,21,2121,40.5874214655,-74.13569893700002,0.07616251187070609
42964183,40.5887932,-74.1120716,,,1,POINT (-74.1120716 40.5887932),21,25,2125,40.5874214655,-74.113521809,0.19560552096758194
43011357,40.587418,-74.108442,,,3,POINT (-74.108442 40.587418),21,26,2126,40.5874214655,-74.107977527,0.03922338823271983
42983631,40.587076,-74.103926,,traffic_signals,3,POINT (-74.103926 40.587076),21,27,2127,40.5874214655,-74.10243324500001,0.13177634357320203
42999259,40.587298,-74.097479,,,4,POINT (-74.097479 40.587298),21,28,2128,40.5874214655,-74.09688896300001,0.051681361660465205
5031286594,40.5876815,-74.0911906,,traffic_signals,4,POINT (-74.0911906 40.5876815),21,29,2129,40.5874214655,-74.09134468100001,0.0317070399382691
3493417510,40.5875388,-74.0860715,,,1,POINT (-74.0860715 40.5875388),21,30,2130,40.5874214655,-74.08580039900001,0.026349452314977966
42963656,40.5891242,-74.078546,,,3,POINT (-74.078546 40.5891242),21,31,2131,40.5874214655,-74.080256117,0.23811946133946305
42955201,40.5885733,-74.0740681,,,1,POINT (-74.0740681 40.5885733),21,32,2132,40.5874214655,-74.074711835,0.13913609892271617
42978989,40.5880863,-74.0710702,,,1,POINT (-74.0710702 40.5880863),21,33,2133,40.5874214655,-74.06916755300001,0.1768562806019012
4941237958,40.587125,-73.9959869,,,1,POINT (-73.9959869 40.587125),21,46,2146,40.5874214655,-73.99709188700001,0.09896070519138846
455378634,40.5871918,-73.9916591,6,motorway_junction,3,POINT (-73.9916591 40.5871918),21,47,2147,40.5874214655,-73.99154760500001,0.027217879917551247
42487670,40.5869984,-73.9854316,,,3,POINT (-73.9854316 40.5869984),21,48,2148,40.5874214655,-73.986003323,0.06740771286327235
42468862,40.5893697,-73.9809274,,,3,POINT (-73.9809274 40.5893697),21,49,2149,40.5874214655,-73.980459041,0.22021427840173816
9052439060,40.5872184,-73.9742328,,,3,POINT (-73.9742328 40.5872184),21,50,2150,40.5874214655,-73.97491475900001,0.0618553459647626
42531601,40.5884287,-73.9698233,,traffic_signals,4,POINT (-73.9698233 40.5884287),21,51,2151,40.5874214655,-73.96937047700001,0.11834677979727061
42511857,40.587642,-73.9640005,,,3,POINT (-73.9640005 40.587642),21,52,2152,40.5874214655,-73.96382619500001,0.028600481075766557
42528479,40.5875479,-73.9581958,,traffic_signals,4,POINT (-73.9581958 40.5875479),21,53,2153,40.5874214655,-73.95828191300001,0.015828095782806435
9132534660,40.587147,-73.9527069,,crossing,3,POINT (-73.9527069 40.587147),21,54,2154,40.5874214655,-73.952737631,0.030629298921908292
42524553,40.586477,-73.94696,,,4,POINT (-73.94696 40.586477),21,55,2155,40.5874214655,-73.947193349,0.10685238789718308
11384447141,40.5871012,-73.9413322,,,4,POINT (-73.9413322 40.5871012),21,56,2156,40.5874214655,-73.94164906700001,0.04454389460210895
42524575,40.5876265,-73.9365566,,stop,4,POINT (-73.9365566 40.5876265),21,57,2157,40.5874214655,-73.93610478500001,0.04444550211228303
42521518,40.586783,-73.930504,,,1,POINT (-73.930504 40.586783),21,58,2158,40.5874214655,-73.93056050300001,0.07115427648948247
42525877,40.587042,-73.925426,,,4,POINT (-73.925426 40.587042),21,59,2159,40.5874214655,-73.925016221,0.054568853320884694
42529659,40.587718,-73.92013,,,4,POINT (-73.92013 40.587718),21,60,2160,40.5874214655,-73.919471939,0.0646149221646781
8096265649,40.5882273,-73.8985818,,traffic_signals,3,POINT (-73.8985818 40.5882273),21,64,2164,40.5874214655,-73.89729481100001,0.14085310888674285
452259821,40.5860518,-73.8828642,,,3,POINT (-73.8828642 40.5860518),21,67,2167,40.5874214655,-73.880661965,0.2403712034695519
5020036166,40.58551,-73.8246877,,,3,POINT (-73.8246877 40.58551),21,77,2177,40.5874214655,-73.825219145,0.21723138780285497
5021194058,40.5873411,-73.8193529,,,4,POINT (-73.8193529 40.5873411),21,78,2178,40.5874214655,-73.819674863,0.028618500291138545
42852336,40.5870951,-73.8138793,,traffic_signals,4,POINT (-73.8138793 40.5870951),21,79,2179,40.5874214655,-73.814130581,0.04203834649343684
42886651,40.5870011,-73.8097888,,,3,POINT (-73.8097888 40.5870011),21,80,2180,40.5874214655,-73.80858629900001,0.11178491007887376
42847111,40.5865692,-73.8040287,,,3,POINT (-73.8040287 40.5865692),21,81,2181,40.5874214655,-73.80304201700001,0.1261861900540443
1701258630,40.5874739,-73.7975935,,,3,POINT (-73.7975935 40.5874739),21,82,2182,40.5874214655,-73.79749773500001,0.009969381086375101
42804861,40.5885081,-73.7910554,,stop,3,POINT (-73.7910554 40.5885081),21,83,2183,40.5874214655,-73.791953453,0.14265416456432906
1701258928,40.5892335,-73.7886288,,turning_circle,1,POINT (-73.7886288 40.5892335),21,84,2184,40.5874214655,-73.786409171,0.2751866421059765
42978051,40.589736,-74.1940223,,,4,POINT (-74.1940223 40.589736),22,10,2210,40.5915626825,-74.19668603900001,0.3030632347145249
42973998,40.5916094,-74.1908223,,,4,POINT (-74.1908223 40.5916094),22,11,2211,40.5915626825,-74.19114175700001,0.027469881625326625
42984182,40.591385,-74.186096,,,3,POINT (-74.186096 40.591385),22,12,2212,40.5915626825,-74.18559747500001,0.04650045992276299
42948972,40.591001,-74.163774,,,3,POINT (-74.163774 40.591001),22,16,2216,40.5915626825,-74.16342034700001,0.06922795230731167
42960203,40.590908,-74.15853,,,4,POINT (-74.15853 40.590908),22,17,2217,40.5915626825,-74.15787606500001,0.09136949125979561
5490184290,40.5918038,-74.1526393,,,3,POINT (-74.1526393 40.5918038),22,18,2218,40.5915626825,-74.15233178300001,0.03732379078115636
43003489,40.5907818,-74.1471668,,,3,POINT (-74.1471668 40.5907818),22,19,2219,40.5915626825,-74.146787501,0.09254852753642198
6937755062,40.5934028,-74.1419581,,,1,POINT (-74.1419581 40.5934028),22,20,2220,40.5915626825,-74.141243219,0.21332966696063332
42950050,40.5914287,-74.1107864,,,3,POINT (-74.1107864 40.5914287),22,25,2225,40.5915626825,-74.113521809,0.23145205689119333
43016211,40.591618,-74.107879,,,3,POINT (-74.107879 40.591618),22,26,2226,40.5915626825,-74.107977527,0.010346375153974
42982812,40.591849,-74.103233,,,3,POINT (-74.103233 40.591849),22,27,2227,40.5915626825,-74.10243324500001,0.07465799330119673
42955912,40.591736,-74.096678,,,3,POINT (-74.096678 40.591736),22,28,2228,40.5915626825,-74.09688896300001,0.02624351189198501
43007351,40.591741,-74.091856,,,1,POINT (-74.091856 40.591741),22,29,2229,40.5915626825,-74.09134468100001,0.04750993558477214
42960658,40.59176,-74.085595,,,4,POINT (-74.085595 40.59176),22,30,2230,40.5915626825,-74.08580039900001,0.02796763038846261
42959905,40.5909923,-74.0809103,,,3,POINT (-74.0809103 40.5909923),22,31,2231,40.5915626825,-74.080256117,0.0841058486705287
42970271,40.591293,-74.074642,,,3,POINT (-74.074642 40.591293),22,32,2232,40.5915626825,-74.074711835,0.030561594521232128
42987133,40.5917144,-74.0686227,,turning_circle,1,POINT (-74.0686227 40.5917144),22,33,2233,40.5915626825,-74.06916755300001,0.04900170822418013
3552399243,40.5923008,-74.0641236,,,3,POINT (-74.0641236 40.5923008),22,34,2234,40.5915626825,-74.06362327100001,0.09230955427420688
3659036036,40.5924669,-73.9984582,,,1,POINT (-73.9984582 40.5924669),22,46,2246,40.5915626825,-73.99709188700001,0.15303225108881313
42504627,40.5918811,-73.9911068,,stop,4,POINT (-73.9911068 40.5918811),22,47,2247,40.5915626825,-73.99154760500001,0.05137100157105015
42521362,40.591222,-73.985787,,,4,POINT (-73.985787 40.591222),22,48,2248,40.5915626825,-73.986003323,0.042055924649135774
42468858,40.591484,-73.981319,,,3,POINT (-73.981319 40.591484),22,49,2249,40.5915626825,-73.980459041,0.0731382518496983
42467539,40.592197,-73.9749144,,,4,POINT (-73.9749144 40.592197),22,50,2250,40.5915626825,-73.97491475900001,0.07053289439582722
42535411,40.5906503,-73.9693041,,traffic_signals,4,POINT (-73.9693041 40.5906503),22,51,2251,40.5915626825,-73.96937047700001,0.10160700568610972
42535415,40.591258,-73.9637742,,,3,POINT (-73.9637742 40.591258),22,52,2252,40.5915626825,-73.96382619500001,0.034162433692269054
42528470,40.5917834,-73.9589979,,,4,POINT (-73.9589979 40.5917834),22,53,2253,40.5915626825,-73.95828191300001,0.06524799109642153
42519086,40.5924144,-73.9532603,,,4,POINT (-73.9532603 40.5924144),22,54,2254,40.5915626825,-73.952737631,0.10448468692526774
42508473,40.5909551,-73.9468643,,,4,POINT (-73.9468643 40.5909551),22,55,2255,40.5915626825,-73.947193349,0.07305020727121046
42477064,40.5915732,-73.9412409,,traffic_signals,4,POINT (-73.9412409 40.5915732),22,56,2256,40.5915626825,-73.94164906700001,0.034484546086047854
42535838,40.5922053,-73.9355016,,,4,POINT (-73.9355016 40.5922053),22,57,2257,40.5915626825,-73.93610478500001,0.08774927294964507
42489601,40.5916363,-73.9302797,,,2,POINT (-73.9302797 40.5916363),22,58,2258,40.5915626825,-73.93056050300001,0.025083666573567295
42492809,40.5916509,-73.9252424,,,3,POINT (-73.9252424 40.5916509),22,59,2259,40.5915626825,-73.925016221,0.021469936869964075
10003800776,40.5920992,-73.908236,,,1,POINT (-73.908236 40.5920992),22,62,2262,40.5915626825,-73.90838337500001,0.06094203921715988
452256996,40.5911757,-73.8967907,,,1,POINT (-73.8967907 40.5911757),22,64,2264,40.5915626825,-73.89729481100001,0.06052684376592017
42830977,40.591165,-73.819557,,,4,POINT (-73.819557 40.591165),22,78,2278,40.5915626825,-73.819674863,0.045326344594434693
5622024067,40.5904775,-73.8133688,,,3,POINT (-73.8133688 40.5904775),22,79,2279,40.5915626825,-73.814130581,0.1367406340203032
42917900,40.5920345,-73.8098157,,,1,POINT (-73.8098157 40.5920345),22,80,2280,40.5915626825,-73.80858629900001,0.11631182838142881
11299175567,40.590674,-73.8030434,,,3,POINT (-73.8030434 40.590674),22,81,2281,40.5915626825,-73.80304201700001,0.09881705439957733
42844799,40.5908386,-73.7979349,,,3,POINT (-73.7979349 40.5908386),22,82,2282,40.5915626825,-73.79749773500001,0.0885728769673678
1701259921,40.5920126,-73.792234,,,1,POINT (-73.792234 40.5920126),22,83,2283,40.5915626825,-73.791953453,0.05535349047759977
9660138592,40.5920859,-73.7865634,,traffic_signals,3,POINT (-73.7865634 40.5920859),22,84,2284,40.5915626825,-73.786409171,0.059618806764559766
1701260332,40.5927264,-73.7800782,,,1,POINT (-73.7800782 40.5927264),22,85,2285,40.5915626825,-73.780864889,0.1454530786291707
42841672,40.5928667,-73.7753024,,traffic_signals,3,POINT (-73.7753024 40.5928667),22,86,2286,40.5915626825,-73.77532060700001,0.14500827976172995
1701259802,40.5918715,-73.7698896,,,1,POINT (-73.7698896 40.5918715),22,87,2287,40.5915626825,-73.76977632500001,0.03564611614833947
5436126482,40.5918065,-73.7648471,,,1,POINT (-73.7648471 40.5918065),22,88,2288,40.5915626825,-73.764232043,0.05858460462241008
1701260292,40.5926314,-73.7588953,,,1,POINT (-73.7588953 40.5926314),22,89,2289,40.5915626825,-73.758687761,0.1201210913956732
1701260486,40.593094,-73.7531595,,,1,POINT (-73.7531595 40.593094),22,90,2290,40.5915626825,-73.753143479,0.17028011056394649
42996579,40.5966642,-74.191413,,,3,POINT (-74.191413 40.5966642),23,11,2311,40.5957038995,-74.19114175700001,0.10920882057976128
42978092,40.5950555,-74.1849722,,,3,POINT (-74.1849722 40.5950555),23,12,2312,40.5957038995,-74.18559747500001,0.08936114587000733
42966918,40.595572,-74.182719,,,1,POINT (-74.182719 40.595572),23,13,2313,40.5957038995,-74.180053193,0.22555842503876614
43016305,40.596433,-74.168284,,,1,POINT (-74.168284 40.596433),23,15,2315,40.5957038995,-74.16896462900002,0.09937384655627679
42984832,40.595575,-74.163602,,,3,POINT (-74.163602 40.595575),23,16,2316,40.5957038995,-74.16342034700001,0.02099216740561068
42950039,40.596051,-74.157679,,,3,POINT (-74.157679 40.596051),23,17,2317,40.5957038995,-74.15787606500001,0.04202953457940408
42949117,40.596068,-74.150988,,,3,POINT (-74.150988 40.596068),23,18,2318,40.5957038995,-74.15233178300001,0.12046578253163413
42985542,40.596072,-74.146241,,,3,POINT (-74.146241 40.596072),23,19,2319,40.5957038995,-74.146787501,0.06168026405329937
2523812080,40.5960728,-74.1418518,,traffic_signals,4,POINT (-74.1418518 40.5960728),23,20,2320,40.5957038995,-74.141243219,0.06574902576033853
6937755088,40.596335,-74.1337737,,traffic_signals,3,POINT (-74.1337737 40.596335),23,21,2321,40.5957038995,-74.13569893700002,0.17705273636415236
42977763,40.597241,-74.132813,,,3,POINT (-74.132813 40.597241),23,22,2322,40.5957038995,-74.13015465500001,0.2821168245882492
3643159093,40.5945114,-74.1121806,,,1,POINT (-74.1121806 40.5945114),23,25,2325,40.5957038995,-74.113521809,0.17437499900951756
42948054,40.596268,-74.107591,,,4,POINT (-74.107591 40.596268),23,26,2326,40.5957038995,-74.107977527,0.07070717072624126
42993022,40.596087,-74.103384,,,3,POINT (-74.103384 40.596087),23,27,2327,40.5957038995,-74.10243324500001,0.09087708720007424
42989371,40.595365,-74.097221,,traffic_signals,3,POINT (-74.097221 40.595365),23,28,2328,40.5957038995,-74.09688896300001,0.04696835819441678
42976428,40.595507,-74.092036,,,3,POINT (-74.092036 40.595507),23,29,2329,40.5957038995,-74.09134468100001,0.06234102311010282
42958607,40.5959012,-74.0857865,,traffic_signals,4,POINT (-74.0857865 40.5959012),23,30,2330,40.5957038995,-74.08580039900001,0.02197017867063739
9838522199,40.59572,-74.0800765,,,1,POINT (-74.0800765 40.59572),23,31,2331,40.5957038995,-74.080256117,0.015270824984234587
43014407,40.595387,-74.074538,,,4,POINT (-74.074538 40.595387),23,32,2332,40.5957038995,-74.074711835,0.03817217176019814
42970381,40.595609,-74.068816,,,4,POINT (-74.068816 40.595609),23,33,2333,40.5957038995,-74.06916755300001,0.031502457293320796
42962886,40.5956092,-74.0631302,,,4,POINT (-74.0631302 40.5956092),23,34,2334,40.5957038995,-74.06362327100001,0.04294235150486332
455369962,40.5967285,-74.0031344,5,motorway_junction,3,POINT (-74.0031344 40.5967285),23,45,2345,40.5957038995,-74.00263616900001,0.12144846118798493
42493756,40.5956057,-73.9967957,,,3,POINT (-73.9967957 40.5956057),23,46,2346,40.5957038995,-73.99709188700001,0.027287778774380073
42486193,40.595211,-73.992389,,,4,POINT (-73.992389 40.595211),23,47,2347,40.5957038995,-73.99154760500001,0.08972617436116585
42503074,40.595671,-73.985061,,,3,POINT (-73.985061 40.595671),23,48,2348,40.5957038995,-73.986003323,0.07964680479522637
42488383,40.5961933,-73.9803548,,traffic_signals,4,POINT (-73.9803548 40.5961933),23,49,2349,40.5957038995,-73.980459041,0.055125986787540715
42524423,40.5960156,-73.975146,,,3,POINT (-73.975146 40.5960156),23,50,2350,40.5957038995,-73.97491475900001,0.03978036072111263
42495309,40.595256,-73.969228,,,4,POINT (-73.969228 40.595256),23,51,2351,40.5957038995,-73.96937047700001,0.05123639431565578
42485314,40.5958699,-73.9636921,,traffic_signals,4,POINT (-73.9636921 40.5958699),23,52,2352,40.5957038995,-73.96382619500001,0.021654098470965177
42475286,40.5964118,-73.9587809,,,4,POINT (-73.9587809 40.5964118),23,53,2353,40.5957038995,-73.95828191300001,0.08928058581648869
42492642,40.595756,-73.9529126,,,4,POINT (-73.9529126 40.595756),23,54,2354,40.5957038995,-73.952737631,0.01586839964643582
42489697,40.595291,-73.946737,,,4,POINT (-73.946737 40.595291),23,55,2355,40.5957038995,-73.947193349,0.059938022365069926
42477057,40.595809,-73.942032,,,4,POINT (-73.942032 40.595809),23,56,2356,40.5957038995,-73.94164906700001,0.03437927633054162
42504598,40.5965451,-73.9353426,,,5,POINT (-73.9353426 40.5965451),23,57,2357,40.5957038995,-73.93610478500001,0.11353632690869042
42471985,40.5962003,-73.9309445,,,3,POINT (-73.9309445 40.5962003),23,58,2358,40.5957038995,-73.93056050300001,0.06401484902477043
4729784495,40.5941083,-73.926552,,,3,POINT (-73.926552 40.5941083),23,59,2359,40.5957038995,-73.925016221,0.2197576103816643
452269021,40.5958761,-73.9080923,,,3,POINT (-73.9080923 40.5958761),23,62,2362,40.5957038995,-73.90838337500001,0.031154891371941107
452241495,40.5944759,-73.9055396,,motorway_junction,3,POINT (-73.9055396 40.5944759),23,63,2363,40.5957038995,-73.90283909300001,0.26577244217528967
11292288407,40.597526,-73.8197393,,,1,POINT (-73.8197393 40.597526),23,78,2378,40.5957038995,-73.819674863,0.20268136339831883
42886151,40.595261,-73.8027042,,,1,POINT (-73.8027042 40.595261),23,81,2381,40.5957038995,-73.80304201700001,0.05691164680080094
42839502,40.5955636,-73.7974885,,,4,POINT (-73.7974885 40.5955636),23,82,2382,40.5957038995,-73.79749773500001,0.015620066486397643
42870533,40.5959297,-73.7913826,,,1,POINT (-73.7913826 40.5959297),23,83,2383,40.5957038995,-73.791953453,0.05434610826008578
42883841,40.5949701,-73.7862733,,traffic_signals,3,POINT (-73.7862733 40.5949701),23,84,2384,40.5957038995,-73.786409171,0.08239730029115536
42883830,40.5953252,-73.7809246,,,3,POINT (-73.7809246 40.5953252),23,85,2385,40.5957038995,-73.780864889,0.04241019064735461
42841635,40.5956845,-73.7757225,,traffic_signals,4,POINT (-73.7757225 40.5956845),23,86,2386,40.5957038995,-73.77532060700001,0.0340013484759414
42883790,40.596113,-73.76975,,traffic_signals,4,POINT (-73.76975 40.596113),23,87,2387,40.5957038995,-73.76977632500001,0.045544168846369734
279224456,40.5957328,-73.7646285,,traffic_signals,4,POINT (-73.7646285 40.5957328),23,88,2388,40.5957038995,-73.764232043,0.03362776860459836
42808954,40.5955662,-73.7583383,,,3,POINT (-73.7583383 40.5955662),23,89,2389,40.5957038995,-73.758687761,0.03324214790334663
42873660,40.5952335,-73.7531937,,traffic_signals,4,POINT (-73.7531937 40.5952335),23,90,2390,40.5957038995,-73.753143479,0.05247763103025561
42873651,40.5956504,-73.7471281,,,4,POINT (-73.7471281 40.5956504),23,91,2391,40.5957038995,-73.747599197,0.0402183289387657
42809385,40.595984,-73.741207,,,3,POINT (-73.741207 40.595984),23,92,2392,40.5957038995,-73.74205491500001,0.07807302066707862
42819447,40.5947354,-73.7385671,,,1,POINT (-73.7385671 40.5947354),23,93,2393,40.5957038995,-73.73651063300001,0.20431931162007952
42971221,40.6006866,-74.1950772,,,3,POINT (-74.1950772 40.6006866),24,10,2410,40.5998451165,-74.19668603900001,0.16493830653311212
446501048,40.5982674,-74.1910354,,,3,POINT (-74.1910354 40.5982674),24,11,2411,40.5998451165,-74.19114175700001,0.1756637277735592
3572384479,40.6013094,-74.1858322,,,1,POINT (-74.1858322 40.6013094),24,12,2412,40.5998451165,-74.18559747500001,0.16402242879734433
42964791,40.599011,-74.180883,,,3,POINT (-74.180883 40.599011),24,13,2413,40.5998451165,-74.180053193,0.11623558495342609
43016301,40.599849,-74.167621,,,3,POINT (-74.167621 40.599849),24,15,2415,40.5998451165,-74.16896462900002,0.11343980466415468
447760306,40.6004463,-74.1630595,,,3,POINT (-74.1630595 40.6004463),24,16,2416,40.5998451165,-74.16342034700001,0.07346331113048807
5490918767,40.5989303,-74.1523852,,,3,POINT (-74.1523852 40.5989303),24,18,2418,40.5998451165,-74.15233178300001,0.10182287734436955
42977986,40.6004159,-74.14494,,,4,POINT (-74.14494 40.6004159),24,19,2419,40.5998451165,-74.146787501,0.16839722945266758
42993964,40.600013,-74.14015,,,3,POINT (-74.14015 40.600013),24,20,2420,40.5998451165,-74.141243219,0.09416635010533925
43003368,40.599682,-74.135953,,,3,POINT (-74.135953 40.599682),24,21,2421,40.5998451165,-74.13569893700002,0.028090471913661225
43011025,40.600203,-74.130051,,,4,POINT (-74.130051 40.600203),24,22,2422,40.5998451165,-74.13015465500001,0.04074571791851824
43011016,40.600523,-74.124955,,,4,POINT (-74.124955 40.600523),24,23,2423,40.5998451165,-74.12461037300001,0.08079782077655316
42948528,40.599701,-74.119471,,,3,POINT (-74.119471 40.599701),24,24,2424,40.5998451165,-74.11906609100001,0.0377550530337865
42987681,40.600135,-74.113023,,,3,POINT (-74.113023 40.600135),24,25,2425,40.5998451165,-74.113521809,0.053033094621527235
42981615,40.599836,-74.107406,,,3,POINT (-74.107406 40.599836),24,26,2426,40.5998451165,-74.107977527,0.04826313920254075
42982486,40.5993201,-74.1020882,,turning_circle,1,POINT (-74.1020882 40.5993201),24,27,2427,40.5998451165,-74.10243324500001,0.06524386869244564
42949509,40.599272,-74.097188,,,1,POINT (-74.097188 40.599272),24,28,2428,40.5998451165,-74.09688896300001,0.0685465094154436
1934649351,40.5997602,-74.0916399,,,3,POINT (-74.0916399 40.5997602),24,29,2429,40.5998451165,-74.09134468100001,0.026653152798074804
43019528,40.600186,-74.085535,,,1,POINT (-74.085535 40.600186),24,30,2430,40.5998451165,-74.08580039900001,0.04403203400169519
42964869,40.5993292,-74.0804052,,,1,POINT (-74.0804052 40.5993292),24,31,2431,40.5998451165,-74.080256117,0.05873186929361989
42975498,40.600261,-74.074982,,,3,POINT (-74.074982 40.600261),24,32,2432,40.5998451165,-74.074711835,0.051563370770595404
43013968,40.5995364,-74.0688473,,,1,POINT (-74.0688473 40.5995364),24,33,2433,40.5998451165,-74.06916755300001,0.04369729759450731
42963994,40.6005121,-74.0637825,,,3,POINT (-74.0637825 40.6005121),24,34,2434,40.5998451165,-74.06362327100001,0.07537369573293197
42967767,40.600626,-74.0586201,,,3,POINT (-74.0586201 40.600626),24,35,2435,40.5998451165,-74.05807898900001,0.0981149919932019
4314829474,40.6017386,-74.0551067,,,3,POINT (-74.0551067 40.6017386),24,36,2436,40.5998451165,-74.052534707,0.30245787332411234
42480360,40.599897,-74.007947,,,3,POINT (-74.007947 40.599897),24,44,2444,40.5998451165,-74.008180451,0.02053662808289081
42493733,40.600213,-74.0028229,,traffic_signals,4,POINT (-74.0028229 40.600213),24,45,2445,40.5998451165,-74.00263616900001,0.043839532463049044
42488729,40.600696,-73.996365,,traffic_signals,4,POINT (-73.996365 40.600696),24,46,2446,40.5998451165,-73.99709188700001,0.11277373775889847
42480025,40.600134,-73.990864,,,3,POINT (-73.990864 40.600134),24,47,2447,40.5998451165,-73.99154760500001,0.06605184627883806
42492519,40.599958,-73.985878,,,3,POINT (-73.985878 40.599958),24,48,2448,40.5998451165,-73.986003323,0.016416613899068143
42514636,40.6009437,-73.9803113,,traffic_signals,4,POINT (-73.9803113 40.6009437),24,49,2449,40.5998451165,-73.980459041,0.12279207473621652
42525240,40.5991189,-73.9747117,,traffic_signals,4,POINT (-73.9747117 40.5991189),24,50,2450,40.5998451165,-73.97491475900001,0.08255137724194925
42516937,40.599733,-73.96913,,traffic_signals,4,POINT (-73.96913 40.599733),24,51,2451,40.5998451165,-73.96937047700001,0.02382490767687362
42534568,40.6003613,-73.9634547,,traffic_signals,4,POINT (-73.9634547 40.6003613),24,52,2452,40.5998451165,-73.96382619500001,0.06540739493901196
42506092,40.6008874,-73.9586835,,traffic_signals,4,POINT (-73.9586835 40.6008874),24,53,2453,40.5998451165,-73.95828191300001,0.12075411227525368
42465173,40.5992572,-73.9526087,,traffic_signals,4,POINT (-73.9526087 40.5992572),24,54,2454,40.5998451165,-73.952737631,0.06627339813821849
42489692,40.599801,-73.947595,,traffic_signals,4,POINT (-73.947595 40.599801),24,55,2455,40.5998451165,-73.947193349,0.03426331031838831
42481825,40.6001988,-73.941845,,traffic_signals,4,POINT (-73.941845 40.6001988),24,56,2456,40.5998451165,-73.94164906700001,0.04266516402053538
42504594,40.598924,-73.935804,,traffic_signals,4,POINT (-73.935804 40.598924),24,57,2457,40.5998451165,-73.93610478500001,0.10552467745059689
42515244,40.599437,-73.929922,,,3,POINT (-73.929922 40.599437),24,58,2458,40.5998451165,-73.93056050300001,0.07046545768182358
10593324272,40.599689,-73.9114121,,,3,POINT (-73.9114121 40.599689),24,61,2461,40.5998451165,-73.913927657,0.21309023199496457
452241511,40.5983056,-73.9098775,,,3,POINT (-73.9098775 40.5983056),24,62,2462,40.5998451165,-73.90838337500001,0.2126445602070521
452271525,40.5996725,-73.9039427,11N,motorway_junction,3,POINT (-73.9039427 40.5996725),24,63,2463,40.5998451165,-73.90283909300001,0.09513115285470673
42871036,40.600601,-73.8243161,,,1,POINT (-73.8243161 40.600601),24,77,2477,40.5998451165,-73.825219145,0.1134777374523536
42883970,40.6001735,-73.8195325,,,3,POINT (-73.8195325 40.6001735),24,78,2478,40.5998451165,-73.819674863,0.03844187782546097
11315102674,40.5987411,-73.8015973,,,1,POINT (-73.8015973 40.5987411),24,81,2481,40.5998451165,-73.80304201700001,0.17305510661352888
11315102572,40.5993627,-73.7967116,,,1,POINT (-73.7967116 40.5993627),24,82,2482,40.5998451165,-73.79749773500001,0.08533855833573362
42891929,40.5985853,-73.7928929,,,3,POINT (-73.7928929 40.5985853),24,83,2483,40.5998451165,-73.791953453,0.16098089862174367
42905020,40.5999414,-73.7752582,,,3,POINT (-73.7752582 40.5999414),24,86,2486,40.5998451165,-73.77532060700001,0.011932489308173786
42935262,40.6011456,-73.7686086,,,1,POINT (-73.7686086 40.6011456),24,87,2487,40.5998451165,-73.76977632500001,0.17501604110000174
42816418,40.5997335,-73.7638731,,traffic_signals,4,POINT (-73.7638731 40.5997335),24,88,2488,40.5998451165,-73.764232043,0.032747633353586485
42907968,40.600298,-73.758366,,,4,POINT (-73.758366 40.600298),24,89,2489,40.5998451165,-73.758687761,0.05721816172078797
42939854,40.599999,-73.753115,,,1,POINT (-73.753115 40.599999),24,90,2490,40.5998451165,-73.753143479,0.017279168971886475
42861728,40.5999135,-73.7475646,,,1,POINT (-73.7475646 40.5999135),24,91,2491,40.5998451165,-73.747599197,0.008145618599954765
42878768,40.600213,-73.74184,,,3,POINT (-73.74184 40.600213),24,92,2492,40.5998451165,-73.74205491500001,0.044750337776727475
1398950096,40.5995314,-73.7383998,,,1,POINT (-73.7383998 40.5995314),24,93,2493,40.5998451165,-73.73651063300001,0.16326780873940236
446783208,40.6023706,-74.1959288,,,1,POINT (-74.1959288 40.6023706),25,10,2510,40.603986333499996,-74.19668603900001,0.19069623992157067
2875068483,40.6039341,-74.1893246,,,3,POINT (-74.1893246 40.6039341),25,11,2511,40.603986333499996,-74.19114175700001,0.1535181472969261
446752363,40.6025518,-74.1858415,,,3,POINT (-74.1858415 40.6025518),25,12,2512,40.603986333499996,-74.18559747500001,0.16083769094892222
42978105,40.6035545,-74.1733844,,traffic_signals,3,POINT (-74.1733844 40.6035545),25,14,2514,40.603986333499996,-74.174508911,0.10638673832651371
2897885139,40.6032394,-74.1695327,,,1,POINT (-74.1695327 40.6032394),25,15,2515,40.603986333499996,-74.16896462900002,0.09590692928834557
43014864,40.6042982,-74.1634813,,,3,POINT (-74.1634813 40.6042982),25,16,2516,40.603986333499996,-74.16342034700001,0.03505767680532121
42945099,40.6041626,-74.1599898,,,1,POINT (-74.1599898 40.6041626),25,17,2517,40.603986333499996,-74.15787606500001,0.1795188477192869
42967538,40.605221,-74.154267,,,3,POINT (-74.154267 40.605221),25,18,2518,40.603986333499996,-74.15233178300001,0.2133988925000215
42955177,40.6048092,-74.1465688,,,3,POINT (-74.1465688 40.6048092),25,19,2519,40.603986333499996,-74.146787501,0.09334278489714946
42982153,40.60447,-74.140606,,,3,POINT (-74.140606 40.60447),25,20,2520,40.603986333499996,-74.141243219,0.07606801765804797
42979822,40.604131,-74.13609,,,3,POINT (-74.13609 40.604131),25,21,2521,40.603986333499996,-74.13569893700002,0.03672479202683219
42951285,40.6039666,-74.1297384,,,4,POINT (-74.1297384 40.6039666),25,22,2522,40.603986333499996,-74.13015465500001,0.0352095591247372
42964040,40.6043566,-74.1246908,,,4,POINT (-74.1246908 40.6043566),25,23,2523,40.603986333499996,-74.12461037300001,0.04172786655733241
42943514,40.603868,-74.119862,,,4,POINT (-74.119862 40.603868),25,24,2524,40.603986333499996,-74.11906609100001,0.06846858938688097
6937755581,40.6039491,-74.1133409,,,1,POINT (-74.1133409 40.6039491),25,25,2525,40.603986333499996,-74.113521809,0.015823937521205162
42952623,40.6041412,-74.107937,,,3,POINT (-74.107937 40.6041412),25,26,2526,40.603986333499996,-74.107977527,0.017556961107558885
42952565,40.604193,-74.102268,,,3,POINT (-74.102268 40.604193),25,27,2527,40.603986333499996,-74.10243324500001,0.026883148289266422
43005951,40.6037691,-74.0974881,,,1,POINT (-74.0974881 40.6037691),25,28,2528,40.603986333499996,-74.09688896300001,0.056052307989719094
42959325,40.604148,-74.091153,,,3,POINT (-74.091153 40.604148),25,29,2529,40.603986333499996,-74.09134468100001,0.024187070577033315
42960727,40.604087,-74.085206,,,3,POINT (-74.085206 40.604087),25,30,2530,40.603986333499996,-74.08580039900001,0.051413671978873095
42962054,40.6039843,-74.0814847,,,1,POINT (-74.0814847 40.6039843),25,31,2531,40.603986333499996,-74.080256117,0.10371978343597363
10601830208,40.6034161,-74.0750442,,,3,POINT (-74.0750442 40.6034161),25,32,2532,40.603986333499996,-74.074711835,0.06933806993238649
42945197,40.6036172,-74.069298,,traffic_signals,4,POINT (-74.069298 40.6036172),25,33,2533,40.603986333499996,-74.06916755300001,0.04249745436805799
10559645212,40.603067,-74.062768,,,1,POINT (-74.062768 40.603067),25,34,2534,40.603986333499996,-74.06362327100001,0.1251537068468102
42949762,40.6028066,-74.057823,,stop,5,POINT (-74.057823 40.6028066),25,35,2535,40.603986333499996,-74.05807898900001,0.13294864060801603
448096482,40.6051268,-74.0302786,,,3,POINT (-74.0302786 40.6051268),25,40,2540,40.603986333499996,-74.03035757900001,0.12698924707844111
4268489059,40.6047105,-74.0248726,,,1,POINT (-74.0248726 40.6047105),25,41,2541,40.603986333499996,-74.02481329700001,0.08067912575901545
455369882,40.6036773,-74.0190561,4,motorway_junction,3,POINT (-74.0190561 40.6036773),25,42,2542,40.603986333499996,-74.019269015,0.03878021619723851
42490892,40.603428,-74.01398,,,3,POINT (-74.01398 40.603428),25,43,2543,40.603986333499996,-74.013724733,0.0657177185525981
42472024,40.60345,-74.008995,,,4,POINT (-74.008995 40.60345),25,44,2544,40.603986333499996,-74.008180451,0.09102433277244469
42488681,40.6038521,-74.0026327,,traffic_signals,4,POINT (-74.0026327 40.6038521),25,45,2545,40.603986333499996,-74.00263616900001,0.014928956975898135
42482841,40.603728,-73.9968,,,3,POINT (-73.9968 40.603728),25,46,2546,40.603986333499996,-73.99709188700001,0.03784657559811938
42469032,40.604209,-73.991455,,traffic_signals,4,POINT (-73.991455 40.604209),25,47,2547,40.603986333499996,-73.99154760500001,0.025964333568933184
42503029,40.604044,-73.986644,,,3,POINT (-73.986644 40.604044),25,48,2548,40.603986333499996,-73.986003323,0.054466031950877146
42505345,40.603264,-73.980752,,,4,POINT (-73.980752 40.603264),25,49,2549,40.603986333499996,-73.980459041,0.08404143227162814
42526658,40.6045037,-73.9749045,,,3,POINT (-73.9749045 40.6045037),25,50,2550,40.603986333499996,-73.97491475900001,0.05753504901592666
42498737,40.604555,-73.9691018,,traffic_signals,5,POINT (-73.9691018 40.604555),25,51,2551,40.603986333499996,-73.96937047700001,0.06717791183165718
42517191,40.604496,-73.963297,,,3,POINT (-73.963297 40.604496),25,52,2552,40.603986333499996,-73.96382619500001,0.07216411685472768
42514108,40.6033791,-73.9582113,,traffic_signals,4,POINT (-73.9582113 40.6033791),25,53,2553,40.603986333499996,-73.95828191300001,0.0677839305287866
42512814,40.6040388,-73.9522669,,traffic_signals,4,POINT (-73.9522669 40.6040388),25,54,2554,40.603986333499996,-73.952737631,0.040166021397803384
42520487,40.604551,-73.947512,,traffic_signals,4,POINT (-73.947512 40.604551),25,55,2555,40.603986333499996,-73.947193349,0.06830817414274702
42505731,40.605183,-73.941771,,,4,POINT (-73.941771 40.605183),25,56,2556,40.603986333499996,-73.94164906700001,0.13346081079964478
42480406,40.603872,-73.9360929,,,3,POINT (-73.9360929 40.603872),25,57,2557,40.603986333499996,-73.93610478500001,0.01275283708025215
42531283,40.6050753,-73.9298715,,traffic_signals,3,POINT (-73.9298715 40.6050753),25,58,2558,40.603986333499996,-73.93056050300001,0.1343337168181297
452274107,40.6057679,-73.9181652,,,3,POINT (-73.9181652 40.6057679),25,60,2560,40.603986333499996,-73.919471939,0.22674594307777812
42489446,40.60446,-73.913409,,stop,3,POINT (-73.913409 40.60446),25,61,2561,40.603986333499996,-73.913927657,0.06849281508194587
42489461,40.6043982,-73.9090542,,,1,POINT (-73.9090542 40.6043982),25,62,2562,40.603986333499996,-73.90838337500001,0.0728328340551323
42489414,40.605654,-73.903984,,,3,POINT (-73.903984 40.605654),25,63,2563,40.603986333499996,-73.90283909300001,0.20911377248843224
42892644,40.6039849,-73.8227182,,,1,POINT (-73.8227182 40.6039849),25,77,2577,40.603986333499996,-73.825219145,0.21113504755148657
2757350460,40.6037425,-73.8200304,,,3,POINT (-73.8200304 40.6037425),25,78,2578,40.603986333499996,-73.819674863,0.04044788416375782
42923249,40.6055477,-73.8165554,,,1,POINT (-73.8165554 40.6055477),25,79,2579,40.603986333499996,-73.814130581,0.26841576668191286
42899073,40.6037524,-73.7697919,,turning_circle,1,POINT (-73.7697919 40.6037524),25,87,2587,40.603986333499996,-73.76977632500001,0.02604542962115233
42811117,40.604635,-73.763592,,stop,4,POINT (-73.763592 40.604635),25,88,2588,40.603986333499996,-73.764232043,0.09012285357027472
42913035,40.6037994,-73.7583808,,,1,POINT (-73.7583808 40.6037994),25,89,2589,40.603986333499996,-73.758687761,0.03322066074211101
42820546,40.6042265,-73.7528659,,traffic_signals,4,POINT (-73.7528659 40.6042265),25,90,2590,40.603986333499996,-73.753143479,0.035529054772319296
1701268977,40.6045255,-73.7467982,,,1,POINT (-73.7467982 40.6045255),25,91,2591,40.603986333499996,-73.747599197,0.09037138615841711
1701268453,40.6039077,-73.7417251,,,1,POINT (-73.7417251 40.6039077),25,92,2592,40.603986333499996,-73.74205491500001,0.02918427955843894
1398950139,40.6031786,-73.7391036,,turning_circle,1,POINT (-73.7391036 40.6031786),25,93,2593,40.603986333499996,-73.73651063300001,0.23661421679509415
446515030,40.6075704,-74.1829123,,,3,POINT (-74.1829123 40.6075704),26,12,2612,40.6081275505,-74.18559747500001,0.23498857013529909
5616440200,40.6083601,-74.1794099,,,3,POINT (-74.1794099 40.6083601),26,13,2613,40.6081275505,-74.180053193,0.060146909354835194
43010634,40.608936,-74.169153,,,3,POINT (-74.169153 40.608936),26,15,2615,40.6081275505,-74.16896462900002,0.0912910642901776
43017621,40.6074748,-74.1642611,,turning_circle,1,POINT (-74.1642611 40.6074748),26,16,2616,40.6081275505,-74.16342034700001,0.10151622529750357
43023107,40.6083774,-74.1582237,,,1,POINT (-74.1582237 40.6083774),26,17,2617,40.6081275505,-74.15787606500001,0.040410872879488864
42953929,40.608167,-74.152801,,,3,POINT (-74.152801 40.608167),26,18,2618,40.6081275505,-74.15233178300001,0.03985196587198216
42961897,40.6085465,-74.1471785,,,3,POINT (-74.1471785 40.6085465),26,19,2619,40.6081275505,-74.146787501,0.05709305241504287
42961884,40.6080924,-74.1409209,,traffic_signals,4,POINT (-74.1409209 40.6080924),26,20,2620,40.6081275505,-74.141243219,0.02748845823365764
42944662,40.6083603,-74.1358843,,,3,POINT (-74.1358843 40.6083603),26,21,2621,40.6081275505,-74.13569893700002,0.03024326600363586
448041273,40.6078377,-74.1303256,,,3,POINT (-74.1303256 40.6078377),26,22,2622,40.6081275505,-74.13015465500001,0.03531304317602511
42964034,40.6085293,-74.1250292,,,3,POINT (-74.1250292 40.6085293),26,23,2623,40.6081275505,-74.12461037300001,0.056970834997139265
42951639,40.608075,-74.118264,,,3,POINT (-74.118264 40.608075),26,24,2624,40.6081275505,-74.11906609100001,0.06796169522796514
42979924,40.6081748,-74.1141093,,,4,POINT (-74.1141093 40.6081748),26,25,2625,40.6081275505,-74.113521809,0.04987164079207359
42952542,40.6083776,-74.1019043,,traffic_signals,3,POINT (-74.1019043 40.6083776),26,27,2627,40.6081275505,-74.10243324500001,0.0526009287469366
402508900,40.608065,-74.0969317,,turning_circle,1,POINT (-74.0969317 40.608065),26,28,2628,40.6081275505,-74.09688896300001,0.00783529522109735
1934649743,40.6080974,-74.0915082,,,3,POINT (-74.0915082 40.6080974),26,29,2629,40.6081275505,-74.09134468100001,0.014205057665501373
42945485,40.6078021,-74.0859428,,,3,POINT (-74.0859428 40.6078021),26,30,2630,40.6081275505,-74.08580039900001,0.0381327905894244
448062078,40.6080421,-74.0799288,,,1,POINT (-74.0799288 40.6080421),26,31,2631,40.6081275505,-74.080256117,0.02921914821397067
42953299,40.608388,-74.075472,,,3,POINT (-74.075472 40.608388),26,32,2632,40.6081275505,-74.074711835,0.07040303485505131
43018116,40.60757,-74.069284,,,1,POINT (-74.069284 40.60757),26,33,2633,40.6081275505,-74.06916755300001,0.06277127567732566
42953913,40.608456,-74.063821,,,3,POINT (-74.063821 40.608456),26,34,2634,40.6081275505,-74.06362327100001,0.040155455811103566
42980905,40.6073791,-74.0580118,,,1,POINT (-74.0580118 40.6073791),26,35,2635,40.6081275505,-74.05807898900001,0.08341695210754367
42461914,40.6086923,-74.0343764,2,motorway_junction,3,POINT (-74.0343764 40.6086923),26,39,2639,40.6081275505,-74.03590186100001,0.14326988373044455
4734570575,40.6095827,-74.0244387,,,3,POINT (-74.0244387 40.6095827),26,41,2641,40.6081275505,-74.02481329700001,0.1648662620212642
4209548147,40.6074503,-74.0172422,,,3,POINT (-74.0172422 40.6074503),26,42,2642,40.6081275505,-74.019269015,0.18693772732540714
42479544,40.608479,-74.013766,,traffic_signals,4,POINT (-74.013766 40.608479),26,43,2643,40.6081275505,-74.013724733,0.039234362837367344
42486203,40.607881,-74.008252,,,4,POINT (-74.008252 40.607881),26,44,2644,40.6081275505,-74.008180451,0.028072625182222373
42512375,40.607818,-74.00195,,,4,POINT (-74.00195 40.607818),26,45,2645,40.6081275505,-74.00263616900001,0.06737951187025891
42488655,40.608775,-73.997503,,traffic_signals,4,POINT (-73.997503 40.608775),26,46,2646,40.6081275505,-73.99709188700001,0.07992135129538566
42521716,40.607794,-73.991358,,traffic_signals,4,POINT (-73.991358 40.607794),26,47,2647,40.6081275505,-73.99154760500001,0.040395442997548096
42501470,40.607356,-73.986257,,traffic_signals,3,POINT (-73.986257 40.607356),26,48,2648,40.6081275505,-73.986003323,0.0884247942816024
42533770,40.6079628,-73.980701,,traffic_signals,4,POINT (-73.980701 40.6079628),26,49,2649,40.6081275505,-73.980459041,0.027437197900780003
42533780,40.6086005,-73.9749928,,traffic_signals,4,POINT (-73.9749928 40.6086005),26,50,2650,40.6081275505,-73.97491475900001,0.05300061849097893
42498733,40.60915,-73.96997,,traffic_signals,4,POINT (-73.96997 40.60915),26,51,2651,40.6081275505,-73.96937047700001,0.12444679765020558
42470993,40.60763,-73.963891,,traffic_signals,4,POINT (-73.963891 40.60763),26,52,2652,40.6081275505,-73.96382619500001,0.05559490797517437
42487805,40.6087476,-73.9582802,,traffic_signals,4,POINT (-73.9582802 40.6087476),26,53,2653,40.6081275505,-73.95828191300001,0.06894651031319818
42470903,40.608816,-73.9531929,,traffic_signals,4,POINT (-73.9531929 40.608816),26,54,2654,40.6081275505,-73.952737631,0.08565777849139473
42471369,40.606979,-73.946986,,,4,POINT (-73.946986 40.606979),26,55,2655,40.6081275505,-73.947193349,0.12890691981955948
42505725,40.6082357,-73.9422695,,traffic_signals,4,POINT (-73.9422695 40.6082357),26,56,2656,40.6081275505,-73.94164906700001,0.05373781829551848
42479068,40.609055,-73.936761,,,3,POINT (-73.936761 40.609055),26,57,2657,40.6081275505,-73.93610478500001,0.11706386542386796
42473780,40.607632,-73.930269,,,4,POINT (-73.930269 40.607632),26,58,2658,40.6081275505,-73.93056050300001,0.06034777813094911
42502087,40.6083451,-73.9248256,,traffic_signals,4,POINT (-73.9248256 40.6083451),26,59,2659,40.6081275505,-73.925016221,0.029053657729639495
42491940,40.6082673,-73.9205954,,traffic_signals,3,POINT (-73.9205954 40.6082673),26,60,2660,40.6081275505,-73.919471939,0.09610358398946287
42512553,40.608305,-73.9133,,stop,4,POINT (-73.9133 40.608305),26,61,2661,40.6081275505,-73.913927657,0.05653950825101976
42497089,40.607895,-73.9084517,,,4,POINT (-73.9084517 40.607895),26,62,2662,40.6081275505,-73.90838337500001,0.0264938883391945
42489425,40.607953,-73.902439,,,3,POINT (-73.902439 40.607953),26,63,2663,40.6081275505,-73.90283909300001,0.03895433652426247
452270004,40.6084739,-73.8981288,,motorway_junction,3,POINT (-73.8981288 40.6084739),26,64,2664,40.6081275505,-73.89729481100001,0.08024784049074561
42923937,40.6060953,-73.8226343,,,1,POINT (-73.8226343 40.6060953),26,77,2677,40.6081275505,-73.825219145,0.3141333625059224
2757350471,40.6078121,-73.8194013,,traffic_signals,3,POINT (-73.8194013 40.6078121),26,78,2678,40.6081275505,-73.819674863,0.041996009259999856
42882662,40.6079441,-73.8160315,,stop,3,POINT (-73.8160315 40.6079441),26,79,2679,40.6081275505,-73.814130581,0.16176115700164154
42924275,40.607833,-73.768692,,turning_circle,1,POINT (-73.768692 40.607833),26,87,2687,40.6081275505,-73.76977632500001,0.09721870296838027
42820594,40.6081716,-73.7640214,,,3,POINT (-73.7640214 40.6081716),26,88,2688,40.6081275505,-73.764232043,0.018444079562289262
42926762,40.608771,-73.757799,,,3,POINT (-73.757799 40.608771),26,89,2689,40.6081275505,-73.758687761,0.10367289620762611
5473204227,40.6081659,-73.7526365,,,3,POINT (-73.7526365 40.6081659),26,90,2690,40.6081275505,-73.753143479,0.04300947606779565
42848823,40.60874,-73.747638,,,5,POINT (-73.747638 40.60874),26,91,2691,40.6081275505,-73.747599197,0.06818000875831014
42806706,40.606952,-73.74352,,,4,POINT (-73.74352 40.606952),26,92,2692,40.6081275505,-73.74205491500001,0.1799526601148378
42974050,40.6116097,-74.1887477,,,3,POINT (-74.1887477 40.6116097),27,11,2711,40.6122687675,-74.19114175700001,0.21496495776163482
9376401091,40.611286,-74.1873609,,,3,POINT (-74.1873609 40.611286),27,12,2712,40.6122687675,-74.18559747500001,0.18466065112627622
42974039,40.6119398,-74.1794595,,,3,POINT (-74.1794595 40.6119398),27,13,2713,40.6122687675,-74.180053193,0.062044704618758106
42973582,40.611252,-74.169603,,,3,POINT (-74.169603 40.611252),27,15,2715,40.6122687675,-74.16896462900002,0.12524441227529962
42987652,40.612881,-74.162415,,,3,POINT (-74.162415 40.612881),27,16,2716,40.6122687675,-74.16342034700001,0.10879409742004276
43011053,40.6126961,-74.1574575,,,1,POINT (-74.1574575 40.6126961),27,17,2717,40.6122687675,-74.15787606500001,0.059213253833683234
42944917,40.6120305,-74.1532817,,,3,POINT (-74.1532817 40.6120305),27,18,2718,40.6122687675,-74.15233178300001,0.08444786202782628
42966612,40.612072,-74.146703,,stop,4,POINT (-74.146703 40.612072),27,19,2719,40.6122687675,-74.146787501,0.023012877714228747
42984873,40.612459,-74.14091,,,3,POINT (-74.14091 40.612459),27,20,2720,40.6122687675,-74.141243219,0.03519377566952374
42978232,40.6122783,-74.1360497,,,4,POINT (-74.1360497 40.6122783),27,21,2721,40.6122687675,-74.13569893700002,0.029627438057503556
42954299,40.612537,-74.130216,,,3,POINT (-74.130216 40.612537),27,22,2722,40.6122687675,-74.13015465500001,0.030272261236386263
2799203435,40.6121199,-74.1246671,,,3,POINT (-74.1246671 40.6121199),27,23,2723,40.6122687675,-74.12461037300001,0.017231978829713373
42965880,40.61199,-74.118959,,,4,POINT (-74.118959 40.61199),27,24,2724,40.6122687675,-74.11906609100001,0.032288758698098316
42965864,40.6126853,-74.1130087,,stop,3,POINT (-74.1130087 40.6126853),27,25,2725,40.6122687675,-74.113521809,0.06341252820753904
42960637,40.6125286,-74.1074886,,,4,POINT (-74.1074886 40.6125286),27,26,2726,40.6122687675,-74.107977527,0.05037905947140367
42971777,40.6128757,-74.1026369,,,4,POINT (-74.1026369 40.6128757),27,27,2727,40.6122687675,-74.10243324500001,0.06964285848198055
94442296,40.6110042,-74.0970528,,,3,POINT (-74.0970528 40.6110042),27,28,2728,40.6122687675,-74.09688896300001,0.14129196436405878
42969198,40.612066,-74.090983,,,1,POINT (-74.090983 40.612066),27,29,2729,40.6122687675,-74.09134468100001,0.03795316887767451
42977088,40.612316,-74.085928,,,3,POINT (-74.085928 40.612316),27,30,2730,40.6122687675,-74.08580039900001,0.011983245314456539
42960680,40.6109471,-74.0790898,,,3,POINT (-74.0790898 40.6109471),27,31,2731,40.6122687675,-74.080256117,0.1768919864029738
42951920,40.611698,-74.075038,,,3,POINT (-74.075038 40.611698),27,32,2732,40.6122687675,-74.074711835,0.06918102490552981
42987911,40.61246,-74.06933,,traffic_signals,4,POINT (-74.06933 40.61246),27,33,2733,40.6122687675,-74.06916755300001,0.025301996622750206
42975184,40.6120951,-74.0633903,,,1,POINT (-74.0633903 40.6120951),27,34,2734,40.6122687675,-74.06362327100001,0.02756163819781119
42979245,40.6114317,-74.0600561,,,1,POINT (-74.0600561 40.6114317),27,35,2735,40.6122687675,-74.05807898900001,0.1910927868831207
448100066,40.6136611,-74.0388237,,,3,POINT (-74.0388237 40.6136611),27,38,2738,40.6122687675,-74.041446143,0.2701307485334458
42466150,40.6125686,-74.0361057,,traffic_signals,3,POINT (-74.0361057 40.6125686),27,39,2739,40.6122687675,-74.03590186100001,0.03751804873925825
448095983,40.6129426,-74.030724,,,3,POINT (-74.030724 40.6129426),27,40,2740,40.6122687675,-74.03035757900001,0.08105976623492389
42484111,40.612904,-74.02641,,,3,POINT (-74.02641 40.612904),27,41,2741,40.6122687675,-74.02481329700001,0.1521670276415226
42491331,40.611038,-74.013482,,traffic_signals,3,POINT (-74.013482 40.611038),27,43,2743,40.6122687675,-74.013724733,0.13838043818666107
42534212,40.6125726,-74.0083114,,traffic_signals,4,POINT (-74.0083114 40.6125726),27,44,2744,40.6122687675,-74.008180451,0.035546916823701646
42501660,40.611432,-74.001904,,traffic_signals,4,POINT (-74.001904 40.611432),27,45,2745,40.6122687675,-74.00263616900001,0.11170036350761985
42485229,40.612215,-73.997171,,traffic_signals,4,POINT (-73.997171 40.612215),27,46,2746,40.6122687675,-73.99709188700001,0.008963314575238385
42482815,40.612004,-73.990559,,,4,POINT (-73.990559 40.612004),27,47,2747,40.6122687675,-73.99154760500001,0.08849095557386735
42485600,40.612353,-73.986615,,traffic_signals,4,POINT (-73.986615 40.612353),27,48,2748,40.6122687675,-73.986003323,0.05247526125866334
42509097,40.6126279,-73.9794133,,traffic_signals,3,POINT (-73.9794133 40.6126279),27,49,2749,40.6122687675,-73.980459041,0.09688512614708518
42486147,40.612638,-73.974777,,,3,POINT (-73.974777 40.612638),27,50,2750,40.6122687675,-73.97491475900001,0.04267176572258079
42530940,40.611808,-73.969525,,traffic_signals,4,POINT (-73.969525 40.611808),27,51,2751,40.6122687675,-73.96937047700001,0.05286928321290292
42500755,40.612433,-73.963853,,traffic_signals,4,POINT (-73.963853 40.612433),27,52,2752,40.6122687675,-73.96382619500001,0.018401458822233582
42533439,40.6130641,-73.9581512,,traffic_signals,4,POINT (-73.9581512 40.6130641),27,53,2753,40.6122687675,-73.95828191300001,0.08912257390875816
2279574043,40.6111259,-73.9525774,,traffic_signals,5,POINT (-73.9525774 40.6111259),27,54,2754,40.6122687675,-73.952737631,0.1277988116025843
42526251,40.6117045,-73.946937,,,4,POINT (-73.946937 40.6117045),27,55,2755,40.6122687675,-73.947193349,0.0663702712139072
42470829,40.61182,-73.941161,,traffic_signals,4,POINT (-73.941161 40.61182),27,56,2756,40.6122687675,-73.94164906700001,0.06471017508116013
42500571,40.612069,-73.936438,,traffic_signals,4,POINT (-73.936438 40.612069),27,57,2757,40.6122687675,-73.93610478500001,0.03584084286081406
42479078,40.612784,-73.930998,,,4,POINT (-73.930998 40.612784),27,58,2758,40.6122687675,-73.93056050300001,0.06816221872410842
42491932,40.6122773,-73.9251659,,,4,POINT (-73.9251659 40.6122773),27,59,2759,40.6122687675,-73.925016221,0.012670218947372422
42467687,40.6121215,-73.9190067,,traffic_signals,3,POINT (-73.9190067 40.6121215),27,60,2760,40.6122687675,-73.919471939,0.04254895899639238
42489996,40.6116674,-73.9129133,,,3,POINT (-73.9129133 40.6116674),27,61,2761,40.6122687675,-73.913927657,0.10864123517722231
42460498,40.611779,-73.90856,,,4,POINT (-73.90856 40.611779),27,62,2762,40.6122687675,-73.90838337500001,0.05646362234605669
42484425,40.6127835,-73.9021345,,,3,POINT (-73.9021345 40.6127835),27,63,2763,40.6122687675,-73.90283909300001,0.08254251446292364
452270010,40.6117916,-73.8971605,,,3,POINT (-73.8971605 40.6117916),27,64,2764,40.6122687675,-73.89729481100001,0.054256366864607775
2757350484,40.6125296,-73.8198343,,,3,POINT (-73.8198343 40.6125296),27,78,2778,40.6122687675,-73.819674863,0.03197365539031131
42820617,40.6118876,-73.7701917,,,3,POINT (-73.7701917 40.6118876),27,87,2787,40.6122687675,-73.76977632500001,0.055007077812699624
42812123,40.611243,-73.763882,,,3,POINT (-73.763882 40.611243),27,88,2788,40.6122687675,-73.764232043,0.1178252764202643
42790949,40.6102233,-73.759176,,,1,POINT (-73.759176 40.6102233),27,89,2789,40.6122687675,-73.758687761,0.23114945805360215
2889711999,40.6105436,-73.7534932,,,3,POINT (-73.7534932 40.6105436),27,90,2790,40.6122687675,-73.753143479,0.1940880825556942
42830944,40.6114075,-73.7478132,,,3,POINT (-73.7478132 40.6114075),27,91,2791,40.6122687675,-73.747599197,0.09745740006177321
446784264,40.616918,-74.1950429,,,1,POINT (-74.1950429 40.616918),28,10,2810,40.6164099845,-74.19668603900001,0.14975361309813676
6444743717,40.6180131,-74.1838764,,,3,POINT (-74.1838764 40.6180131),28,12,2812,40.6164099845,-74.18559747500001,0.22995393431041822
446726360,40.6156797,-74.1791753,,,3,POINT (-74.1791753 40.6156797),28,13,2813,40.6164099845,-74.180053193,0.10993141291556298
42944120,40.6183926,-74.1763396,,motorway_junction,3,POINT (-74.1763396 40.6183926),28,14,2814,40.6164099845,-74.174508911,0.2692164310250685
6905754672,40.6162316,-74.1682448,,turning_circle,1,POINT (-74.1682448 40.6162316),28,15,2815,40.6164099845,-74.16896462900002,0.0639140810559144
42987004,40.6159739,-74.1634365,,traffic_signals,3,POINT (-74.1634365 40.6159739),28,16,2816,40.6164099845,-74.16342034700001,0.04850954808854852
447589731,40.6163242,-74.1573511,,,3,POINT (-74.1573511 40.6163242),28,17,2817,40.6164099845,-74.15787606500001,0.04532552015071681
42947608,40.6166455,-74.1530339,,,3,POINT (-74.1530339 40.6166455),28,18,2818,40.6164099845,-74.15233178300001,0.06479141823398794
42954405,40.6170702,-74.1470983,,,3,POINT (-74.1470983 40.6170702),28,19,2819,40.6164099845,-74.146787501,0.07795894748263268
42954381,40.6165301,-74.1416022,,,3,POINT (-74.1416022 40.6165301),28,20,2820,40.6164099845,-74.141243219,0.0331133643989606
42954347,40.615787,-74.136216,,,4,POINT (-74.136216 40.615787),28,21,2821,40.6164099845,-74.13569893700002,0.0818747523015859
42956710,40.616461,-74.131122,,,3,POINT (-74.131122 40.616461),28,22,2822,40.6164099845,-74.13015465500001,0.0818468846597408
43027169,40.616563,-74.125059,,,4,POINT (-74.125059 40.616563),28,23,2823,40.6164099845,-74.12461037300001,0.041513854065915276
42956861,40.61632,-74.119639,,turning_circle,1,POINT (-74.119639 40.61632),28,24,2824,40.6164099845,-74.11906609100001,0.049381539120455654
42965494,40.616647,-74.1144344,,,3,POINT (-74.1144344 40.616647),28,25,2825,40.6164099845,-74.113521809,0.08141223651591527
42978312,40.6150622,-74.1070499,,traffic_signals,3,POINT (-74.1070499 40.6150622),28,26,2826,40.6164099845,-74.107977527,0.1690878535307194
4207090355,40.6168044,-74.1027433,,,3,POINT (-74.1027433 40.6168044),28,27,2827,40.6164099845,-74.10243324500001,0.05107185262622582
42943601,40.6166981,-74.0974143,,,3,POINT (-74.0974143 40.6166981),28,28,2828,40.6164099845,-74.09688896300001,0.05470424903883131
43020797,40.616571,-74.09098,,,1,POINT (-74.09098 40.616571),28,29,2829,40.6164099845,-74.09134468100001,0.03560968576678124
42976307,40.616868,-74.085583,,,3,POINT (-74.085583 40.616868),28,30,2830,40.6164099845,-74.08580039900001,0.054133891886813314
42972852,40.616835,-74.07988,,,3,POINT (-74.07988 40.616835),28,31,2831,40.6164099845,-74.080256117,0.056932520018170195
4474960548,40.6167268,-74.0745413,,,2,POINT (-74.0745413 40.6167268),28,32,2832,40.6164099845,-74.074711835,0.03805554772217905
42984964,40.616584,-74.069023,,,3,POINT (-74.069023 40.616584),28,33,2833,40.6164099845,-74.06916755300001,0.022875257600185314
43001004,40.6163514,-74.0639162,,,3,POINT (-74.0639162 40.6163514),28,34,2834,40.6164099845,-74.06362327100001,0.025568851383538458
42470780,40.6171814,-74.0387716,,traffic_signals,3,POINT (-74.0387716 40.6171814),28,38,2838,40.6164099845,-74.041446143,0.24149447543185526
42498616,40.616671,-74.035682,,,3,POINT (-74.035682 40.616671),28,39,2839,40.6164099845,-74.03590186100001,0.03444931352359102
42465637,40.6165143,-74.0304678,,traffic_signals,4,POINT (-74.0304678 40.6165143),28,40,2840,40.6164099845,-74.03035757900001,0.014869341942200699
42461611,40.6166781,-74.0252551,,,3,POINT (-74.0252551 40.6166781),28,41,2841,40.6164099845,-74.02481329700001,0.04774340496243107
42487932,40.6167201,-74.018318,,traffic_signals,3,POINT (-74.018318 40.6167201),28,42,2842,40.6164099845,-74.019269015,0.08736485861670693
42460360,40.617118,-74.014327,,,4,POINT (-74.014327 40.617118),28,43,2843,40.6164099845,-74.013724733,0.09371362817369673
42494980,40.616133,-74.008177,,traffic_signals,4,POINT (-74.008177 40.616133),28,44,2844,40.6164099845,-74.008180451,0.030800648566447833
42477706,40.617041,-74.003652,,traffic_signals,4,POINT (-74.003652 40.617041),28,45,2845,40.6164099845,-74.00263616900001,0.11079240528170807
42495401,40.616555,-73.996582,,traffic_signals,4,POINT (-73.996582 40.616555),28,46,2846,40.6164099845,-73.99709188700001,0.04595929261396889
42512339,40.6168331,-73.9925097,,traffic_signals,4,POINT (-73.9925097 40.6168331),28,47,2847,40.6164099845,-73.99154760500001,0.09385132684952856
42524857,40.616522,-73.98586,,traffic_signals,4,POINT (-73.98586 40.616522),28,48,2848,40.6164099845,-73.986003323,0.017363385001554328
42468953,40.6155566,-73.9796327,,traffic_signals,4,POINT (-73.9796327 40.6155566),28,49,2849,40.6164099845,-73.980459041,0.1177684444658472
42501997,40.6164233,-73.9744426,,traffic_signals,4,POINT (-73.9744426 40.6164233),28,50,2850,40.6164099845,-73.97491475900001,0.03988072627604956
2282435292,40.6169842,-73.9693826,,traffic_signals,4,POINT (-73.9693826 40.6169842),28,51,2851,40.6164099845,-73.96937047700001,0.06385804918237027
42489183,40.6166298,-73.96363,,,3,POINT (-73.96363 40.6166298),28,52,2852,40.6164099845,-73.96382619500001,0.02952398618600631
42519032,40.615829,-73.957694,,traffic_signals,4,POINT (-73.957694 40.615829),28,53,2853,40.6164099845,-73.95828191300001,0.08146171572004599
42533236,40.616384,-73.952627,,,4,POINT (-73.952627 40.616384),28,54,2854,40.6164099845,-73.952737631,0.009774758420608841
42502534,40.617001,-73.946993,,,4,POINT (-73.946993 40.617001),28,55,2855,40.6164099845,-73.947193349,0.06785879556216513
42473763,40.617432,-73.941184,,,3,POINT (-73.941184 40.617432),28,56,2856,40.6164099845,-73.94164906700001,0.12023152484056353
42470877,40.615584,-73.935348,,,4,POINT (-73.935348 40.615584),28,57,2857,40.6164099845,-73.93610478500001,0.11187466449955386
42491895,40.616922,-73.930602,,,3,POINT (-73.930602 40.616922),28,58,2858,40.6164099845,-73.93056050300001,0.05704116561532601
42531059,40.616733,-73.924695,,,4,POINT (-73.924695 40.616733),28,59,2859,40.6164099845,-73.925016221,0.04500218846835264
42524257,40.617032,-73.919883,,,4,POINT (-73.919883 40.617032),28,60,2860,40.6164099845,-73.919471939,0.07737962328555621
42529318,40.615929,-73.91311,,traffic_signals,4,POINT (-73.91311 40.615929),28,61,2861,40.6164099845,-73.913927657,0.08731325881839741
42498363,40.6157271,-73.9091439,,traffic_signals,3,POINT (-73.9091439 40.6157271),28,62,2862,40.6164099845,-73.90838337500001,0.09943173456400957
42472909,40.617032,-73.903099,,,4,POINT (-73.903099 40.617032),28,63,2863,40.6164099845,-73.90283909300001,0.07256070468652404
5490127305,40.6171938,-73.8985088,,,3,POINT (-73.8985088 40.6171938),28,64,2864,40.6164099845,-73.89729481100001,0.13452091751775108
1334569042,40.6147232,-73.8214038,,traffic_signals,3,POINT (-73.8214038 40.6147232),28,78,2878,40.6164099845,-73.819674863,0.23764791672465987
6444743704,40.6217985,-74.1895747,,,1,POINT (-74.1895747 40.6217985),29,11,2911,40.6205512015,-74.19114175700001,0.1916470170933088
42971153,40.6205422,-74.1692125,,traffic_signals,5,POINT (-74.1692125 40.6205422),29,15,2915,40.6205512015,-74.16896462900002,0.020944530688343933
42966995,40.62031,-74.162371,,,4,POINT (-74.162371 40.62031),29,16,2916,40.6205512015,-74.16342034700001,0.09253818337283795
42997845,40.6202524,-74.1566676,,,3,POINT (-74.1566676 40.6202524),29,17,2917,40.6205512015,-74.15787606500001,0.10727121350778733
42997280,40.6206607,-74.1523924,,,3,POINT (-74.1523924 40.6206607),29,18,2918,40.6205512015,-74.15233178300001,0.013206892993013097
43007180,40.6209297,-74.1472199,,,3,POINT (-74.1472199 40.6209297),29,19,2919,40.6205512015,-74.146787501,0.05570638001003979
42983405,40.620842,-74.141783,,,3,POINT (-74.141783 40.620842),29,20,2920,40.6205512015,-74.141243219,0.05586687676973786
42959264,40.620772,-74.136269,,,4,POINT (-74.136269 40.620772),29,21,2921,40.6205512015,-74.13569893700002,0.05401603207037273
42973082,40.620512,-74.129884,,,3,POINT (-74.129884 40.620512),29,22,2922,40.6205512015,-74.13015465500001,0.023255775361880497
2571871416,40.6211844,-74.12472,,,1,POINT (-74.12472 40.6211844),29,23,2923,40.6205512015,-74.12461037300001,0.07101381545078676
43021293,40.6195884,-74.119783,,,1,POINT (-74.119783 40.6195884),29,24,2924,40.6205512015,-74.11906609100001,0.12297486522289444
42991130,40.62146,-74.112165,,,1,POINT (-74.112165 40.62146),29,25,2925,40.6205512015,-74.113521809,0.15272740335668047
42950064,40.620789,-74.107644,,,3,POINT (-74.107644 40.620789),29,26,2926,40.6205512015,-74.107977527,0.03862126322689991
42968668,40.6196496,-74.1020886,,,1,POINT (-74.1020886 40.6196496),29,27,2927,40.6205512015,-74.10243324500001,0.1043882912976377
5490546463,40.6200238,-74.0948197,,,1,POINT (-74.0948197 40.6200238),29,28,2928,40.6205512015,-74.09688896300001,0.18423190103342718
5490546453,40.6206112,-74.09245,,,1,POINT (-74.09245 40.6206112),29,29,2929,40.6205512015,-74.09134468100001,0.09352840863486579
42953238,40.620365,-74.085802,,,3,POINT (-74.085802 40.620365),29,30,2930,40.6205512015,-74.08580039900001,0.020705103071985552
43002178,40.620191,-74.079901,,,1,POINT (-74.079901 40.620191),29,31,2931,40.6205512015,-74.080256117,0.05002551202105388
42952824,40.62028,-74.075049,,,4,POINT (-74.075049 40.62028),29,32,2932,40.6205512015,-74.074711835,0.04146334518882277
43009663,40.619747,-74.069759,,,3,POINT (-74.069759 40.619747),29,33,2933,40.6205512015,-74.06916755300001,0.10241295460413932
42470715,40.6207614,-74.0404726,,,3,POINT (-74.0404726 40.6207614),29,38,2938,40.6205512015,-74.041446143,0.0854276412635535
42508086,40.620638,-74.035158,,stop,4,POINT (-74.035158 40.620638),29,39,2939,40.6205512015,-74.03590186100001,0.06352022006956853
42500846,40.6205056,-74.0292876,,,3,POINT (-74.0292876 40.6205056),29,40,2940,40.6205512015,-74.03035757900001,0.09044973923529487
42461069,40.6204285,-74.0244514,,traffic_signals,4,POINT (-74.0244514 40.6204285),29,41,2941,40.6205512015,-74.02481329700001,0.03345328964942535
42487318,40.620722,-74.020296,,,4,POINT (-74.020296 40.620722),29,42,2942,40.6205512015,-74.019269015,0.0887348569666794
42517307,40.620685,-74.014203,,,4,POINT (-74.014203 40.620685),29,43,2943,40.6205512015,-74.013724733,0.04302069637438288
42509550,40.620303,-74.007426,,traffic_signals,4,POINT (-74.007426 40.620303),29,44,2944,40.6205512015,-74.008180451,0.06940034059874198
42495391,40.620696,-74.003436,,traffic_signals,4,POINT (-74.003436 40.620696),29,45,2945,40.6205512015,-74.00263616900001,0.06940012311038823
42490869,40.620274,-73.996709,,,4,POINT (-73.996709 40.620274),29,46,2946,40.6205512015,-73.99709188700001,0.04465889640244979
42501631,40.621111,-73.99184,,traffic_signals,4,POINT (-73.99184 40.621111),29,47,2947,40.6205512015,-73.99154760500001,0.06696028939846085
42484271,40.620131,-73.985693,,traffic_signals,4,POINT (-73.985693 40.620131),29,48,2948,40.6205512015,-73.986003323,0.05356456988751355
42527937,40.6210781,-73.9811186,,,3,POINT (-73.9811186 40.6210781),29,49,2949,40.6205512015,-73.980459041,0.08081742466517823
42468925,40.6208857,-73.975285,,traffic_signals,4,POINT (-73.975285 40.6208857),29,50,2950,40.6205512015,-73.97491475900001,0.04857894776459755
2282435298,40.6194368,-73.969284,,traffic_signals,4,POINT (-73.969284 40.6194368),29,51,2951,40.6205512015,-73.96937047700001,0.12413056245196985
42528328,40.620095,-73.963268,,traffic_signals,4,POINT (-73.963268 40.620095),29,52,2952,40.6205512015,-73.96382619500001,0.06923035811000548
42519019,40.6206127,-73.9585952,,traffic_signals,4,POINT (-73.9585952 40.6206127),29,53,2953,40.6205512015,-73.95828191300001,0.02731171893074734
42508391,40.6212731,-73.952609,,traffic_signals,4,POINT (-73.952609 40.6212731),29,54,2954,40.6205512015,-73.952737631,0.08100228643344101
42502531,40.6194022,-73.9474497,,traffic_signals,4,POINT (-73.9474497 40.6194022),29,55,2955,40.6205512015,-73.947193349,0.12958224313893435
1942053072,40.6202745,-73.9417781,,stop,3,POINT (-73.9417781 40.6202745),29,56,2956,40.6205512015,-73.94164906700001,0.03263835063368629
42498783,40.6206426,-73.9362757,,,3,POINT (-73.9362757 40.6206426),29,57,2957,40.6205512015,-73.93610478500001,0.01764596661034386
42533089,40.621116,-73.931016,,,4,POINT (-73.931016 40.621116),29,58,2958,40.6205512015,-73.93056050300001,0.07363523384758433
42531050,40.621483,-73.925193,,,4,POINT (-73.925193 40.621483),29,59,2959,40.6205512015,-73.925016221,0.10468002775639267
42500359,40.6194276,-73.9192012,,traffic_signals,4,POINT (-73.9192012 40.6194276),29,60,2960,40.6205512015,-73.919471939,0.12701127080860036
42498476,40.6207446,-73.9143658,,traffic_signals,4,POINT (-73.9143658 40.6207446),29,61,2961,40.6205512015,-73.913927657,0.04277805470168707
42490069,40.6201379,-73.9077764,,stop,4,POINT (-73.9077764 40.6201379),29,62,2962,40.6205512015,-73.90838337500001,0.06882234691394662
42510800,40.620068,-73.902744,,stop,4,POINT (-73.902744 40.620068),29,63,2963,40.6205512015,-73.90283909300001,0.05432569929776225
2757350502,40.6200715,-73.8252845,,,3,POINT (-73.8252845 40.6200715),29,77,2977,40.6205512015,-73.825219145,0.05362482906112718
1934649808,40.624958,-74.1788256,,,3,POINT (-74.1788256 40.624958),30,13,3013,40.6246924185,-74.180053193,0.10773027730025048
42961832,40.6258059,-74.1747555,,,3,POINT (-74.1747555 40.6258059),30,14,3014,40.6246924185,-74.174508911,0.12555029333325948
42971140,40.623909,-74.167404,,traffic_signals,3,POINT (-74.167404 40.623909),30,15,3015,40.6246924185,-74.16896462900002,0.15791278515684334
42973562,40.6247892,-74.16358,,,3,POINT (-74.16358 40.6247892),30,16,3016,40.6246924185,-74.16342034700001,0.017244198535269727
42963978,40.624465,-74.158204,,,3,POINT (-74.158204 40.624465),30,17,3017,40.6246924185,-74.15787606500001,0.037489417921970664
42980980,40.624587,-74.151687,,,3,POINT (-74.151687 40.624587),30,18,3018,40.6246924185,-74.15233178300001,0.0556653042197882
42947577,40.6249005,-74.1466821,,traffic_signals,4,POINT (-74.1466821 40.6249005),30,19,3019,40.6246924185,-74.146787501,0.024788647014969103
42945091,40.624594,-74.14128,,traffic_signals,4,POINT (-74.14128 40.624594),30,20,3020,40.6246924185,-74.141243219,0.01137537137336948
43008045,40.625064,-74.13581,,traffic_signals,3,POINT (-74.13581 40.625064),30,21,3021,40.6246924185,-74.13569893700002,0.042367828290233396
2692181864,40.6245845,-74.129928,,,3,POINT (-74.129928 40.6245845),30,22,3022,40.6246924185,-74.13015465500001,0.022581180880835702
42947922,40.6249881,-74.12473,,,3,POINT (-74.12473 40.6249881),30,23,3023,40.6246924185,-74.12461037300001,0.03439347129307551
43010649,40.6247044,-74.1190908,,turning_circle,1,POINT (-74.1190908 40.6247044),30,24,3024,40.6246924185,-74.11906609100001,0.002474593465877146
42955947,40.624585,-74.113101,,,3,POINT (-74.113101 40.624585),30,25,3025,40.6246924185,-74.113521809,0.03746938496005221
42980669,40.624104,-74.108039,,,4,POINT (-74.108039 40.624104),30,26,3026,40.6246924185,-74.107977527,0.0656345201695128
42960602,40.62463,-74.102501,,,3,POINT (-74.102501 40.62463),30,27,3027,40.6246924185,-74.10243324500001,0.008992807071674675
43005924,40.624432,-74.090838,,,3,POINT (-74.090838 40.624432),30,29,3029,40.6246924185,-74.09134468100001,0.05164397322949415
42973818,40.624633,-74.084974,,,3,POINT (-74.084974 40.624633),30,30,3030,40.6246924185,-74.08580039900001,0.07005698679810107
2798962443,40.6244341,-74.0801549,,,3,POINT (-74.0801549 40.6244341),30,31,3031,40.6246924185,-74.080256117,0.0299670241011383
42949749,40.624918,-74.075682,,,3,POINT (-74.075682 40.624918),30,32,3032,40.6246924185,-74.074711835,0.08563388605362889
2323022173,40.6249158,-74.0406553,,,3,POINT (-74.0406553 40.6249158),30,38,3038,40.6246924185,-74.041446143,0.0712159190405165
42487905,40.624734,-74.036426,,traffic_signals,4,POINT (-74.036426 40.624734),30,39,3039,40.6246924185,-74.03590186100001,0.04447616688219163
42466064,40.62501,-74.030427,,traffic_signals,4,POINT (-74.030427 40.62501),30,40,3040,40.6246924185,-74.03035757900001,0.035796170423584725
42465583,40.624321,-74.02475,,traffic_signals,4,POINT (-74.02475 40.624321),30,41,3041,40.6246924185,-74.02481329700001,0.041643907872869874
42487414,40.624879,-74.019632,,,3,POINT (-74.019632 40.624879),30,42,3042,40.6246924185,-74.019269015,0.036998671666804255
42525944,40.624896,-74.013409,,traffic_signals,4,POINT (-74.013409 40.624896),30,43,3043,40.6246924185,-74.013724733,0.03496401214067268
42460312,40.623915,-74.00726,,,4,POINT (-74.00726 40.623915),30,44,3044,40.6246924185,-74.008180451,0.11622111996873055
42474197,40.624821,-74.00273,,traffic_signals,4,POINT (-74.00273 40.624821),30,45,3045,40.6246924185,-74.00263616900001,0.01634415416299406
42468171,40.6245201,-73.9974839,,traffic_signals,4,POINT (-73.9974839 40.6245201),30,46,3046,40.6246924185,-73.99709188700001,0.03823238700405127
42490837,40.624855,-73.991944,,traffic_signals,4,POINT (-73.991944 40.624855),30,47,3047,40.6246924185,-73.99154760500001,0.03802628373593105
42490294,40.624323,-73.984962,,traffic_signals,3,POINT (-73.984962 40.624323),30,48,3048,40.6246924185,-73.986003323,0.09700977053173326
42488561,40.624653,-73.980985,,stop,4,POINT (-73.980985 40.624653),30,49,3049,40.6246924185,-73.980459041,0.044604688471832424
42495255,40.623724,-73.974626,,,4,POINT (-73.974626 40.623724),30,50,3050,40.6246924185,-73.97491475900001,0.11040645941204937
42485278,40.6243376,-73.9691109,,traffic_signals,4,POINT (-73.9691109 40.6243376),30,51,3051,40.6246924185,-73.96937047700001,0.04512814208570422
42528320,40.6248784,-73.9641737,,traffic_signals,4,POINT (-73.9641737 40.6248784),30,52,3052,40.6246924185,-73.96382619500001,0.03588593249403494
42492588,40.6254962,-73.9585396,,traffic_signals,4,POINT (-73.9585396 40.6254962),30,53,3053,40.6246924185,-73.95828191300001,0.09198425683739317
42489654,40.6237699,-73.9521281,,traffic_signals,4,POINT (-73.9521281 40.6237699),30,54,3054,40.6246924185,-73.952737631,0.11475555528584126
42477009,40.6242782,-73.9474201,,traffic_signals,4,POINT (-73.9474201 40.6242782),30,55,3055,40.6246924185,-73.947193349,0.049876374894844984
42473728,40.6249231,-73.9416841,,traffic_signals,4,POINT (-73.9416841 40.6249231),30,56,3056,40.6246924185,-73.94164906700001,0.025820449728503593
42460592,40.624691,-73.93633,,,3,POINT (-73.93633 40.624691),30,57,3057,40.6246924185,-73.93610478500001,0.019007882606165236
42516475,40.624442,-73.930393,,traffic_signals,4,POINT (-73.930393 40.624442),30,58,3058,40.6246924185,-73.93056050300001,0.031228228447878627
42473106,40.623743,-73.924469,,stop,4,POINT (-73.924469 40.623743),30,59,3059,40.6246924185,-73.925016221,0.11523044338743545
42500343,40.6240403,-73.9196902,,,4,POINT (-73.9196902 40.6240403),30,60,3060,40.6246924185,-73.919471939,0.07481538152914581
42533064,40.624333,-73.913205,,,4,POINT (-73.913205 40.624333),30,61,3061,40.6246924185,-73.913927657,0.07291747140502243
42510790,40.6241807,-73.9090757,,,3,POINT (-73.9090757 40.6241807),30,62,3062,40.6246924185,-73.90838337500001,0.0815578867140288
1257570156,40.6257323,-73.9010623,,,1,POINT (-73.9010623 40.6257323),30,63,3063,40.6246924185,-73.90283909300001,0.18935699121736782
9679122031,40.6293352,-74.1852552,,,3,POINT (-74.1852552 40.6293352),31,12,3112,40.6288336355,-74.18559747500001,0.06280747509283795
5490290978,40.6285428,-74.1791788,,,3,POINT (-74.1791788 40.6285428),31,13,3113,40.6288336355,-74.180053193,0.08056624314458985
42950940,40.628527,-74.169296,,,3,POINT (-74.169296 40.628527),31,15,3115,40.6288336355,-74.16896462900002,0.04409742024158709
42982572,40.628997,-74.163822,,,4,POINT (-74.163822 40.628997),31,16,3116,40.6288336355,-74.16342034700001,0.0384564551635248
42982537,40.6287971,-74.1579589,,,3,POINT (-74.1579589 40.6287971),31,17,3117,40.6288336355,-74.15787606500001,0.008085268636572104
1486368709,40.6287891,-74.1526627,,,3,POINT (-74.1526627 40.6287891),31,18,3118,40.6288336355,-74.15233178300001,0.02836200014838633
42972776,40.629371,-74.147536,,,3,POINT (-74.147536 40.629371),31,19,3119,40.6288336355,-74.146787501,0.08694987922908111
42997603,40.6291448,-74.141204,,,3,POINT (-74.141204 40.6291448),31,20,3120,40.6288336355,-74.141243219,0.03475785115775148
42966824,40.628188,-74.136046,,,3,POINT (-74.136046 40.628188),31,21,3121,40.6288336355,-74.13569893700002,0.0775361278789762
42969077,40.6286669,-74.1301174,,,1,POINT (-74.1301174 40.6286669),31,22,3122,40.6288336355,-74.13015465500001,0.018804825406514562
42979182,40.6286392,-74.1246838,,,4,POINT (-74.1246838 40.6286392),31,23,3123,40.6288336355,-74.12461037300001,0.02249071444951102
43007752,40.6287103,-74.119005,,traffic_signals,4,POINT (-74.119005 40.6287103),31,24,3124,40.6288336355,-74.11906609100001,0.014651309741835938
43001581,40.628562,-74.113215,,,4,POINT (-74.113215 40.628562),31,25,3125,40.6288336355,-74.113521809,0.039783167696411346
42974586,40.628904,-74.108036,,,4,POINT (-74.108036 40.628904),31,26,3126,40.6288336355,-74.107977527,0.009250283455274516
42968722,40.628724,-74.103248,,,3,POINT (-74.103248 40.628724),31,27,3127,40.6288336355,-74.10243324500001,0.06983016898575327
43026859,40.6301389,-74.0981496,,,1,POINT (-74.0981496 40.6301389),31,28,3128,40.6288336355,-74.09688896300001,0.17995286604128513
43007939,40.6306925,-74.0904735,,,3,POINT (-74.0904735 40.6306925),31,29,3129,40.6288336355,-74.09134468100001,0.21938171599302125
42967864,40.6286624,-74.0857292,,,3,POINT (-74.0857292 40.6286624),31,30,3130,40.6288336355,-74.08580039900001,0.019966069149694645
42976800,40.6289629,-74.0797333,,traffic_signals,4,POINT (-74.0797333 40.6289629),31,31,3131,40.6288336355,-74.080256117,0.04640310435293579
42990024,40.6287538,-74.0744852,,traffic_signals,3,POINT (-74.0744852 40.6287538),31,32,3132,40.6288336355,-74.074711835,0.02108569144336864
42470671,40.6287252,-74.0398809,,,3,POINT (-74.0398809 40.6287252),31,38,3138,40.6288336355,-74.041446143,0.13264121201987528
42515897,40.628375,-74.034938,,,4,POINT (-74.034938 40.628375),31,39,3139,40.6288336355,-74.03590186100001,0.09600612835034371
42508040,40.629199,-74.031658,,stop,4,POINT (-74.031658 40.629199),31,40,3140,40.6288336355,-74.03035757900001,0.11702171061730038
42485203,40.629378,-74.02566,,traffic_signals,4,POINT (-74.02566 40.629378),31,41,3141,40.6288336355,-74.02481329700001,0.09364593519036402
42516131,40.628702,-74.019701,,,3,POINT (-74.019701 40.628702),31,42,3142,40.6288336355,-74.019269015,0.03928427965765853
42473526,40.629024,-74.012702,,,3,POINT (-74.012702 40.629024),31,43,3143,40.6288336355,-74.013724733,0.08886682742536592
42501080,40.629371,-74.008754,,traffic_signals,4,POINT (-74.008754 40.629371),31,44,3144,40.6288336355,-74.008180451,0.07689655316583698
42460278,40.628751,-74.002228,,,3,POINT (-74.002228 40.628751),31,45,3145,40.6288336355,-74.00263616900001,0.035650196104836676
2620907640,40.6284534,-73.9963379,,traffic_signals,4,POINT (-73.9963379 40.6284534),31,46,3146,40.6288336355,-73.99709188700001,0.07639603724071607
42517383,40.629006,-73.991212,,traffic_signals,4,POINT (-73.991212 40.629006),31,47,3147,40.6288336355,-73.99154760500001,0.034197483290120366
42490807,40.629355,-73.987259,,traffic_signals,4,POINT (-73.987259 40.629355),31,48,3148,40.6288336355,-73.986003323,0.12078862317658047
42492877,40.6288805,-73.9804306,,traffic_signals,4,POINT (-73.9804306 40.6288805),31,49,3149,40.6288336355,-73.980459041,0.005737268545349452
42516972,40.628412,-73.974832,,,3,POINT (-73.974832 40.628412),31,50,3150,40.6288336355,-73.97491475900001,0.04740107390075645
42531769,40.6292357,-73.9689277,,,4,POINT (-73.9689277 40.6292357),31,51,3151,40.6288336355,-73.96937047700001,0.05826656170687067
42506129,40.628715,-73.963952,,,1,POINT (-73.963952 40.628715),31,52,3152,40.6288336355,-73.96382619500001,0.016933282839004197
270017656,40.6291393,-73.9582586,,,1,POINT (-73.9582586 40.6291393),31,53,3153,40.6288336355,-73.95828191300001,0.034045234823402576
42489650,40.62854,-73.953031,,traffic_signals,4,POINT (-73.953031 40.62854),31,54,3154,40.6288336355,-73.952737631,0.04097579003915495
42481760,40.629166,-73.947327,,traffic_signals,4,POINT (-73.947327 40.629166),31,55,3155,40.6288336355,-73.947193349,0.03864001815341416
9258620025,40.6296861,-73.941509,,,4,POINT (-73.941509 40.6296861),31,56,3156,40.6288336355,-73.94164906700001,0.09552387847567506
42476209,40.627692,-73.935549,,traffic_signals,4,POINT (-73.935549 40.627692),31,57,3157,40.6288336355,-73.93610478500001,0.1353319432772052
42516463,40.627987,-73.930772,,traffic_signals,4,POINT (-73.930772 40.627987),31,58,3158,40.6288336355,-73.93056050300001,0.09581860086012821
42473097,40.628349,-73.924956,,traffic_signals,4,POINT (-73.924956 40.628349),31,59,3159,40.6288336355,-73.925016221,0.05412811766102524
42473342,40.628702,-73.919248,,,4,POINT (-73.919248 40.628702),31,60,3160,40.6288336355,-73.919471939,0.02390390326906972
2800213219,40.6276334,-73.9135324,,,3,POINT (-73.9135324 40.6276334),31,61,3161,40.6288336355,-73.913927657,0.13756540749881888
42525649,40.6297509,-73.9081904,,,3,POINT (-73.9081904 40.6297509),31,62,3162,40.6288336355,-73.90838337500001,0.10328707353405255
42472105,40.62897,-73.903222,,,3,POINT (-73.903222 40.62897),31,63,3163,40.6288336355,-73.90283909300001,0.035694487595311124
1257570236,40.6289182,-73.8971517,,,3,POINT (-73.8971517 40.6289182),31,64,3164,40.6288336355,-73.89729481100001,0.015306160627632908
42488878,40.629649,-73.891826,,,3,POINT (-73.891826 40.629649),31,65,3165,40.6288336355,-73.891750529,0.09088782624667116
42463164,40.6294565,-73.8855533,,,3,POINT (-73.8855533 40.6294565),31,66,3166,40.6288336355,-73.886206247,0.08850499529174014
446785805,40.6343049,-74.1846316,,,1,POINT (-74.1846316 40.6343049),32,12,3212,40.6329748525,-74.18559747500001,0.1688663877196611
8846727976,40.6337216,-74.1675704,,,1,POINT (-74.1675704 40.6337216),32,15,3215,40.6329748525,-74.16896462900002,0.144002518548433
42986483,40.632924,-74.161673,,,3,POINT (-74.161673 40.632924),32,16,3216,40.6329748525,-74.16342034700001,0.14755911372617606
42997249,40.6328216,-74.1581396,,,3,POINT (-74.1581396 40.6328216),32,17,3217,40.6329748525,-74.15787606500001,0.02801687457176943
42967144,40.633637,-74.151949,,,3,POINT (-74.151949 40.633637),32,18,3218,40.6329748525,-74.15233178300001,0.0804012757540456
42994137,40.632831,-74.147217,,,3,POINT (-74.147217 40.632831),32,19,3219,40.6329748525,-74.146787501,0.039616326287140145
8676620472,40.63313,-74.1414442,,,3,POINT (-74.1414442 40.63313),32,20,3220,40.6329748525,-74.141243219,0.024192041228244792
42972077,40.6333432,-74.1365407,,,4,POINT (-74.1365407 40.6333432),32,21,3221,40.6329748525,-74.13569893700002,0.08199502699020804
42962871,40.632371,-74.130166,,,3,POINT (-74.130166 40.632371),32,22,3222,40.6329748525,-74.13015465500001,0.06715215908922628
42948563,40.632747,-74.12398,,,3,POINT (-74.12398 40.632747),32,23,3223,40.6329748525,-74.12461037300001,0.058919943130513505
42950568,40.632392,-74.119167,,,4,POINT (-74.119167 40.632392),32,24,3224,40.6329748525,-74.11906609100001,0.06536725087725113
43017854,40.632768,-74.112999,,,1,POINT (-74.112999 40.632768),32,25,3225,40.6329748525,-74.113521809,0.04975340584684699
43020669,40.632687,-74.107348,,,4,POINT (-74.107348 40.632687),32,26,3226,40.6329748525,-74.107977527,0.06202058088144547
42994053,40.633244,-74.101856,,,3,POINT (-74.101856 40.633244),32,27,3227,40.6329748525,-74.10243324500001,0.05717023229597352
43010799,40.632884,-74.097198,,,3,POINT (-74.097198 40.632884),32,28,3228,40.6329748525,-74.09688896300001,0.02796662550451075
42983356,40.6333014,-74.0919464,,,3,POINT (-74.0919464 40.6333014),32,29,3229,40.6329748525,-74.09134468100001,0.062423315814438135
42953584,40.632878,-74.085538,,,3,POINT (-74.085538 40.632878),32,30,3230,40.6329748525,-74.08580039900001,0.024622760952728
43010284,40.6328991,-74.0790983,,,3,POINT (-74.0790983 40.6328991),32,31,3231,40.6329748525,-74.080256117,0.09806539991502945
42965536,40.633115,-74.0752971,,,3,POINT (-74.0752971 40.633115),32,32,3232,40.6329748525,-74.074711835,0.05178809210139775
42470612,40.6313074,-74.0388138,,traffic_signals,3,POINT (-74.0388138 40.6313074),32,38,3238,40.6329748525,-74.041446143,0.28934637819908987
42477662,40.632667,-74.0361287,,,3,POINT (-74.0361287 40.632667),32,39,3239,40.6329748525,-74.03590186100001,0.03922014055782067
42508023,40.6327863,-74.0301957,,traffic_signals,4,POINT (-74.0301957 40.6327863),32,40,3240,40.6329748525,-74.03035757900001,0.02502357035764671
42484088,40.633096,-74.025177,,,3,POINT (-74.025177 40.633096),32,41,3241,40.6329748525,-74.02481329700001,0.03351743195303906
42485902,40.632885,-74.019736,,,3,POINT (-74.019736 40.632885),32,42,3242,40.6329748525,-74.019269015,0.040653614611412404
4026460325,40.632634,-74.012534,,traffic_signals,4,POINT (-74.012534 40.632634),32,43,3243,40.6329748525,-74.013724733,0.10739126213243415
42473506,40.633028,-74.008537,,,3,POINT (-74.008537 40.633028),32,44,3244,40.6329748525,-74.008180451,0.03066243470970891
42521610,40.632645,-74.001764,,traffic_signals,4,POINT (-74.001764 40.632645),32,45,3245,40.6329748525,-74.00263616900001,0.08223149281663603
42460236,40.632996,-73.997813,,traffic_signals,4,POINT (-73.997813 40.632996),32,46,3246,40.6329748525,-73.99709188700001,0.06089685820468798
42473045,40.632574,-73.991081,,traffic_signals,4,POINT (-73.991081 40.632574),32,47,3247,40.6329748525,-73.99154760500001,0.059473571908317216
42519579,40.633487,-73.986548,,traffic_signals,4,POINT (-73.986548 40.633487),32,48,3248,40.6329748525,-73.986003323,0.07318239067167838
42501571,40.6323563,-73.9801459,,traffic_signals,4,POINT (-73.9801459 40.6323563),32,49,3249,40.6329748525,-73.980459041,0.0736813256384083
42498771,40.633488,-73.974583,,,4,POINT (-73.974583 40.633488),32,50,3250,40.6329748525,-73.97491475900001,0.06355725386978793
42485787,40.6329183,-73.9688912,,stop,4,POINT (-73.9688912 40.6329183),32,51,3251,40.6329748525,-73.96937047700001,0.04092997175049416
42490050,40.6330092,-73.9638213,,,3,POINT (-73.9638213 40.6330092),32,52,3252,40.6329748525,-73.96382619500001,0.003841540081087478
3514016522,40.6329449,-73.957771,,traffic_signals,4,POINT (-73.957771 40.6329449),32,53,3253,40.6329748525,-73.95828191300001,0.043242089936873285
42515750,40.633428,-73.952974,,traffic_signals,4,POINT (-73.952974 40.633428),32,54,3254,40.6329748525,-73.952737631,0.05419192804220825
9258552694,40.6328457,-73.9476588,,,4,POINT (-73.9476588 40.6328457),32,55,3255,40.6329748525,-73.947193349,0.04182045182614428
9258589454,40.6320243,-73.9417648,,,4,POINT (-73.9417648 40.6320243),32,56,3256,40.6329748525,-73.94164906700001,0.1061468520538018
1261571823,40.6332967,-73.9361537,,,1,POINT (-73.9361537 40.6332967),32,57,3257,40.6329748525,-73.93610478500001,0.036025063913884
42489514,40.632726,-73.930312,,,4,POINT (-73.930312 40.632726),32,58,3258,40.6329748525,-73.93056050300001,0.034719388302610316
42473089,40.633028,-73.925456,,traffic_signals,4,POINT (-73.925456 40.633028),32,59,3259,40.6329748525,-73.925016221,0.03757853902097414
42473335,40.632955,-73.919704,,,4,POINT (-73.919704 40.632955),32,60,3260,40.6329748525,-73.919471939,0.01970660665150191
42514261,40.632644,-73.912635,,,3,POINT (-73.912635 40.632644),32,61,3261,40.6329748525,-73.913927657,0.11511846684561226
42502219,40.633184,-73.908135,,,4,POINT (-73.908135 40.633184),32,62,3262,40.6329748525,-73.90838337500001,0.031307129675011945
42517654,40.6334412,-73.903415,,,4,POINT (-73.903415 40.6334412),32,63,3263,40.6329748525,-73.90283909300001,0.0710686749479105
42490635,40.633777,-73.897466,,,3,POINT (-73.897466 40.633777),32,64,3264,40.6329748525,-73.89729481100001,0.09035696273166734
42470148,40.6327676,-73.8914278,,traffic_signals,4,POINT (-73.8914278 40.6327676),32,65,3265,40.6329748525,-73.891750529,0.0356758295999162
1257570210,40.6324927,-73.8881127,,,3,POINT (-73.8881127 40.6324927),32,66,3266,40.6329748525,-73.886206247,0.16957567839324625
452390583,40.6328194,-73.8828895,13,motorway_junction,3,POINT (-73.8828895 40.6328194),32,67,3267,40.6329748525,-73.880661965,0.18876487721026367
2757350515,40.6346846,-73.8300001,,,3,POINT (-73.8300001 40.6346846),32,76,3276,40.6329748525,-73.83076342700001,0.2007307293008254
42993758,40.637256,-74.168214,,,4,POINT (-74.168214 40.637256),33,15,3315,40.6371160695,-74.16896462900002,0.06522135017563926
43015068,40.637192,-74.164146,,,1,POINT (-74.164146 40.637192),33,16,3316,40.6371160695,-74.16342034700001,0.06181009358023097
43004236,40.6368158,-74.1579447,,,3,POINT (-74.1579447 40.6368158),33,17,3317,40.6371160695,-74.15787606500001,0.03388700562476882
42996152,40.6369271,-74.1520976,,,3,POINT (-74.1520976 40.6369271),33,18,3318,40.6371160695,-74.15233178300001,0.028844377283964155
42975994,40.6375981,-74.1469983,,,3,POINT (-74.1469983 40.6375981),33,19,3319,40.6371160695,-74.146787501,0.05647366175436673
4443113884,40.6377476,-74.1412851,,,3,POINT (-74.1412851 40.6377476),33,20,3320,40.6371160695,-74.141243219,0.07031185191871785
42962177,40.636782,-74.136095,,stop,4,POINT (-74.136095 40.636782),33,21,3321,40.6371160695,-74.13569893700002,0.04996780463362762
42976878,40.637191,-74.130299,,,3,POINT (-74.130299 40.637191),33,22,3322,40.6371160695,-74.13015465500001,0.014757009145838103
43010365,40.637466,-74.124605,,,3,POINT (-74.124605 40.637466),33,23,3323,40.6371160695,-74.12461037300001,0.03891313747795927
43012397,40.636667,-74.119752,,,3,POINT (-74.119752 40.636667),33,24,3324,40.6371160695,-74.11906609100001,0.07644093719066715
43007739,40.637429,-74.113736,,,4,POINT (-74.113736 40.637429),33,25,3325,40.6371160695,-74.113521809,0.03921008398541573
43008770,40.6370424,-74.1081848,,,5,POINT (-74.1081848 40.6370424),33,26,3326,40.6371160695,-74.107977527,0.019313077077696483
2516186853,40.6368223,-74.1022136,,,1,POINT (-74.1022136 40.6368223),33,27,3327,40.6371160695,-74.10243324500001,0.03755723430470892
43024878,40.6379235,-74.094924,,,1,POINT (-74.094924 40.6379235),33,28,3328,40.6371160695,-74.09688896300001,0.18855099673377002
43012506,40.6378435,-74.091671,,,3,POINT (-74.091671 40.6378435),33,29,3329,40.6371160695,-74.09134468100001,0.0854447178415662
42954812,40.636692,-74.085879,,,3,POINT (-74.085879 40.636692),33,30,3330,40.6371160695,-74.08580039900001,0.04761852449726089
8254291543,40.63715,-74.0808506,,traffic_signals,3,POINT (-74.0808506 40.63715),33,31,3331,40.6371160695,-74.080256117,0.050304281664435915
524944530,40.6378028,-74.074785,,,1,POINT (-74.074785 40.6378028),33,32,3332,40.6371160695,-74.074711835,0.07661010530463627
2323022218,40.6373048,-74.0360638,,,3,POINT (-74.0360638 40.6373048),33,39,3339,40.6371160695,-74.03590186100001,0.025042434972350706
42484478,40.6375296,-74.0304402,,,1,POINT (-74.0304402 40.6375296),33,40,3340,40.6371160695,-74.03035757900001,0.04650798128707336
42466002,40.6371485,-74.0254646,,traffic_signals,4,POINT (-74.0254646 40.6371485),33,41,3341,40.6371160695,-74.02481329700001,0.05507526264923835
449030764,40.6372131,-74.0195285,,,3,POINT (-74.0195285 40.6372131),33,42,3342,40.6371160695,-74.019269015,0.024409361341748124
42477103,40.637571,-74.014567,,traffic_signals,4,POINT (-74.014567 40.637571),33,43,3343,40.6371160695,-74.013724733,0.08723500719849307
42538434,40.637195,-74.007788,,traffic_signals,4,POINT (-74.007788 40.637195),33,44,3344,40.6371160695,-74.008180451,0.03425841070830127
42473458,40.637546,-74.003838,,traffic_signals,4,POINT (-74.003838 40.637546),33,45,3345,40.6371160695,-74.00263616900001,0.11211378111163309
42526699,40.637126,-73.997103,,traffic_signals,4,POINT (-73.997103 40.637126),33,46,3346,40.6371160695,-73.99709188700001,0.001448660873745208
42480505,40.636705,-73.990373,,traffic_signals,4,POINT (-73.990373 40.636705),33,47,3347,40.6371160695,-73.99154760500001,0.10914591707921893
42517573,40.637056,-73.986419,,traffic_signals,4,POINT (-73.986419 40.637056),33,48,3348,40.6371160695,-73.986003323,0.03570526125995379
42490774,40.636639,-73.979681,,traffic_signals,4,POINT (-73.979681 40.636639),33,49,3349,40.6371160695,-73.980459041,0.08440485652102696
2548096493,40.6382704,-73.9754893,,traffic_signals,4,POINT (-73.9754893 40.6382704),33,50,3350,40.6371160695,-73.97491475900001,0.1372058466705949
42517216,40.6365163,-73.9693605,,traffic_signals,4,POINT (-73.9693605 40.6365163),33,51,3351,40.6371160695,-73.96937047700001,0.066696638908265
42492440,40.637098,-73.963646,,traffic_signals,4,POINT (-73.963646 40.637098),33,52,3352,40.6371160695,-73.96382619500001,0.01533707618553416
42532063,40.6367926,-73.9574361,,traffic_signals,4,POINT (-73.9574361 40.6367926),33,53,3353,40.6371160695,-73.95828191300001,0.07992117927130307
42471355,40.63765,-73.95279,,,3,POINT (-73.95279 40.63765),33,54,3354,40.6371160695,-73.952737631,0.059534582954841445
42483674,40.6363286,-73.9470444,,traffic_signals,4,POINT (-73.9470444 40.6363286),33,55,3355,40.6371160695,-73.947193349,0.08846002785017253
42493546,40.636687,-73.941283,,,4,POINT (-73.941283 40.636687),33,56,3356,40.6371160695,-73.94164906700001,0.056836631510872634
42476232,40.63698,-73.936542,,traffic_signals,4,POINT (-73.936542 40.63698),33,57,3357,40.6371160695,-73.93610478500001,0.03987441063699595
42489586,40.637336,-73.930796,,,4,POINT (-73.930796 40.637336),33,58,3358,40.6371160695,-73.93056050300001,0.03151065673783089
3611735246,40.6370504,-73.9249531,,,3,POINT (-73.9249531 40.6370504),33,59,3359,40.6371160695,-73.925016221,0.009038193320149348
5510690826,40.6371364,-73.919136,,,3,POINT (-73.919136 40.6371364),33,60,3360,40.6371160695,-73.919471939,0.028436604228070938
42500819,40.637503,-73.914175,,,4,POINT (-73.914175 40.637503),33,61,3361,40.6371160695,-73.913927657,0.04781961644350155
42510952,40.63622,-73.907784,,traffic_signals,4,POINT (-73.907784 40.63622),33,62,3362,40.6371160695,-73.90838337500001,0.11173948393671661
6463072443,40.6369741,-73.9023481,,,3,POINT (-73.9023481 40.6369741),33,63,3363,40.6371160695,-73.90283909300001,0.044335805387720556
42532899,40.637196,-73.897583,,traffic_signals,4,POINT (-73.897583 40.637196),33,64,3364,40.6371160695,-73.89729481100001,0.02589076927778079
42475695,40.637676,-73.892495,,traffic_signals,4,POINT (-73.892495 40.637676),33,65,3365,40.6371160695,-73.891750529,0.08844564908258461
42470173,40.6367734,-73.8852626,,,4,POINT (-73.8852626 40.6367734),33,66,3366,40.6371160695,-73.886206247,0.08827255041548979
1257569848,40.639027,-73.881541,,,3,POINT (-73.881541 40.639027),33,67,3367,40.6371160695,-73.880661965,0.2250593408844441
11184435646,40.637361,-73.7468706,,,1,POINT (-73.7468706 40.637361),33,91,3391,40.6371160695,-73.747599197,0.06724152138151829
279200015,40.6362636,-73.7418413,,,1,POINT (-73.7418413 40.6362636),33,92,3392,40.6371160695,-73.74205491500001,0.09648885089384113
4633522237,40.6432466,-74.1859829,,,1,POINT (-74.1859829 40.6432466),34,12,3412,40.6412572865,-74.18559747500001,0.22357922050522322
43023914,40.6408279,-74.179777,,,3,POINT (-74.179777 40.6408279),34,13,3413,40.6412572865,-74.180053193,0.053129201665870006
42998199,40.6409582,-74.1691606,,,3,POINT (-74.1691606 40.6409582),34,15,3415,40.6412572865,-74.16896462900002,0.03714068694329498
42981210,40.639782,-74.164735,,,3,POINT (-74.164735 40.639782),34,16,3416,40.6412572865,-74.16342034700001,0.19802758684898195
8668762908,40.6395597,-74.1410516,,,3,POINT (-74.1410516 40.6395597),34,20,3420,40.6412572865,-74.141243219,0.18945415966795362
10544821609,40.6409218,-74.1344424,,,1,POINT (-74.1344424 40.6409218),34,21,3421,40.6412572865,-74.13569893700002,0.11239207052824862
42945207,40.640925,-74.131157,,,1,POINT (-74.131157 40.640925),34,22,3422,40.6412572865,-74.13015465500001,0.09229192429311317
10544641430,40.6408867,-74.1181814,,,1,POINT (-74.1181814 40.6408867),34,24,3424,40.6412572865,-74.11906609100001,0.08526470627603304
43002908,40.641169,-74.113504,,,3,POINT (-74.113504 40.641169),34,25,3425,40.6412572865,-74.113521809,0.009931345089806014
42949615,40.641124,-74.107884,,,3,POINT (-74.107884 40.641124),34,26,3426,40.6412572865,-74.107977527,0.016790740341718464
42979067,40.639618,-74.102166,,,3,POINT (-74.102166 40.639618),34,27,3427,40.6412572865,-74.10243324500001,0.18366976810022925
42972905,40.641247,-74.09643,,,1,POINT (-74.09643 40.641247),34,28,3428,40.6412572865,-74.09688896300001,0.038741889376575064
42996445,40.64138,-74.091626,,,3,POINT (-74.091626 40.64138),34,29,3429,40.6412572865,-74.09134468100001,0.027378816067677045
42994510,40.641548,-74.085365,,,3,POINT (-74.085365 40.641548),34,30,3430,40.6412572865,-74.08580039900001,0.04893411060669725
42983315,40.6417007,-74.0805561,,,4,POINT (-74.0805561 40.6417007),34,31,3431,40.6412572865,-74.080256117,0.0554225706862155
5043820744,40.6407996,-74.0756808,,,3,POINT (-74.0756808 40.6407996),34,32,3432,40.6412572865,-74.074711835,0.09630262018971912
451663948,40.6407794,-74.0351911,,,3,POINT (-74.0351911 40.6407794),34,39,3439,40.6412572865,-74.03590186100001,0.08012606780755774
451666518,40.6415186,-74.030349,,,3,POINT (-74.030349 40.6415186),34,40,3440,40.6412572865,-74.03035757900001,0.029065750238912016
42496025,40.6412144,-74.0251097,,,3,POINT (-74.0251097 40.6412144),34,41,3441,40.6412572865,-74.02481329700001,0.025459606363044958
1372888721,40.6408803,-74.0184807,,traffic_signals,4,POINT (-74.0184807 40.6408803),34,42,3442,40.6412572865,-74.019269015,0.07862154794919249
42465494,40.641745,-74.013814,,traffic_signals,4,POINT (-74.013814 40.641745),34,43,3443,40.6412572865,-74.013724733,0.054751798508259494
42487488,40.640765,-74.00766,,traffic_signals,4,POINT (-74.00766 40.640765),34,44,3444,40.6412572865,-74.008180451,0.07017700054242866
42466799,40.6416811,-74.0031317,,traffic_signals,4,POINT (-74.0031317 40.6416811),34,45,3445,40.6412572865,-74.00263616900001,0.06299961767300288
42506783,40.641256,-73.996393,,,4,POINT (-73.996393 40.641256),34,46,3446,40.6412572865,-73.99709188700001,0.05896875685863539
42460886,40.641728,-73.992644,,traffic_signals,4,POINT (-73.992644 40.641728),34,47,3447,40.6412572865,-73.99154760500001,0.10628877418233022
42483837,40.641185,-73.985709,,traffic_signals,4,POINT (-73.985709 40.641185),34,48,3448,40.6412572865,-73.986003323,0.026101936517451147
42496908,40.64054,-73.980074,,,3,POINT (-73.980074 40.64054),34,49,3449,40.6412572865,-73.980459041,0.08612147158212329
42530994,40.640766,-73.9750158,,traffic_signals,4,POINT (-73.9750158 40.640766),34,50,3450,40.6412572865,-73.97491475900001,0.055289801057011055
42489130,40.641383,-73.969399,,traffic_signals,3,POINT (-73.969399 40.641383),34,51,3451,40.6412572865,-73.96937047700001,0.014184357423313292
42479696,40.6416064,-73.9635604,,traffic_signals,4,POINT (-73.9635604 40.6416064),34,52,3452,40.6412572865,-73.96382619500001,0.044832000438506464
42472051,40.64193,-73.958408,,stop,4,POINT (-73.958408 40.64193),34,53,3453,40.6412572865,-73.95828191300001,0.07555505778340606
42471333,40.6407066,-73.9523764,,stop,4,POINT (-73.9523764 40.6407066),34,54,3454,40.6412572865,-73.952737631,0.06839967613952355
42483749,40.6410142,-73.9475463,,traffic_signals,4,POINT (-73.9475463 40.6410142),34,55,3455,40.6412572865,-73.947193349,0.040217979104576265
42505803,40.6413721,-73.94179,,,4,POINT (-73.94179 40.6413721),34,56,3456,40.6412572865,-73.94164906700001,0.017446746460766455
42531337,40.6417211,-73.9361081,,traffic_signals,4,POINT (-73.9361081 40.6417211),34,57,3457,40.6412572865,-73.93610478500001,0.05157446656425882
42531343,40.6420791,-73.930368,,traffic_signals,4,POINT (-73.930368 40.6420791),34,58,3458,40.6412572865,-73.93056050300001,0.09281374150136777
10694159057,40.6412236,-73.9253969,,,3,POINT (-73.9253969 40.6412236),34,59,3459,40.6412572865,-73.925016221,0.032337470105148224
42471570,40.6411909,-73.9195626,,traffic_signals,5,POINT (-73.9195626 40.6411909),34,60,3460,40.6412572865,-73.919471939,0.01063046653797067
42493439,40.641035,-73.913146,,traffic_signals,4,POINT (-73.913146 40.641035),34,61,3461,40.6412572865,-73.913927657,0.0704319317249109
42515668,40.641232,-73.908403,,,4,POINT (-73.908403 40.641232),34,62,3462,40.6412572865,-73.90838337500001,0.003263081220345198
42500110,40.641652,-73.903774,,traffic_signals,4,POINT (-73.903774 40.641652),34,63,3463,40.6412572865,-73.90283909300001,0.0902706957189332
42512644,40.640373,-73.8970126,,traffic_signals,4,POINT (-73.8970126 40.640373),34,64,3464,40.6412572865,-73.89729481100001,0.10117028679317819
42506148,40.641173,-73.891426,,,4,POINT (-73.891426 40.641173),34,65,3465,40.6412572865,-73.891750529,0.028941678380064263
42482113,40.640427,-73.886762,,,3,POINT (-73.886762 40.640427),34,66,3466,40.6412572865,-73.886206247,0.1035495542216835
42499961,40.640688,-73.882129,,turning_circle,1,POINT (-73.882129 40.640688),34,67,3467,40.6412572865,-73.880661965,0.1390287598136415
452382143,40.6431158,-73.8756501,,traffic_signals,4,POINT (-73.8756501 40.6431158),34,68,3468,40.6412572865,-73.87511768300001,0.21148337769238093
11058140175,40.6425637,-73.789344,,,3,POINT (-73.789344 40.6425637),34,83,3483,40.6412572865,-73.791953453,0.2637752495116269
599044218,40.6431588,-73.7856405,,,3,POINT (-73.7856405 40.6431588),34,84,3484,40.6412572865,-73.786409171,0.22116185048475762
42837995,40.6407211,-73.7433558,,traffic_signals,4,POINT (-73.7433558 40.6407211),34,92,3492,40.6412572865,-73.74205491500001,0.12491003819116953
43021940,40.6441092,-74.1119797,,,3,POINT (-74.1119797 40.6441092),35,25,3525,40.6453985035,-74.113521809,0.19360136915320467
42954802,40.6452403,-74.1077701,,,3,POINT (-74.1077701 40.6452403),35,26,3526,40.6453985035,-74.107977527,0.024813882979234193
42954760,40.6453102,-74.104652,,traffic_signals,3,POINT (-74.104652 40.6453102),35,27,3527,40.6453985035,-74.10243324500001,0.18745327344486612
42965137,40.6448216,-74.0959609,,traffic_signals,3,POINT (-74.0959609 40.6448216),35,28,3528,40.6453985035,-74.09688896300001,0.10122289332308294
42950531,40.645023,-74.091562,,,3,POINT (-74.091562 40.645023),35,29,3529,40.6453985035,-74.09134468100001,0.04560244707568515
42962467,40.645926,-74.086021,,,3,POINT (-74.086021 40.645926),35,30,3530,40.6453985035,-74.08580039900001,0.061537038445133814
42955709,40.644793,-74.080282,,,4,POINT (-74.080282 40.644793),35,31,3531,40.6453985035,-74.080256117,0.0673643219663158
3458200314,40.6452637,-74.0750015,,,1,POINT (-74.0750015 40.6452637),35,32,3532,40.6453985035,-74.074711835,0.028669640304371764
42506266,40.6459032,-74.0238269,,stop,3,POINT (-74.0238269 40.6459032),35,41,3541,40.6453985035,-74.02481329700001,0.10037569705763272
42490236,40.6457391,-74.0204271,,traffic_signals,4,POINT (-74.0204271 40.6457391),35,42,3542,40.6453985035,-74.019269015,0.10479031864024425
1372888723,40.6453847,-74.0137964,,traffic_signals,4,POINT (-74.0137964 40.6453847),35,43,3543,40.6453985035,-74.013724733,0.0062382972241847535
42477081,40.6448977,-74.0069512,,traffic_signals,4,POINT (-74.0069512 40.6448977),35,44,3544,40.6453985035,-74.008180451,0.1177166013276021
42487467,40.645245,-74.002999,,traffic_signals,4,POINT (-74.002999 40.645245),35,45,3545,40.6453985035,-74.00263616900001,0.03504908947954311
42473412,40.644827,-73.996266,,traffic_signals,4,POINT (-73.996266 40.644827),35,46,3546,40.6453985035,-73.99709188700001,0.09430648332056203
9142822790,40.6452361,-73.9922664,,,1,POINT (-73.9922664 40.6452361),35,47,3547,40.6453985035,-73.99154760500001,0.06327620975914294
42460867,40.6457686,-73.9852859,,traffic_signals,3,POINT (-73.9852859 40.6457686),35,48,3548,40.6453985035,-73.986003323,0.07319339366042403
42478859,40.6451091,-73.9798789,,traffic_signals,4,POINT (-73.9798789 40.6451091),35,49,3549,40.6453985035,-73.980459041,0.058577480605748196
588152361,40.6451866,-73.97472,,,3,POINT (-73.97472 40.6451866),35,50,3550,40.6453985035,-73.97491475900001,0.028726289859998345
42475830,40.645487,-73.969023,,,3,POINT (-73.969023 40.645487),35,51,3551,40.6453985035,-73.96937047700001,0.030923965231579816
42537159,40.6456834,-73.9643283,,,1,POINT (-73.9643283 40.6456834),35,52,3552,40.6453985035,-73.96382619500001,0.05289738718694044
42491715,40.645302,-73.958037,,,3,POINT (-73.958037 40.645302),35,53,3553,40.6453985035,-73.95828191300001,0.023283436452310992
42525158,40.644908,-73.9525559,,,4,POINT (-73.9525559 40.644908),35,54,3554,40.6453985035,-73.952737631,0.05665567616401539
42464452,40.6452503,-73.947059,,,4,POINT (-73.947059 40.6452503),35,55,3555,40.6453985035,-73.947193349,0.02000138752624316
42479866,40.6447317,-73.9411995,,,3,POINT (-73.9411995 40.6447317),35,56,3556,40.6453985035,-73.94164906700001,0.08328381666962496
7359964644,40.644946,-73.936456,,,3,POINT (-73.936456 40.644946),35,57,3557,40.6453985035,-73.93610478500001,0.05839320238848487
42510809,40.6462578,-73.9308062,,,4,POINT (-73.9308062 40.6462578),35,58,3558,40.6453985035,-73.93056050300001,0.09777214480110566
10694159059,40.6454618,-73.9249713,,,3,POINT (-73.9249713 40.6454618),35,59,3559,40.6453985035,-73.925016221,0.007993800450045385
42463222,40.6450738,-73.9194372,,,3,POINT (-73.9194372 40.6450738),35,60,3560,40.6453985035,-73.919471939,0.036224148554829805
42522101,40.6453667,-73.9129812,,,3,POINT (-73.9129812 40.6453667),35,61,3561,40.6453985035,-73.913927657,0.07993063211381554
42513338,40.644898,-73.909056,,,3,POINT (-73.909056 40.644898),35,62,3562,40.6453985035,-73.90838337500001,0.07948460854452742
42512622,40.645134,-73.902313,,traffic_signals,4,POINT (-73.902313 40.645134),35,63,3563,40.6453985035,-73.90283909300001,0.05324648295448845
42521892,40.64563,-73.897619,,traffic_signals,4,POINT (-73.897619 40.64563),35,64,3564,40.6453985035,-73.89729481100001,0.037559641517345754
42482089,40.645321,-73.892218,,,3,POINT (-73.892218 40.645321),35,65,3565,40.6453985035,-73.891750529,0.040371002683105235
42468406,40.644548,-73.887697,,,3,POINT (-73.887697 40.644548),35,66,3566,40.6453985035,-73.886206247,0.15736333405186245
42495705,40.6461066,-73.8799388,,traffic_signals,3,POINT (-73.8799388 40.6461066),35,67,3567,40.6453985035,-73.880661965,0.09960949516841527
452389990,40.6456867,-73.8745795,14,motorway_junction,3,POINT (-73.8745795 40.6456867),35,68,3568,40.6453985035,-73.87511768300001,0.055575846163437914
277783830,40.6461978,-73.801049,A,motorway_junction,3,POINT (-73.801049 40.6461978),35,81,3581,40.6453985035,-73.80304201700001,0.19019319448037575
1934649848,40.6456115,-73.7977795,,,3,POINT (-73.7977795 40.6456115),35,82,3582,40.6453985035,-73.79749773500001,0.03355689645398969
599029139,40.6451185,-73.7920221,,,4,POINT (-73.7920221 40.6451185),35,83,3583,40.6453985035,-73.791953453,0.03166907885032957
599036581,40.6455158,-73.7860728,,,3,POINT (-73.7860728 40.6455158),35,84,3584,40.6453985035,-73.786409171,0.03123316807768871
599044168,40.6452155,-73.7806318,,,3,POINT (-73.7806318 40.6452155),35,85,3585,40.6453985035,-73.780864889,0.028298826464536887
409305350,40.6480677,-74.0866001,,,3,POINT (-74.0866001 40.6480677),36,30,3630,40.6495397205,-74.08580039900001,0.1770405410569464
7887460747,40.6479183,-74.0801415,,,1,POINT (-74.0801415 40.6479183),36,31,3631,40.6495397205,-74.080256117,0.1805528563925814
3586315567,40.6509392,-74.0229118,,,1,POINT (-74.0229118 40.6509392),36,41,3641,40.6495397205,-74.02481329700001,0.22349432124586582
42473075,40.6498629,-74.0197149,,,4,POINT (-74.0197149 40.6498629),36,42,3642,40.6495397205,-74.019269015,0.05202319400391214
42465935,40.649461,-74.0130138,,traffic_signals,4,POINT (-74.0130138 40.649461),36,43,3643,40.6495397205,-74.013724733,0.060612934294280045
42521189,40.6497942,-74.0090209,,traffic_signals,4,POINT (-74.0090209 40.6497942),36,44,3644,40.6495397205,-74.008180451,0.07634185795841698
42477357,40.649377,-74.002287,,stop,4,POINT (-74.002287 40.649377),36,45,3645,40.6495397205,-74.00263616900001,0.03457060443777175
42538411,40.647538,-73.997023,,,1,POINT (-73.997023 40.647538),36,46,3646,40.6495397205,-73.99709188700001,0.22265702450868533
42501936,40.6495281,-73.980716,,traffic_signals,3,POINT (-73.980716 40.6495281),36,49,3649,40.6495397205,-73.980459041,0.021716699411985386
42508691,40.6488732,-73.9748877,,,3,POINT (-73.9748877 40.6488732),36,50,3650,40.6495397205,-73.97491475900001,0.07414884735307226
42484753,40.6492456,-73.9688016,,,3,POINT (-73.9688016 40.6492456),36,51,3651,40.6495397205,-73.96937047700001,0.05807701247674247
42497339,40.649085,-73.963984,,,3,POINT (-73.963984 40.649085),36,52,3652,40.6495397205,-73.96382619500001,0.05228593288617841
42495364,40.6492295,-73.9590721,,,1,POINT (-73.9590721 40.6492295),36,53,3653,40.6495397205,-73.95828191300001,0.07505982252518421
42530037,40.649644,-73.952884,,,4,POINT (-73.952884 40.649644),36,54,3654,40.6495397205,-73.952737631,0.016939117098810623
42464444,40.6490409,-73.9474672,,traffic_signals,4,POINT (-73.9474672 40.6490409),36,55,3655,40.6495397205,-73.947193349,0.060085590990208555
42502838,40.6493983,-73.9417005,,,3,POINT (-73.9417005 40.6493983),36,56,3656,40.6495397205,-73.94164906700001,0.016312916495854025
42493162,40.6497522,-73.935989,,traffic_signals,4,POINT (-73.935989 40.6497522),36,57,3657,40.6495397205,-73.93610478500001,0.02556627857625285
42502851,40.6501187,-73.9302102,,traffic_signals,4,POINT (-73.9302102 40.6501187),36,58,3658,40.6495397205,-73.93056050300001,0.07083862966082285
7153674987,40.6497534,-73.9243509,,,3,POINT (-73.9243509 40.6497534),36,59,3659,40.6495397205,-73.925016221,0.06095121268051492
42460167,40.650201,-73.919621,,,4,POINT (-73.919621 40.650201),36,60,3660,40.6495397205,-73.919471939,0.07459850949497551
42513354,40.649061,-73.913253,,traffic_signals,4,POINT (-73.913253 40.649061),36,61,3661,40.6495397205,-73.913927657,0.07793042619704783
42494145,40.649388,-73.908399,,,3,POINT (-73.908399 40.649388),36,62,3662,40.6495397205,-73.90838337500001,0.016921970820373177
42494861,40.649775,-73.903457,,,3,POINT (-73.903457 40.649775),36,63,3663,40.6495397205,-73.90283909300001,0.05832591067829033
42482079,40.6490346,-73.8963556,,traffic_signals,4,POINT (-73.8963556 40.6490346),36,64,3664,40.6495397205,-73.89729481100001,0.09712424048991156
42500293,40.6499869,-73.8912207,,traffic_signals,3,POINT (-73.8912207 40.6499869),36,65,3665,40.6495397205,-73.891750529,0.06686143743689177
42516874,40.6492007,-73.8876724,,traffic_signals,3,POINT (-73.8876724 40.6492007),36,66,3666,40.6495397205,-73.886206247,0.12930856271525587
42537564,40.648869,-73.879408,,,3,POINT (-73.879408 40.648869),36,67,3667,40.6495397205,-73.880661965,0.12943705963597105
452392945,40.6497353,-73.8696231,,,3,POINT (-73.8696231 40.6497353),36,69,3669,40.6495397205,-73.86957340100001,0.022147941026567475
7888332988,40.6513998,-73.8654897,,traffic_signals,3,POINT (-73.8654897 40.6513998),36,70,3670,40.6495397205,-73.86402911900001,0.24075355365617127
42845882,40.649468,-73.847134,,,3,POINT (-73.847134 40.649468),36,73,3673,40.6495397205,-73.847396273,0.023519864241097272
42845888,40.6501372,-73.8424735,,,4,POINT (-73.8424735 40.6501372),36,74,3674,40.6495397205,-73.84185199100001,0.08463486752143541
457225890,40.6493652,-73.835766,,,1,POINT (-73.835766 40.6493652),36,75,3675,40.6495397205,-73.83630770900001,0.049650513098191434
42863651,40.649993,-73.8314366,,,1,POINT (-73.8314366 40.649993),36,76,3676,40.6495397205,-73.83076342700001,0.07593220536911703
42906173,40.6503435,-73.8272332,,turning_circle,1,POINT (-73.8272332 40.6503435),36,77,3677,40.6495397205,-73.825219145,0.19198643308671165
4210501897,40.6488656,-73.8097447,,,1,POINT (-73.8097447 40.6488656),36,80,3680,40.6495397205,-73.80858629900001,0.12316519763424225
599036578,40.6493034,-73.7856078,,,3,POINT (-73.7856078 40.6493034),36,84,3684,40.6495397205,-73.786409171,0.07253464492609811
6498496947,40.6478601,-73.7817406,,,1,POINT (-73.7817406 40.6478601),36,85,3685,40.6495397205,-73.780864889,0.20084696632598656
7872449297,40.6510519,-73.7667549,,,1,POINT (-73.7667549 40.6510519),36,88,3688,40.6495397205,-73.764232043,0.2712434047692014
279185716,40.6493045,-73.7368531,,,1,POINT (-73.7368531 40.6493045),36,93,3693,40.6495397205,-73.73651063300001,0.03897249507882822
279185450,40.6506786,-73.7302957,,,1,POINT (-73.7302957 40.6506786),36,94,3694,40.6495397205,-73.730966351,0.13870195696532486
42506231,40.6521055,-74.0173802,,,3,POINT (-74.0173802 40.6521055),37,42,3742,40.6536809375,-74.019269015,0.23680752572275227
42496089,40.6530292,-74.0128506,,traffic_signals,4,POINT (-74.0128506 40.6530292),37,43,3743,40.6536809375,-74.013724733,0.10339105126961
42465758,40.653739,-74.0080182,,traffic_signals,4,POINT (-74.0080182 40.653739),37,44,3744,40.6536809375,-74.008180451,0.015133650848723458
42465427,40.6529468,-74.0021589,,traffic_signals,4,POINT (-74.0021589 40.6529468),37,45,3745,40.6536809375,-74.00263616900001,0.09102139998753454
42465408,40.6551853,-73.9998335,,,3,POINT (-73.9998335 40.6551853),37,46,3746,40.6536809375,-73.99709188700001,0.28543164035346813
42498570,40.654003,-73.979926,,,4,POINT (-73.979926 40.654003),37,49,3749,40.6536809375,-73.980459041,0.05748474951085858
42488458,40.6534409,-73.9742757,,,3,POINT (-73.9742757 40.6534409),37,50,3750,40.6536809375,-73.97491475900001,0.060156178031652366
42499237,40.653995,-73.964145,,traffic_signals,3,POINT (-73.964145 40.653995),37,52,3752,40.6536809375,-73.96382619500001,0.04407776680581513
42467292,40.653575,-73.959451,,traffic_signals,3,POINT (-73.959451 40.653575),37,53,3753,40.6536809375,-73.95828191300001,0.09932442025400488
42467298,40.653978,-73.952824,,traffic_signals,4,POINT (-73.952824 40.653978),37,54,3754,40.6536809375,-73.952737631,0.03382585692752283
42467302,40.654339,-73.947032,,traffic_signals,4,POINT (-73.947032 40.654339),37,55,3755,40.6536809375,-73.947193349,0.07442838266750107
42487271,40.653149,-73.941164,,traffic_signals,4,POINT (-73.941164 40.653149),37,56,3756,40.6536809375,-73.94164906700001,0.07192375612989471
42493154,40.653445,-73.936386,,traffic_signals,4,POINT (-73.936386 40.653445),37,57,3757,40.6536809375,-73.93610478500001,0.035370401015705336
42510419,40.653805,-73.930604,,traffic_signals,4,POINT (-73.930604 40.653805),37,58,3758,40.6536809375,-73.93056050300001,0.014274790548558708
42467788,40.654162,-73.924821,,traffic_signals,4,POINT (-73.924821 40.654162),37,59,3759,40.6536809375,-73.925016221,0.0559694489545266
42497234,40.653289,-73.919185,,traffic_signals,4,POINT (-73.919185 40.653289),37,60,3760,40.6536809375,-73.919471939,0.04985254390884257
1942053879,40.6540128,-73.9137628,,traffic_signals,4,POINT (-73.9137628 40.6540128),37,61,3761,40.6536809375,-73.913927657,0.03943507354043437
1942054018,40.6542934,-73.9087287,,traffic_signals,4,POINT (-73.9087287 40.6542934),37,62,3762,40.6536809375,-73.90838337500001,0.07407165273492505
42482069,40.653752,-73.901651,,,3,POINT (-73.901651 40.653752),37,63,3763,40.6536809375,-73.90283909300001,0.10053762312253435
42469302,40.65381,-73.896782,,,3,POINT (-73.896782 40.65381),37,64,3764,40.6536809375,-73.89729481100001,0.045578610923072756
42503181,40.65408,-73.891608,,,3,POINT (-73.891608 40.65408),37,65,3765,40.6536809375,-73.891750529,0.045973847600250715
1273032319,40.6531491,-73.8855419,,,3,POINT (-73.8855419 40.6531491),37,66,3766,40.6536809375,-73.886206247,0.08147512592108219
42472318,40.6533323,-73.8814206,,traffic_signals,3,POINT (-73.8814206 40.6533323),37,67,3767,40.6536809375,-73.880661965,0.07482387232394776
6411331096,40.6537687,-73.8755911,,,3,POINT (-73.8755911 40.6537687),37,68,3768,40.6536809375,-73.87511768300001,0.041112096108182915
3550779108,40.6556444,-73.8712367,,,3,POINT (-73.8712367 40.6556444),37,69,3769,40.6536809375,-73.86957340100001,0.2595271616245513
10592452881,40.653987,-73.8649772,,,3,POINT (-73.8649772 40.653987),37,70,3770,40.6536809375,-73.86402911900001,0.08691891672202386
8854877508,40.6542909,-73.8600122,,crossing,1,POINT (-73.8600122 40.6542909),37,71,3771,40.6536809375,-73.858484837,0.1456078848773265
42874414,40.653954,-73.852231,,,3,POINT (-73.852231 40.653954),37,72,3772,40.6536809375,-73.852940555,0.06711805655179917
42910947,40.6529547,-73.8470229,,,4,POINT (-73.8470229 40.6529547),37,73,3773,40.6536809375,-73.847396273,0.0866792849696576
42882757,40.6537501,-73.8414608,,,4,POINT (-73.8414608 40.6537501),37,74,3774,40.6536809375,-73.84185199100001,0.033884835014557975
7728361564,40.6544339,-73.8367169,,,3,POINT (-73.8367169 40.6544339),37,75,3775,40.6536809375,-73.83630770900001,0.09056229774312062
42803908,40.653271,-73.831061,,,1,POINT (-73.831061 40.653271),37,76,3776,40.6536809375,-73.83076342700001,0.05203819665215979
42828911,40.6532513,-73.8278586,,,3,POINT (-73.8278586 40.6532513),37,77,3777,40.6536809375,-73.825219145,0.22773060902228875
455893851,40.6524589,-73.8130992,,,1,POINT (-73.8130992 40.6524589),37,79,3779,40.6536809375,-73.814130581,0.1613531606861465
457201280,40.6544493,-73.8081717,,,3,POINT (-73.8081717 40.6544493),37,80,3780,40.6536809375,-73.80858629900001,0.09231960567749387
42825849,40.6539073,-73.7954021,,,3,POINT (-73.7954021 40.6539073),37,82,3782,40.6536809375,-73.79749773500001,0.17856882389122364
42838334,40.6536174,-73.7918195,,,3,POINT (-73.7918195 40.6536174),37,83,3783,40.6536809375,-73.791953453,0.013327005136773134
455519303,40.6533789,-73.7871256,,,3,POINT (-73.7871256 40.6533789),37,84,3784,40.6536809375,-73.786409171,0.0691422811638353
6505022032,40.6539899,-73.7734785,,,1,POINT (-73.7734785 40.6539899),37,86,3786,40.6536809375,-73.77532060700001,0.1591507256911722
460003050,40.6546035,-73.7683406,,,3,POINT (-73.7683406 40.6546035),37,87,3787,40.6536809375,-73.76977632500001,0.1587217444429487
42837960,40.6553433,-73.7656518,,,3,POINT (-73.7656518 40.6553433),37,88,3788,40.6536809375,-73.764232043,0.2202556815823344
42867517,40.6537658,-73.7600912,,,1,POINT (-73.7600912 40.6537658),37,89,3789,40.6536809375,-73.758687761,0.11876848691218439
42810682,40.6546009,-73.752024,,,1,POINT (-73.752024 40.6546009),37,90,3790,40.6536809375,-73.753143479,0.13922211521095376
42869851,40.6543249,-73.7475704,,,1,POINT (-73.7475704 40.6543249),37,91,3791,40.6536809375,-73.747599197,0.07164655900179875
42831938,40.653982,-73.740969,,,3,POINT (-73.740969 40.653982),37,92,3792,40.6536809375,-73.74205491500001,0.09753199888420942
7772831542,40.653722,-73.736822,,,3,POINT (-73.736822 40.653722),37,93,3793,40.6536809375,-73.73651063300001,0.026660584425026775
42834531,40.653645,-73.732005,,,4,POINT (-73.732005 40.653645),37,94,3794,40.6536809375,-73.730966351,0.08771078533510125
42800785,40.653634,-73.725374,,,3,POINT (-73.725374 40.653634),37,95,3795,40.6536809375,-73.725422069,0.006609368152814831
42536040,40.6575276,-74.014238,,,1,POINT (-74.014238 40.6575276),38,43,3843,40.657822154499996,-74.013724733,0.054289239598591006
42496110,40.6575079,-74.0081798,,,3,POINT (-74.0081798 40.6575079),38,44,3844,40.657822154499996,-74.008180451,0.03494354922477312
42465734,40.6582145,-74.003339,,,4,POINT (-74.003339 40.6582145),38,45,3845,40.657822154499996,-74.00263616900001,0.07360832230539927
42465385,40.6579853,-73.9969167,,traffic_signals,3,POINT (-73.9969167 40.6579853),38,46,3846,40.657822154499996,-73.99709188700001,0.02339818318925434
42477351,40.658337,-73.992964,,,2,POINT (-73.992964 40.658337),38,47,3847,40.657822154499996,-73.99154760500001,0.13248545174536647
42528786,40.6579237,-73.9862252,,,3,POINT (-73.9862252 40.6579237),38,48,3848,40.657822154499996,-73.986003323,0.02185842910159279
42510748,40.657935,-73.980268,,,3,POINT (-73.980268 40.657935),38,49,3849,40.657822154499996,-73.980459041,0.020424100408106816
42516097,40.658116,-73.975652,,,4,POINT (-73.975652 40.658116),38,50,3850,40.657822154499996,-73.97491475900001,0.07025016683100058
42536166,40.6582982,-73.961455,,,1,POINT (-73.961455 40.6582982),38,52,3852,40.657822154499996,-73.96382619500001,0.20690496453374022
42493632,40.658306,-73.956649,,traffic_signals,4,POINT (-73.956649 40.658306),38,53,3853,40.657822154499996,-73.95828191300001,0.14787667859280487
42511668,40.657661,-73.95322,,traffic_signals,4,POINT (-73.95322 40.657661),38,54,3854,40.657822154499996,-73.952737631,0.04446091201913201
42496553,40.658031,-73.947433,,traffic_signals,4,POINT (-73.947433 40.658031),38,55,3855,40.657822154499996,-73.947193349,0.03078885734021085
42467490,40.6576066,-73.942313,,,3,POINT (-73.942313 40.6576066),38,56,3856,40.657822154499996,-73.94164906700001,0.06091888964566975
42484565,40.6579968,-73.9358921,,,3,POINT (-73.9358921 40.6579968),38,57,3857,40.657822154499996,-73.93610478500001,0.026438559168373753
42520965,40.6582952,-73.9310808,,traffic_signals,4,POINT (-73.9310808 40.6582952),38,58,3858,40.657822154499996,-73.93056050300001,0.06850570634317281
42468577,40.6576902,-73.9254167,,traffic_signals,3,POINT (-73.9254167 40.6576902),38,59,3859,40.657822154499996,-73.925016221,0.03683089321729753
42467258,40.658398,-73.919968,,stop,4,POINT (-73.919968 40.658398),38,60,3860,40.657822154499996,-73.919471939,0.07649150115813229
42475597,40.657362,-73.914413,,,3,POINT (-73.914413 40.657362),38,61,3861,40.657822154499996,-73.913927657,0.06553010134370019
42500887,40.657803,-73.908674,,,4,POINT (-73.908674 40.657803),38,62,3862,40.657822154499996,-73.90838337500001,0.024607745917518683
42509309,40.657537,-73.902746,,,4,POINT (-73.902746 40.657537),38,63,3863,40.657822154499996,-73.90283909300001,0.032665680113939645
1942054769,40.6578273,-73.8970858,,traffic_signals,4,POINT (-73.8970858 40.6578273),38,64,3864,40.657822154499996,-73.89729481100001,0.017640204222337585
1942054800,40.6579956,-73.8915113,,,3,POINT (-73.8915113 40.6579956),38,65,3865,40.657822154499996,-73.891750529,0.027913948106613302
42511427,40.657683,-73.887786,,,4,POINT (-73.887786 40.657683),38,66,3866,40.657822154499996,-73.886206247,0.1341540258629608
42486461,40.657295,-73.879997,,,4,POINT (-73.879997 40.657295),38,67,3867,40.657822154499996,-73.880661965,0.0811315833389451
1273032277,40.6576987,-73.874952,,traffic_signals,5,POINT (-73.874952 40.6576987),38,68,3868,40.657822154499996,-73.87511768300001,0.01959016236234282
3550779104,40.658068,-73.8697922,,stop,4,POINT (-73.8697922 40.658068),38,69,3869,40.657822154499996,-73.86957340100001,0.03298398477384872
7888207058,40.6588403,-73.8659224,,traffic_signals,3,POINT (-73.8659224 40.6588403),38,70,3870,40.657822154499996,-73.86402911900001,0.1957618085927532
42873291,40.657294,-73.853053,,,4,POINT (-73.853053 40.657294),38,72,3872,40.657822154499996,-73.852940555,0.05948915354916953
42873304,40.658108,-73.847314,,,4,POINT (-73.847314 40.658108),38,73,3873,40.657822154499996,-73.847396273,0.03253341490594292
42924031,40.6572298,-73.841372,,,4,POINT (-73.841372 40.6572298),38,74,3874,40.657822154499996,-73.84185199100001,0.07731640096673714
42869762,40.6579081,-73.8366288,,,4,POINT (-73.8366288 40.6579081),38,75,3875,40.657822154499996,-73.83630770900001,0.028721846747005307
2895736652,40.6579077,-73.8308978,,,3,POINT (-73.8308978 40.6579077),38,76,3876,40.657822154499996,-73.83076342700001,0.01479737721535075
9140804488,40.6579976,-73.8248099,,,1,POINT (-73.8248099 40.6579976),38,77,3877,40.657822154499996,-73.825219145,0.03965244369494617
10575731155,40.6585654,-73.8176712,,stop,1,POINT (-73.8176712 40.6585654),38,78,3878,40.657822154499996,-73.819674863,0.18814003611949293
455893270,40.6568994,-73.8139562,,,3,POINT (-73.8139562 40.6568994),38,79,3879,40.657822154499996,-73.814130581,0.10365467944309917
455531436,40.6579495,-73.8082266,,,3,POINT (-73.8082266 40.6579495),38,80,3880,40.657822154499996,-73.80858629900001,0.033483574215937714
42791786,40.6581839,-73.8035645,,,3,POINT (-73.8035645 40.6581839),38,81,3881,40.657822154499996,-73.80304201700001,0.05966958349703496
42832370,40.6577428,-73.7953287,,,3,POINT (-73.7953287 40.6577428),38,82,3882,40.657822154499996,-73.79749773500001,0.1831796350189568
455510959,40.6582333,-73.7928179,,,3,POINT (-73.7928179 40.6582333),38,83,3883,40.657822154499996,-73.791953453,0.08606571108948705
7831436786,40.6562929,-73.7822028,,,1,POINT (-73.7822028 40.6562929),38,85,3885,40.657822154499996,-73.780864889,0.20408989486690934
7870075188,40.6588603,-73.7745556,,,3,POINT (-73.7745556 40.6588603),38,86,3886,40.657822154499996,-73.77532060700001,0.13224912071148984
7729302089,40.6581384,-73.7698314,,,1,POINT (-73.7698314 40.6581384),38,87,3887,40.657822154499996,-73.76977632500001,0.035470455308839396
42858421,40.6579722,-73.7646522,,,3,POINT (-73.7646522 40.6579722),38,88,3888,40.657822154499996,-73.764232043,0.03917262214987299
460007431,40.6576366,-73.7584035,,,3,POINT (-73.7584035 40.6576366),38,89,3889,40.657822154499996,-73.758687761,0.031633562960172217
42856919,40.658087,-73.752989,,,4,POINT (-73.752989 40.658087),38,90,3890,40.657822154499996,-73.753143479,0.03220366538806343
42835386,40.658717,-73.748325,,,3,POINT (-73.748325 40.658717),38,91,3891,40.657822154499996,-73.747599197,0.11682929007698444
1024610116,40.6573612,-73.7415411,,traffic_signals,5,POINT (-73.7415411 40.6573612),38,92,3892,40.657822154499996,-73.74205491500001,0.06712474677779381
4521705995,40.6573631,-73.7363617,,,3,POINT (-73.7363617 40.6573631),38,93,3893,40.657822154499996,-73.73651063300001,0.05256783037420325
4521706002,40.6574722,-73.7306682,,,3,POINT (-73.7306682 40.6574722),38,94,3894,40.657822154499996,-73.730966351,0.0463332760317857
7771044863,40.6581904,-73.7269583,,,3,POINT (-73.7269583 40.6581904),38,95,3895,40.657822154499996,-73.725422069,0.13590230100012562
4226030792,40.6617238,-74.0063112,,crossing,1,POINT (-74.0063112 40.6617238),39,44,3944,40.6619633715,-74.008180451,0.1599039624160937
42499915,40.6612683,-74.002347,,,1,POINT (-74.002347 40.6612683),39,45,3945,40.6619633715,-74.00263616900001,0.08104585501377
1372888841,40.6616284,-73.996901,,traffic_signals,4,POINT (-73.996901 40.6616284),39,46,3946,40.6619633715,-73.99709188700001,0.040578260671244405
42465336,40.662469,-73.992255,,traffic_signals,4,POINT (-73.992255 40.662469),39,47,3947,40.6619633715,-73.99154760500001,0.08198351437361265
42487602,40.662081,-73.985596,,,3,POINT (-73.985596 40.662081),39,48,3948,40.6619633715,-73.986003323,0.03676267371490221
4575701542,40.6611752,-73.9801325,,traffic_signals,3,POINT (-73.9801325 40.6611752),39,49,3949,40.6619633715,-73.980459041,0.09186692668483443
42476123,40.6640117,-73.9773568,,,3,POINT (-73.9773568 40.6640117),39,50,3950,40.6619633715,-73.97491475900001,0.30708975472414757
42481948,40.6630968,-73.9623837,,traffic_signals,4,POINT (-73.9623837 40.6630968),39,52,3952,40.6619633715,-73.96382619500001,0.17517974215274765
42472141,40.661965,-73.957044,,traffic_signals,4,POINT (-73.957044 40.661965),39,53,3953,40.6619633715,-73.95828191300001,0.10441664436263134
42472144,40.662174,-73.9537,,traffic_signals,4,POINT (-73.9537 40.662174),39,54,3954,40.6619633715,-73.952737631,0.08448575451333806
42490221,40.661746,-73.947832,,traffic_signals,4,POINT (-73.947832 40.661746),39,55,3955,40.6619633715,-73.947193349,0.059043590688794965
42467482,40.66206,-73.942767,,traffic_signals,4,POINT (-73.942767 40.66206),39,56,3956,40.6619633715,-73.94164906700001,0.09490642330870915
42485103,40.6616699,-73.9372619,,traffic_signals,4,POINT (-73.9372619 40.6616699),39,57,3957,40.6619633715,-73.93610478500001,0.10291226012429303
42468557,40.6621471,-73.930382,,,3,POINT (-73.930382 40.6621471),39,58,3958,40.6619633715,-73.93056050300001,0.025378529211881537
42522006,40.661203,-73.92432,,traffic_signals,4,POINT (-73.92432 40.661203),39,59,3959,40.6619633715,-73.925016221,0.10294330221090243
42460694,40.661994,-73.919584,,traffic_signals,4,POINT (-73.919584 40.661994),39,60,3960,40.6619633715,-73.919471939,0.010047053982173143
42477758,40.661854,-73.913604,,,3,POINT (-73.913604 40.661854),39,61,3961,40.6619633715,-73.913927657,0.029886438193339512
42461965,40.6618319,-73.9077429,,turning_circle,1,POINT (-73.9077429 40.6618319),39,62,3962,40.6619633715,-73.90838337500001,0.05596639393221138
42496263,40.66185,-73.902892,,,4,POINT (-73.902892 40.66185),39,63,3963,40.6619633715,-73.90283909300001,0.013372917027450623
42496292,40.662673,-73.897369,,stop,4,POINT (-73.897369 40.662673),39,64,3964,40.6619633715,-73.89729481100001,0.07915483410215003
42495814,40.662197,-73.892287,,traffic_signals,4,POINT (-73.892287 40.662197),39,65,3965,40.6619633715,-73.891750529,0.05217748648570939
42472336,40.662014,-73.886814,,traffic_signals,4,POINT (-73.886814 40.662014),39,66,3966,40.6619633715,-73.886206247,0.051571414452162526
1942054935,40.6626361,-73.880748,,traffic_signals,4,POINT (-73.880748 40.6626361),39,67,3967,40.6619633715,-73.880661965,0.07515517706248176
42517239,40.661459,-73.87447,,,4,POINT (-73.87447 40.661459),39,68,3968,40.6619633715,-73.87511768300001,0.0782940946564314
42486499,40.6618713,-73.8693844,,,3,POINT (-73.8693844 40.6618713),39,69,3969,40.6619633715,-73.86957340100001,0.01894629987916816
8880682384,40.6611254,-73.8625165,,,1,POINT (-73.8625165 40.6611254),39,70,3970,40.6619633715,-73.86402911900001,0.15799043195977064
7884773199,40.6617404,-73.8579262,,,1,POINT (-73.8579262 40.6617404),39,71,3971,40.6619633715,-73.858484837,0.053245131633821274
7884773207,40.6624213,-73.8533687,,,3,POINT (-73.8533687 40.6624213),39,72,3972,40.6619633715,-73.852940555,0.06242559751768587
42850996,40.6615923,-73.8472282,,,4,POINT (-73.8472282 40.6615923),39,73,3973,40.6619633715,-73.847396273,0.043628818784493935
7728484548,40.6623877,-73.841693,,traffic_signals,4,POINT (-73.841693 40.6623877),39,74,3974,40.6619633715,-73.84185199100001,0.04905199194079388
7728376522,40.6613835,-73.8365335,,,4,POINT (-73.8365335 40.6613835),39,75,3975,40.6619633715,-73.83630770900001,0.06723268936637035
42903283,40.6620529,-73.8319337,,stop,4,POINT (-73.8319337 40.6620529),39,76,3976,40.6619633715,-73.83076342700001,0.09921179077483175
277752528,40.6606449,-73.8239704,,traffic_signals,4,POINT (-73.8239704 40.6606449),39,77,3977,40.6619633715,-73.825219145,0.1805225013209339
456356076,40.6637383,-73.8220062,,,3,POINT (-73.8220062 40.6637383),39,78,3978,40.6619633715,-73.819674863,0.2786047302846395
42798731,40.6613994,-73.8138359,,,3,POINT (-73.8138359 40.6613994),39,79,3979,40.6619633715,-73.814130581,0.0674571431993851
42793881,40.6608433,-73.8094635,,,3,POINT (-73.8094635 40.6608433),39,80,3980,40.6619633715,-73.80858629900001,0.14486722309369496
455489165,40.6620832,-73.802726,,,3,POINT (-73.802726 40.6620832),39,81,3981,40.6619633715,-73.80304201700001,0.029800341623573142
42920003,40.6616052,-73.7952644,,,3,POINT (-73.7952644 40.6616052),39,82,3982,40.6619633715,-73.79749773500001,0.19254369101359425
7869473999,40.6616124,-73.7913841,,,3,POINT (-73.7913841 40.6616124),39,83,3983,40.6619633715,-73.791953453,0.061882055120443986
457330438,40.6632744,-73.7841663,,,3,POINT (-73.7841663 40.6632744),39,84,3984,40.6619633715,-73.786409171,0.23883345539485357
42835347,40.663039,-73.781021,,,3,POINT (-73.781021 40.663039),39,85,3985,40.6619633715,-73.780864889,0.12032708651241529
42837910,40.6618978,-73.7756832,,,4,POINT (-73.7756832 40.6618978),39,86,3986,40.6619633715,-73.77532060700001,0.03144139725119183
42884227,40.6621738,-73.7701104,,,4,POINT (-73.7701104 40.6621738),39,87,3987,40.6619633715,-73.76977632500001,0.03662700515418172
42848754,40.662063,-73.764378,,,4,POINT (-73.764378 40.662063),39,88,3988,40.6619633715,-73.764232043,0.016561824139062244
42835293,40.661372,-73.759024,,,4,POINT (-73.759024 40.661372),39,89,3989,40.6619633715,-73.758687761,0.07161301588194792
42894207,40.661698,-73.753799,,,4,POINT (-73.753799 40.661698),39,90,3990,40.6619633715,-73.753143479,0.06267362634837895
42810665,40.662401,-73.74699,,,4,POINT (-73.74699 40.662401),39,91,3991,40.6619633715,-73.747599197,0.07077006558326018
42890537,40.662131,-73.741561,,,3,POINT (-73.741561 40.662131),39,92,3992,40.6619633715,-73.74205491500001,0.045640717735340716
42910774,40.661596,-73.736606,,,3,POINT (-73.736606 40.661596),39,93,3993,40.6619633715,-73.73651063300001,0.04163433423984505
42884735,40.662391,-73.730326,,,4,POINT (-73.730326 40.662391),39,94,3994,40.6619633715,-73.730966351,0.07196097967788684
42924158,40.6610675,-73.7277559,,,1,POINT (-73.7277559 40.6610675),39,95,3995,40.6619633715,-73.725422069,0.2206267743001731
42537799,40.6649031,-74.0143548,,,1,POINT (-74.0143548 40.6649031),40,43,4043,40.6661045885,-74.013724733,0.1437808763924998
42469697,40.6672774,-74.0002284,,,1,POINT (-74.0002284 40.6672774),40,45,4045,40.6661045885,-74.00263616900001,0.24134548713901635
42465846,40.665902,-73.9964215,,,4,POINT (-73.9964215 40.665902),40,46,4046,40.6661045885,-73.99709188700001,0.06086509029841619
42516074,40.6661014,-73.9921647,,traffic_signals,4,POINT (-73.9921647 40.6661014),40,47,4047,40.6661045885,-73.99154760500001,0.052049206035537234
42477300,40.666233,-73.985445,,traffic_signals,4,POINT (-73.985445 40.666233),40,48,4048,40.6661045885,-73.986003323,0.049208082896435204
42510722,40.665749,-73.979224,,traffic_signals,4,POINT (-73.979224 40.665749),40,49,4049,40.6661045885,-73.980459041,0.11141977046609239
42469915,40.6664242,-73.9753492,,,3,POINT (-73.9753492 40.6664242),40,50,4050,40.6661045885,-73.97491475900001,0.051045913599940346
42478471,40.666695,-73.961616,,,3,POINT (-73.961616 40.666695),40,52,4052,40.6661045885,-73.96382619500001,0.1976374067385002
42479606,40.6660624,-73.9586411,,,3,POINT (-73.9586411 40.6660624),40,53,4053,40.6661045885,-73.95828191300001,0.03065618101884724
42485886,40.6663638,-73.9522243,,,3,POINT (-73.9522243 40.6663638),40,54,4054,40.6661045885,-73.952737631,0.052012658629119975
42496531,40.666139,-73.948067,,traffic_signals,4,POINT (-73.948067 40.666139),40,55,4055,40.6661045885,-73.947193349,0.07378610867491409
42467474,40.665838,-73.942528,,traffic_signals,4,POINT (-73.942528 40.665838),40,56,4056,40.6661045885,-73.94164906700001,0.07983953788901599
42471111,40.666426,-73.936907,,traffic_signals,4,POINT (-73.936907 40.666426),40,57,4057,40.6661045885,-73.93610478500001,0.07652045730947685
42471117,40.666126,-73.931381,,traffic_signals,4,POINT (-73.931381 40.666126),40,58,4058,40.6661045885,-73.93056050300001,0.0692445803194636
42503884,40.665916,-73.925463,,traffic_signals,4,POINT (-73.925463 40.665916),40,59,4059,40.6661045885,-73.925016221,0.04312484452959234
42479194,40.6657908,-73.9194158,,traffic_signals,5,POINT (-73.9194158 40.6657908),40,60,4060,40.6661045885,-73.919471939,0.03521150332057789
42515045,40.6666041,-73.9138665,,traffic_signals,4,POINT (-73.9138665 40.6666041),40,61,4061,40.6661045885,-73.913927657,0.05578214534324129
2561266487,40.6666345,-73.9080516,,turning_circle,1,POINT (-73.9080516 40.6666345),40,62,4062,40.6661045885,-73.90838337500001,0.06523053278125596
42503978,40.666592,-73.90319,,traffic_signals,4,POINT (-73.90319 40.666592),40,63,4063,40.6661045885,-73.90283909300001,0.06175233102796949
42510915,40.665878,-73.897233,,,3,POINT (-73.897233 40.665878),40,64,4064,40.6661045885,-73.89729481100001,0.025729205581171227
42478556,40.666716,-73.89161,,,4,POINT (-73.89161 40.666716),40,65,4065,40.6661045885,-73.891750529,0.0690113206156002
42477842,40.665994,-73.885795,,,4,POINT (-73.885795 40.665994),40,66,4066,40.6661045885,-73.886206247,0.036801314174257166
42497134,40.666823,-73.881656,,,4,POINT (-73.881656 40.666823),40,67,4067,40.6661045885,-73.880661965,0.11580395244580785
1942055085,40.6657457,-73.8744176,,,3,POINT (-73.8744176 40.6657457),40,68,4068,40.6661045885,-73.87511768300001,0.07126823542067842
42478715,40.6667339,-73.8697607,,stop,4,POINT (-73.8697607 40.6667339),40,69,4069,40.6661045885,-73.86957340100001,0.0717372470954746
42529277,40.6659945,-73.8638705,,,3,POINT (-73.8638705 40.6659945),40,70,4070,40.6661045885,-73.86402911900001,0.01813376348314552
42517424,40.6669216,-73.8573801,,,3,POINT (-73.8573801 40.6669216),40,71,4071,40.6661045885,-73.858484837,0.1301353456808815
42858560,40.6659035,-73.8531996,,,4,POINT (-73.8531996 40.6659035),40,72,4072,40.6661045885,-73.852940555,0.031262456802628506
5027223278,40.6664899,-73.8477872,,,3,POINT (-73.8477872 40.6664899),40,73,4073,40.6661045885,-73.847396273,0.054063160454310054
598669098,40.666359,-73.8417495,,,3,POINT (-73.8417495 40.666359),40,74,4074,40.6661045885,-73.84185199100001,0.029580551768092746
42818915,40.6656155,-73.8360924,,,3,POINT (-73.8360924 40.6656155),40,75,4075,40.6661045885,-73.83630770900001,0.05733604743793062
2791759903,40.6665582,-73.8309153,,,3,POINT (-73.8309153 40.6665582),40,76,4076,40.6661045885,-73.83076342700001,0.05204041888080725
42830872,40.6661352,-73.8251859,,,3,POINT (-73.8251859 40.6661352),40,77,4077,40.6661045885,-73.825219145,0.004410053815847749
42820352,40.666419,-73.8192377,,,4,POINT (-73.8192377 40.666419),40,78,4078,40.6661045885,-73.819674863,0.05081140426687146
42875299,40.6659085,-73.8145893,,,3,POINT (-73.8145893 40.6659085),40,79,4079,40.6661045885,-73.814130581,0.04441099978183396
42875312,40.6662775,-73.808635,,,3,POINT (-73.808635 40.6662775),40,80,4080,40.6661045885,-73.80858629900001,0.019660758958533295
277782183,40.6662194,-73.8018034,,,3,POINT (-73.8018034 40.6662194),40,81,4081,40.6661045885,-73.80304201700001,0.10524645222238986
277789799,40.6656133,-73.7968096,,,3,POINT (-73.7968096 40.6656133),40,82,4082,40.6661045885,-73.79749773500001,0.07970535525139602
42805424,40.6657958,-73.7923592,,motorway_junction,3,POINT (-73.7923592 40.6657958),40,83,4083,40.6661045885,-73.791953453,0.04847785464417746
9164742384,40.6662835,-73.7862092,,,3,POINT (-73.7862092 40.6662835),40,84,4084,40.6661045885,-73.786409171,0.026081478585369522
42813541,40.665518,-73.781265,,,4,POINT (-73.781265 40.665518),40,85,4085,40.6661045885,-73.780864889,0.07343870470978853
42855280,40.665303,-73.774997,,,3,POINT (-73.774997 40.665303),40,86,4086,40.6661045885,-73.77532060700001,0.09321800542441717
42813568,40.66591,-73.769975,,,4,POINT (-73.769975 40.66591),40,87,4087,40.6661045885,-73.76977632500001,0.027367266343137495
42875394,40.6663947,-73.7644521,,,3,POINT (-73.7644521 40.6663947),40,88,4088,40.6661045885,-73.764232043,0.0372172686156944
455574668,40.6661324,-73.7588765,21B,motorway_junction,3,POINT (-73.7588765 40.6661324),40,89,4089,40.6661045885,-73.758687761,0.016216519437719543
1884810428,40.666399,-73.7532121,,,3,POINT (-73.7532121 40.666399),40,90,4090,40.6661045885,-73.753143479,0.033244747323669055
42813144,40.6658306,-73.7471215,,,3,POINT (-73.7471215 40.6658306),40,91,4091,40.6661045885,-73.747599197,0.05051267221478962
42787984,40.6663892,-73.741302,,,4,POINT (-73.741302 40.6663892),40,92,4092,40.6661045885,-73.74205491500001,0.07095236164928488
42787866,40.6665294,-73.7364625,,traffic_signals,4,POINT (-73.7364625 40.6665294),40,93,4093,40.6661045885,-73.73651063300001,0.04741101458799294
42812780,40.6653694,-73.7310204,,,3,POINT (-73.7310204 40.6653694),40,94,4094,40.6661045885,-73.730966351,0.08187623994593328
279184096,40.6647006,-73.7279257,,,1,POINT (-73.7279257 40.6647006),40,95,4095,40.6661045885,-73.725422069,0.2626099837400758
42475790,40.6722317,-74.0110067,,traffic_signals,3,POINT (-74.0110067 40.6722317),41,43,4143,40.6702458055,-74.013724733,0.3182906272893967
42480552,40.6700371,-74.0018298,,,3,POINT (-74.0018298 40.6700371),41,45,4145,40.6702458055,-74.00263616900001,0.07185848928588055
42478307,40.6703777,-73.9974578,,traffic_signals,5,POINT (-73.9974578 40.6703777),41,46,4146,40.6702458055,-73.99709188700001,0.034168109448855996
42466184,40.670257,-73.992024,,traffic_signals,4,POINT (-73.992024 40.670257),41,47,4147,40.6702458055,-73.99154760500001,0.04019763562572097
42465294,40.669783,-73.985796,,traffic_signals,4,POINT (-73.985796 40.669783),41,48,4148,40.6702458055,-73.986003323,0.054351041674658956
42477265,40.6710497,-73.9814267,,traffic_signals,4,POINT (-73.9814267 40.6710497),41,49,4149,40.6702458055,-73.980459041,0.12103976894565872
42505910,40.670576,-73.975196,,traffic_signals,4,POINT (-73.975196 40.670576),41,50,4150,40.6702458055,-73.97491475900001,0.043711191565521376
42471201,40.6712477,-73.9713385,,traffic_signals,3,POINT (-73.9713385 40.6712477),41,51,4151,40.6702458055,-73.96937047700001,0.19990017340622757
42478464,40.669641,-73.962194,,,3,POINT (-73.962194 40.669641),41,52,4152,40.6702458055,-73.96382619500001,0.15320656594096133
1259822823,40.6704525,-73.9580481,,traffic_signals,4,POINT (-73.9580481 40.6704525),41,53,4153,40.6702458055,-73.95828191300001,0.030283481430773387
1970262958,40.6702231,-73.9532498,,traffic_signals,4,POINT (-73.9532498 40.6702231),41,54,4154,40.6702458055,-73.952737631,0.04326920971533091
42496521,40.670597,-73.947647,,,3,POINT (-73.947647 40.670597),41,55,4155,40.6702458055,-73.947193349,0.054670075607059124
42467463,40.670342,-73.942106,,,4,POINT (-73.942106 40.670342),41,56,4156,40.6702458055,-73.94164906700001,0.03999384342843765
42493251,40.670041,-73.936569,,traffic_signals,4,POINT (-73.936569 40.670041),41,57,4157,40.6702458055,-73.93610478500001,0.04529282081304489
42520930,40.670583,-73.930952,,traffic_signals,4,POINT (-73.930952 40.670583),41,58,4158,40.6702458055,-73.93056050300001,0.049960186477427504
42503867,40.670279,-73.925413,,traffic_signals,4,POINT (-73.925413 40.670279),41,59,4159,40.6702458055,-73.925016221,0.033666619624576066
42479237,40.669978,-73.919878,,traffic_signals,4,POINT (-73.919878 40.669978),41,60,4160,40.6702458055,-73.919471939,0.04538274859356699
42509458,40.670897,-73.914039,,traffic_signals,4,POINT (-73.914039 40.670897),41,61,4161,40.6702458055,-73.913927657,0.07301588578347178
42500229,40.670098,-73.90797,,traffic_signals,4,POINT (-73.90797 40.670098),41,62,4162,40.6702458055,-73.90838337500001,0.03854313223125556
42491372,40.670793,-73.903269,,traffic_signals,4,POINT (-73.903269 40.670793),41,63,4163,40.6702458055,-73.90283909300001,0.07082902271134604
42484868,40.6703363,-73.8974193,,,4,POINT (-73.8974193 40.6703363),41,64,4164,40.6702458055,-73.89729481100001,0.014542607848933277
42468368,40.669926,-73.891481,,traffic_signals,4,POINT (-73.891481 40.669926),41,65,4165,40.6702458055,-73.891750529,0.04220540526624928
42504346,40.670727,-73.886082,,,4,POINT (-73.886082 40.670727),41,66,4166,40.6702458055,-73.886206247,0.0545228173354019
42512437,40.66993,-73.880697,,,4,POINT (-73.880697 40.66993),41,67,4167,40.6702458055,-73.880661965,0.035240064612070236
42513104,40.670724,-73.87518,,,4,POINT (-73.87518 40.670724),41,68,4168,40.6702458055,-73.87511768300001,0.053431912007904446
42522183,40.669934,-73.869602,,,4,POINT (-73.869602 40.669934),41,69,4169,40.6702458055,-73.86957340100001,0.034754987097350816
1942055335,40.6694348,-73.8640978,,,3,POINT (-73.8640978 40.6694348),41,70,4170,40.6702458055,-73.86402911900001,0.0903655385040501
1942055376,40.6701733,-73.8583408,,,3,POINT (-73.8583408 40.6701733),41,71,4171,40.6702458055,-73.858484837,0.0145797795624649
42884849,40.6698392,-73.8531554,,,1,POINT (-73.8531554 40.6698392),41,72,4172,40.6702458055,-73.852940555,0.04870823095478252
7879671470,40.669904,-73.8474599,,traffic_signals,4,POINT (-73.8474599 40.669904),41,73,4173,40.6702458055,-73.847396273,0.03838399534779202
42810547,40.6703469,-73.8416141,,,3,POINT (-73.8416141 40.6703469),41,74,4174,40.6702458055,-73.84185199100001,0.022997850270556203
42925494,40.670186,-73.836604,,,3,POINT (-73.836604 40.670186),41,75,4175,40.6702458055,-73.83630770900001,0.025858433531841026
42882401,40.6693904,-73.8251285,,,4,POINT (-73.8251285 40.6693904),41,77,4177,40.6702458055,-73.825219145,0.09542348209370097
42878399,40.670372,-73.819929,,,4,POINT (-73.819929 40.670372),41,78,4178,40.6702458055,-73.819674863,0.025618274680301593
42837155,40.669386,-73.814457,,,4,POINT (-73.814457 40.669386),41,79,4179,40.6702458055,-73.814130581,0.09949070126224585
42891942,40.669735,-73.808497,,,3,POINT (-73.808497 40.669735),41,80,4180,40.6702458055,-73.80858629900001,0.057296121091565386
42919740,40.670487,-73.802656,,,3,POINT (-73.802656 40.670487),41,81,4181,40.6702458055,-73.80304201700001,0.0421803572594895
42934407,40.670442,-73.798087,,,3,POINT (-73.798087 40.670442),41,82,4182,40.6702458055,-73.79749773500001,0.05427501880231755
42805744,40.670207,-73.79155,,,4,POINT (-73.79155 40.670207),41,83,4183,40.6702458055,-73.791953453,0.03429906840214436
42896507,40.6709984,-73.78606,,,3,POINT (-73.78606 40.6709984),41,84,4184,40.6702458055,-73.786409171,0.08871489052029688
42858810,40.67087,-73.781422,,,4,POINT (-73.781422 40.67087),41,85,4185,40.6702458055,-73.780864889,0.08381535698630531
42811618,40.669964,-73.775308,,,3,POINT (-73.775308 40.669964),41,86,4186,40.6702458055,-73.77532060700001,0.031353375649272985
42833684,40.669618,-73.76995,,,3,POINT (-73.76995 40.669618),41,87,4187,40.6702458055,-73.76977632500001,0.07132893376861753
42874728,40.670071,-73.763702,,,3,POINT (-73.763702 40.670071),41,88,4188,40.6702458055,-73.764232043,0.048746018222297904
42891334,40.670978,-73.758951,,,3,POINT (-73.758951 40.670978),41,89,4189,40.6702458055,-73.758687761,0.0843889880596456
42891354,40.670366,-73.752788,,,3,POINT (-73.752788 40.670366),41,90,4190,40.6702458055,-73.753143479,0.03282457790739667
5436352423,40.6703661,-73.7472053,,,4,POINT (-73.7472053 40.6703661),41,91,4191,40.6702458055,-73.747599197,0.03581240705561356
5436369671,40.6704515,-73.7417638,,,4,POINT (-73.7417638 40.6704515),41,92,4192,40.6702458055,-73.74205491500001,0.03355507821582154
42853448,40.6700286,-73.7364301,,,1,POINT (-73.7364301 40.6700286),41,93,4193,40.6702458055,-73.73651063300001,0.025089001714741224
42878303,40.670816,-73.73039,,,4,POINT (-73.73039 40.670816),41,94,4194,40.6702458055,-73.730966351,0.07989162284980922
7773565535,40.6715495,-73.7280787,,,3,POINT (-73.7280787 40.6715495),41,95,4195,40.6702458055,-73.725422069,0.2668607501898041
1936594434,40.6749461,-74.0179208,,,1,POINT (-74.0179208 40.6749461),42,42,4242,40.6743870225,-74.019269015,0.1295842257515635
42475801,40.674128,-74.013855,,,3,POINT (-74.013855 40.674128),42,43,4243,40.6743870225,-74.013724733,0.03082601512012497
42521815,40.6746216,-74.0077049,,traffic_signals,4,POINT (-74.0077049 40.6746216),42,44,4244,40.6743870225,-74.008180451,0.0478408454614054
5511361876,40.674492,-74.0020491,,stop,3,POINT (-74.0020491 40.674492),42,45,4245,40.6743870225,-74.00263616900001,0.05086678420418793
42488411,40.6747317,-73.9977713,,traffic_signals,4,POINT (-73.9977713 40.6747317),42,46,4246,40.6743870225,-73.99709188700001,0.06893360347964674
42469888,40.674411,-73.99187,,,3,POINT (-73.99187 40.674411),42,47,4247,40.6743870225,-73.99154760500001,0.027318977221780005
1372888808,40.6739972,-73.9857688,,traffic_signals,4,POINT (-73.9857688 40.6739972),42,48,4248,40.6743870225,-73.986003323,0.04764529308481002
42465267,40.6751433,-73.9813258,,traffic_signals,4,POINT (-73.9813258 40.6751433),42,49,4249,40.6743870225,-73.980459041,0.11142204250138181
42486362,40.6744679,-73.9754639,,traffic_signals,4,POINT (-73.9754639 40.6744679),42,50,4250,40.6743870225,-73.97491475900001,0.04717585296702104
4575780103,40.6742674,-73.9696718,,,4,POINT (-73.9696718 40.6742674),42,51,4251,40.6743870225,-73.96937047700001,0.028682280875767872
42474970,40.674573,-73.963137,,traffic_signals,4,POINT (-73.963137 40.674573),42,52,4252,40.6743870225,-73.96382619500001,0.06169119717016742
42524181,40.674171,-73.956703,,traffic_signals,4,POINT (-73.956703 40.674171),42,53,4253,40.6743870225,-73.95828191300001,0.13530410536036364
42473621,40.674462,-73.952849,,traffic_signals,4,POINT (-73.952849 40.674462),42,54,4254,40.6743870225,-73.952737631,0.01255861605564694
42473632,40.674162,-73.947313,,traffic_signals,4,POINT (-73.947313 40.674162),42,55,4255,40.6743870225,-73.947193349,0.026979395948730774
42467448,40.674748,-73.941694,,traffic_signals,5,POINT (-73.941694 40.674748),42,56,4256,40.6743870225,-73.94164906700001,0.04031733656235667
42523298,40.6744834,-73.9361576,,,3,POINT (-73.9361576 40.6744834),42,57,4257,40.6743870225,-73.93610478500001,0.011605428881043099
42520926,40.674147,-73.930615,,traffic_signals,4,POINT (-73.930615 40.674147),42,58,4258,40.6743870225,-73.93056050300001,0.027082102500475862
42469115,40.674737,-73.925003,,traffic_signals,3,POINT (-73.925003 40.674737),42,59,4259,40.6743870225,-73.925016221,0.038931691459191585
42479227,40.674438,-73.919455,,stop,3,POINT (-73.919455 40.674438),42,60,4260,40.6743870225,-73.919471939,0.005845670878768209
42509423,40.6741354,-73.9139185,,traffic_signals,4,POINT (-73.9139185 40.6741354),42,61,4261,40.6743870225,-73.913927657,0.027989800517994386
42517498,40.6746176,-73.9083088,,stop,4,POINT (-73.9083088 40.6746176),42,62,4262,40.6743870225,-73.90838337500001,0.026399127774220325
42520637,40.673442,-73.9029485,,,4,POINT (-73.9029485 40.673442),42,63,4263,40.6743870225,-73.90283909300001,0.10548600473518562
42511287,40.674255,-73.897485,,traffic_signals,4,POINT (-73.897485 40.674255),42,64,4264,40.6743870225,-73.89729481100001,0.0217431954014667
42467157,40.673851,-73.891544,,,4,POINT (-73.891544 40.673851),42,65,4265,40.6743870225,-73.891750529,0.06209571549096813
42485156,40.674648,-73.8861651,,,4,POINT (-73.8861651 40.674648),42,66,4266,40.6743870225,-73.886206247,0.029226106359465414
42511604,40.674121,-73.880803,,,4,POINT (-73.880803 40.674121),42,67,4267,40.6743870225,-73.880661965,0.031882018547511014
42505088,40.6749253,-73.8752771,,,4,POINT (-73.8752771 40.6749253),42,68,4268,40.6743870225,-73.87511768300001,0.06134502268301848
42472534,40.6744014,-73.8697501,,traffic_signals,4,POINT (-73.8697501 40.6744014),42,69,4269,40.6743870225,-73.86957340100001,0.014987085057290498
4486158278,40.6744626,-73.8640475,,turning_circle,1,POINT (-73.8640475 40.6744626),42,70,4270,40.6743870225,-73.86402911900001,0.008545602694634906
598643975,40.6741504,-73.8582357,,,3,POINT (-73.8582357 40.6741504),42,71,4271,40.6743870225,-73.858484837,0.033670801053289845
5328143156,40.6739247,-73.8532165,,,4,POINT (-73.8532165 40.6739247),42,72,4272,40.6743870225,-73.852940555,0.056429875764710494
42906849,40.674667,-73.847769,,,3,POINT (-73.847769 40.674667),42,73,4273,40.6743870225,-73.847396273,0.044240813532294886
42912315,40.674447,-73.841683,,,3,POINT (-73.841683 40.674447),42,74,4274,40.6743870225,-73.84185199100001,0.015734808484706066
2830616963,40.6739819,-73.8363109,,,3,POINT (-73.8363109 40.6739819),42,75,4275,40.6743870225,-73.83630770900001,0.045048370467789055
2847391703,40.6754726,-73.8319494,,,3,POINT (-73.8319494 40.6754726),42,76,4276,40.6743870225,-73.83076342700001,0.1567618206140905
42868593,40.675168,-73.825252,,,4,POINT (-73.825252 40.675168),42,77,4277,40.6743870225,-73.825219145,0.08688492643244938
42890662,40.674174,-73.819743,,traffic_signals,4,POINT (-73.819743 40.674174),42,78,4278,40.6743870225,-73.819674863,0.024374042449188345
42837729,40.6754873,-73.8138744,,,3,POINT (-73.8138744 40.6754873),42,79,4279,40.6743870225,-73.814130581,0.1242381377216023
42818640,40.674201,-73.808393,,,3,POINT (-73.808393 40.674201),42,80,4280,40.6743870225,-73.80858629900001,0.026336267385087684
42837776,40.674521,-73.803204,,,3,POINT (-73.803204 40.674521),42,81,4281,40.6743870225,-73.80304201700001,0.020212587296876076
42837802,40.67405,-73.797922,,,3,POINT (-73.797922 40.67405),42,82,4282,40.6743870225,-73.79749773500001,0.05181288416024449
42824648,40.67349,-73.791652,,traffic_signals,4,POINT (-73.791652 40.67349),42,83,4283,40.6743870225,-73.791953453,0.10293321140819757
1884810443,40.6739305,-73.7848258,,,3,POINT (-73.7848258 40.6739305),42,84,4284,40.6743870225,-73.786409171,0.1428545377249599
42805907,40.674401,-73.780862,,,3,POINT (-73.780862 40.674401),42,85,4285,40.6743870225,-73.780864889,0.0015732073791985988
42858829,40.673444,-73.7756376,,traffic_signals,3,POINT (-73.7756376 40.673444),42,86,4286,40.6743870225,-73.77532060700001,0.10821340025779287
1884810451,40.675177,-73.7691216,,,3,POINT (-73.7691216 40.675177),42,87,4287,40.6743870225,-73.76977632500001,0.10375348718676683
42788550,40.6747552,-73.7636644,,traffic_signals,4,POINT (-73.7636644 40.6747552),42,88,4288,40.6743870225,-73.764232043,0.0629894361138376
42904940,40.673699,-73.758225,,,3,POINT (-73.758225 40.673699),42,89,4289,40.6743870225,-73.758687761,0.08588367316879982
42849443,40.674259,-73.753174,,stop,4,POINT (-73.753174 40.674259),42,90,4290,40.6743870225,-73.753143479,0.014466279362235596
42853262,40.674613,-73.747436,,,4,POINT (-73.747436 40.674613),42,91,4291,40.6743870225,-73.747599197,0.02864979678465662
42878355,40.674807,-73.742255,,,5,POINT (-73.742255 40.674807),42,92,4292,40.6743870225,-73.74205491500001,0.049654343512185825
3530981338,40.6744749,-73.736125,,traffic_signals,4,POINT (-73.736125 40.6744749),42,93,4293,40.6743870225,-73.73651063300001,0.03395787934530853
42923219,40.6739238,-73.7307297,,,3,POINT (-73.7307297 40.6739238),42,94,4294,40.6743870225,-73.730966351,0.055239282028446024
261461453,40.675096,-73.727141,,,3,POINT (-73.727141 40.675096),42,95,4295,40.6743870225,-73.725422069,0.16501179669858915
42471915,40.6789613,-74.0181113,,,1,POINT (-74.0181113 40.6789613),43,42,4342,40.6785282395,-74.019269015,0.10885730132893678
42502881,40.678694,-74.013527,,,4,POINT (-74.013527 40.678694),43,43,4343,40.6785282395,-74.013724733,0.024854848444342572
42504452,40.67897,-74.008302,,,4,POINT (-74.008302 40.67897),43,44,4344,40.6785282395,-74.008180451,0.05017953249919642
3550730845,40.6783428,-74.0026946,,,3,POINT (-74.0026946 40.6783428),43,45,4345,40.6785282395,-74.00263616900001,0.021200484299921298
42497677,40.6786811,-73.997667,,,4,POINT (-73.997667 40.6786811),43,46,4346,40.6785282395,-73.99709188700001,0.05139030939906806
42466512,40.6781021,-73.9908957,,,4,POINT (-73.9908957 40.6781021),43,47,4347,40.6785282395,-73.99154760500001,0.07257705197300546
42466214,40.678344,-73.985429,,traffic_signals,4,POINT (-73.985429 40.678344),43,48,4348,40.6785282395,-73.986003323,0.052586180693230025
42465257,40.6783627,-73.979144,,traffic_signals,4,POINT (-73.979144 40.6783627),43,49,4349,40.6785282395,-73.980459041,0.11241202977887628
42477237,40.6787,-73.975749,,traffic_signals,4,POINT (-73.975749 40.6787),43,50,4350,40.6785282395,-73.97491475900001,0.07289611437881333
42469645,40.6785448,-73.9685514,,traffic_signals,4,POINT (-73.9685514 40.6785448),43,51,4351,40.6785282395,-73.96937047700001,0.06909554368087512
42478436,40.6785161,-73.96391,,traffic_signals,4,POINT (-73.96391 40.6785161),43,52,4352,40.6785282395,-73.96382619500001,0.00719485619822997
42501895,40.678282,-73.958845,,traffic_signals,4,POINT (-73.958845 40.678282),43,53,4353,40.6785282395,-73.95828191300001,0.05481265771491377
597728154,40.6786316,-73.952967,,traffic_signals,4,POINT (-73.952967 40.6786316),43,54,4354,40.6785282395,-73.952737631,0.022499173237236922
42496494,40.6784028,-73.9469121,,traffic_signals,4,POINT (-73.9469121 40.6784028),43,55,4355,40.6785282395,-73.947193349,0.027514658216668934
597826226,40.6781262,-73.9418551,,,3,POINT (-73.9418551 40.6781262),43,56,4356,40.6785282395,-73.94164906700001,0.04796231640349624
42493173,40.6788716,-73.9355836,,traffic_signals,4,POINT (-73.9355836 40.6788716),43,57,4357,40.6785282395,-73.93610478500001,0.05821801532349447
42515953,40.6785623,-73.929794,,,3,POINT (-73.929794 40.6785623),43,58,4358,40.6785282395,-73.93056050300001,0.06474840320074628
42503847,40.678276,-73.924662,,traffic_signals,4,POINT (-73.924662 40.678276),43,59,4359,40.6785282395,-73.925016221,0.04097485138478256
42465043,40.6787379,-73.9191265,,traffic_signals,4,POINT (-73.9191265 40.6787379),43,60,4360,40.6785282395,-73.919471939,0.03731040646877436
42465062,40.6784275,-73.9135536,,traffic_signals,4,POINT (-73.9135536 40.6784275),43,61,4361,40.6785282395,-73.913927657,0.03347338932045423
42468780,40.6783666,-73.9081367,,,3,POINT (-73.9081367 40.6783666),43,62,4362,40.6785282395,-73.90838337500001,0.02749096190212878
4970873186,40.6788815,-73.9035587,,,3,POINT (-73.9035587 40.6788815),43,63,4363,40.6785282395,-73.90283909300001,0.0722867644982708
1398906448,40.6786625,-73.8973789,,,3,POINT (-73.8973789 40.6786625),43,64,4364,40.6785282395,-73.89729481100001,0.0165275662236187
42464754,40.678031,-73.891672,,,4,POINT (-73.891672 40.678031),43,65,4365,40.6785282395,-73.891750529,0.055685672247050795
42464773,40.679373,-73.886438,,,4,POINT (-73.886438 40.679373),43,66,4366,40.6785282395,-73.886206247,0.0959445518629749
598622332,40.6789161,-73.8810447,,traffic_signals,4,POINT (-73.8810447 40.6789161),43,67,4367,40.6785282395,-73.880661965,0.05386760339804703
42476017,40.6783851,-73.875169,,,3,POINT (-73.875169 40.6783851),43,68,4368,40.6785282395,-73.87511768300001,0.016494187985448758
42528982,40.678311,-73.869794,,,3,POINT (-73.869794 40.678311),43,69,4369,40.6785282395,-73.86957340100001,0.030488823579300037
42527722,40.6790193,-73.864219,,,4,POINT (-73.864219 40.6790193),43,70,4370,40.6785282395,-73.86402911900001,0.05690277479123634
42881633,40.678121,-73.858268,,,4,POINT (-73.858268 40.678121),43,71,4371,40.6785282395,-73.858484837,0.04883548849469949
42905733,40.678266,-73.852985,,,3,POINT (-73.852985 40.678266),43,72,4372,40.6785282395,-73.852940555,0.02939958190130745
42921110,40.6784,-73.847019,,,4,POINT (-73.847019 40.6784),43,73,4373,40.6785282395,-73.847396273,0.03486413558856319
42869785,40.678584,-73.842153,,,3,POINT (-73.842153 40.678584),43,74,4374,40.6785282395,-73.84185199100001,0.026129719700233915
42810783,40.678252,-73.835802,,,3,POINT (-73.835802 40.678252),43,75,4375,40.6785282395,-73.83630770900001,0.052556000366527064
5674590650,40.6781226,-73.8308864,,traffic_signals,3,POINT (-73.8308864 40.6781226),43,76,4376,40.6785282395,-73.83076342700001,0.046281794743837694
42868664,40.6793195,-73.8255107,,stop,4,POINT (-73.8255107 40.6793195),43,77,4377,40.6785282395,-73.825219145,0.09135472468982987
42889799,40.6790147,-73.8195918,,,4,POINT (-73.8195918 40.6790147),43,78,4378,40.6785282395,-73.819674863,0.0545435692206908
42837070,40.678508,-73.814339,,,4,POINT (-73.814339 40.678508),43,79,4379,40.6785282395,-73.814130581,0.017719034010218074
42845285,40.678297,-73.808067,,,4,POINT (-73.808067 40.678297),43,80,4380,40.6785282395,-73.80858629900001,0.05078220011319243
457013868,40.6778008,-73.8031999,,,3,POINT (-73.8031999 40.6778008),43,81,4381,40.6785282395,-73.80304201700001,0.08197599469647521
42834714,40.679097,-73.798215,,traffic_signals,4,POINT (-73.798215 40.679097),43,82,4382,40.6785282395,-73.79749773500001,0.08751095811791415
42864253,40.678649,-73.791459,,,3,POINT (-73.791459 40.678649),43,83,4383,40.6785282395,-73.791953453,0.04380498642463992
42922063,40.678642,-73.787137,,,3,POINT (-73.787137 40.678642),43,84,4384,40.6785282395,-73.786409171,0.06266618856316811
42891266,40.678989,-73.780913,,,3,POINT (-73.780913 40.678989),43,85,4385,40.6785282395,-73.780864889,0.05139461305481019
1012642818,40.6784682,-73.7739618,,,3,POINT (-73.7739618 40.6784682),43,86,4386,40.6785282395,-73.77532060700001,0.11477965689863413
42805818,40.678244,-73.771096,,traffic_signals,3,POINT (-73.771096 40.678244),43,87,4387,40.6785282395,-73.76977632500001,0.11568675165079767
1884810480,40.6786852,-73.7643363,,,1,POINT (-73.7643363 40.6786852),43,88,4388,40.6785282395,-73.764232043,0.019542507907735908
42890394,40.6790622,-73.7586955,,traffic_signals,3,POINT (-73.7586955 40.6790622),43,89,4389,40.6785282395,-73.758687761,0.05937728513122684
42878322,40.678497,-73.75317,,,3,POINT (-73.75317 40.678497),43,90,4390,40.6785282395,-73.753143479,0.004131363254508635
42915221,40.678482,-73.7473066,,,4,POINT (-73.7473066 40.678482),43,91,4391,40.6785282395,-73.747599197,0.025204099028017634
42899159,40.678226,-73.742382,,,4,POINT (-73.742382 40.678226),43,92,4392,40.6785282395,-73.74205491500001,0.04347706302436521
42810708,40.679024,-73.736721,,,4,POINT (-73.736721 40.679024),43,93,4393,40.6785282395,-73.73651063300001,0.057910100820885234
7774230090,40.6793465,-73.7304797,,traffic_signals,4,POINT (-73.7304797 40.6793465),43,94,4394,40.6785282395,-73.730966351,0.09981304612116977
261437665,40.678746,-73.7258314,,,3,POINT (-73.7258314 40.678746),43,95,4395,40.6785282395,-73.725422069,0.04216396645253313
3659161914,40.6806301,-74.0163704,,,1,POINT (-74.0163704 40.6806301),44,43,4443,40.6826694565,-74.013724733,0.3181090118966481
42464576,40.6825765,-74.0079389,,,3,POINT (-74.0079389 40.6825765),44,44,4444,40.6826694565,-74.008180451,0.02284083202795718
42471136,40.6826628,-74.0022806,,,3,POINT (-74.0022806 40.6826628),44,45,4445,40.6826694565,-74.00263616900001,0.029991646124112106
42486334,40.6829579,-73.9978545,,traffic_signals,4,POINT (-73.9978545 40.6829579),44,46,4446,40.6826694565,-73.99709188700001,0.07186020662653657
42527881,40.6820655,-73.990865,,,4,POINT (-73.990865 40.6820655),44,47,4447,40.6826694565,-73.99154760500001,0.08844841674415964
42529944,40.6822774,-73.985229,,stop,4,POINT (-73.985229 40.6822774),44,48,4448,40.6826694565,-73.986003323,0.07850917780666393
1372888859,40.6825229,-73.9796671,,traffic_signals,4,POINT (-73.9796671 40.6825229),44,49,4449,40.6826694565,-73.980459041,0.06873830037831304
42477218,40.682281,-73.973952,,traffic_signals,3,POINT (-73.973952 40.682281),44,50,4450,40.6826694565,-73.97491475900001,0.09195852206862135
42467038,40.6820838,-73.9687053,,traffic_signals,4,POINT (-73.9687053 40.6820838),44,51,4451,40.6826694565,-73.96937047700001,0.08594728052354965
42464941,40.682807,-73.963664,,traffic_signals,4,POINT (-73.963664 40.682807),44,52,4452,40.6826694565,-73.96382619500001,0.020517374102527786
42489027,40.6830158,-73.9588391,,traffic_signals,4,POINT (-73.9588391 40.6830158),44,53,4453,40.6826694565,-73.95828191300001,0.06075015401187529
42520269,40.682848,-73.953809,,traffic_signals,4,POINT (-73.953809 40.682848),44,54,4454,40.6826694565,-73.952737631,0.0924962512355881
42482381,40.682914,-73.946727,,traffic_signals,4,POINT (-73.946727 40.682914),44,55,4455,40.6826694565,-73.947193349,0.047809600191782785
42499209,40.6828405,-73.9409184,,traffic_signals,4,POINT (-73.9409184 40.6828405),44,56,4456,40.6826694565,-73.94164906700001,0.06448044325913797
42466978,40.682762,-73.9350092,,traffic_signals,4,POINT (-73.9350092 40.682762),44,57,4457,40.6826694565,-73.93610478500001,0.09295388248084031
42473295,40.6823658,-73.9319409,,,4,POINT (-73.9319409 40.6823658),44,58,4458,40.6826694565,-73.93056050300001,0.12119734627419869
42485052,40.6823103,-73.9259502,,traffic_signals,4,POINT (-73.9259502 40.6823103),44,59,4459,40.6826694565,-73.925016221,0.08830280656744509
42479174,40.682254,-73.919866,,stop,4,POINT (-73.919866 40.682254),44,60,4460,40.6826694565,-73.919471939,0.0569056660340979
42509390,40.682874,-73.914465,,traffic_signals,4,POINT (-73.914465 40.682874),44,61,4461,40.6826694565,-73.913927657,0.05069816371465588
42460636,40.682105,-73.909055,,,3,POINT (-73.909055 40.682105),44,62,4462,40.6826694565,-73.90838337500001,0.08453846280383404
42512268,40.68252,-73.903153,,,1,POINT (-73.903153 40.68252),44,63,4463,40.6826694565,-73.90283909300001,0.031254097218398814
1398906450,40.6821803,-73.8965686,1,motorway_junction,3,POINT (-73.8965686 40.6821803),44,64,4464,40.6826694565,-73.89729481100001,0.08190443411690664
42503297,40.6834076,-73.8909343,,,3,POINT (-73.8909343 40.6834076),44,65,4465,40.6826694565,-73.891750529,0.10711587795798833
42478918,40.682589,-73.886303,,traffic_signals,4,POINT (-73.886303 40.682589),44,66,4466,40.6826694565,-73.886206247,0.012107762672283966
42478938,40.683409,-73.880725,,stop,4,POINT (-73.880725 40.683409),44,67,4467,40.6826694565,-73.880661965,0.08240508444909918
42464802,40.682749,-73.875361,,,4,POINT (-73.875361 40.682749),44,68,4468,40.6826694565,-73.87511768300001,0.022342405477194474
2922393073,40.6824784,-73.8690397,,,3,POINT (-73.8690397 40.6824784),44,69,4469,40.6826694565,-73.86957340100001,0.04976556228117077
42881098,40.682373,-73.864101,,,3,POINT (-73.864101 40.682373),44,70,4470,40.6826694565,-73.86402911900001,0.033517067020208645
42823545,40.6825584,-73.8587297,,,4,POINT (-73.8587297 40.6825584),44,71,4471,40.6826694565,-73.858484837,0.02405858175663966
42837534,40.6828163,-73.853059,,traffic_signals,4,POINT (-73.853059 40.6828163),44,72,4472,40.6826694565,-73.852940555,0.019140627214649767
42879038,40.681859,-73.846715,,stop,4,POINT (-73.846715 40.681859),44,73,4473,40.6826694565,-73.847396273,0.10687159383948218
42918782,40.683018,-73.84237,,traffic_signals,4,POINT (-73.84237 40.683018),44,74,4474,40.6826694565,-73.84185199100001,0.0583949484076785
42864032,40.6823982,-73.836143,,traffic_signals,4,POINT (-73.836143 40.6823982),44,75,4475,40.6826694565,-73.83630770900001,0.03320638151941521
42902721,40.682172,-73.831034,,traffic_signals,4,POINT (-73.831034 40.682172),44,76,4476,40.6826694565,-73.83076342700001,0.059835246855102386
42830768,40.683666,-73.825776,,traffic_signals,4,POINT (-73.825776 40.683666),44,77,4477,40.6826694565,-73.825219145,0.12034852891350308
42820238,40.683002,-73.819544,,traffic_signals,4,POINT (-73.819544 40.683002),44,78,4478,40.6826694565,-73.819674863,0.03858851992515554
42928091,40.682506,-73.814298,,traffic_signals,4,POINT (-73.814298 40.682506),44,79,4479,40.6826694565,-73.814130581,0.023014041196032925
42889830,40.6822976,-73.808035,,traffic_signals,4,POINT (-73.808035 40.6822976),44,80,4480,40.6826694565,-73.80858629900001,0.06221538500676161
42843481,40.681846,-73.802587,,,4,POINT (-73.802587 40.681846),44,81,4481,40.6826694565,-73.80304201700001,0.09927808889671585
42877333,40.683107,-73.798125,,,4,POINT (-73.798125 40.683107),44,82,4482,40.6826694565,-73.79749773500001,0.07186577049895201
42853761,40.682617,-73.792671,,traffic_signals,4,POINT (-73.792671 40.682617),44,83,4483,40.6826694565,-73.791953453,0.060785970782258364
42831846,40.682989,-73.78613,,,3,POINT (-73.78613 40.682989),44,84,4484,40.6826694565,-73.786409171,0.04262211797029429
42841874,40.682863,-73.781151,,,4,POINT (-73.781151 40.682863),44,85,4485,40.6826694565,-73.780864889,0.03232955487719131
42833933,40.682942,-73.775046,,,3,POINT (-73.775046 40.682942),44,86,4486,40.6826694565,-73.77532060700001,0.038139210143407244
42846591,40.6831091,-73.7701332,,,4,POINT (-73.7701332 40.6831091),44,87,4487,40.6826694565,-73.76977632500001,0.05740569751257908
42810459,40.682737,-73.76468,,,3,POINT (-73.76468 40.682737),44,88,4488,40.6826694565,-73.764232043,0.038512318418791866
42862095,40.682284,-73.757658,,,1,POINT (-73.757658 40.682284),44,89,4489,40.6826694565,-73.758687761,0.09683446692172266
42919862,40.682691,-73.753171,,,3,POINT (-73.753171 40.682691),44,90,4490,40.6826694565,-73.753143479,0.003335256417842877
42786109,40.682427,-73.747155,,,4,POINT (-73.747155 40.682427),44,91,4491,40.6826694565,-73.747599197,0.046149584559135245
42805869,40.683065,-73.741722,,,3,POINT (-73.741722 40.683065),44,92,4492,40.6826694565,-73.74205491500001,0.0521775966033725
42868708,40.6821211,-73.7354256,,,3,POINT (-73.7354256 40.6821211),44,93,4493,40.6826694565,-73.73651063300001,0.10994949262918027
42895714,40.6825821,-73.7313165,,,4,POINT (-73.7313165 40.6825821),44,94,4494,40.6826694565,-73.730966351,0.031082297261946213
261447777,40.682657,-73.725907,,,3,POINT (-73.725907 40.682657),44,95,4495,40.6826694565,-73.725422069,0.04091410870236823
42486309,40.6851112,-74.0055841,,,1,POINT (-74.0055841 40.6851112),45,44,4544,40.6868106735,-74.008180451,0.2892003325743264
42528857,40.6857424,-74.0023551,,traffic_signals,4,POINT (-74.0023551 40.6857424),45,45,4545,40.6868106735,-74.00263616900001,0.121127645433551
42513496,40.6863978,-73.9972781,,,3,POINT (-73.9972781 40.6863978),45,46,4546,40.6868106735,-73.99709188700001,0.04852009110544878
42515844,40.6873112,-73.9919332,,,3,POINT (-73.9919332 40.6873112),45,47,4547,40.6868106735,-73.99154760500001,0.06445647229130028
42466468,40.686294,-73.985259,,traffic_signals,4,POINT (-73.985259 40.686294),45,48,4548,40.6868106735,-73.986003323,0.08508489999189646
42466306,40.686641,-73.9798125,,traffic_signals,3,POINT (-73.9798125 40.686641),45,49,4549,40.6868106735,-73.980459041,0.05768718524558761
42523739,40.687191,-73.974616,,traffic_signals,4,POINT (-73.974616 40.687191),45,50,4550,40.6868106735,-73.97491475900001,0.04922435914422446
42467033,40.686288,-73.96949,,traffic_signals,4,POINT (-73.96949 40.686288),45,51,4551,40.6868106735,-73.96937047700001,0.05898593625388275
42501239,40.6869754,-73.9635087,,,3,POINT (-73.9635087 40.6869754),45,52,4552,40.6868106735,-73.96382619500001,0.032436909156601836
42501884,40.686683,-73.959568,,traffic_signals,4,POINT (-73.959568 40.686683),45,53,4553,40.6868106735,-73.95828191300001,0.10936493867725816
42498838,40.6865116,-73.9545379,,traffic_signals,4,POINT (-73.9545379 40.6865116),45,54,4554,40.6868106735,-73.952737631,0.155394457323644
42482354,40.686578,-73.947456,,traffic_signals,4,POINT (-73.947456 40.686578),45,55,4555,40.6868106735,-73.947193349,0.03405605993915331
42495193,40.686497,-73.9416404,,traffic_signals,4,POINT (-73.9416404 40.686497),45,56,4556,40.6868106735,-73.94164906700001,0.03488655661455597
42466970,40.6871583,-73.9358848,,traffic_signals,4,POINT (-73.9358848 40.6871583),45,57,4557,40.6868106735,-73.93610478500001,0.04287426272438631
42486667,40.6871,-73.929888,,traffic_signals,4,POINT (-73.929888 40.6871),45,58,4558,40.6868106735,-73.93056050300001,0.06519439441870496
42489071,40.6870792,-73.9235426,,traffic_signals,4,POINT (-73.9235426 40.6870792),45,59,4559,40.6868106735,-73.925016221,0.1277889292456026
9236464505,40.6875921,-73.9190692,,,3,POINT (-73.9190692 40.6875921),45,60,4560,40.6868106735,-73.919471939,0.0932904738218914
42506743,40.687079,-73.913892,,traffic_signals,4,POINT (-73.913892 40.687079),45,61,4561,40.6868106735,-73.913927657,0.02998763881218453
42499854,40.686417,-73.908688,,traffic_signals,4,POINT (-73.908688 40.686417),45,62,4562,40.6868106735,-73.90838337500001,0.05075370904013076
42486836,40.686299,-73.904494,,,1,POINT (-73.904494 40.686299),45,63,4563,40.6868106735,-73.90283909300001,0.15069153903130264
42792787,40.6880554,-73.8916276,2,motorway_junction,3,POINT (-73.8916276 40.6880554),45,65,4565,40.6868106735,-73.891750529,0.13879483126911565
42927436,40.6852324,-73.8882404,,traffic_signals,3,POINT (-73.8882404 40.6852324),45,66,4566,40.6868106735,-73.886206247,0.2453910201182167
42475203,40.686281,-73.880273,,,3,POINT (-73.880273 40.686281),45,67,4567,40.6868106735,-73.880661965,0.06741273576724864
42488263,40.686506,-73.874951,,,4,POINT (-73.874951 40.686506),45,68,4568,40.6868106735,-73.87511768300001,0.03667768257857253
42499888,40.686619,-73.869155,,,4,POINT (-73.869155 40.686619),45,69,4569,40.6868106735,-73.86957340100001,0.04121678797173893
42846114,40.6863252,-73.863509,,stop,4,POINT (-73.863509 40.6863252),45,70,4570,40.6868106735,-73.86402911900001,0.06955111943061246
2796972259,40.687016,-73.8582633,,,3,POINT (-73.8582633 40.687016),45,71,4571,40.6868106735,-73.858484837,0.029498920513389492
42867891,40.6868542,-73.8531029,,,3,POINT (-73.8531029 40.6868542),45,72,4572,40.6868106735,-73.852940555,0.014518950973314619
2262540918,40.6869891,-73.8472308,,,3,POINT (-73.8472308 40.6869891),45,73,4573,40.6868106735,-73.847396273,0.024254797133837547
42823632,40.687199,-73.842442,,,4,POINT (-73.842442 40.687199),45,74,4574,40.6868106735,-73.84185199100001,0.06587379895367876
42787574,40.686998,-73.8364025,,,3,POINT (-73.8364025 40.686998),45,75,4575,40.6868106735,-73.83630770900001,0.02231051526186747
42788155,40.6862925,-73.8308853,,,4,POINT (-73.8308853 40.6862925),45,76,4576,40.6868106735,-73.83076342700001,0.058527443403445525
42891567,40.6860268,-73.8250532,,traffic_signals,4,POINT (-73.8250532 40.6860268),45,77,4577,40.6868106735,-73.825219145,0.08827868257166009
42887330,40.6877983,-73.8201735,,traffic_signals,4,POINT (-73.8201735 40.6877983),45,78,4578,40.6868106735,-73.819674863,0.11759199452255975
42818796,40.6869442,-73.8141329,,traffic_signals,4,POINT (-73.8141329 40.6869442),45,79,4579,40.6868106735,-73.814130581,0.014848756832228263
42829132,40.686963,-73.808258,,traffic_signals,4,POINT (-73.808258 40.686963),45,80,4580,40.6868106735,-73.80858629900001,0.03245222470219338
42936177,40.6868066,-73.8032177,,,3,POINT (-73.8032177 40.6868066),45,81,4581,40.6868106735,-73.80304201700001,0.01482005446773694
42824685,40.687524,-73.798286,,,3,POINT (-73.798286 40.687524),45,82,4582,40.6868106735,-73.79749773500001,0.10348364778910257
42889888,40.687048,-73.792107,,traffic_signals,4,POINT (-73.792107 40.687048),45,83,4583,40.6868106735,-73.791953453,0.029394247844204077
42857509,40.687231,-73.787101,,,4,POINT (-73.787101 40.687231),45,84,4584,40.6868106735,-73.786409171,0.0747475672980994
42852970,40.687037,-73.780516,,stop,4,POINT (-73.780516 40.687037),45,85,4585,40.6868106735,-73.780864889,0.03871338901904627
3531141531,40.686996,-73.7749447,,traffic_signals,5,POINT (-73.7749447 40.686996),45,86,4586,40.6868106735,-73.77532060700001,0.037805622509051146
2876627552,40.6862222,-73.7685208,,traffic_signals,3,POINT (-73.7685208 40.6862222),45,87,4587,40.6868106735,-73.76977632500001,0.12445384318019558
42864292,40.6874561,-73.7642779,,,3,POINT (-73.7642779 40.6874561),45,88,4588,40.6868106735,-73.764232043,0.0718722317111068
42904725,40.687287,-73.758858,,,3,POINT (-73.758858 40.687287),45,89,4589,40.6868106735,-73.758687761,0.054875674832524333
42891223,40.686435,-73.752902,,,3,POINT (-73.752902 40.686435),45,90,4590,40.6868106735,-73.753143479,0.046470959871244395
4205199509,40.6874292,-73.7487905,,,3,POINT (-73.7487905 40.6874292),45,91,4591,40.6868106735,-73.747599197,0.12173698471256209
42915391,40.6880404,-73.7418295,,,3,POINT (-73.7418295 40.6880404),45,92,4592,40.6868106735,-73.74205491500001,0.13805392406889794
5813530045,40.6864805,-73.7365607,,,3,POINT (-73.7365607 40.6864805),45,93,4593,40.6868106735,-73.73651063300001,0.0369555281407191
42911049,40.686777,-73.731347,,,4,POINT (-73.731347 40.686777),45,94,4594,40.6868106735,-73.730966351,0.03231300785884427
470074105,40.6868169,-73.726374,,,3,POINT (-73.726374 40.6868169),45,95,4595,40.6868106735,-73.725422069,0.08026731137291433
42481992,40.6897638,-74.000792,,,1,POINT (-74.000792 40.6897638),46,45,4645,40.690951890499996,-74.00263616900001,0.20403243061683152
42483504,40.6911866,-73.997784,,traffic_signals,5,POINT (-73.997784 40.6911866),46,46,4646,40.690951890499996,-73.99709188700001,0.06392381698318314
42497593,40.6909891,-73.9917431,,traffic_signals,4,POINT (-73.9917431 40.6909891),46,47,4647,40.690951890499996,-73.99154760500001,0.01699396923009836
588036470,40.6910889,-73.986427,,traffic_signals,4,POINT (-73.986427 40.6910889),46,48,4648,40.690951890499996,-73.986003323,0.038834178246610854
42510188,40.6898965,-73.9804284,,traffic_signals,3,POINT (-73.9804284 40.6898965),46,49,4649,40.690951890499996,-73.980459041,0.1173825015438215
42521410,40.689698,-73.975106,,traffic_signals,3,POINT (-73.975106 40.689698),46,50,4650,40.690951890499996,-73.97491475900001,0.14035550883162456
42469615,40.691564,-73.969521,,traffic_signals,4,POINT (-73.969521 40.691564),46,51,4651,40.690951890499996,-73.96937047700001,0.06923650741979052
3446656856,40.6919943,-73.9637301,,,1,POINT (-73.9637301 40.6919943),46,52,4652,40.690951890499996,-73.96382619500001,0.11619345622453416
42469369,40.690546,-73.958578,,traffic_signals,3,POINT (-73.958578 40.690546),46,53,4653,40.690951890499996,-73.95828191300001,0.051576894419410046
42490736,40.691121,-73.953566,,,3,POINT (-73.953566 40.691121),46,54,4654,40.690951890499996,-73.952737631,0.07232860160654293
42482246,40.690974,-73.948331,,traffic_signals,4,POINT (-73.948331 40.690974),46,55,4655,40.690951890499996,-73.947193349,0.09594927749026609
42499177,40.6908927,-73.9425095,,traffic_signals,4,POINT (-73.9425095 40.6908927),46,56,4656,40.690951890499996,-73.94164906700001,0.07284293269368451
42466960,40.6908217,-73.9366145,,,4,POINT (-73.9366145 40.6908217),46,57,4657,40.690951890499996,-73.93610478500001,0.04534796561541167
42499483,40.6907634,-73.9306163,,traffic_signals,4,POINT (-73.9306163 40.6907634),46,58,4658,40.690951890499996,-73.93056050300001,0.02148065738425153
42501277,40.6913638,-73.9253312,,traffic_signals,3,POINT (-73.9253312 40.6913638),46,59,4659,40.690951890499996,-73.925016221,0.052944234813510176
42498799,40.690499,-73.919906,,traffic_signals,4,POINT (-73.919906 40.690499),46,60,4660,40.690951890499996,-73.919471939,0.062252411297212804
42486789,40.69131,-73.91325,,stop,4,POINT (-73.91325 40.69131),46,61,4661,40.690951890499996,-73.913927657,0.06964184847420703
42496784,40.691075,-73.908797,,stop,4,POINT (-73.908797 40.691075),46,62,4662,40.690951890499996,-73.90838337500001,0.03746410648239958
42488752,40.690409,-73.903597,,,3,POINT (-73.903597 40.690409),46,63,4663,40.690951890499996,-73.90283909300001,0.08790606039682457
42936170,40.6920387,-73.8968819,,,1,POINT (-73.8968819 40.6920387),46,64,4664,40.690951890499996,-73.89729481100001,0.12576216055429604
42869959,40.6909835,-73.8905221,,,3,POINT (-73.8905221 40.6909835),46,65,4665,40.690951890499996,-73.891750529,0.10363107770044344
277616230,40.691201,-73.8863301,3,motorway_junction,3,POINT (-73.8863301 40.691201),46,66,4666,40.690951890499996,-73.886206247,0.0296026272880827
2355624689,40.6920217,-73.8821455,,traffic_signals,3,POINT (-73.8821455 40.6920217),46,67,4667,40.690951890499996,-73.880661965,0.17261407482352448
42472573,40.689299,-73.874054,,traffic_signals,3,POINT (-73.874054 40.689299),46,68,4668,40.690951890499996,-73.87511768300001,0.20450631359344335
42475238,40.690987,-73.869027,,,3,POINT (-73.869027 40.690987),46,69,4669,40.690951890499996,-73.86957340100001,0.0462333503045622
42929492,40.691174,-73.863678,,,3,POINT (-73.863678 40.691174),46,70,4670,40.690951890499996,-73.86402911900001,0.038553001453847636
42814862,40.69121,-73.85859,,,3,POINT (-73.85859 40.69121),46,71,4671,40.690951890499996,-73.858484837,0.030038835426476486
42860740,40.690684,-73.853045,,,3,POINT (-73.853045 40.690684),46,72,4672,40.690951890499996,-73.852940555,0.031062427635217726
42814202,40.6909403,-73.846852,,,3,POINT (-73.846852 40.6909403),46,73,4673,40.690951890499996,-73.847396273,0.04590692094111045
42906206,40.691,-73.841398,,,4,POINT (-73.841398 40.691),46,74,4674,40.690951890499996,-73.84185199100001,0.03864895348206651
42905415,40.690353,-73.836044,,,4,POINT (-73.836044 40.690353),46,75,4675,40.690951890499996,-73.83630770900001,0.07020722921654597
42882433,40.691431,-73.830526,,stop,4,POINT (-73.830526 40.691431),46,76,4676,40.690951890499996,-73.83076342700001,0.05691128021710536
42823708,40.691471,-73.825563,,stop,4,POINT (-73.825563 40.691471),46,77,4677,40.690951890499996,-73.825219145,0.06459372391701916
42931205,40.6912381,-73.8188431,,,3,POINT (-73.8188431 40.6912381),46,78,4678,40.690951890499996,-73.819674863,0.0770110992768127
42845244,40.690972,-73.814384,,stop,4,POINT (-73.814384 40.690972),46,79,4679,40.690951890499996,-73.814130581,0.021482984128404752
42829313,40.691447,-73.808663,,,3,POINT (-73.808663 40.691447),46,80,4680,40.690951890499996,-73.80858629900001,0.0554321702696301
42888575,40.690864,-73.802519,,,3,POINT (-73.802519 40.690864),46,81,4681,40.690951890499996,-73.80304201700001,0.045166703896211316
42788656,40.691002,-73.797601,,,3,POINT (-73.797601 40.691002),46,82,4682,40.690951890499996,-73.79749773500001,0.010336792796740123
7078467221,40.6914292,-73.7922369,,,1,POINT (-73.7922369 40.6914292),46,83,4683,40.690951890499996,-73.791953453,0.05820655313943624
42866131,40.69083,-73.787057,,,4,POINT (-73.787057 40.69083),46,84,4684,40.690951890499996,-73.786409171,0.05627640469816464
42877049,40.69103,-73.780782,,,4,POINT (-73.780782 40.69103),46,85,4685,40.690951890499996,-73.780864889,0.011147896178281536
42894820,40.69073,-73.775489,,,4,POINT (-73.775489 40.69073),46,86,4686,40.690951890499996,-73.77532060700001,0.028466358217428617
42894832,40.692183,-73.771208,,,3,POINT (-73.771208 40.692183),46,87,4687,40.690951890499996,-73.76977632500001,0.18250967409683166
42863320,40.6907696,-73.7640224,,,4,POINT (-73.7640224 40.6907696),46,88,4688,40.690951890499996,-73.764232043,0.026893983147079602
42889611,40.691179,-73.758788,,,4,POINT (-73.758788 40.691179),46,89,4689,40.690951890499996,-73.758687761,0.026630072405638402
42929596,40.691213,-73.752952,,,4,POINT (-73.752952 40.691213),46,90,4690,40.690951890499996,-73.753143479,0.03322053611784755
42931560,40.691198,-73.748145,,,3,POINT (-73.748145 40.691198),46,91,4691,40.690951890499996,-73.747599197,0.05354004921117396
4209324505,40.6906285,-73.7431089,,,3,POINT (-73.7431089 40.6906285),46,92,4692,40.690951890499996,-73.74205491500001,0.09586385401668772
42929634,40.690255,-73.736595,,,4,POINT (-73.736595 40.690255),46,93,4693,40.690951890499996,-73.73651063300001,0.07781647858876764
42810643,40.6906703,-73.7313314,,,4,POINT (-73.7313314 40.6906703),46,94,4694,40.690951890499996,-73.730966351,0.04390557054281154
42906986,40.6911221,-73.7268052,,,3,POINT (-73.7268052 40.6911221),46,95,4695,40.690951890499996,-73.725422069,0.1181404754474694
1567286111,40.6931042,-74.000996,,,2,POINT (-74.000996 40.6931042),47,45,4745,40.6950931075,-74.00263616900001,0.2608283339837122
42476037,40.6949744,-73.9977089,,,3,POINT (-73.9977089 40.6949744),47,46,4746,40.6950931075,-73.99709188700001,0.05366708238438189
42476728,40.6949448,-73.9920972,,traffic_signals,4,POINT (-73.9920972 40.6949448),47,47,4747,40.6950931075,-73.99154760500001,0.049181898718779204
5009155051,40.694921,-73.9860671,,,1,POINT (-73.9860671 40.694921),47,48,4748,40.6950931075,-73.986003323,0.019878472510489638
598043816,40.695753,-73.9802975,,,3,POINT (-73.9802975 40.695753),47,49,4749,40.6950931075,-73.980459041,0.0746298581606724
598043896,40.6959652,-73.9744072,,traffic_signals,3,POINT (-73.9744072 40.6959652),47,50,4750,40.6950931075,-73.97491475900001,0.10599359333277421
42471785,40.6957846,-73.9693476,,traffic_signals,4,POINT (-73.9693476 40.6957846),47,51,4751,40.6950931075,-73.96937047700001,0.07691464298366106
42471797,40.6955923,-73.9644503,,,3,POINT (-73.9644503 40.6955923),47,52,4752,40.6950931075,-73.96382619500001,0.07648243112684583
42517044,40.694366,-73.957997,,traffic_signals,4,POINT (-73.957997 40.694366),47,53,4753,40.6950931075,-73.95828191300001,0.08434336428836461
42481534,40.6950083,-73.9524897,,traffic_signals,4,POINT (-73.9524897 40.6950083),47,54,4754,40.6950931075,-73.952737631,0.022931080543445583
42514354,40.694962,-73.946223,,traffic_signals,4,POINT (-73.946223 40.694962),47,55,4755,40.6950931075,-73.947193349,0.08309602868666315
42492346,40.6948807,-73.9404133,,traffic_signals,4,POINT (-73.9404133 40.6948807),47,56,4756,40.6950931075,-73.94164906700001,0.10682750189725337
42466939,40.6952183,-73.9374903,,traffic_signals,4,POINT (-73.9374903 40.6952183),47,57,4757,40.6950931075,-73.93610478500001,0.11763495407388218
42470002,40.6946746,-73.931144,,traffic_signals,4,POINT (-73.931144 40.6946746),47,58,4758,40.6950931075,-73.93056050300001,0.06771661636773582
42499834,40.694855,-73.924995,,stop,4,POINT (-73.924995 40.694855),47,59,4759,40.6950931075,-73.925016221,0.02653672369377608
42486764,40.694731,-73.919271,,,3,POINT (-73.919271 40.694731),47,60,4760,40.6950931075,-73.919471939,0.043683119485561715
42496752,40.694497,-73.914808,,traffic_signals,4,POINT (-73.914808 40.694497),47,61,4761,40.6950931075,-73.913927657,0.09950926438366188
42511997,40.6954082,-73.9080558,,traffic_signals,4,POINT (-73.9080558 40.6954082),47,62,4762,40.6950931075,-73.90838337500001,0.04461227787340178
42892335,40.6948506,-73.9027788,,,3,POINT (-73.9027788 40.6948506),47,63,4763,40.6950931075,-73.90283909300001,0.027440516465227514
42816318,40.694633,-73.897995,,,3,POINT (-73.897995 40.694633),47,64,4764,40.6950931075,-73.89729481100001,0.07811636586060078
42837348,40.69547,-73.892016,,,4,POINT (-73.892016 40.69547),47,65,4765,40.6950931075,-73.891750529,0.04751034851332486
42837367,40.6966667,-73.8868843,,,3,POINT (-73.8868843 40.6966667),47,66,4766,40.6950931075,-73.886206247,0.1840764374247352
42942610,40.6947679,-73.8682836,,,1,POINT (-73.8682836 40.6947679),47,69,4769,40.6950931075,-73.86957340100001,0.11459451902361427
42899929,40.694842,-73.86432,,,3,POINT (-73.86432 40.694842),47,70,4770,40.6950931075,-73.86402911900001,0.037162140785916446
42850896,40.695349,-73.858955,,stop,4,POINT (-73.858955 40.695349),47,71,4771,40.6950931075,-73.858484837,0.048793350159641175
2757013528,40.6947649,-73.8528079,,traffic_signals,4,POINT (-73.8528079 40.6947649),47,72,4772,40.6950931075,-73.852940555,0.03817017358489622
42822328,40.6947973,-73.8477351,,traffic_signals,4,POINT (-73.8477351 40.6947973),47,73,4773,40.6950931075,-73.847396273,0.0435647996640714
42822341,40.6952356,-73.8420276,,,3,POINT (-73.8420276 40.6952356),47,74,4774,40.6950931075,-73.84185199100001,0.021684912561254946
42858015,40.694416,-73.835982,,traffic_signals,4,POINT (-73.835982 40.694416),47,75,4775,40.6950931075,-73.83630770900001,0.08014209359639864
42863045,40.69538,-73.830581,,,4,POINT (-73.830581 40.69538),47,76,4776,40.6950931075,-73.83076342700001,0.03541485732153843
42867996,40.6948066,-73.8248295,,traffic_signals,3,POINT (-73.8248295 40.6948066),47,77,4777,40.6950931075,-73.825219145,0.045760847958028414
42863787,40.69458,-73.819426,,stop,4,POINT (-73.819426 40.69458),47,78,4778,40.6950931075,-73.819674863,0.060790358142557364
42823761,40.69468,-73.814275,,stop,4,POINT (-73.814275 40.69468),47,79,4779,40.6950931075,-73.814130581,0.04752168435350227
42787716,40.6949776,-73.8083514,,traffic_signals,4,POINT (-73.8083514 40.6949776),47,80,4780,40.6950931075,-73.80858629900001,0.02360398176543793
42905706,40.6950932,-73.8029071,,,4,POINT (-73.8029071 40.6950932),47,81,4781,40.6950931075,-73.80304201700001,0.011374438866955976
42921088,40.695656,-73.798302,,stop,4,POINT (-73.798302 40.695656),47,82,4782,40.6950931075,-73.79749773500001,0.09227729093922338
42901090,40.694595,-73.791005,,,4,POINT (-73.791005 40.694595),47,83,4783,40.6950931075,-73.791953453,0.09727051681324998
42841705,40.694957,-73.786034,,,3,POINT (-73.786034 40.694957),47,84,4784,40.6950931075,-73.786409171,0.035063935675935055
42890928,40.6948354,-73.7806199,,,3,POINT (-73.7806199 40.6948354),47,85,4785,40.6950931075,-73.780864889,0.0353235503176196
42871779,40.6958592,-73.7747909,,,3,POINT (-73.7747909 40.6958592),47,86,4786,40.6950931075,-73.77532060700001,0.09618158047791932
42887717,40.694492,-73.768838,,,3,POINT (-73.768838 40.694492),47,87,4787,40.6950931075,-73.76977632500001,0.10356455331602335
42896150,40.6948928,-73.7647267,,,4,POINT (-73.7647267 40.6948928),47,88,4788,40.6950931075,-73.764232043,0.04727832271005872
42832674,40.695117,-73.758974,,,4,POINT (-73.758974 40.695117),47,89,4789,40.6950931075,-73.758687761,0.024277720102214753
42807410,40.695719,-73.753759,,stop,4,POINT (-73.753759 40.695719),47,90,4790,40.6950931075,-73.753143479,0.08681265328751375
42889647,40.694767,-73.746968,,,4,POINT (-73.746968 40.694767),47,91,4791,40.6950931075,-73.747599197,0.064394627305389
42831399,40.6956887,-73.7418624,,,3,POINT (-73.7418624 40.6956887),47,92,4792,40.6950931075,-73.74205491500001,0.06818665004689518
42853611,40.695734,-73.7357578,,,4,POINT (-73.7357578 40.695734),47,93,4793,40.6950931075,-73.73651063300001,0.09542973516023225
42853629,40.6944172,-73.7313933,,,4,POINT (-73.7313933 40.6944172),47,94,4794,40.6950931075,-73.730966351,0.08333236171333103
42906983,40.694483,-73.7269512,25B,motorway_junction,3,POINT (-73.7269512 40.694483),47,95,4795,40.6950931075,-73.725422069,0.14567754051753215
42528611,40.6990102,-73.9960124,,,3,POINT (-73.9960124 40.6990102),48,46,4846,40.6992343245,-73.99709188700001,0.09435344695446322
4400225690,40.699392,-73.992075,,,3,POINT (-73.992075 40.699392),48,47,4847,40.6992343245,-73.99154760500001,0.0477923366539574
451028301,40.6992405,-73.9859209,,,3,POINT (-73.9859209 40.6992405),48,48,4848,40.6992343245,-73.986003323,0.006982244262915921
42481022,40.6997133,-73.9804642,,traffic_signals,5,POINT (-73.9804642 40.6997133),48,49,4849,40.6992343245,-73.980459041,0.053261421267183036
5176477257,40.698873,-73.9738008,,,3,POINT (-73.9738008 40.698873),48,50,4850,40.6992343245,-73.97491475900001,0.10214254463918193
7711046926,40.6990913,-73.9687023,,,3,POINT (-73.9687023 40.6990913),48,51,4851,40.6992343245,-73.96937047700001,0.05853053383047064
598035407,40.6996977,-73.9623573,,,3,POINT (-73.9623573 40.6996977),48,52,4852,40.6992343245,-73.96382619500001,0.13412180924441228
42492107,40.69882,-73.957959,,traffic_signals,3,POINT (-73.957959 40.69882),48,53,4853,40.6992343245,-73.95828191300001,0.053512283150490975
42481529,40.699405,-73.95337,,traffic_signals,4,POINT (-73.95337 40.699405),48,54,4854,40.6992343245,-73.952737631,0.05658707335499692
42514342,40.699374,-73.947105,,,3,POINT (-73.947105 40.699374),48,55,4855,40.6992343245,-73.947193349,0.01722470588434889
42516224,40.699292,-73.941309,,,3,POINT (-73.941309 40.699292),48,56,4856,40.6992343245,-73.94164906700001,0.02937677908119164
42494831,40.699409,-73.936216,,,3,POINT (-73.936216 40.699409),48,57,4857,40.6992343245,-73.93610478500001,0.021567472941828918
42499820,40.698911,-73.93077,,,3,POINT (-73.93077 40.698911),48,58,4858,40.6992343245,-73.93056050300001,0.04005571077856216
42477864,40.700056,-73.924582,,traffic_signals,4,POINT (-73.924582 40.700056),48,59,4859,40.6992343245,-73.925016221,0.09842622963311057
42471599,40.699392,-73.919377,,traffic_signals,4,POINT (-73.919377 40.699392),48,60,4860,40.6992343245,-73.919471939,0.01927309588968548
42517106,40.6993038,-73.9136017,,,4,POINT (-73.9136017 40.6993038),48,61,4861,40.6992343245,-73.913927657,0.028543995675595936
42899537,40.699841,-73.908683,,traffic_signals,3,POINT (-73.908683 40.699841),48,62,4862,40.6992343245,-73.90838337500001,0.07203300786257133
42888395,40.699584,-73.902239,,traffic_signals,4,POINT (-73.902239 40.699584),48,63,4863,40.6992343245,-73.90283909300001,0.06380468545770941
42903608,40.6987519,-73.8972586,,traffic_signals,4,POINT (-73.8972586 40.6987519),48,64,4864,40.6992343245,-73.89729481100001,0.05372994514153947
42785783,40.698815,-73.892146,,,3,POINT (-73.892146 40.698815),48,65,4865,40.6992343245,-73.891750529,0.05731964056632102
42909325,40.6998254,-73.8867668,,,3,POINT (-73.8867668 40.6998254),48,66,4866,40.6992343245,-73.886206247,0.08094930340431691
42856007,40.6998621,-73.8810912,,,1,POINT (-73.8810912 40.6998621),48,67,4867,40.6992343245,-73.880661965,0.0786267066402359
775973795,40.7008591,-73.8776288,,,1,POINT (-73.8776288 40.7008591),48,68,4868,40.6992343245,-73.87511768300001,0.2783031039634517
277617107,40.6982178,-73.8694848,,,3,POINT (-73.8694848 40.6982178),48,69,4869,40.6992343245,-73.86957340100001,0.11327888597650983
3638244091,40.6990585,-73.8572281,,,1,POINT (-73.8572281 40.6990585),48,71,4871,40.6992343245,-73.858484837,0.10773397610575385
2757013581,40.6999606,-73.8535588,,,3,POINT (-73.8535588 40.6999606),48,72,4872,40.6992343245,-73.852940555,0.09611580443839912
42903217,40.6988305,-73.8469996,,traffic_signals,3,POINT (-73.8469996 40.6988305),48,73,4873,40.6992343245,-73.847396273,0.055987086375875926
42808712,40.699358,-73.842339,,stop,4,POINT (-73.842339 40.699358),48,74,4874,40.6992343245,-73.84185199100001,0.043297628552019365
42912094,40.6992,-73.836296,,,3,POINT (-73.836296 40.6992),48,75,4875,40.6992343245,-73.83630770900001,0.003942286229981088
42822404,40.6999653,-73.8310864,,,3,POINT (-73.8310864 40.6999653),48,76,4876,40.6992343245,-73.83076342700001,0.08571973649693754
42837101,40.698765,-73.824536,,,3,POINT (-73.824536 40.698765),48,77,4877,40.6992343245,-73.825219145,0.0777180309183696
42845330,40.6993023,-73.8194002,,,1,POINT (-73.8194002 40.6993023),48,78,4878,40.6992343245,-73.819674863,0.024357009061991335
42793405,40.699046,-73.814406,,,3,POINT (-73.814406 40.699046),48,79,4879,40.6992343245,-73.814130581,0.0312666617937516
42826153,40.698434,-73.808547,,,3,POINT (-73.808547 40.698434),48,80,4880,40.6992343245,-73.80858629900001,0.08905367065119327
42814951,40.6990749,-73.802749,,,3,POINT (-73.802749 40.6990749),48,81,4881,40.6992343245,-73.80304201700001,0.030404519785314894
42826535,40.6987155,-73.7965172,,,3,POINT (-73.7965172 40.6987155),48,82,4882,40.6992343245,-73.79749773500001,0.10080208677635302
42842056,40.69982,-73.792549,,,3,POINT (-73.792549 40.69982),48,83,4883,40.6992343245,-73.791953453,0.08222976589782313
42833882,40.698606,-73.786254,,,3,POINT (-73.786254 40.698606),48,84,4884,40.6992343245,-73.786409171,0.07108056035838269
42900823,40.6988177,-73.7810622,,stop,4,POINT (-73.7810622 40.6988177),48,85,4885,40.6992343245,-73.780864889,0.04922222389215824
42845990,40.699358,-73.775017,,,3,POINT (-73.775017 40.699358),48,86,4886,40.6992343245,-73.77532060700001,0.029055136357848625
42890994,40.698929,-73.770366,,,4,POINT (-73.770366 40.698929),48,87,4887,40.6992343245,-73.76977632500001,0.060197941243145196
42819436,40.6995565,-73.76436,,,4,POINT (-73.76436 40.6995565),48,88,4888,40.6992343245,-73.764232043,0.037413067967593985
42893523,40.699084,-73.758243,,traffic_signals,4,POINT (-73.758243 40.699084),48,89,4889,40.6992343245,-73.758687761,0.04105133388030081
42816543,40.698212,-73.752876,,stop,4,POINT (-73.752876 40.698212),48,90,4890,40.6992343245,-73.753143479,0.11589214730123137
42868856,40.6995368,-73.747791,,traffic_signals,4,POINT (-73.747791 40.6995368),48,91,4891,40.6992343245,-73.747599197,0.037318547426214425
6288749092,40.6996157,-73.7422179,,traffic_signals,4,POINT (-73.7422179 40.6996157),48,92,4892,40.6992343245,-73.74205491500001,0.0445773412191025
42859641,40.699949,-73.736618,,traffic_signals,4,POINT (-73.736618 40.699949),48,93,4893,40.6992343245,-73.73651063300001,0.0799820775117381
42854055,40.699425,-73.729791,,,3,POINT (-73.729791 40.699425),48,94,4894,40.6992343245,-73.730966351,0.10132694731613867
42887457,40.699359,-73.727613,,,3,POINT (-73.727613 40.699359),48,95,4895,40.6992343245,-73.725422069,0.18521849935681847
246901366,40.7049134,-74.0173422,,,3,POINT (-74.0173422 40.7049134),49,42,4942,40.7033755415,-74.019269015,0.23584427980381523
42444480,40.7035982,-74.0131307,,,4,POINT (-74.0131307 40.7035982),49,43,4943,40.7033755415,-74.013724733,0.055861129979710315
42421965,40.7032048,-74.0079952,,traffic_signals,4,POINT (-74.0079952 40.7032048),49,44,4944,40.7033755415,-74.008180451,0.024582769004436008
42444242,40.7052329,-74.0047485,,traffic_signals,3,POINT (-74.0047485 40.7052329),49,45,4945,40.7033755415,-74.00263616900001,0.272689077996266
42493380,40.702487,-73.995024,,,3,POINT (-73.995024 40.702487),49,46,4946,40.7033755415,-73.99709188700001,0.20036962586958404
2687331105,40.7032441,-73.9906658,,,4,POINT (-73.9906658 40.7032441),49,47,4947,40.7033755415,-73.99154760500001,0.07575633997704168
42469358,40.7031063,-73.98664,,,4,POINT (-73.98664 40.7031063),49,48,4948,40.7033755415,-73.986003323,0.06145516949374378
42472734,40.7035762,-73.9810717,,,4,POINT (-73.9810717 40.7035762),49,49,4949,40.7033755415,-73.980459041,0.0562585858242832
42488910,40.7021986,-73.976485,,,1,POINT (-73.976485 40.7021986),49,50,4950,40.7033755415,-73.97491475900001,0.18613952739640136
7711046931,40.7023557,-73.9682176,,stop,3,POINT (-73.9682176 40.7023557),49,51,4951,40.7033755415,-73.96937047700001,0.14934721590614933
42506392,40.7031324,-73.9643999,,traffic_signals,4,POINT (-73.9643999 40.7031324),49,52,4952,40.7033755415,-73.96382619500001,0.05540552749184205
42490957,40.703639,-73.957616,,traffic_signals,4,POINT (-73.957616 40.703639),49,53,4953,40.7033755415,-73.95828191300001,0.06331851443535004
42482192,40.702617,-73.953181,,traffic_signals,4,POINT (-73.953181 40.702617),49,54,4954,40.7033755415,-73.952737631,0.09225565125692899
42475331,40.703351,-73.947539,,stop,4,POINT (-73.947539 40.703351),49,55,4955,40.7033755415,-73.947193349,0.029264657675514057
42502943,40.7032149,-73.9407492,,traffic_signals,3,POINT (-73.9407492 40.7032149),49,56,4956,40.7033755415,-73.94164906700001,0.07793042060480884
42513684,40.702709,-73.9373222,,,3,POINT (-73.9373222 40.702709),49,57,4957,40.7033755415,-73.93610478500001,0.12658957662245127
42479524,40.703473,-73.930594,,,4,POINT (-73.930594 40.703473),49,58,4958,40.7033755415,-73.93056050300001,0.011198720571441414
42516312,40.7028126,-73.9253929,,traffic_signals,4,POINT (-73.9253929 40.7028126),49,59,4959,40.7033755415,-73.925016221,0.07018925151281423
42512105,40.703858,-73.918504,,traffic_signals,4,POINT (-73.918504 40.703858),49,60,4960,40.7033755415,-73.919471939,0.09764984706177725
42501196,40.703239,-73.914386,,traffic_signals,4,POINT (-73.914386 40.703239),49,61,4961,40.7033755415,-73.913927657,0.04151277737863255
42934477,40.70325,-73.908432,,traffic_signals,4,POINT (-73.908432 40.70325),49,62,4962,40.7033755415,-73.90838337500001,0.014548915339379317
42809984,40.7031,-73.902639,,traffic_signals,4,POINT (-73.902639 40.7031),49,63,4963,40.7033755415,-73.90283909300001,0.03497482142092547
42810972,40.703415,-73.897646,,,4,POINT (-73.897646 40.703415),49,64,4964,40.7033755415,-73.89729481100001,0.02992734105167722
42809478,40.703597,-73.891268,,,3,POINT (-73.891268 40.703597),49,65,4965,40.7033755415,-73.891750529,0.04754873070409337
42848888,40.70338,-73.88632,,traffic_signals,4,POINT (-73.88632 40.70338),49,66,4966,40.7033755415,-73.886206247,0.009601777569731407
42806668,40.702626,-73.879397,,,4,POINT (-73.879397 40.702626),49,67,4967,40.7033755415,-73.880661965,0.13534009085115967
42919726,40.7043916,-73.8752784,,,4,POINT (-73.8752784 40.7043916),49,68,4968,40.7033755415,-73.87511768300001,0.11378992346575692
7721349823,40.7028397,-73.8698193,,,3,POINT (-73.8698193 40.7028397),49,69,4969,40.7033755415,-73.86957340100001,0.06308555308677039
7721324060,40.7033294,-73.8637925,,,3,POINT (-73.8637925 40.7033294),49,70,4970,40.7033755415,-73.86402911900001,0.020595452164262076
6909076641,40.7029435,-73.8584431,,,3,POINT (-73.8584431 40.7029435),49,71,4971,40.7033755415,-73.858484837,0.048169482424625376
42848697,40.7031005,-73.8533156,,,1,POINT (-73.8533156 40.7031005),49,72,4972,40.7033755415,-73.852940555,0.04398684520294156
42788088,40.702691,-73.8394909,,,3,POINT (-73.8394909 40.702691),49,74,4974,40.7033755415,-73.84185199100001,0.21309113681752698
42882422,40.70342,-73.836619,,stop,4,POINT (-73.836619 40.70342),49,75,4975,40.7033755415,-73.83630770900001,0.026702313430522602
42808801,40.703035,-73.8312472,,,4,POINT (-73.8312472 40.703035),49,76,4976,40.7033755415,-73.83076342700001,0.05564993101159886
42931057,40.702997,-73.8251755,,traffic_signals,4,POINT (-73.8251755 40.702997),49,77,4977,40.7033755415,-73.825219145,0.042252379204490105
42813249,40.703868,-73.8196053,,traffic_signals,3,POINT (-73.8196053 40.703868),49,78,4978,40.7033755415,-73.819674863,0.05507196101195424
42882095,40.703674,-73.813949,,,3,POINT (-73.813949 40.703674),49,79,4979,40.7033755415,-73.814130581,0.03654686717065073
42845508,40.7030233,-73.8084535,,traffic_signals,3,POINT (-73.8084535 40.7030233),49,80,4980,40.7033755415,-73.80858629900001,0.04073582675470263
42899233,40.70322,-73.80256,,,3,POINT (-73.80256 40.70322),49,81,4981,40.7033755415,-73.80304201700001,0.044160163171489276
42899455,40.7030594,-73.7971428,,traffic_signals,3,POINT (-73.7971428 40.7030594),49,82,4982,40.7033755415,-73.79749773500001,0.04616223943845407
42923056,40.7032599,-73.7919418,,,3,POINT (-73.7919418 40.7032599),49,83,4983,40.7033755415,-73.791953453,0.01289621378781244
42890847,40.703553,-73.785572,,,3,POINT (-73.785572 40.703553),49,84,4984,40.7033755415,-73.786409171,0.07327725239810658
42871863,40.703549,-73.781288,,,4,POINT (-73.781288 40.703549),49,85,4985,40.7033755415,-73.780864889,0.040547857890867206
42887662,40.703986,-73.774348,,,3,POINT (-73.774348 40.703986),49,86,4986,40.7033755415,-73.77532060700001,0.10644027904792816
42888431,40.704046,-73.769494,,,3,POINT (-73.769494 40.704046),49,87,4987,40.7033755415,-73.76977632500001,0.07825806478858106
42917710,40.702973,-73.763668,,,3,POINT (-73.763668 40.702973),49,88,4988,40.7033755415,-73.764232043,0.06530100487707113
42928227,40.703603,-73.758296,,,4,POINT (-73.758296 40.703603),49,89,4989,40.7033755415,-73.758687761,0.04159664767083087
42915871,40.703404,-73.753209,,,4,POINT (-73.753209 40.703404),49,90,4990,40.7033755415,-73.753143479,0.006365473527871335
42858690,40.703411,-73.747405,,,4,POINT (-73.747405 40.703411),49,91,4991,40.7033755415,-73.747599197,0.0168382342605692
42805566,40.703384,-73.741676,,,3,POINT (-73.741676 40.703384),49,92,4992,40.7033755415,-73.74205491500001,0.03195502054914768
5508392240,40.7033329,-73.736205,,,4,POINT (-73.736205 40.7033329),49,93,4993,40.7033755415,-73.73651063300001,0.02619645297044679
42899134,40.703099,-73.73037,,,4,POINT (-73.73037 40.703099),49,94,4994,40.7033755415,-73.730966351,0.05892938303555921
279181078,40.7030652,-73.7271533,26A,motorway_junction,3,POINT (-73.7271533 40.7030652),49,95,4995,40.7033755415,-73.725422069,0.1499613714610519
279152444,40.7070005,-74.0179396,,,1,POINT (-74.0179396 40.7070005),50,42,5042,40.7075167585,-74.019269015,0.12590653089052284
4149936245,40.7071527,-74.0139431,,,3,POINT (-74.0139431 40.7071527),50,43,5043,40.7075167585,-74.013724733,0.04446961101795749
42422053,40.7077288,-74.0082757,,,4,POINT (-74.0082757 40.7077288),50,44,5044,40.7075167585,-74.008180451,0.024907393122219186
42452620,40.7072195,-74.0027472,,,3,POINT (-74.0027472 40.7072195),50,45,5045,40.7075167585,-74.00263616900001,0.03435306331428324
205024444,40.7090266,-73.9968491,2,motorway_junction,3,POINT (-73.9968491 40.7090266),50,46,5046,40.7075167585,-73.99709188700001,0.16912938141651385
42451465,40.7093658,-73.9935802,,,3,POINT (-73.9935802 40.7093658),50,47,5047,40.7075167585,-73.99154760500001,0.267630554378942
42477965,40.707029,-73.969131,,,1,POINT (-73.969131 40.707029),50,51,5051,40.7075167585,-73.96937047700001,0.05787091237008446
42477974,40.7075372,-73.9644203,,traffic_signals,4,POINT (-73.9644203 40.7075372),50,52,5052,40.7075167585,-73.96382619500001,0.05012936094689348
9351682792,40.7072447,-73.9582979,,traffic_signals,3,POINT (-73.9582979 40.7072447),50,53,5053,40.7075167585,-73.95828191300001,0.030281523995502223
42490942,40.7072211,-73.9520844,,traffic_signals,4,POINT (-73.9520844 40.7072211),50,54,5054,40.7075167585,-73.952737631,0.0641296167909435
42491152,40.707754,-73.946656,,traffic_signals,4,POINT (-73.946656 40.707754),50,55,5055,40.7075167585,-73.947193349,0.052415897763922484
42502953,40.707493,-73.941518,,traffic_signals,4,POINT (-73.941518 40.707493),50,56,5056,40.7075167585,-73.94164906700001,0.011359268753198171
42496372,40.7072911,-73.9358982,,traffic_signals,3,POINT (-73.9358982 40.7072911),50,57,5057,40.7075167585,-73.93610478500001,0.030542368939440245
42487177,40.707153,-73.931479,,,4,POINT (-73.931479 40.707153),50,58,5058,40.7075167585,-73.93056050300001,0.08735057453347365
42516137,40.7074066,-73.9253809,,,3,POINT (-73.9253809 40.7074066),50,59,5059,40.7075167585,-73.925016221,0.03308989269197979
42859100,40.7078177,-73.9192201,,,4,POINT (-73.9192201 40.7078177),50,60,5060,40.7075167585,-73.919471939,0.03962828949740384
42827602,40.70766,-73.913435,,traffic_signals,4,POINT (-73.913435 40.70766),50,61,5061,40.7075167585,-73.913927657,0.04447640460670501
42810452,40.707154,-73.908012,,,3,POINT (-73.908012 40.707154),50,62,5062,40.7075167585,-73.90838337500001,0.051058680727031736
6257293808,40.7073792,-73.9033696,,,3,POINT (-73.9033696 40.7073792),50,63,5063,40.7075167585,-73.90283909300001,0.047260779977764816
42807113,40.707759,-73.897563,,traffic_signals,4,POINT (-73.897563 40.707759),50,64,5064,40.7075167585,-73.89729481100001,0.035165001997581685
42834143,40.707201,-73.892155,,,1,POINT (-73.892155 40.707201),50,65,5065,40.7075167585,-73.891750529,0.048940018858468166
42809496,40.706225,-73.886528,,,3,POINT (-73.886528 40.706225),50,66,5066,40.7075167585,-73.886206247,0.14617504916581306
42808404,40.7064032,-73.8799984,,,3,POINT (-73.8799984 40.7064032),50,67,5067,40.7075167585,-73.880661965,0.13586912091625514
3324555179,40.7069828,-73.8749522,,,3,POINT (-73.8749522 40.7069828),50,68,5068,40.7075167585,-73.87511768300001,0.0609899915134928
1252974527,40.7078481,-73.8696177,,,3,POINT (-73.8696177 40.7078481),50,69,5069,40.7075167585,-73.86957340100001,0.03703222694383464
42847725,40.7066875,-73.864269,,,3,POINT (-73.864269 40.7066875),50,70,5070,40.7075167585,-73.86402911900001,0.09440026240072356
42938763,40.7067833,-73.8593165,,,3,POINT (-73.8593165 40.7067833),50,71,5071,40.7075167585,-73.858484837,0.10754462416232119
2547440279,40.7076398,-73.8527052,,,1,POINT (-73.8527052 40.7076398),50,72,5072,40.7075167585,-73.852940555,0.02409865838292236
42844194,40.7084146,-73.8476623,,,3,POINT (-73.8476623 40.7084146),50,73,5073,40.7075167585,-73.847396273,0.10232266557495341
42797746,40.7085205,-73.8410387,,,3,POINT (-73.8410387 40.7085205),50,74,5074,40.7075167585,-73.84185199100001,0.13098276651909618
42830800,40.7075771,-73.8361823,,traffic_signals,4,POINT (-73.8361823 40.7075771),50,75,5075,40.7075167585,-73.83630770900001,0.012520499014296782
42890714,40.707655,-73.831165,,traffic_signals,4,POINT (-73.831165 40.707655),50,76,5076,40.7075167585,-73.83076342700001,0.03717589787661232
42813237,40.707449,-73.825101,,,3,POINT (-73.825101 40.707449),50,77,5077,40.7075167585,-73.825219145,0.0124876197467057
280638550,40.7073285,-73.8193189,,,3,POINT (-73.8193189 40.7073285),50,78,5078,40.7075167585,-73.819674863,0.0365852679550526
42834788,40.707659,-73.813145,,,3,POINT (-73.813145 40.707659),50,79,5079,40.7075167585,-73.814130581,0.08456792449970951
42887077,40.707377,-73.809689,,stop,4,POINT (-73.809689 40.707377),50,80,5080,40.7075167585,-73.80858629900001,0.09423825023663145
42865493,40.7077238,-73.8027908,,traffic_signals,4,POINT (-73.8027908 40.7077238),50,81,5081,40.7075167585,-73.80304201700001,0.03127948274631832
42842088,40.70742,-73.797147,,traffic_signals,4,POINT (-73.797147 40.70742),50,82,5082,40.7075167585,-73.79749773500001,0.03146078066347951
42863063,40.7077338,-73.7912974,,,3,POINT (-73.7912974 40.7077338),50,83,5083,40.7075167585,-73.791953453,0.06033629391837567
5528886374,40.7078564,-73.7867364,,traffic_signals,4,POINT (-73.7867364 40.7078564),50,84,5084,40.7075167585,-73.786409171,0.046766369021054396
42890369,40.707607,-73.780231,,,3,POINT (-73.780231 40.707607),50,85,5085,40.7075167585,-73.780864889,0.054365281348416596
42811260,40.707267,-73.773468,,,3,POINT (-73.773468 40.707267),50,86,5086,40.7075167585,-73.77532060700001,0.15860902575030322
42841364,40.708081,-73.769688,,,3,POINT (-73.769688 40.708081),50,87,5087,40.7075167585,-73.76977632500001,0.06318096892709071
42832765,40.70752,-73.76409,,,4,POINT (-73.76409 40.70752),50,88,5088,40.7075167585,-73.764232043,0.011978395716507117
7860276362,40.7071034,-73.7590002,,,4,POINT (-73.7590002 40.7071034),50,89,5089,40.7075167585,-73.758687761,0.05297369710341896
9909746797,40.7069376,-73.7529811,,traffic_signals,3,POINT (-73.7529811 40.7069376),50,90,5090,40.7075167585,-73.753143479,0.06583792770161571
42811038,40.707861,-73.747776,,,4,POINT (-73.747776 40.707861),50,91,5091,40.7075167585,-73.747599197,0.04107669092581503
42819869,40.707299,-73.742014,,,3,POINT (-73.742014 40.707299),50,92,5092,40.7075167585,-73.74205491500001,0.024458014250092735
42916109,40.707421,-73.735706,,,1,POINT (-73.735706 40.707421),50,93,5093,40.7075167585,-73.73651063300001,0.06865424795156513
42845018,40.707758,-73.731125,,,4,POINT (-73.731125 40.707758),50,94,5094,40.7075167585,-73.730966351,0.02997332662073964
8872024735,40.7083693,-73.7273905,,,3,POINT (-73.7273905 40.7083693),50,95,5095,40.7075167585,-73.725422069,0.191092291404608
42437410,40.7103644,-74.0175611,,,3,POINT (-74.0175611 40.7103644),51,42,5142,40.711657975499996,-74.019269015,0.20350085538151838
42422028,40.7110047,-74.0143969,,traffic_signals,3,POINT (-74.0143969 40.7110047),51,43,5143,40.711657975499996,-74.013724733,0.09212185495328974
8262936580,40.7115948,-74.0084808,,,3,POINT (-74.0084808 40.7115948),51,44,5144,40.711657975499996,-74.008180451,0.02627180124524122
278638234,40.7116882,-74.0027433,,,3,POINT (-74.0027433 40.7116882),51,45,5145,40.711657975499996,-74.00263616900001,0.009634799027451568
42433302,40.7113738,-73.9967842,,traffic_signals,3,POINT (-73.9967842 40.7113738),51,46,5146,40.711657975499996,-73.99709188700001,0.04087845177796774
42448440,40.7117454,-73.9924507,,,3,POINT (-73.9924507 40.7117454),51,47,5147,40.711657975499996,-73.99154760500001,0.07673639897814814
42437503,40.7115328,-73.9867498,,stop,4,POINT (-73.9867498 40.7115328),51,48,5148,40.711657975499996,-73.986003323,0.06443877811733871
42427750,40.7115207,-73.9806225,,,3,POINT (-73.9806225 40.7115207),51,49,5149,40.711657975499996,-73.980459041,0.02056244868254321
9906966855,40.7130646,-73.9776047,,,4,POINT (-73.9776047 40.7130646),51,50,5150,40.711657975499996,-73.97491475900001,0.27543912127058606
42469454,40.7108555,-73.9684877,,traffic_signals,3,POINT (-73.9684877 40.7108555),51,51,5151,40.711657975499996,-73.96937047700001,0.11618296213571125
42514918,40.7112358,-73.963364,,traffic_signals,4,POINT (-73.963364 40.7112358),51,52,5152,40.711657975499996,-73.96382619500001,0.06100278193229746
42480096,40.711609,-73.957535,,,4,POINT (-73.957535 40.711609),51,53,5153,40.711657975499996,-73.95828191300001,0.06318939006194331
42488306,40.7114242,-73.9531291,,,4,POINT (-73.9531291 40.7114242),51,54,5154,40.711657975499996,-73.952737631,0.0420049701295373
42491173,40.711324,-73.947245,,traffic_signals,4,POINT (-73.947245 40.711324),51,55,5155,40.711657975499996,-73.947193349,0.03739068677689882
42502968,40.711801,-73.942228,,traffic_signals,4,POINT (-73.942228 40.711801),51,56,5156,40.711657975499996,-73.94164906700001,0.051322121758892315
42496923,40.711693,-73.935808,,,3,POINT (-73.935808 40.711693),51,57,5157,40.711657975499996,-73.93610478500001,0.02531615033530671
42505696,40.711887,-73.9288768,,,3,POINT (-73.9288768 40.711887),51,58,5158,40.711657975499996,-73.93056050300001,0.1441791230356473
42509743,40.71134,-73.925126,,,4,POINT (-73.925126 40.71134),51,59,5159,40.711657975499996,-73.925016221,0.036547930157943415
42827564,40.711456,-73.91986,,traffic_signals,4,POINT (-73.91986 40.711456),51,60,5160,40.711657975499996,-73.919471939,0.039676353890659634
42809932,40.710529,-73.915264,,,3,POINT (-73.915264 40.710529),51,61,5161,40.711657975499996,-73.913927657,0.16866005823300798
42888334,40.7118491,-73.9080039,,,4,POINT (-73.9080039 40.7118491),51,62,5162,40.711657975499996,-73.90838337500001,0.038401171302937936
42862029,40.711272,-73.903036,,,3,POINT (-73.903036 40.711272),51,63,5163,40.711657975499996,-73.90283909300001,0.04601569562170689
42821731,40.710775,-73.897576,,,3,POINT (-73.897576 40.710775),51,64,5164,40.711657975499996,-73.89729481100001,0.10100244309153064
1413813110,40.7117619,-73.8936454,,,1,POINT (-73.8936454 40.7117619),51,65,5165,40.711657975499996,-73.891750529,0.16012836915835316
42843678,40.712208,-73.886377,,traffic_signals,3,POINT (-73.886377 40.712208),51,66,5166,40.711657975499996,-73.886206247,0.06283046771998825
42846655,40.712026,-73.879215,,,3,POINT (-73.879215 40.712026),51,67,5167,40.711657975499996,-73.880661965,0.12864102858356596
42877505,40.711713,-73.875389,,,4,POINT (-73.875389 40.711713),51,68,5168,40.711657975499996,-73.87511768300001,0.02367255481788519
42861582,40.711246,-73.870945,,,3,POINT (-73.870945 40.711246),51,69,5169,40.711657975499996,-73.86957340100001,0.12435218174642779
3324555176,40.7107985,-73.8650025,,traffic_signals,3,POINT (-73.8650025 40.7107985),51,70,5170,40.711657975499996,-73.86402911900001,0.12595445471969072
2089937731,40.7118253,-73.858272,,,3,POINT (-73.858272 40.7118253),51,71,5171,40.711657975499996,-73.858484837,0.025845358114846746
42895826,40.71153,-73.852921,,,4,POINT (-73.852921 40.71153),51,72,5172,40.711657975499996,-73.852940555,0.01432536030446301
42863460,40.71186,-73.847343,,,4,POINT (-73.847343 40.71186),51,73,5173,40.711657975499996,-73.847396273,0.022908454385234468
42897320,40.711553,-73.842181,,,4,POINT (-73.842181 40.711553),51,74,5174,40.711657975499996,-73.84185199100001,0.03008742541892909
3324555387,40.7118233,-73.8361119,,traffic_signals,4,POINT (-73.8361119 40.7118233),51,75,5175,40.711657975499996,-73.83630770900001,0.024704721070451317
42867318,40.711109,-73.831372,,stop,4,POINT (-73.831372 40.711109),51,76,5176,40.711657975499996,-73.83076342700001,0.07973326996322222
277631097,40.7120374,-73.8253424,,traffic_signals,4,POINT (-73.8253424 40.7120374),51,77,5177,40.711657975499996,-73.825219145,0.0434502762906815
42806126,40.7113316,-73.8187754,,,3,POINT (-73.8187754 40.7113316),51,78,5178,40.711657975499996,-73.819674863,0.08405092675068712
42926807,40.711568,-73.814432,,,3,POINT (-73.814432 40.711568),51,79,5179,40.711657975499996,-73.814130581,0.027304408950950782
42808860,40.711721,-73.808303,,,4,POINT (-73.808303 40.711721),51,80,5180,40.711657975499996,-73.80858629900001,0.024885262257733038
42867197,40.711071,-73.803493,,,3,POINT (-73.803493 40.711071),51,81,5181,40.711657975499996,-73.80304201700001,0.0755307330029533
42807664,40.711122,-73.797407,,,3,POINT (-73.797407 40.711122),51,82,5182,40.711657975499996,-73.79749773500001,0.06008643870931555
42833856,40.7110747,-73.7920313,,traffic_signals,3,POINT (-73.7920313 40.7110747),51,83,5183,40.711657975499996,-73.791953453,0.06518833292535935
42807983,40.7114412,-73.7876885,,,3,POINT (-73.7876885 40.7114412),51,84,5184,40.711657975499996,-73.786409171,0.11049093001243937
42860809,40.711884,-73.781197,,,3,POINT (-73.781197 40.711884),51,85,5185,40.711657975499996,-73.780864889,0.037619436039173594
42845729,40.711678,-73.775374,,stop,4,POINT (-73.775374 40.711678),51,86,5186,40.711657975499996,-73.77532060700001,0.0050209913558464814
7844673806,40.7117162,-73.7696268,,traffic_signals,4,POINT (-73.7696268 40.7117162),51,87,5187,40.711657975499996,-73.76977632500001,0.014168555533146046
42825832,40.7115158,-73.7643494,,,3,POINT (-73.7643494 40.7115158),51,88,5188,40.711657975499996,-73.764232043,0.018648685978613022
42816715,40.711783,-73.75897,,,3,POINT (-73.75897 40.711783),51,89,5189,40.711657975499996,-73.758687761,0.027553094680752906
7770964259,40.7120424,-73.7532366,,,4,POINT (-73.7532366 40.7120424),51,90,5190,40.711657975499996,-73.753143479,0.04346065230750109
2809107638,40.7114697,-73.7477037,,,4,POINT (-73.7477037 40.7114697),51,91,5191,40.711657975499996,-73.747599197,0.022712758444929218
42905772,40.711258,-73.742281,,,3,POINT (-73.742281 40.711258),51,92,5192,40.711657975499996,-73.74205491500001,0.048385666271735635
42828917,40.712042,-73.736455,,traffic_signals,3,POINT (-73.736455 40.712042),51,93,5193,40.711657975499996,-73.73651063300001,0.042958258133468125
42918759,40.71147,-73.731494,,,4,POINT (-73.731494 40.71147),51,94,5194,40.711657975499996,-73.730966351,0.049140394315723326
9228744169,40.7111452,-73.7273761,,,3,POINT (-73.7273761 40.7111452),51,95,5195,40.711657975499996,-73.725422069,0.17428848657638663
42445286,40.7155474,-74.0166469,,crossing,2,POINT (-74.0166469 40.7155474),52,42,5242,40.7157991925,-74.019269015,0.22276058607059693
246858435,40.7152775,-74.0135224,,traffic_signals,4,POINT (-74.0135224 40.7152775),52,43,5243,40.7157991925,-74.013724733,0.06046410557759505
42445357,40.716029,-74.0088423,,traffic_signals,4,POINT (-74.0088423 40.716029),52,44,5244,40.7157991925,-74.008180451,0.06135549937432165
42445466,40.7155864,-74.0030308,,traffic_signals,4,POINT (-74.0030308 40.7155864),52,45,5245,40.7157991925,-74.00263616900001,0.040817645589801096
541467364,40.7155223,-73.9964428,,,3,POINT (-73.9964428 40.7155223),52,46,5246,40.7157991925,-73.99709188700001,0.06277475257217394
42445620,40.7160318,-73.9913119,,,4,POINT (-73.9913119 40.7160318),52,47,5247,40.7157991925,-73.99154760500001,0.0326131647262904
42440408,40.7159749,-73.9866936,,traffic_signals,4,POINT (-73.9866936 40.7159749),52,48,5248,40.7157991925,-73.986003323,0.061370043377935383
42435544,40.7159233,-73.9808785,,,4,POINT (-73.9808785 40.7159233),52,49,5249,40.7157991925,-73.980459041,0.03795030848974301
42450820,40.7158012,-73.9760506,4,motorway_junction,3,POINT (-73.9760506 40.7158012),52,50,5250,40.7157991925,-73.97491475900001,0.09572972679779614
42469472,40.7149499,-73.967607,,,3,POINT (-73.967607 40.7149499),52,51,5251,40.7157991925,-73.96937047700001,0.1760926934936584
42506325,40.7157393,-73.9644848,,traffic_signals,4,POINT (-73.9644848 40.7157393),52,52,5252,40.7157991925,-73.96382619500001,0.055905797637068794
42473953,40.7153744,-73.9582409,,traffic_signals,4,POINT (-73.9582409 40.7153744),52,53,5253,40.7157991925,-73.95828191300001,0.04736107861922433
42480132,40.715987,-73.953272,,stop,4,POINT (-73.953272 40.715987),52,54,5254,40.7157991925,-73.952737631,0.04964307135992075
42491195,40.715617,-73.947954,,,4,POINT (-73.947954 40.715617),52,55,5255,40.7157991925,-73.947193349,0.06723313255787386
42489470,40.7155353,-73.941153,,,3,POINT (-73.941153 40.7155353),52,56,5256,40.7157991925,-73.94164906700001,0.0510786652886295
42490348,40.7152003,-73.9356282,,,3,POINT (-73.9356282 40.7152003),52,57,5257,40.7157991925,-73.93610478500001,0.07776972905462369
8274450580,40.716345,-73.9310031,,,1,POINT (-73.9310031 40.716345),52,58,5258,40.7157991925,-73.93056050300001,0.07123802939545595
42509758,40.715401,-73.926926,,,3,POINT (-73.926926 40.715401),52,59,5259,40.7157991925,-73.925016221,0.1669368838773788
42807867,40.7174084,-73.9193154,,,3,POINT (-73.9193154 40.7174084),52,60,5260,40.7157991925,-73.919471939,0.1794214173785628
2996303547,40.7153281,-73.9129768,,,3,POINT (-73.9129768 40.7153281),52,61,5261,40.7157991925,-73.913927657,0.0957406682988475
42881224,40.715401,-73.908572,,,1,POINT (-73.908572 40.715401),52,62,5262,40.7157991925,-73.90838337500001,0.047044465913922
42844387,40.715515,-73.902443,,,3,POINT (-73.902443 40.715515),52,63,5263,40.7157991925,-73.90283909300001,0.04596778520725151
42809557,40.716236,-73.897824,,,3,POINT (-73.897824 40.716236),52,64,5264,40.7157991925,-73.89729481100001,0.06594167535908264
42821340,40.717572,-73.893303,,,2,POINT (-73.893303 40.717572),52,65,5265,40.7157991925,-73.891750529,0.23659808750453856
42911204,40.716017,-73.886351,,,3,POINT (-73.886351 40.716017),52,66,5266,40.7157991925,-73.886206247,0.02711827681760862
42815212,40.715244,-73.880207,,traffic_signals,4,POINT (-73.880207 40.715244),52,67,5267,40.7157991925,-73.880661965,0.07267388018686541
42815235,40.715722,-73.875312,,traffic_signals,4,POINT (-73.875312 40.715722),52,68,5268,40.7157991925,-73.87511768300001,0.018490188336054397
42815242,40.715991,-73.872084,,traffic_signals,3,POINT (-73.872084 40.715991),52,69,5269,40.7157991925,-73.86957340100001,0.21266690094143537
2757013712,40.7165453,-73.8619154,,,3,POINT (-73.8619154 40.7165453),52,70,5270,40.7157991925,-73.86402911900001,0.19651579320288123
42861560,40.715994,-73.858689,,,3,POINT (-73.858689 40.715994),52,71,5271,40.7157991925,-73.858484837,0.027664148663250485
42880581,40.715519,-73.853033,,stop,4,POINT (-73.853033 40.715519),52,72,5272,40.7157991925,-73.852940555,0.032115423533316964
42845427,40.715874,-73.847497,,,4,POINT (-73.847497 40.715874),52,73,5273,40.7157991925,-73.847396273,0.011885349381640275
42837041,40.7155679,-73.8423365,,stop,4,POINT (-73.8423365 40.7155679),52,74,5274,40.7157991925,-73.84185199100001,0.04825895714192009
42851335,40.71574,-73.836727,,,3,POINT (-73.836727 40.71574),52,75,5275,40.7157991925,-73.83630770900001,0.03594588276658029
42828205,40.7162515,-73.8307416,,,3,POINT (-73.8307416 40.7162515),52,76,5276,40.7157991925,-73.83076342700001,0.050327930874341974
42794221,40.7158551,-73.8253837,,,3,POINT (-73.8253837 40.7158551),52,77,5277,40.7157991925,-73.825219145,0.015198362155277171
42829546,40.7159778,-73.8196238,,,3,POINT (-73.8196238 40.7159778),52,78,5278,40.7157991925,-73.819674863,0.020321185602349173
464807200,40.7158426,-73.8140204,16,motorway_junction,3,POINT (-73.8140204 40.7158426),52,79,5279,40.7157991925,-73.814130581,0.0104656174530058
42829452,40.7160043,-73.8078569,,traffic_signals,4,POINT (-73.8078569 40.7160043),52,80,5280,40.7157991925,-73.80858629900001,0.06556849525936186
1397162787,40.7160859,-73.8030924,,traffic_signals,4,POINT (-73.8030924 40.7160859),52,81,5281,40.7157991925,-73.80304201700001,0.03216196899868059
778862405,40.7158788,-73.7975138,,traffic_signals,4,POINT (-73.7975138 40.7158788),52,82,5282,40.7157991925,-73.79749773500001,0.008954900992668808
42890950,40.716193,-73.792404,,,3,POINT (-73.792404 40.716193),52,83,5283,40.7157991925,-73.791953453,0.057960390777853366
42869904,40.715325,-73.786621,,traffic_signals,4,POINT (-73.786621 40.715325),52,84,5284,40.7157991925,-73.786409171,0.0556682692110158
42810122,40.716044,-73.780124,,,3,POINT (-73.780124 40.716044),52,85,5285,40.7157991925,-73.780864889,0.06811806561856834
42814810,40.716282,-73.775182,,,3,POINT (-73.775182 40.716282),52,86,5286,40.7157991925,-73.77532060700001,0.05494201333648081
42920491,40.716327,-73.77008,,,3,POINT (-73.77008 40.716327),52,87,5287,40.7157991925,-73.76977632500001,0.06402736820194635
42848047,40.716249,-73.763842,,,4,POINT (-73.763842 40.716249),52,88,5288,40.7157991925,-73.764232043,0.05985202188638661
7844650755,40.7152276,-73.7584067,,stop,4,POINT (-73.7584067 40.7152276),52,89,5289,40.7157991925,-73.758687761,0.06782897574179102
42878838,40.715441,-73.753008,,,4,POINT (-73.753008 40.715441),52,90,5290,40.7157991925,-73.753143479,0.04143358222019906
42822804,40.7156965,-73.7470868,,,3,POINT (-73.7470868 40.7156965),52,91,5291,40.7157991925,-73.747599197,0.04466937586055989
42820854,40.715727,-73.741753,,,3,POINT (-73.741753 40.715727),52,92,5292,40.7157991925,-73.74205491500001,0.026681816748459007
42865795,40.715656,-73.735535,,,4,POINT (-73.735535 40.715656),52,93,5293,40.7157991925,-73.73651063300001,0.08375450686170362
42820950,40.715453,-73.730993,,,4,POINT (-73.730993 40.715453),52,94,5294,40.7157991925,-73.730966351,0.038560316055133374
246858445,40.7202964,-74.0122891,,traffic_signals,3,POINT (-74.0122891 40.7202964),53,43,5343,40.7199404095,-74.013724733,0.1272992044773546
42436336,40.7199664,-74.0085815,,traffic_signals,4,POINT (-74.0085815 40.7199664),53,44,5344,40.7199404095,-74.008180451,0.03392191187301714
42440820,40.719915,-74.0025862,,traffic_signals,3,POINT (-74.0025862 40.719915),53,45,5345,40.7199404095,-74.00263616900001,0.005071173737583024
42432174,40.7205052,-73.9968362,,traffic_signals,4,POINT (-73.9968362 40.7205052),53,46,5346,40.7199404095,-73.99709188700001,0.0663957014202301
42429756,40.7198216,-73.9921032,,,4,POINT (-73.9921032 40.7198216),53,47,5347,40.7199404095,-73.99154760500001,0.04865110423934688
42437078,40.7193368,-73.9859139,,traffic_signals,4,POINT (-73.9859139 40.7193368),53,48,5348,40.7199404095,-73.986003323,0.06754007967402019
592509222,40.7203948,-73.980052,,,3,POINT (-73.980052 40.7203948),53,49,5349,40.7199404095,-73.980459041,0.06107040931538217
42451712,40.7200751,-73.9749559,,,3,POINT (-73.9749559 40.7200751),53,50,5350,40.7199404095,-73.97491475900001,0.015372990246528296
42528566,40.7198922,-73.9640095,,turning_circle,1,POINT (-73.9640095 40.7198922),53,52,5352,40.7199404095,-73.96382619500001,0.016351786247580644
42492540,40.71974,-73.95782,,stop,4,POINT (-73.95782 40.71974),53,53,5353,40.7199404095,-73.95828191300001,0.04485518752264624
42509228,40.719798,-73.953469,,traffic_signals,4,POINT (-73.953469 40.719798),53,54,5354,40.7199404095,-73.952737631,0.06363815224294467
42532947,40.720139,-73.947577,,,3,POINT (-73.947577 40.720139),53,55,5355,40.7199404095,-73.947193349,0.03915360132469172
42503833,40.720366,-73.941747,,,4,POINT (-73.941747 40.720366),53,56,5356,40.7199404095,-73.94164906700001,0.048037812039093804
42511005,40.720576,-73.936209,,,3,POINT (-73.936209 40.720576),53,57,5357,40.7199404095,-73.93610478500001,0.07121806355420945
42489500,40.7197627,-73.9248161,,,1,POINT (-73.9248161 40.7197627),53,59,5359,40.7199404095,-73.925016221,0.02597906636240731
42855308,40.719051,-73.913398,,,3,POINT (-73.913398 40.719051),53,61,5361,40.7199404095,-73.913927657,0.10850472521788096
42788748,40.719712,-73.908258,,,3,POINT (-73.908258 40.719712),53,62,5362,40.7199404095,-73.90838337500001,0.02750815767897807
42807048,40.7194101,-73.9024999,,,4,POINT (-73.9024999 40.7194101),53,63,5363,40.7199404095,-73.90283909300001,0.06553120028572228
42858281,40.7179811,-73.9000652,,,3,POINT (-73.9000652 40.7179811),53,64,5364,40.7199404095,-73.89729481100001,0.3193396695387002
7705290886,40.7202213,-73.891748,,,4,POINT (-73.891748 40.7202213),53,65,5365,40.7199404095,-73.891750529,0.03123432572108031
8498795983,40.7196651,-73.8859298,,turning_circle,1,POINT (-73.8859298 40.7196651),53,66,5366,40.7199404095,-73.886206247,0.03847001226130608
42827966,40.719251,-73.880122,,,3,POINT (-73.880122 40.719251),53,67,5367,40.7199404095,-73.880661965,0.08914805836039617
42864916,40.720156,-73.875309,,traffic_signals,4,POINT (-73.875309 40.720156),53,68,5368,40.7199404095,-73.87511768300001,0.028890221895958402
42919969,40.72005,-73.869689,,,4,POINT (-73.869689 40.72005),53,69,5369,40.7199404095,-73.86957340100001,0.015601468799862045
42906116,40.720102,-73.863496,,,3,POINT (-73.863496 40.720102),53,70,5370,40.7199404095,-73.86402911900001,0.048388498179354256
42845409,40.7196505,-73.8578432,,,3,POINT (-73.8578432 40.7196505),53,71,5371,40.7199404095,-73.858484837,0.06295416369675687
42861662,40.720167,-73.8527491,,,4,POINT (-73.8527491 40.720167),53,72,5372,40.7199404095,-73.852940555,0.02991922362114869
42851719,40.719936,-73.846592,,stop,3,POINT (-73.846592 40.719936),53,73,5373,40.7199404095,-73.847396273,0.06778224580172271
277787652,40.7203512,-73.8419793,,,3,POINT (-73.8419793 40.7203512),53,74,5374,40.7199404095,-73.84185199100001,0.04692093806935614
42785817,40.719367,-73.835999,,,4,POINT (-73.835999 40.719367),53,75,5375,40.7199404095,-73.83630770900001,0.06886389030121365
3324555374,40.7183511,-73.8334732,,traffic_signals,3,POINT (-73.8334732 40.7183511),53,76,5376,40.7199404095,-73.83076342700001,0.2887628115422704
42847664,40.7205098,-73.8258617,,,3,POINT (-73.8258617 40.7205098),53,77,5377,40.7199404095,-73.825219145,0.08331236671600176
7835158111,40.7201761,-73.8205879,,traffic_signals,4,POINT (-73.8205879 40.7201761),53,78,5378,40.7199404095,-73.819674863,0.08128712550184136
42816285,40.7196831,-73.814326,,,3,POINT (-73.814326 40.7196831),53,79,5379,40.7199404095,-73.814130581,0.03301285166342588
42865438,40.7198631,-73.8090191,,,4,POINT (-73.8090191 40.7198631),53,80,5380,40.7199404095,-73.80858629900001,0.03747384659826607
42906369,40.719514,-73.802693,,,4,POINT (-73.802693 40.719514),53,81,5381,40.7199404095,-73.80304201700001,0.055796999036587046
42877159,40.7205154,-73.7981674,,,1,POINT (-73.7981674 40.7205154),53,82,5382,40.7199404095,-73.79749773500001,0.08528098383510964
7838178266,40.7198638,-73.7912624,,,3,POINT (-73.7912624 40.7198638),53,83,5383,40.7199404095,-73.791953453,0.058858546348250204
42805445,40.720034,-73.786067,,,3,POINT (-73.786067 40.720034),53,84,5384,40.7199404095,-73.786409171,0.030656980879540194
42810102,40.7198736,-73.780902,,,3,POINT (-73.780902 40.7198736),53,85,5385,40.7199404095,-73.780864889,0.008060383100472492
7094717079,40.720293,-73.7748739,,,3,POINT (-73.7748739 40.720293),53,86,5386,40.7199404095,-73.77532060700001,0.05435419463619298
42874800,40.719433,-73.770252,,,3,POINT (-73.770252 40.719433),53,87,5387,40.7199404095,-73.76977632500001,0.0692127739583214
42809422,40.71939,-73.764959,,,3,POINT (-73.764959 40.71939),53,88,5388,40.7199404095,-73.764232043,0.08659770039950195
7770021573,40.719565,-73.7583765,,traffic_signals,4,POINT (-73.7583765 40.719565),53,89,5389,40.7199404095,-73.758687761,0.049301467844600703
42845610,40.719915,-73.753133,,,4,POINT (-73.753133 40.719915),53,90,5390,40.7199404095,-73.753143479,0.0029602082770628156
42785871,40.720404,-73.74803,,stop,4,POINT (-73.74803 40.720404),53,91,5391,40.7199404095,-73.747599197,0.06305089424411145
42892743,40.720357,-73.741961,,stop,4,POINT (-73.741961 40.720357),53,92,5392,40.7199404095,-73.74205491500001,0.04699403918814297
42849594,40.719585,-73.73676,,,3,POINT (-73.73676 40.719585),53,93,5393,40.7199404095,-73.73651063300001,0.04476006713911787
42905327,40.7202837,-73.7305422,,,4,POINT (-73.7305422 40.7202837),53,94,5394,40.7199404095,-73.730966351,0.05229578706991403
246890279,40.7230709,-74.0117067,,traffic_signals,3,POINT (-74.0117067 40.7230709),54,43,5443,40.7240816265,-74.013724733,0.203842707669911
4142105811,40.7240219,-74.0084406,,,3,POINT (-74.0084406 40.7240219),54,44,5444,40.7240816265,-74.008180451,0.02290669547095969
42442276,40.724552,-74.001933,,traffic_signals,3,POINT (-74.001933 40.724552),54,45,5445,40.7240816265,-74.00263616900001,0.07903727828939523
42458267,40.72388,-73.996952,,,4,POINT (-73.996952 40.72388),54,46,5446,40.7240816265,-73.99709188700001,0.02533010054069536
42442836,40.723793,-73.9912412,,,3,POINT (-73.9912412 40.723793),54,47,5447,40.7240816265,-73.99154760500001,0.04119137581614368
42437343,40.7236472,-73.9852818,,traffic_signals,4,POINT (-73.9852818 40.7236472),54,48,5448,40.7240816265,-73.986003323,0.0776562156005657
42453156,40.7236873,-73.9814332,,turning_circle,1,POINT (-73.9814332 40.7236873),54,49,5449,40.7240816265,-73.980459041,0.09306879517476713
42449038,40.724283,-73.975598,,,3,POINT (-73.975598 40.724283),54,50,5450,40.7240816265,-73.97491475900001,0.06177761469550183
42534481,40.723812,-73.961401,,,1,POINT (-73.961401 40.723812),54,52,5452,40.7240816265,-73.96382619500001,0.2065594882802481
42469531,40.7236316,-73.9581394,,,3,POINT (-73.9581394 40.7236316),54,53,5453,40.7240816265,-73.95828191300001,0.05146163125078243
42479273,40.7232026,-73.9524918,,,3,POINT (-73.9524918 40.7232026),54,54,5454,40.7240816265,-73.952737631,0.09991455362015851
2987758888,40.723557,-73.9476329,,,3,POINT (-73.9476329 40.723557),54,55,5455,40.7240816265,-73.947193349,0.06910221910094835
42495896,40.7233632,-73.9412777,,traffic_signals,4,POINT (-73.9412777 40.7233632),54,56,5456,40.7240816265,-73.94164906700001,0.08579669437484887
42505315,40.7240506,-73.9360682,,,3,POINT (-73.9360682 40.7240506),54,57,5457,40.7240816265,-73.93610478500001,0.00462682157604651
42509694,40.7242196,-73.9308795,,,3,POINT (-73.9308795 40.7242196),54,58,5458,40.7240816265,-73.93056050300001,0.03095178383535354
5176490258,40.7229563,-73.9205284,,,3,POINT (-73.9205284 40.7229563),54,60,5460,40.7240816265,-73.919471939,0.1535702406411533
42855844,40.7238542,-73.9145285,,,3,POINT (-73.9145285 40.7238542),54,61,5461,40.7240816265,-73.913927657,0.056597200559224924
42827444,40.723995,-73.90863,,,4,POINT (-73.90863 40.723995),54,62,5462,40.7240816265,-73.90838337500001,0.022906835892757032
42876153,40.724216,-73.901816,,,3,POINT (-73.901816 40.724216),54,63,5463,40.7240816265,-73.90283909300001,0.08750132258445102
42815464,40.7235109,-73.8981265,,,3,POINT (-73.8981265 40.7235109),54,64,5464,40.7240816265,-73.89729481100001,0.09454938391558686
42864536,40.724256,-73.891817,,stop,4,POINT (-73.891817 40.724256),54,65,5465,40.7240816265,-73.891750529,0.020182361480937307
42864572,40.7246155,-73.8861833,,,3,POINT (-73.8861833 40.7246155),54,66,5466,40.7240816265,-73.886206247,0.05939551143072501
42809624,40.724252,-73.880833,,,4,POINT (-73.880833 40.724252),54,67,5467,40.7240816265,-73.880661965,0.023804179975866344
42819244,40.72423,-73.875238,,,4,POINT (-73.875238 40.72423),54,68,5468,40.7240816265,-73.87511768300001,0.01936487698428615
3324555237,40.7244023,-73.8693864,,traffic_signals,5,POINT (-73.8693864 40.7244023),54,69,5469,40.7240816265,-73.86957340100001,0.03898427034604775
42885306,40.723789,-73.864036,,,4,POINT (-73.864036 40.723789),54,70,5470,40.7240816265,-73.86402911900001,0.03254374862655189
42907656,40.723733,-73.8581543,,,3,POINT (-73.8581543 40.723733),54,71,5471,40.7240816265,-73.858484837,0.047735068044558536
42877517,40.723323,-73.853437,,,3,POINT (-73.853437 40.723323),54,72,5472,40.7240816265,-73.852940555,0.09415979782601164
42880699,40.724558,-73.846871,,traffic_signals,4,POINT (-73.846871 40.724558),54,73,5473,40.7240816265,-73.847396273,0.06903056333845027
42895857,40.723642,-73.842225,,,4,POINT (-73.842225 40.723642),54,74,5474,40.7240816265,-73.84185199100001,0.05811835266980323
42802878,40.724074,-73.8365495,11E,motorway_junction,3,POINT (-73.8365495 40.724074),54,75,5475,40.7240816265,-73.83630770900001,0.020393418666523392
6202810601,40.7252983,-73.8305636,,,3,POINT (-73.8305636 40.7252983),54,76,5476,40.7240816265,-73.83076342700001,0.1363318883550471
42812408,40.723506,-73.824894,,,3,POINT (-73.824894 40.723506),54,77,5477,40.7240816265,-73.825219145,0.06962493879925025
42785827,40.7240214,-73.8203207,,traffic_signals,4,POINT (-73.8203207 40.7240214),54,78,5478,40.7240816265,-73.819674863,0.054835314934369245
42851313,40.723948,-73.812871,,,4,POINT (-73.812871 40.723948),54,79,5479,40.7240816265,-73.814130581,0.10718019322179367
42811650,40.723969,-73.808177,,,4,POINT (-73.808177 40.723969),54,80,5480,40.7240816265,-73.80858629900001,0.03669493349246419
42864422,40.724118,-73.802336,,,3,POINT (-73.802336 40.724118),54,81,5481,40.7240816265,-73.80304201700001,0.05963349902578383
2700932424,40.7238837,-73.7976269,,,3,POINT (-73.7976269 40.7238837),54,82,5482,40.7240816265,-73.79749773500001,0.024552984574294348
42909684,40.7241733,-73.7909357,,,3,POINT (-73.7909357 40.7241733),54,83,5483,40.7240816265,-73.791953453,0.0863698489109593
42851552,40.723928,-73.786099,,,4,POINT (-73.786099 40.723928),54,84,5484,40.7240816265,-73.786409171,0.03122526432604139
42882559,40.72414,-73.780891,,stop,4,POINT (-73.780891 40.72414),54,85,5485,40.7240816265,-73.780864889,0.006853658212757781
42830131,40.7235899,-73.7756777,19,motorway_junction,3,POINT (-73.7756777 40.7235899),54,86,5486,40.7240816265,-73.77532060700001,0.06241138870187815
42825727,40.7243668,-73.7691098,,,3,POINT (-73.7691098 40.7243668),54,87,5487,40.7240816265,-73.76977632500001,0.06450091156891112
280230120,40.7246976,-73.7647562,,traffic_signals,4,POINT (-73.7647562 40.7246976),54,88,5488,40.7240816265,-73.764232043,0.08150062480853058
42826316,40.723774,-73.759004,,,3,POINT (-73.759004 40.723774),54,89,5489,40.7240816265,-73.758687761,0.043362260070584156
42850041,40.723513,-73.752629,,stop,4,POINT (-73.752629 40.723513),54,90,5490,40.7240816265,-73.753143479,0.07666500022467089
42819949,40.723639,-73.746662,,,4,POINT (-73.746662 40.723639),54,91,5491,40.7240816265,-73.747599197,0.09305872414649868
42831423,40.72436,-73.742505,,,4,POINT (-73.742505 40.72436),54,92,5492,40.7240816265,-73.74205491500001,0.04895628053180278
6509062985,40.7241588,-73.7359885,,,3,POINT (-73.7359885 40.7241588),54,93,5493,40.7240816265,-73.73651063300001,0.04482922123970892
42930169,40.723959,-73.730166,,,4,POINT (-73.730166 40.723959),54,94,5494,40.7240816265,-73.730966351,0.06881033576424198
2922103634,40.7240785,-73.7256892,,,4,POINT (-73.7256892 40.7240785),54,95,5495,40.7240816265,-73.725422069,0.022513869830530372
2922103647,40.7255309,-73.7204274,,traffic_signals,4,POINT (-73.7204274 40.7255309),54,96,5496,40.7240816265,-73.719877787,0.16767542298672852
42436100,40.728195,-74.008724,,,3,POINT (-74.008724 40.728195),55,44,5544,40.7282228435,-74.008180451,0.04590666852090924
4202908174,40.7282339,-74.0023601,,,3,POINT (-74.0023601 40.7282339),55,45,5545,40.7282228435,-74.00263616900001,0.023295406996578463
1692433924,40.7276837,-73.9981746,,,3,POINT (-73.9981746 40.7276837),55,46,5546,40.7282228435,-73.99709188700001,0.10916893466277988
1773121034,40.7277632,-73.9912281,,traffic_signals,3,POINT (-73.9912281 40.7277632),55,47,5547,40.7282228435,-73.99154760500001,0.05776756695258849
4012724171,40.727599,-73.985307,,traffic_signals,4,POINT (-73.985307 40.727599),55,48,5548,40.7282228435,-73.986003323,0.0908560059402948
42454997,40.728446,-73.98179,,traffic_signals,4,POINT (-73.98179 40.728446),55,49,5549,40.7282228435,-73.980459041,0.11486526532160359
42440754,40.7284581,-73.9756825,,traffic_signals,4,POINT (-73.9756825 40.7284581),55,50,5550,40.7282228435,-73.97491475900001,0.0697822786367647
370897166,40.7279995,-73.9716788,7,motorway_junction,3,POINT (-73.9716788 40.7279995),55,51,5551,40.7282228435,-73.96937047700001,0.19609008553497584
5070244733,40.7302687,-73.9611776,,,1,POINT (-73.9611776 40.7302687),55,52,5552,40.7282228435,-73.96382619500001,0.31868580772514093
42498314,40.728315,-73.9589933,,,4,POINT (-73.9589933 40.728315),55,53,5553,40.7282228435,-73.95828191300001,0.060814521049721765
7725544402,40.728421,-73.9524262,,,4,POINT (-73.9524262 40.728421),55,54,5554,40.7282228435,-73.952737631,0.03426624376512594
42498667,40.728758,-73.947666,,,4,POINT (-73.947666 40.728758),55,55,5555,40.7282228435,-73.947193349,0.07160514174806537
42495899,40.72775,-73.941992,,traffic_signals,4,POINT (-73.941992 40.72775),55,56,5556,40.7282228435,-73.94164906700001,0.059995675834194066
42502778,40.7274928,-73.9362535,,,3,POINT (-73.9362535 40.7274928),55,57,5557,40.7282228435,-73.93610478500001,0.08213870165624379
8445443735,40.7279838,-73.9324024,,,1,POINT (-73.9324024 40.7279838),55,58,5558,40.7282228435,-73.93056050300001,0.15746726006403383
42876193,40.7284721,-73.9245051,,,1,POINT (-73.9245051 40.7284721),55,59,5559,40.7282228435,-73.925016221,0.051216821194612426
42823397,40.7288894,-73.9195097,,traffic_signals,4,POINT (-73.9195097 40.7288894),55,60,5560,40.7282228435,-73.919471939,0.07418597032082748
42823474,40.7276066,-73.9121175,,traffic_signals,3,POINT (-73.9121175 40.7276066),55,61,5561,40.7282228435,-73.913927657,0.16721811337636586
8872404067,40.7276947,-73.9082221,,,3,POINT (-73.9082221 40.7276947),55,62,5562,40.7282228435,-73.90838337500001,0.06027877879511631
42786785,40.727375,-73.90312,,,4,POINT (-73.90312 40.727375),55,63,5563,40.7282228435,-73.90283909300001,0.09720210821135439
42885118,40.72833,-73.89653,,,3,POINT (-73.89653 40.72833),55,64,5564,40.7282228435,-73.89729481100001,0.06553894346536325
42841242,40.728162,-73.891518,,traffic_signals,3,POINT (-73.891518 40.728162),55,65,5565,40.7282228435,-73.891750529,0.020729179937163923
597366041,40.7282158,-73.8871939,,,3,POINT (-73.8871939 40.7282158),55,66,5566,40.7282228435,-73.886206247,0.08322823461232001
597363756,40.7282667,-73.8806703,,,3,POINT (-73.8806703 40.7282667),55,67,5567,40.7282228435,-73.880661965,0.004926938056847611
42806509,40.7279921,-73.8758436,,,3,POINT (-73.8758436 40.7279921),55,68,5568,40.7282228435,-73.87511768300001,0.06633258986060885
42819395,40.72791,-73.869632,,,3,POINT (-73.869632 40.72791),55,69,5569,40.7282228435,-73.86957340100001,0.035135319016026983
42835448,40.728018,-73.86367,,traffic_signals,4,POINT (-73.86367 40.728018),55,70,5570,40.7282228435,-73.86402911900001,0.03787554822354884
2548028213,40.7283952,-73.8581959,,traffic_signals,4,POINT (-73.8581959 40.7283952),55,71,5571,40.7282228435,-73.858484837,0.03098534344638678
3324555242,40.728478,-73.85173,,,4,POINT (-73.85173 40.728478),55,72,5572,40.7282228435,-73.852940555,0.10587937013270299
42846684,40.728289,-73.847212,,traffic_signals,4,POINT (-73.847212 40.728289),55,73,5573,40.7282228435,-73.847396273,0.017182132862253688
42788194,40.72829,-73.842058,,stop,4,POINT (-73.842058 40.72829),55,74,5574,40.7282228435,-73.84185199100001,0.018897338671486647
3938689538,40.7276296,-73.8368806,,,3,POINT (-73.8368806 40.7276296),55,75,5575,40.7282228435,-73.83630770900001,0.08174307865954178
42871568,40.7280355,-73.8317276,,traffic_signals,5,POINT (-73.8317276 40.7280355),55,76,5576,40.7282228435,-73.83076342700001,0.08387424636587539
42865591,40.728109,-73.824697,,stop,4,POINT (-73.824697 40.728109),55,77,5577,40.7282228435,-73.825219145,0.045783399413458346
42909950,40.72792,-73.820121,,,4,POINT (-73.820121 40.72792),55,78,5578,40.7282228435,-73.819674863,0.05047055458387937
3326202682,40.7281126,-73.8144585,,traffic_signals,4,POINT (-73.8144585 40.7281126),55,79,5579,40.7282228435,-73.814130581,0.030229199992854085
42811630,40.728073,-73.808958,,,4,POINT (-73.808958 40.728073),55,80,5580,40.7282228435,-73.80858629900001,0.0354774201356258
42898483,40.728029,-73.803083,,,4,POINT (-73.803083 40.728029),55,81,5581,40.7282228435,-73.80304201700001,0.021829314541934493
42785563,40.727485,-73.797512,,,4,POINT (-73.797512 40.727485),55,82,5582,40.7282228435,-73.79749773500001,0.08205325907158693
5921270052,40.7286416,-73.7919438,,,4,POINT (-73.7919438 40.7286416),55,83,5583,40.7282228435,-73.791953453,0.04657070235472447
2700932474,40.7277949,-73.7857018,,,3,POINT (-73.7857018 40.7277949),55,84,5584,40.7282228435,-73.786409171,0.07627132368463263
42841292,40.728425,-73.780799,,,3,POINT (-73.780799 40.728425),55,85,5585,40.7282228435,-73.780864889,0.023154298196609573
42819030,40.72843,-73.776728,,,3,POINT (-73.776728 40.72843),55,86,5586,40.7282228435,-73.77532060700001,0.1208100748005201
42793072,40.7286831,-73.7679714,,,3,POINT (-73.7679714 40.7286831),55,87,5587,40.7282228435,-73.76977632500001,0.16047119829755782
279147206,40.7297618,-73.7628089,,,3,POINT (-73.7628089 40.7297618),55,88,5588,40.7282228435,-73.764232043,0.20895983533931908
42831038,40.728034,-73.758299,,,3,POINT (-73.758299 40.728034),55,89,5589,40.7282228435,-73.758687761,0.03891124657399549
42819780,40.7287551,-73.7536427,,,3,POINT (-73.7536427 40.7287551),55,90,5590,40.7282228435,-73.753143479,0.07261113587518497
42883277,40.728027,-73.747635,,traffic_signals,4,POINT (-73.747635 40.728027),55,91,5591,40.7282228435,-73.747599197,0.021984792939985856
42785997,40.727263,-73.740767,,,4,POINT (-73.740767 40.727263),55,92,5592,40.7282228435,-73.74205491500001,0.15221472195536495
7813077361,40.7285987,-73.7363118,,,3,POINT (-73.7363118 40.7285987),55,93,5593,40.7282228435,-73.73651063300001,0.04502665690100405
42860775,40.72874,-73.730302,,,4,POINT (-73.730302 40.72874),55,94,5594,40.7282228435,-73.730966351,0.08025429033625812
42939256,40.728543,-73.725489,,,3,POINT (-73.725489 40.728543),55,95,5595,40.7282228435,-73.725422069,0.036043764828968816
42919500,40.728467,-73.719291,,stop,4,POINT (-73.719291 40.728467),55,96,5596,40.7282228435,-73.719877787,0.056408538658660225
42853185,40.728736,-73.71467,,,3,POINT (-73.71467 40.728736),55,97,5597,40.7282228435,-73.714333505,0.06371714223855127
2922103659,40.7276982,-73.7085883,,,3,POINT (-73.7085883 40.7276982),55,98,5598,40.7282228435,-73.70878922300001,0.06074487575848627
42436894,40.7326715,-74.0086061,,traffic_signals,4,POINT (-74.0086061 40.7326715),56,44,5644,40.7323640605,-74.008180451,0.04954755239128382
42451987,40.732841,-74.002124,,,4,POINT (-74.002124 40.732841),56,45,5645,40.7323640605,-74.00263616900001,0.0683731327296312
42437949,40.7322515,-73.9963626,,traffic_signals,4,POINT (-73.9963626 40.7322515),56,46,5646,40.7323640605,-73.99709188700001,0.06271127426145748
42428483,40.732449,-73.991289,,traffic_signals,3,POINT (-73.991289 40.732449),56,47,5647,40.7323640605,-73.99154760500001,0.02374884989384775
42440737,40.732353,-73.9849374,,traffic_signals,4,POINT (-73.9849374 40.732353),56,48,5648,40.7323640605,-73.986003323,0.089822801711528
42439323,40.732664,-73.9816006,,traffic_signals,4,POINT (-73.9816006 40.732664),56,49,5649,40.7323640605,-73.980459041,0.10180531230588437
5137978709,40.7323695,-73.9743536,,,3,POINT (-73.9743536 40.7323695),56,50,5650,40.7323640605,-73.97491475900001,0.04728696697750194
42500680,40.7323732,-73.9616528,,turning_circle,1,POINT (-73.9616528 40.7323732),56,52,5652,40.7323640605,-73.96382619500001,0.18313246243709833
42500685,40.7327225,-73.9580639,,traffic_signals,4,POINT (-73.9580639 40.7327225),56,53,5653,40.7323640605,-73.95828191300001,0.04388618748139571
4660170670,40.7325692,-73.9520892,,traffic_signals,4,POINT (-73.9520892 40.7325692),56,54,5654,40.7323640605,-73.952737631,0.05920699360161857
2422186264,40.731425,-73.9464,,traffic_signals,3,POINT (-73.9464 40.731425),56,55,5655,40.7323640605,-73.947193349,0.12398351271088395
622232010,40.7326608,-73.9427807,,traffic_signals,4,POINT (-73.9427807 40.7326608),56,56,5656,40.7323640605,-73.94164906700001,0.10089855872894948
6721155692,40.7316052,-73.9374794,,,1,POINT (-73.9374794 40.7316052),56,57,5657,40.7323640605,-73.93610478500001,0.14330295011951968
42786844,40.7322527,-73.924518,,,4,POINT (-73.924518 40.7322527),56,59,5659,40.7323640605,-73.925016221,0.04376816189027059
277386525,40.7323856,-73.9195024,,motorway_junction,3,POINT (-73.9195024 40.7323856),56,60,5660,40.7323640605,-73.919471939,0.0035105609277348375
42862776,40.733478,-73.906874,,,1,POINT (-73.906874 40.733478),56,62,5662,40.7323640605,-73.90838337500001,0.17752958395667037
5118653144,40.7321076,-73.9025638,,,3,POINT (-73.9025638 40.7321076),56,63,5663,40.7323640605,-73.90283909300001,0.036759855989856434
42845808,40.732125,-73.897237,,,3,POINT (-73.897237 40.732125),56,64,5664,40.7323640605,-73.89729481100001,0.02702494284018098
42839146,40.73264,-73.890423,,,3,POINT (-73.890423 40.73264),56,65,5665,40.7323640605,-73.891750529,0.11598895319642274
42874400,40.73209,-73.88604,,,3,POINT (-73.88604 40.73209),56,66,5666,40.7323640605,-73.886206247,0.03353946674825232
42823490,40.731997,-73.88095,,,3,POINT (-73.88095 40.731997),56,67,5667,40.7323640605,-73.880661965,0.04748589088632387
42821500,40.731884,-73.875782,,,4,POINT (-73.875782 40.731884),56,68,5668,40.7323640605,-73.87511768300001,0.07734789754841911
277147809,40.7321549,-73.869491,,,3,POINT (-73.869491 40.7321549),56,69,5669,40.7323640605,-73.86957340100001,0.02427183371126719
42858990,40.731951,-73.863424,,traffic_signals,4,POINT (-73.863424 40.731951),56,70,5670,40.7323640605,-73.86402911900001,0.06862428586449114
42843031,40.7323008,-73.8582582,,,3,POINT (-73.8582582 40.7323008),56,71,5671,40.7323640605,-73.858484837,0.020350732917339055
42835477,40.732427,-73.853901,,,4,POINT (-73.853901 40.732427),56,72,5672,40.7323640605,-73.852940555,0.0812288428838581
42902651,40.732283,-73.846667,,stop,4,POINT (-73.846667 40.732283),56,73,5673,40.7323640605,-73.847396273,0.06210592934068372
6203345265,40.7322463,-73.8428486,,,3,POINT (-73.8428486 40.7322463),56,74,5674,40.7323640605,-73.84185199100001,0.08498886382864432
42804624,40.7324093,-73.8356731,,,3,POINT (-73.8356731 40.7324093),56,75,5675,40.7323640605,-73.83630770900001,0.05370805645806892
42868356,40.731556,-73.82892,,turning_circle,1,POINT (-73.82892 40.731556),56,76,5676,40.7323640605,-73.83076342700001,0.1794438133240039
42876413,40.7326789,-73.8247601,,,3,POINT (-73.8247601 40.7326789),56,77,5677,40.7323640605,-73.825219145,0.052169504067028645
42900096,40.731939,-73.81959,,,3,POINT (-73.81959 40.731939),56,78,5678,40.7323640605,-73.819674863,0.04780240712361118
6377436278,40.7320754,-73.8148433,,,4,POINT (-73.8148433 40.7320754),56,79,5679,40.7323640605,-73.814130581,0.06809327277594876
5915005683,40.7320039,-73.8080261,,traffic_signals,4,POINT (-73.8080261 40.7320039),56,80,5680,40.7323640605,-73.80858629900001,0.06190238068262868
42880891,40.733027,-73.803068,,,4,POINT (-73.803068 40.733027),56,81,5681,40.7323640605,-73.80304201700001,0.07374801253951717
42880907,40.732822,-73.797663,,,4,POINT (-73.797663 40.732822),56,82,5682,40.7323640605,-73.79749773500001,0.05279026141672936
42880924,40.7330536,-73.7919956,,,4,POINT (-73.7919956 40.7330536),56,83,5683,40.7323640605,-73.791953453,0.0767554922653013
42811155,40.731972,-73.786499,,,4,POINT (-73.786499 40.731972),56,84,5684,40.7323640605,-73.786409171,0.04424732415082295
42785638,40.7317793,-73.7803461,,,4,POINT (-73.7803461 40.7317793),56,85,5685,40.7323640605,-73.780864889,0.07835022138662291
42785653,40.732963,-73.775886,,,4,POINT (-73.775886 40.732963),56,86,5686,40.7323640605,-73.77532060700001,0.08188386142455117
2700932505,40.7318506,-73.7700889,,traffic_signals,4,POINT (-73.7700889 40.7318506),56,87,5687,40.7323640605,-73.76977632500001,0.06287619813553078
42798875,40.7320887,-73.7645168,,,3,POINT (-73.7645168 40.7320887),56,88,5688,40.7323640605,-73.764232043,0.03889983044701292
42850106,40.7316,-73.757979,,,4,POINT (-73.757979 40.7316),56,89,5689,40.7323640605,-73.758687761,0.1038492279346128
42867297,40.732821,-73.753418,,,4,POINT (-73.753418 40.732821),56,90,5690,40.7323640605,-73.753143479,0.05582681130904793
42917286,40.732369,-73.748037,,,3,POINT (-73.748037 40.732369),56,91,5691,40.7323640605,-73.747599197,0.036893245715011805
361436318,40.7318038,-73.7416991,,,3,POINT (-73.7416991 40.7318038),56,92,5692,40.7323640605,-73.74205491500001,0.06913694153146512
4386311876,40.7328472,-73.7358041,,,3,POINT (-73.7358041 40.7328472),56,93,5693,40.7323640605,-73.73651063300001,0.08018846636257213
42810996,40.732867,-73.732186,,traffic_signals,3,POINT (-73.732186 40.732867),56,94,5694,40.7323640605,-73.730966351,0.11699813866673972
42832233,40.732689,-73.725283,,,3,POINT (-73.725283 40.732689),56,95,5695,40.7323640605,-73.725422069,0.03798424813269451
42812761,40.732316,-73.719231,,,3,POINT (-73.719231 40.732316),56,96,5696,40.7323640605,-73.719877787,0.05475950501720115
42857950,40.7320771,-73.7142894,,,4,POINT (-73.7142894 40.7320771),56,97,5697,40.7323640605,-73.714333505,0.032124234369627996
42917208,40.733101,-73.708693,,,4,POINT (-73.708693 40.733101),56,98,5698,40.7323640605,-73.70878922300001,0.08234405082713006
42903566,40.7319,-73.705325,,,4,POINT (-73.705325 40.7319),56,99,5699,40.7323640605,-73.70324494100001,0.18270408347642833
42440943,40.7361909,-74.0083227,,,4,POINT (-74.0083227 40.7361909),57,44,5744,40.7365052775,-74.008180451,0.03695467908160956
42433275,40.7364365,-74.0019538,,,4,POINT (-74.0019538 40.7364365),57,45,5745,40.7365052775,-74.00263616900001,0.057999093205351834
42429374,40.736668,-73.997341,,traffic_signals,4,POINT (-73.997341 40.736668),57,46,5746,40.7365052775,-73.99709188700001,0.027711406310597778
42428170,40.7371276,-73.9903368,,traffic_signals,3,POINT (-73.9903368 40.7371276),57,47,5747,40.7365052775,-73.99154760500001,0.12327055651043813
42434358,40.7370531,-73.9865444,,traffic_signals,4,POINT (-73.9865444 40.7370531),57,48,5748,40.7365052775,-73.986003323,0.07608488966265546
42440330,40.7372187,-73.9813983,,traffic_signals,4,POINT (-73.9813983 40.7372187),57,49,5749,40.7365052775,-73.980459041,0.11205198021114893
42426875,40.7369776,-73.9749044,,,3,POINT (-73.9749044 40.7369776),57,50,5750,40.7365052775,-73.97491475900001,0.05252711735905334
9121317157,40.7345901,-73.9611415,,turning_circle,1,POINT (-73.9611415 40.7345901),57,52,5752,40.7365052775,-73.96382619500001,0.3106733537243861
2991742348,40.7364566,-73.9582016,,,3,POINT (-73.9582016 40.7364566),57,53,5753,40.7365052775,-73.95828191300001,0.008665211424397724
42509176,40.7368372,-73.9526416,,stop,4,POINT (-73.9526416 40.7368372),57,54,5754,40.7365052775,-73.952737631,0.03778455144695796
2473603044,40.7362842,-73.9487085,,,1,POINT (-73.9487085 40.7362842),57,55,5755,40.7365052775,-73.947193349,0.13000381840575648
279156836,40.7370073,-73.9428,,,1,POINT (-73.9428 40.7370073),57,56,5756,40.7365052775,-73.94164906700001,0.1118905223984127
9179114938,40.7366879,-73.93585,,,3,POINT (-73.93585 40.7366879),57,57,5757,40.7365052775,-73.93610478500001,0.02954967202365047
597294550,40.7369917,-73.930661,15,motorway_junction,3,POINT (-73.930661 40.7369917),57,58,5758,40.7365052775,-73.93056050300001,0.05474646880624464
42825299,40.7360478,-73.9248787,,,3,POINT (-73.9248787 40.7360478),57,59,5759,40.7365052775,-73.925016221,0.05217209119566426
42904473,40.7373652,-73.9189029,,,4,POINT (-73.9189029 40.7373652),57,60,5760,40.7365052775,-73.919471939,0.10696542530456454
42825313,40.7366977,-73.9081856,,,3,POINT (-73.9081856 40.7366977),57,62,5762,40.7365052775,-73.90838337500001,0.027119646794603134
42910143,40.7370763,-73.9027771,,,4,POINT (-73.9027771 40.7370763),57,63,5763,40.7365052775,-73.90283909300001,0.06370927497481613
42845925,40.7361999,-73.8968733,,,4,POINT (-73.8968733 40.7361999),57,64,5764,40.7365052775,-73.89729481100001,0.04913555147646418
9224831406,40.7367361,-73.8922953,,,1,POINT (-73.8922953 40.7367361),57,65,5765,40.7365052775,-73.891750529,0.052588075204320954
42836234,40.736939,-73.886567,,traffic_signals,4,POINT (-73.886567 40.736939),57,66,5766,40.7365052775,-73.886206247,0.05700673995238818
2089938002,40.7371407,-73.8803553,,,3,POINT (-73.8803553 40.7371407),57,67,5767,40.7365052775,-73.880661965,0.07523182052008684
42786660,40.736999,-73.875247,,,3,POINT (-73.875247 40.736999),57,68,5768,40.7365052775,-73.87511768300001,0.05597017086529912
42838611,40.7365239,-73.8700958,,traffic_signals,4,POINT (-73.8700958 40.7365239),57,69,5769,40.7365052775,-73.86957340100001,0.0440631311783901
3614573766,40.7371697,-73.8640292,,traffic_signals,3,POINT (-73.8640292 40.7371697),57,70,5770,40.7365052775,-73.86402911900001,0.07388041146388213
42858317,40.736376,-73.8590479,,,3,POINT (-73.8590479 40.736376),57,71,5771,40.7365052775,-73.858484837,0.049570691941721506
42819277,40.7367687,-73.8524686,,,3,POINT (-73.8524686 40.7367687),57,72,5772,40.7365052775,-73.852940555,0.04938797470878095
42896231,40.7364584,-73.8483784,,,3,POINT (-73.8483784 40.7364584),57,73,5773,40.7365052775,-73.847396273,0.08291263769684099
277142928,40.7361315,-73.8367938,,,3,POINT (-73.8367938 40.7361315),57,75,5775,40.7365052775,-73.83630770900001,0.05835034520225713
42910891,40.7374097,-73.829456,,,3,POINT (-73.829456 40.7374097),57,76,5776,40.7365052775,-73.83076342700001,0.14915785881017077
2711571364,40.7351223,-73.8253244,,traffic_signals,3,POINT (-73.8253244 40.7351223),57,77,5777,40.7365052775,-73.825219145,0.15403558098337683
5369226610,40.7384159,-73.8170967,,,3,POINT (-73.8170967 40.7384159),57,78,5778,40.7365052775,-73.819674863,0.3038413983158223
3326202719,40.7362,-73.813387,,,1,POINT (-73.813387 40.7362),57,79,5779,40.7365052775,-73.814130581,0.07125537153143296
42811702,40.736921,-73.80857,,stop,4,POINT (-73.80857 40.736921),57,80,5780,40.7365052775,-73.80858629900001,0.04624662635064522
42898476,40.7367,-73.802823,,,4,POINT (-73.802823 40.7367),57,81,5781,40.7365052775,-73.80304201700001,0.028448795915508602
42890800,40.736493,-73.797419,,,4,POINT (-73.797419 40.736493),57,82,5782,40.7365052775,-73.79749773500001,0.006772795113129536
42917407,40.736712,-73.791743,,,4,POINT (-73.791743 40.736712),57,83,5783,40.7365052775,-73.791953453,0.029030807576617905
42888116,40.735854,-73.785622,,,3,POINT (-73.785622 40.735854),57,84,5784,40.7365052775,-73.786409171,0.0981998821934634
5617165803,40.7363075,-73.7807152,,,3,POINT (-73.7807152 40.7363075),57,85,5785,40.7365052775,-73.780864889,0.02535160517484712
42847956,40.735604,-73.775154,,traffic_signals,4,POINT (-73.775154 40.735604),57,86,5786,40.7365052775,-73.77532060700001,0.10119582629822213
42928748,40.7374751,-73.7689652,,traffic_signals,3,POINT (-73.7689652 40.7374751),57,87,5787,40.7365052775,-73.76977632500001,0.12767041853013003
42930549,40.7359653,-73.7625231,,,1,POINT (-73.7625231 40.7359653),57,88,5788,40.7365052775,-73.764232043,0.1560041577004207
42873579,40.735546,-73.758853,,,3,POINT (-73.758853 40.735546),57,89,5789,40.7365052775,-73.758687761,0.1075715237574714
42786919,40.736603,-73.753272,,,3,POINT (-73.753272 40.736603),57,90,5790,40.7365052775,-73.753143479,0.015340498245610389
42879921,40.7356284,-73.7477389,,,3,POINT (-73.7477389 40.7356284),57,91,5791,40.7365052775,-73.747599197,0.09821223524795357
2797871902,40.7367126,-73.7425322,,traffic_signals,4,POINT (-73.7425322 40.7367126),57,92,5792,40.7365052775,-73.74205491500001,0.04635259218836131
42819484,40.735829,-73.736029,,,4,POINT (-73.736029 40.735829),57,93,5793,40.7365052775,-73.73651063300001,0.08544919670665435
42832176,40.7360707,-73.7263626,,,1,POINT (-73.7263626 40.7360707),57,95,5795,40.7365052775,-73.725422069,0.09281561484382805
42848591,40.736794,-73.71992,,,4,POINT (-73.71992 40.736794),57,96,5796,40.7365052775,-73.719877787,0.03230088309488181
5777812593,40.7361327,-73.7139017,,traffic_signals,4,POINT (-73.7139017 40.7361327),57,97,5797,40.7365052775,-73.714333505,0.055135838895691215
42895394,40.73714,-73.70922,,traffic_signals,4,POINT (-73.70922 40.73714),57,98,5798,40.7365052775,-73.70878922300001,0.07936340182306818
42808654,40.736244,-73.702966,,,4,POINT (-73.702966 40.736244),57,99,5799,40.7365052775,-73.70324494100001,0.037368552841187994
42431154,40.7402946,-74.0079644,,,4,POINT (-74.0079644 40.7402946),58,44,5844,40.7406464945,-74.008180451,0.04315540296333281
42435598,40.7404441,-74.0019879,,traffic_signals,4,POINT (-74.0019879 40.7404441),58,45,5845,40.7406464945,-74.00263616900001,0.059071316415652095
42429661,40.741056,-73.997862,,traffic_signals,4,POINT (-73.997862 40.741056),58,46,5846,40.7406464945,-73.99709188700001,0.07926540230269273
42443671,40.7402701,-73.9905315,,traffic_signals,4,POINT (-73.9905315 40.7402701),58,47,5847,40.7406464945,-73.99154760500001,0.09528969885939383
42436578,40.7408251,-73.9858246,,traffic_signals,4,POINT (-73.9858246 40.7408251),58,48,5848,40.7406464945,-73.986003323,0.024922711382192902
42449918,40.7413442,-73.9813061,,traffic_signals,4,POINT (-73.9813061 40.7413442),58,49,5849,40.7406464945,-73.980459041,0.10541174947752374
6572026580,40.7405824,-73.9756299,,,1,POINT (-73.9756299 40.7405824),58,50,5850,40.7406464945,-73.97491475900001,0.06067016929122525
5749889413,40.7397865,-73.9613169,,,3,POINT (-73.9613169 40.7397865),58,52,5852,40.7406464945,-73.96382619500001,0.23202947273706906
42786626,40.7408018,-73.9593763,,traffic_signals,4,POINT (-73.9593763 40.7408018),58,53,5853,40.7406464945,-73.95828191300001,0.09380446567469868
597237255,40.7404357,-73.9524269,,,4,POINT (-73.9524269 40.7404357),58,54,5854,40.7406464945,-73.952737631,0.0351387825886103
42836338,40.7406907,-73.9473805,,stop,4,POINT (-73.9473805 40.7406907),58,55,5855,40.7406464945,-73.947193349,0.016515746648902055
42872060,40.7404918,-73.942527,,,3,POINT (-73.942527 40.7404918),58,56,5856,40.7406464945,-73.94164906700001,0.07593907670229956
42832503,40.7403476,-73.9363475,,traffic_signals,4,POINT (-73.9363475 40.7403476),58,57,5857,40.7406464945,-73.93610478500001,0.03902239201477118
42866719,40.7406064,-73.9306041,,traffic_signals,4,POINT (-73.9306041 40.7406064),58,58,5858,40.7406464945,-73.93056050300001,0.005776462696493071
42880313,40.7399626,-73.9250345,,traffic_signals,4,POINT (-73.9250345 40.7399626),58,59,5859,40.7406464945,-73.925016221,0.0760611904296575
42833579,40.7411631,-73.9190999,,traffic_signals,4,POINT (-73.9190999 40.7411631),58,60,5860,40.7406464945,-73.919471939,0.0654388382936851
42819610,40.7405496,-73.9144419,,,2,POINT (-73.9144419 40.7405496),58,61,5861,40.7406464945,-73.913927657,0.044644200263500966
42860670,40.740745,-73.907784,,,3,POINT (-73.907784 40.740745),58,62,5862,40.7406464945,-73.90838337500001,0.051671137381345066
276314246,40.7411223,-73.9027471,,traffic_signals,4,POINT (-73.9027471 40.7411223),58,63,5863,40.7406464945,-73.90283909300001,0.053471811877725796
3786650984,40.7403627,-73.8974377,,,3,POINT (-73.8974377 40.7403627),58,64,5864,40.7406464945,-73.89729481100001,0.033774757447770046
42865973,40.740517,-73.892351,,,3,POINT (-73.892351 40.740517),58,65,5865,40.7406464945,-73.891750529,0.05259856600353319
42843168,40.740577,-73.88559,,,3,POINT (-73.88559 40.740577),58,66,5866,40.7406464945,-73.886206247,0.05249028174013148
2262233568,40.7410022,-73.8801276,,,3,POINT (-73.8801276 40.7410022),58,67,5867,40.7406464945,-73.880661965,0.05992651388304541
42877391,40.7406134,-73.8750529,,,1,POINT (-73.8750529 40.7406134),58,68,5868,40.7406464945,-73.87511768300001,0.006582616884355455
42836287,40.74057,-73.869248,,stop,4,POINT (-73.869248 40.74057),58,69,5869,40.7406464945,-73.86957340100001,0.02870400469614625
42806626,40.740472,-73.864411,,,4,POINT (-73.864411 40.740472),58,70,5870,40.7406464945,-73.86402911900001,0.037571118074825834
42807475,40.7408018,-73.858758,,stop,4,POINT (-73.858758 40.7408018),58,71,5871,40.7406464945,-73.858484837,0.028772507734394083
42826459,40.74071,-73.85264,,,4,POINT (-73.85264 40.74071),58,72,5872,40.7406464945,-73.852940555,0.026287711604776467
106602625,40.7402553,-73.8476878,,,3,POINT (-73.8476878 40.7402553),58,73,5873,40.7406464945,-73.847396273,0.04995389892613596
106650008,40.7414281,-73.8418405,,,3,POINT (-73.8418405 40.7414281),58,74,5874,40.7406464945,-73.84185199100001,0.08691595794605157
42796937,40.7404356,-73.8369122,,,3,POINT (-73.8369122 40.7404356),58,75,5875,40.7406464945,-73.83630770900001,0.05606764308353659
42866332,40.740953,-73.83122,,,1,POINT (-73.83122 40.740953),58,76,5876,40.7406464945,-73.83076342700001,0.051392542746
42866340,40.7403786,-73.8249851,,,3,POINT (-73.8249851 40.7403786),58,77,5877,40.7406464945,-73.825219145,0.03572339237188277
42889076,40.7405979,-73.8194055,,,3,POINT (-73.8194055 40.7405979),58,78,5878,40.7406464945,-73.819674863,0.023328060771297104
42838823,40.740746,-73.814023,,,3,POINT (-73.814023 40.740746),58,79,5879,40.7406464945,-73.814130581,0.014302878438249192
42811570,40.740529,-73.808333,,stop,4,POINT (-73.808333 40.740529),58,80,5880,40.7406464945,-73.80858629900001,0.02502190440373422
3564408925,40.7403833,-73.8044895,,traffic_signals,3,POINT (-73.8044895 40.7403833),58,81,5881,40.7406464945,-73.80304201700001,0.12541208208594248
42839012,40.740564,-73.797268,,,3,POINT (-73.797268 40.740564),58,82,5882,40.7406464945,-73.79749773500001,0.021418677663291537
42886755,40.741017,-73.79179,,,4,POINT (-73.79179 40.741017),58,83,5883,40.7406464945,-73.791953453,0.043438878201516026
5895887388,40.7406459,-73.7864982,,,4,POINT (-73.7864982 40.7406459),58,84,5884,40.7406464945,-73.786409171,0.00750091611564037
42832836,40.740745,-73.78087,,,3,POINT (-73.78087 40.740745),58,85,5885,40.7406464945,-73.780864889,0.010961772421119379
42807331,40.739712,-73.775292,,stop,3,POINT (-73.775292 40.739712),58,86,5886,40.7406464945,-73.77532060700001,0.1039389942044918
280141274,40.740528,-73.7697033,4E-W,motorway_junction,3,POINT (-73.7697033 40.740528),58,87,5887,40.7406464945,-73.76977632500001,0.01454157843842741
42880683,40.7406794,-73.7642863,,,3,POINT (-73.7642863 40.7406794),58,88,5888,40.7406464945,-73.764232043,0.005855149079497668
5155326573,40.740827,-73.7583587,,traffic_signals,4,POINT (-73.7583587 40.740827),58,89,5889,40.7406464945,-73.758687761,0.034226117383275315
42786335,40.740838,-73.754634,,,3,POINT (-73.754634 40.740838),58,90,5890,40.7406464945,-73.753143479,0.1273677772662705
42823364,40.740347,-73.746578,,,3,POINT (-73.746578 40.740347),58,91,5891,40.7406464945,-73.747599197,0.09225565741756016
42851353,40.7400918,-73.743857,,,3,POINT (-73.743857 40.7400918),58,92,5892,40.7406464945,-73.74205491500001,0.16387534375339724
42790064,40.7408373,-73.7365459,,motorway_junction,3,POINT (-73.7365459 40.7408373),58,93,5893,40.7406464945,-73.73651063300001,0.021423640591270224
3586735326,40.7405803,-73.7297038,,,3,POINT (-73.7297038 40.7405803),58,94,5894,40.7406464945,-73.730966351,0.10662336426886827
462758687,40.7403889,-73.7258467,,,3,POINT (-73.7258467 40.7403889),58,95,5895,40.7406464945,-73.725422069,0.04582877680797873
42819054,40.74102,-73.7195395,,,4,POINT (-73.7195395 40.74102),58,96,5896,40.7406464945,-73.719877787,0.05037032319573752
42867397,40.740221,-73.714265,,,4,POINT (-73.714265 40.740221),58,97,5897,40.7406464945,-73.714333505,0.04766355218338456
42867417,40.741384,-73.708846,,,4,POINT (-73.708846 40.741384),58,98,5898,40.7406464945,-73.70878922300001,0.08214625714126547
42844566,40.740322,-73.703505,,,4,POINT (-73.703505 40.740322),58,99,5899,40.7406464945,-73.70324494100001,0.042213284362997906
42439295,40.7446855,-74.0082567,,traffic_signals,4,POINT (-74.0082567 40.7446855),59,44,5944,40.744787711499995,-74.008180451,0.01305503699266306
42427386,40.7446399,-74.0027323,,traffic_signals,4,POINT (-74.0027323 40.7446399),59,45,5945,40.744787711499995,-74.00263616900001,0.018322762372427186
42435624,40.7453054,-73.998472,,traffic_signals,4,POINT (-73.998472 40.7453054),59,46,5946,40.744787711499995,-73.99709188700001,0.12973581327831205
42430277,40.7448072,-73.9914152,,traffic_signals,4,POINT (-73.9914152 40.7448072),59,47,5947,40.744787711499995,-73.99154760500001,0.011362874349247251
42436746,40.7446313,-73.9852432,,traffic_signals,4,POINT (-73.9852432 40.7446313),59,48,5948,40.744787711499995,-73.986003323,0.06635570503169543
42446934,40.7451153,-73.9806499,,traffic_signals,4,POINT (-73.9806499 40.7451153),59,49,5949,40.744787711499995,-73.980459041,0.039816963569788526
42445387,40.7445022,-73.9752025,,traffic_signals,3,POINT (-73.9752025 40.7445022),59,50,5950,40.744787711499995,-73.97491475900001,0.03994372546111899
6176628861,40.745191,-73.9709232,,traffic_signals,3,POINT (-73.9709232 40.745191),59,51,5951,40.744787711499995,-73.96937047700001,0.1382804008996167
276318086,40.7448287,-73.957904,,,3,POINT (-73.957904 40.7448287),59,53,5953,40.744787711499995,-73.95828191300001,0.03216147005558569
42826875,40.7448067,-73.9534089,,traffic_signals,4,POINT (-73.9534089 40.7448067),59,54,5954,40.744787711499995,-73.952737631,0.05658977134847902
42844256,40.7450853,-73.9475086,,,3,POINT (-73.9475086 40.7450853),59,55,5955,40.744787711499995,-73.947193349,0.04242987483847291
42866502,40.7451988,-73.9420334,,,1,POINT (-73.9420334 40.7451988),59,56,5956,40.744787711499995,-73.94164906700001,0.05601609830652728
42867654,40.7450749,-73.9363505,,traffic_signals,3,POINT (-73.9363505 40.7450749),59,57,5957,40.744787711499995,-73.93610478500001,0.03805604864317697
597294551,40.7447128,-73.9307236,,traffic_signals,4,POINT (-73.9307236 40.7447128),59,58,5958,40.744787711499995,-73.93056050300001,0.016067713398665157
2708237395,40.7440628,-73.9251476,,traffic_signals,4,POINT (-73.9251476 40.7440628),59,59,5959,40.744787711499995,-73.925016221,0.08136279448760572
42817797,40.7450293,-73.9192737,,traffic_signals,4,POINT (-73.9192737 40.7450293),59,60,5960,40.744787711499995,-73.919471939,0.03163142255238228
42796343,40.7448386,-73.9136272,,,3,POINT (-73.9136272 40.7448386),59,61,5961,40.744787711499995,-73.913927657,0.025936471066056357
42870249,40.7451463,-73.90843,,traffic_signals,3,POINT (-73.90843 40.7451463),59,62,5962,40.744787711499995,-73.90838337500001,0.040066219615660044
42847927,40.744633,-73.902626,,,3,POINT (-73.902626 40.744633),59,63,5963,40.744787711499995,-73.90283909300001,0.02486394615693093
42895300,40.7445943,-73.8968923,,,3,POINT (-73.8968923 40.7445943),59,64,5964,40.744787711499995,-73.89729481100001,0.040154162622164716
42839083,40.745117,-73.892005,,stop,4,POINT (-73.892005 40.745117),59,65,5965,40.744787711499995,-73.891750529,0.04242928544240179
6390447202,40.7446483,-73.8866307,,,2,POINT (-73.8866307 40.7446483),59,66,5966,40.744787711499995,-73.886206247,0.03897328476493534
42831665,40.7446291,-73.8812142,,stop,4,POINT (-73.8812142 40.7446291),59,67,5967,40.744787711499995,-73.880661965,0.04975341765549296
42898092,40.745461,-73.875827,,stop,4,POINT (-73.875827 40.745461),59,68,5968,40.744787711499995,-73.87511768300001,0.09578968713301443
42817937,40.745242,-73.869288,,,3,POINT (-73.869288 40.745242),59,69,5969,40.744787711499995,-73.86957340100001,0.05594461199023693
42843048,40.745088,-73.8643824,,traffic_signals,4,POINT (-73.8643824 40.745088),59,70,5970,40.744787711499995,-73.86402911900001,0.04472907391666833
42834959,40.744783,-73.8590706,,,3,POINT (-73.8590706 40.744783),59,71,5971,40.744787711499995,-73.858484837,0.04934979236086018
42836372,40.7448031,-73.8523432,,,4,POINT (-73.8523432 40.7448031),59,72,5972,40.744787711499995,-73.852940555,0.050352642938073226
106602276,40.7447768,-73.8473828,10W-E,motorway_junction,3,POINT (-73.8473828 40.7447768),59,73,5973,40.744787711499995,-73.847396273,0.0016614373526481529
5334046205,40.7448884,-73.8359844,,traffic_signals,4,POINT (-73.8359844 40.7448884),59,75,5975,40.744787711499995,-73.83630770900001,0.02944818848006476
42901928,40.745127,-73.831422,,,3,POINT (-73.831422 40.745127),59,76,5976,40.744787711499995,-73.83076342700001,0.0670927987518144
42815585,40.7452,-73.824891,,,3,POINT (-73.824891 40.7452),59,77,5977,40.744787711499995,-73.825219145,0.05353417099202409
42887149,40.744585,-73.819646,,,4,POINT (-73.819646 40.744585),59,78,5978,40.744787711499995,-73.819674863,0.0226712611597693
42847446,40.744555,-73.813785,,,3,POINT (-73.813785 40.744555),59,79,5979,40.744787711499995,-73.814130581,0.03895075922377703
3564408933,40.7464651,-73.8032901,,,4,POINT (-73.8032901 40.7464651),59,81,5981,40.744787711499995,-73.80304201700001,0.1876843185409976
280232865,40.743173,-73.7955482,,,3,POINT (-73.7955482 40.743173),59,82,5982,40.744787711499995,-73.79749773500001,0.2433345461018823
42910356,40.744971,-73.791673,,,3,POINT (-73.791673 40.744971),59,83,5983,40.744787711499995,-73.791953453,0.031202307145377313
42904645,40.745036,-73.78665,,,3,POINT (-73.78665 40.745036),59,84,5984,40.744787711499995,-73.786409171,0.034261383027987195
42787850,40.744555,-73.78039,,,4,POINT (-73.78039 40.744555),59,85,5985,40.744787711499995,-73.780864889,0.04764571213687245
42816647,40.7440779,-73.7750271,,,3,POINT (-73.7750271 40.7440779),59,86,5986,40.744787711499995,-73.77532060700001,0.08270992614591617
42793011,40.7453899,-73.7698029,27S;27N,motorway_junction,3,POINT (-73.7698029 40.7453899),59,87,5987,40.744787711499995,-73.76977632500001,0.06699772159497486
42849995,40.744994,-73.764329,,,4,POINT (-73.764329 40.744994),59,88,5988,40.744787711499995,-73.764232043,0.024349113851234887
42842636,40.7445612,-73.7589852,,,3,POINT (-73.7589852 40.7445612),59,89,5989,40.744787711499995,-73.758687761,0.0355282873722729
42915190,40.7444092,-73.7533865,,turning_circle,1,POINT (-73.7533865 40.7444092),59,90,5990,40.744787711499995,-73.753143479,0.04680379501919189
42854120,40.745232,-73.747713,,,3,POINT (-73.747713 40.745232),59,91,5991,40.744787711499995,-73.747599197,0.0503242855043889
464711680,40.7455233,-73.735502,29E;29W,motorway_junction,3,POINT (-73.735502 40.7455233),59,93,5993,40.744787711499995,-73.73651063300001,0.1179417089542368
464675183,40.7457199,-73.7308118,,motorway_junction,3,POINT (-73.7308118 40.7457199),59,94,5994,40.744787711499995,-73.730966351,0.10446913673733656
42812486,40.7436934,-73.7253361,,,3,POINT (-73.7253361 40.7436934),59,95,5995,40.744787711499995,-73.725422069,0.1218972289257531
42854636,40.74493,-73.720096,,,4,POINT (-73.720096 40.74493),59,96,5996,40.744787711499995,-73.719877787,0.024254214423392033
42834560,40.744279,-73.713823,,,4,POINT (-73.713823 40.744279),59,97,5997,40.744787711499995,-73.714333505,0.07105872275039504
42837425,40.745249,-73.709309,,,4,POINT (-73.709309 40.745249),59,98,5998,40.744787711499995,-73.70878922300001,0.06744144847271924
42819107,40.744547,-73.703087,,,4,POINT (-73.703087 40.744547),59,99,5999,40.744787711499995,-73.70324494100001,0.029890673385583814
246580736,40.7481885,-74.0076356,,traffic_signals,4,POINT (-74.0076356 40.7481885),60,44,6044,40.7489289285,-74.008180451,0.09426107455760586
42453630,40.748974,-74.003236,,traffic_signals,4,POINT (-74.003236 40.748974),60,45,6045,40.7489289285,-74.00263616900001,0.05077692610744975
42435633,40.748435,-73.996192,,traffic_signals,4,POINT (-73.996192 40.748435),60,46,6046,40.7489289285,-73.99709188700001,0.09361066753970751
42435422,40.749101,-73.992006,,traffic_signals,4,POINT (-73.992006 40.749101),60,47,6047,40.7489289285,-73.99154760500001,0.04309495060931099
42437644,40.7484355,-73.984557,,traffic_signals,4,POINT (-73.984557 40.7484355),60,48,6048,40.7489289285,-73.986003323,0.1336210493415566
561042192,40.7490228,-73.9800466,,traffic_signals,4,POINT (-73.9800466 40.7490228),60,49,6049,40.7489289285,-73.980459041,0.036277573673601266
11337295598,40.7491249,-73.9745165,,traffic_signals,4,POINT (-73.9745165 40.7491249),60,50,6050,40.7489289285,-73.97491475900001,0.040004629366129786
248708582,40.7487771,-73.9697356,,traffic_signals,5,POINT (-73.9697356 40.7487771),60,51,6051,40.7489289285,-73.96937047700001,0.035086277167769575
1696727885,40.748525,-73.9568933,,turning_loop,2,POINT (-73.9568933 40.748525),60,53,6053,40.7489289285,-73.95828191300001,0.12530193579409477
42825534,40.7490527,-73.9522085,,traffic_signals,4,POINT (-73.9522085 40.7490527),60,54,6054,40.7489289285,-73.952737631,0.04664966842869799
42825901,40.7488584,-73.9471114,,traffic_signals,4,POINT (-73.9471114 40.7488584),60,55,6055,40.7489289285,-73.947193349,0.010447906405118088
42818139,40.748902,-73.9421415,,stop,4,POINT (-73.9421415 40.748902),60,56,6056,40.7489289285,-73.94164906700001,0.041589873308047205
3785669515,40.7493056,-73.936619,,,3,POINT (-73.936619 40.7493056),60,57,6057,40.7489289285,-73.93610478500001,0.06025448250914251
7667163645,40.74705,-73.9293295,,traffic_signals,4,POINT (-73.9293295 40.74705),60,58,6058,40.7489289285,-73.93056050300001,0.23324714793809925
42932839,40.747433,-73.925485,,traffic_signals,4,POINT (-73.925485 40.747433),60,59,6059,40.7489289285,-73.925016221,0.17096293880316618
42815088,40.7493498,-73.9193711,,,3,POINT (-73.9193711 40.7493498),60,60,6060,40.7489289285,-73.919471939,0.047563455745059824
42807823,40.749034,-73.914668,,,3,POINT (-73.914668 40.749034),60,61,6061,40.7489289285,-73.913927657,0.06345044788808896
42893077,40.748828,-73.908901,,,4,POINT (-73.908901 40.748828),60,62,6062,40.7489289285,-73.90838337500001,0.045025196300629046
42815952,40.7497,-73.90256,,,4,POINT (-73.90256 40.7497),60,63,6063,40.7489289285,-73.90283909300001,0.08890417079548021
4215741055,40.7491498,-73.8972321,,,3,POINT (-73.8972321 40.7491498),60,64,6064,40.7489289285,-73.89729481100001,0.025121506261045107
42816004,40.7489624,-73.8918123,,traffic_signals,4,POINT (-73.8918123 40.7489624),60,65,6065,40.7489289285,-73.891750529,0.006397559244373808
42816032,40.7495482,-73.8861758,,traffic_signals,4,POINT (-73.8861758 40.7495482),60,66,6066,40.7489289285,-73.886206247,0.0689075977737731
42850880,40.748025,-73.880206,,traffic_signals,3,POINT (-73.880206 40.748025),60,67,6067,40.7489289285,-73.880661965,0.10760137935140617
42838531,40.748614,-73.874629,,,3,POINT (-73.874629 40.748614),60,68,6068,40.7489289285,-73.87511768300001,0.054045747478541066
42858910,40.749157,-73.869425,,traffic_signals,4,POINT (-73.869425 40.749157),60,69,6069,40.7489289285,-73.86957340100001,0.02827413773684315
42903127,40.748989,-73.8638,,,3,POINT (-73.8638 40.748989),60,70,6070,40.7489289285,-73.86402911900001,0.020423863326630234
42874965,40.749353,-73.858059,,traffic_signals,4,POINT (-73.858059 40.749353),60,71,6071,40.7489289285,-73.858484837,0.05924817652745662
11575291549,40.7487676,-73.8543704,,,3,POINT (-73.8543704 40.7487676),60,72,6072,40.7489289285,-73.852940555,0.12177701963497195
6202832905,40.7489058,-73.8488153,,,3,POINT (-73.8488153 40.7489058),60,73,6073,40.7489289285,-73.847396273,0.11956472878275783
42825611,40.7484791,-73.835066,,,3,POINT (-73.835066 40.7484791),60,75,6075,40.7489289285,-73.83630770900001,0.11594438031534283
42828872,40.749026,-73.830609,,,3,POINT (-73.830609 40.749026),60,76,6076,40.7489289285,-73.83076342700001,0.016903678270327127
42876378,40.749348,-73.825844,,traffic_signals,3,POINT (-73.825844 40.749348),60,77,6077,40.7489289285,-73.825219145,0.07029984274614501
42827985,40.749223,-73.820585,,,3,POINT (-73.820585 40.749223),60,78,6078,40.7489289285,-73.819674863,0.08335058179252605
42902043,40.7489095,-73.8140855,,,4,POINT (-73.8140855 40.7489095),60,79,6079,40.7489289285,-73.814130581,0.004369053825944413
42813963,40.748779,-73.80976,,traffic_signals,3,POINT (-73.80976 40.748779),60,80,6080,40.7489289285,-73.80858629900001,0.10026687858024931
3564408940,40.7490791,-73.8027635,,,3,POINT (-73.8027635 40.7490791),60,81,6081,40.7489289285,-73.80304201700001,0.02879746548128969
2882211552,40.7491541,-73.7978514,,,1,POINT (-73.7978514 40.7491541),60,82,6082,40.7489289285,-73.79749773500001,0.03891626432303967
5515778662,40.7490348,-73.7922102,,,3,POINT (-73.7922102 40.7490348),60,83,6083,40.7489289285,-73.791953453,0.024624384493250547
42900746,40.748318,-73.786181,,,4,POINT (-73.786181 40.748318),60,84,6084,40.7489289285,-73.786409171,0.0705990152635395
42836382,40.748847,-73.781374,,,4,POINT (-73.781374 40.748847),60,85,6085,40.7489289285,-73.780864889,0.0438437967220792
42862541,40.749487,-73.775593,,,4,POINT (-73.775593 40.749487),60,86,6086,40.7489289285,-73.77532060700001,0.06616120226075319
42847304,40.749118,-73.770354,,,4,POINT (-73.770354 40.749118),60,87,6087,40.7489289285,-73.76977632500001,0.0530098394315402
42815411,40.7489664,-73.7641712,,,4,POINT (-73.7641712 40.7489664),60,88,6088,40.7489289285,-73.764232043,0.006605298312293964
42849551,40.748851,-73.759021,,,3,POINT (-73.759021 40.748851),60,89,6089,40.7489289285,-73.758687761,0.02937863421499729
42875940,40.7491511,-73.753512,,,3,POINT (-73.753512 40.7491511),60,90,6090,40.7489289285,-73.753143479,0.03967386360907762
42902434,40.749538,-73.747758,,,4,POINT (-73.747758 40.749538),60,91,6091,40.7489289285,-73.747599197,0.06903417537702342
462129673,40.7499896,-73.7410367,,,3,POINT (-73.7410367 40.7499896),60,92,6092,40.7489289285,-73.74205491500001,0.1458323127096446
42895882,40.749168,-73.7363935,,,1,POINT (-73.7363935 40.749168),60,93,6093,40.7489289285,-73.73651063300001,0.028355678730291566
9683760034,40.7485506,-73.7304591,,,1,POINT (-73.7304591 40.7485506),60,94,6094,40.7489289285,-73.730966351,0.05996343361255071
7788528976,40.7506863,-73.7241053,,,3,POINT (-73.7241053 40.7506863),60,95,6095,40.7489289285,-73.725422069,0.2246974787017973
42859837,40.7493615,-73.7199558,,,3,POINT (-73.7199558 40.7493615),60,96,6096,40.7489289285,-73.719877787,0.0485466139737685
5272423099,40.7490826,-73.7148152,,,3,POINT (-73.7148152 40.7490826),60,97,6097,40.7489289285,-73.714333505,0.044028425985969906
42847681,40.7488654,-73.7088428,,,3,POINT (-73.7088428 40.7488654),60,98,6098,40.7489289285,-73.70878922300001,0.008382737287788447
42816261,40.7486184,-73.7026472,,,4,POINT (-73.7026472 40.7486184),60,99,6099,40.7489289285,-73.70324494100001,0.061054864562972856
42438684,40.7530959,-74.0072963,,,3,POINT (-74.0072963 40.7530959),61,44,6144,40.7530701455,-74.008180451,0.07453015252661392
42430607,40.7532765,-74.0038197,,traffic_signals,4,POINT (-74.0038197 40.7532765),61,45,6145,40.7530701455,-74.00263616900001,0.10229932998293939
42444954,40.7527349,-73.996798,,traffic_signals,4,POINT (-73.996798 40.7527349),61,46,6146,40.7530701455,-73.99709188700001,0.044748618489960076
42435646,40.7534779,-73.9925251,,traffic_signals,4,POINT (-73.9925251 40.7534779),61,47,6147,40.7530701455,-73.99154760500001,0.0939958053013377
42430320,40.7529437,-73.9854836,,traffic_signals,4,POINT (-73.9854836 40.7529437),61,48,6148,40.7530701455,-73.986003323,0.04598054624787843
42437358,40.7534805,-73.9808792,,traffic_signals,4,POINT (-73.9808792 40.7534805),61,49,6149,40.7530701455,-73.980459041,0.05774585933361667
42446977,40.752741,-73.975102,,traffic_signals,3,POINT (-73.975102 40.752741),61,50,6150,40.7530701455,-73.97491475900001,0.039853049292310726
42442948,40.7529893,-73.9698968,,traffic_signals,4,POINT (-73.9698968 40.7529893),61,51,6151,40.7530701455,-73.96937047700001,0.04523628230244919
370924677,40.7531937,-73.9637348,10,motorway_junction,3,POINT (-73.9637348 40.7531937),61,52,6152,40.7530701455,-73.96382619500001,0.01574856038798354
42826843,40.7524399,-73.9509023,,traffic_signals,3,POINT (-73.9509023 40.7524399),61,54,6154,40.7530701455,-73.952737631,0.16973943600311928
42866903,40.7531892,-73.9467482,,,4,POINT (-73.9467482 40.7531892),61,55,6155,40.7530701455,-73.947193349,0.039764721543612866
42895308,40.753459,-73.941406,,,4,POINT (-73.941406 40.753459),61,56,6156,40.7530701455,-73.94164906700001,0.04784118033109444
42817418,40.752672,-73.936402,,stop,4,POINT (-73.936402 40.752672),61,57,6157,40.7530701455,-73.93610478500001,0.05086026545086155
42876788,40.7529723,-73.9304956,,traffic_signals,4,POINT (-73.9304956 40.7529723),61,58,6158,40.7530701455,-73.93056050300001,0.012176244574528459
42917872,40.7524291,-73.924351,,traffic_signals,4,POINT (-73.924351 40.7524291),61,59,6159,40.7530701455,-73.925016221,0.09066867687650601
42923772,40.7535991,-73.9190672,,traffic_signals,3,POINT (-73.9190672 40.7535991),61,60,6160,40.7530701455,-73.919471939,0.06798338716568267
7762273788,40.7534588,-73.9134813,,traffic_signals,3,POINT (-73.9134813 40.7534588),61,61,6161,40.7530701455,-73.913927657,0.05728241494667999
6450790583,40.7532202,-73.9075921,,,3,POINT (-73.9075921 40.7532202),61,62,6162,40.7530701455,-73.90838337500001,0.06870850958541963
42827486,40.7525755,-73.9022765,,,3,POINT (-73.9022765 40.7525755),61,63,6163,40.7530701455,-73.90283909300001,0.07260150281664146
42823909,40.752459,-73.897148,,traffic_signals,4,POINT (-73.897148 40.752459),61,64,6164,40.7530701455,-73.89729481100001,0.0690723186227174
3779614586,40.7530727,-73.8915473,,traffic_signals,4,POINT (-73.8915473 40.7530727),61,65,6165,40.7530701455,-73.891750529,0.017121044718348508
42823949,40.7536102,-73.8859426,,traffic_signals,4,POINT (-73.8859426 40.7536102),61,66,6166,40.7530701455,-73.886206247,0.06402615293568277
42926933,40.752285,-73.880034,,traffic_signals,4,POINT (-73.880034 40.752285),61,67,6167,40.7530701455,-73.880661965,0.10207844676121101
42838540,40.752763,-73.875386,,traffic_signals,4,POINT (-73.875386 40.752763),61,68,6168,40.7530701455,-73.87511768300001,0.040954230613463885
42919287,40.753747,-73.8698005,,stop,4,POINT (-73.8698005 40.753747),61,69,6169,40.7530701455,-73.86957340100001,0.07765574694072633
42816127,40.753262,-73.864446,,traffic_signals,4,POINT (-73.864446 40.753262),61,70,6170,40.7530701455,-73.86402911900001,0.04108760376961172
42927942,40.7537804,-73.8578097,,turning_circle,1,POINT (-73.8578097 40.7537804),61,71,6171,40.7530701455,-73.858484837,0.09732103639109552
7661878380,40.7533667,-73.8530101,,,3,POINT (-73.8530101 40.7533667),61,72,6172,40.7530701455,-73.852940555,0.03349164553078854
274327666,40.7518562,-73.8472112,,,1,POINT (-73.8472112 40.7518562),61,73,6173,40.7530701455,-73.847396273,0.13588182065615595
42901659,40.7526591,-73.8415751,,,2,POINT (-73.8415751 40.7526591),61,74,6174,40.7530701455,-73.84185199100001,0.05131318739934604
8096312556,40.7525102,-73.8363853,,,3,POINT (-73.8363853 40.7525102),61,75,6175,40.7530701455,-73.83630770900001,0.06260519150359282
42838303,40.752339,-73.83116,,,1,POINT (-73.83116 40.752339),61,76,6176,40.7530701455,-73.83076342700001,0.08789496335776333
42807312,40.7530023,-73.8255043,,,3,POINT (-73.8255043 40.7530023),61,77,6177,40.7530701455,-73.825219145,0.025176475799166802
42848173,40.752937,-73.819778,,stop,4,POINT (-73.819778 40.752937),61,78,6178,40.7530701455,-73.819674863,0.017165822887642856
42846039,40.752604,-73.814651,,,3,POINT (-73.814651 40.752604),61,79,6179,40.7530701455,-73.814130581,0.06788469682412968
42843115,40.75406,-73.808619,,traffic_signals,4,POINT (-73.808619 40.75406),61,80,6180,40.7530701455,-73.80858629900001,0.1101012597579737
42842106,40.753699,-73.803007,,,3,POINT (-73.803007 40.753699),61,81,6181,40.7530701455,-73.80304201700001,0.06998761206986459
42833813,40.753871,-73.797325,,,3,POINT (-73.797325 40.753871),61,82,6182,40.7530701455,-73.79749773500001,0.09023178525161066
5515778672,40.7530513,-73.7923016,,traffic_signals,4,POINT (-73.7923016 40.7530513),61,83,6183,40.7530701455,-73.791953453,0.029400416843303048
42860402,40.752532,-73.7860852,,traffic_signals,4,POINT (-73.7860852 40.752532),61,84,6184,40.7530701455,-73.786409171,0.06576791613856751
4209678999,40.7533222,-73.780576,,traffic_signals,4,POINT (-73.780576 40.7533222),61,85,6185,40.7530701455,-73.780864889,0.037116984428062466
42880352,40.753354,-73.775355,,,3,POINT (-73.775355 40.753354),61,86,6186,40.7530701455,-73.77532060700001,0.03169585415556433
42910402,40.752812,-73.770033,,,4,POINT (-73.770033 40.752812),61,87,6187,40.7530701455,-73.76977632500001,0.03593605618219901
7882196379,40.7534739,-73.7645511,,,3,POINT (-73.7645511 40.7534739),61,88,6188,40.7530701455,-73.764232043,0.052324738002576705
7138131946,40.7530175,-73.7589161,,,3,POINT (-73.7589161 40.7530175),61,89,6189,40.7530701455,-73.758687761,0.02010490800602621
42934093,40.753274,-73.753473,,,3,POINT (-73.753473 40.753274),61,90,6190,40.7530701455,-73.753143479,0.035836458702420596
42787210,40.7529495,-73.7473668,,,3,POINT (-73.7473668 40.7529495),61,91,6191,40.7530701455,-73.747599197,0.0237312445454303
42806300,40.752709,-73.7414538,,traffic_signals,3,POINT (-73.7414538 40.752709),61,92,6192,40.7530701455,-73.74205491500001,0.06462542962249922
42929202,40.7525494,-73.7369771,,,3,POINT (-73.7369771 40.7525494),61,93,6193,40.7530701455,-73.73651063300001,0.06997705198927444
42812870,40.7527986,-73.7286339,,,3,POINT (-73.7286339 40.7527986),61,94,6194,40.7530701455,-73.730966351,0.19877756455136053
42829533,40.753327,-73.725576,,,3,POINT (-73.725576 40.753327),61,95,6195,40.7530701455,-73.725422069,0.03136632406885638
42903584,40.7540523,-73.7189484,,,3,POINT (-73.7189484 40.7540523),61,96,6196,40.7530701455,-73.719877787,0.13437070273790924
42899866,40.753131,-73.71527,,,4,POINT (-73.71527 40.753131),61,97,6197,40.7530701455,-73.714333505,0.07917390268513085
42823255,40.7527041,-73.7075459,,,3,POINT (-73.7075459 40.7527041),61,98,6198,40.7530701455,-73.70878922300001,0.11236103196140809
42847705,40.7535329,-73.7036227,,,4,POINT (-73.7036227 40.7535329),61,99,6199,40.7530701455,-73.70324494100001,0.06049973461923266
42430639,40.7564426,-74.0014797,,traffic_signals,3,POINT (-74.0014797 40.7564426),62,45,6245,40.7572113625,-74.00263616900001,0.1295976806454042
427850819,40.7571357,-73.9970821,,,3,POINT (-73.9970821 40.7571357),62,46,6246,40.7572113625,-73.99709188700001,0.00845357462215607
42435660,40.756567,-73.990276,,traffic_signals,4,POINT (-73.990276 40.756567),62,47,6247,40.7572113625,-73.99154760500001,0.12886157182195507
42439984,40.7573424,-73.9860116,,traffic_signals,4,POINT (-73.9860116 40.7573424),62,48,6248,40.7572113625,-73.986003323,0.014587373897378414
42430350,40.7580163,-73.9817975,,traffic_signals,4,POINT (-73.9817975 40.7580163),62,49,6249,40.7572113625,-73.980459041,0.14394583409763198
596775870,40.7572198,-73.9740765,,traffic_signals,4,POINT (-73.9740765 40.7572198),62,50,6250,40.7572113625,-73.97491475900001,0.07061131457763498
42449961,40.7570956,-73.9698449,,traffic_signals,4,POINT (-73.9698449 40.7570956),62,51,6251,40.7572113625,-73.96937047700001,0.041981941302431165
42448390,40.7570205,-73.9638565,,traffic_signals,4,POINT (-73.9638565 40.7570205),62,52,6252,40.7572113625,-73.96382619500001,0.021375891039928534
5163687759,40.7578199,-73.9594365,,,1,POINT (-73.9594365 40.7578199),62,53,6253,40.7572113625,-73.95828191300001,0.11847352386853625
1241820975,40.7575114,-73.9537902,,,3,POINT (-73.9537902 40.7575114),62,54,6254,40.7572113625,-73.952737631,0.09472552173476455
42826825,40.7565182,-73.9472123,,traffic_signals,3,POINT (-73.9472123 40.7565182),62,55,6255,40.7572113625,-73.947193349,0.07709268010040242
42876752,40.758111,-73.940862,,,4,POINT (-73.940862 40.758111),62,56,6256,40.7572113625,-73.94164906700001,0.12000735404912126
42815790,40.757393,-73.935465,,,4,POINT (-73.935465 40.757393),62,57,6257,40.7572113625,-73.93610478500001,0.057548508779214254
42935217,40.7569662,-73.9305722,,traffic_signals,4,POINT (-73.9305722 40.7569662),62,58,6258,40.7572113625,-73.93056050300001,0.027278623553901052
42866664,40.7566393,-73.9253159,,traffic_signals,4,POINT (-73.9253159 40.7566393),62,59,6259,40.7572113625,-73.925016221,0.06843555122022751
42824167,40.7563088,-73.9200593,,traffic_signals,4,POINT (-73.9200593 40.7563088),62,60,6260,40.7572113625,-73.919471939,0.11189170830731088
42833510,40.7567261,-73.9142231,,traffic_signals,4,POINT (-73.9142231 40.7567261),62,61,6261,40.7572113625,-73.913927657,0.05942048853916411
42856598,40.7572058,-73.90827,,,3,POINT (-73.90827 40.7572058),62,62,6262,40.7572113625,-73.90838337500001,0.009569388008954152
42856636,40.7574725,-73.9027867,,traffic_signals,4,POINT (-73.9027867 40.7574725),62,63,6263,40.7572113625,-73.90283909300001,0.029370583799396808
42835576,40.7565062,-73.8969146,,traffic_signals,4,POINT (-73.8969146 40.7565062),62,64,6264,40.7572113625,-73.89729481100001,0.08469820059894619
42827811,40.7570934,-73.8913325,,traffic_signals,4,POINT (-73.8913325 40.7570934),62,65,6265,40.7572113625,-73.891750529,0.037573753972810875
42835614,40.7575809,-73.8866669,,traffic_signals,4,POINT (-73.8866669 40.7575809),62,66,6266,40.7572113625,-73.886206247,0.05651439142975094
42835641,40.7581704,-73.8811039,,traffic_signals,4,POINT (-73.8811039 40.7581704),62,67,6267,40.7572113625,-73.880661965,0.1129498745342317
7762094067,40.7566447,-73.8751419,,traffic_signals,4,POINT (-73.8751419 40.7566447),62,68,6268,40.7572113625,-73.87511768300001,0.06304300217097393
7762094062,40.7572355,-73.8695045,,traffic_signals,4,POINT (-73.8695045 40.7572355),62,69,6269,40.7572113625,-73.86957340100001,0.006394000477107582
7762059067,40.7577353,-73.863714,,traffic_signals,4,POINT (-73.863714 40.7577353),62,70,6270,40.7572113625,-73.86402911900001,0.06402032059805537
3779614585,40.7567188,-73.8579419,,traffic_signals,4,POINT (-73.8579419 40.7567188),62,71,6271,40.7572113625,-73.858484837,0.07135200395091873
274419513,40.7576879,-73.852259,,,3,POINT (-73.852259 40.7576879),62,72,6272,40.7572113625,-73.852940555,0.07812319032327973
274329830,40.7574519,-73.8487361,,,2,POINT (-73.8487361 40.7574519),62,73,6273,40.7572113625,-73.847396273,0.11597733841651477
9181765255,40.7578711,-73.8421161,,,1,POINT (-73.8421161 40.7578711),62,74,6274,40.7572113625,-73.84185199100001,0.07665810720571915
6816370564,40.7576835,-73.836603,,,3,POINT (-73.836603 40.7576835),62,75,6275,40.7572113625,-73.83630770900001,0.05809285783949646
42819686,40.756481,-73.831349,,,3,POINT (-73.831349 40.756481),62,76,6276,40.7572113625,-73.83076342700001,0.09501659095210138
42848254,40.757667,-73.825173,,traffic_signals,4,POINT (-73.825173 40.757667),62,77,6277,40.7572113625,-73.825219145,0.05081344244756795
42833212,40.7568761,-73.81955,,,3,POINT (-73.81955 40.7568761),62,78,6278,40.7572113625,-73.819674863,0.038734583727465924
42836841,40.757391,-73.813703,,,4,POINT (-73.813703 40.757391),62,79,6279,40.7572113625,-73.814130581,0.04118282574103628
42901310,40.756692,-73.808257,,stop,4,POINT (-73.808257 40.756692),62,80,6280,40.7572113625,-73.80858629900001,0.06406578234588528
42809223,40.756324,-73.803595,,stop,4,POINT (-73.803595 40.756324),62,81,6281,40.7572113625,-73.80304201700001,0.10911111837546385
42818080,40.758234,-73.797674,,,4,POINT (-73.797674 40.758234),62,82,6282,40.7572113625,-73.79749773500001,0.11467718616193386
42916957,40.756949,-73.791902,,,3,POINT (-73.791902 40.756949),62,83,6283,40.7572113625,-73.791953453,0.029493523027917013
6976100523,40.7579024,-73.7866344,,traffic_signals,4,POINT (-73.7866344 40.7579024),62,84,6284,40.7572113625,-73.786409171,0.07914699174465846
42929286,40.757186,-73.780877,,stop,4,POINT (-73.780877 40.757186),62,85,6285,40.7572113625,-73.780864889,0.002999000374853588
42907377,40.756906,-73.776347,,,3,POINT (-73.776347 40.756906),62,86,6286,40.7572113625,-73.77532060700001,0.09288048453801008
42855798,40.7569606,-73.7705397,,,4,POINT (-73.7705397 40.7569606),62,87,6287,40.7572113625,-73.76977632500001,0.07008355903402952
42860474,40.757521,-73.76475,,,4,POINT (-73.76475 40.757521),62,88,6288,40.7572113625,-73.764232043,0.055576121971888263
5488612990,40.7568824,-73.7581565,,,1,POINT (-73.7581565 40.7568824),62,89,6289,40.7572113625,-73.758687761,0.05779568018038056
42916939,40.756863,-73.753158,,,3,POINT (-73.753158 40.756863),62,90,6290,40.7572113625,-73.753143479,0.038755447031706594
462122450,40.7576086,-73.7477778,,,3,POINT (-73.7477778 40.7576086),62,91,6291,40.7572113625,-73.747599197,0.04666221341808779
42862634,40.7573234,-73.7416667,,,3,POINT (-73.7416667 40.7573234),62,92,6292,40.7572113625,-73.74205491500001,0.03499146956402654
42858470,40.757103,-73.736569,,,3,POINT (-73.736569 40.757103),62,93,6293,40.7572113625,-73.73651063300001,0.013013671776366184
42843412,40.756785,-73.730752,,,3,POINT (-73.730752 40.756785),62,94,6294,40.7572113625,-73.730966351,0.05073075936849105
42857985,40.756179,-73.726356,,,3,POINT (-73.726356 40.756179),62,95,6295,40.7572113625,-73.725422069,0.13916020729861003
464877993,40.7577313,-73.7206537,24,motorway_junction,3,POINT (-73.7206537 40.7577313),62,96,6296,40.7572113625,-73.719877787,0.08725589333708723
42943310,40.7553342,-73.7153705,,,1,POINT (-73.7153705 40.7553342),62,97,6297,40.7572113625,-73.714333505,0.2262694081420021
10902094615,40.7556612,-73.7087021,,,1,POINT (-73.7087021 40.7556612),62,98,6298,40.7572113625,-73.70878922300001,0.17252634125769778
3276524466,40.7624689,-74.0099717,,,1,POINT (-74.0099717 40.7624689),63,44,6344,40.7613525795,-74.008180451,0.19536562217746292
247085867,40.7612999,-74.0019433,,,3,POINT (-74.0019433 40.7612999),63,45,6345,40.7613525795,-74.00263616900001,0.0586487875767597
6928075146,40.7610298,-73.9966945,,,2,POINT (-73.9966945 40.7610298),63,46,6346,40.7613525795,-73.99709188700001,0.04907528342498543
42445018,40.7609866,-73.990767,,traffic_signals,4,POINT (-73.990767 40.7609866),63,47,6347,40.7613525795,-73.99154760500001,0.07732078092329062
42432589,40.7616677,-73.9865661,,traffic_signals,4,POINT (-73.9865661 40.7616677),63,48,6348,40.7613525795,-73.986003323,0.05894421182308891
42430363,40.7611565,-73.9795126,,traffic_signals,4,POINT (-73.9795126 40.7611565),63,49,6349,40.7613525795,-73.980459041,0.08264024691271897
42440951,40.7616758,-73.9749271,,traffic_signals,4,POINT (-73.9749271 40.7616758),63,50,6350,40.7613525795,-73.97491475900001,0.035955506201771126
42432847,40.7609304,-73.9691328,,traffic_signals,4,POINT (-73.9691328 40.7609304),63,51,6351,40.7613525795,-73.96937047700001,0.05103407991189585
6176483595,40.7612397,-73.9639021,,traffic_signals,5,POINT (-73.9639021 40.7612397),63,52,6352,40.7613525795,-73.96382619500001,0.014085921921569955
42427970,40.7611816,-73.9579018,,traffic_signals,5,POINT (-73.9579018 40.7611816),63,53,6353,40.7613525795,-73.95828191300001,0.037234036127505796
42448828,40.7603685,-73.9517388,,crossing,3,POINT (-73.9517388 40.7603685),63,54,6354,40.7613525795,-73.952737631,0.13802462472350743
42426928,40.7624373,-73.9479808,,,1,POINT (-73.9479808 40.7624373),63,55,6355,40.7613525795,-73.947193349,0.13764645398923034
42890450,40.7616908,-73.9416136,,traffic_signals,4,POINT (-73.9416136 40.7616908),63,56,6356,40.7613525795,-73.94164906700001,0.03772684681605499
42825865,40.761344,-73.935396,,traffic_signals,4,POINT (-73.935396 40.761344),63,57,6357,40.7613525795,-73.93610478500001,0.05970362494902515
42818542,40.7612187,-73.9305792,,traffic_signals,4,POINT (-73.9305792 40.7612187),63,58,6358,40.7613525795,-73.93056050300001,0.014969776467461386
42882974,40.7615965,-73.9245807,,traffic_signals,4,POINT (-73.9245807 40.7615965),63,59,6359,40.7613525795,-73.925016221,0.045619342816890715
42856551,40.7620698,-73.9186812,,traffic_signals,4,POINT (-73.9186812 40.7620698),63,60,6360,40.7613525795,-73.919471939,0.10390171900829653
42920456,40.7612436,-73.9149432,,,4,POINT (-73.9149432 40.7612436),63,61,6361,40.7613525795,-73.913927657,0.08638630347759495
42860063,40.7608999,-73.9085969,,stop,4,POINT (-73.9085969 40.7608999),63,62,6362,40.7613525795,-73.90838337500001,0.053451803453896336
482572639,40.7605568,-73.9022846,,,3,POINT (-73.9022846 40.7605568),63,63,6363,40.7613525795,-73.90283909300001,0.10005449250831397
2446054619,40.7609974,-73.8977295,,,3,POINT (-73.8977295 40.7609974),63,64,6364,40.7613525795,-73.89729481100001,0.05385301502822817
42827977,40.760631,-73.891975,,,3,POINT (-73.891975 40.760631),63,65,6365,40.7613525795,-73.891750529,0.08243323844393838
42874192,40.761216,-73.886397,,traffic_signals,4,POINT (-73.886397 40.761216),63,66,6366,40.7613525795,-73.886206247,0.022107770284847856
42874200,40.761807,-73.880818,,traffic_signals,4,POINT (-73.880818 40.761807),63,67,6367,40.7613525795,-73.880661965,0.052210243856287544
42846335,40.761264,-73.874996,,traffic_signals,4,POINT (-73.874996 40.761264),63,68,6368,40.7613525795,-73.87511768300001,0.01421430560427241
42856736,40.761008,-73.86915,,,4,POINT (-73.86915 40.761008),63,69,6369,40.7613525795,-73.86957340100001,0.05234239607591037
7660750391,40.7611882,-73.8641576,,,4,POINT (-73.8641576 40.7611882),63,70,6370,40.7613525795,-73.86402911900001,0.021241160367975617
274421431,40.7604273,-73.8576518,9E,motorway_junction,3,POINT (-73.8576518 40.7604273),63,71,6371,40.7613525795,-73.858484837,0.12453202533413296
274416976,40.7595865,-73.8536851,,,3,POINT (-73.8536851 40.7595865),63,72,6372,40.7613525795,-73.852940555,0.20614829019823824
274318012,40.7605612,-73.8466381,,,3,POINT (-73.8466381 40.7605612),63,73,6373,40.7613525795,-73.847396273,0.10872500440249062
42823880,40.760733,-73.842145,,,3,POINT (-73.842145 40.760733),63,74,6374,40.7613525795,-73.84185199100001,0.0731806719720682
42927514,40.7614032,-73.8352505,,,3,POINT (-73.8352505 40.7614032),63,75,6375,40.7613525795,-73.83630770900001,0.0892190122362897
42815852,40.761548,-73.831119,,traffic_signals,4,POINT (-73.831119 40.761548),63,76,6376,40.7613525795,-73.83076342700001,0.03700038416117394
42870476,40.760994,-73.824422,,traffic_signals,4,POINT (-73.824422 40.760994),63,77,6377,40.7613525795,-73.825219145,0.07808534896631304
42895038,40.761473,-73.818078,,stop,4,POINT (-73.818078 40.761473),63,78,6378,40.7613525795,-73.819674863,0.13515739167578475
42891688,40.761512,-73.814396,,stop,4,POINT (-73.814396 40.761512),63,79,6379,40.7613525795,-73.814130581,0.028529896482197493
42934619,40.7611307,-73.8085978,,,4,POINT (-73.8085978 40.7611307),63,80,6380,40.7613525795,-73.80858629900001,0.024690882648536385
7761699999,40.7614693,-73.8028635,,traffic_signals,4,POINT (-73.8028635 40.7614693),63,81,6381,40.7613525795,-73.80304201700001,0.01986215815786277
42869626,40.761412,-73.797238,,,3,POINT (-73.797238 40.761412),63,82,6382,40.7613525795,-73.79749773500001,0.022851695054257673
42892953,40.761732,-73.79177,,,3,POINT (-73.79177 40.761732),63,83,6383,40.7613525795,-73.791953453,0.044929902459278255
42827034,40.761359,-73.78613,,,3,POINT (-73.78613 40.761359),63,84,6384,40.7613525795,-73.786409171,0.023523454051211257
274299605,40.7620095,-73.7811855,,,1,POINT (-73.7811855 40.7620095),63,85,6385,40.7613525795,-73.780864889,0.07787744434558597
42826382,40.7616281,-73.7759435,,,4,POINT (-73.7759435 40.7616281),63,86,6386,40.7613525795,-73.77532060700001,0.060752245437460856
42817856,40.7614464,-73.7699455,,,4,POINT (-73.7699455 40.7614464),63,87,6387,40.7613525795,-73.76977632500001,0.017659319518789705
7761392172,40.7611527,-73.7638696,,traffic_signals,4,POINT (-73.7638696 40.7611527),63,88,6388,40.7613525795,-73.764232043,0.0377600106143338
7761392180,40.7619598,-73.7584639,,traffic_signals,4,POINT (-73.7584639 40.7619598),63,89,6389,40.7613525795,-73.758687761,0.07010283842680982
277672389,40.760582,-73.7538919,31E,motorway_junction,3,POINT (-73.7538919 40.760582),63,90,6390,40.7613525795,-73.753143479,0.10637294316138408
42806260,40.761027,-73.742342,,,3,POINT (-73.742342 40.761027),63,92,6392,40.7613525795,-73.74205491500001,0.043534773880055215
42881974,40.761424,-73.735682,,,3,POINT (-73.735682 40.761424),63,93,6393,40.7613525795,-73.73651063300001,0.07024031461673794
42888847,40.761267,-73.731326,,,3,POINT (-73.731326 40.761267),63,94,6394,40.7613525795,-73.730966351,0.031750324810118045
42815490,40.761625,-73.725273,,,4,POINT (-73.725273 40.761625),63,95,6395,40.7613525795,-73.725422069,0.03279054933995601
42838857,40.761016,-73.72076,,,3,POINT (-73.72076 40.761016),63,96,6396,40.7613525795,-73.719877787,0.0831962048127469
42788938,40.7602097,-73.7141688,,,1,POINT (-73.7141688 40.7602097),63,97,6397,40.7613525795,-73.714333505,0.12783728416170062
11017187936,40.7654893,-73.997582,,,4,POINT (-73.997582 40.7654893),64,46,6446,40.765493796499996,-73.99709188700001,0.041279244553636775
42454042,40.7653085,-73.9913292,,traffic_signals,4,POINT (-73.9913292 40.7653085),64,47,6447,40.765493796499996,-73.99154760500001,0.02761975273013289
42445033,40.7659937,-73.9871254,,traffic_signals,4,POINT (-73.9871254 40.7659937),64,48,6448,40.765493796499996,-73.986003323,0.10963503714365425
42440022,40.765521,-73.980036,,traffic_signals,4,POINT (-73.980036 40.765521),64,49,6449,40.765493796499996,-73.980459041,0.0357557354825447
42430394,40.7656797,-73.976244,,traffic_signals,3,POINT (-73.976244 40.7656797),64,50,6450,40.765493796499996,-73.97491475900001,0.11383810506059872
42445961,40.7654664,-73.9700424,,traffic_signals,4,POINT (-73.9700424 40.7654664),64,51,6451,40.765493796499996,-73.96937047700001,0.056669795530730684
42449985,40.7653085,-73.9638433,,traffic_signals,4,POINT (-73.9638433 40.7653085),64,52,6452,40.765493796499996,-73.96382619500001,0.020654327796918264
42431684,40.7652359,-73.9578431,,traffic_signals,4,POINT (-73.9578431 40.7652359),64,53,6453,40.765493796499996,-73.95828191300001,0.04677710531077512
42427030,40.7652696,-73.9521462,,,3,POINT (-73.9521462 40.7652696),64,54,6454,40.765493796499996,-73.952737631,0.055699411251696966
42448850,40.7647677,-73.9471386,,stop,3,POINT (-73.9471386 40.7647677),64,55,6455,40.765493796499996,-73.947193349,0.08086980025878136
2402842573,40.7655268,-73.9402806,,traffic_signals,3,POINT (-73.9402806 40.7655268),64,56,6456,40.765493796499996,-73.94164906700001,0.11530759901300054
42807557,40.7659009,-73.9360169,,,3,POINT (-73.9360169 40.7659009),64,57,6457,40.765493796499996,-73.93610478500001,0.04586893515387888
7726598429,40.7660654,-73.9308933,,traffic_signals,4,POINT (-73.9308933 40.7660654),64,58,6458,40.765493796499996,-73.93056050300001,0.06946457910187182
42833316,40.7651045,-73.9250575,,traffic_signals,4,POINT (-73.9250575 40.7651045),64,59,6459,40.765493796499996,-73.925016221,0.04342716730822811
42874058,40.7657719,-73.9189932,,traffic_signals,4,POINT (-73.9189932 40.7657719),64,60,6460,40.765493796499996,-73.919471939,0.05081176466466238
42832999,40.7654868,-73.9137055,,traffic_signals,4,POINT (-73.9137055 40.7654868),64,61,6461,40.765493796499996,-73.913927657,0.018725731871856218
42842496,40.7660932,-73.9077232,,stop,4,POINT (-73.9077232 40.7660932),64,62,6462,40.765493796499996,-73.90838337500001,0.08679554417399167
42807771,40.765963,-73.903417,,traffic_signals,4,POINT (-73.903417 40.765963),64,63,6463,40.765493796499996,-73.90283909300001,0.07134971585680792
106074504,40.7668066,-73.8970632,5,motorway_junction,3,POINT (-73.8970632 40.7668066),64,64,6464,40.765493796499996,-73.89729481100001,0.14727449727446826
9179243485,40.7657014,-73.8918382,,,3,POINT (-73.8918382 40.7657014),64,65,6465,40.765493796499996,-73.891750529,0.024236487722534263
4927558995,40.7649835,-73.8861314,,crossing,4,POINT (-73.8861314 40.7649835),64,66,6466,40.765493796499996,-73.886206247,0.05709143227676647
1064257397,40.765497,-73.8811501,,,1,POINT (-73.8811501 40.765497),64,67,6467,40.765493796499996,-73.880661965,0.041111174587589304
42818418,40.7660942,-73.8755133,,,3,POINT (-73.8755133 40.7660942),64,68,6468,40.765493796499996,-73.87511768300001,0.07461379507186769
42887563,40.7659915,-73.8700523,,,3,POINT (-73.8700523 40.7659915),64,69,6469,40.765493796499996,-73.86957340100001,0.06847912218386722
42811352,40.7657485,-73.8640766,,traffic_signals,3,POINT (-73.8640766 40.7657485),64,70,6470,40.765493796499996,-73.86402911900001,0.02860263399703529
484800429,40.7639804,-73.8611674,,,3,POINT (-73.8611674 40.7639804),64,71,6471,40.765493796499996,-73.858484837,0.2817083327976558
274315327,40.7639027,-73.8410203,,,3,POINT (-73.8410203 40.7639027),64,74,6474,40.765493796499996,-73.84185199100001,0.19028269455996352
42824316,40.7650974,-73.8370012,,,3,POINT (-73.8370012 40.7650974),64,75,6475,40.765493796499996,-73.83630770900001,0.07317023780864573
42870884,40.764712,-73.830686,,traffic_signals,4,POINT (-73.830686 40.764712),64,76,6476,40.765493796499996,-73.83076342700001,0.08717602319584195
42865362,40.765826,-73.823727,,traffic_signals,4,POINT (-73.823727 40.765826),64,77,6477,40.765493796499996,-73.825219145,0.1309814982750374
7761738932,40.7651396,-73.8194286,,traffic_signals,4,POINT (-73.8194286 40.7651396),64,78,6478,40.765493796499996,-73.819674863,0.0445118504853409
7761724028,40.7651744,-73.8141263,,traffic_signals,4,POINT (-73.8141263 40.7651744),64,79,6479,40.765493796499996,-73.814130581,0.03551710035575984
42882315,40.7658736,-73.8088857,,,4,POINT (-73.8088857 40.7658736),64,80,6480,40.765493796499996,-73.80858629900001,0.04918685900356798
42834371,40.765433,-73.803295,,traffic_signals,4,POINT (-73.803295 40.765433),64,81,6481,40.765493796499996,-73.80304201700001,0.02235246497235617
42927174,40.76499,-73.797693,,,4,POINT (-73.797693 40.76499),64,82,6482,40.765493796499996,-73.79749773500001,0.05838347425611777
42904735,40.764546,-73.792072,,,4,POINT (-73.792072 40.764546),64,83,6483,40.765493796499996,-73.791953453,0.10586200087630565
42816694,40.765244,-73.786004,,,4,POINT (-73.786004 40.765244),64,84,6484,40.765493796499996,-73.786409171,0.04399849430914727
42803446,40.765622,-73.781135,,,3,POINT (-73.781135 40.765622),64,85,6485,40.765493796499996,-73.780864889,0.026845827522824283
42876667,40.765775,-73.775143,,,4,POINT (-73.775143 40.765775),64,86,6486,40.765493796499996,-73.77532060700001,0.034661848075855824
42893019,40.765662,-73.769961,,,4,POINT (-73.769961 40.765662),64,87,6487,40.765493796499996,-73.76977632500001,0.02432506462126045
42849543,40.765453,-73.76414,,,4,POINT (-73.76414 40.765453),64,88,6488,40.765493796499996,-73.764232043,0.008981468795417788
277672005,40.7647567,-73.758627,,,3,POINT (-73.758627 40.7647567),64,89,6489,40.765493796499996,-73.758687761,0.08212097916525213
7761381315,40.7645226,-73.747072,,,3,POINT (-73.747072 40.7645226),64,91,6491,40.765493796499996,-73.747599197,0.1167631341649954
7761381299,40.7655261,-73.7421955,,traffic_signals,4,POINT (-73.7421955 40.7655261),64,92,6492,40.765493796499996,-73.74205491500001,0.012372632426246937
42884656,40.765542,-73.737066,,,3,POINT (-73.737066 40.765542),64,93,6493,40.765493796499996,-73.73651063300001,0.04707786531544132
42836139,40.765433,-73.730971,,,3,POINT (-73.730971 40.765433),64,94,6494,40.765493796499996,-73.730966351,0.006771590781252582
1399361037,40.7658002,-73.7247725,,,3,POINT (-73.7247725 40.7658002),64,95,6495,40.765493796499996,-73.725422069,0.06444726181193028
42888967,40.7641061,-73.7208873,,,3,POINT (-73.7208873 40.7641061),64,96,6496,40.765493796499996,-73.719877787,0.1761770173703561
2348991703,40.7690007,-73.9953043,,,3,POINT (-73.9953043 40.7690007),65,46,6546,40.7696350135,-73.99709188700001,0.1662422435654891
42430742,40.7696336,-73.9918836,,traffic_signals,4,POINT (-73.9918836 40.7696336),65,47,6547,40.7696350135,-73.99154760500001,0.028295417064795807
42440934,40.769231,-73.9847685,,traffic_signals,3,POINT (-73.9847685 40.769231),65,48,6548,40.7696350135,-73.986003323,0.11327692569326947
5706568625,40.7699178,-73.9805837,,traffic_signals,3,POINT (-73.9805837 40.7699178),65,49,6549,40.7696350135,-73.980459041,0.033150507099601614
42457788,40.7688761,-73.9723598,,,3,POINT (-73.9723598 40.7688761),65,50,6550,40.7696350135,-73.97491475900001,0.23111762906521385
42437423,40.7692758,-73.9693618,,traffic_signals,3,POINT (-73.9693618 40.7692758),65,51,6551,40.7696350135,-73.96937047700001,0.039949402078862724
42429685,40.7697588,-73.9646978,,traffic_signals,4,POINT (-73.9646978 40.7697588),65,52,6552,40.7696350135,-73.96382619500001,0.0746794168734198
42438802,40.7694904,-73.9578623,,traffic_signals,4,POINT (-73.9578623 40.7694904),65,53,6553,40.7696350135,-73.95828191300001,0.03882342078785812
42428014,40.7694509,-73.9518664,,traffic_signals,4,POINT (-73.9518664 40.7694509),65,54,6554,40.7696350135,-73.952737631,0.07617139150470605
42450641,40.7703078,-73.9477641,,,2,POINT (-73.9477641 40.7703078),65,55,6555,40.7696350135,-73.947193349,0.08891998148052942
593416866,40.7697013,-73.9412786,,,2,POINT (-73.9412786 40.7697013),65,56,6556,40.7696350135,-73.94164906700001,0.03205680726649438
42826940,40.769526,-73.935227,,,3,POINT (-73.935227 40.769526),65,57,6557,40.7696350135,-73.93610478500001,0.07490782352396928
42810473,40.7700484,-73.9305722,,,4,POINT (-73.9305722 40.7700484),65,58,6558,40.7696350135,-73.93056050300001,0.04597703460145966
42818499,40.769259,-73.9245977,,,3,POINT (-73.9245977 40.769259),65,59,6559,40.7696350135,-73.925016221,0.05468398721523709
42935204,40.770309,-73.918998,,,3,POINT (-73.918998 40.770309),65,60,6560,40.7696350135,-73.919471939,0.08490879761057332
7746623259,40.76934,-73.9138905,,,3,POINT (-73.9138905 40.76934),65,61,6561,40.7696350135,-73.913927657,0.03295290458943439
42932544,40.7698508,-73.9083462,,,4,POINT (-73.9083462 40.7698508),65,62,6562,40.7696350135,-73.90838337500001,0.024197729833359896
42833618,40.7703255,-73.9024732,,traffic_signals,4,POINT (-73.9024732 40.7703255),65,63,6563,40.7696350135,-73.90283909300001,0.08273070423195752
3778381087,40.7701345,-73.8973903,,traffic_signals,5,POINT (-73.8973903 40.7701345),65,64,6564,40.7696350135,-73.89729481100001,0.05611947276758915
4960159923,40.7687426,-73.8915555,,,5,POINT (-73.8915555 40.7687426),65,65,6565,40.7696350135,-73.891750529,0.10058184852670558
6585868127,40.7693612,-73.8856481,,,3,POINT (-73.8856481 40.7693612),65,66,6566,40.7696350135,-73.886206247,0.05600256111444853
42874557,40.7694267,-73.8802893,,,3,POINT (-73.8802893 40.7694267),65,67,6567,40.7696350135,-73.880661965,0.039005671234322935
42846314,40.7698983,-73.8760203,,,3,POINT (-73.8760203 40.7698983),65,68,6568,40.7696350135,-73.87511768300001,0.08145451206815564
2087152374,40.7696059,-73.8692574,,,3,POINT (-73.8692574 40.7696059),65,69,6569,40.7696350135,-73.86957340100001,0.026807426229554062
10578059100,40.7695926,-73.8641678,,,3,POINT (-73.8641678 40.7695926),65,70,6570,40.7696350135,-73.86402911900001,0.012594988730914594
274191399,40.7696596,-73.8471764,,,1,POINT (-73.8471764 40.7696596),65,73,6573,40.7696350135,-73.847396273,0.0187167939153518
8081767229,40.7696366,-73.8421282,,,3,POINT (-73.8421282 40.7696366),65,74,6574,40.7696350135,-73.84185199100001,0.0232609201558111
42791440,40.7693205,-73.8357316,,,3,POINT (-73.8357316 40.7693205),65,75,6575,40.7696350135,-73.83630770900001,0.05980664623260754
42868348,40.769332,-73.830186,,,3,POINT (-73.830186 40.769332),65,76,6576,40.7696350135,-73.83076342700001,0.059159197743034034
42835782,40.769286,-73.824443,,traffic_signals,4,POINT (-73.824443 40.769286),65,77,6577,40.7696350135,-73.825219145,0.07601447018400842
42835786,40.770026,-73.819215,,,3,POINT (-73.819215 40.770026),65,78,6578,40.7696350135,-73.819674863,0.058222407097830296
42810148,40.77019,-73.81383,,,4,POINT (-73.81383 40.77019),65,79,6579,40.7696350135,-73.814130581,0.06670126074816565
42835816,40.769781,-73.808355,,,3,POINT (-73.808355 40.769781),65,80,6580,40.7696350135,-73.80858629900001,0.025355690061998736
42834366,40.769339,-73.802761,,,4,POINT (-73.802761 40.769339),65,81,6581,40.7696350135,-73.80304201700001,0.04053951090758292
42835859,40.768897,-73.79716,,,4,POINT (-73.79716 40.768897),65,82,6582,40.7696350135,-73.79749773500001,0.08685230587511042
7767895268,40.7695597,-73.7923502,,traffic_signals,5,POINT (-73.7923502 40.7695597),65,83,6583,40.7696350135,-73.791953453,0.03444462192913382
42835892,40.770485,-73.786685,,,4,POINT (-73.786685 40.770485),65,84,6584,40.7696350135,-73.786409171,0.09732664682812663
42807585,40.769671,-73.780277,,,3,POINT (-73.780277 40.769671),65,85,6585,40.7696350135,-73.780864889,0.0496690419210274
42914589,40.769481,-73.774922,,,4,POINT (-73.774922 40.769481),65,86,6586,40.7696350135,-73.77532060700001,0.037683896953891995
42819915,40.769738,-73.770169,,,3,POINT (-73.770169 40.769738),65,87,6587,40.7696350135,-73.76977632500001,0.03499484412757375
42859425,40.769594,-73.763992,,,3,POINT (-73.763992 40.769594),65,88,6588,40.7696350135,-73.764232043,0.0207226758610045
844287099,40.7692795,-73.7610432,,,1,POINT (-73.7610432 40.7692795),65,89,6589,40.7696350135,-73.758687761,0.2022587412506485
42893047,40.769463,-73.753082,,,3,POINT (-73.753082 40.769463),65,90,6590,40.7696350135,-73.753143479,0.019815340771315002
42806231,40.768609,-73.747729,,,4,POINT (-73.747729 40.768609),65,91,6591,40.7696350135,-73.747599197,0.11460997381877215
42812825,40.77035,-73.742271,,,3,POINT (-73.742271 40.77035),65,92,6592,40.7696350135,-73.74205491500001,0.08155878832658406
7761265836,40.7696909,-73.7362926,,traffic_signals,3,POINT (-73.7362926 40.7696909),65,93,6593,40.7696350135,-73.73651063300001,0.019384203711559102
42828862,40.7700416,-73.7313535,,,3,POINT (-73.7313535 40.7700416),65,94,6594,40.7696350135,-73.730966351,0.05573967605713456
42838256,40.7680071,-73.7277175,,,3,POINT (-73.7277175 40.7680071),65,95,6595,40.7696350135,-73.725422069,0.26482832250028165
595254571,40.7744841,-73.9914364,,,3,POINT (-73.9914364 40.7744841),66,47,6647,40.7737762305,-73.99154760500001,0.0792665651944343
42442410,40.7735306,-73.9853181,,traffic_signals,3,POINT (-73.9853181 40.7735306),66,48,6648,40.7737762305,-73.986003323,0.06383871288150972
4557495130,40.774231,-73.9811332,,traffic_signals,4,POINT (-73.9811332 40.774231),66,49,6649,40.7737762305,-73.980459041,0.07602522667619674
7802856356,40.7749199,-73.9769198,,traffic_signals,3,POINT (-73.9769198 40.7749199),66,50,6650,40.7737762305,-73.97491475900001,0.21137262959935066
42436475,40.7724555,-73.9670325,,traffic_signals,3,POINT (-73.9670325 40.7724555),66,51,6651,40.7737762305,-73.96937047700001,0.24561721660679303
42430052,40.7737351,-73.9640105,,traffic_signals,4,POINT (-73.9640105 40.7737351),66,52,6652,40.7737762305,-73.96382619500001,0.01617967351470102
42436919,40.7736031,-73.9578018,,traffic_signals,4,POINT (-73.9578018 40.7736031),66,53,6653,40.7737762305,-73.95828191300001,0.044778545301869165
42452956,40.7736593,-73.9517225,,traffic_signals,4,POINT (-73.9517225 40.7736593),66,54,6654,40.7737762305,-73.952737631,0.08646465087330683
42428029,40.7739755,-73.9485489,,traffic_signals,4,POINT (-73.9485489 40.7739755),66,55,6655,40.7737762305,-73.947193349,0.11627775827722452
42451773,40.7756198,-73.9442812,,traffic_signals,3,POINT (-73.9442812 40.7756198),66,56,6656,40.7737762305,-73.94164906700001,0.3019075915319408
42941801,40.7736096,-73.9360143,,turning_circle,1,POINT (-73.9360143 40.7736096),66,57,6657,40.7737762305,-73.93610478500001,0.020033993297571523
42811439,40.7739765,-73.9310519,,,3,POINT (-73.9310519 40.7739765),66,58,6658,40.7737762305,-73.93056050300001,0.046990835948879164
42826023,40.7734857,-73.9249433,,traffic_signals,3,POINT (-73.9249433 40.7734857),66,59,6659,40.7737762305,-73.925016221,0.03288391849575443
42897257,40.7729598,-73.9202731,,,4,POINT (-73.9202731 40.7729598),66,60,6660,40.7737762305,-73.919471939,0.11310583255036047
42849673,40.773449,-73.913974,,,4,POINT (-73.913974 40.773449),66,61,6661,40.7737762305,-73.913927657,0.03659504008680624
42874622,40.7743639,-73.908192,,traffic_signals,4,POINT (-73.908192 40.7743639),66,62,6662,40.7737762305,-73.90838337500001,0.06730362935230613
42908922,40.7736671,-73.902381,,stop,4,POINT (-73.902381 40.7736671),66,63,6663,40.7737762305,-73.90283909300001,0.04043842798884751
42904429,40.7734249,-73.8973655,,,4,POINT (-73.8973655 40.7734249),66,64,6664,40.7737762305,-73.89729481100001,0.03951706384812657
2087152420,40.773459,-73.8913561,,,3,POINT (-73.8913561 40.773459),66,65,6665,40.7737762305,-73.891750529,0.048450444199100655
6358261970,40.7738359,-73.8861701,,,3,POINT (-73.8861701 40.7738359),66,66,6666,40.7737762305,-73.886206247,0.0072998257290257705
6181173442,40.7717118,-73.8781526,,,3,POINT (-73.8781526 40.7717118),66,67,6667,40.7737762305,-73.880661965,0.3120048962620596
6620552689,40.7734423,-73.8758789,,,1,POINT (-73.8758789 40.7734423),66,68,6668,40.7737762305,-73.87511768300001,0.07407812843081613
6064029271,40.771907,-73.8695846,,,3,POINT (-73.8695846 40.771907),66,69,6669,40.7737762305,-73.86957340100001,0.2078510877176923
42811417,40.7738037,-73.8464636,,,4,POINT (-73.8464636 40.7738037),66,73,6673,40.7737762305,-73.847396273,0.0785971915369687
42861309,40.774305,-73.841838,,,3,POINT (-73.841838 40.774305),66,74,6674,40.7737762305,-73.84185199100001,0.05880828810471502
42833175,40.7727919,-73.8371403,,traffic_signals,4,POINT (-73.8371403 40.7727919),66,75,6675,40.7737762305,-73.83630770900001,0.1299822133097865
42789067,40.7736668,-73.8306293,,,3,POINT (-73.8306293 40.7736668),66,76,6676,40.7737762305,-73.83076342700001,0.01660205534670223
42811299,40.773774,-73.824677,,,3,POINT (-73.824677 40.773774),66,77,6677,40.7737762305,-73.825219145,0.04565321693681327
42811305,40.773781,-73.8196506,,,4,POINT (-73.8196506 40.773781),66,78,6678,40.7737762305,-73.819674863,0.002110830786675444
42810137,40.7735284,-73.8138376,,,4,POINT (-73.8138376 40.7735284),66,79,6679,40.7737762305,-73.814130581,0.036987595393644226
42817205,40.77393,-73.809745,,stop,4,POINT (-73.809745 40.77393),66,80,6680,40.7737762305,-73.80858629900001,0.09905775555471123
42811911,40.77419,-73.803985,,,4,POINT (-73.803985 40.77419),66,81,6681,40.7737762305,-73.80304201700001,0.0917720526535256
42864373,40.773684,-73.7975957,,,4,POINT (-73.7975957 40.773684),66,82,6682,40.7737762305,-73.79749773500001,0.01316163680958565
11206994906,40.7740069,-73.7922495,,,3,POINT (-73.7922495 40.7740069),66,83,6683,40.7737762305,-73.791953453,0.03576805243567529
42832880,40.77415,-73.78578,,,3,POINT (-73.78578 40.77415),66,84,6684,40.7737762305,-73.786409171,0.06733709827806036
42867105,40.7733763,-73.7810301,,,3,POINT (-73.7810301 40.7733763),66,85,6685,40.7737762305,-73.780864889,0.04659556211901557
42835932,40.773673,-73.774814,,traffic_signals,3,POINT (-73.774814 40.773673),66,86,6686,40.7737762305,-73.77532060700001,0.04417734581795497
42892790,40.773698,-73.770264,,,3,POINT (-73.770264 40.773698),66,87,6687,40.7737762305,-73.76977632500001,0.041977010898185195
467715961,40.7717259,-73.7639574,,turning_circle,1,POINT (-73.7639574 40.7717259),66,88,6688,40.7737762305,-73.764232043,0.2291563813749558
42938785,40.773419,-73.75275,,,1,POINT (-73.75275 40.773419),66,90,6690,40.7737762305,-73.753143479,0.05172725027369482
42788533,40.774144,-73.747553,,,4,POINT (-73.747553 40.774144),66,91,6691,40.7737762305,-73.747599197,0.04107871219122735
10101380437,40.7737808,-73.74194,,,3,POINT (-73.74194 40.7737808),66,92,6692,40.7737762305,-73.74205491500001,0.009690007089694905
42855910,40.774004,-73.737134,,,4,POINT (-73.737134 40.774004),66,93,6693,40.7737762305,-73.73651063300001,0.058282506824843476
42881575,40.7718819,-73.7332648,,,3,POINT (-73.7332648 40.7718819),66,94,6694,40.7737762305,-73.730966351,0.28606002621587395
42438301,40.7774787,-73.9888384,,,3,POINT (-73.9888384 40.7774787),67,47,6747,40.777917447499995,-73.99154760500001,0.23327971828226304
42431000,40.7784773,-73.9854454,,traffic_signals,4,POINT (-73.9854454 40.7784773),67,48,6748,40.777917447499995,-73.986003323,0.07798937041791215
6207264908,40.778601,-73.98161,,traffic_signals,4,POINT (-73.98161 40.778601),67,49,6749,40.777917447499995,-73.980459041,0.1231632847312646
42435283,40.7775416,-73.9749993,,traffic_signals,3,POINT (-73.9749993 40.7775416),67,50,6750,40.777917447499995,-73.97491475900001,0.04239425574780606
42438485,40.7776743,-73.9632228,,traffic_signals,3,POINT (-73.9632228 40.7776743),67,52,6752,40.777917447499995,-73.96382619500001,0.05755305920075205
42448216,40.778196,-73.9585432,,traffic_signals,4,POINT (-73.9585432 40.778196),67,53,6753,40.777917447499995,-73.95828191300001,0.037992137993484644
42429340,40.7778838,-73.9517401,,traffic_signals,4,POINT (-73.9517401 40.7778838),67,54,6754,40.777917447499995,-73.952737631,0.08407742073087057
42445748,40.7781772,-73.9484255,,traffic_signals,4,POINT (-73.9484255 40.7781772),67,55,6755,40.777917447499995,-73.947193349,0.10769480736869498
42436556,40.7768958,-73.9433989,,traffic_signals,3,POINT (-73.9433989 40.7768958),67,56,6756,40.777917447499995,-73.94164906700001,0.18605017045772904
42852794,40.7771477,-73.9356773,,,1,POINT (-73.9356773 40.7771477),67,57,6757,40.777917447499995,-73.93610478500001,0.0928528685402989
42890462,40.7761124,-73.9299349,,,1,POINT (-73.9299349 40.7761124),67,58,6758,40.777917447499995,-73.93056050300001,0.20750976247150654
42812056,40.776883,-73.92331,,,3,POINT (-73.92331 40.776883),67,59,6759,40.777917447499995,-73.925016221,0.1840418910975321
42825992,40.7781512,-73.9196542,,,4,POINT (-73.9196542 40.7781512),67,60,6760,40.777917447499995,-73.919471939,0.03018460715714542
42874602,40.7782972,-73.9137636,,,3,POINT (-73.9137636 40.7782972),67,61,6761,40.777917447499995,-73.913927657,0.0444286526144458
42849658,40.777983,-73.908477,,traffic_signals,4,POINT (-73.908477 40.777983),67,62,6762,40.777917447499995,-73.90838337500001,0.010736814928330875
42888621,40.7774637,-73.9030968,,traffic_signals,4,POINT (-73.9030968 40.7774637),67,63,6763,40.777917447499995,-73.90283909300001,0.05492283394468718
42851734,40.777253,-73.897981,,,4,POINT (-73.897981 40.777253),67,64,6764,40.777917447499995,-73.89729481100001,0.09379292766889868
42896463,40.7772485,-73.8929311,,turning_circle,1,POINT (-73.8929311 40.7772485),67,65,6765,40.777917447499995,-73.891750529,0.12415577479428082
42855565,40.7786096,-73.847034,,,4,POINT (-73.847034 40.7786096),67,73,6773,40.777917447499995,-73.847396273,0.08278843461663682
42877796,40.7786105,-73.8415656,,stop,4,POINT (-73.8415656 40.7786105),67,74,6774,40.777917447499995,-73.84185199100001,0.08074874980046794
42818723,40.7786234,-73.8388731,,traffic_signals,4,POINT (-73.8388731 40.7786234),67,75,6775,40.777917447499995,-73.83630770900001,0.22983097067356864
274188126,40.7761193,-73.8284621,14,motorway_junction,3,POINT (-73.8284621 40.7761193),67,76,6776,40.777917447499995,-73.83076342700001,0.2784389435995927
42810926,40.778714,-73.824889,,,3,POINT (-73.824889 40.778714),67,77,6777,40.777917447499995,-73.825219145,0.09283249910693865
42924326,40.777865,-73.819501,,,1,POINT (-73.819501 40.777865),67,78,6778,40.777917447499995,-73.819674863,0.015758472671026934
42877643,40.777905,-73.814663,,traffic_signals,4,POINT (-73.814663 40.777905),67,79,6779,40.777917447499995,-73.814130581,0.044852113412806476
42808548,40.778119,-73.809163,,traffic_signals,4,POINT (-73.809163 40.778119),67,80,6780,40.777917447499995,-73.80858629900001,0.053481649801653375
6557781048,40.7781182,-73.8029523,,,3,POINT (-73.8029523 40.7781182),67,81,6781,40.777917447499995,-73.80304201700001,0.023566272095203244
42849891,40.777895,-73.797814,,,4,POINT (-73.797814 40.777895),67,82,6782,40.777917447499995,-73.79749773500001,0.0267468737415942
42816741,40.777246,-73.791426,,,3,POINT (-73.791426 40.777246),67,83,6783,40.777917447499995,-73.791953453,0.08687259018868117
42918128,40.777498,-73.786421,,,3,POINT (-73.786421 40.777498),67,84,6784,40.777917447499995,-73.786409171,0.04665106811409069
5155201430,40.7774188,-73.7803958,,,3,POINT (-73.7803958 40.7774188),67,85,6785,40.777917447499995,-73.780864889,0.06807716277837567
42811469,40.7779,-73.775724,,,3,POINT (-73.775724 40.7779),67,86,6786,40.777917447499995,-73.77532060700001,0.034021865156646486
42846055,40.778322,-73.768999,,,1,POINT (-73.768999 40.778322),67,87,6787,40.777917447499995,-73.76977632500001,0.07942013386125966
42836919,40.777947,-73.752878,,,4,POINT (-73.752878 40.777947),67,90,6790,40.777917447499995,-73.753143479,0.02259410119847596
42851518,40.778407,-73.747267,,,3,POINT (-73.747267 40.778407),67,91,6791,40.777917447499995,-73.747599197,0.06120178924347297
42823860,40.7774338,-73.7428082,,,4,POINT (-73.7428082 40.7774338),67,92,6792,40.777917447499995,-73.74205491500001,0.08315858955617511
61269797,40.7816278,-73.9867391,,,3,POINT (-73.9867391 40.7816278),68,48,6848,40.7820586645,-73.986003323,0.07831471757893933
1061531695,40.7824512,-73.9807232,,traffic_signals,4,POINT (-73.9807232 40.7824512),68,49,6849,40.7820586645,-73.980459041,0.04898793690023835
42443347,40.7819606,-73.9754991,,traffic_signals,3,POINT (-73.9754991 40.7819606),68,50,6850,40.7820586645,-73.97491475900001,0.05039354242575245
42433564,40.7827163,-73.971237,,traffic_signals,3,POINT (-73.971237 40.7827163),68,51,6851,40.7820586645,-73.96937047700001,0.17333458899315585
42433927,40.7815194,-73.9627249,,,3,POINT (-73.9627249 40.7815194),68,52,6852,40.7820586645,-73.96382619500001,0.11042509070485595
42445733,40.7821666,-73.9578583,,traffic_signals,4,POINT (-73.9578583 40.7821666),68,53,6853,40.7820586645,-73.95828191300001,0.03763198894915745
42444814,40.7820567,-73.9537232,,traffic_signals,4,POINT (-73.9537232 40.7820567),68,54,6854,40.7820586645,-73.952737631,0.082982002391416
42443050,40.7823112,-73.9485053,,traffic_signals,4,POINT (-73.9485053 40.7823112),68,55,6855,40.7820586645,-73.947193349,0.1139751517145366
42424025,40.7828748,-73.9437833,,traffic_signals,5,POINT (-73.9437833 40.7828748),68,56,6856,40.7820586645,-73.94164906700001,0.20130986207607476
2298803428,40.7829307,-73.9308953,,crossing,3,POINT (-73.9308953 40.7829307),68,58,6858,40.7820586645,-73.93056050300001,0.10098014431488535
42849823,40.7830722,-73.9190845,,,3,POINT (-73.9190845 40.7830722),68,60,6860,40.7820586645,-73.919471939,0.11732609114428695
42908871,40.7815826,-73.9135851,,traffic_signals,4,POINT (-73.9135851 40.7815826),68,61,6861,40.7820586645,-73.913927657,0.060283441840500086
42872001,40.7814,-73.9086873,,,3,POINT (-73.9086873 40.7814),68,62,6862,40.7820586645,-73.90838337500001,0.07758188355488717
42851725,40.780123,-73.902062,,,1,POINT (-73.902062 40.780123),68,63,6863,40.7820586645,-73.90283909300001,0.22496134700136008
2300159970,40.7806408,-73.8979058,,,1,POINT (-73.8979058 40.7806408),68,64,6864,40.7820586645,-73.89729481100001,0.16584009171625522
4999937087,40.7837795,-73.8574531,,,1,POINT (-73.8574531 40.7837795),68,71,6871,40.7820586645,-73.858484837,0.210143134182261
42868626,40.7839454,-73.8531648,,,3,POINT (-73.8531648 40.7839454),68,72,6872,40.7820586645,-73.852940555,0.21064326988258622
42922287,40.7816849,-73.847763,,,4,POINT (-73.847763 40.7816849),68,73,6873,40.7820586645,-73.847396273,0.051775490942202976
42922304,40.7816815,-73.8414122,,traffic_signals,4,POINT (-73.8414122 40.7816815),68,74,6874,40.7820586645,-73.84185199100001,0.055946528263943675
3788308883,40.781662,-73.8367022,,traffic_signals,3,POINT (-73.8367022 40.781662),68,75,6875,40.7820586645,-73.83630770900001,0.055214746303976124
42793384,40.7817186,-73.8257011,,traffic_signals,4,POINT (-73.8257011 40.7817186),68,77,6877,40.7820586645,-73.825219145,0.05546642547468906
42922338,40.781664,-73.818979,,,4,POINT (-73.818979 40.781664),68,78,6878,40.7820586645,-73.819674863,0.07320249414279917
42851782,40.782,-73.814104,,,4,POINT (-73.814104 40.782),68,79,6879,40.7820586645,-73.814130581,0.006896438984776551
42817161,40.782282,-73.808602,,,4,POINT (-73.808602 40.782282),68,80,6880,40.7820586645,-73.80858629900001,0.024868935750859595
42811874,40.781835,-73.802938,,,3,POINT (-73.802938 40.781835),68,81,6881,40.7820586645,-73.80304201700001,0.026367321775928737
42873464,40.782099,-73.797237,,,3,POINT (-73.797237 40.782099),68,82,6882,40.7820586645,-73.79749773500001,0.022406514339861183
42816666,40.7824821,-73.7924663,,,4,POINT (-73.7924663 40.7824821),68,83,6883,40.7820586645,-73.791953453,0.06388581137704247
274286588,40.7817904,-73.7850295,,,3,POINT (-73.7850295 40.7817904),68,84,6884,40.7820586645,-73.786409171,0.1199328837700434
42893245,40.782058,-73.781617,,,3,POINT (-73.781617 40.782058),68,85,6885,40.7820586645,-73.780864889,0.06332535056615309
42819758,40.782783,-73.775645,,,3,POINT (-73.775645 40.782783),68,86,6886,40.7820586645,-73.77532060700001,0.08504743674585506
42818311,40.7813886,-73.7718651,,turning_circle,1,POINT (-73.7718651 40.7813886),68,87,6887,40.7820586645,-73.76977632500001,0.19100079119911945
42813464,40.781453,-73.752645,,,3,POINT (-73.752645 40.781453),68,90,6890,40.7820586645,-73.753143479,0.07935437947775278
42859160,40.781468,-73.749966,,,3,POINT (-73.749966 40.781468),68,91,6891,40.7820586645,-73.747599197,0.2098224199035037
42425188,40.7856025,-73.9841323,,,2,POINT (-73.9841323 40.7856025),69,48,6948,40.786199881499996,-73.986003323,0.17095758912405762
42431027,40.786304,-73.9797464,,traffic_signals,4,POINT (-73.9797464 40.786304),69,49,6949,40.786199881499996,-73.980459041,0.06110507403617809
42421806,40.7863627,-73.9759753,,traffic_signals,4,POINT (-73.9759753 40.7863627),69,50,6950,40.786199881499996,-73.97491475900001,0.09110543887587048
7106818623,40.7859742,-73.9688537,,traffic_signals,3,POINT (-73.9688537 40.7859742),69,51,6951,40.786199881499996,-73.96937047700001,0.05022662395216015
42452809,40.7859791,-73.957172,,traffic_signals,3,POINT (-73.957172 40.7859791),69,53,6953,40.786199881499996,-73.95828191300001,0.09661643392220809
42457660,40.7865093,-73.9524444,,traffic_signals,4,POINT (-73.9524444 40.7865093),69,54,6954,40.786199881499996,-73.952737631,0.042346541809357416
42450048,40.7865037,-73.9483878,,traffic_signals,3,POINT (-73.9483878 40.7865037),69,55,6955,40.786199881499996,-73.947193349,0.10608530766240425
42438973,40.786438,-73.942395,,traffic_signals,3,POINT (-73.942395 40.786438),69,56,6956,40.786199881499996,-73.94164906700001,0.06815453915732851
3037153849,40.7849334,-73.9351368,,,3,POINT (-73.9351368 40.7849334),69,57,6957,40.786199881499996,-73.93610478500001,0.16270769896122397
3040306430,40.7869316,-73.9312194,,stop,3,POINT (-73.9312194 40.7869316),69,58,6958,40.786199881499996,-73.93056050300001,0.09847476429619616
1242159743,40.784562,-73.9268492,,,3,POINT (-73.9268492 40.784562),69,59,6959,40.786199881499996,-73.925016221,0.2387149612501286
42866512,40.7855313,-73.9145433,,,3,POINT (-73.9145433 40.7855313),69,61,6961,40.786199881499996,-73.913927657,0.09062801224520721
42850723,40.7868778,-73.8850605,,,1,POINT (-73.8850605 40.7868778),69,66,6966,40.786199881499996,-73.886206247,0.12242207547612692
42902739,40.7855994,-73.8569034,,,2,POINT (-73.8569034 40.7855994),69,71,6971,40.786199881499996,-73.858484837,0.14894854236993124
42868623,40.7857404,-73.8532798,,,3,POINT (-73.8532798 40.7857404),69,72,6972,40.786199881499996,-73.852940555,0.05853342053188883
42927361,40.7859409,-73.8477609,,,4,POINT (-73.8477609 40.7859409),69,73,6973,40.786199881499996,-73.847396273,0.042091487099563125
42914902,40.7867209,-73.8420266,,,3,POINT (-73.8420266 40.7867209),69,74,6974,40.786199881499996,-73.84185199100001,0.059770605492286924
3779079969,40.7862875,-73.8363247,,traffic_signals,3,POINT (-73.8363247 40.7862875),69,75,6975,40.786199881499996,-73.83630770900001,0.009847190544809618
42868277,40.7862502,-73.8309059,,traffic_signals,4,POINT (-73.8309059 40.7862502),69,76,6976,40.786199881499996,-73.83076342700001,0.013235790544702093
42903537,40.7866982,-73.825325,,,3,POINT (-73.825325 40.7866982),69,77,6977,40.786199881499996,-73.825219145,0.05612260760977774
42824594,40.7862369,-73.8201225,,,3,POINT (-73.8201225 40.7862369),69,78,6978,40.786199881499996,-73.819674863,0.037911350119152316
42808430,40.7862605,-73.8135124,,,3,POINT (-73.8135124 40.7862605),69,79,6979,40.786199881499996,-73.814130581,0.052480233530783515
3789532686,40.786279,-73.8090044,,,4,POINT (-73.8090044 40.786279),69,80,6980,40.786199881499996,-73.80858629900001,0.03628325813957293
274281932,40.7861675,-73.8025716,,,3,POINT (-73.8025716 40.7861675),69,81,6981,40.786199881499996,-73.80304201700001,0.03976846414849312
42854861,40.786232,-73.797816,,,3,POINT (-73.797816 40.786232),69,82,6982,40.786199881499996,-73.79749773500001,0.02703216480725102
42808452,40.7854782,-73.7921462,,,3,POINT (-73.7921462 40.7854782),69,83,6983,40.786199881499996,-73.791953453,0.08187168268441476
274286551,40.7857234,-73.787481,,,3,POINT (-73.787481 40.7857234),69,84,6984,40.786199881499996,-73.786409171,0.10464341416779598
42938335,40.785745,-73.780424,,turning_loop,1,POINT (-73.780424 40.785745),69,85,6985,40.786199881499996,-73.780864889,0.0627393514702443
42876876,40.785523,-73.776536,,,3,POINT (-73.776536 40.785523),69,86,6986,40.786199881499996,-73.77532060700001,0.12702601538716943
42441564,40.7899463,-73.9803596,,traffic_signals,3,POINT (-73.9803596 40.7899463),70,49,7049,40.7903410985,-73.980459041,0.044690687518301984
1061531768,40.7901845,-73.9749558,,traffic_signals,4,POINT (-73.9749558 40.7901845),70,50,7050,40.7903410985,-73.97491475900001,0.017752430645241384
42443363,40.7903176,-73.9694076,,traffic_signals,4,POINT (-73.9694076 40.7903176),70,51,7051,40.7903410985,-73.96937047700001,0.004073633281032471
42435328,40.7909985,-73.9651883,,traffic_signals,3,POINT (-73.9651883 40.7909985),70,52,7052,40.7903410985,-73.96382619500001,0.1359881103717437
42443263,40.7893529,-73.9570893,,,3,POINT (-73.9570893 40.7893529),70,53,7053,40.7903410985,-73.95828191300001,0.14884500371408652
42438963,40.7904162,-73.951839,,traffic_signals,3,POINT (-73.951839 40.7904162),70,54,7054,40.7903410985,-73.952737631,0.07611185058542352
42434895,40.7903181,-73.9476894,,traffic_signals,4,POINT (-73.9476894 40.7903181),70,55,7055,40.7903410985,-73.947193349,0.04183891265756494
42443068,40.7906269,-73.9424329,,traffic_signals,4,POINT (-73.9424329 40.7906269),70,56,7056,40.7903410985,-73.94164906700001,0.07324166043150789
42427009,40.7904084,-73.9367296,15,motorway_junction,3,POINT (-73.9367296 40.7904084),70,57,7057,40.7903410985,-73.93610478500001,0.05313049228070492
1242159811,40.7899969,-73.9258576,,stop,3,POINT (-73.9258576 40.7899969),70,59,7059,40.7903410985,-73.925016221,0.08051154086645843
9645346443,40.7899927,-73.8518246,,,1,POINT (-73.8518246 40.7899927),70,72,7072,40.7903410985,-73.852940555,0.10162227060076322
7781247007,40.790196,-73.8471418,,,4,POINT (-73.8471418 40.790196),70,73,7073,40.7903410985,-73.847396273,0.026819105789307452
42850326,40.7907236,-73.841801,,,4,POINT (-73.841801 40.7907236),70,74,7074,40.7903410985,-73.84185199100001,0.04274830746641655
42818697,40.7891936,-73.8381689,,,3,POINT (-73.8381689 40.7891936),70,75,7075,40.7903410985,-73.83630770900001,0.20206902183234057
7779522296,40.7897098,-73.8315117,,,1,POINT (-73.8315117 40.7897098),70,76,7076,40.7903410985,-73.83076342700001,0.09431842602385979
42862131,40.7897033,-73.826114,,,4,POINT (-73.826114 40.7897033),70,77,7077,40.7903410985,-73.825219145,0.10346487668980399
42924400,40.790352,-73.8198322,,,4,POINT (-73.8198322 40.790352),70,78,7078,40.7903410985,-73.819674863,0.013300964107791845
42786473,40.790733,-73.814559,,,4,POINT (-73.814559 40.790733),70,79,7079,40.7903410985,-73.814130581,0.05656690843456363
42817147,40.7901737,-73.8075306,,,4,POINT (-73.8075306 40.7901737),70,80,7080,40.7903410985,-73.80858629900001,0.0908037620586414
42811841,40.790442,-73.801928,,stop,4,POINT (-73.801928 40.790442),70,81,7081,40.7903410985,-73.80304201700001,0.09445358953826179
42898537,40.790091,-73.797477,,,4,POINT (-73.797477 40.790091),70,82,7082,40.7903410985,-73.79749773500001,0.027864416058166613
492882163,40.7915447,-73.7932331,8,motorway_junction,3,POINT (-73.7932331 40.7915447),70,83,7083,40.7903410985,-73.791953453,0.17180483678664937
4206756592,40.7897661,-73.785955,,,3,POINT (-73.785955 40.7897661),70,84,7084,40.7903410985,-73.786409171,0.07449734083115661
42797773,40.7906644,-73.7816656,,,3,POINT (-73.7816656 40.7906644),70,85,7085,40.7903410985,-73.780864889,0.07639566832769698
42798495,40.790313,-73.7757015,,,3,POINT (-73.7757015 40.790313),70,86,7086,40.7903410985,-73.77532060700001,0.032217819758605395
9079639957,40.7891593,-73.7720208,,,1,POINT (-73.7720208 40.7891593),70,87,7087,40.7903410985,-73.76977632500001,0.2301582451153715
42431094,40.7939557,-73.9741657,,traffic_signals,4,POINT (-73.9741657 40.7939557),71,50,7150,40.7944823155,-73.97491475900001,0.08605276162150235
42442542,40.7947346,-73.9698719,,traffic_signals,4,POINT (-73.9698719 40.7947346),71,51,7151,40.7944823155,-73.96937047700001,0.05068194142426109
42447273,40.794787,-73.964303,,,3,POINT (-73.964303 40.794787),71,52,7152,40.7944823155,-73.96382619500001,0.05252482613251979
42456708,40.793608,-73.951602,,traffic_signals,3,POINT (-73.951602 40.793608),71,54,7154,40.7944823155,-73.952737631,0.13634817983582073
596776349,40.7942889,-73.947075,,traffic_signals,4,POINT (-73.947075 40.7942889),71,55,7155,40.7944823155,-73.947193349,0.023702317246181867
42450066,40.7947603,-73.9423475,,traffic_signals,4,POINT (-73.9423475 40.7947603),71,56,7156,40.7944823155,-73.94164906700001,0.06642492074694835
42445426,40.7947105,-73.936353,,traffic_signals,3,POINT (-73.936353 40.7947105),71,57,7157,40.7944823155,-73.93610478500001,0.03286922691539961
42433431,40.7949399,-73.9302797,16,motorway_junction,3,POINT (-73.9302797 40.7949399),71,58,7158,40.7944823155,-73.93056050300001,0.05610390514326063
277482094,40.7931998,-73.9230503,,,3,POINT (-73.9230503 40.7931998),71,59,7159,40.7944823155,-73.925016221,0.21846262779812206
9153856316,40.7953649,-73.9198479,,,3,POINT (-73.9198479 40.7953649),71,60,7160,40.7944823155,-73.919471939,0.10311585248298452
9645665271,40.7929734,-73.8475832,,,1,POINT (-73.8475832 40.7929734),71,73,7173,40.7944823155,-73.847396273,0.16852004088754935
2885937556,40.793927,-73.8425487,,,3,POINT (-73.8425487 40.793927),71,74,7174,40.7944823155,-73.84185199100001,0.08516255240392341
42803957,40.7927914,-73.8382572,,,1,POINT (-73.8382572 40.7927914),71,75,7175,40.7944823155,-73.83630770900001,0.24956922193753128
274185478,40.796346,-73.8287758,,,3,POINT (-73.8287758 40.796346),71,76,7176,40.7944823155,-73.83076342700001,0.26634668044295495
42806802,40.7943844,-73.8244856,,,3,POINT (-73.8244856 40.7943844),71,77,7177,40.7944823155,-73.825219145,0.06270310185938706
42806810,40.7954191,-73.8199868,,,3,POINT (-73.8199868 40.7954191),71,78,7178,40.7944823155,-73.819674863,0.10742450363796655
42903322,40.794464,-73.813561,,,3,POINT (-73.813561 40.794464),71,79,7179,40.7944823155,-73.814130581,0.04799114103350694
42817125,40.7937214,-73.8070419,,,3,POINT (-73.8070419 40.7937214),71,80,7180,40.7944823155,-73.80858629900001,0.15511735040207764
42901278,40.7944372,-73.8032484,,,3,POINT (-73.8032484 40.7944372),71,81,7181,40.7944823155,-73.80304201700001,0.01808331067747296
42898530,40.79397,-73.797491,,,3,POINT (-73.797491 40.79397),71,82,7182,40.7944823155,-73.79749773500001,0.05696970570389401
492879812,40.7931427,-73.7934347,,,3,POINT (-73.7934347 40.7931427),71,83,7183,40.7944823155,-73.791953453,0.19426075987303468
7752765477,40.7945802,-73.7805749,,,3,POINT (-73.7805749 40.7945802),71,85,7185,40.7944823155,-73.780864889,0.02672808970352141
42813403,40.7944281,-73.7747823,,,3,POINT (-73.7747823 40.7944281),71,86,7186,40.7944823155,-73.77532060700001,0.04571448308733452
587812665,40.7973911,-73.9755288,,motorway_junction,3,POINT (-73.9755288 40.7973911),72,50,7250,40.798623532499995,-73.97491475900001,0.1464638558134331
42428737,40.7985155,-73.9691051,,traffic_signals,4,POINT (-73.9691051 40.7985155),72,51,7251,40.798623532499995,-73.96937047700001,0.025363458367690002
42437917,40.7985681,-73.9633705,,traffic_signals,4,POINT (-73.9633705 40.7985681),72,52,7252,40.798623532499995,-73.96382619500001,0.038850561062884204
42435341,40.7993567,-73.9590861,,traffic_signals,3,POINT (-73.9590861 40.7993567),72,53,7253,40.798623532499995,-73.95828191300001,0.10596482094979415
3099327964,40.7982754,-73.9525303,,traffic_signals,3,POINT (-73.9525303 40.7982754),72,54,7254,40.798623532499995,-73.952737631,0.04246281266801126
42437201,40.7981256,-73.9483211,,traffic_signals,4,POINT (-73.9483211 40.7981256),72,55,7255,40.798623532499995,-73.947193349,0.10989634049105453
42447199,40.7986336,-73.9416222,,traffic_signals,4,POINT (-73.9416222 40.7986336),72,56,7256,40.798623532499995,-73.94164906700001,0.0025234474484520687
42435234,40.7989421,-73.9363574,,traffic_signals,4,POINT (-73.9363574 40.7989421),72,57,7257,40.798623532499995,-73.93610478500001,0.04131529135603118
42443826,40.7976374,-73.9312818,,stop,3,POINT (-73.9312818 40.7976374),72,58,7258,40.798623532499995,-73.93056050300001,0.12534041110225905
5676585287,40.799116,-73.9250547,,toll_gantry,3,POINT (-73.9250547 40.799116),72,59,7259,40.798623532499995,-73.925016221,0.05485559514820409
277481765,40.798203,-73.919426,,,3,POINT (-73.919426 40.798203),72,60,7260,40.798623532499995,-73.919471939,0.046920699543142666
42772998,40.799258,-73.91206,,,3,POINT (-73.91206 40.799258),72,61,7261,40.798623532499995,-73.913927657,0.17231494869019134
9701280029,40.7995011,-73.9092296,,,1,POINT (-73.9092296 40.7995011),72,62,7262,40.798623532499995,-73.90838337500001,0.12081365761416059
42866172,40.7972498,-73.823487,,,1,POINT (-73.823487 40.7972498),72,77,7277,40.798623532499995,-73.825219145,0.21116965828263867
3778860315,40.7989575,-73.8188558,,,1,POINT (-73.8188558 40.7989575),72,78,7278,40.798623532499995,-73.819674863,0.07831007501215909
3778860318,40.7974045,-73.8150172,,,3,POINT (-73.8150172 40.7974045),72,79,7279,40.798623532499995,-73.814130581,0.15473808876304868
42432764,40.802938,-73.96956,,,3,POINT (-73.96956 40.802938),73,51,7351,40.8027647495,-73.96937047700001,0.02501194539529421
42442569,40.8029617,-73.963849,,traffic_signals,4,POINT (-73.963849 40.8029617),73,52,7352,40.8027647495,-73.96382619500001,0.02198385688709604
42431210,40.8031025,-73.9582337,,traffic_signals,4,POINT (-73.9582337 40.8031025),73,53,7353,40.8027647495,-73.95828191300001,0.03777475348041535
1705982030,40.8028555,-73.952687,,,3,POINT (-73.952687 40.8028555),73,54,7354,40.8027647495,-73.952737631,0.01095398133303264
42452564,40.8033044,-73.9486636,,traffic_signals,4,POINT (-73.9486636 40.8033044),73,55,7355,40.8027647495,-73.947193349,0.13753233477167529
596776613,40.8025533,-73.9410458,,traffic_signals,4,POINT (-73.9410458 40.8025533),73,56,7356,40.8027647495,-73.94164906700001,0.055956773519013736
42438774,40.8030279,-73.9363134,,traffic_signals,4,POINT (-73.9363134 40.8030279),73,57,7357,40.8027647495,-73.93610478500001,0.034125232229546804
6515269079,40.8026123,-73.9307862,,,3,POINT (-73.9307862 40.8026123),73,58,7358,40.8027647495,-73.93056050300001,0.025460657844168712
42761217,40.8045502,-73.9267883,,motorway_junction,3,POINT (-73.9267883 40.8045502),73,59,7359,40.8027647495,-73.925016221,0.24831937903455834
7553992429,40.8029288,-73.92028,,,3,POINT (-73.92028 40.8029288),73,60,7360,40.8027647495,-73.919471939,0.07041853965362274
42747203,40.8031161,-73.9146403,,,3,POINT (-73.9146403 40.8031161),73,61,7361,40.8027647495,-73.913927657,0.07158451637790315
42775297,40.8028065,-73.9084888,,stop,4,POINT (-73.9084888 40.8028065),73,62,7362,40.8027647495,-73.90838337500001,0.010014706626249464
42743495,40.8039387,-73.9054777,,,2,POINT (-73.9054777 40.8039387),73,63,7363,40.8027647495,-73.90283909300001,0.2576128334204836
42760848,40.804813,-73.884901,,,3,POINT (-73.884901 40.804813),73,66,7366,40.8027647495,-73.886206247,0.2528674372611423
2920414521,40.8030808,-73.8780788,,,1,POINT (-73.8780788 40.8030808),73,67,7367,40.8027647495,-73.880661965,0.2202476236063521
474754881,40.8034251,-73.8737393,,,3,POINT (-73.8737393 40.8034251),73,68,7368,40.8027647495,-73.87511768300001,0.1373023488114282
4591240833,40.8046585,-73.8721416,,,3,POINT (-73.8721416 40.8046585),73,69,7369,40.8027647495,-73.86957340100001,0.3017758875345706
5490883952,40.804622,-73.7923977,,,3,POINT (-73.7923977 40.804622),73,83,7383,40.8027647495,-73.791953453,0.20987463357196595
42440577,40.8069791,-73.9674745,,traffic_signals,3,POINT (-73.9674745 40.8069791),74,51,7451,40.8069059665,-73.96937047700001,0.15978236714954458
627905367,40.8073049,-73.9642951,,traffic_signals,3,POINT (-73.9642951 40.8073049),74,52,7452,40.8069059665,-73.96382619500001,0.0593739977539558
3579432159,40.8074173,-73.9584103,,traffic_signals,3,POINT (-73.9584103 40.8074173),74,53,7453,40.8069059665,-73.95828191300001,0.05787538166884171
42429735,40.806709,-73.952857,,traffic_signals,4,POINT (-73.952857 40.806709),74,54,7454,40.8069059665,-73.952737631,0.024096064229697844
3099326119,40.8065066,-73.946526,,traffic_signals,4,POINT (-73.946526 40.8065066),74,55,7455,40.8069059665,-73.947193349,0.0716020005478578
42434117,40.807089,-73.9417696,,traffic_signals,4,POINT (-73.9417696 40.807089),74,56,7456,40.8069059665,-73.94164906700001,0.022740591557605848
42424757,40.8069238,-73.9355669,,traffic_signals,4,POINT (-73.9355669 40.8069238),74,57,7457,40.8069059665,-73.93610478500001,0.04531462956282861
42749813,40.8077146,-73.9295664,,traffic_signals,5,POINT (-73.9295664 40.8077146),74,58,7458,40.8069059665,-73.93056050300001,0.12282215250863528
471243365,40.8068775,-73.925465,,,3,POINT (-73.925465 40.8068775),74,59,7459,40.8069059665,-73.925016221,0.03790400376656215
42737709,40.8068867,-73.9197215,,traffic_signals,4,POINT (-73.9197215 40.8068867),74,60,7460,40.8069059665,-73.919471939,0.021113338387313874
42743528,40.806942,-73.913746,,,4,POINT (-73.913746 40.806942),74,61,7461,40.8069059665,-73.913927657,0.015805496246438913
42766929,40.8071509,-73.9082144,,,4,POINT (-73.9082144 40.8071509),74,62,7462,40.8069059665,-73.90838337500001,0.030724981497589475
42778487,40.8050367,-73.9022444,,,1,POINT (-73.9022444 40.8050367),74,63,7463,40.8069059665,-73.90283909300001,0.21379469427649783
42749849,40.8080454,-73.8896031,,,3,POINT (-73.8896031 40.8080454),74,65,7465,40.8069059665,-73.891750529,0.22072309189139477
42735508,40.8065796,-73.8863215,,,4,POINT (-73.8863215 40.8065796),74,66,7466,40.8069059665,-73.886206247,0.037564371982431254
42743662,40.8074149,-73.8808037,,,4,POINT (-73.8808037 40.8074149),74,67,7467,40.8069059665,-73.880661965,0.057834462766357474
474758682,40.8079061,-73.8773837,,,1,POINT (-73.8773837 40.8079061),74,68,7468,40.8069059665,-73.87511768300001,0.22077396084574255
474756732,40.8084413,-73.8719962,,,3,POINT (-73.8719962 40.8084413),74,69,7469,40.8069059665,-73.86957340100001,0.2659442137510208
42750815,40.80664,-73.85828,,,3,POINT (-73.85828 40.80664),74,71,7471,40.8069059665,-73.858484837,0.034232340311342924
42720233,40.807104,-73.8529653,,,4,POINT (-73.8529653 40.807104),74,72,7472,40.8069059665,-73.852940555,0.022118589761610026
2860412396,40.8057002,-73.8487608,,,3,POINT (-73.8487608 40.8057002),74,73,7473,40.8069059665,-73.847396273,0.17653873504552825
9382858267,40.8084468,-73.8327451,,,1,POINT (-73.8327451 40.8084468),74,76,7476,40.8069059665,-73.83076342700001,0.23910781018427543
5922300123,40.8068745,-73.796845,,,3,POINT (-73.796845 40.8068745),74,82,7482,40.8069059665,-73.79749773500001,0.055048926743044166
42729782,40.8064666,-73.7917267,,,3,POINT (-73.7917267 40.8064666),74,83,7483,40.8069059665,-73.791953453,0.052450661840502566
42424937,40.8105617,-73.967223,,motorway_junction,3,POINT (-73.967223 40.8105617),75,51,7551,40.8110471835,-73.96937047700001,0.18862229380527246
7620540917,40.8113373,-73.9639549,,,4,POINT (-73.9639549 40.8113373),75,52,7552,40.8110471835,-73.96382619500001,0.034029426859207526
3579432162,40.8106334,-73.9582686,,traffic_signals,4,POINT (-73.9582686 40.8106334),75,53,7553,40.8110471835,-73.95828191300001,0.04602426590235229
42432929,40.8107673,-73.9525905,,traffic_signals,4,POINT (-73.9525905 40.8107673),75,54,7554,40.8110471835,-73.952737631,0.033494531219079644
42439868,40.8109249,-73.9470064,,,3,POINT (-73.9470064 40.8109249),75,55,7555,40.8110471835,-73.947193349,0.020795052158176553
42438236,40.8115326,-73.9426361,,traffic_signals,4,POINT (-73.9426361 40.8115326),75,56,7556,40.8110471835,-73.94164906700001,0.09906437530240711
7616585434,40.8115063,-73.9364361,,,3,POINT (-73.9364361 40.8115063),75,57,7557,40.8110471835,-73.93610478500001,0.05816984248864672
42747169,40.810883,-73.9308638,,,3,POINT (-73.9308638 40.810883),75,58,7558,40.8110471835,-73.93056050300001,0.031382266116101745
42732872,40.810729,-73.9246451,,traffic_signals,4,POINT (-73.9246451 40.810729),75,59,7559,40.8110471835,-73.925016221,0.047194395344793555
42761241,40.8116518,-73.9210184,,traffic_signals,3,POINT (-73.9210184 40.8116518),75,60,7560,40.8110471835,-73.919471939,0.14648829441358818
42763155,40.810994,-73.914847,,traffic_signals,3,POINT (-73.914847 40.810994),75,61,7561,40.8110471835,-73.913927657,0.07759760895214016
42768284,40.811399,-73.907764,,,4,POINT (-73.907764 40.811399),75,62,7562,40.8110471835,-73.90838337500001,0.06517329811904563
42761287,40.810917,-73.902718,,,2,POINT (-73.902718 40.810917),75,63,7563,40.8110471835,-73.90283909300001,0.017703323904016455
42755889,40.8116349,-73.8956235,,,3,POINT (-73.8956235 40.8116349),75,64,7564,40.8110471835,-73.89729481100001,0.15509716799949677
42747831,40.811369,-73.89148,,,4,POINT (-73.89148 40.811369),75,65,7565,40.8110471835,-73.891750529,0.042413289779680466
42760854,40.8101974,-73.8863123,,,4,POINT (-73.8863123 40.8101974),75,66,7566,40.8110471835,-73.886206247,0.09491221868416565
2844941324,40.8110593,-73.8806594,,,3,POINT (-73.8806594 40.8110593),75,67,7567,40.8110471835,-73.880661965,0.0013644776774833344
7043080670,40.8100073,-73.8762198,,,3,POINT (-73.8762198 40.8100073),75,68,7568,40.8110471835,-73.87511768300001,0.1482353321366577
6934261625,40.8090058,-73.8721446,,,3,POINT (-73.8721446 40.8090058),75,69,7569,40.8110471835,-73.86957340100001,0.3136114153666559
42779152,40.812727,-73.863425,,,1,POINT (-73.863425 40.812727),75,70,7570,40.8110471835,-73.86402911900001,0.19358285183633614
42737231,40.8111012,-73.8586591,,,4,POINT (-73.8586591 40.8111012),75,71,7571,40.8110471835,-73.858484837,0.015848248662713733
42742055,40.810861,-73.852456,,,1,POINT (-73.852456 40.810861),75,72,7572,40.8110471835,-73.852940555,0.045734290474573766
42771206,40.8115475,-73.8473351,,,2,POINT (-73.8473351 40.8115475),75,73,7573,40.8110471835,-73.847396273,0.055870363040171386
5488630286,40.8114501,-73.8353769,,,3,POINT (-73.8353769 40.8114501),75,75,7575,40.8110471835,-73.83630770900001,0.09024341353169843
42739808,40.812188,-73.8247504,,,1,POINT (-73.8247504 40.812188),75,77,7577,40.8110471835,-73.825219145,0.13284550388438654
42749730,40.8120015,-73.8070332,,,3,POINT (-73.8070332 40.8120015),75,80,7580,40.8110471835,-73.80858629900001,0.16835965417869062
42732569,40.811165,-73.803446,,,1,POINT (-73.803446 40.811165),75,81,7581,40.8110471835,-73.80304201700001,0.036435831250530265
254484327,40.8153803,-73.9641546,,,3,POINT (-73.9641546 40.8153803),76,52,7652,40.8151884005,-73.96382619500001,0.034915807782994544
9515699765,40.815168,-73.9585365,,,3,POINT (-73.9585365 40.815168),76,53,7653,40.8151884005,-73.95828191300001,0.02154446293434958
42448611,40.8150729,-73.9529724,,traffic_signals,4,POINT (-73.9529724 40.8150729),76,54,7654,40.8151884005,-73.952737631,0.023564405931253012
42434113,40.815207,-73.947489,,traffic_signals,4,POINT (-73.947489 40.815207),76,55,7655,40.8151884005,-73.947193349,0.02496624107946904
3099327961,40.8148176,-73.9404415,,traffic_signals,4,POINT (-73.9404415 40.8148176),76,56,7656,40.8151884005,-73.94164906700001,0.1096685713559696
42456831,40.8153391,-73.9357666,,traffic_signals,5,POINT (-73.9357666 40.8153391),76,57,7657,40.8151884005,-73.93610478500001,0.03302665949639709
42728921,40.8153306,-73.9306114,,,4,POINT (-73.9306114 40.8153306),76,58,7658,40.8151884005,-73.93056050300001,0.016381727020421358
42775135,40.8151495,-73.9254639,,,3,POINT (-73.9254639 40.8151495),76,59,7659,40.8151884005,-73.925016221,0.037921826780809395
42768512,40.8150883,-73.9194594,,,3,POINT (-73.9194594 40.8150883),76,60,7660,40.8151884005,-73.919471939,0.011180574578971453
3638026233,40.8150666,-73.9130445,,,1,POINT (-73.9130445 40.8150666),76,61,7661,40.8151884005,-73.913927657,0.07554586054805958
42758618,40.8151104,-73.9084017,,,3,POINT (-73.9084017 40.8151104),76,62,7662,40.8151884005,-73.90838337500001,0.008809291813304776
42775365,40.8153061,-73.9026185,,,4,POINT (-73.9026185 40.8153061),76,63,7663,40.8151884005,-73.90283909300001,0.022713531037274817
42760950,40.8149357,-73.8976453,,traffic_signals,4,POINT (-73.8976453 40.8149357),76,64,7664,40.8151884005,-73.89729481100001,0.04073734597638633
42752627,40.814999,-73.892562,,,4,POINT (-73.892562 40.814999),76,65,7665,40.8151884005,-73.891750529,0.07146298904793036
42737452,40.8151506,-73.8863993,,,3,POINT (-73.8863993 40.8151506),76,66,7666,40.8151884005,-73.886206247,0.01678125015384296
2844941327,40.8152284,-73.8817428,,,3,POINT (-73.8817428 40.8152284),76,67,7667,40.8151884005,-73.880661965,0.09106604827868078
8105004926,40.8147859,-73.8682221,,turning_circle,1,POINT (-73.8682221 40.8147859),76,69,7669,40.8151884005,-73.86957340100001,0.12220905064147304
42732786,40.814658,-73.864255,,,4,POINT (-73.864255 40.814658),76,70,7670,40.8151884005,-73.86402911900001,0.06196555128673772
42745769,40.815405,-73.858703,,,4,POINT (-73.858703 40.815405),76,71,7671,40.8151884005,-73.858484837,0.03028439042782198
42741939,40.816088,-73.85362,,,3,POINT (-73.85362 40.816088),76,72,7672,40.8151884005,-73.852940555,0.11521944294285137
42757377,40.814826,-73.847054,,,4,POINT (-73.847054 40.814826),76,73,7673,40.8151884005,-73.847396273,0.049533070455515964
3643234071,40.8169055,-73.8397485,,,1,POINT (-73.8397485 40.8169055),76,74,7674,40.8151884005,-73.84185199100001,0.2603654036436485
106054361,40.8153417,-73.8359354,,,3,POINT (-73.8359354 40.8153417),76,75,7675,40.8151884005,-73.83630770900001,0.035668409102865097
42737168,40.8148855,-73.8283923,,,2,POINT (-73.8283923 40.8148855),76,76,7676,40.8151884005,-73.83076342700001,0.20236461650000057
42770949,40.8157586,-73.8258384,,,3,POINT (-73.8258384 40.8157586),76,77,7677,40.8151884005,-73.825219145,0.08207158213177974
42732527,40.815142,-73.820149,,,4,POINT (-73.820149 40.815142),76,78,7678,40.8151884005,-73.819674863,0.04023309202933826
42764952,40.81555,-73.813839,,,4,POINT (-73.813839 40.81555),76,79,7679,40.8151884005,-73.814130581,0.047104056632699384
42751077,40.815522,-73.8085563,,,4,POINT (-73.8085563 40.815522),76,80,7680,40.8151884005,-73.80858629900001,0.03718037962424979
42745053,40.8155396,-73.8040383,,,1,POINT (-73.8040383 40.8155396),76,81,7681,40.8151884005,-73.80304201700001,0.0924903339307176
9652894430,40.8163748,-73.7993364,,,1,POINT (-73.7993364 40.8163748),76,82,7682,40.8151884005,-73.79749773500001,0.20333468281194678
42424706,40.8180007,-73.9618103,,,3,POINT (-73.9618103 40.8180007),77,52,7752,40.819329617499996,-73.96382619500001,0.22497283380976546
42429541,40.8193946,-73.9593697,,traffic_signals,4,POINT (-73.9593697 40.8193946),77,53,7753,40.819329617499996,-73.95828191300001,0.09182142890199373
42438836,40.818932,-73.9522115,,traffic_signals,4,POINT (-73.9522115 40.818932),77,54,7754,40.819329617499996,-73.952737631,0.06256965814525269
42432956,40.8192188,-73.9470312,,traffic_signals,3,POINT (-73.9470312 40.8192188),77,55,7755,40.819329617499996,-73.947193349,0.018385315800741354
42439899,40.8191327,-73.9410141,,traffic_signals,4,POINT (-73.9410141 40.8191327),77,56,7756,40.819329617499996,-73.94164906700001,0.05774467939522263
3099326126,40.819742,-73.9366464,,traffic_signals,3,POINT (-73.9366464 40.819742),77,57,7757,40.819329617499996,-73.93610478500001,0.06465201148910277
11570004642,40.8193461,-73.9306365,,,3,POINT (-73.9306365 40.8193461),77,58,7758,40.819329617499996,-73.93056050300001,0.0066525526213734665
42758635,40.8192967,-73.9240423,,,3,POINT (-73.9240423 40.8192967),77,59,7759,40.819329617499996,-73.925016221,0.08203667482803136
2912071210,40.8191245,-73.9199259,,turning_circle,1,POINT (-73.9199259 40.8191245),77,60,7760,40.819329617499996,-73.919471939,0.04449152114007608
42768536,40.819542,-73.91352,,traffic_signals,3,POINT (-73.91352 40.819542),77,61,7761,40.819329617499996,-73.913927657,0.041647067536102415
42735026,40.818759,-73.90875,,traffic_signals,4,POINT (-73.90875 40.818759),77,62,7762,40.819329617499996,-73.90838337500001,0.07055270958540663
42760457,40.8189087,-73.903114,,,3,POINT (-73.903114 40.8189087),77,63,7763,40.819329617499996,-73.90283909300001,0.0522087772660689
42762442,40.819503,-73.897887,,,3,POINT (-73.897887 40.819503),77,64,7764,40.819329617499996,-73.89729481100001,0.053431747606278446
42753435,40.818894,-73.892278,,traffic_signals,4,POINT (-73.892278 40.818894),77,65,7765,40.819329617499996,-73.891750529,0.0656997030701124
42735285,40.819126,-73.8857711,,,4,POINT (-73.8857711 40.819126),77,66,7766,40.819329617499996,-73.886206247,0.043051869701821344
42754997,40.8211802,-73.8812425,,,3,POINT (-73.8812425 40.8211802),77,67,7767,40.819329617499996,-73.880661965,0.21149452416225617
42719875,40.8196285,-73.8761409,,,3,POINT (-73.8761409 40.8196285),77,68,7768,40.819329617499996,-73.87511768300001,0.09229430880205179
42749380,40.818371,-73.868983,,,3,POINT (-73.868983 40.818371),77,69,7769,40.819329617499996,-73.86957340100001,0.11760308151879473
42738876,40.819083,-73.863705,,traffic_signals,4,POINT (-73.863705 40.819083),77,70,7770,40.819329617499996,-73.86402911900001,0.038676842743111076
2887496866,40.8197385,-73.8587898,,,3,POINT (-73.8587898 40.8197385),77,71,7771,40.819329617499996,-73.858484837,0.05220809434660885
42741947,40.818212,-73.8541391,,stop,4,POINT (-73.8541391 40.818212),77,72,7772,40.819329617499996,-73.852940555,0.16005053416889103
2858414628,40.8190781,-73.8480424,,traffic_signals,4,POINT (-73.8480424 40.8190781),77,73,7773,40.819329617499996,-73.847396273,0.06114265642603114
42747943,40.8198386,-73.8419415,,,3,POINT (-73.8419415 40.8198386),77,74,7774,40.819329617499996,-73.84185199100001,0.05709527675717194
596478764,40.8192834,-73.8363263,18,motorway_junction,3,POINT (-73.8363263 40.8192834),77,75,7775,40.819329617499996,-73.83630770900001,0.0053719921891922364
42731904,40.8202159,-73.8253586,,,3,POINT (-73.8253586 40.8202159),77,77,7777,40.819329617499996,-73.825219145,0.09924633818910837
42757073,40.8198593,-73.8198556,,,4,POINT (-73.8198556 40.8198593),77,78,7778,40.819329617499996,-73.819674863,0.06082996636058975
42767320,40.8198265,-73.8138392,,,3,POINT (-73.8138392 40.8198265),77,79,7779,40.819329617499996,-73.814130581,0.06044714085856247
42750318,40.8193061,-73.808372,,,3,POINT (-73.808372 40.8193061),77,80,7780,40.819329617499996,-73.80858629900001,0.018221774268480456
471826004,40.8179213,-73.8039161,9,motorway_junction,3,POINT (-73.8039161 40.8179213),77,81,7781,40.819329617499996,-73.80304201700001,0.1730118833512428
254342293,40.8226363,-73.957693,12,motorway_junction,3,POINT (-73.957693 40.8226363),78,53,7853,40.8234708345,-73.95828191300001,0.10519834528618578
42428917,40.8233117,-73.9528694,,traffic_signals,4,POINT (-73.9528694 40.8233117),78,54,7854,40.8234708345,-73.952737631,0.020881725038694662
42443658,40.8233637,-73.9471685,,,3,POINT (-73.9471685 40.8233637),78,55,7855,40.8234708345,-73.947193349,0.01209491550777031
42435869,40.8235077,-73.9414281,,traffic_signals,4,POINT (-73.9414281 40.8235077),78,56,7856,40.8234708345,-73.94164906700001,0.019039618780083922
2141026509,40.8241529,-73.937135,,traffic_signals,3,POINT (-73.937135 40.8241529),78,57,7857,40.8234708345,-73.93610478500001,0.11518047622736088
529051355,40.824433,-73.9310052,5,motorway_junction,3,POINT (-73.9310052 40.824433),78,58,7858,40.8234708345,-73.93056050300001,0.1133426380365077
42741420,40.8235052,-73.9245299,,traffic_signals,3,POINT (-73.9245299 40.8235052),78,59,7859,40.8234708345,-73.925016221,0.041099130375461826
42763590,40.8238624,-73.9194039,,traffic_signals,3,POINT (-73.9194039 40.8238624),78,60,7860,40.8234708345,-73.919471939,0.04391487802293175
42776446,40.823578,-73.914166,,traffic_signals,4,POINT (-73.914166 40.823578),78,61,7861,40.8234708345,-73.913927657,0.02332825029703742
42732965,40.8233804,-73.9091028,,traffic_signals,3,POINT (-73.9091028 40.8233804),78,62,7862,40.8234708345,-73.90838337500001,0.061365041394102454
42739761,40.8227211,-73.9031434,,traffic_signals,4,POINT (-73.9031434 40.8227211),78,63,7863,40.8234708345,-73.90283909300001,0.08721043763334595
2806285555,40.8238447,-73.8973115,,,3,POINT (-73.8973115 40.8238447),78,64,7864,40.8234708345,-73.89729481100001,0.04159565800551866
42751871,40.823079,-73.891791,,traffic_signals,3,POINT (-73.891791 40.823079),78,65,7865,40.8234708345,-73.891750529,0.043702888545557636
6215468279,40.8232666,-73.8866261,,,3,POINT (-73.8866261 40.8232666),78,66,7866,40.8234708345,-73.886206247,0.04199789514383424
42752996,40.8231208,-73.8807542,,,3,POINT (-73.8807542 40.8231208),78,67,7867,40.8234708345,-73.880661965,0.03968829698776152
42753482,40.8242008,-73.8752836,,,3,POINT (-73.8752836 40.8242008),78,68,7868,40.8234708345,-73.87511768300001,0.08236033746048435
42765508,40.824186,-73.8694191,,,4,POINT (-73.8694191 40.824186),78,69,7869,40.8234708345,-73.86957340100001,0.08057569293960178
42781851,40.823573,-73.863508,,,4,POINT (-73.863508 40.823573),78,70,7870,40.8234708345,-73.86402911900001,0.04529682225827254
42731513,40.822774,-73.858445,,traffic_signals,3,POINT (-73.858445 40.822774),78,71,7871,40.8234708345,-73.858484837,0.07755693455808715
42731521,40.823606,-73.852253,,,4,POINT (-73.852253 40.823606),78,72,7872,40.8234708345,-73.852940555,0.059774132248780906
42719975,40.823665,-73.8459587,,,4,POINT (-73.8459587 40.823665),78,73,7873,40.8234708345,-73.847396273,0.12287497595571811
42719977,40.8240691,-73.8429354,,traffic_signals,3,POINT (-73.8429354 40.8240691),78,74,7874,40.8234708345,-73.84185199100001,0.11285390443237431
42721199,40.8232968,-73.8359882,19S-W;19N,motorway_junction,3,POINT (-73.8359882 40.8232968),78,75,7875,40.8234708345,-73.83630770900001,0.033125322219673854
8387045809,40.82438,-73.8254793,,,3,POINT (-73.8254793 40.82438),78,77,7877,40.8234708345,-73.825219145,0.10343744832827582
42783343,40.8228473,-73.8194727,,traffic_signals,4,POINT (-73.8194727 40.8228473),78,78,7878,40.8234708345,-73.819674863,0.07139017960167167
42750997,40.823993,-73.812513,,,2,POINT (-73.812513 40.823993),78,79,7879,40.8234708345,-73.814130581,0.1479764622167292
42751155,40.822904,-73.808646,,,4,POINT (-73.808646 40.822904),78,80,7880,40.8234708345,-73.80858629900001,0.06322899468939465
42434264,40.8270794,-73.9519791,,traffic_signals,3,POINT (-73.9519791 40.8270794),79,54,7954,40.8276120515,-73.952737631,0.08707041473199179
42439213,40.8271519,-73.9461917,,traffic_signals,4,POINT (-73.9461917 40.8271519),79,55,7955,40.8276120515,-73.947193349,0.0985941025621276
42427883,40.827823,-73.941997,,,3,POINT (-73.941997 40.827823),79,56,7956,40.8276120515,-73.94164906700001,0.037512796466143625
2140997997,40.8276031,-73.9357889,,,4,POINT (-73.9357889 40.8276031),79,57,7957,40.8276120515,-73.93610478500001,0.026596876775945345
9166314448,40.8278462,-73.9308122,,,3,POINT (-73.9308122 40.8278462),79,58,7958,40.8276120515,-73.93056050300001,0.03356137686162877
2411416838,40.8275127,-73.9249606,,traffic_signals,4,POINT (-73.9249606 40.8275127),79,59,7959,40.8276120515,-73.925016221,0.01199775441016088
42731625,40.827825,-73.919336,,,4,POINT (-73.919336 40.827825),79,60,7960,40.8276120515,-73.919471939,0.026296527919329838
42742412,40.827556,-73.91476,,,3,POINT (-73.91476 40.827556),79,61,7961,40.8276120515,-73.913927657,0.07030931909977146
42730090,40.828225,-73.908604,,,4,POINT (-73.908604 40.828225),79,62,7962,40.8276120515,-73.90838337500001,0.07063945261634652
42764658,40.828384,-73.90283,,,4,POINT (-73.90283 40.828384),79,63,7963,40.8276120515,-73.90283909300001,0.08584016634094742
42768150,40.8280496,-73.8970019,,stop,4,POINT (-73.8970019 40.8280496),79,64,7964,40.8276120515,-73.89729481100001,0.05453911293739846
42759515,40.826794,-73.891913,,,4,POINT (-73.891913 40.826794),79,65,7965,40.8276120515,-73.891750529,0.09198464358403383
42760339,40.8276473,-73.8861181,,traffic_signals,4,POINT (-73.8861181 40.8276473),79,66,7966,40.8276120515,-73.886206247,0.008388565766688817
42760353,40.828432,-73.881046,,,4,POINT (-73.881046 40.828432),79,67,7967,40.8276120515,-73.880661965,0.09673051087242304
42749568,40.826528,-73.874875,,traffic_signals,4,POINT (-73.874875 40.826528),79,68,7968,40.8276120515,-73.87511768300001,0.12225827460021294
42749587,40.827298,-73.869184,,,3,POINT (-73.869184 40.827298),79,69,7969,40.8276120515,-73.86957340100001,0.04788469056386691
42772052,40.827573,-73.863458,,turning_circle,1,POINT (-73.863458 40.827573),79,70,7970,40.8276120515,-73.86402911900001,0.04824918474794439
42731554,40.827146,-73.858981,,,3,POINT (-73.858981 40.827146),79,71,7971,40.8276120515,-73.858484837,0.06654602243688756
42771253,40.827919,-73.853261,,,4,POINT (-73.853261 40.827919),79,72,7972,40.8276120515,-73.852940555,0.043495685766786946
42753536,40.828003,-73.8470049,,,3,POINT (-73.8470049 40.828003),79,73,7973,40.8276120515,-73.847396273,0.05453559340299903
8957031159,40.8279641,-73.8417025,,,3,POINT (-73.8417025 40.8279641),79,74,7974,40.8276120515,-73.84185199100001,0.04111709677026781
596455786,40.8284194,-73.836563,,,3,POINT (-73.836563 40.8284194),79,75,7975,40.8276120515,-73.83630770900001,0.0923070061900394
42719714,40.8272967,-73.8301526,,,3,POINT (-73.8301526 40.8272967),79,76,7976,40.8276120515,-73.83076342700001,0.06221721271907635
42758915,40.827353,-73.824625,,stop,4,POINT (-73.824625 40.827353),79,77,7977,40.8276120515,-73.825219145,0.05769597765739584
42747983,40.827414,-73.819173,,traffic_signals,4,POINT (-73.819173 40.827414),79,78,7978,40.8276120515,-73.819674863,0.04762398160041502
42744763,40.8272868,-73.8142119,,,4,POINT (-73.8142119 40.8272868),79,79,7979,40.8276120515,-73.814130581,0.036807838820706984
587934311,40.8314619,-73.9512706,,,3,POINT (-73.9512706 40.8314619),80,54,8054,40.831753268499995,-73.952737631,0.12760844505049684
42428953,40.8315206,-73.946872,,traffic_signals,4,POINT (-73.946872 40.8315206),80,55,8055,40.831753268499995,-73.947193349,0.03742059590380782
42433339,40.8322331,-73.9424802,,traffic_signals,3,POINT (-73.9424802 40.8322331),80,56,8056,40.831753268499995,-73.94164906700001,0.0879567650167041
5333189422,40.8315256,-73.9356297,,,3,POINT (-73.9356297 40.8315256),80,57,8057,40.831753268499995,-73.93610478500001,0.04731320012549183
42737570,40.831914,-73.930934,,,3,POINT (-73.930934 40.831914),80,58,8058,40.831753268499995,-73.93056050300001,0.036150705409984905
5116063237,40.8326303,-73.925372,,traffic_signals,3,POINT (-73.925372 40.8326303),80,59,8059,40.831753268499995,-73.925016221,0.10201180008296572
2408438456,40.8318946,-73.9197029,,traffic_signals,3,POINT (-73.9197029 40.8318946),80,60,8060,40.831753268499995,-73.919471939,0.02499117391885734
42756651,40.832264,-73.913681,,traffic_signals,4,POINT (-73.913681 40.832264),80,61,8061,40.831753268499995,-73.913927657,0.06046353334317915
42742463,40.831768,-73.908024,,traffic_signals,4,POINT (-73.908024 40.831768),80,62,8062,40.831753268499995,-73.90838337500001,0.030279896159145253
42725002,40.831351,-73.902303,,,3,POINT (-73.902303 40.831351),80,63,8063,40.831753268499995,-73.90283909300001,0.06352267829962936
42741068,40.8319648,-73.8966918,,traffic_signals,4,POINT (-73.8966918 40.8319648),80,64,8064,40.831753268499995,-73.89729481100001,0.055920788909166484
5329477012,40.8318882,-73.8924992,,,3,POINT (-73.8924992 40.8318882),80,65,8065,40.831753268499995,-73.891750529,0.06475069112888282
42773324,40.8309082,-73.886385,,,3,POINT (-73.886385 40.8309082),80,66,8066,40.831753268499995,-73.886206247,0.09516321872876957
42779119,40.832235,-73.880992,,,3,POINT (-73.880992 40.832235),80,67,8067,40.831753268499995,-73.880661965,0.060335162475210855
42737359,40.831764,-73.875143,,,4,POINT (-73.875143 40.831764),80,68,8068,40.831753268499995,-73.87511768300001,0.002441494318370684
42752461,40.831086,-73.869079,,,4,POINT (-73.869079 40.831086),80,69,8069,40.831753268499995,-73.86957340100001,0.08506117694642884
42760396,40.8324006,-73.8645665,,,4,POINT (-73.8645665 40.8324006),80,70,8070,40.831753268499995,-73.86402911900001,0.08500123757197063
42722708,40.8324393,-73.8586515,,,4,POINT (-73.8586515 40.8324393),80,71,8071,40.831753268499995,-73.858484837,0.07756122673715833
103116506,40.8315068,-73.8538677,,,3,POINT (-73.8538677 40.8315068),80,72,8072,40.831753268499995,-73.852940555,0.08267868010817199
42742209,40.8316263,-73.847812,,stop,4,POINT (-73.847812 40.8316263),80,73,8073,40.831753268499995,-73.847396273,0.0377186212183486
42777881,40.833123,-73.84204,,,3,POINT (-73.84204 40.833123),80,74,8074,40.831753268499995,-73.84185199100001,0.15312635954098322
42728296,40.83201,-73.838106,1A,motorway_junction,3,POINT (-73.838106 40.83201),80,75,8075,40.831753268499995,-73.83630770900001,0.15396628628132203
42753316,40.8317399,-73.8308984,,,3,POINT (-73.8308984 40.8317399),80,76,8076,40.831753268499995,-73.83076342700001,0.01145266433752335
42769353,40.831677,-73.82514,,,4,POINT (-73.82514 40.831677),80,77,8077,40.831753268499995,-73.825219145,0.010782437489749589
42719767,40.8323021,-73.8195567,,,4,POINT (-73.8195567 40.8323021),80,78,8078,40.831753268499995,-73.819674863,0.06183171670875332
42758947,40.8313296,-73.8165259,,,4,POINT (-73.8165259 40.8313296),80,79,8079,40.831753268499995,-73.814130581,0.20696080013836757
587934268,40.8349476,-73.9469169,,,4,POINT (-73.9469169 40.8349476),81,55,8155,40.8358944855,-73.947193349,0.10782695130197745
561035376,40.8365346,-73.9430023,,traffic_signals,4,POINT (-73.9430023 40.8365346),81,56,8156,40.8358944855,-73.94164906700001,0.1342642576488662
42439728,40.836469,-73.937023,,traffic_signals,3,POINT (-73.937023 40.836469),81,57,8157,40.8358944855,-73.93610478500001,0.10024099093214463
42769855,40.836094,-73.92926,,,3,POINT (-73.92926 40.836094),81,58,8158,40.8358944855,-73.93056050300001,0.1116357499067868
42736640,40.8363068,-73.9251688,,,4,POINT (-73.9251688 40.8363068),81,59,8159,40.8358944855,-73.925016221,0.047610304912115396
42733747,40.8351852,-73.9193882,,traffic_signals,4,POINT (-73.9193882 40.8351852),81,60,8160,40.8358944855,-73.919471939,0.07918296130715678
42755588,40.8356,-73.913793,,traffic_signals,4,POINT (-73.913793 40.8356),81,61,8161,40.8358944855,-73.913927657,0.03464952327775855
42739165,40.8362675,-73.907405,,traffic_signals,4,POINT (-73.907405 40.8362675),81,62,8162,40.8358944855,-73.90838337500001,0.09216905038891457
42762954,40.835927,-73.902906,,traffic_signals,3,POINT (-73.902906 40.835927),81,63,8163,40.8358944855,-73.90283909300001,0.006689891833181513
42759823,40.8364784,-73.8977654,,traffic_signals,4,POINT (-73.8977654 40.8364784),81,64,8164,40.8358944855,-73.89729481100001,0.07604628317560405
42748406,40.835718,-73.892045,,traffic_signals,3,POINT (-73.892045 40.835718),81,65,8165,40.8358944855,-73.891750529,0.031604361082409445
42757761,40.836769,-73.885964,,traffic_signals,4,POINT (-73.885964 40.836769),81,66,8166,40.8358944855,-73.886206247,0.09935420319324088
103092994,40.8357917,-73.8816611,,motorway_junction,4,POINT (-73.8816611 40.8357917),81,67,8167,40.8358944855,-73.880661965,0.08482923759221983
42722642,40.8360941,-73.8752306,,,3,POINT (-73.8752306 40.8360941),81,68,8168,40.8358944855,-73.87511768300001,0.024143500640004496
42752485,40.8356711,-73.870001,,traffic_signals,4,POINT (-73.870001 40.8356711),81,69,8169,40.8358944855,-73.86957340100001,0.043715806501322195
42737254,40.835437,-73.864115,,,4,POINT (-73.864115 40.835437),81,70,8170,40.8358944855,-73.86402911900001,0.05138059171990963
42741933,40.8350274,-73.858067,,stop,3,POINT (-73.858067 40.8350274),81,71,8171,40.8358944855,-73.858484837,0.10262372451389382
42748322,40.836256,-73.853222,,traffic_signals,4,POINT (-73.853222 40.836256),81,72,8172,40.8358944855,-73.852940555,0.04665349375736472
42760522,40.836264,-73.847316,,,4,POINT (-73.847316 40.836264),81,73,8173,40.8358944855,-73.847396273,0.041639417940994274
6814456572,40.836102,-73.8423573,,,3,POINT (-73.8423573 40.836102),81,74,8174,40.8358944855,-73.84185199100001,0.04836945518129693
42731855,40.835837,-73.83639,,,4,POINT (-73.83639 40.835837),81,75,8175,40.8358944855,-73.83630770900001,0.009422690043991138
42739560,40.836658,-73.830591,,,3,POINT (-73.830591 40.836658),81,76,8176,40.8358944855,-73.83076342700001,0.08612927506176495
470856734,40.8358342,-73.8254173,,,3,POINT (-73.8254173 40.8358342),81,77,8177,40.8358944855,-73.825219145,0.01796778285796781
42744780,40.8362423,-73.8202287,,,4,POINT (-73.8202287 40.8362423),81,78,8178,40.8358944855,-73.819674863,0.060553373482552665
42785142,40.8359269,-73.8164407,,,1,POINT (-73.8164407 40.8359269),81,79,8179,40.8358944855,-73.814130581,0.1943801612870738
471390211,40.8379257,-73.7846327,,,1,POINT (-73.7846327 40.8379257),81,84,8184,40.8358944855,-73.786409171,0.2708287877565698
42774249,40.8376642,-73.7829067,,,1,POINT (-73.7829067 40.8376642),81,85,8185,40.8358944855,-73.780864889,0.2612074454647292
42441704,40.839232,-73.945543,,,3,POINT (-73.945543 40.839232),82,55,8255,40.840035702499996,-73.947193349,0.16511002253726467
42428975,40.8399295,-73.9407749,,traffic_signals,3,POINT (-73.9407749 40.8399295),82,56,8256,40.840035702499996,-73.94164906700001,0.07447996348139184
42442717,40.8404789,-73.9364566,,traffic_signals,3,POINT (-73.9364566 40.8404789),82,57,8257,40.840035702499996,-73.93610478500001,0.05748525032200249
60920157,40.8397309,-73.9293977,,,3,POINT (-73.9293977 40.8397309),82,58,8258,40.840035702499996,-73.93056050300001,0.10352414867230392
42763869,40.840104,-73.924782,,,3,POINT (-73.924782 40.840104),82,59,8259,40.840035702499996,-73.925016221,0.021116308249073023
42740200,40.840648,-73.919011,,traffic_signals,4,POINT (-73.919011 40.840648),82,60,8260,40.840035702499996,-73.919471939,0.07835190558505378
42763650,40.840292,-73.914351,,,4,POINT (-73.914351 40.840292),82,61,8261,40.840035702499996,-73.913927657,0.045612181786023345
42748484,40.839965,-73.9090655,,,3,POINT (-73.9090655 40.839965),82,62,8262,40.840035702499996,-73.90838337500001,0.05791863219686144
42748434,40.840625,-73.903054,,,3,POINT (-73.903054 40.840625),82,63,8263,40.840035702499996,-73.90283909300001,0.06797506139175023
42754941,40.84068,-73.89827,,traffic_signals,3,POINT (-73.89827 40.84068),82,64,8264,40.840035702499996,-73.89729481100001,0.10891515148807182
42740957,40.84105,-73.892169,,,3,POINT (-73.892169 40.84105),82,65,8265,40.840035702499996,-73.891750529,0.11815091174633043
42767004,40.840105,-73.886185,,traffic_signals,4,POINT (-73.886185 40.840105),82,66,8266,40.840035702499996,-73.886206247,0.007910112088699253
42769499,40.840111,-73.8803688,,,4,POINT (-73.8803688 40.840111),82,67,8267,40.840035702499996,-73.880661965,0.026044478377338254
42740346,40.840218,-73.875417,,,3,POINT (-73.875417 40.840218),82,68,8268,40.840035702499996,-73.87511768300001,0.03232493548148214
42779187,40.8396153,-73.8696194,,,3,POINT (-73.8696194 40.8396153),82,69,8269,40.840035702499996,-73.86957340100001,0.04690651061340723
42762404,40.840037,-73.8639104,,traffic_signals,4,POINT (-73.8639104 40.840037),82,70,8270,40.840035702499996,-73.86402911900001,0.00998806648703034
2858253811,40.8398094,-73.8586414,,,1,POINT (-73.8586414 40.8398094),82,71,8271,40.840035702499996,-73.858484837,0.02840204489754028
4591240828,40.8400973,-73.852916,,,3,POINT (-73.852916 40.8400973),82,72,8272,40.840035702499996,-73.852940555,0.007154034004979496
42749975,40.840264,-73.847156,,,4,POINT (-73.847156 40.840264),82,73,8273,40.840035702499996,-73.847396273,0.032449501023663736
9335876512,40.8405606,-73.8418653,,crossing,3,POINT (-73.8418653 40.8405606),82,74,8274,40.840035702499996,-73.84185199100001,0.05837667617760402
559846489,40.8401068,-73.836983,,,3,POINT (-73.836983 40.8401068),82,75,8275,40.840035702499996,-73.83630770900001,0.05735508512612653
42730322,40.840203,-73.830559,,,4,POINT (-73.830559 40.840203),82,76,8276,40.840035702499996,-73.83076342700001,0.025333693005006142
42748907,40.8397202,-73.825003,,,3,POINT (-73.825003 40.8397202),82,77,8277,40.840035702499996,-73.825219145,0.03951433230288955
42775876,40.83994,-73.819799,,,3,POINT (-73.819799 40.83994),82,78,8278,40.840035702499996,-73.819674863,0.014909616256132574
42738648,40.840361,-73.816539,,,3,POINT (-73.816539 40.840361),82,79,8279,40.840035702499996,-73.814130581,0.20580703550417362
42751928,40.8400509,-73.7870988,,,1,POINT (-73.7870988 40.8400509),82,84,8284,40.840035702499996,-73.786409171,0.05803841232722336
471390575,40.8401083,-73.7815918,,,1,POINT (-73.7815918 40.8401083),82,85,8285,40.840035702499996,-73.780864889,0.06168058608271144
60927650,40.8448861,-73.9449014,15,motorway_junction,3,POINT (-73.9449014 40.8448861),83,55,8355,40.8441769195,-73.947193349,0.20829697603942626
42427146,40.8440509,-73.9411456,,traffic_signals,4,POINT (-73.9411456 40.8440509),83,56,8356,40.8441769195,-73.94164906700001,0.04460868639205271
42454611,40.844201,-73.935653,,traffic_signals,4,POINT (-73.935653 40.844201),83,57,8357,40.8441769195,-73.93610478500001,0.03809744068456706
60925101,40.8452397,-73.9307305,,,3,POINT (-73.9307305 40.8452397),83,58,8358,40.8441769195,-73.93056050300001,0.11903781200308564
60924370,40.8444192,-73.9250538,,stop,3,POINT (-73.9250538 40.8444192),83,59,8359,40.8441769195,-73.925016221,0.027125181068328553
42719078,40.8441854,-73.919697,,,1,POINT (-73.919697 40.8441854),83,60,8360,40.8441769195,-73.919471939,0.01895514244859686
42748516,40.843979,-73.913858,,traffic_signals,4,POINT (-73.913858 40.843979),83,61,8361,40.8441769195,-73.913927657,0.02277430869206544
42734852,40.843733,-73.908566,,traffic_signals,4,POINT (-73.908566 40.843733),83,62,8362,40.8441769195,-73.90838337500001,0.05169681936782203
42757869,40.844181,-73.902916,,traffic_signals,4,POINT (-73.902916 40.844181),83,63,8363,40.8441769195,-73.90283909300001,0.006485152051039538
595491777,40.8441707,-73.8974353,,traffic_signals,4,POINT (-73.8974353 40.8441707),83,64,8364,40.8441769195,-73.89729481100001,0.011837867633721248
42733174,40.844347,-73.892046,,,3,POINT (-73.892046 40.844347),83,65,8365,40.8441769195,-73.891750529,0.031231516949183736
42757618,40.8441116,-73.8861534,,,4,POINT (-73.8861534 40.8441116),83,66,8366,40.8441769195,-73.886206247,0.008515601662754328
42753830,40.843909,-73.880461,,traffic_signals,4,POINT (-73.880461 40.843909),83,67,8367,40.8441769195,-73.880661965,0.03425336768014152
42749889,40.843981,-73.869595,,traffic_signals,3,POINT (-73.869595 40.843981),83,69,8369,40.8441769195,-73.86957340100001,0.021860885498943303
42766795,40.844143,-73.8638,,,4,POINT (-73.8638 40.844143),83,70,8370,40.8441769195,-73.86402911900001,0.01963861440858405
42751713,40.845286,-73.858654,,traffic_signals,4,POINT (-73.858654 40.845286),83,71,8371,40.8441769195,-73.858484837,0.12414233458241836
42743765,40.843927,-73.853029,,,3,POINT (-73.853029 40.843927),83,72,8372,40.8441769195,-73.852940555,0.028768436335832457
42755556,40.8435591,-73.8474795,,,3,POINT (-73.8474795 40.8435591),83,73,8373,40.8441769195,-73.847396273,0.06905419751269681
42735461,40.8437192,-73.8429308,,,1,POINT (-73.8429308 40.8437192),83,74,8374,40.8441769195,-73.84185199100001,0.10404578672148591
3640921768,40.844148,-73.8359588,,,3,POINT (-73.8359588 40.844148),83,75,8375,40.8441769195,-73.83630770900001,0.02952516080127207
42755869,40.844531,-73.830624,,,3,POINT (-73.830624 40.844531),83,76,8376,40.8441769195,-73.83076342700001,0.04108166870574819
42768096,40.8443111,-73.8250923,,,3,POINT (-73.8250923 40.8443111),83,77,8377,40.8441769195,-73.825219145,0.018342833765156802
42762473,40.8441109,-73.8198607,,,4,POINT (-73.8198607 40.8441109),83,78,8378,40.8441769195,-73.819674863,0.01727013697439217
835487991,40.8442254,-73.8150774,,turning_circle,1,POINT (-73.8150774 40.8442254),83,79,8379,40.8441769195,-73.814130581,0.07982668804161874
42775516,40.8449618,-73.7897487,,,1,POINT (-73.7897487 40.8449618),83,83,8383,40.8441769195,-73.791953453,0.20496740038690844
42729919,40.8444412,-73.7854351,,,3,POINT (-73.7854351 40.8444412),83,84,8384,40.8441769195,-73.786409171,0.08704710781557658
5249487138,40.8455946,-73.78335,,,1,POINT (-73.78335 40.8455946),83,85,8385,40.8441769195,-73.780864889,0.2618164215777844
60917021,40.8482061,-73.9452413,14,motorway_junction,3,POINT (-73.9452413 40.8482061),84,55,8455,40.8483181365,-73.947193349,0.1646642004420766
42428114,40.8482177,-73.9414166,,,3,POINT (-73.9414166 40.8482177),84,56,8456,40.8483181365,-73.94164906700001,0.02251803792221751
42449637,40.84852,-73.935929,,traffic_signals,4,POINT (-73.935929 40.84852),84,57,8457,40.8483181365,-73.93610478500001,0.02687842195578339
42442738,40.8484776,-73.9306128,,,3,POINT (-73.9306128 40.8484776),84,58,8458,40.8483181365,-73.93056050300001,0.01826901749544613
42749016,40.8484572,-73.9245796,7N-S,motorway_junction,3,POINT (-73.9245796 40.8484572),84,59,8459,40.8483181365,-73.925016221,0.03984795447637847
42745466,40.848423,-73.919241,,,3,POINT (-73.919241 40.848423),84,60,8460,40.8483181365,-73.919471939,0.02265587478178528
42744749,40.848609,-73.913968,,traffic_signals,4,POINT (-73.913968 40.848609),84,61,8461,40.8483181365,-73.913927657,0.03252007206109856
42735759,40.8480275,-73.9085863,,stop,4,POINT (-73.9085863 40.8480275),84,62,8462,40.8483181365,-73.90838337500001,0.036547852948571866
42772919,40.8484693,-73.9022306,,,3,POINT (-73.9022306 40.8484693),84,63,8463,40.8483181365,-73.90283909300001,0.053871328252685674
42729999,40.8483208,-73.8973439,,traffic_signals,4,POINT (-73.8973439 40.8483208),84,64,8464,40.8483181365,-73.89729481100001,0.004139616812474875
42740274,40.848013,-73.8924254,,,4,POINT (-73.8924254 40.848013),84,65,8465,40.8483181365,-73.891750529,0.0661326368971382
42740992,40.847878,-73.886017,,,4,POINT (-73.886017 40.847878),84,66,8466,40.8483181365,-73.886206247,0.051464580574290486
42747140,40.847235,-73.881998,,,3,POINT (-73.881998 40.847235),84,67,8467,40.8483181365,-73.880661965,0.1647256345356596
3656081819,40.8476343,-73.8706742,,,1,POINT (-73.8706742 40.8476343),84,69,8469,40.8483181365,-73.86957340100001,0.11981305475908213
42746723,40.847981,-73.864244,,stop,4,POINT (-73.864244 40.847981),84,70,8470,40.8483181365,-73.86402911900001,0.04161753792373931
42756749,40.847364,-73.857895,,traffic_signals,4,POINT (-73.857895 40.847364),84,71,8471,40.8483181365,-73.858484837,0.11712233946996214
42766819,40.847874,-73.85283,,stop,4,POINT (-73.85283 40.847874),84,72,8472,40.8483181365,-73.852940555,0.05025359053767055
42744974,40.847896,-73.847216,,,4,POINT (-73.847216 40.847896),84,73,8473,40.8483181365,-73.847396273,0.049327845866854736
42749794,40.8499219,-73.8415242,,,3,POINT (-73.8415242 40.8499219),84,74,8474,40.8483181365,-73.84185199100001,0.18044911207750047
42743623,40.848406,-73.835933,,,3,POINT (-73.835933 40.848406),84,75,8475,40.8483181365,-73.83630770900001,0.03299730429886055
3640796172,40.848169,-73.8311185,,,3,POINT (-73.8311185 40.848169),84,76,8476,40.8483181365,-73.83076342700001,0.03416126841631754
470205692,40.8480416,-73.8268433,,,3,POINT (-73.8268433 40.8480416),84,77,8477,40.8483181365,-73.825219145,0.14003023142145213
9561918220,40.8481622,-73.8191406,,,3,POINT (-73.8191406 40.8481622),84,78,8478,40.8483181365,-73.819674863,0.0481675118375683
42737193,40.8485823,-73.8162932,,,2,POINT (-73.8162932 40.8485823),84,79,8479,40.8483181365,-73.814130581,0.18425973275713625
42771032,40.8476872,-73.7911643,,,1,POINT (-73.7911643 40.8476872),84,83,8483,40.8483181365,-73.791953453,0.09658182844981214
42771056,40.8483803,-73.7868965,,,3,POINT (-73.7868965 40.8483803),84,84,8484,40.8483181365,-73.786409171,0.04156926722232581
9995746880,40.8480944,-73.7827351,,,1,POINT (-73.7827351 40.8480944),84,85,8485,40.8483181365,-73.780864889,0.15926388160535332
622204986,40.8516143,-73.9520327,,,1,POINT (-73.9520327 40.8516143),85,54,8554,40.852459353499995,-73.952737631,0.11110755388674659
60929278,40.8523968,-73.9412909,,traffic_signals,2,POINT (-73.9412909 40.8523968),85,56,8556,40.852459353499995,-73.94164906700001,0.03091711446866657
42454240,40.852339,-73.935716,,,4,POINT (-73.935716 40.852339),85,57,8557,40.852459353499995,-73.93610478500001,0.03533227891702643
42433080,40.853062,-73.930996,,traffic_signals,4,POINT (-73.930996 40.853062),85,58,8558,40.852459353499995,-73.93056050300001,0.07636847063756975
42442766,40.8531188,-73.927239,,,3,POINT (-73.927239 40.8531188),85,59,8559,40.852459353499995,-73.925016221,0.2008175028682525
42743072,40.8526082,-73.9193183,,,3,POINT (-73.9193183 40.8526082),85,60,8560,40.852459353499995,-73.919471939,0.020998030243899065
42743993,40.8538168,-73.9138534,,traffic_signals,4,POINT (-73.9138534 40.8538168),85,61,8561,40.852459353499995,-73.913927657,0.15107031903873921
42736315,40.8526619,-73.9084301,,,3,POINT (-73.9084301 40.8526619),85,62,8562,40.852459353499995,-73.90838337500001,0.022862440019837813
2025209368,40.8525576,-73.9032804,,,3,POINT (-73.9032804 40.8525576),85,63,8563,40.852459353499995,-73.90283909300001,0.0386914713572571
42753781,40.851969,-73.897087,,traffic_signals,4,POINT (-73.897087 40.851969),85,64,8564,40.852459353499995,-73.89729481100001,0.05725779203946798
42763784,40.85277,-73.892167,,traffic_signals,3,POINT (-73.892167 40.85277),85,65,8565,40.852459353499995,-73.891750529,0.049195005222971
42758689,40.852243,-73.886384,,stop,4,POINT (-73.886384 40.852243),85,66,8566,40.852459353499995,-73.886206247,0.028324420471665612
3295750240,40.8522265,-73.8819932,,traffic_signals,3,POINT (-73.8819932 40.8522265),85,67,8567,40.852459353499995,-73.880661965,0.11492174107061519
471213783,40.8537715,-73.8725988,,,2,POINT (-73.8725988 40.8537715),85,68,8568,40.852459353499995,-73.87511768300001,0.2572361043413933
42744834,40.852424,-73.868722,,traffic_signals,3,POINT (-73.868722 40.852424),85,69,8569,40.852459353499995,-73.86957340100001,0.07171700897807777
42732498,40.852339,-73.863926,,,4,POINT (-73.863926 40.852339),85,70,8570,40.852459353499995,-73.86402911900001,0.015947382513385525
42741513,40.852352,-73.858512,,,4,POINT (-73.858512 40.852352),85,71,8571,40.852459353499995,-73.858484837,0.0121538204714428
42745371,40.852264,-73.852897,,traffic_signals,4,POINT (-73.852897 40.852264),85,72,8572,40.852459353499995,-73.852940555,0.02202904696563978
42770514,40.852612,-73.84811,,,3,POINT (-73.84811 40.852612),85,73,8573,40.852459353499995,-73.847396273,0.06238320155070212
42764497,40.8526589,-73.8423149,,,3,POINT (-73.8423149 40.8526589),85,74,8574,40.852459353499995,-73.84185199100001,0.04481284831315826
470538068,40.8522729,-73.8357451,1C,motorway_junction,3,POINT (-73.8357451 40.8522729),85,75,8575,40.852459353499995,-73.83630770900001,0.051662324894610714
42763052,40.852399,-73.830978,,,4,POINT (-73.830978 40.852399),85,76,8576,40.852459353499995,-73.83076342700001,0.019254580012652185
42725357,40.8532247,-73.8260486,,,3,POINT (-73.8260486 40.8532247),85,77,8577,40.852459353499995,-73.825219145,0.11004239552282989
42766701,40.8532152,-73.7899195,,traffic_signals,3,POINT (-73.7899195 40.8532152),85,83,8583,40.852459353499995,-73.791953453,0.1906006207012696
42741177,40.8524634,-73.7871263,,,1,POINT (-73.7871263 40.8524634),85,84,8584,40.852459353499995,-73.786409171,0.0603175682592682
42427216,40.857109,-73.935602,,traffic_signals,4,POINT (-73.935602 40.857109),86,57,8657,40.8566005705,-73.93610478500001,0.07059898103260731
42437944,40.856077,-73.9304068,,,3,POINT (-73.9304068 40.856077),86,58,8658,40.8566005705,-73.93056050300001,0.05963625229673164
42433346,40.85623,-73.926863,,,3,POINT (-73.926863 40.85623),86,59,8659,40.8566005705,-73.925016221,0.1606915219020206
7476260858,40.8561114,-73.9173778,,,3,POINT (-73.9173778 40.8561114),86,60,8660,40.8566005705,-73.919471939,0.18433042298876842
42731722,40.8562808,-73.9139115,,,3,POINT (-73.9139115 40.8562808),86,61,8661,40.8566005705,-73.913927657,0.035582812607846834
42720041,40.856682,-73.908102,,,3,POINT (-73.908102 40.856682),86,62,8662,40.8566005705,-73.90838337500001,0.025337345638276484
42735785,40.856734,-73.902779,,traffic_signals,4,POINT (-73.902779 40.856734),86,63,8663,40.8566005705,-73.90283909300001,0.015673849772333753
42770589,40.85651,-73.897307,,stop,3,POINT (-73.897307 40.85651),86,64,8664,40.8566005705,-73.89729481100001,0.010123019117002488
42730025,40.856404,-73.892121,,,4,POINT (-73.892121 40.856404),86,65,8665,40.8566005705,-73.891750529,0.03805974848032438
42765949,40.856434,-73.886817,,stop,4,POINT (-73.886817 40.856434),86,66,8666,40.8566005705,-73.886206247,0.05460306979120028
42742681,40.8568118,-73.8807348,,traffic_signals,5,POINT (-73.8807348 40.8568118),86,67,8667,40.8566005705,-73.880661965,0.02427328355523161
103012237,40.8557907,-73.8751954,,,3,POINT (-73.8751954 40.8557907),86,68,8668,40.8566005705,-73.87511768300001,0.09029038295819582
42724404,40.8566842,-73.8693396,,traffic_signals,6,POINT (-73.8693396 40.8566842),86,69,8669,40.8566005705,-73.86957340100001,0.021751200260626713
42762594,40.8567278,-73.863801,,,3,POINT (-73.863801 40.8567278),86,70,8670,40.8566005705,-73.86402911900001,0.023837380972078902
3661350823,40.8568862,-73.8584977,,,3,POINT (-73.8584977 40.8568862),86,71,8671,40.8566005705,-73.858484837,0.03177896976227383
11540223340,40.8560439,-73.8525521,,,3,POINT (-73.8525521 40.8560439),86,72,8672,40.8566005705,-73.852940555,0.06999150434153006
3661361829,40.857468,-73.8479539,,,3,POINT (-73.8479539 40.857468),86,73,8673,40.8566005705,-73.847396273,0.10725058911374225
42761370,40.855645,-73.8404545,,,3,POINT (-73.8404545 40.855645),86,74,8674,40.8566005705,-73.84185199100001,0.158442488524045
3401276010,40.8565981,-73.8366389,,traffic_signals,3,POINT (-73.8366389 40.8565981),86,75,8675,40.8566005705,-73.83630770900001,0.02785524458157392
470210222,40.8562117,-73.8303429,,,3,POINT (-73.8303429 40.8562117),86,76,8676,40.8566005705,-73.83076342700001,0.05586218508116605
11149608087,40.8566415,-73.8254254,,traffic_signals,3,POINT (-73.8254254 40.8566415),86,77,8677,40.8566005705,-73.825219145,0.0179335939826733
471287544,40.8568253,-73.820848,,,3,POINT (-73.820848 40.8568253),86,78,8678,40.8566005705,-73.819674863,0.10177854168055968
470548098,40.857941,-73.8025214,,,1,POINT (-73.8025214 40.857941),86,81,8681,40.8566005705,-73.80304201700001,0.15534697501345185
42774231,40.8559992,-73.7914774,,,3,POINT (-73.7914774 40.8559992),86,83,8683,40.8566005705,-73.791953453,0.07793903915114725
42770099,40.8563034,-73.7888746,,,1,POINT (-73.7888746 40.8563034),86,84,8684,40.8566005705,-73.786409171,0.20996494066128757
595729853,40.8620097,-73.9344979,16,motorway_junction,3,POINT (-73.9344979 40.8620097),87,57,8757,40.8607417875,-73.93610478500001,0.19528894001502603
42429174,40.860641,-73.930771,,traffic_signals,3,POINT (-73.930771 40.860641),87,58,8758,40.8607417875,-73.93056050300001,0.0209514879698001
6882378422,40.8610468,-73.9249627,,,3,POINT (-73.9249627 40.8610468),87,59,8759,40.8607417875,-73.925016221,0.03421319706096255
42445046,40.860527,-73.919379,,,4,POINT (-73.919379 40.860527),87,60,8760,40.8607417875,-73.919471939,0.02512965053325852
7899087055,40.8617401,-73.9131879,,,3,POINT (-73.9131879 40.8617401),87,61,8761,40.8607417875,-73.913927657,0.12725095075913365
42747812,40.8600399,-73.9086206,,stop,4,POINT (-73.9086206 40.8600399),87,62,8762,40.8607417875,-73.90838337500001,0.08055576969058573
42736268,40.8605886,-73.9025509,,traffic_signals,4,POINT (-73.9025509 40.8605886),87,63,8763,40.8607417875,-73.90283909300001,0.029623271999321774
2025165412,40.8607734,-73.8978573,,,3,POINT (-73.8978573 40.8607734),87,64,8764,40.8607417875,-73.89729481100001,0.04743401614469655
42748269,40.8601894,-73.8917094,,traffic_signals,3,POINT (-73.8917094 40.8601894),87,65,8765,40.8607417875,-73.891750529,0.06151999756274128
42760117,40.860116,-73.886731,,,2,POINT (-73.886731 40.860116),87,66,8766,40.8607417875,-73.886206247,0.08239826373237046
5327491109,40.8610114,-73.8809822,,,3,POINT (-73.8809822 40.8610114),87,67,8767,40.8607417875,-73.880661965,0.040299342694478574
42725187,40.8587022,-73.8726548,7W,motorway_junction,3,POINT (-73.8726548 40.8587022),87,68,8768,40.8607417875,-73.87511768300001,0.3071398801957345
42745593,40.8613696,-73.8694385,,,4,POINT (-73.8694385 40.8613696),87,69,8769,40.8607417875,-73.86957340100001,0.07072536832400807
42745615,40.8612792,-73.8636539,,,4,POINT (-73.8636539 40.8612792),87,70,8770,40.8607417875,-73.86402911900001,0.06757706203271903
42745627,40.8611881,-73.8587781,,,3,POINT (-73.8587781 40.8611881),87,71,8771,40.8607417875,-73.858484837,0.055417893871817656
42745658,40.8610861,-73.8530296,,,3,POINT (-73.8530296 40.8610861),87,72,8772,40.8607417875,-73.852940555,0.03901126429928706
42745678,40.8609739,-73.847321,,,4,POINT (-73.847321 40.8609739),87,73,8773,40.8607417875,-73.847396273,0.02657468609604056
42745697,40.8608711,-73.841823,,,4,POINT (-73.841823 40.8608711),87,74,8774,40.8607417875,-73.84185199100001,0.01458412452725941
42745721,40.8607657,-73.8361882,,,4,POINT (-73.8361882 40.8607657),87,75,8775,40.8607417875,-73.83630770900001,0.01039612038195276
42745734,40.861044,-73.8309544,,,4,POINT (-73.8309544 40.861044),87,76,8776,40.8607417875,-73.83076342700001,0.037245032758782354
42759719,40.8612195,-73.8251143,,stop,4,POINT (-73.8251143 40.8612195),87,77,8777,40.8607417875,-73.825219145,0.05384599837929269
2887245811,40.8618489,-73.8205089,,,3,POINT (-73.8205089 40.8618489),87,78,8778,40.8607417875,-73.819674863,0.14168431240244045
775397889,40.8604128,-73.8029585,,,3,POINT (-73.8029585 40.8604128),87,81,8781,40.8607417875,-73.80304201700001,0.03724988456905016
42434722,40.8646389,-73.9309931,,,3,POINT (-73.9309931 40.8646389),88,58,8858,40.864883004499994,-73.93056050300001,0.04538834729481175
42437921,40.8653705,-73.9243885,,traffic_signals,4,POINT (-73.9243885 40.8653705),88,59,8859,40.864883004499994,-73.925016221,0.07566210934224037
42431252,40.864809,-73.919362,,traffic_signals,4,POINT (-73.919362 40.864809),88,60,8860,40.864883004499994,-73.919471939,0.012376772299703492
3718637426,40.8643376,-73.9166074,,,1,POINT (-73.9166074 40.8643376),88,61,8861,40.864883004499994,-73.913927657,0.2333631020007722
9461627674,40.8652923,-73.9085716,,,3,POINT (-73.9085716 40.8652923),88,62,8862,40.864883004499994,-73.90838337500001,0.04818540410489224
42740893,40.8648738,-73.9025307,,,4,POINT (-73.9025307 40.8648738),88,63,8863,40.864883004499994,-73.90283909300001,0.025953475385776522
42749511,40.864675,-73.896832,,,3,POINT (-73.896832 40.864675),88,64,8864,40.864883004499994,-73.89729481100001,0.04527263271149979
42763072,40.864633,-73.892132,,traffic_signals,4,POINT (-73.892132 40.864633),88,65,8865,40.864883004499994,-73.891750529,0.04244801140996412
42736703,40.86539,-73.886833,,traffic_signals,3,POINT (-73.886833 40.86539),88,66,8866,40.864883004499994,-73.886206247,0.07717475519838958
9938498557,40.8665473,-73.8813309,,,3,POINT (-73.8813309 40.8665473),88,67,8867,40.864883004499994,-73.880661965,0.1934214223006311
2757465926,40.8666296,-73.8735624,,,3,POINT (-73.8735624 40.8666296),88,68,8868,40.864883004499994,-73.87511768300001,0.23414341268209218
42744500,40.865404,-73.8691409,,traffic_signals,4,POINT (-73.8691409 40.865404),88,69,8869,40.864883004499994,-73.86957340100001,0.06840226854341123
42762606,40.864655,-73.86355,,traffic_signals,4,POINT (-73.86355 40.864655),88,70,8870,40.864883004499994,-73.86402911900001,0.04760309885164012
42744538,40.865495,-73.858673,,,4,POINT (-73.858673 40.865495),88,71,8871,40.864883004499994,-73.858484837,0.06986611375967425
42744561,40.865388,-73.852891,,,4,POINT (-73.852891 40.865388),88,72,8872,40.864883004499994,-73.852940555,0.056307348671419205
42744594,40.865283,-73.847185,,traffic_signals,4,POINT (-73.847185 40.865283),88,73,8873,40.864883004499994,-73.847396273,0.047894518528105785
42744612,40.86518,-73.841686,,,4,POINT (-73.841686 40.86518),88,74,8874,40.864883004499994,-73.84185199100001,0.03585314907859939
5175589690,40.8649993,-73.8360115,,crossing,4,POINT (-73.8360115 40.8649993),88,75,8875,40.864883004499994,-73.83630770900001,0.028065383154913498
42728483,40.8645298,-73.8306639,,,3,POINT (-73.8306639 40.8645298),88,76,8876,40.864883004499994,-73.83076342700001,0.04015640994225936
42768056,40.8647585,-73.8242172,,traffic_signals,3,POINT (-73.8242172 40.8647585),88,77,8877,40.864883004499994,-73.825219145,0.08538513832658501
473236862,40.8636875,-73.8217321,,,3,POINT (-73.8217321 40.8636875),88,78,8878,40.864883004499994,-73.819674863,0.21817376191742519
65477451,40.8647157,-73.8140001,,traffic_signals,3,POINT (-73.8140001 40.8647157),88,79,8879,40.864883004499994,-73.814130581,0.02159814913909157
9802538178,40.8647843,-73.8018458,,,3,POINT (-73.8018458 40.8647843),88,81,8881,40.864883004499994,-73.80304201700001,0.10118895432903227
42766150,40.866325,-73.7960414,,,3,POINT (-73.7960414 40.866325),88,82,8882,40.864883004499994,-73.79749773500001,0.20176038697584234
775403321,40.8646576,-73.7946252,,,1,POINT (-73.7946252 40.8646576),88,83,8883,40.864883004499994,-73.791953453,0.2260657745556195
4515465265,40.8687597,-73.9311686,,,4,POINT (-73.9311686 40.8687597),89,58,8958,40.8690242215,-73.93056050300001,0.058989103355518796
42455509,40.868473,-73.924038,,traffic_signals,3,POINT (-73.924038 40.868473),89,59,8959,40.8690242215,-73.925016221,0.102580670400034
42453354,40.869001,-73.92032,,,4,POINT (-73.92032 40.869001),89,60,8960,40.8690242215,-73.919471939,0.07135715797380048
42444873,40.868777,-73.913352,,,3,POINT (-73.913352 40.868777),89,61,8961,40.8690242215,-73.913927657,0.055666276551382
42719644,40.8690202,-73.9076784,,,3,POINT (-73.9076784 40.8690202),89,62,8962,40.8690242215,-73.90838337500001,0.05928051139894701
1396352292,40.869268,-73.9033976,,,3,POINT (-73.9033976 40.869268),89,63,8963,40.8690242215,-73.90283909300001,0.0542244157958899
42736243,40.868565,-73.896561,,,3,POINT (-73.896561 40.868565),89,64,8964,40.8690242215,-73.89729481100001,0.08009240544873661
2024846061,40.8692566,-73.8917235,,,3,POINT (-73.8917235 40.8692566),89,65,8965,40.8690242215,-73.891750529,0.02593907146304221
42755703,40.869475,-73.88625,,,3,POINT (-73.88625 40.869475),89,66,8966,40.8690242215,-73.886206247,0.050259117206580016
42756130,40.8686182,-73.8814376,,traffic_signals,3,POINT (-73.8814376 40.8686182),89,67,8967,40.8690242215,-73.880661965,0.07932226804248212
42727735,40.8683658,-73.8758879,,,3,POINT (-73.8758879 40.8683658),89,68,8968,40.8690242215,-73.87511768300001,0.09774805410125027
3658615982,40.868484,-73.8693238,,,1,POINT (-73.8693238 40.868484),89,69,8969,40.8690242215,-73.86957340100001,0.06363091783593099
42745436,40.8687667,-73.8643569,,,4,POINT (-73.8643569 40.8687667),89,70,8970,40.8690242215,-73.86402911900001,0.039744572140672875
42769615,40.868571,-73.858571,,,4,POINT (-73.858571 40.868571),89,71,8971,40.8690242215,-73.858484837,0.05091406771739102
42768232,40.869441,-73.852758,,,3,POINT (-73.852758 40.869441),89,72,8972,40.8690242215,-73.852940555,0.048819745117897904
9120082692,40.8689796,-73.8477553,,,3,POINT (-73.8477553 40.8689796),89,73,8973,40.8690242215,-73.847396273,0.030594320340970756
595491229,40.8688383,-73.8423157,,,4,POINT (-73.8423157 40.8688383),89,74,8974,40.8690242215,-73.84185199100001,0.04413327714336014
42747119,40.8693511,-73.8365644,,,4,POINT (-73.8365644 40.8693511),89,75,8975,40.8690242215,-73.83630770900001,0.042272896042361945
472986329,40.8690659,-73.8304349,,traffic_signals,3,POINT (-73.8304349 40.8690659),89,76,8976,40.8690242215,-73.83076342700001,0.028010699929034395
1347317521,40.8694345,-73.8261164,,traffic_signals,4,POINT (-73.8261164 40.8694345),89,77,8977,40.8690242215,-73.825219145,0.08816730594141407
60654254,40.8699708,-73.8200538,,,3,POINT (-73.8200538 40.8699708),89,78,8978,40.8690242215,-73.819674863,0.10997191820736213
60654234,40.8703125,-73.8135718,,,3,POINT (-73.8135718 40.8703125),89,79,8979,40.8690242215,-73.814130581,0.15075875842383102
460512094,40.8692002,-73.8100656,,,3,POINT (-73.8100656 40.8692002),89,80,8980,40.8690242215,-73.80858629900001,0.12591868887855412
42766124,40.867308,-73.800455,,,3,POINT (-73.800455 40.867308),89,81,8981,40.8690242215,-73.80304201700001,0.28937842812031506
775401018,40.869868,-73.798863,,,1,POINT (-73.798863 40.869868),89,82,8982,40.8690242215,-73.79749773500001,0.14826277418608985
42429709,40.873022,-73.918459,,,2,POINT (-73.918459 40.873022),90,60,9060,40.873165438499996,-73.919471939,0.08664975298399752
1544809872,40.8723563,-73.9128142,,traffic_signals,3,POINT (-73.9128142 40.8723563),90,61,9061,40.873165438499996,-73.913927657,0.1298457974406025
42731542,40.8734051,-73.9067173,,traffic_signals,3,POINT (-73.9067173 40.8734051),90,62,9062,40.873165438499996,-73.90838337500001,0.14259753905044073
42743184,40.872502,-73.902146,,,3,POINT (-73.902146 40.872502),90,63,9063,40.873165438499996,-73.90283909300001,0.0940121977385736
7476260863,40.8735263,-73.8982955,,,3,POINT (-73.8982955 40.8735263),90,64,9064,40.873165438499996,-73.89729481100001,0.09321717357807015
42720014,40.874483,-73.8916201,,traffic_signals,3,POINT (-73.8916201 40.874483),90,65,9065,40.873165438499996,-73.891750529,0.1469160224599781
2024825517,40.8733238,-73.8869151,,traffic_signals,3,POINT (-73.8869151 40.8733238),90,66,9066,40.873165438499996,-73.886206247,0.062147961724874946
42754847,40.872891,-73.880693,,traffic_signals,4,POINT (-73.880693 40.872891),90,67,9067,40.873165438499996,-73.880661965,0.030627534445512437
42748933,40.872959,-73.874938,,traffic_signals,4,POINT (-73.874938 40.872959),90,68,9068,40.873165438499996,-73.87511768300001,0.027480521950608783
42739664,40.873261,-73.869296,,,4,POINT (-73.869296 40.873261),90,69,9069,40.873165438499996,-73.86957340100001,0.02563061283150849
42730262,40.872795,-73.86431,,,3,POINT (-73.86431 40.872795),90,70,9070,40.873165438499996,-73.86402911900001,0.0474809974461673
42776611,40.873067,-73.858432,,,4,POINT (-73.858432 40.873067),90,71,9071,40.873165438499996,-73.858484837,0.011813068224261782
42739435,40.872992,-73.852657,,,3,POINT (-73.852657 40.872992),90,72,9072,40.873165438499996,-73.852940555,0.030665204255300893
42736546,40.873881,-73.847792,,,4,POINT (-73.847792 40.873881),90,73,9073,40.873165438499996,-73.847396273,0.08624366581637247
42742903,40.873498,-73.842471,,,1,POINT (-73.842471 40.873498),90,74,9074,40.873165438499996,-73.84185199100001,0.0638461720593325
42757171,40.8734819,-73.8366324,,,4,POINT (-73.8366324 40.8734819),90,75,9075,40.873165438499996,-73.83630770900001,0.0445372615470428
9311575376,40.8721391,-73.8302292,,,2,POINT (-73.8302292 40.8721391),90,76,9076,40.873165438499996,-73.83076342700001,0.12264542441342104
1347130698,40.8736661,-73.8244384,,traffic_signals,4,POINT (-73.8244384 40.8736661),90,77,9077,40.873165438499996,-73.825219145,0.08607333985715981
42756975,40.8726418,-73.8187658,3,motorway_junction,3,POINT (-73.8187658 40.8726418),90,78,9078,40.873165438499996,-73.819674863,0.09608655964158766
8110558725,40.871617,-73.8163163,,,3,POINT (-73.8163163 40.871617),90,79,9079,40.873165438499996,-73.814130581,0.25183427694818933
5771241294,40.8758382,-73.9246902,,,1,POINT (-73.9246902 40.8758382),91,59,9159,40.8773066555,-73.925016221,0.1655695597250331
42733228,40.8772422,-73.9177695,,stop,3,POINT (-73.9177695 40.8772422),91,60,9160,40.8773066555,-73.919471939,0.1433134876280509
1544847111,40.8775096,-73.9144649,,,3,POINT (-73.9144649 40.8775096),91,61,9161,40.8773066555,-73.913927657,0.05049249170324045
42435567,40.8772238,-73.9090578,,traffic_signals,4,POINT (-73.9090578 40.8772238),91,62,9162,40.8773066555,-73.90838337500001,0.057446523473245706
42758777,40.8769437,-73.9033496,,traffic_signals,4,POINT (-73.9033496 40.8769437),91,63,9163,40.8773066555,-73.90283909300001,0.05891591217519238
1544555379,40.8783669,-73.8982599,,traffic_signals,3,POINT (-73.8982599 40.8783669),91,64,9164,40.8773066555,-73.89729481100001,0.1431176520401679
42734008,40.878058,-73.892129,,traffic_signals,3,POINT (-73.892129 40.878058),91,65,9165,40.8773066555,-73.891750529,0.0894002392485276
42733121,40.877241,-73.886575,,,3,POINT (-73.886575 40.877241),91,66,9166,40.8773066555,-73.886206247,0.031851216987195466
42759243,40.878011,-73.880525,,,4,POINT (-73.880525 40.878011),91,67,9167,40.8773066555,-73.880661965,0.07916156815265721
42734124,40.87714,-73.875268,,,3,POINT (-73.875268 40.87714),91,68,9168,40.8773066555,-73.87511768300001,0.022430503011019964
42722702,40.8782251,-73.8697622,,traffic_signals,4,POINT (-73.8697622 40.8782251),91,69,9169,40.8773066555,-73.86957340100001,0.1033525906456505
42746452,40.877525,-73.864424,,,4,POINT (-73.864424 40.877525),91,70,9170,40.8773066555,-73.86402911900001,0.041130218827671795
42758982,40.8768542,-73.8589429,,,3,POINT (-73.8589429 40.8768542),91,71,9171,40.8773066555,-73.858484837,0.0633589852536118
42736953,40.8770727,-73.8525587,,,3,POINT (-73.8525587 40.8770727),91,72,9172,40.8773066555,-73.852940555,0.04132172293513817
42769657,40.876733,-73.847298,,traffic_signals,4,POINT (-73.847298 40.876733),91,73,9173,40.8773066555,-73.847396273,0.06432047276116551
42735230,40.8777329,-73.841786,,,3,POINT (-73.841786 40.8777329),91,74,9174,40.8773066555,-73.84185199100001,0.04771986107087937
1348697756,40.8774618,-73.8365995,,traffic_signals,5,POINT (-73.8365995 40.8774618),91,75,9175,40.8773066555,-73.83630770900001,0.029990887216449345
472981269,40.877942,-73.8317336,,,3,POINT (-73.8317336 40.877942),91,76,9176,40.8773066555,-73.83076342700001,0.10790881728086606
1347131139,40.8772495,-73.825012,,,2,POINT (-73.825012 40.8772495),91,77,9177,40.8773066555,-73.825219145,0.018539283858036965
60654338,40.8757635,-73.8184568,,,3,POINT (-73.8184568 40.8757635),91,78,9178,40.8773066555,-73.819674863,0.19982865848096404
1545196739,40.880517,-73.922354,,,3,POINT (-73.922354 40.880517),92,59,9259,40.8814478725,-73.925016221,0.2465920891189121
2520287889,40.8808487,-73.9191149,,,3,POINT (-73.9191149 40.8808487),92,60,9260,40.8814478725,-73.919471939,0.07307449068318536
42746802,40.8815473,-73.9137892,,,4,POINT (-73.9137892 40.8815473),92,61,9261,40.8814478725,-73.913927657,0.016053808838223948
42757968,40.880819,-73.908399,,traffic_signals,4,POINT (-73.908399 40.880819),92,62,9262,40.8814478725,-73.90838337500001,0.06993976871707723
42732296,40.8816833,-73.902824,,traffic_signals,4,POINT (-73.902824 40.8816833),92,63,9263,40.8814478725,-73.90283909300001,0.0262090770412941
42743238,40.8812508,-73.8965868,,traffic_signals,3,POINT (-73.8965868 40.8812508),92,64,9264,40.8814478725,-73.89729481100001,0.06342862547157326
1543888862,40.8823005,-73.8915109,,traffic_signals,3,POINT (-73.8915109 40.8823005),92,65,9265,40.8814478725,-73.891750529,0.09692458624001413
2348237153,40.8806688,-73.8856649,,traffic_signals,3,POINT (-73.8856649 40.8806688),92,66,9266,40.8814478725,-73.886206247,0.0978564195997503
42750226,40.8814895,-73.8812764,,,3,POINT (-73.8812764 40.8814895),92,67,9267,40.8814478725,-73.880661965,0.05186289942533096
42746487,40.881672,-73.875337,,,3,POINT (-73.875337 40.881672),92,68,9268,40.8814478725,-73.87511768300001,0.031000988614337442
42722093,40.8807192,-73.8691209,,,3,POINT (-73.8691209 40.8807192),92,69,9269,40.8814478725,-73.86957340100001,0.08951096590237334
42769105,40.8814433,-73.8639338,,traffic_signals,4,POINT (-73.8639338 40.8814433),92,70,9270,40.8814478725,-73.86402911900001,0.00802964303088146
42730854,40.881041,-73.857445,,,4,POINT (-73.857445 40.881041),92,71,9271,40.8814478725,-73.858484837,0.09843330058931074
42771157,40.881637,-73.854122,,,4,POINT (-73.854122 40.881637),92,72,9272,40.8814478725,-73.852940555,0.10152663118936515
42762833,40.8815953,-73.8470291,,,4,POINT (-73.8470291 40.8815953),92,73,9273,40.8814478725,-73.847396273,0.03495135115159827
42755077,40.8819405,-73.8421278,,,1,POINT (-73.8421278 40.8819405),92,74,9274,40.8814478725,-73.84185199100001,0.05948316923237458
42744660,40.8819423,-73.8369669,,,3,POINT (-73.8369669 40.8819423),92,75,9275,40.8814478725,-73.83630770900001,0.07806254589945451
42735198,40.8811308,-73.8313987,,,3,POINT (-73.8313987 40.8811308),92,76,9276,40.8814478725,-73.83076342700001,0.06399572885440966
3642961122,40.8816682,-73.8254544,,,1,POINT (-73.8254544 40.8816682),92,77,9277,40.8814478725,-73.825219145,0.031486270241835326
8158870223,40.8811131,-73.8222227,,,1,POINT (-73.8222227 40.8811131),92,78,9278,40.8814478725,-73.819674863,0.2174093821386517
460417281,40.8834726,-73.816077,4A,motorway_junction,3,POINT (-73.816077 40.8834726),92,79,9279,40.8814478725,-73.814130581,0.2783233887467732
42748885,40.8855808,-73.9187665,,,3,POINT (-73.9187665 40.8855808),93,60,9360,40.885589089499994,-73.919471939,0.05931016420249959
721834112,40.8853819,-73.9139345,,,3,POINT (-73.9139345 40.8853819),93,61,9361,40.885589089499994,-73.913927657,0.02304560214579968
42747612,40.885314,-73.90812,,,4,POINT (-73.90812 40.885314),93,62,9362,40.885589089499994,-73.90838337500001,0.037760737542647194
42757684,40.886079,-73.902499,,stop,4,POINT (-73.902499 40.886079),93,63,9363,40.885589089499994,-73.90283909300001,0.06152212298926516
1544574094,40.8856548,-73.8973325,,,3,POINT (-73.8973325 40.8856548),93,64,9364,40.885589089499994,-73.89729481100001,0.007964035239724521
42756629,40.885072,-73.8917623,,,3,POINT (-73.8917623 40.885072),93,65,9365,40.885589089499994,-73.891750529,0.05750624337302059
1543888789,40.8854287,-73.8870224,,,3,POINT (-73.8870224 40.8854287),93,66,9366,40.885589089499994,-73.886206247,0.07089035152646724
42736078,40.8852241,-73.8793752,,traffic_signals,3,POINT (-73.8793752 40.8852241),93,67,9367,40.885589089499994,-73.880661965,0.11553558253469016
42773021,40.884523,-73.877607,,,3,POINT (-73.877607 40.884523),93,68,9368,40.885589089499994,-73.87511768300001,0.24051054775074882
42734422,40.885897,-73.864894,,,3,POINT (-73.864894 40.885897),93,70,9370,40.885589089499994,-73.86402911900001,0.08036457107970081
42762678,40.885481,-73.858373,,,4,POINT (-73.858373 40.885481),93,71,9371,40.885589089499994,-73.858484837,0.015259326938304629
42753578,40.885089,-73.851931,,stop,4,POINT (-73.851931 40.885089),93,72,9372,40.885589089499994,-73.852940555,0.10146389751281083
42765441,40.885618,-73.8483559,,,3,POINT (-73.8483559 40.885618),93,73,9373,40.885589089499994,-73.847396273,0.08073541709740861
1348724180,40.8861671,-73.8415604,,,3,POINT (-73.8415604 40.8861671),93,74,9374,40.885589089499994,-73.84185199100001,0.06878761812654617
2816856909,40.8846798,-73.8358962,,,3,POINT (-73.8358962 40.8846798),93,75,9375,40.885589089499994,-73.83630770900001,0.10686272567133706
1348365628,40.8850193,-73.8302915,,,4,POINT (-73.8302915 40.8850193),93,76,9376,40.885589089499994,-73.83076342700001,0.07475384152630674
42771891,40.8851064,-73.8252604,,,3,POINT (-73.8252604 40.8851064),93,77,9377,40.885589089499994,-73.825219145,0.05378455580445308
42772577,40.8866036,-73.8186625,,,3,POINT (-73.8186625 40.8866036),93,78,9378,40.885589089499994,-73.819674863,0.141309714159741
460418013,40.8863928,-73.8154359,,,3,POINT (-73.8154359 40.8863928),93,79,9379,40.885589089499994,-73.814130581,0.14151936246308505
42753605,40.8891768,-73.9167868,,,1,POINT (-73.9167868 40.8891768),94,60,9460,40.8897303065,-73.919471939,0.2339548649547414
42740386,40.889749,-73.912904,,traffic_signals,4,POINT (-73.912904 40.889749),94,61,9461,40.8897303065,-73.913927657,0.0860738194466867
1580084746,40.8893755,-73.9084853,,,3,POINT (-73.9084853 40.8893755),94,62,9462,40.8897303065,-73.90838337500001,0.04037229544397132
42751426,40.8891637,-73.902812,,traffic_signals,3,POINT (-73.902812 40.8891637),94,63,9463,40.8897303065,-73.90283909300001,0.06304491723324013
2310470900,40.8894533,-73.8981878,,traffic_signals,3,POINT (-73.8981878 40.8894533),94,64,9464,40.8897303065,-73.89729481100001,0.08113869502840076
1570152727,40.8890322,-73.8910207,,,3,POINT (-73.8910207 40.8890322),94,65,9465,40.8897303065,-73.891750529,0.09894232120572037
42737903,40.8901462,-73.8871617,,,3,POINT (-73.8871617 40.8901462),94,66,9466,40.8897303065,-73.886206247,0.0926777252248776
42723680,40.8902859,-73.8792002,,traffic_signals,3,POINT (-73.8792002 40.8902859),94,67,9467,40.8897303065,-73.880661965,0.13753212673249435
3395893125,40.8897168,-73.8638288,,,3,POINT (-73.8638288 40.8897168),94,70,9470,40.8897303065,-73.86402911900001,0.0169056831502997
42765224,40.8898935,-73.8592613,,,4,POINT (-73.8592613 40.8898935),94,71,9471,40.8897303065,-73.858484837,0.06774506894467645
42730809,40.889507,-73.852766,,,4,POINT (-73.852766 40.889507),94,72,9472,40.8897303065,-73.852940555,0.028841934941860155
42741809,40.890222,-73.847414,,,3,POINT (-73.847414 40.890222),94,73,9473,40.8897303065,-73.847396273,0.05469412552342339
42766528,40.890354,-73.841741,,,4,POINT (-73.841741 40.890354),94,74,9474,40.8897303065,-73.84185199100001,0.06997631331846196
1346529277,40.8889425,-73.836425,,traffic_signals,4,POINT (-73.836425 40.8889425),94,75,9475,40.8897303065,-73.83630770900001,0.08815319546511988
42719507,40.889596,-73.830402,,,1,POINT (-73.830402 40.889596),94,76,9476,40.8897303065,-73.83076342700001,0.03385370970485125
1349236069,40.8904276,-73.8273203,,,3,POINT (-73.8273203 40.8904276),94,77,9477,40.8897303065,-73.825219145,0.19289175460216607
854833092,40.8900451,-73.819802,,traffic_signals,5,POINT (-73.819802 40.8900451),94,78,9478,40.8897303065,-73.819674863,0.03659857213694781
42773071,40.8893012,-73.8166445,,,3,POINT (-73.8166445 40.8893012),94,79,9479,40.8897303065,-73.814130581,0.2166408131256667
42749911,40.89221,-73.9168747,,,3,POINT (-73.9168747 40.89221),95,60,9560,40.893871523499996,-73.919471939,0.28599713335225607
2524932645,40.8940522,-73.912994,,,3,POINT (-73.912994 40.8940522),95,61,9561,40.893871523499996,-73.913927657,0.08100903661596487
42763417,40.8935667,-73.9084956,,traffic_signals,4,POINT (-73.9084956 40.8935667),95,62,9562,40.893871523499996,-73.90838337500001,0.03518298227635023
1570455580,40.8941708,-73.9023716,,,1,POINT (-73.9023716 40.8941708),95,63,9563,40.893871523499996,-73.90283909300001,0.051492929120765356
42738082,40.894728,-73.897434,,,1,POINT (-73.897434 40.894728),95,64,9564,40.893871523499996,-73.89729481100001,0.0959517708190308
102989915,40.892748,-73.8841227,13,motorway_junction,3,POINT (-73.8841227 40.892748),95,66,9566,40.893871523499996,-73.886206247,0.21512637665684808
4207768146,40.8943225,-73.880236,,,3,POINT (-73.880236 40.8943225),95,67,9567,40.893871523499996,-73.880661965,0.06161655279312344
42741729,40.895623,-73.875724,,,3,POINT (-73.875724 40.895623),95,68,9568,40.893871523499996,-73.87511768300001,0.20131288206914688
85188060,40.8927027,-73.8639999,,,3,POINT (-73.8639999 40.8927027),95,70,9570,40.893871523499996,-73.86402911900001,0.12999044726111486
42741781,40.8933766,-73.8573397,,traffic_signals,4,POINT (-73.8573397 40.8933766),95,71,9571,40.893871523499996,-73.858484837,0.1108764810709002
42730779,40.893616,-73.852592,,,3,POINT (-73.852592 40.893616),95,72,9572,40.893871523499996,-73.852940555,0.04081243418958926
42747080,40.8944358,-73.8480672,,stop,4,POINT (-73.8480672 40.8944358),95,73,9573,40.893871523499996,-73.847396273,0.08436366195112233
42761912,40.8932864,-73.841916,,,4,POINT (-73.841916 40.8932864),95,74,9574,40.893871523499996,-73.84185199100001,0.0652848441710803
42749396,40.893196,-73.836149,,,3,POINT (-73.836149 40.893196),95,75,9575,40.893871523499996,-73.83630770900001,0.07629020578654507
1825609675,40.897567,-73.9114249,,,3,POINT (-73.9114249 40.897567),96,61,9661,40.89801274049999,-73.913927657,0.21611668907580558
252126584,40.89791,-73.9079021,21,motorway_junction,3,POINT (-73.9079021 40.89791),96,62,9662,40.89801274049999,-73.90838337500001,0.04203327637119667
4612019744,40.898113,-73.9025075,,,1,POINT (-73.9025075 40.898113),96,63,9663,40.89801274049999,-73.90283909300001,0.030017257479994834
42732335,40.8978842,-73.8970201,,,3,POINT (-73.8970201 40.8978842),96,64,9664,40.89801274049999,-73.89729481100001,0.027155301055184464
102974409,40.8997222,-73.8916346,,,3,POINT (-73.8916346 40.8997222),96,65,9665,40.89801274049999,-73.891750529,0.1903327897104893
42722820,40.8979802,-73.8797858,,,3,POINT (-73.8797858 40.8979802),96,67,9667,40.89801274049999,-73.880661965,0.07373017177432291
42735366,40.898162,-73.874811,,,3,POINT (-73.874811 40.898162),96,68,9668,40.89801274049999,-73.87511768300001,0.03065758890197194
42746643,40.897908,-73.87072,,,4,POINT (-73.87072 40.897908),96,69,9669,40.89801274049999,-73.86957340100001,0.09707246352571673
42766671,40.897931,-73.864056,,,4,POINT (-73.864056 40.897931),96,70,9670,40.89801274049999,-73.86402911900001,0.009365728750958622
42735398,40.8982596,-73.857855,,,4,POINT (-73.857855 40.8982596),96,71,9671,40.89801274049999,-73.858484837,0.05963094525588445
42730700,40.897812,-73.852616,,,4,POINT (-73.852616 40.897812),96,72,9672,40.89801274049999,-73.852940555,0.035247300595738995
42730720,40.8988582,-73.8478567,,,4,POINT (-73.8478567 40.8988582),96,73,9673,40.89801274049999,-73.847396273,0.10166416454633362
42777400,40.897462,-73.841592,,,3,POINT (-73.841592 40.897462),96,74,9674,40.89801274049999,-73.84185199100001,0.06502155302429458
1780007596,40.9022297,-73.9148354,,,1,POINT (-73.9148354 40.9022297),97,61,9761,40.9021539575,-73.913927657,0.076754092131859
1819673081,40.9022691,-73.9078633,,,3,POINT (-73.9078633 40.9022691),97,62,9762,40.9021539575,-73.90838337500001,0.04554588981728457
1570028215,40.9023358,-73.9023722,,,1,POINT (-73.9023722 40.9023358),97,63,9763,40.9021539575,-73.90283909300001,0.04414292273512121
42738113,40.902513,-73.897558,,,3,POINT (-73.897558 40.902513),97,64,9764,40.9021539575,-73.89729481100001,0.04564179836369921
65561576,40.9029659,-73.8880983,,motorway_junction,3,POINT (-73.8880983 40.9029659),97,66,9766,40.9021539575,-73.886206247,0.1828580443064394
42760004,40.9035772,-73.8787613,,,3,POINT (-73.8787613 40.9035772),97,67,9767,40.9021539575,-73.880661965,0.22485939057319682
42740658,40.901559,-73.868997,,,3,POINT (-73.868997 40.901559),97,69,9769,40.9021539575,-73.86957340100001,0.08199645472146268
42740663,40.901923,-73.865599,,,4,POINT (-73.865599 40.901923),97,70,9770,40.9021539575,-73.86402911900001,0.1344159549934549
3627604947,40.9011906,-73.857814,,,1,POINT (-73.857814 40.9011906),97,71,9771,40.9021539575,-73.858484837,0.12105185074052344
42776056,40.902486,-73.852504,,,4,POINT (-73.852504 40.902486),97,72,9772,40.9021539575,-73.852940555,0.05205132360738807
42740754,40.9021305,-73.8476392,,,3,POINT (-73.8476392 40.9021305),97,73,9773,40.9021539575,-73.847396273,0.020582584098040646
42718525,40.902646,-73.841792,,,4,POINT (-73.841792 40.902646),97,74,9774,40.9021539575,-73.84185199100001,0.054944448775215815
1780006950,40.9049251,-73.9133286,,,1,POINT (-73.9133286 40.9049251),98,61,9861,40.906295174499995,-73.913927657,0.16044840613399056
1788093512,40.9065438,-73.9081542,,,1,POINT (-73.9081542 40.9065438),98,62,9862,40.906295174499995,-73.90838337500001,0.0336931499517181
42747721,40.906723,-73.903159,,,3,POINT (-73.903159 40.906723),98,63,9863,40.906295174499995,-73.90283909300001,0.05464319997025346
42738125,40.906314,-73.897504,,,4,POINT (-73.897504 40.906314),98,64,9864,40.906295174499995,-73.89729481100001,0.01770423541111853
624260787,40.9077236,-73.8862768,,,3,POINT (-73.8862768 40.9077236),98,66,9866,40.906295174499995,-73.886206247,0.15894429547759645
1367024669,40.905468,-73.877935,,,3,POINT (-73.877935 40.905468),98,67,9867,40.906295174499995,-73.880661965,0.24694161765280218
42753657,40.9067729,-73.852915,,,2,POINT (-73.852915 40.9067729),98,72,9872,40.906295174499995,-73.852940555,0.05316404699772425
42731071,40.905879,-73.847206,,,3,POINT (-73.847206 40.905879),98,73,9873,40.906295174499995,-73.847396273,0.048961282929715584
42748610,40.911337,-73.9065707,,,3,POINT (-73.9065707 40.911337),99,62,9962,40.9104363915,-73.90838337500001,0.1822951699423271
42748701,40.9101111,-73.9032268,,traffic_signals,4,POINT (-73.9032268 40.9101111),99,63,9963,40.9104363915,-73.90283909300001,0.048680777838358426
42767496,40.9103136,-73.8976162,,,3,POINT (-73.8976162 40.9103136),99,64,9964,40.9104363915,-73.89729481100001,0.0302627608351823
